Flow ID,Start Edge ID,End Edge ID,Flow Length,Start From Lat,Start From Lon,Start To Lat,Start To Lon,End From Lat,End From Lon,End To Lat,End To Lon,Random_const,Gamma,Gamma_agg,Gamma_norm,Start Count,End Count
1_1,-25654957#1,-30690505#0,26,41.10163426180409,16.86933420384833,41.10078723952925,16.86923766102467,41.0973344462996,16.866292287099714,41.097319579520544,16.86669277659945,0.8937109552598861,0.03437349827922639,1.0233671122594072,0.03358862901440715,16.0,0.0
1_2,-25654957#1,-30690563#0,26,41.10163426180409,16.86933420384833,41.10078723952925,16.86923766102467,41.09685642664094,16.863488115976995,41.09670645262663,16.863482566280805,0.6754182103238635,0.02597762347399475,1.0233671122594072,0.025384461903061272,16.0,0.0
1_3,-25654957#1,-48563889,25,41.10163426180409,16.86933420384833,41.10078723952925,16.86923766102467,41.0981869982295,16.86245265616856,41.09789524873281,16.86194002501164,0.7840173555070722,0.03136069422028289,1.0233671122594072,0.0306446179915282,16.0,0.0
1_4,-25654957#1,1223049032#2,21,41.10163426180409,16.86933420384833,41.10078723952925,16.86923766102467,41.09900140311453,16.86453218909577,41.098487930276825,16.864507423292036,0.8017171543794601,0.038177007351402864,1.0233671122594072,0.03730529044178,16.0,0.0
1_5,-25654957#1,135067339#2,14,41.10163426180409,16.86933420384833,41.10078723952925,16.86923766102467,41.10200204108037,16.86087883349133,41.102498290143565,16.860899276440428,0.8341353195412876,0.059581094252949114,1.0233671122594072,0.05822064588474508,16.0,0.0
1_6,-25654957#1,151503390#1,28,41.10163426180409,16.86933420384833,41.10078723952925,16.86923766102467,41.09720839325397,16.862527405085252,41.09738830286481,16.86255332618103,0.7176275737199413,0.02562955620428362,1.0233671122594072,0.02504434224752274,16.0,0.0
1_7,-25654957#1,25654957#1,2,41.10163426180409,16.86933420384833,41.10078723952925,16.86923766102467,41.10078723952925,16.86923766102467,41.10163426180409,16.86933420384833,0.6382435108887989,0.31912175544439947,1.0233671122594072,0.31183507034913116,16.0,0.0
1_8,-25654957#1,25748726#4,23,41.10163426180409,16.86933420384833,41.10078723952925,16.86923766102467,41.09886110613235,16.860758953538713,41.09884523887303,16.861517955266983,0.776984137648429,0.03378191902819257,1.0233671122594072,0.03301055762248239,16.0,0.0
1_9,-25654957#1,25748820#3,16,41.10163426180409,16.86933420384833,41.10078723952925,16.86923766102467,41.09927860559117,16.865519653414392,41.09925612994945,16.864799452865125,0.747836452756441,0.04673977829727756,1.0233671122594072,0.04567254286107034,16.0,0.0
1_10,-25654957#1,30671462#5,14,41.10163426180409,16.86933420384833,41.10078723952925,16.86923766102467,41.099072351157446,16.866752896365707,41.09910222740107,16.8672992193472,0.9498745775775018,0.06784818411267869,1.0233671122594072,0.0662989686691048,16.0,0.0
1_11,-25654957#1,30690502#2,27,41.10163426180409,16.86933420384833,41.10078723952925,16.86923766102467,41.09634224775083,16.86572147902634,41.09628283259864,16.865635972974,0.6246201903014571,0.023134081122276186,1.0233671122594072,0.02260584774040703,16.0,0.0
1_12,-25654957#1,30690502#4,27,41.10163426180409,16.86933420384833,41.10078723952925,16.86923766102467,41.0961397861059,16.865625375545516,41.09605786082924,16.865745101775993,0.9374041191866012,0.034718671080985225,1.0233671122594072,0.033925920292995106,16.0,0.0
1_13,-25654957#1,30690502#6,29,41.10163426180409,16.86933420384833,41.10078723952925,16.86923766102467,41.09605276753405,16.865853785979894,41.09634703494554,16.865887477320282,0.6156416518234922,0.021229022476672143,1.0233671122594072,0.020744288361780893,16.0,0.0
1_14,-25654957#1,30690562#1,26,41.10163426180409,16.86933420384833,41.10078723952925,16.86923766102467,41.09685642664094,16.863488115976995,41.09680143358644,16.863646948023916,0.6577421282791173,0.025297774164581434,1.0233671122594072,0.024720135972250055,16.0,0.0
1_15,-25654957#1,30700001#0,15,41.10163426180409,16.86933420384833,41.10078723952925,16.86923766102467,41.102498290143565,16.860899276440428,41.10270204612888,16.861667977530942,0.8582029711652162,0.05721353141101441,1.0233671122594072,0.05590714292615619,16.0,0.0
1_16,-25654957#1,30701540,5,41.10163426180409,16.86933420384833,41.10078723952925,16.86923766102467,41.10229020657099,16.868433397164882,41.102078649965726,16.86921998971464,0.89591460669595,0.17918292133919,1.0233671122594072,0.17509153772157765,16.0,0.0
1_17,-30690562#1,-25586000#4,24,41.09680143358644,16.863646948023916,41.09685642664094,16.863488115976995,41.09729008762724,16.867617476071022,41.09708228313231,16.867651000294053,0.9659247677162347,0.04024686532150978,1.2569150859371667,0.032020353460473716,17.0,0.0
1_18,-30690562#1,-30690505#0,16,41.09680143358644,16.863646948023916,41.09685642664094,16.863488115976995,41.0973344462996,16.866292287099714,41.097319579520544,16.86669277659945,0.5051115598608499,0.03156947249130312,1.2569150859371667,0.025116631063238967,17.0,0.0
1_19,-30690562#1,-30690563#0,2,41.09680143358644,16.863646948023916,41.09685642664094,16.863488115976995,41.09685642664094,16.863488115976995,41.09670645262663,16.863482566280805,0.5063734469205423,0.25318672346027116,1.2569150859371667,0.2014350263538232,17.0,0.0
1_20,-30690562#1,-48563889,19,41.09680143358644,16.863646948023916,41.09685642664094,16.863488115976995,41.0981869982295,16.86245265616856,41.09789524873281,16.86194002501164,0.9028346391410218,0.047517612586369565,1.2569150859371667,0.03780495048393824,17.0,0.0
1_21,-30690562#1,1223049032#2,19,41.09680143358644,16.863646948023916,41.09685642664094,16.863488115976995,41.09900140311453,16.86453218909577,41.098487930276825,16.864507423292036,0.7050206141282054,0.03710634811201081,1.2569150859371667,0.0295217620722119,17.0,0.0
1_22,-30690562#1,135067339#2,28,41.09680143358644,16.863646948023916,41.09685642664094,16.863488115976995,41.10200204108037,16.86087883349133,41.102498290143565,16.860899276440428,0.5851044158980702,0.020896586282073932,1.2569150859371667,0.016625296741102646,17.0,0.0
1_23,-30690562#1,151503390#1,10,41.09680143358644,16.863646948023916,41.09685642664094,16.863488115976995,41.09720839325397,16.862527405085252,41.09738830286481,16.86255332618103,0.71620696248063,0.071620696248063,1.2569150859371667,0.05698133235043638,17.0,0.0
1_24,-30690562#1,25654957#1,31,41.09680143358644,16.863646948023916,41.09685642664094,16.863488115976995,41.10078723952925,16.86923766102467,41.10163426180409,16.86933420384833,0.8131292001418697,0.02622997419812483,1.2569150859371667,0.02086853319814165,17.0,0.0
1_25,-30690562#1,25748726#4,21,41.09680143358644,16.863646948023916,41.09685642664094,16.863488115976995,41.09886110613235,16.860758953538713,41.09884523887303,16.861517955266983,0.8419151355108344,0.04009119692908735,1.2569150859371667,0.031896503890869454,17.0,0.0
1_26,-30690562#1,25748820#3,18,41.09680143358644,16.863646948023916,41.09685642664094,16.863488115976995,41.09927860559117,16.865519653414392,41.09925612994945,16.864799452865125,0.6201140142475088,0.03445077856930604,1.2569150859371667,0.027408994413985605,17.0,0.0
1_27,-30690562#1,30671462#5,20,41.09680143358644,16.863646948023916,41.09685642664094,16.863488115976995,41.099072351157446,16.866752896365707,41.09910222740107,16.8672992193472,0.7510749724834476,0.03755374862417238,1.2569150859371667,0.029877713335083395,17.0,0.0
1_28,-30690562#1,30690502#2,15,41.09680143358644,16.863646948023916,41.09685642664094,16.863488115976995,41.09634224775083,16.86572147902634,41.09628283259864,16.865635972974,0.7673330126121445,0.051155534174142966,1.2569150859371667,0.04069927614561246,17.0,0.0
1_29,-30690562#1,30690502#4,11,41.09680143358644,16.863646948023916,41.09685642664094,16.863488115976995,41.0961397861059,16.865625375545516,41.09605786082924,16.865745101775993,0.9027847337131181,0.08207133942846528,1.2569150859371667,0.06529585040923602,17.0,0.0
1_30,-30690562#1,30690502#6,13,41.09680143358644,16.863646948023916,41.09685642664094,16.863488115976995,41.09605276753405,16.865853785979894,41.09634703494554,16.865887477320282,0.8961865362682107,0.06893742586678545,1.2569150859371667,0.054846525941237394,17.0,0.0
1_31,-30690562#1,30690562#1,2,41.09680143358644,16.863646948023916,41.09685642664094,16.863488115976995,41.09685642664094,16.863488115976995,41.09680143358644,16.863646948023916,0.7396143931704076,0.3698071965852038,1.2569150859371667,0.2942181223876968,17.0,0.0
1_32,-30690562#1,30700001#0,29,41.09680143358644,16.863646948023916,41.09685642664094,16.863488115976995,41.102498290143565,16.860899276440428,41.10270204612888,16.861667977530942,0.6163599237240189,0.02125379047324203,1.2569150859371667,0.016909487928848447,17.0,0.0
1_33,-30690562#1,30701540,32,41.09680143358644,16.863646948023916,41.09685642664094,16.863488115976995,41.10229020657099,16.868433397164882,41.102078649965726,16.86921998971464,0.7430334907851306,0.02321979658703533,1.2569150859371667,0.01847363982406373,17.0,0.0
1_34,-30701540,-25586000#4,21,41.102078649965726,16.86921998971464,41.10229020657099,16.868433397164882,41.09729008762724,16.867617476071022,41.09708228313231,16.867651000294053,0.9678488725415384,0.046088041549597066,0.9373549663654237,0.049168184096044835,17.0,0.0
1_35,-30701540,-30690505#0,31,41.102078649965726,16.86921998971464,41.10229020657099,16.868433397164882,41.0973344462996,16.866292287099714,41.097319579520544,16.86669277659945,0.6031861314444265,0.019457617143368595,0.9373549663654237,0.02075800293544626,17.0,0.0
1_36,-30701540,-30690563#0,31,41.102078649965726,16.86921998971464,41.10229020657099,16.868433397164882,41.09685642664094,16.863488115976995,41.09670645262663,16.863482566280805,0.8067773852914355,0.026025076944885015,0.9373549663654237,0.027764377294331476,17.0,0.0
1_37,-30701540,-48563889,30,41.102078649965726,16.86921998971464,41.10229020657099,16.868433397164882,41.0981869982295,16.86245265616856,41.09789524873281,16.86194002501164,0.5897005356716809,0.01965668452238936,0.9373549663654237,0.02097037432746293,17.0,0.0
1_38,-30701540,1223049032#2,26,41.102078649965726,16.86921998971464,41.10229020657099,16.868433397164882,41.09900140311453,16.86453218909577,41.098487930276825,16.864507423292036,0.6504738694543291,0.025018225748243427,0.9373549663654237,0.026690236512269337,17.0,0.0
1_39,-30701540,135067339#2,18,41.102078649965726,16.86921998971464,41.10229020657099,16.868433397164882,41.10200204108037,16.86087883349133,41.102498290143565,16.860899276440428,0.8706126881696901,0.04836737156498278,0.9373549663654237,0.05159984563001395,17.0,0.0
1_40,-30701540,151503390#1,33,41.102078649965726,16.86921998971464,41.10229020657099,16.868433397164882,41.09720839325397,16.862527405085252,41.09738830286481,16.86255332618103,0.5712286730301699,0.017309959788793027,0.9373549663654237,0.01846681397113846,17.0,0.0
1_41,-30701540,25654957#1,5,41.102078649965726,16.86921998971464,41.10229020657099,16.868433397164882,41.10078723952925,16.86923766102467,41.10163426180409,16.86933420384833,0.9344744192094944,0.1868948838418989,0.9373549663654237,0.19938538819139168,17.0,0.0
1_42,-30701540,25748726#4,28,41.102078649965726,16.86921998971464,41.10229020657099,16.868433397164882,41.09886110613235,16.860758953538713,41.09884523887303,16.861517955266983,0.9403786345068665,0.03358495123238809,0.9373549663654237,0.03582949089458939,17.0,0.0
1_43,-30701540,25748820#3,21,41.102078649965726,16.86921998971464,41.10229020657099,16.868433397164882,41.09927860559117,16.865519653414392,41.09925612994945,16.864799452865125,0.6466701737605677,0.030793817798122267,0.9373549663654237,0.03285182124497053,17.0,0.0
1_44,-30701540,30671462#5,19,41.102078649965726,16.86921998971464,41.10229020657099,16.868433397164882,41.099072351157446,16.866752896365707,41.09910222740107,16.8672992193472,0.5914005592384699,0.031126345223077362,0.9373549663654237,0.03320657204577385,17.0,0.0
1_45,-30701540,30690502#2,32,41.102078649965726,16.86921998971464,41.10229020657099,16.868433397164882,41.09634224775083,16.86572147902634,41.09628283259864,16.865635972974,0.9694239920964015,0.030294499753012547,0.9373549663654237,0.032319132921948344,17.0,0.0
1_46,-30701540,30690502#4,32,41.102078649965726,16.86921998971464,41.10229020657099,16.868433397164882,41.0961397861059,16.865625375545516,41.09605786082924,16.865745101775993,0.7367416699967331,0.02302317718739791,0.9373549663654237,0.024561855448069846,17.0,0.0
1_47,-30701540,30690502#6,34,41.102078649965726,16.86921998971464,41.10229020657099,16.868433397164882,41.09605276753405,16.865853785979894,41.09634703494554,16.865887477320282,0.6938708368716553,0.020407965790342802,0.9373549663654237,0.021771865005926525,17.0,0.0
1_48,-30701540,30690562#1,31,41.102078649965726,16.86921998971464,41.10229020657099,16.868433397164882,41.09685642664094,16.863488115976995,41.09680143358644,16.863646948023916,0.8158915683012139,0.026319082848426253,0.9373549663654237,0.02807803211464063,17.0,0.0
1_49,-30701540,30700001#0,19,41.102078649965726,16.86921998971464,41.10229020657099,16.868433397164882,41.102498290143565,16.860899276440428,41.10270204612888,16.861667977530942,0.5352256164871068,0.02816976928879509,0.9373549663654237,0.030052403091246044,17.0,0.0
1_50,-30701540,30701540,2,41.102078649965726,16.86921998971464,41.10229020657099,16.868433397164882,41.10229020657099,16.868433397164882,41.102078649965726,16.86921998971464,0.6496349922794065,0.32481749613970323,0.9373549663654237,0.34652560427473594,17.0,0.0
1_51,135067339#2,-25586000#4,27,41.10200204108037,16.86087883349133,41.102498290143565,16.860899276440428,41.09729008762724,16.867617476071022,41.09708228313231,16.867651000294053,0.5085885821740614,0.018836614154594866,1.1140588411638528,0.01690809628593435,16.0,22.0
1_52,135067339#2,-30690505#0,17,41.10200204108037,16.86087883349133,41.102498290143565,16.860899276440428,41.0973344462996,16.866292287099714,41.097319579520544,16.86669277659945,0.6923784845950368,0.040728146152649226,1.1140588411638528,0.03655834382149932,16.0,22.0
1_53,135067339#2,-30690563#0,17,41.10200204108037,16.86087883349133,41.102498290143565,16.860899276440428,41.09685642664094,16.863488115976995,41.09670645262663,16.863482566280805,0.6140371794116992,0.03611983408304113,1.1140588411638528,0.03242183693395125,16.0,22.0
1_54,135067339#2,-48563889,16,41.10200204108037,16.86087883349133,41.102498290143565,16.860899276440428,41.0981869982295,16.86245265616856,41.09789524873281,16.86194002501164,0.9734753177219114,0.060842207357619464,1.1140588411638528,0.05461310041223483,16.0,22.0
1_55,135067339#2,1223049032#2,12,41.10200204108037,16.86087883349133,41.102498290143565,16.860899276440428,41.09900140311453,16.86453218909577,41.098487930276825,16.864507423292036,0.5873897080195827,0.04894914233496522,1.1140588411638528,0.04393766336778787,16.0,22.0
1_56,135067339#2,151503390#1,19,41.10200204108037,16.86087883349133,41.102498290143565,16.860899276440428,41.09720839325397,16.862527405085252,41.09738830286481,16.86255332618103,0.8330565998255877,0.043845084201346717,1.1140588411638528,0.03935616556441663,16.0,22.0
1_57,135067339#2,25654957#1,19,41.10200204108037,16.86087883349133,41.102498290143565,16.860899276440428,41.10078723952925,16.86923766102467,41.10163426180409,16.86933420384833,0.5481407916645065,0.028849515350763497,1.1140588411638528,0.025895863202902752,16.0,22.0
1_58,135067339#2,25748726#4,14,41.10200204108037,16.86087883349133,41.102498290143565,16.860899276440428,41.09886110613235,16.860758953538713,41.09884523887303,16.861517955266983,0.6401660302200516,0.045726145015717964,1.1140588411638528,0.04104464084495577,16.0,22.0
1_59,135067339#2,25748820#3,17,41.10200204108037,16.86087883349133,41.102498290143565,16.860899276440428,41.09927860559117,16.865519653414392,41.09925612994945,16.864799452865125,0.637391975988482,0.037493645646381295,1.1140588411638528,0.03365499582339101,16.0,22.0
1_60,135067339#2,30671462#5,25,41.10200204108037,16.86087883349133,41.102498290143565,16.860899276440428,41.099072351157446,16.866752896365707,41.09910222740107,16.8672992193472,0.6830327654533805,0.02732131061813522,1.1140588411638528,0.024524118124310882,16.0,22.0
1_61,135067339#2,30690502#2,18,41.10200204108037,16.86087883349133,41.102498290143565,16.860899276440428,41.09634224775083,16.86572147902634,41.09628283259864,16.865635972974,0.6353901832808871,0.03529945462671595,1.1140588411638528,0.03168544902874138,16.0,22.0
1_62,135067339#2,30690502#4,18,41.10200204108037,16.86087883349133,41.102498290143565,16.860899276440428,41.0961397861059,16.865625375545516,41.09605786082924,16.865745101775993,0.7199085409154471,0.039994918939747055,1.1140588411638528,0.03590018539592085,16.0,22.0
1_63,135067339#2,30690502#6,20,41.10200204108037,16.86087883349133,41.102498290143565,16.860899276440428,41.09605276753405,16.865853785979894,41.09634703494554,16.865887477320282,0.645715500359881,0.03228577501799405,1.1140588411638528,0.028980313987962462,16.0,22.0
1_64,135067339#2,30690562#1,17,41.10200204108037,16.86087883349133,41.102498290143565,16.860899276440428,41.09685642664094,16.863488115976995,41.09680143358644,16.863646948023916,0.6771553597749628,0.03983266822205663,1.1140588411638528,0.03575454612473036,16.0,22.0
1_65,135067339#2,30700001#0,2,41.10200204108037,16.86087883349133,41.102498290143565,16.860899276440428,41.102498290143565,16.860899276440428,41.10270204612888,16.861667977530942,0.967553476027992,0.483776738013996,1.1140588411638528,0.43424702550593863,16.0,22.0
1_66,135067339#2,30701540,10,41.10200204108037,16.86087883349133,41.102498290143565,16.860899276440428,41.10229020657099,16.868433397164882,41.102078649965726,16.86921998971464,0.9415764142812857,0.09415764142812857,1.1140588411638528,0.08451765557532173,16.0,22.0
1_67,151503390#1,-25586000#4,29,41.09720839325397,16.862527405085252,41.09738830286481,16.86255332618103,41.09729008762724,16.867617476071022,41.09708228313231,16.867651000294053,0.8612311581025749,0.0296976261414681,0.5898086098419063,0.05035129302271176,16.0,22.0
1_68,151503390#1,-30690505#0,21,41.09720839325397,16.862527405085252,41.09738830286481,16.86255332618103,41.0973344462996,16.866292287099714,41.097319579520544,16.86669277659945,0.7944807977123864,0.03783241893868507,0.5898086098419063,0.06414355149685888,16.0,22.0
1_69,151503390#1,-30690563#0,9,41.09720839325397,16.862527405085252,41.09738830286481,16.86255332618103,41.09685642664094,16.863488115976995,41.09670645262663,16.863482566280805,0.5239633206146002,0.05821814673495557,0.5898086098419063,0.09870684449750657,16.0,22.0
1_70,151503390#1,-48563889,24,41.09720839325397,16.862527405085252,41.09738830286481,16.86255332618103,41.0981869982295,16.86245265616856,41.09789524873281,16.86194002501164,0.7823131114375299,0.03259637964323041,0.5898086098419063,0.055266028842759045,16.0,22.0
1_71,151503390#1,1223049032#2,24,41.09720839325397,16.862527405085252,41.09738830286481,16.86255332618103,41.09900140311453,16.86453218909577,41.098487930276825,16.864507423292036,0.9591053855400654,0.03996272439750272,0.5898086098419063,0.06775541036644823,16.0,22.0
1_72,151503390#1,135067339#2,33,41.09720839325397,16.862527405085252,41.09738830286481,16.86255332618103,41.10200204108037,16.86087883349133,41.102498290143565,16.860899276440428,0.6898868146780014,0.02090566105084853,0.5898086098419063,0.03544482176421964,16.0,22.0
1_73,151503390#1,25654957#1,36,41.09720839325397,16.862527405085252,41.09738830286481,16.86255332618103,41.10078723952925,16.86923766102467,41.10163426180409,16.86933420384833,0.652213810252378,0.018117050284788275,0.5898086098419063,0.03071682912469591,16.0,22.0
1_74,151503390#1,25748726#4,26,41.09720839325397,16.862527405085252,41.09738830286481,16.86255332618103,41.09886110613235,16.860758953538713,41.09884523887303,16.861517955266983,0.9130249156865483,0.035116342911021094,0.5898086098419063,0.05953853898544099,16.0,22.0
1_75,151503390#1,25748820#3,23,41.09720839325397,16.862527405085252,41.09738830286481,16.86255332618103,41.09927860559117,16.865519653414392,41.09925612994945,16.864799452865125,0.8941231338065818,0.03887491886115573,0.5898086098419063,0.06591107388475705,16.0,22.0
1_76,151503390#1,30671462#5,25,41.09720839325397,16.862527405085252,41.09738830286481,16.86255332618103,41.099072351157446,16.866752896365707,41.09910222740107,16.8672992193472,0.529082735636281,0.021163309425451242,0.5898086098419063,0.03588165562914367,16.0,22.0
1_77,151503390#1,30690502#2,20,41.09720839325397,16.862527405085252,41.09738830286481,16.86255332618103,41.09634224775083,16.86572147902634,41.09628283259864,16.865635972974,0.5823393931689631,0.029116969658448157,0.5898086098419063,0.04936681013566882,16.0,22.0
1_78,151503390#1,30690502#4,16,41.09720839325397,16.862527405085252,41.09738830286481,16.86255332618103,41.0961397861059,16.865625375545516,41.09605786082924,16.865745101775993,0.9771781146193304,0.06107363216370815,0.5898086098419063,0.10354822080348822,16.0,22.0
1_79,151503390#1,30690502#6,18,41.09720839325397,16.862527405085252,41.09738830286481,16.86255332618103,41.09605276753405,16.865853785979894,41.09634703494554,16.865887477320282,0.8918605092756422,0.049547806070869005,0.5898086098419063,0.08400658322731151,16.0,22.0
1_80,151503390#1,30690562#1,9,41.09720839325397,16.862527405085252,41.09738830286481,16.86255332618103,41.09685642664094,16.863488115976995,41.09680143358644,16.863646948023916,0.7192018787714891,0.07991131986349878,0.5898086098419063,0.1354868656205585,16.0,22.0
1_81,151503390#1,30700001#0,34,41.09720839325397,16.862527405085252,41.09738830286481,16.86255332618103,41.102498290143565,16.860899276440428,41.10270204612888,16.861667977530942,0.6765989407061492,0.019899968844298507,0.5898086098419063,0.03373970557946338,16.0,22.0
1_82,151503390#1,30701540,37,41.09720839325397,16.862527405085252,41.09738830286481,16.86255332618103,41.10229020657099,16.868433397164882,41.102078649965726,16.86921998971464,0.6576503895231458,0.017774334851976915,0.5898086098419063,0.030135767018967714,16.0,22.0
1_83,151503390#3,-25586000#4,27,41.09747620861241,16.86257045590178,41.09756892310376,16.862579862872877,41.09729008762724,16.867617476071022,41.09708228313231,16.867651000294053,0.6546135212574684,0.02424494523175809,0.8346813352923124,0.029046947866957284,17.0,0.0
1_84,151503390#3,-30690505#0,19,41.09747620861241,16.86257045590178,41.09756892310376,16.862579862872877,41.0973344462996,16.866292287099714,41.097319579520544,16.86669277659945,0.7723039672408574,0.040647577223203016,0.8346813352923124,0.048698318153919055,17.0,0.0
1_85,151503390#3,-30690563#0,7,41.09747620861241,16.86257045590178,41.09756892310376,16.862579862872877,41.09685642664094,16.863488115976995,41.09670645262663,16.863482566280805,0.8481154761495486,0.1211593537356498,0.8346813352923124,0.14515641911798446,17.0,0.0
1_86,151503390#3,-48563889,22,41.09747620861241,16.86257045590178,41.09756892310376,16.862579862872877,41.0981869982295,16.86245265616856,41.09789524873281,16.86194002501164,0.8190101672970781,0.037227734877139915,0.8346813352923124,0.0446011349518226,17.0,0.0
1_87,151503390#3,1223049032#2,22,41.09747620861241,16.86257045590178,41.09756892310376,16.862579862872877,41.09900140311453,16.86453218909577,41.098487930276825,16.864507423292036,0.5019206890898014,0.022814576776809155,0.8346813352923124,0.027333277757815563,17.0,0.0
1_88,151503390#3,135067339#2,31,41.09747620861241,16.86257045590178,41.09756892310376,16.862579862872877,41.10200204108037,16.86087883349133,41.102498290143565,16.860899276440428,0.8740283828538417,0.02819446396302715,0.8346813352923124,0.03377871622486109,17.0,0.0
1_89,151503390#3,151503390#1,5,41.09747620861241,16.86257045590178,41.09756892310376,16.862579862872877,41.09720839325397,16.862527405085252,41.09738830286481,16.86255332618103,0.5427508815810622,0.10855017631621244,0.8346813352923124,0.1300498426482692,17.0,0.0
1_90,151503390#3,25654957#1,34,41.09747620861241,16.86257045590178,41.09756892310376,16.862579862872877,41.10078723952925,16.86923766102467,41.10163426180409,16.86933420384833,0.584287774635433,0.01718493454810097,0.8346813352923124,0.020588617262038887,17.0,0.0
1_91,151503390#3,25748726#4,24,41.09747620861241,16.86257045590178,41.09756892310376,16.862579862872877,41.09886110613235,16.860758953538713,41.09884523887303,16.861517955266983,0.5584411112303607,0.02326837963459836,0.8346813352923124,0.027876961722702927,17.0,0.0
1_92,151503390#3,25748820#3,21,41.09747620861241,16.86257045590178,41.09756892310376,16.862579862872877,41.09927860559117,16.865519653414392,41.09925612994945,16.864799452865125,0.7902456072074555,0.037630743200355025,0.8346813352923124,0.045083963914415826,17.0,0.0
1_93,151503390#3,30671462#5,23,41.09747620861241,16.86257045590178,41.09756892310376,16.862579862872877,41.099072351157446,16.866752896365707,41.09910222740107,16.8672992193472,0.9437073184492502,0.04103075297605435,0.8346813352923124,0.04915738646735768,17.0,0.0
1_94,151503390#3,30690502#2,18,41.09747620861241,16.86257045590178,41.09756892310376,16.862579862872877,41.09634224775083,16.86572147902634,41.09628283259864,16.865635972974,0.9764433773505381,0.054246854297252116,0.8346813352923124,0.06499109540799114,17.0,0.0
1_95,151503390#3,30690502#4,14,41.09747620861241,16.86257045590178,41.09756892310376,16.862579862872877,41.0961397861059,16.865625375545516,41.09605786082924,16.865745101775993,0.8703999498815769,0.0621714249915412,0.8346813352923124,0.07448522251880503,17.0,0.0
1_96,151503390#3,30690502#6,16,41.09747620861241,16.86257045590178,41.09756892310376,16.862579862872877,41.09605276753405,16.865853785979894,41.09634703494554,16.865887477320282,0.9431703592250039,0.058948147451562745,0.8346813352923124,0.07062353614378906,17.0,0.0
1_97,151503390#3,30690562#1,7,41.09747620861241,16.86257045590178,41.09756892310376,16.862579862872877,41.09685642664094,16.863488115976995,41.09680143358644,16.863646948023916,0.7313074602098284,0.10447249431568977,0.8346813352923124,0.12516452674612955,17.0,0.0
1_98,151503390#3,30700001#0,32,41.09747620861241,16.86257045590178,41.09756892310376,16.862579862872877,41.102498290143565,16.860899276440428,41.10270204612888,16.861667977530942,0.9620063827643424,0.0300626994613857,0.8346813352923124,0.036016978205050544,17.0,0.0
1_99,151503390#3,30701540,35,41.09747620861241,16.86257045590178,41.09756892310376,16.862579862872877,41.10229020657099,16.868433397164882,41.102078649965726,16.86921998971464,0.7989126702190392,0.022826076291972548,0.8346813352923124,0.027347054890090077,17.0,0.0
1_100,25586000#4,-25586000#4,4,41.09708228313231,16.867651000294053,41.09729008762724,16.867617476071022,41.09729008762724,16.867617476071022,41.09708228313231,16.867651000294053,0.8015660774239927,0.20039151935599817,0.882457202155751,0.22708355585569767,17.0,0.0
1_101,25586000#4,-30690505#0,20,41.09708228313231,16.867651000294053,41.09729008762724,16.867617476071022,41.0973344462996,16.866292287099714,41.097319579520544,16.86669277659945,0.7553720472115014,0.037768602360575075,0.882457202155751,0.04279935873185727,17.0,0.0
1_102,25586000#4,-30690563#0,20,41.09708228313231,16.867651000294053,41.09729008762724,16.867617476071022,41.09685642664094,16.863488115976995,41.09670645262663,16.863482566280805,0.6163814959028051,0.030819074795140258,0.882457202155751,0.034924158043984986,17.0,0.0
1_103,25586000#4,-48563889,19,41.09708228313231,16.867651000294053,41.09729008762724,16.867617476071022,41.0981869982295,16.86245265616856,41.09789524873281,16.86194002501164,0.5085027613170447,0.02676330322721288,0.882457202155751,0.030328160008024095,17.0,0.0
1_104,25586000#4,1223049032#2,15,41.09708228313231,16.867651000294053,41.09729008762724,16.867617476071022,41.09900140311453,16.86453218909577,41.098487930276825,16.864507423292036,0.7959510533993729,0.05306340355995819,0.882457202155751,0.060131418759266544,17.0,0.0
1_105,25586000#4,135067339#2,24,41.09708228313231,16.867651000294053,41.09729008762724,16.867617476071022,41.10200204108037,16.86087883349133,41.102498290143565,16.860899276440428,0.7079399344730026,0.02949749726970844,0.882457202155751,0.033426547143191904,17.0,0.0
1_106,25586000#4,151503390#1,22,41.09708228313231,16.867651000294053,41.09729008762724,16.867617476071022,41.09720839325397,16.862527405085252,41.09738830286481,16.86255332618103,0.9137290240609939,0.041533137457317904,0.882457202155751,0.047065327764175734,17.0,0.0
1_107,25586000#4,25654957#1,17,41.09708228313231,16.867651000294053,41.09729008762724,16.867617476071022,41.10078723952925,16.86923766102467,41.10163426180409,16.86933420384833,0.824025073083898,0.04847206312258224,0.882457202155751,0.05492851438479967,17.0,0.0
1_108,25586000#4,25748726#4,17,41.09708228313231,16.867651000294053,41.09729008762724,16.867617476071022,41.09886110613235,16.860758953538713,41.09884523887303,16.861517955266983,0.6185979676433663,0.036388115743727426,0.882457202155751,0.04123499208214863,17.0,0.0
1_109,25586000#4,25748820#3,10,41.09708228313231,16.867651000294053,41.09729008762724,16.867617476071022,41.09927860559117,16.865519653414392,41.09925612994945,16.864799452865125,0.6623536630679303,0.06623536630679304,0.882457202155751,0.07505787945861504,17.0,0.0
1_110,25586000#4,30671462#5,8,41.09708228313231,16.867651000294053,41.09729008762724,16.867617476071022,41.099072351157446,16.866752896365707,41.09910222740107,16.8672992193472,0.7851085805929995,0.09813857257412494,0.882457202155751,0.11121057467079722,17.0,0.0
1_111,25586000#4,30690502#2,21,41.09708228313231,16.867651000294053,41.09729008762724,16.867617476071022,41.09634224775083,16.86572147902634,41.09628283259864,16.865635972974,0.9250094051236954,0.04404806691065216,0.882457202155751,0.04991524439150967,17.0,0.0
1_112,25586000#4,30690502#4,21,41.09708228313231,16.867651000294053,41.09729008762724,16.867617476071022,41.0961397861059,16.865625375545516,41.09605786082924,16.865745101775993,0.8375434702015639,0.03988302239055066,0.882457202155751,0.0451954183082427,17.0,0.0
1_113,25586000#4,30690502#6,23,41.09708228313231,16.867651000294053,41.09729008762724,16.867617476071022,41.09605276753405,16.865853785979894,41.09634703494554,16.865887477320282,0.7309023867586344,0.031778364641679754,0.882457202155751,0.036011224752938185,17.0,0.0
1_114,25586000#4,30690562#1,20,41.09708228313231,16.867651000294053,41.09729008762724,16.867617476071022,41.09685642664094,16.863488115976995,41.09680143358644,16.863646948023916,0.7669100662914359,0.038345503314571795,0.882457202155751,0.043453102565085,17.0,0.0
1_115,25586000#4,30700001#0,25,41.09708228313231,16.867651000294053,41.09729008762724,16.867617476071022,41.102498290143565,16.860899276440428,41.10270204612888,16.861667977530942,0.5629960060281498,0.022519840241125993,0.882457202155751,0.02551947016366615,17.0,0.0
1_116,25586000#4,30701540,18,41.09708228313231,16.867651000294053,41.09729008762724,16.867617476071022,41.10229020657099,16.868433397164882,41.102078649965726,16.86921998971464,0.6626114799125775,0.03681174888403208,0.882457202155751,0.04171505291599957,17.0,0.0
1_117,25748726#6,-25586000#4,15,41.0989200098838,16.863439173864425,41.09895558773447,16.86380668798977,41.09729008762724,16.867617476071022,41.09708228313231,16.867651000294053,0.8103708752948551,0.054024725019657,1.310253331432817,0.04123227449502356,17.0,0.0
1_118,25748726#6,-30690505#0,9,41.0989200098838,16.863439173864425,41.09895558773447,16.86380668798977,41.0973344462996,16.866292287099714,41.097319579520544,16.86669277659945,0.5618735114368576,0.06243039015965084,1.310253331432817,0.04764757216177469,17.0,0.0
1_119,25748726#6,-30690563#0,9,41.0989200098838,16.863439173864425,41.09895558773447,16.86380668798977,41.09685642664094,16.863488115976995,41.09670645262663,16.863482566280805,0.6238628121866041,0.06931809024295602,1.310253331432817,0.05290434191619553,17.0,0.0
1_120,25748726#6,-48563889,7,41.0989200098838,16.863439173864425,41.09895558773447,16.86380668798977,41.0981869982295,16.86245265616856,41.09789524873281,16.86194002501164,0.7735059535725533,0.11050085051036475,1.310253331432817,0.08433548525270868,17.0,0.0
1_121,25748726#6,1223049032#2,4,41.0989200098838,16.863439173864425,41.09895558773447,16.86380668798977,41.09900140311453,16.86453218909577,41.098487930276825,16.864507423292036,0.7720277876123373,0.19300694690308431,1.310253331432817,0.14730506099307003,17.0,0.0
1_122,25748726#6,135067339#2,19,41.0989200098838,16.863439173864425,41.09895558773447,16.86380668798977,41.10200204108037,16.86087883349133,41.102498290143565,16.860899276440428,0.8009808921555313,0.04215688906081743,1.310253331432817,0.032174609328958624,17.0,0.0
1_123,25748726#6,151503390#1,11,41.0989200098838,16.863439173864425,41.09895558773447,16.86380668798977,41.09720839325397,16.862527405085252,41.09738830286481,16.86255332618103,0.9148503311109637,0.08316821191917852,1.310253331432817,0.06347490971706256,17.0,0.0
1_124,25748726#6,25654957#1,22,41.0989200098838,16.863439173864425,41.09895558773447,16.86380668798977,41.10078723952925,16.86923766102467,41.10163426180409,16.86933420384833,0.5330601136757565,0.02423000516707984,1.310253331432817,0.01849261099804517,17.0,0.0
1_125,25748726#6,25748726#4,5,41.0989200098838,16.863439173864425,41.09895558773447,16.86380668798977,41.09886110613235,16.860758953538713,41.09884523887303,16.861517955266983,0.6106990174571976,0.12213980349143952,1.310253331432817,0.0932184643696914,17.0,0.0
1_126,25748726#6,25748820#3,9,41.0989200098838,16.863439173864425,41.09895558773447,16.86380668798977,41.09927860559117,16.865519653414392,41.09925612994945,16.864799452865125,0.7045796220297194,0.07828662466996882,1.310253331432817,0.059749227719466357,17.0,0.0
1_127,25748726#6,30671462#5,11,41.0989200098838,16.863439173864425,41.09895558773447,16.86380668798977,41.099072351157446,16.866752896365707,41.09910222740107,16.8672992193472,0.912045280070563,0.08291320727914209,1.310253331432817,0.06328028732311866,17.0,0.0
1_128,25748726#6,30690502#2,10,41.0989200098838,16.863439173864425,41.09895558773447,16.86380668798977,41.09634224775083,16.86572147902634,41.09628283259864,16.865635972974,0.9877153536772266,0.09877153536772267,1.310253331432817,0.07538354072316064,17.0,0.0
1_129,25748726#6,30690502#4,10,41.0989200098838,16.863439173864425,41.09895558773447,16.86380668798977,41.0961397861059,16.865625375545516,41.09605786082924,16.865745101775993,0.7849868012536727,0.07849868012536727,1.310253331432817,0.05991107081523362,17.0,0.0
1_130,25748726#6,30690502#6,12,41.0989200098838,16.863439173864425,41.09895558773447,16.86380668798977,41.09605276753405,16.865853785979894,41.09634703494554,16.865887477320282,0.9875481231435247,0.08229567692862705,1.310253331432817,0.06280898125146019,17.0,0.0
1_131,25748726#6,30690562#1,9,41.0989200098838,16.863439173864425,41.09895558773447,16.86380668798977,41.09685642664094,16.863488115976995,41.09680143358644,16.863646948023916,0.6131437616756885,0.06812708463063205,1.310253331432817,0.05199535310941146,17.0,0.0
1_132,25748726#6,30700001#0,20,41.0989200098838,16.863439173864425,41.09895558773447,16.86380668798977,41.102498290143565,16.860899276440428,41.10270204612888,16.861667977530942,0.6101287816035185,0.030506439080175925,1.310253331432817,0.023282855573292724,17.0,0.0
1_133,25748726#6,30701540,23,41.0989200098838,16.863439173864425,41.09895558773447,16.86380668798977,41.10229020657099,16.868433397164882,41.102078649965726,16.86921998971464,0.6871979301699207,0.02987817087695307,1.310253331432817,0.02280335425232618,17.0,0.0
1_134,25748820#1,-25586000#4,9,41.09935383789113,16.867280508752753,41.099312227748094,16.866307685062647,41.09729008762724,16.867617476071022,41.09708228313231,16.867651000294053,0.8556967375723701,0.0950774152858189,1.0722705371731058,0.08866924156703723,17.0,0.0
1_135,25748820#1,-30690505#0,15,41.09935383789113,16.867280508752753,41.099312227748094,16.866307685062647,41.0973344462996,16.866292287099714,41.097319579520544,16.86669277659945,0.9370011153213225,0.062466741021421496,1.0722705371731058,0.05825651163194923,17.0,0.0
1_136,25748820#1,-30690563#0,15,41.09935383789113,16.867280508752753,41.099312227748094,16.866307685062647,41.09685642664094,16.863488115976995,41.09670645262663,16.863482566280805,0.6080834384796254,0.040538895898641694,1.0722705371731058,0.03780659310617349,17.0,0.0
1_137,25748820#1,-48563889,14,41.09935383789113,16.867280508752753,41.099312227748094,16.866307685062647,41.0981869982295,16.86245265616856,41.09789524873281,16.86194002501164,0.6492403390742066,0.0463743099338719,1.0722705371731058,0.04324870294033389,17.0,0.0
1_138,25748820#1,1223049032#2,10,41.09935383789113,16.867280508752753,41.099312227748094,16.866307685062647,41.09900140311453,16.86453218909577,41.098487930276825,16.864507423292036,0.6724540795311029,0.06724540795311029,1.0722705371731058,0.06271309862751016,17.0,0.0
1_139,25748820#1,135067339#2,19,41.09935383789113,16.867280508752753,41.099312227748094,16.866307685062647,41.10200204108037,16.86087883349133,41.102498290143565,16.860899276440428,0.560068003059174,0.029477263318903896,1.0722705371731058,0.0274905094348826,17.0,0.0
1_140,25748820#1,151503390#1,17,41.09935383789113,16.867280508752753,41.099312227748094,16.866307685062647,41.09720839325397,16.862527405085252,41.09738830286481,16.86255332618103,0.5222657950572851,0.030721517356310887,1.0722705371731058,0.028650901326920677,17.0,0.0
1_141,25748820#1,25654957#1,16,41.09935383789113,16.867280508752753,41.099312227748094,16.866307685062647,41.10078723952925,16.86923766102467,41.10163426180409,16.86933420384833,0.7736295383844672,0.0483518461490292,1.0722705371731058,0.04509295413124211,17.0,0.0
1_142,25748820#1,25748726#4,12,41.09935383789113,16.867280508752753,41.099312227748094,16.866307685062647,41.09886110613235,16.860758953538713,41.09884523887303,16.861517955266983,0.7290959218005894,0.06075799348338244,1.0722705371731058,0.05666293288591381,17.0,0.0
1_143,25748820#1,25748820#3,5,41.09935383789113,16.867280508752753,41.099312227748094,16.866307685062647,41.09927860559117,16.865519653414392,41.09925612994945,16.864799452865125,0.8089653180387117,0.16179306360774237,1.0722705371731058,0.15088828611694172,17.0,0.0
1_144,25748820#1,30671462#5,5,41.09935383789113,16.867280508752753,41.099312227748094,16.866307685062647,41.099072351157446,16.866752896365707,41.09910222740107,16.8672992193472,0.6676123772221232,0.13352247544442464,1.0722705371731058,0.12452312249149206,17.0,0.0
1_145,25748820#1,30690502#2,16,41.09935383789113,16.867280508752753,41.099312227748094,16.866307685062647,41.09634224775083,16.86572147902634,41.09628283259864,16.865635972974,0.6932554998554521,0.043328468740965756,1.0722705371731058,0.0404081500319829,17.0,0.0
1_146,25748820#1,30690502#4,16,41.09935383789113,16.867280508752753,41.099312227748094,16.866307685062647,41.0961397861059,16.865625375545516,41.09605786082924,16.865745101775993,0.956943542380507,0.05980897139878169,1.0722705371731058,0.05577787444991246,17.0,0.0
1_147,25748820#1,30690502#6,18,41.09935383789113,16.867280508752753,41.099312227748094,16.866307685062647,41.09605276753405,16.865853785979894,41.09634703494554,16.865887477320282,0.9132787771872892,0.050737709843738286,1.0722705371731058,0.047318011718853435,17.0,0.0
1_148,25748820#1,30690562#1,15,41.09935383789113,16.867280508752753,41.099312227748094,16.866307685062647,41.09685642664094,16.863488115976995,41.09680143358644,16.863646948023916,0.879934472200459,0.05866229814669726,1.0722705371731058,0.05470848644349808,17.0,0.0
1_149,25748820#1,30700001#0,20,41.09935383789113,16.867280508752753,41.099312227748094,16.866307685062647,41.102498290143565,16.860899276440428,41.10270204612888,16.861667977530942,0.8336845105537677,0.041684225527688384,1.0722705371731058,0.03887472804912007,17.0,0.0
1_150,25748820#1,30701540,17,41.09935383789113,16.867280508752753,41.099312227748094,16.866307685062647,41.10229020657099,16.868433397164882,41.102078649965726,16.86921998971464,0.709272879063803,0.04172193406257665,1.0722705371731058,0.038909895046236,17.0,0.0
1_151,30671462#1,-25586000#4,11,41.09900546558202,16.86478200132866,41.09901062910219,16.86503053493429,41.09729008762724,16.867617476071022,41.09708228313231,16.867651000294053,0.7922951215316839,0.07202682923015309,0.840401830593503,0.08570522648586662,17.0,0.0
1_152,30671462#1,-30690505#0,15,41.09900546558202,16.86478200132866,41.09901062910219,16.86503053493429,41.0973344462996,16.866292287099714,41.097319579520544,16.86669277659945,0.5058171025821399,0.03372114017214266,0.840401830593503,0.040125019894742896,17.0,0.0
1_153,30671462#1,-30690563#0,15,41.09900546558202,16.86478200132866,41.09901062910219,16.86503053493429,41.09685642664094,16.863488115976995,41.09670645262663,16.863482566280805,0.5538885389236902,0.03692590259491268,0.840401830593503,0.04393838905471578,17.0,0.0
1_154,30671462#1,-48563889,14,41.09900546558202,16.86478200132866,41.09901062910219,16.86503053493429,41.0981869982295,16.86245265616856,41.09789524873281,16.86194002501164,0.7010290185744545,0.05007350132674675,0.840401830593503,0.05958280848981989,17.0,0.0
1_155,30671462#1,1223049032#2,10,41.09900546558202,16.86478200132866,41.09901062910219,16.86503053493429,41.09900140311453,16.86453218909577,41.098487930276825,16.864507423292036,0.7056910409534487,0.07056910409534488,0.840401830593503,0.08397066918037058,17.0,0.0
1_156,30671462#1,135067339#2,19,41.09900546558202,16.86478200132866,41.09901062910219,16.86503053493429,41.10200204108037,16.86087883349133,41.102498290143565,16.860899276440428,0.6653734144340415,0.035019653391265344,0.840401830593503,0.04167012983126654,17.0,0.0
1_157,30671462#1,151503390#1,17,41.09900546558202,16.86478200132866,41.09901062910219,16.86503053493429,41.09720839325397,16.862527405085252,41.09738830286481,16.86255332618103,0.6736816832273353,0.03962833430749031,0.840401830593503,0.047154031398889566,17.0,0.0
1_158,30671462#1,25654957#1,18,41.09900546558202,16.86478200132866,41.09901062910219,16.86503053493429,41.10078723952925,16.86923766102467,41.10163426180409,16.86933420384833,0.7146842587958415,0.039704681044213416,0.840401830593503,0.047244876913432515,17.0,0.0
1_159,30671462#1,25748726#4,12,41.09900546558202,16.86478200132866,41.09901062910219,16.86503053493429,41.09886110613235,16.860758953538713,41.09884523887303,16.861517955266983,0.8781535862501488,0.07317946552084573,0.840401830593503,0.08707675644776429,17.0,0.0
1_160,30671462#1,25748820#3,9,41.09900546558202,16.86478200132866,41.09901062910219,16.86503053493429,41.09927860559117,16.865519653414392,41.09925612994945,16.864799452865125,0.6544094123149737,0.07271215692388597,0.840401830593503,0.08652070268877886,17.0,0.0
1_161,30671462#1,30671462#5,7,41.09900546558202,16.86478200132866,41.09901062910219,16.86503053493429,41.099072351157446,16.866752896365707,41.09910222740107,16.8672992193472,0.5507321387859492,0.07867601982656416,0.840401830593503,0.09361714475443504,17.0,0.0
1_162,30671462#1,30690502#2,16,41.09900546558202,16.86478200132866,41.09901062910219,16.86503053493429,41.09634224775083,16.86572147902634,41.09628283259864,16.865635972974,0.9612477741456704,0.0600779858841044,0.840401830593503,0.0714872144455903,17.0,0.0
1_163,30671462#1,30690502#4,16,41.09900546558202,16.86478200132866,41.09901062910219,16.86503053493429,41.0961397861059,16.865625375545516,41.09605786082924,16.865745101775993,0.52759359222935,0.032974599514334374,0.840401830593503,0.03923670595891881,17.0,0.0
1_164,30671462#1,30690502#6,18,41.09900546558202,16.86478200132866,41.09901062910219,16.86503053493429,41.09605276753405,16.865853785979894,41.09634703494554,16.865887477320282,0.8541927836057003,0.047455154644761126,0.840401830593503,0.056467219510038025,17.0,0.0
1_165,30671462#1,30690562#1,15,41.09900546558202,16.86478200132866,41.09901062910219,16.86503053493429,41.09685642664094,16.863488115976995,41.09680143358644,16.863646948023916,0.5195476790481222,0.03463651193654148,0.840401830593503,0.04121422714189081,17.0,0.0
1_166,30671462#1,30700001#0,20,41.09900546558202,16.86478200132866,41.09901062910219,16.86503053493429,41.102498290143565,16.860899276440428,41.10270204612888,16.861667977530942,0.6896032027800387,0.03448016013900194,0.840401830593503,0.04102818304744956,17.0,0.0
1_167,30671462#1,30701540,19,41.09900546558202,16.86478200132866,41.09901062910219,16.86503053493429,41.10229020657099,16.868433397164882,41.102078649965726,16.86921998971464,0.5422719707827002,0.028540630041194743,0.840401830593503,0.03396069475602994,17.0,0.0
1_168,30673862#1,-25586000#4,16,41.100974949171295,16.860771360651253,41.10089497738356,16.861729220849774,41.09729008762724,16.867617476071022,41.09708228313231,16.867651000294053,0.6739036859907661,0.04211898037442288,0.9197985765968779,0.045791525934142055,17.0,0.0
1_169,30673862#1,-30690505#0,14,41.100974949171295,16.860771360651253,41.10089497738356,16.861729220849774,41.0973344462996,16.866292287099714,41.097319579520544,16.86669277659945,0.7190141714302328,0.051358155102159485,0.9197985765968779,0.055836306348915274,17.0,0.0
1_170,30673862#1,-30690563#0,14,41.100974949171295,16.860771360651253,41.10089497738356,16.861729220849774,41.09685642664094,16.863488115976995,41.09670645262663,16.863482566280805,0.8401406786209157,0.060010048472922545,0.9197985765968779,0.06524259767279818,17.0,0.0
1_171,30673862#1,-48563889,13,41.100974949171295,16.860771360651253,41.10089497738356,16.861729220849774,41.0981869982295,16.86245265616856,41.09789524873281,16.86194002501164,0.5572072425065433,0.04286209557742641,0.9197985765968779,0.04659943673321389,17.0,0.0
1_172,30673862#1,1223049032#2,9,41.100974949171295,16.860771360651253,41.10089497738356,16.861729220849774,41.09900140311453,16.86453218909577,41.098487930276825,16.864507423292036,0.6927773990604359,0.07697526656227065,0.9197985765968779,0.08368709032695835,17.0,0.0
1_173,30673862#1,135067339#2,11,41.100974949171295,16.860771360651253,41.10089497738356,16.861729220849774,41.10200204108037,16.86087883349133,41.102498290143565,16.860899276440428,0.9331233205592797,0.08482939277811634,0.9197985765968779,0.09222605354747651,17.0,0.0
1_174,30673862#1,151503390#1,16,41.100974949171295,16.860771360651253,41.10089497738356,16.861729220849774,41.09720839325397,16.862527405085252,41.09738830286481,16.86255332618103,0.5876618945876244,0.036728868411726526,0.9197985765968779,0.039931425581911685,17.0,0.0
1_175,30673862#1,25654957#1,11,41.100974949171295,16.860771360651253,41.10089497738356,16.861729220849774,41.10078723952925,16.86923766102467,41.10163426180409,16.86933420384833,0.5658330964155472,0.051439372401413386,0.9197985765968779,0.05592460535406746,17.0,0.0
1_176,30673862#1,25748726#4,11,41.100974949171295,16.860771360651253,41.10089497738356,16.861729220849774,41.09886110613235,16.860758953538713,41.09884523887303,16.861517955266983,0.7485297878452133,0.06804816253138303,0.9197985765968779,0.07398159147315864,17.0,0.0
1_177,30673862#1,25748820#3,14,41.100974949171295,16.860771360651253,41.10089497738356,16.861729220849774,41.09927860559117,16.865519653414392,41.09925612994945,16.864799452865125,0.7600888893646562,0.054292063526046874,0.9197985765968779,0.05902603559892393,17.0,0.0
1_178,30673862#1,30671462#5,16,41.100974949171295,16.860771360651253,41.10089497738356,16.861729220849774,41.099072351157446,16.866752896365707,41.09910222740107,16.8672992193472,0.7969308306638383,0.049808176916489894,0.9197985765968779,0.05415117851211834,17.0,0.0
1_179,30673862#1,30690502#2,15,41.100974949171295,16.860771360651253,41.10089497738356,16.861729220849774,41.09634224775083,16.86572147902634,41.09628283259864,16.865635972974,0.6224188517178936,0.04149459011452624,0.9197985765968779,0.04511269224622008,17.0,0.0
1_180,30673862#1,30690502#4,15,41.100974949171295,16.860771360651253,41.10089497738356,16.861729220849774,41.0961397861059,16.865625375545516,41.09605786082924,16.865745101775993,0.5654259691949939,0.03769506461299959,0.9197985765968779,0.040981868826614073,17.0,0.0
1_181,30673862#1,30690502#6,17,41.100974949171295,16.860771360651253,41.10089497738356,16.861729220849774,41.09605276753405,16.865853785979894,41.09634703494554,16.865887477320282,0.773289329879456,0.045487607639967995,0.9197985765968779,0.0494538791397847,17.0,0.0
1_182,30673862#1,30690562#1,14,41.100974949171295,16.860771360651253,41.10089497738356,16.861729220849774,41.09685642664094,16.863488115976995,41.09680143358644,16.863646948023916,0.9191225801674952,0.0656516128691068,0.9197985765968779,0.07137607574041732,17.0,0.0
1_183,30673862#1,30700001#0,12,41.100974949171295,16.860771360651253,41.10089497738356,16.861729220849774,41.102498290143565,16.860899276440428,41.10270204612888,16.861667977530942,0.6869140485476684,0.05724283737897236,0.9197985765968779,0.06223410085147403,17.0,0.0
1_184,30673862#1,30701540,15,41.100974949171295,16.860771360651253,41.10089497738356,16.861729220849774,41.10229020657099,16.868433397164882,41.102078649965726,16.86921998971464,0.8063442199039039,0.053756281326926926,0.9197985765968779,0.05844353611180549,17.0,0.0
1_185,30673862#2,-25586000#4,15,41.10089497738356,16.861729220849774,41.10081519467301,16.863148268731265,41.09729008762724,16.867617476071022,41.09708228313231,16.867651000294053,0.9395462108859829,0.06263641405906553,1.0455351711290033,0.05990847155474327,17.0,0.0
1_186,30673862#2,-30690505#0,13,41.10089497738356,16.861729220849774,41.10081519467301,16.863148268731265,41.0973344462996,16.866292287099714,41.097319579520544,16.86669277659945,0.8073073164511042,0.06210056280393109,1.0455351711290033,0.05939595770544272,17.0,0.0
1_187,30673862#2,-30690563#0,13,41.10089497738356,16.861729220849774,41.10081519467301,16.863148268731265,41.09685642664094,16.863488115976995,41.09670645262663,16.863482566280805,0.6480223074999161,0.04984786980768585,1.0455351711290033,0.04767689426828031,17.0,0.0
1_188,30673862#2,-48563889,12,41.10089497738356,16.861729220849774,41.10081519467301,16.863148268731265,41.0981869982295,16.86245265616856,41.09789524873281,16.86194002501164,0.8240393827973409,0.06866994856644507,1.0455351711290033,0.06567923343247553,17.0,0.0
1_189,30673862#2,1223049032#2,8,41.10089497738356,16.861729220849774,41.10081519467301,16.863148268731265,41.09900140311453,16.86453218909577,41.098487930276825,16.864507423292036,0.891588640842377,0.11144858010529712,1.0455351711290033,0.10659476905492454,17.0,0.0
1_190,30673862#2,135067339#2,10,41.10089497738356,16.861729220849774,41.10081519467301,16.863148268731265,41.10200204108037,16.86087883349133,41.102498290143565,16.860899276440428,0.7264130969190927,0.07264130969190928,1.0455351711290033,0.06947763374948812,17.0,0.0
1_191,30673862#2,151503390#1,15,41.10089497738356,16.861729220849774,41.10081519467301,16.863148268731265,41.09720839325397,16.862527405085252,41.09738830286481,16.86255332618103,0.859590446109351,0.0573060297406234,1.0455351711290033,0.054810236253212276,17.0,0.0
1_192,30673862#2,25654957#1,10,41.10089497738356,16.861729220849774,41.10081519467301,16.863148268731265,41.10078723952925,16.86923766102467,41.10163426180409,16.86933420384833,0.6075119422875328,0.06075119422875328,1.0455351711290033,0.058105356860594315,17.0,0.0
1_193,30673862#2,25748726#4,10,41.10089497738356,16.861729220849774,41.10081519467301,16.863148268731265,41.09886110613235,16.860758953538713,41.09884523887303,16.861517955266983,0.5062926158079019,0.05062926158079019,1.0455351711290033,0.048424254849427056,17.0,0.0
1_194,30673862#2,25748820#3,13,41.10089497738356,16.861729220849774,41.10081519467301,16.863148268731265,41.09927860559117,16.865519653414392,41.09925612994945,16.864799452865125,0.8058296855930672,0.0619868988917744,1.0455351711290033,0.05928724408652739,17.0,0.0
1_195,30673862#2,30671462#5,15,41.10089497738356,16.861729220849774,41.10081519467301,16.863148268731265,41.099072351157446,16.866752896365707,41.09910222740107,16.8672992193472,0.7878093301194143,0.052520622007960954,1.0455351711290033,0.050233242705022975,17.0,0.0
1_196,30673862#2,30690502#2,14,41.10089497738356,16.861729220849774,41.10081519467301,16.863148268731265,41.09634224775083,16.86572147902634,41.09628283259864,16.865635972974,0.7235444247559183,0.05168174462542273,1.0455351711290033,0.04943090012898856,17.0,0.0
1_197,30673862#2,30690502#4,14,41.10089497738356,16.861729220849774,41.10081519467301,16.863148268731265,41.0961397861059,16.865625375545516,41.09605786082924,16.865745101775993,0.8283567791368598,0.05916834136691855,1.0455351711290033,0.05659144044195723,17.0,0.0
1_198,30673862#2,30690502#6,16,41.10089497738356,16.861729220849774,41.10081519467301,16.863148268731265,41.09605276753405,16.865853785979894,41.09634703494554,16.865887477320282,0.8399021287728576,0.0524938830483036,1.0455351711290033,0.05020766828113394,17.0,0.0
1_199,30673862#2,30690562#1,13,41.10089497738356,16.861729220849774,41.10081519467301,16.863148268731265,41.09685642664094,16.863488115976995,41.09680143358644,16.863646948023916,0.7604327313724512,0.05849482549018856,1.0455351711290033,0.05594725754373611,17.0,0.0
1_200,30673862#2,30700001#0,11,41.10089497738356,16.861729220849774,41.10081519467301,16.863148268731265,41.102498290143565,16.860899276440428,41.10270204612888,16.861667977530942,0.5975820291460301,0.054325639013275466,1.0455351711290033,0.05195964756940013,17.0,0.0
1_201,30673862#2,30701540,14,41.10089497738356,16.861729220849774,41.10081519467301,16.863148268731265,41.10229020657099,16.868433397164882,41.102078649965726,16.86921998971464,0.823648645409216,0.058832046100658286,1.0455351711290033,0.05626979151464556,17.0,0.0
1_202,30690502#2,-25586000#4,18,41.09634224775083,16.86572147902634,41.09628283259864,16.865635972974,41.09729008762724,16.867617476071022,41.09708228313231,16.867651000294053,0.5875932819064974,0.03264407121702763,1.2189293936085064,0.026780936933835393,16.0,22.0
1_203,30690502#2,-30690505#0,8,41.09634224775083,16.86572147902634,41.09628283259864,16.865635972974,41.0973344462996,16.866292287099714,41.097319579520544,16.86669277659945,0.9348945233480138,0.11686181541850173,1.2189293936085064,0.09587250584920688,16.0,22.0
1_204,30690502#2,-30690563#0,8,41.09634224775083,16.86572147902634,41.09628283259864,16.865635972974,41.09685642664094,16.863488115976995,41.09670645262663,16.863482566280805,0.5371340061400756,0.06714175076750944,1.2189293936085064,0.05508255943253914,16.0,22.0
1_205,30690502#2,-48563889,30,41.09634224775083,16.86572147902634,41.09628283259864,16.865635972974,41.0981869982295,16.86245265616856,41.09789524873281,16.86194002501164,0.9176823235784357,0.030589410785947856,1.2189293936085064,0.0250953098238047,16.0,22.0
1_206,30690502#2,1223049032#2,13,41.09634224775083,16.86572147902634,41.09628283259864,16.865635972974,41.09900140311453,16.86453218909577,41.098487930276825,16.864507423292036,0.9550048820283595,0.07346191400218151,1.2189293936085064,0.06026757118778274,16.0,22.0
1_207,30690502#2,135067339#2,22,41.09634224775083,16.86572147902634,41.09628283259864,16.865635972974,41.10200204108037,16.86087883349133,41.102498290143565,16.860899276440428,0.6051639360203303,0.02750745163728774,1.2189293936085064,0.02256689499943467,16.0,22.0
1_208,30690502#2,151503390#1,14,41.09634224775083,16.86572147902634,41.09628283259864,16.865635972974,41.09720839325397,16.862527405085252,41.09738830286481,16.86255332618103,0.7230481255969567,0.051646294685496905,1.2189293936085064,0.04237021024868695,16.0,22.0
1_209,30690502#2,25654957#1,25,41.09634224775083,16.86572147902634,41.09628283259864,16.865635972974,41.10078723952925,16.86923766102467,41.10163426180409,16.86933420384833,0.5608926840959081,0.022435707363836325,1.2189293936085064,0.018406076251404425,16.0,22.0
1_210,30690502#2,25748726#4,15,41.09634224775083,16.86572147902634,41.09628283259864,16.865635972974,41.09886110613235,16.860758953538713,41.09884523887303,16.861517955266983,0.7961450352466111,0.053076335683107406,1.2189293936085064,0.04354340453303924,16.0,22.0
1_211,30690502#2,25748820#3,12,41.09634224775083,16.86572147902634,41.09628283259864,16.865635972974,41.09927860559117,16.865519653414392,41.09925612994945,16.864799452865125,0.9755011235857429,0.08129176029881191,1.2189293936085064,0.06669111494485878,16.0,22.0
1_212,30690502#2,30671462#5,14,41.09634224775083,16.86572147902634,41.09628283259864,16.865635972974,41.099072351157446,16.866752896365707,41.09910222740107,16.8672992193472,0.6848788603701188,0.048919918597865625,1.2189293936085064,0.04013351294535903,16.0,22.0
1_213,30690502#2,30690502#4,3,41.09634224775083,16.86572147902634,41.09628283259864,16.865635972974,41.0961397861059,16.865625375545516,41.09605786082924,16.865745101775993,0.9605678709657678,0.32018929032192256,1.2189293936085064,0.26268075247085265,16.0,22.0
1_214,30690502#2,30690502#6,5,41.09634224775083,16.86572147902634,41.09628283259864,16.865635972974,41.09605276753405,16.865853785979894,41.09634703494554,16.865887477320282,0.6656072006770792,0.13312144013541585,1.2189293936085064,0.10921177291600498,16.0,22.0
1_215,30690502#2,30690562#1,8,41.09634224775083,16.86572147902634,41.09628283259864,16.865635972974,41.09685642664094,16.863488115976995,41.09680143358644,16.863646948023916,0.8930124290879387,0.11162655363599233,1.2189293936085064,0.09157753863456701,16.0,22.0
1_216,30690502#2,30700001#0,23,41.09634224775083,16.86572147902634,41.09628283259864,16.865635972974,41.102498290143565,16.860899276440428,41.10270204612888,16.861667977530942,0.6700087510060919,0.02913081526113443,1.2189293936085064,0.02389868963196946,16.0,22.0
1_217,30690502#2,30701540,26,41.09634224775083,16.86572147902634,41.09628283259864,16.865635972974,41.10229020657099,16.868433397164882,41.102078649965726,16.86921998971464,0.5014064587081448,0.01928486379646711,1.2189293936085064,0.015821149196653953,16.0,22.0
1_218,30690502#4,-25586000#4,22,41.0961397861059,16.865625375545516,41.09605786082924,16.865745101775993,41.09729008762724,16.867617476071022,41.09708228313231,16.867651000294053,0.9662957859435106,0.04392253572470503,0.9988609549151857,0.04397262252425768,16.0,22.0
1_219,30690502#4,-30690505#0,6,41.0961397861059,16.865625375545516,41.09605786082924,16.865745101775993,41.0973344462996,16.866292287099714,41.097319579520544,16.86669277659945,0.5296225850240761,0.08827043083734601,0.9988609549151857,0.08837108949247209,16.0,22.0
1_220,30690502#4,-30690563#0,12,41.0961397861059,16.865625375545516,41.09605786082924,16.865745101775993,41.09685642664094,16.863488115976995,41.09670645262663,16.863482566280805,0.8987899900455518,0.07489916583712931,0.9988609549151857,0.07498457665060006,16.0,22.0
1_221,30690502#4,-48563889,34,41.0961397861059,16.865625375545516,41.09605786082924,16.865745101775993,41.0981869982295,16.86245265616856,41.09789524873281,16.86194002501164,0.8857156100599506,0.02605045911941031,0.9988609549151857,0.026080165603852522,16.0,22.0
1_222,30690502#4,1223049032#2,17,41.0961397861059,16.865625375545516,41.09605786082924,16.865745101775993,41.09900140311453,16.86453218909577,41.098487930276825,16.864507423292036,0.935968176502431,0.05505695155896653,0.9988609549151857,0.055119735422675994,16.0,22.0
1_223,30690502#4,135067339#2,26,41.0961397861059,16.865625375545516,41.09605786082924,16.865745101775993,41.10200204108037,16.86087883349133,41.102498290143565,16.860899276440428,0.5896478996081647,0.022678765369544798,0.9988609549151857,0.022704626963289877,16.0,22.0
1_224,30690502#4,151503390#1,18,41.0961397861059,16.865625375545516,41.09605786082924,16.865745101775993,41.09720839325397,16.862527405085252,41.09738830286481,16.86255332618103,0.977192412341596,0.05428846735231089,0.9988609549151857,0.0543503748796754,16.0,22.0
1_225,30690502#4,25654957#1,29,41.0961397861059,16.865625375545516,41.09605786082924,16.865745101775993,41.10078723952925,16.86923766102467,41.10163426180409,16.86933420384833,0.953491027720959,0.03287900095589513,0.9988609549151857,0.03291649432696758,16.0,22.0
1_226,30690502#4,25748726#4,19,41.0961397861059,16.865625375545516,41.09605786082924,16.865745101775993,41.09886110613235,16.860758953538713,41.09884523887303,16.861517955266983,0.5888950791861151,0.030994477851900792,0.9988609549151857,0.0310298222183813,16.0,22.0
1_227,30690502#4,25748820#3,16,41.0961397861059,16.865625375545516,41.09605786082924,16.865745101775993,41.09927860559117,16.865519653414392,41.09925612994945,16.864799452865125,0.6417054719971984,0.0401065919998249,0.9988609549151857,0.04015232731089223,16.0,22.0
1_228,30690502#4,30671462#5,18,41.0961397861059,16.865625375545516,41.09605786082924,16.865745101775993,41.099072351157446,16.866752896365707,41.09910222740107,16.8672992193472,0.6802040068421855,0.03778911149123253,0.9988609549151857,0.03783220407733451,16.0,22.0
1_229,30690502#4,30690502#2,5,41.0961397861059,16.865625375545516,41.09605786082924,16.865745101775993,41.09634224775083,16.86572147902634,41.09628283259864,16.865635972974,0.8989028083048443,0.17978056166096887,0.9988609549151857,0.17998557334362342,16.0,22.0
1_230,30690502#4,30690502#6,3,41.0961397861059,16.865625375545516,41.09605786082924,16.865745101775993,41.09605276753405,16.865853785979894,41.09634703494554,16.865887477320282,0.5558459188833461,0.18528197296111537,0.9988609549151857,0.1854932581450717,16.0,22.0
1_231,30690502#4,30690562#1,12,41.0961397861059,16.865625375545516,41.09605786082924,16.865745101775993,41.09685642664094,16.863488115976995,41.09680143358644,16.863646948023916,0.9027328593646347,0.07522773828038622,0.9988609549151857,0.07531352377946726,16.0,22.0
1_232,30690502#4,30700001#0,27,41.0961397861059,16.865625375545516,41.09605786082924,16.865745101775993,41.102498290143565,16.860899276440428,41.10270204612888,16.861667977530942,0.5730105315838039,0.021222612280881625,0.9988609549151857,0.021246813359206397,16.0,22.0
1_233,30690502#4,30701540,30,41.0961397861059,16.865625375545516,41.09605786082924,16.865745101775993,41.10229020657099,16.868433397164882,41.102078649965726,16.86921998971464,0.9123633490070194,0.030412111633567315,0.9988609549151857,0.03044679190223192,16.0,22.0
1_234,30690502#6,-25586000#4,20,41.09605276753405,16.865853785979894,41.09634703494554,16.865887477320282,41.09729008762724,16.867617476071022,41.09708228313231,16.867651000294053,0.7120673176973953,0.035603365884869766,1.0557093310274255,0.03372459145569952,16.0,22.0
1_235,30690502#6,-30690505#0,4,41.09605276753405,16.865853785979894,41.09634703494554,16.865887477320282,41.0973344462996,16.866292287099714,41.097319579520544,16.86669277659945,0.7380980889265744,0.1845245222316436,1.0557093310274255,0.17478724191256576,16.0,22.0
1_236,30690502#6,-30690563#0,10,41.09605276753405,16.865853785979894,41.09634703494554,16.865887477320282,41.09685642664094,16.863488115976995,41.09670645262663,16.863482566280805,0.8194943705224664,0.08194943705224665,1.0557093310274255,0.07762500021904016,16.0,22.0
1_237,30690502#6,-48563889,32,41.09605276753405,16.865853785979894,41.09634703494554,16.865887477320282,41.0981869982295,16.86245265616856,41.09789524873281,16.86194002501164,0.9069245512124557,0.028341392225389242,1.0557093310274255,0.02684582904823542,16.0,22.0
1_238,30690502#6,1223049032#2,15,41.09605276753405,16.865853785979894,41.09634703494554,16.865887477320282,41.09900140311453,16.86453218909577,41.098487930276825,16.864507423292036,0.6911513485682124,0.046076756571214156,1.0557093310274255,0.043645305783526475,16.0,22.0
1_239,30690502#6,135067339#2,24,41.09605276753405,16.865853785979894,41.09634703494554,16.865887477320282,41.10200204108037,16.86087883349133,41.102498290143565,16.860899276440428,0.740678871628915,0.03086161965120479,1.0557093310274255,0.029233065147932336,16.0,22.0
1_240,30690502#6,151503390#1,16,41.09605276753405,16.865853785979894,41.09634703494554,16.865887477320282,41.09720839325397,16.862527405085252,41.09738830286481,16.86255332618103,0.5240863534417777,0.032755397090111105,1.0557093310274255,0.031026908759282507,16.0,22.0
1_241,30690502#6,25654957#1,27,41.09605276753405,16.865853785979894,41.09634703494554,16.865887477320282,41.10078723952925,16.86923766102467,41.10163426180409,16.86933420384833,0.6552967350964042,0.02427024944801497,1.0557093310274255,0.022989518738453275,16.0,22.0
1_242,30690502#6,25748726#4,17,41.09605276753405,16.865853785979894,41.09634703494554,16.865887477320282,41.09886110613235,16.860758953538713,41.09884523887303,16.861517955266983,0.9011315635615984,0.0530077390330352,1.0557093310274255,0.050210543257629074,16.0,22.0
1_243,30690502#6,25748820#3,14,41.09605276753405,16.865853785979894,41.09634703494554,16.865887477320282,41.09927860559117,16.865519653414392,41.09925612994945,16.864799452865125,0.5312353963213541,0.03794538545152529,1.0557093310274255,0.03594302364893991,16.0,22.0
1_244,30690502#6,30671462#5,16,41.09605276753405,16.865853785979894,41.09634703494554,16.865887477320282,41.099072351157446,16.866752896365707,41.09910222740107,16.8672992193472,0.5684178477441166,0.03552611548400729,1.0557093310274255,0.033651417525535146,16.0,22.0
1_245,30690502#6,30690502#2,3,41.09605276753405,16.865853785979894,41.09634703494554,16.865887477320282,41.09634224775083,16.86572147902634,41.09628283259864,16.865635972974,0.5076450112847399,0.16921500376157997,1.0557093310274255,0.1602856002010501,16.0,22.0
1_246,30690502#6,30690502#4,5,41.09605276753405,16.865853785979894,41.09634703494554,16.865887477320282,41.0961397861059,16.865625375545516,41.09605786082924,16.865745101775993,0.7564609867428206,0.15129219734856414,1.0557093310274255,0.14330857263649008,16.0,22.0
1_247,30690502#6,30690562#1,10,41.09605276753405,16.865853785979894,41.09634703494554,16.865887477320282,41.09685642664094,16.863488115976995,41.09680143358644,16.863646948023916,0.8464037053451448,0.08464037053451448,1.0557093310274255,0.08017393428941444,16.0,22.0
1_248,30690502#6,30700001#0,25,41.09605276753405,16.865853785979894,41.09634703494554,16.865887477320282,41.102498290143565,16.860899276440428,41.10270204612888,16.861667977530942,0.7126071145613986,0.028504284582455942,1.0557093310274255,0.027000125645110406,16.0,22.0
1_249,30690502#6,30701540,28,41.09605276753405,16.865853785979894,41.09634703494554,16.865887477320282,41.10229020657099,16.868433397164882,41.102078649965726,16.86921998971464,0.8734738509573718,0.031195494677048994,1.0557093310274255,0.029549321731095497,16.0,22.0
1_250,30690506#1,-25586000#4,10,41.09581836833855,16.86572748788607,41.095281226394064,16.865684780289637,41.09729008762724,16.867617476071022,41.09708228313231,16.867651000294053,0.8751609049350368,0.08751609049350369,0.940047938413785,0.0930974761150759,17.0,0.0
1_251,30690506#1,-30690505#0,9,41.09581836833855,16.86572748788607,41.095281226394064,16.865684780289637,41.0973344462996,16.866292287099714,41.097319579520544,16.86669277659945,0.8231096695802083,0.09145662995335647,0.940047938413785,0.09728932559298865,17.0,0.0
1_252,30690506#1,-30690563#0,15,41.09581836833855,16.86572748788607,41.095281226394064,16.865684780289637,41.09685642664094,16.863488115976995,41.09670645262663,16.863482566280805,0.9185460578679108,0.061236403857860715,0.940047938413785,0.06514178836580356,17.0,0.0
1_253,30690506#1,-48563889,37,41.09581836833855,16.86572748788607,41.095281226394064,16.865684780289637,41.0981869982295,16.86245265616856,41.09789524873281,16.86194002501164,0.8294941152577295,0.022418759871830528,0.940047938413785,0.023848528309800266,17.0,0.0
1_254,30690506#1,1223049032#2,20,41.09581836833855,16.86572748788607,41.095281226394064,16.865684780289637,41.09900140311453,16.86453218909577,41.098487930276825,16.864507423292036,0.5498296907391429,0.027491484536957145,0.940047938413785,0.029244768711844248,17.0,0.0
1_255,30690506#1,135067339#2,29,41.09581836833855,16.86572748788607,41.095281226394064,16.865684780289637,41.10200204108037,16.86087883349133,41.102498290143565,16.860899276440428,0.8845955314483087,0.030503294187872714,0.940047938413785,0.03244865813901285,17.0,0.0
1_256,30690506#1,151503390#1,21,41.09581836833855,16.86572748788607,41.095281226394064,16.865684780289637,41.09720839325397,16.862527405085252,41.09738830286481,16.86255332618103,0.5370232103449967,0.02557253382595222,0.940047938413785,0.027203435889772514,17.0,0.0
1_257,30690506#1,25654957#1,23,41.09581836833855,16.86572748788607,41.095281226394064,16.865684780289637,41.10078723952925,16.86923766102467,41.10163426180409,16.86933420384833,0.5693657625012353,0.02475503315222762,0.940047938413785,0.02633379867201101,17.0,0.0
1_258,30690506#1,25748726#4,22,41.09581836833855,16.86572748788607,41.095281226394064,16.865684780289637,41.09886110613235,16.860758953538713,41.09884523887303,16.861517955266983,0.7520902098272597,0.03418591862851181,0.940047938413785,0.03636614392899615,17.0,0.0
1_259,30690506#1,25748820#3,19,41.09581836833855,16.86572748788607,41.095281226394064,16.865684780289637,41.09927860559117,16.865519653414392,41.09925612994945,16.864799452865125,0.9177957176552507,0.04830503777132898,0.940047938413785,0.05138571746972583,17.0,0.0
1_260,30690506#1,30671462#5,14,41.09581836833855,16.86572748788607,41.095281226394064,16.865684780289637,41.099072351157446,16.866752896365707,41.09910222740107,16.8672992193472,0.9246870303690099,0.06604907359778642,0.940047938413785,0.07026138870027851,17.0,0.0
1_261,30690506#1,30690502#2,8,41.09581836833855,16.86572748788607,41.095281226394064,16.865684780289637,41.09634224775083,16.86572147902634,41.09628283259864,16.865635972974,0.6813441344414009,0.0851680168051751,0.940047938413785,0.09059965276758719,17.0,0.0
1_262,30690506#1,30690502#4,10,41.09581836833855,16.86572748788607,41.095281226394064,16.865684780289637,41.0961397861059,16.865625375545516,41.09605786082924,16.865745101775993,0.6660927765994689,0.06660927765994688,0.940047938413785,0.07085732007703972,17.0,0.0
1_263,30690506#1,30690502#6,6,41.09581836833855,16.86572748788607,41.095281226394064,16.865684780289637,41.09605276753405,16.865853785979894,41.09634703494554,16.865887477320282,0.9439911695810786,0.15733186159684642,0.940047938413785,0.16736578547507328,17.0,0.0
1_264,30690506#1,30690562#1,15,41.09581836833855,16.86572748788607,41.095281226394064,16.865684780289637,41.09685642664094,16.863488115976995,41.09680143358644,16.863646948023916,0.7469631416731588,0.049797542778210586,0.940047938413785,0.052973407784115564,17.0,0.0
1_265,30690506#1,30700001#0,30,41.09581836833855,16.86572748788607,41.095281226394064,16.865684780289637,41.102498290143565,16.860899276440428,41.10270204612888,16.861667977530942,0.7411035680060957,0.024703452266869857,0.940047938413785,0.026278928188017612,17.0,0.0
1_266,30690506#1,30701540,24,41.09581836833855,16.86572748788607,41.095281226394064,16.865684780289637,41.10229020657099,16.868433397164882,41.102078649965726,16.86921998971464,0.8867406583091493,0.036947527429547884,0.940047938413785,0.03930387581285725,17.0,0.0
1_267,30690563#0,-25586000#4,24,41.09670645262663,16.863482566280805,41.09685642664094,16.863488115976995,41.09729008762724,16.867617476071022,41.09708228313231,16.867651000294053,0.7158967385895442,0.02982903077456434,1.5947561693025627,0.018704446076925677,17.0,0.0
1_268,30690563#0,-30690505#0,16,41.09670645262663,16.863482566280805,41.09685642664094,16.863488115976995,41.0973344462996,16.866292287099714,41.097319579520544,16.86669277659945,0.5385835665738935,0.033661472910868344,1.5947561693025627,0.021107598489861663,17.0,0.0
1_269,30690563#0,-30690563#0,2,41.09670645262663,16.863482566280805,41.09685642664094,16.863488115976995,41.09685642664094,16.863488115976995,41.09670645262663,16.863482566280805,0.9919194833397422,0.4959597416698711,1.5947561693025627,0.31099408876202683,17.0,0.0
1_270,30690563#0,-48563889,19,41.09670645262663,16.863482566280805,41.09685642664094,16.863488115976995,41.0981869982295,16.86245265616856,41.09789524873281,16.86194002501164,0.8905633929736443,0.04687175752492864,1.5947561693025627,0.02939117491887625,17.0,0.0
1_271,30690563#0,1223049032#2,19,41.09670645262663,16.863482566280805,41.09685642664094,16.863488115976995,41.09900140311453,16.86453218909577,41.098487930276825,16.864507423292036,0.9781633745765659,0.05148228287245083,1.5947561693025627,0.0322822283828917,17.0,0.0
1_272,30690563#0,135067339#2,28,41.09670645262663,16.863482566280805,41.09685642664094,16.863488115976995,41.10200204108037,16.86087883349133,41.102498290143565,16.860899276440428,0.790237950993274,0.028222783964045497,1.5947561693025627,0.01769724081167105,17.0,0.0
1_273,30690563#0,151503390#1,10,41.09670645262663,16.863482566280805,41.09685642664094,16.863488115976995,41.09720839325397,16.862527405085252,41.09738830286481,16.86255332618103,0.8868928245001564,0.08868928245001564,1.5947561693025627,0.05561306747526318,17.0,0.0
1_274,30690563#0,25654957#1,31,41.09670645262663,16.863482566280805,41.09685642664094,16.863488115976995,41.10078723952925,16.86923766102467,41.10163426180409,16.86933420384833,0.643044584821522,0.020743373703920067,1.5947561693025627,0.013007238412497756,17.0,0.0
1_275,30690563#0,25748726#4,21,41.09670645262663,16.863482566280805,41.09685642664094,16.863488115976995,41.09886110613235,16.860758953538713,41.09884523887303,16.861517955266983,0.8885158952618066,0.04231028072675269,1.5947561693025627,0.02653087759820758,17.0,0.0
1_276,30690563#0,25748820#3,18,41.09670645262663,16.863482566280805,41.09685642664094,16.863488115976995,41.09927860559117,16.865519653414392,41.09925612994945,16.864799452865125,0.5434761678012388,0.03019312043340215,1.5947561693025627,0.018932750356818847,17.0,0.0
1_277,30690563#0,30671462#5,20,41.09670645262663,16.863482566280805,41.09685642664094,16.863488115976995,41.099072351157446,16.866752896365707,41.09910222740107,16.8672992193472,0.6982913891868997,0.034914569459344985,1.5947561693025627,0.021893359079848695,17.0,0.0
1_278,30690563#0,30690502#2,15,41.09670645262663,16.863482566280805,41.09685642664094,16.863488115976995,41.09634224775083,16.86572147902634,41.09628283259864,16.865635972974,0.9325175425235853,0.06216783616823902,1.5947561693025627,0.03898265914558398,17.0,0.0
1_279,30690563#0,30690502#4,11,41.09670645262663,16.863482566280805,41.09685642664094,16.863488115976995,41.0961397861059,16.865625375545516,41.09605786082924,16.865745101775993,0.8667247782442762,0.07879316165857056,1.5947561693025627,0.04940765439586247,17.0,0.0
1_280,30690563#0,30690502#6,13,41.09670645262663,16.863482566280805,41.09685642664094,16.863488115976995,41.09605276753405,16.865853785979894,41.09634703494554,16.865887477320282,0.5022215324219153,0.03863242557091656,1.5947561693025627,0.024224659740812757,17.0,0.0
1_281,30690563#0,30690562#1,2,41.09670645262663,16.863482566280805,41.09685642664094,16.863488115976995,41.09685642664094,16.863488115976995,41.09680143358644,16.863646948023916,0.9305937210686568,0.4652968605343284,1.5947561693025627,0.29176677255797506,17.0,0.0
1_282,30690563#0,30700001#0,29,41.09670645262663,16.863482566280805,41.09685642664094,16.863488115976995,41.102498290143565,16.860899276440428,41.10270204612888,16.861667977530942,0.5267740382833878,0.01816462200977199,1.5947561693025627,0.01139021899361327,17.0,0.0
1_283,30690563#0,30701540,32,41.09670645262663,16.863482566280805,41.09685642664094,16.863488115976995,41.10229020657099,16.868433397164882,41.102078649965726,16.86921998971464,0.9223541398583024,0.02882356687057195,1.5947561693025627,0.01807396480126326,17.0,0.0
1_284,30700001#0,-25586000#4,26,41.102498290143565,16.860899276440428,41.10270204612888,16.861667977530942,41.09729008762724,16.867617476071022,41.09708228313231,16.867651000294053,0.5432882773219949,0.020895702973922882,0.7603357178792571,0.02748220619202998,16.0,22.0
1_285,30700001#0,-30690505#0,16,41.102498290143565,16.860899276440428,41.10270204612888,16.861667977530942,41.0973344462996,16.866292287099714,41.097319579520544,16.86669277659945,0.5983944789412405,0.037399654933827534,0.7603357178792571,0.04918834411481202,16.0,22.0
1_286,30700001#0,-30690563#0,16,41.102498290143565,16.860899276440428,41.10270204612888,16.861667977530942,41.09685642664094,16.863488115976995,41.09670645262663,16.863482566280805,0.6771614220029238,0.04232258887518274,0.7603357178792571,0.055663028685841186,16.0,22.0
1_287,30700001#0,-48563889,15,41.102498290143565,16.860899276440428,41.10270204612888,16.861667977530942,41.0981869982295,16.86245265616856,41.09789524873281,16.86194002501164,0.7262133019637793,0.04841422013091862,0.7603357178792571,0.06367479390019515,16.0,22.0
1_288,30700001#0,1223049032#2,11,41.102498290143565,16.860899276440428,41.10270204612888,16.861667977530942,41.09900140311453,16.86453218909577,41.098487930276825,16.864507423292036,0.8228498113020899,0.07480452830018999,0.7603357178792571,0.09838355155645746,16.0,22.0
1_289,30700001#0,135067339#2,8,41.102498290143565,16.860899276440428,41.10270204612888,16.861667977530942,41.10200204108037,16.86087883349133,41.102498290143565,16.860899276440428,0.7231175011703568,0.0903896876462946,0.7603357178792571,0.11888128562263421,16.0,22.0
1_290,30700001#0,151503390#1,18,41.102498290143565,16.860899276440428,41.10270204612888,16.861667977530942,41.09720839325397,16.862527405085252,41.09738830286481,16.86255332618103,0.6597243601533314,0.03665135334185174,0.7603357178792571,0.048204171499506024,16.0,22.0
1_291,30700001#0,25654957#1,18,41.102498290143565,16.860899276440428,41.10270204612888,16.861667977530942,41.10078723952925,16.86923766102467,41.10163426180409,16.86933420384833,0.9461318089915839,0.05256287827731021,0.7603357178792571,0.06913114436333412,16.0,22.0
1_292,30700001#0,25748726#4,13,41.102498290143565,16.860899276440428,41.10270204612888,16.861667977530942,41.09886110613235,16.860758953538713,41.09884523887303,16.861517955266983,0.7392898799797285,0.056868452306132966,0.7603357178792571,0.07479387192903621,16.0,22.0
1_293,30700001#0,25748820#3,16,41.102498290143565,16.860899276440428,41.10270204612888,16.861667977530942,41.09927860559117,16.865519653414392,41.09925612994945,16.864799452865125,0.952127240742848,0.059507952546428,0.7603357178792571,0.07826536508426661,16.0,22.0
1_294,30700001#0,30671462#5,24,41.102498290143565,16.860899276440428,41.10270204612888,16.861667977530942,41.099072351157446,16.866752896365707,41.09910222740107,16.8672992193472,0.6070671539942867,0.025294464749761943,0.7603357178792571,0.03326749507482529,16.0,22.0
1_295,30700001#0,30690502#2,17,41.102498290143565,16.860899276440428,41.10270204612888,16.861667977530942,41.09634224775083,16.86572147902634,41.09628283259864,16.865635972974,0.7147587690465783,0.04204463347332814,0.7603357178792571,0.0552974593783386,16.0,22.0
1_296,30700001#0,30690502#4,17,41.102498290143565,16.860899276440428,41.10270204612888,16.861667977530942,41.0961397861059,16.865625375545516,41.09605786082924,16.865745101775993,0.661531622314435,0.03891362484202559,0.7603357178792571,0.05117953020879278,16.0,22.0
1_297,30700001#0,30690502#6,19,41.102498290143565,16.860899276440428,41.10270204612888,16.861667977530942,41.09605276753405,16.865853785979894,41.09634703494554,16.865887477320282,0.5755659328817285,0.030292943835880447,0.7603357178792571,0.0398415372624794,16.0,22.0
1_298,30700001#0,30690562#1,16,41.102498290143565,16.860899276440428,41.10270204612888,16.861667977530942,41.09685642664094,16.863488115976995,41.09680143358644,16.863646948023916,0.6885330147470221,0.04303331342168888,0.7603357178792571,0.056597779651491605,16.0,22.0
1_299,30700001#0,30701540,9,41.102498290143565,16.860899276440428,41.10270204612888,16.861667977530942,41.10229020657099,16.868433397164882,41.102078649965726,16.86921998971464,0.548457464020616,0.060939718224512884,0.7603357178792571,0.08014843547595936,16.0,22.0
1_300,30700001#1,-25586000#4,25,41.10270204612888,16.861667977530942,41.10261824271795,16.862249579162512,41.09729008762724,16.867617476071022,41.09708228313231,16.867651000294053,0.7637580945890778,0.030550323783563114,1.0572871070848864,0.028895012129482367,17.0,0.0
1_301,30700001#1,-30690505#0,15,41.10270204612888,16.861667977530942,41.10261824271795,16.862249579162512,41.0973344462996,16.866292287099714,41.097319579520544,16.86669277659945,0.7789734346461905,0.051931562309746035,1.0572871070848864,0.0491177485866917,17.0,0.0
1_302,30700001#1,-30690563#0,15,41.10270204612888,16.861667977530942,41.10261824271795,16.862249579162512,41.09685642664094,16.863488115976995,41.09670645262663,16.863482566280805,0.8055682133114468,0.053704547554096455,1.0572871070848864,0.05079466797071676,17.0,0.0
1_303,30700001#1,-48563889,14,41.10270204612888,16.861667977530942,41.10261824271795,16.862249579162512,41.0981869982295,16.86245265616856,41.09789524873281,16.86194002501164,0.78565339146433,0.05611809939030928,1.0572871070848864,0.053077446054398666,17.0,0.0
1_304,30700001#1,1223049032#2,10,41.10270204612888,16.861667977530942,41.10261824271795,16.862249579162512,41.09900140311453,16.86453218909577,41.098487930276825,16.864507423292036,0.9479215131702965,0.09479215131702966,1.0572871070848864,0.08965601744486144,17.0,0.0
1_305,30700001#1,135067339#2,7,41.10270204612888,16.861667977530942,41.10261824271795,16.862249579162512,41.10200204108037,16.86087883349133,41.102498290143565,16.860899276440428,0.9517772255499921,0.13596817507857029,1.0572871070848864,0.12860099604681344,17.0,0.0
1_306,30700001#1,151503390#1,17,41.10270204612888,16.861667977530942,41.10261824271795,16.862249579162512,41.09720839325397,16.862527405085252,41.09738830286481,16.86255332618103,0.5910191488590129,0.034765832285824284,1.0572871070848864,0.03288211125706373,17.0,0.0
1_307,30700001#1,25654957#1,17,41.10270204612888,16.861667977530942,41.10261824271795,16.862249579162512,41.10078723952925,16.86923766102467,41.10163426180409,16.86933420384833,0.7529428653973879,0.044290756788081635,1.0572871070848864,0.04189094569610188,17.0,0.0
1_308,30700001#1,25748726#4,12,41.10270204612888,16.861667977530942,41.10261824271795,16.862249579162512,41.09886110613235,16.860758953538713,41.09884523887303,16.861517955266983,0.9947119917239498,0.08289266597699581,1.0572871070848864,0.07840128326689282,17.0,0.0
1_309,30700001#1,25748820#3,15,41.10270204612888,16.861667977530942,41.10261824271795,16.862249579162512,41.09927860559117,16.865519653414392,41.09925612994945,16.864799452865125,0.5984936044117377,0.039899573627449184,1.0572871070848864,0.037737690510062906,17.0,0.0
1_310,30700001#1,30671462#5,23,41.10270204612888,16.861667977530942,41.10261824271795,16.862249579162512,41.099072351157446,16.866752896365707,41.09910222740107,16.8672992193472,0.7239058746106993,0.03147416846133475,1.0572871070848864,0.029768800026431976,17.0,0.0
1_311,30700001#1,30690502#2,16,41.10270204612888,16.861667977530942,41.10261824271795,16.862249579162512,41.09634224775083,16.86572147902634,41.09628283259864,16.865635972974,0.913605045438312,0.0571003153398945,1.0572871070848864,0.05400644248592931,17.0,0.0
1_312,30700001#1,30690502#4,16,41.10270204612888,16.861667977530942,41.10261824271795,16.862249579162512,41.0961397861059,16.865625375545516,41.09605786082924,16.865745101775993,0.9737825787721709,0.06086141117326068,1.0572871070848864,0.05756375043772694,17.0,0.0
1_313,30700001#1,30690502#6,18,41.10270204612888,16.861667977530942,41.10261824271795,16.862249579162512,41.09605276753405,16.865853785979894,41.09634703494554,16.865887477320282,0.9794264945200357,0.05441258302889087,1.0572871070848864,0.05146433987917933,17.0,0.0
1_314,30700001#1,30690562#1,15,41.10270204612888,16.861667977530942,41.10261824271795,16.862249579162512,41.09685642664094,16.863488115976995,41.09680143358644,16.863646948023916,0.7231344931702555,0.04820896621135037,1.0572871070848864,0.04559685433436371,17.0,0.0
1_315,30700001#1,30700001#0,8,41.10270204612888,16.861667977530942,41.10261824271795,16.862249579162512,41.102498290143565,16.860899276440428,41.10270204612888,16.861667977530942,0.9073261854648009,0.11341577318310012,1.0572871070848864,0.10727055349781571,17.0,0.0
1_316,30700001#1,30701540,8,41.10270204612888,16.861667977530942,41.10261824271795,16.862249579162512,41.10229020657099,16.868433397164882,41.102078649965726,16.86921998971464,0.5352016126031145,0.06690020157538931,1.0572871070848864,0.06327534037546728,17.0,0.0
1_317,448630413#15,-25586000#4,16,41.10084174839843,16.867609878206686,41.10082878844399,16.86808689005355,41.09729008762724,16.867617476071022,41.09708228313231,16.867651000294053,0.9139107917144786,0.057119424482154915,0.9256512287843072,0.061707285320813564,17.0,0.0
1_318,448630413#15,-30690505#0,26,41.10084174839843,16.867609878206686,41.10082878844399,16.86808689005355,41.0973344462996,16.866292287099714,41.097319579520544,16.86669277659945,0.5943004785172674,0.022857710712202595,0.9256512287843072,0.02469365350729615,17.0,0.0
1_319,448630413#15,-30690563#0,26,41.10084174839843,16.867609878206686,41.10082878844399,16.86808689005355,41.09685642664094,16.863488115976995,41.09670645262663,16.863482566280805,0.5048170625439202,0.019416040867073856,0.9256512287843072,0.020975547013072818,17.0,0.0
1_320,448630413#15,-48563889,25,41.10084174839843,16.867609878206686,41.10082878844399,16.86808689005355,41.0981869982295,16.86245265616856,41.09789524873281,16.86194002501164,0.5596486726031926,0.022385946904127704,0.9256512287843072,0.024183997393411358,17.0,0.0
1_321,448630413#15,1223049032#2,21,41.10084174839843,16.867609878206686,41.10082878844399,16.86808689005355,41.09900140311453,16.86453218909577,41.098487930276825,16.864507423292036,0.9665790230234592,0.046027572524926626,0.9256512287843072,0.04972453024815446,17.0,0.0
1_322,448630413#15,135067339#2,14,41.10084174839843,16.867609878206686,41.10082878844399,16.86808689005355,41.10200204108037,16.86087883349133,41.102498290143565,16.860899276440428,0.98996228378771,0.07071159169912214,0.9256512287843072,0.07639118222960753,17.0,0.0
1_323,448630413#15,151503390#1,28,41.10084174839843,16.867609878206686,41.10082878844399,16.86808689005355,41.09720839325397,16.862527405085252,41.09738830286481,16.86255332618103,0.9511212627738458,0.03396861652763735,0.9256512287843072,0.03669699285361466,17.0,0.0
1_324,448630413#15,25654957#1,4,41.10084174839843,16.867609878206686,41.10082878844399,16.86808689005355,41.10078723952925,16.86923766102467,41.10163426180409,16.86933420384833,0.7825123652280661,0.19562809130701653,0.9256512287843072,0.21134103777287944,17.0,0.0
1_325,448630413#15,25748726#4,23,41.10084174839843,16.867609878206686,41.10082878844399,16.86808689005355,41.09886110613235,16.860758953538713,41.09884523887303,16.861517955266983,0.8702477555099097,0.03783685893521346,0.9256512287843072,0.04087593443256813,17.0,0.0
1_326,448630413#15,25748820#3,16,41.10084174839843,16.867609878206686,41.10082878844399,16.86808689005355,41.09927860559117,16.865519653414392,41.09925612994945,16.864799452865125,0.5892344737915012,0.036827154611968824,0.9256512287843072,0.03978513015138037,17.0,0.0
1_327,448630413#15,30671462#5,14,41.10084174839843,16.867609878206686,41.10082878844399,16.86808689005355,41.099072351157446,16.866752896365707,41.09910222740107,16.8672992193472,0.5558088982039389,0.03970063558599563,0.9256512287843072,0.042889410559240525,17.0,0.0
1_328,448630413#15,30690502#2,27,41.10084174839843,16.867609878206686,41.10082878844399,16.86808689005355,41.09634224775083,16.86572147902634,41.09628283259864,16.865635972974,0.8196003803023673,0.030355569640828417,0.9256512287843072,0.03279374422772121,17.0,0.0
1_329,448630413#15,30690502#4,27,41.10084174839843,16.867609878206686,41.10082878844399,16.86808689005355,41.0961397861059,16.865625375545516,41.09605786082924,16.865745101775993,0.606985801984431,0.022480955629052998,0.9256512287843072,0.024286637266800897,17.0,0.0
1_330,448630413#15,30690502#6,29,41.10084174839843,16.867609878206686,41.10082878844399,16.86808689005355,41.09605276753405,16.865853785979894,41.09634703494554,16.865887477320282,0.8609415665223847,0.029687640224909818,0.9256512287843072,0.03207216638592888,17.0,0.0
1_331,448630413#15,30690562#1,26,41.10084174839843,16.867609878206686,41.10082878844399,16.86808689005355,41.09685642664094,16.863488115976995,41.09680143358644,16.863646948023916,0.751110500770341,0.02888886541424389,0.9256512287843072,0.031209233581620942,17.0,0.0
1_332,448630413#15,30700001#0,15,41.10084174839843,16.867609878206686,41.10082878844399,16.86808689005355,41.102498290143565,16.860899276440428,41.10270204612888,16.861667977530942,0.9444413260318589,0.0629627550687906,0.9256512287843072,0.06801995515252755,17.0,0.0
1_333,448630413#15,30701540,5,41.10084174839843,16.867609878206686,41.10082878844399,16.86808689005355,41.10229020657099,16.868433397164882,41.102078649965726,16.86921998971464,0.8439789932452091,0.16879579864904182,0.9256512287843072,0.18235356190336152,17.0,0.0
1_334,48563889,-25586000#4,17,41.09789524873281,16.86194002501164,41.0981869982295,16.86245265616856,41.09729008762724,16.867617476071022,41.09708228313231,16.867651000294053,0.6072839099221632,0.03572258293659784,1.3203835762657647,0.027054701057117398,17.0,0.0
1_335,48563889,-30690505#0,11,41.09789524873281,16.86194002501164,41.0981869982295,16.86245265616856,41.0973344462996,16.866292287099714,41.097319579520544,16.86669277659945,0.9626622208316402,0.08751474734833094,1.3203835762657647,0.06627979090427288,17.0,0.0
1_336,48563889,-30690563#0,11,41.09789524873281,16.86194002501164,41.0981869982295,16.86245265616856,41.09685642664094,16.863488115976995,41.09670645262663,16.863482566280805,0.6197319516941184,0.05633926833582895,1.3203835762657647,0.04266886482726825,17.0,0.0
1_337,48563889,-48563889,2,41.09789524873281,16.86194002501164,41.0981869982295,16.86245265616856,41.0981869982295,16.86245265616856,41.09789524873281,16.86194002501164,0.6044992427185159,0.3022496213592579,1.3203835762657647,0.2289104672250343,17.0,0.0
1_338,48563889,1223049032#2,6,41.09789524873281,16.86194002501164,41.0981869982295,16.86245265616856,41.09900140311453,16.86453218909577,41.098487930276825,16.864507423292036,0.7090468276561793,0.11817447127602988,1.3203835762657647,0.08950010693880663,17.0,0.0
1_339,48563889,135067339#2,21,41.09789524873281,16.86194002501164,41.0981869982295,16.86245265616856,41.10200204108037,16.86087883349133,41.102498290143565,16.860899276440428,0.5041132204869985,0.02400539145176183,1.3203835762657647,0.018180619543642418,17.0,0.0
1_340,48563889,151503390#1,13,41.09789524873281,16.86194002501164,41.0981869982295,16.86245265616856,41.09720839325397,16.862527405085252,41.09738830286481,16.86255332618103,0.8780650696134613,0.06754346689334319,1.3203835762657647,0.051154428233927185,17.0,0.0
1_341,48563889,25654957#1,24,41.09789524873281,16.86194002501164,41.0981869982295,16.86245265616856,41.10078723952925,16.86923766102467,41.10163426180409,16.86933420384833,0.9470495109072217,0.0394603962878009,1.3203835762657647,0.029885555225853837,17.0,0.0
1_342,48563889,25748726#4,7,41.09789524873281,16.86194002501164,41.0981869982295,16.86245265616856,41.09886110613235,16.860758953538713,41.09884523887303,16.861517955266983,0.7906762995990252,0.11295375708557502,1.3203835762657647,0.08554616939800519,17.0,0.0
1_343,48563889,25748820#3,11,41.09789524873281,16.86194002501164,41.0981869982295,16.86245265616856,41.09927860559117,16.865519653414392,41.09925612994945,16.864799452865125,0.8716505608651703,0.07924096007865185,1.3203835762657647,0.060013591128387646,17.0,0.0
1_344,48563889,30671462#5,13,41.09789524873281,16.86194002501164,41.0981869982295,16.86245265616856,41.099072351157446,16.866752896365707,41.09910222740107,16.8672992193472,0.7258934613288985,0.055837958563761426,1.3203835762657647,0.04228919502443315,17.0,0.0
1_345,48563889,30690502#2,12,41.09789524873281,16.86194002501164,41.0981869982295,16.86245265616856,41.09634224775083,16.86572147902634,41.09628283259864,16.865635972974,0.8140141205825375,0.0678345100485448,1.3203835762657647,0.05137485142036572,17.0,0.0
1_346,48563889,30690502#4,12,41.09789524873281,16.86194002501164,41.0981869982295,16.86245265616856,41.0961397861059,16.865625375545516,41.09605786082924,16.865745101775993,0.9925983201135558,0.08271652667612964,1.3203835762657647,0.06264583122887965,17.0,0.0
1_347,48563889,30690502#6,14,41.09789524873281,16.86194002501164,41.0981869982295,16.86245265616856,41.09605276753405,16.865853785979894,41.09634703494554,16.865887477320282,0.8444152465835766,0.06031537475596975,1.3203835762657647,0.04568019160504126,17.0,0.0
1_348,48563889,30690562#1,11,41.09789524873281,16.86194002501164,41.0981869982295,16.86245265616856,41.09685642664094,16.863488115976995,41.09680143358644,16.863646948023916,0.9385351601614994,0.08532137819649994,1.3203835762657647,0.06461863032089593,17.0,0.0
1_349,48563889,30700001#0,22,41.09789524873281,16.86194002501164,41.0981869982295,16.86245265616856,41.102498290143565,16.860899276440428,41.10270204612888,16.861667977530942,0.5344413842317665,0.02429279019235302,1.3203835762657647,0.018398282611978966,17.0,0.0
1_350,48563889,30701540,25,41.09789524873281,16.86194002501164,41.0981869982295,16.86245265616856,41.10229020657099,16.868433397164882,41.102078649965726,16.86921998971464,0.5215093694831974,0.020860374779327895,1.3203835762657647,0.015798723306089616,17.0,0.0
1_351,50367907#2,-25586000#4,16,41.100990472674845,16.866542279290638,41.10103894328588,16.864762137276607,41.09729008762724,16.867617476071022,41.09708228313231,16.867651000294053,0.6140518162289603,0.03837823851431002,1.1311167906132868,0.03392951004953387,17.0,0.0
1_352,50367907#2,-30690505#0,12,41.100990472674845,16.866542279290638,41.10103894328588,16.864762137276607,41.0973344462996,16.866292287099714,41.097319579520544,16.86669277659945,0.5540296782487104,0.046169139854059196,1.1311167906132868,0.040817305725809695,17.0,0.0
1_353,50367907#2,-30690563#0,12,41.100990472674845,16.866542279290638,41.10103894328588,16.864762137276607,41.09685642664094,16.863488115976995,41.09670645262663,16.863482566280805,0.6739076594280587,0.05615897161900489,1.1311167906132868,0.04964913622098716,17.0,0.0
1_354,50367907#2,-48563889,11,41.100990472674845,16.866542279290638,41.10103894328588,16.864762137276607,41.0981869982295,16.86245265616856,41.09789524873281,16.86194002501164,0.8796820401864691,0.07997109456240628,1.1311167906132868,0.07070100561326323,17.0,0.0
1_355,50367907#2,1223049032#2,7,41.100990472674845,16.866542279290638,41.10103894328588,16.864762137276607,41.09900140311453,16.86453218909577,41.098487930276825,16.864507423292036,0.636063693914469,0.09086624198778129,1.1311167906132868,0.08033320939256325,17.0,0.0
1_356,50367907#2,135067339#2,9,41.100990472674845,16.866542279290638,41.10103894328588,16.864762137276607,41.10200204108037,16.86087883349133,41.102498290143565,16.860899276440428,0.979390665245393,0.10882118502726588,1.1311167906132868,0.09620685143243562,17.0,0.0
1_357,50367907#2,151503390#1,14,41.100990472674845,16.866542279290638,41.10103894328588,16.864762137276607,41.09720839325397,16.862527405085252,41.09738830286481,16.86255332618103,0.9189419725269937,0.06563871232335669,1.1311167906132868,0.058030004388642885,17.0,0.0
1_358,50367907#2,25654957#1,8,41.100990472674845,16.866542279290638,41.10103894328588,16.864762137276607,41.10078723952925,16.86923766102467,41.10163426180409,16.86933420384833,0.672992585337326,0.08412407316716575,1.1311167906132868,0.07437257926438703,17.0,0.0
1_359,50367907#2,25748726#4,9,41.100990472674845,16.866542279290638,41.10103894328588,16.864762137276607,41.09886110613235,16.860758953538713,41.09884523887303,16.861517955266983,0.9098592668087389,0.10109547408985986,1.1311167906132868,0.08937668941776235,17.0,0.0
1_360,50367907#2,25748820#3,12,41.100990472674845,16.866542279290638,41.10103894328588,16.864762137276607,41.09927860559117,16.865519653414392,41.09925612994945,16.864799452865125,0.679838860023544,0.05665323833529533,1.1311167906132868,0.05008610853047118,17.0,0.0
1_361,50367907#2,30671462#5,14,41.100990472674845,16.866542279290638,41.10103894328588,16.864762137276607,41.099072351157446,16.866752896365707,41.09910222740107,16.8672992193472,0.9169899315483765,0.06549928082488403,1.1311167906132868,0.057906735509929606,17.0,0.0
1_362,50367907#2,30690502#2,13,41.100990472674845,16.866542279290638,41.10103894328588,16.864762137276607,41.09634224775083,16.86572147902634,41.09628283259864,16.865635972974,0.6343896952204416,0.04879920732464936,1.1311167906132868,0.043142501048181445,17.0,0.0
1_363,50367907#2,30690502#4,13,41.100990472674845,16.866542279290638,41.10103894328588,16.864762137276607,41.0961397861059,16.865625375545516,41.09605786082924,16.865745101775993,0.5132236790143618,0.0394787445395663,1.1311167906132868,0.03490244762272611,17.0,0.0
1_364,50367907#2,30690502#6,15,41.100990472674845,16.866542279290638,41.10103894328588,16.864762137276607,41.09605276753405,16.865853785979894,41.09634703494554,16.865887477320282,0.8964573483985352,0.059763823226569014,1.1311167906132868,0.05283612065750108,17.0,0.0
1_365,50367907#2,30690562#1,12,41.100990472674845,16.866542279290638,41.10103894328588,16.864762137276607,41.09685642664094,16.863488115976995,41.09680143358644,16.863646948023916,0.900087737879989,0.07500731148999908,1.1311167906132868,0.0663126143228149,17.0,0.0
1_366,50367907#2,30700001#0,10,41.100990472674845,16.866542279290638,41.10103894328588,16.864762137276607,41.102498290143565,16.860899276440428,41.10270204612888,16.861667977530942,0.5068279773692413,0.050682797736924134,1.1311167906132868,0.04480774943624003,17.0,0.0
1_367,50367907#2,30701540,12,41.100990472674845,16.866542279290638,41.10103894328588,16.864762137276607,41.10229020657099,16.868433397164882,41.102078649965726,16.86921998971464,0.7681110718822761,0.06400925599018967,1.1311167906132868,0.05658943136675048,17.0,0.0
1_368,50367907#7,-25586000#4,20,41.10123408178352,16.8619926736707,41.10125146820991,16.86179752027168,41.09729008762724,16.867617476071022,41.09708228313231,16.867651000294053,0.8590569712062266,0.042952848560311334,0.9520001647316938,0.04511853059649093,17.0,0.0
1_369,50367907#7,-30690505#0,17,41.10123408178352,16.8619926736707,41.10125146820991,16.86179752027168,41.0973344462996,16.866292287099714,41.097319579520544,16.86669277659945,0.6892859471190449,0.04054623218347323,0.9520001647316938,0.042590572654890815,17.0,0.0
1_370,50367907#7,-30690563#0,17,41.10123408178352,16.8619926736707,41.10125146820991,16.86179752027168,41.09685642664094,16.863488115976995,41.09670645262663,16.863482566280805,0.5728895547456876,0.03369938557327574,0.9520001647316938,0.03539850813237346,17.0,0.0
1_371,50367907#7,-48563889,16,41.10123408178352,16.8619926736707,41.10125146820991,16.86179752027168,41.0981869982295,16.86245265616856,41.09789524873281,16.86194002501164,0.5924406896634968,0.03702754310396855,0.9520001647316938,0.03889447132018531,17.0,0.0
1_372,50367907#7,1223049032#2,12,41.10123408178352,16.8619926736707,41.10125146820991,16.86179752027168,41.09900140311453,16.86453218909577,41.098487930276825,16.864507423292036,0.5830348383731243,0.04858623653109369,0.9520001647316938,0.05103595391161193,17.0,0.0
1_373,50367907#7,135067339#2,5,41.10123408178352,16.8619926736707,41.10125146820991,16.86179752027168,41.10200204108037,16.86087883349133,41.102498290143565,16.860899276440428,0.9132039912372832,0.18264079824745666,0.9520001647316938,0.19184954479386154,17.0,0.0
1_374,50367907#7,151503390#1,19,41.10123408178352,16.8619926736707,41.10125146820991,16.86179752027168,41.09720839325397,16.862527405085252,41.09738830286481,16.86255332618103,0.6326279602073802,0.03329620843196738,0.9520001647316938,0.03497500280512177,17.0,0.0
1_375,50367907#7,25654957#1,12,41.10123408178352,16.8619926736707,41.10125146820991,16.86179752027168,41.10078723952925,16.86923766102467,41.10163426180409,16.86933420384833,0.7800076845688048,0.06500064038073372,0.9520001647316938,0.0682779717785586,17.0,0.0
1_376,50367907#7,25748726#4,14,41.10123408178352,16.8619926736707,41.10125146820991,16.86179752027168,41.09886110613235,16.860758953538713,41.09884523887303,16.861517955266983,0.6143644757044424,0.0438831768360316,0.9520001647316938,0.04609576601113234,17.0,0.0
1_377,50367907#7,25748820#3,17,41.10123408178352,16.8619926736707,41.10125146820991,16.86179752027168,41.09927860559117,16.865519653414392,41.09925612994945,16.864799452865125,0.6331692459667351,0.03724524976274912,0.9520001647316938,0.03912315474572014,17.0,0.0
1_378,50367907#7,30671462#5,19,41.10123408178352,16.8619926736707,41.10125146820991,16.86179752027168,41.099072351157446,16.866752896365707,41.09910222740107,16.8672992193472,0.5575070171835467,0.02934247458860772,0.9520001647316938,0.030821921755525568,17.0,0.0
1_379,50367907#7,30690502#2,18,41.10123408178352,16.8619926736707,41.10125146820991,16.86179752027168,41.09634224775083,16.86572147902634,41.09628283259864,16.865635972974,0.7487298392322719,0.04159610217957066,0.9520001647316938,0.0436933770818137,17.0,0.0
1_380,50367907#7,30690502#4,18,41.10123408178352,16.8619926736707,41.10125146820991,16.86179752027168,41.0961397861059,16.865625375545516,41.09605786082924,16.865745101775993,0.8838158875367796,0.0491008826409322,0.9520001647316938,0.05157654847126052,17.0,0.0
1_381,50367907#7,30690502#6,20,41.10123408178352,16.8619926736707,41.10125146820991,16.86179752027168,41.09605276753405,16.865853785979894,41.09634703494554,16.865887477320282,0.6807232006258122,0.03403616003129061,0.9520001647316938,0.03575226275394938,17.0,0.0
1_382,50367907#7,30690562#1,17,41.10123408178352,16.8619926736707,41.10125146820991,16.86179752027168,41.09685642664094,16.863488115976995,41.09680143358644,16.863646948023916,0.8501342787464051,0.05000789874978854,0.9520001647316938,0.052529296319903974,17.0,0.0
1_383,50367907#7,30700001#0,6,41.10123408178352,16.8619926736707,41.10125146820991,16.86179752027168,41.102498290143565,16.860899276440428,41.10270204612888,16.861667977530942,0.7300479014934499,0.1216746502489083,0.9520001647316938,0.1278094844481465,17.0,0.0
1_384,50367907#7,30701540,14,41.10123408178352,16.8619926736707,41.10125146820991,16.86179752027168,41.10229020657099,16.868433397164882,41.102078649965726,16.86921998971464,0.8590914735414868,0.06136367668153477,0.9520001647316938,0.06445763241945358,17.0,0.0
