flow_id,start_point_lat,start_point_lon,via_point_1_lat,via_point_1_lon,via_point_2_lat,via_point_2_lon,end_point_lat,end_point_lon
flow_2_0,41.10440468148953,16.876739151748147,41.10462013718466,16.876617630310452,41.10781671041559,16.87181707243336,41.10771770975772,16.87321379705395
flow_2_1,41.10440468148953,16.876739151748147,41.10462013718466,16.876617630310452,41.10450954428582,16.871651082575962,41.10456510973252,16.872477433605628
flow_2_2,41.10440468148953,16.876739151748147,41.10462013718466,16.876617630310452,41.10353883851455,16.871655188195383,41.103515666810864,16.87044227855002
flow_2_3,41.10440468148953,16.876739151748147,41.10462013718466,16.876617630310452,41.10445259405902,16.876042926170484,41.10436880868841,16.875761886209244
flow_2_4,41.10440468148953,16.876739151748147,41.10462013718466,16.876617630310452,41.10836405905024,16.870571573316074,41.10880559118211,16.870655444350444
flow_2_5,41.10440468148953,16.876739151748147,41.10462013718466,16.876617630310452,41.10814243673671,16.874186571324426,41.10813805327221,16.874870976018755
flow_2_6,41.10440468148953,16.876739151748147,41.10462013718466,16.876617630310452,41.10724146966218,16.87742479905898,41.10720934823202,16.87762157039797
flow_2_7,41.10440468148953,16.876739151748147,41.10462013718466,16.876617630310452,41.105709425071495,16.87508434379606,41.10600946787193,16.875045247470027
flow_2_8,41.10440468148953,16.876739151748147,41.10462013718466,16.876617630310452,41.10712583087676,16.874581370472423,41.10710214853407,16.87435955003989
flow_2_9,41.10440468148953,16.876739151748147,41.10462013718466,16.876617630310452,41.10732110319105,16.8777613495144,41.10733798267452,16.877764688678635
flow_2_10,41.10440468148953,16.876739151748147,41.10462013718466,16.876617630310452,41.108816959023954,16.87701559688476,41.111533788969055,16.876450715532847
flow_2_11,41.10440468148953,16.876739151748147,41.10462013718466,16.876617630310452,41.10106339499217,16.87820819789415,41.10125886508507,16.87968187544237
flow_2_12,41.10440468148953,16.876739151748147,41.10462013718466,16.876617630310452,41.107448933153655,16.877721763272344,41.10745580783001,16.877714456595747
flow_2_13,41.10440468148953,16.876739151748147,41.10462013718466,16.876617630310452,41.10094460424349,16.876328159376932,41.10140722536913,16.87622308620474
flow_2_14,41.10440468148953,16.876739151748147,41.10462013718466,16.876617630310452,41.10462013718466,16.876617630310452,41.10440468148953,16.876739151748147
flow_2_15,41.10440468148953,16.876739151748147,41.10462013718466,16.876617630310452,41.10710990602856,16.87028076266512,41.10764547042224,16.87037051448248
flow_2_16,41.10440468148953,16.876739151748147,41.10462013718466,16.876617630310452,41.10282219209128,16.8716118519074,41.10255940602009,16.871592123455162
flow_2_17,41.10440468148953,16.876739151748147,41.10462013718466,16.876617630310452,41.10525531107702,16.871659522788697,41.10527065176782,16.87092044157714
flow_2_18,41.10440468148953,16.876739151748147,41.10462013718466,16.876617630310452,41.10527065176782,16.87092044157714,41.104557904589925,16.87075349430906
flow_2_19,41.10440468148953,16.876739151748147,41.10462013718466,16.876617630310452,41.103532900952686,16.872347479668893,41.10351474321344,16.8729158168811
flow_2_20,41.10440468148953,16.876739151748147,41.10462013718466,16.876617630310452,41.10459014355675,16.87360777204878,41.104586032558366,16.87294674119706
flow_2_21,41.10440468148953,16.876739151748147,41.10462013718466,16.876617630310452,41.10428673559737,16.877531862648333,41.10433323843067,16.877513777059303
flow_2_22,41.10440468148953,16.876739151748147,41.10462013718466,16.876617630310452,41.10277476335755,16.87778529520797,41.102969188850125,16.879273627171905
flow_2_23,41.10440468148953,16.876739151748147,41.10462013718466,16.876617630310452,41.10877484203646,16.874159186639993,41.11248609314907,16.873643072909186
flow_2_24,41.10440468148953,16.876739151748147,41.10462013718466,16.876617630310452,41.10693282053231,16.873500754386423,41.10640317013077,16.873601328210643
flow_2_25,41.10440468148953,16.876739151748147,41.10462013718466,16.876617630310452,41.10686700172243,16.87802885995844,41.10675372463437,16.87807636260086
flow_2_26,41.10440468148953,16.876739151748147,41.10462013718466,16.876617630310452,41.10324733400062,16.87359019478166,41.102660798305045,16.873632821121205
flow_2_27,41.10440468148953,16.876739151748147,41.10462013718466,16.876617630310452,41.10451407293564,16.87751035535627,41.10489776456013,16.87885407695273
flow_2_28,41.10440468148953,16.876739151748147,41.10462013718466,16.876617630310452,41.10750236910344,16.877554656305445,41.10745023270787,16.87741550407253
flow_2_29,41.10255940602009,16.871592123455162,41.10282219209128,16.8716118519074,41.10781671041559,16.87181707243336,41.10771770975772,16.87321379705395
flow_2_30,41.10255940602009,16.871592123455162,41.10282219209128,16.8716118519074,41.10450954428582,16.871651082575962,41.10456510973252,16.872477433605628
flow_2_31,41.10255940602009,16.871592123455162,41.10282219209128,16.8716118519074,41.10353883851455,16.871655188195383,41.103515666810864,16.87044227855002
flow_2_32,41.10255940602009,16.871592123455162,41.10282219209128,16.8716118519074,41.10445259405902,16.876042926170484,41.10436880868841,16.875761886209244
flow_2_33,41.10255940602009,16.871592123455162,41.10282219209128,16.8716118519074,41.10836405905024,16.870571573316074,41.10880559118211,16.870655444350444
flow_2_34,41.10255940602009,16.871592123455162,41.10282219209128,16.8716118519074,41.10814243673671,16.874186571324426,41.10813805327221,16.874870976018755
flow_2_35,41.10255940602009,16.871592123455162,41.10282219209128,16.8716118519074,41.10724146966218,16.87742479905898,41.10720934823202,16.87762157039797
flow_2_36,41.10255940602009,16.871592123455162,41.10282219209128,16.8716118519074,41.105709425071495,16.87508434379606,41.10600946787193,16.875045247470027
flow_2_37,41.10255940602009,16.871592123455162,41.10282219209128,16.8716118519074,41.10712583087676,16.874581370472423,41.10710214853407,16.87435955003989
flow_2_38,41.10255940602009,16.871592123455162,41.10282219209128,16.8716118519074,41.10732110319105,16.8777613495144,41.10733798267452,16.877764688678635
flow_2_39,41.10255940602009,16.871592123455162,41.10282219209128,16.8716118519074,41.108816959023954,16.87701559688476,41.111533788969055,16.876450715532847
flow_2_40,41.10255940602009,16.871592123455162,41.10282219209128,16.8716118519074,41.10106339499217,16.87820819789415,41.10125886508507,16.87968187544237
flow_2_41,41.10255940602009,16.871592123455162,41.10282219209128,16.8716118519074,41.107448933153655,16.877721763272344,41.10745580783001,16.877714456595747
flow_2_42,41.10255940602009,16.871592123455162,41.10282219209128,16.8716118519074,41.10094460424349,16.876328159376932,41.10140722536913,16.87622308620474
flow_2_43,41.10255940602009,16.871592123455162,41.10282219209128,16.8716118519074,41.10462013718466,16.876617630310452,41.10440468148953,16.876739151748147
flow_2_44,41.10255940602009,16.871592123455162,41.10282219209128,16.8716118519074,41.10710990602856,16.87028076266512,41.10764547042224,16.87037051448248
flow_2_45,41.10255940602009,16.871592123455162,41.10282219209128,16.8716118519074,41.10282219209128,16.8716118519074,41.10255940602009,16.871592123455162
flow_2_46,41.10255940602009,16.871592123455162,41.10282219209128,16.8716118519074,41.10525531107702,16.871659522788697,41.10527065176782,16.87092044157714
flow_2_47,41.10255940602009,16.871592123455162,41.10282219209128,16.8716118519074,41.10527065176782,16.87092044157714,41.104557904589925,16.87075349430906
flow_2_48,41.10255940602009,16.871592123455162,41.10282219209128,16.8716118519074,41.103532900952686,16.872347479668893,41.10351474321344,16.8729158168811
flow_2_49,41.10255940602009,16.871592123455162,41.10282219209128,16.8716118519074,41.10459014355675,16.87360777204878,41.104586032558366,16.87294674119706
flow_2_50,41.10255940602009,16.871592123455162,41.10282219209128,16.8716118519074,41.10428673559737,16.877531862648333,41.10433323843067,16.877513777059303
flow_2_51,41.10255940602009,16.871592123455162,41.10282219209128,16.8716118519074,41.10277476335755,16.87778529520797,41.102969188850125,16.879273627171905
flow_2_52,41.10255940602009,16.871592123455162,41.10282219209128,16.8716118519074,41.10877484203646,16.874159186639993,41.11248609314907,16.873643072909186
flow_2_53,41.10255940602009,16.871592123455162,41.10282219209128,16.8716118519074,41.10693282053231,16.873500754386423,41.10640317013077,16.873601328210643
flow_2_54,41.10255940602009,16.871592123455162,41.10282219209128,16.8716118519074,41.10686700172243,16.87802885995844,41.10675372463437,16.87807636260086
flow_2_55,41.10255940602009,16.871592123455162,41.10282219209128,16.8716118519074,41.10324733400062,16.87359019478166,41.102660798305045,16.873632821121205
flow_2_56,41.10255940602009,16.871592123455162,41.10282219209128,16.8716118519074,41.10451407293564,16.87751035535627,41.10489776456013,16.87885407695273
flow_2_57,41.10255940602009,16.871592123455162,41.10282219209128,16.8716118519074,41.10750236910344,16.877554656305445,41.10745023270787,16.87741550407253
flow_2_58,41.10351474321344,16.8729158168811,41.103532900952686,16.872347479668893,41.10781671041559,16.87181707243336,41.10771770975772,16.87321379705395
flow_2_59,41.10351474321344,16.8729158168811,41.103532900952686,16.872347479668893,41.10450954428582,16.871651082575962,41.10456510973252,16.872477433605628
flow_2_60,41.10351474321344,16.8729158168811,41.103532900952686,16.872347479668893,41.10353883851455,16.871655188195383,41.103515666810864,16.87044227855002
flow_2_61,41.10351474321344,16.8729158168811,41.103532900952686,16.872347479668893,41.10445259405902,16.876042926170484,41.10436880868841,16.875761886209244
flow_2_62,41.10351474321344,16.8729158168811,41.103532900952686,16.872347479668893,41.10836405905024,16.870571573316074,41.10880559118211,16.870655444350444
flow_2_63,41.10351474321344,16.8729158168811,41.103532900952686,16.872347479668893,41.10814243673671,16.874186571324426,41.10813805327221,16.874870976018755
flow_2_64,41.10351474321344,16.8729158168811,41.103532900952686,16.872347479668893,41.10724146966218,16.87742479905898,41.10720934823202,16.87762157039797
flow_2_65,41.10351474321344,16.8729158168811,41.103532900952686,16.872347479668893,41.105709425071495,16.87508434379606,41.10600946787193,16.875045247470027
flow_2_66,41.10351474321344,16.8729158168811,41.103532900952686,16.872347479668893,41.10712583087676,16.874581370472423,41.10710214853407,16.87435955003989
flow_2_67,41.10351474321344,16.8729158168811,41.103532900952686,16.872347479668893,41.10732110319105,16.8777613495144,41.10733798267452,16.877764688678635
flow_2_68,41.10351474321344,16.8729158168811,41.103532900952686,16.872347479668893,41.108816959023954,16.87701559688476,41.111533788969055,16.876450715532847
flow_2_69,41.10351474321344,16.8729158168811,41.103532900952686,16.872347479668893,41.10106339499217,16.87820819789415,41.10125886508507,16.87968187544237
flow_2_70,41.10351474321344,16.8729158168811,41.103532900952686,16.872347479668893,41.107448933153655,16.877721763272344,41.10745580783001,16.877714456595747
flow_2_71,41.10351474321344,16.8729158168811,41.103532900952686,16.872347479668893,41.10094460424349,16.876328159376932,41.10140722536913,16.87622308620474
flow_2_72,41.10351474321344,16.8729158168811,41.103532900952686,16.872347479668893,41.10462013718466,16.876617630310452,41.10440468148953,16.876739151748147
flow_2_73,41.10351474321344,16.8729158168811,41.103532900952686,16.872347479668893,41.10710990602856,16.87028076266512,41.10764547042224,16.87037051448248
flow_2_74,41.10351474321344,16.8729158168811,41.103532900952686,16.872347479668893,41.10282219209128,16.8716118519074,41.10255940602009,16.871592123455162
flow_2_75,41.10351474321344,16.8729158168811,41.103532900952686,16.872347479668893,41.10525531107702,16.871659522788697,41.10527065176782,16.87092044157714
flow_2_76,41.10351474321344,16.8729158168811,41.103532900952686,16.872347479668893,41.10527065176782,16.87092044157714,41.104557904589925,16.87075349430906
flow_2_77,41.10351474321344,16.8729158168811,41.103532900952686,16.872347479668893,41.103532900952686,16.872347479668893,41.10351474321344,16.8729158168811
flow_2_78,41.10351474321344,16.8729158168811,41.103532900952686,16.872347479668893,41.10459014355675,16.87360777204878,41.104586032558366,16.87294674119706
flow_2_79,41.10351474321344,16.8729158168811,41.103532900952686,16.872347479668893,41.10428673559737,16.877531862648333,41.10433323843067,16.877513777059303
flow_2_80,41.10351474321344,16.8729158168811,41.103532900952686,16.872347479668893,41.10277476335755,16.87778529520797,41.102969188850125,16.879273627171905
flow_2_81,41.10351474321344,16.8729158168811,41.103532900952686,16.872347479668893,41.10877484203646,16.874159186639993,41.11248609314907,16.873643072909186
flow_2_82,41.10351474321344,16.8729158168811,41.103532900952686,16.872347479668893,41.10693282053231,16.873500754386423,41.10640317013077,16.873601328210643
flow_2_83,41.10351474321344,16.8729158168811,41.103532900952686,16.872347479668893,41.10686700172243,16.87802885995844,41.10675372463437,16.87807636260086
flow_2_84,41.10351474321344,16.8729158168811,41.103532900952686,16.872347479668893,41.10324733400062,16.87359019478166,41.102660798305045,16.873632821121205
flow_2_85,41.10351474321344,16.8729158168811,41.103532900952686,16.872347479668893,41.10451407293564,16.87751035535627,41.10489776456013,16.87885407695273
flow_2_86,41.10351474321344,16.8729158168811,41.103532900952686,16.872347479668893,41.10750236910344,16.877554656305445,41.10745023270787,16.87741550407253
flow_2_87,41.104586032558366,16.87294674119706,41.10459014355675,16.87360777204878,41.10781671041559,16.87181707243336,41.10771770975772,16.87321379705395
flow_2_88,41.104586032558366,16.87294674119706,41.10459014355675,16.87360777204878,41.10450954428582,16.871651082575962,41.10456510973252,16.872477433605628
flow_2_89,41.104586032558366,16.87294674119706,41.10459014355675,16.87360777204878,41.10353883851455,16.871655188195383,41.103515666810864,16.87044227855002
flow_2_90,41.104586032558366,16.87294674119706,41.10459014355675,16.87360777204878,41.10445259405902,16.876042926170484,41.10436880868841,16.875761886209244
flow_2_91,41.104586032558366,16.87294674119706,41.10459014355675,16.87360777204878,41.10836405905024,16.870571573316074,41.10880559118211,16.870655444350444
flow_2_92,41.104586032558366,16.87294674119706,41.10459014355675,16.87360777204878,41.10814243673671,16.874186571324426,41.10813805327221,16.874870976018755
flow_2_93,41.104586032558366,16.87294674119706,41.10459014355675,16.87360777204878,41.10724146966218,16.87742479905898,41.10720934823202,16.87762157039797
flow_2_94,41.104586032558366,16.87294674119706,41.10459014355675,16.87360777204878,41.105709425071495,16.87508434379606,41.10600946787193,16.875045247470027
flow_2_95,41.104586032558366,16.87294674119706,41.10459014355675,16.87360777204878,41.10712583087676,16.874581370472423,41.10710214853407,16.87435955003989
flow_2_96,41.104586032558366,16.87294674119706,41.10459014355675,16.87360777204878,41.10732110319105,16.8777613495144,41.10733798267452,16.877764688678635
flow_2_97,41.104586032558366,16.87294674119706,41.10459014355675,16.87360777204878,41.108816959023954,16.87701559688476,41.111533788969055,16.876450715532847
flow_2_98,41.104586032558366,16.87294674119706,41.10459014355675,16.87360777204878,41.10106339499217,16.87820819789415,41.10125886508507,16.87968187544237
flow_2_99,41.104586032558366,16.87294674119706,41.10459014355675,16.87360777204878,41.107448933153655,16.877721763272344,41.10745580783001,16.877714456595747
flow_2_100,41.104586032558366,16.87294674119706,41.10459014355675,16.87360777204878,41.10094460424349,16.876328159376932,41.10140722536913,16.87622308620474
flow_2_101,41.104586032558366,16.87294674119706,41.10459014355675,16.87360777204878,41.10462013718466,16.876617630310452,41.10440468148953,16.876739151748147
flow_2_102,41.104586032558366,16.87294674119706,41.10459014355675,16.87360777204878,41.10710990602856,16.87028076266512,41.10764547042224,16.87037051448248
flow_2_103,41.104586032558366,16.87294674119706,41.10459014355675,16.87360777204878,41.10282219209128,16.8716118519074,41.10255940602009,16.871592123455162
flow_2_104,41.104586032558366,16.87294674119706,41.10459014355675,16.87360777204878,41.10525531107702,16.871659522788697,41.10527065176782,16.87092044157714
flow_2_105,41.104586032558366,16.87294674119706,41.10459014355675,16.87360777204878,41.10527065176782,16.87092044157714,41.104557904589925,16.87075349430906
flow_2_106,41.104586032558366,16.87294674119706,41.10459014355675,16.87360777204878,41.103532900952686,16.872347479668893,41.10351474321344,16.8729158168811
flow_2_107,41.104586032558366,16.87294674119706,41.10459014355675,16.87360777204878,41.10459014355675,16.87360777204878,41.104586032558366,16.87294674119706
flow_2_108,41.104586032558366,16.87294674119706,41.10459014355675,16.87360777204878,41.10428673559737,16.877531862648333,41.10433323843067,16.877513777059303
flow_2_109,41.104586032558366,16.87294674119706,41.10459014355675,16.87360777204878,41.10277476335755,16.87778529520797,41.102969188850125,16.879273627171905
flow_2_110,41.104586032558366,16.87294674119706,41.10459014355675,16.87360777204878,41.10877484203646,16.874159186639993,41.11248609314907,16.873643072909186
flow_2_111,41.104586032558366,16.87294674119706,41.10459014355675,16.87360777204878,41.10693282053231,16.873500754386423,41.10640317013077,16.873601328210643
flow_2_112,41.104586032558366,16.87294674119706,41.10459014355675,16.87360777204878,41.10686700172243,16.87802885995844,41.10675372463437,16.87807636260086
flow_2_113,41.104586032558366,16.87294674119706,41.10459014355675,16.87360777204878,41.10324733400062,16.87359019478166,41.102660798305045,16.873632821121205
flow_2_114,41.104586032558366,16.87294674119706,41.10459014355675,16.87360777204878,41.10451407293564,16.87751035535627,41.10489776456013,16.87885407695273
flow_2_115,41.104586032558366,16.87294674119706,41.10459014355675,16.87360777204878,41.10750236910344,16.877554656305445,41.10745023270787,16.87741550407253
flow_2_116,41.102969188850125,16.879273627171905,41.10277476335755,16.87778529520797,41.10781671041559,16.87181707243336,41.10771770975772,16.87321379705395
flow_2_117,41.102969188850125,16.879273627171905,41.10277476335755,16.87778529520797,41.10450954428582,16.871651082575962,41.10456510973252,16.872477433605628
flow_2_118,41.102969188850125,16.879273627171905,41.10277476335755,16.87778529520797,41.10353883851455,16.871655188195383,41.103515666810864,16.87044227855002
flow_2_119,41.102969188850125,16.879273627171905,41.10277476335755,16.87778529520797,41.10445259405902,16.876042926170484,41.10436880868841,16.875761886209244
flow_2_120,41.102969188850125,16.879273627171905,41.10277476335755,16.87778529520797,41.10836405905024,16.870571573316074,41.10880559118211,16.870655444350444
flow_2_121,41.102969188850125,16.879273627171905,41.10277476335755,16.87778529520797,41.10814243673671,16.874186571324426,41.10813805327221,16.874870976018755
flow_2_122,41.102969188850125,16.879273627171905,41.10277476335755,16.87778529520797,41.10724146966218,16.87742479905898,41.10720934823202,16.87762157039797
flow_2_123,41.102969188850125,16.879273627171905,41.10277476335755,16.87778529520797,41.105709425071495,16.87508434379606,41.10600946787193,16.875045247470027
flow_2_124,41.102969188850125,16.879273627171905,41.10277476335755,16.87778529520797,41.10712583087676,16.874581370472423,41.10710214853407,16.87435955003989
flow_2_125,41.102969188850125,16.879273627171905,41.10277476335755,16.87778529520797,41.10732110319105,16.8777613495144,41.10733798267452,16.877764688678635
flow_2_126,41.102969188850125,16.879273627171905,41.10277476335755,16.87778529520797,41.108816959023954,16.87701559688476,41.111533788969055,16.876450715532847
flow_2_127,41.102969188850125,16.879273627171905,41.10277476335755,16.87778529520797,41.10106339499217,16.87820819789415,41.10125886508507,16.87968187544237
flow_2_128,41.102969188850125,16.879273627171905,41.10277476335755,16.87778529520797,41.107448933153655,16.877721763272344,41.10745580783001,16.877714456595747
flow_2_129,41.102969188850125,16.879273627171905,41.10277476335755,16.87778529520797,41.10094460424349,16.876328159376932,41.10140722536913,16.87622308620474
flow_2_130,41.102969188850125,16.879273627171905,41.10277476335755,16.87778529520797,41.10462013718466,16.876617630310452,41.10440468148953,16.876739151748147
flow_2_131,41.102969188850125,16.879273627171905,41.10277476335755,16.87778529520797,41.10710990602856,16.87028076266512,41.10764547042224,16.87037051448248
flow_2_132,41.102969188850125,16.879273627171905,41.10277476335755,16.87778529520797,41.10282219209128,16.8716118519074,41.10255940602009,16.871592123455162
flow_2_133,41.102969188850125,16.879273627171905,41.10277476335755,16.87778529520797,41.10525531107702,16.871659522788697,41.10527065176782,16.87092044157714
flow_2_134,41.102969188850125,16.879273627171905,41.10277476335755,16.87778529520797,41.10527065176782,16.87092044157714,41.104557904589925,16.87075349430906
flow_2_135,41.102969188850125,16.879273627171905,41.10277476335755,16.87778529520797,41.103532900952686,16.872347479668893,41.10351474321344,16.8729158168811
flow_2_136,41.102969188850125,16.879273627171905,41.10277476335755,16.87778529520797,41.10459014355675,16.87360777204878,41.104586032558366,16.87294674119706
flow_2_137,41.102969188850125,16.879273627171905,41.10277476335755,16.87778529520797,41.10428673559737,16.877531862648333,41.10433323843067,16.877513777059303
flow_2_138,41.102969188850125,16.879273627171905,41.10277476335755,16.87778529520797,41.10277476335755,16.87778529520797,41.102969188850125,16.879273627171905
flow_2_139,41.102969188850125,16.879273627171905,41.10277476335755,16.87778529520797,41.10877484203646,16.874159186639993,41.11248609314907,16.873643072909186
flow_2_140,41.102969188850125,16.879273627171905,41.10277476335755,16.87778529520797,41.10693282053231,16.873500754386423,41.10640317013077,16.873601328210643
flow_2_141,41.102969188850125,16.879273627171905,41.10277476335755,16.87778529520797,41.10686700172243,16.87802885995844,41.10675372463437,16.87807636260086
flow_2_142,41.102969188850125,16.879273627171905,41.10277476335755,16.87778529520797,41.10324733400062,16.87359019478166,41.102660798305045,16.873632821121205
flow_2_143,41.102969188850125,16.879273627171905,41.10277476335755,16.87778529520797,41.10451407293564,16.87751035535627,41.10489776456013,16.87885407695273
flow_2_144,41.102969188850125,16.879273627171905,41.10277476335755,16.87778529520797,41.10750236910344,16.877554656305445,41.10745023270787,16.87741550407253
flow_2_145,41.10675372463437,16.87807636260086,41.10686700172243,16.87802885995844,41.10781671041559,16.87181707243336,41.10771770975772,16.87321379705395
flow_2_146,41.10675372463437,16.87807636260086,41.10686700172243,16.87802885995844,41.10450954428582,16.871651082575962,41.10456510973252,16.872477433605628
flow_2_147,41.10675372463437,16.87807636260086,41.10686700172243,16.87802885995844,41.10353883851455,16.871655188195383,41.103515666810864,16.87044227855002
flow_2_148,41.10675372463437,16.87807636260086,41.10686700172243,16.87802885995844,41.10445259405902,16.876042926170484,41.10436880868841,16.875761886209244
flow_2_149,41.10675372463437,16.87807636260086,41.10686700172243,16.87802885995844,41.10836405905024,16.870571573316074,41.10880559118211,16.870655444350444
flow_2_150,41.10675372463437,16.87807636260086,41.10686700172243,16.87802885995844,41.10814243673671,16.874186571324426,41.10813805327221,16.874870976018755
flow_2_151,41.10675372463437,16.87807636260086,41.10686700172243,16.87802885995844,41.10724146966218,16.87742479905898,41.10720934823202,16.87762157039797
flow_2_152,41.10675372463437,16.87807636260086,41.10686700172243,16.87802885995844,41.105709425071495,16.87508434379606,41.10600946787193,16.875045247470027
flow_2_153,41.10675372463437,16.87807636260086,41.10686700172243,16.87802885995844,41.10712583087676,16.874581370472423,41.10710214853407,16.87435955003989
flow_2_154,41.10675372463437,16.87807636260086,41.10686700172243,16.87802885995844,41.10732110319105,16.8777613495144,41.10733798267452,16.877764688678635
flow_2_155,41.10675372463437,16.87807636260086,41.10686700172243,16.87802885995844,41.108816959023954,16.87701559688476,41.111533788969055,16.876450715532847
flow_2_156,41.10675372463437,16.87807636260086,41.10686700172243,16.87802885995844,41.10106339499217,16.87820819789415,41.10125886508507,16.87968187544237
flow_2_157,41.10675372463437,16.87807636260086,41.10686700172243,16.87802885995844,41.107448933153655,16.877721763272344,41.10745580783001,16.877714456595747
flow_2_158,41.10675372463437,16.87807636260086,41.10686700172243,16.87802885995844,41.10094460424349,16.876328159376932,41.10140722536913,16.87622308620474
flow_2_159,41.10675372463437,16.87807636260086,41.10686700172243,16.87802885995844,41.10462013718466,16.876617630310452,41.10440468148953,16.876739151748147
flow_2_160,41.10675372463437,16.87807636260086,41.10686700172243,16.87802885995844,41.10710990602856,16.87028076266512,41.10764547042224,16.87037051448248
flow_2_161,41.10675372463437,16.87807636260086,41.10686700172243,16.87802885995844,41.10282219209128,16.8716118519074,41.10255940602009,16.871592123455162
flow_2_162,41.10675372463437,16.87807636260086,41.10686700172243,16.87802885995844,41.10525531107702,16.871659522788697,41.10527065176782,16.87092044157714
flow_2_163,41.10675372463437,16.87807636260086,41.10686700172243,16.87802885995844,41.10527065176782,16.87092044157714,41.104557904589925,16.87075349430906
flow_2_164,41.10675372463437,16.87807636260086,41.10686700172243,16.87802885995844,41.103532900952686,16.872347479668893,41.10351474321344,16.8729158168811
flow_2_165,41.10675372463437,16.87807636260086,41.10686700172243,16.87802885995844,41.10459014355675,16.87360777204878,41.104586032558366,16.87294674119706
flow_2_166,41.10675372463437,16.87807636260086,41.10686700172243,16.87802885995844,41.10428673559737,16.877531862648333,41.10433323843067,16.877513777059303
flow_2_167,41.10675372463437,16.87807636260086,41.10686700172243,16.87802885995844,41.10277476335755,16.87778529520797,41.102969188850125,16.879273627171905
flow_2_168,41.10675372463437,16.87807636260086,41.10686700172243,16.87802885995844,41.10877484203646,16.874159186639993,41.11248609314907,16.873643072909186
flow_2_169,41.10675372463437,16.87807636260086,41.10686700172243,16.87802885995844,41.10693282053231,16.873500754386423,41.10640317013077,16.873601328210643
flow_2_170,41.10675372463437,16.87807636260086,41.10686700172243,16.87802885995844,41.10686700172243,16.87802885995844,41.10675372463437,16.87807636260086
flow_2_171,41.10675372463437,16.87807636260086,41.10686700172243,16.87802885995844,41.10324733400062,16.87359019478166,41.102660798305045,16.873632821121205
flow_2_172,41.10675372463437,16.87807636260086,41.10686700172243,16.87802885995844,41.10451407293564,16.87751035535627,41.10489776456013,16.87885407695273
flow_2_173,41.10675372463437,16.87807636260086,41.10686700172243,16.87802885995844,41.10750236910344,16.877554656305445,41.10745023270787,16.87741550407253
flow_2_174,41.10836405905024,16.870571573316074,41.10880559118211,16.870655444350444,41.10781671041559,16.87181707243336,41.10771770975772,16.87321379705395
flow_2_175,41.10836405905024,16.870571573316074,41.10880559118211,16.870655444350444,41.10450954428582,16.871651082575962,41.10456510973252,16.872477433605628
flow_2_176,41.10836405905024,16.870571573316074,41.10880559118211,16.870655444350444,41.10353883851455,16.871655188195383,41.103515666810864,16.87044227855002
flow_2_177,41.10836405905024,16.870571573316074,41.10880559118211,16.870655444350444,41.10445259405902,16.876042926170484,41.10436880868841,16.875761886209244
flow_2_178,41.10836405905024,16.870571573316074,41.10880559118211,16.870655444350444,41.10814243673671,16.874186571324426,41.10813805327221,16.874870976018755
flow_2_179,41.10836405905024,16.870571573316074,41.10880559118211,16.870655444350444,41.10724146966218,16.87742479905898,41.10720934823202,16.87762157039797
flow_2_180,41.10836405905024,16.870571573316074,41.10880559118211,16.870655444350444,41.105709425071495,16.87508434379606,41.10600946787193,16.875045247470027
flow_2_181,41.10836405905024,16.870571573316074,41.10880559118211,16.870655444350444,41.10712583087676,16.874581370472423,41.10710214853407,16.87435955003989
flow_2_182,41.10836405905024,16.870571573316074,41.10880559118211,16.870655444350444,41.10732110319105,16.8777613495144,41.10733798267452,16.877764688678635
flow_2_183,41.10836405905024,16.870571573316074,41.10880559118211,16.870655444350444,41.108816959023954,16.87701559688476,41.111533788969055,16.876450715532847
flow_2_184,41.10836405905024,16.870571573316074,41.10880559118211,16.870655444350444,41.10106339499217,16.87820819789415,41.10125886508507,16.87968187544237
flow_2_185,41.10836405905024,16.870571573316074,41.10880559118211,16.870655444350444,41.107448933153655,16.877721763272344,41.10745580783001,16.877714456595747
flow_2_186,41.10836405905024,16.870571573316074,41.10880559118211,16.870655444350444,41.10094460424349,16.876328159376932,41.10140722536913,16.87622308620474
flow_2_187,41.10836405905024,16.870571573316074,41.10880559118211,16.870655444350444,41.10462013718466,16.876617630310452,41.10440468148953,16.876739151748147
flow_2_188,41.10836405905024,16.870571573316074,41.10880559118211,16.870655444350444,41.10710990602856,16.87028076266512,41.10764547042224,16.87037051448248
flow_2_189,41.10836405905024,16.870571573316074,41.10880559118211,16.870655444350444,41.10282219209128,16.8716118519074,41.10255940602009,16.871592123455162
flow_2_190,41.10836405905024,16.870571573316074,41.10880559118211,16.870655444350444,41.10525531107702,16.871659522788697,41.10527065176782,16.87092044157714
flow_2_191,41.10836405905024,16.870571573316074,41.10880559118211,16.870655444350444,41.10527065176782,16.87092044157714,41.104557904589925,16.87075349430906
flow_2_192,41.10836405905024,16.870571573316074,41.10880559118211,16.870655444350444,41.103532900952686,16.872347479668893,41.10351474321344,16.8729158168811
flow_2_193,41.10836405905024,16.870571573316074,41.10880559118211,16.870655444350444,41.10459014355675,16.87360777204878,41.104586032558366,16.87294674119706
flow_2_194,41.10836405905024,16.870571573316074,41.10880559118211,16.870655444350444,41.10428673559737,16.877531862648333,41.10433323843067,16.877513777059303
flow_2_195,41.10836405905024,16.870571573316074,41.10880559118211,16.870655444350444,41.10277476335755,16.87778529520797,41.102969188850125,16.879273627171905
flow_2_196,41.10836405905024,16.870571573316074,41.10880559118211,16.870655444350444,41.10877484203646,16.874159186639993,41.11248609314907,16.873643072909186
flow_2_197,41.10836405905024,16.870571573316074,41.10880559118211,16.870655444350444,41.10693282053231,16.873500754386423,41.10640317013077,16.873601328210643
flow_2_198,41.10836405905024,16.870571573316074,41.10880559118211,16.870655444350444,41.10686700172243,16.87802885995844,41.10675372463437,16.87807636260086
flow_2_199,41.10836405905024,16.870571573316074,41.10880559118211,16.870655444350444,41.10324733400062,16.87359019478166,41.102660798305045,16.873632821121205
flow_2_200,41.10836405905024,16.870571573316074,41.10880559118211,16.870655444350444,41.10451407293564,16.87751035535627,41.10489776456013,16.87885407695273
flow_2_201,41.10836405905024,16.870571573316074,41.10880559118211,16.870655444350444,41.10750236910344,16.877554656305445,41.10745023270787,16.87741550407253
flow_2_202,41.10825331007328,16.874956308863016,41.10822749751244,16.87572287225404,41.10781671041559,16.87181707243336,41.10771770975772,16.87321379705395
flow_2_203,41.10825331007328,16.874956308863016,41.10822749751244,16.87572287225404,41.10450954428582,16.871651082575962,41.10456510973252,16.872477433605628
flow_2_204,41.10825331007328,16.874956308863016,41.10822749751244,16.87572287225404,41.10353883851455,16.871655188195383,41.103515666810864,16.87044227855002
flow_2_205,41.10825331007328,16.874956308863016,41.10822749751244,16.87572287225404,41.10445259405902,16.876042926170484,41.10436880868841,16.875761886209244
flow_2_206,41.10825331007328,16.874956308863016,41.10822749751244,16.87572287225404,41.10836405905024,16.870571573316074,41.10880559118211,16.870655444350444
flow_2_207,41.10825331007328,16.874956308863016,41.10822749751244,16.87572287225404,41.10814243673671,16.874186571324426,41.10813805327221,16.874870976018755
flow_2_208,41.10825331007328,16.874956308863016,41.10822749751244,16.87572287225404,41.10724146966218,16.87742479905898,41.10720934823202,16.87762157039797
flow_2_209,41.10825331007328,16.874956308863016,41.10822749751244,16.87572287225404,41.105709425071495,16.87508434379606,41.10600946787193,16.875045247470027
flow_2_210,41.10825331007328,16.874956308863016,41.10822749751244,16.87572287225404,41.10712583087676,16.874581370472423,41.10710214853407,16.87435955003989
flow_2_211,41.10825331007328,16.874956308863016,41.10822749751244,16.87572287225404,41.10732110319105,16.8777613495144,41.10733798267452,16.877764688678635
flow_2_212,41.10825331007328,16.874956308863016,41.10822749751244,16.87572287225404,41.108816959023954,16.87701559688476,41.111533788969055,16.876450715532847
flow_2_213,41.10825331007328,16.874956308863016,41.10822749751244,16.87572287225404,41.10106339499217,16.87820819789415,41.10125886508507,16.87968187544237
flow_2_214,41.10825331007328,16.874956308863016,41.10822749751244,16.87572287225404,41.107448933153655,16.877721763272344,41.10745580783001,16.877714456595747
flow_2_215,41.10825331007328,16.874956308863016,41.10822749751244,16.87572287225404,41.10094460424349,16.876328159376932,41.10140722536913,16.87622308620474
flow_2_216,41.10825331007328,16.874956308863016,41.10822749751244,16.87572287225404,41.10462013718466,16.876617630310452,41.10440468148953,16.876739151748147
flow_2_217,41.10825331007328,16.874956308863016,41.10822749751244,16.87572287225404,41.10710990602856,16.87028076266512,41.10764547042224,16.87037051448248
flow_2_218,41.10825331007328,16.874956308863016,41.10822749751244,16.87572287225404,41.10282219209128,16.8716118519074,41.10255940602009,16.871592123455162
flow_2_219,41.10825331007328,16.874956308863016,41.10822749751244,16.87572287225404,41.10525531107702,16.871659522788697,41.10527065176782,16.87092044157714
flow_2_220,41.10825331007328,16.874956308863016,41.10822749751244,16.87572287225404,41.10527065176782,16.87092044157714,41.104557904589925,16.87075349430906
flow_2_221,41.10825331007328,16.874956308863016,41.10822749751244,16.87572287225404,41.103532900952686,16.872347479668893,41.10351474321344,16.8729158168811
flow_2_222,41.10825331007328,16.874956308863016,41.10822749751244,16.87572287225404,41.10459014355675,16.87360777204878,41.104586032558366,16.87294674119706
flow_2_223,41.10825331007328,16.874956308863016,41.10822749751244,16.87572287225404,41.10428673559737,16.877531862648333,41.10433323843067,16.877513777059303
flow_2_224,41.10825331007328,16.874956308863016,41.10822749751244,16.87572287225404,41.10277476335755,16.87778529520797,41.102969188850125,16.879273627171905
flow_2_225,41.10825331007328,16.874956308863016,41.10822749751244,16.87572287225404,41.10877484203646,16.874159186639993,41.11248609314907,16.873643072909186
flow_2_226,41.10825331007328,16.874956308863016,41.10822749751244,16.87572287225404,41.10693282053231,16.873500754386423,41.10640317013077,16.873601328210643
flow_2_227,41.10825331007328,16.874956308863016,41.10822749751244,16.87572287225404,41.10686700172243,16.87802885995844,41.10675372463437,16.87807636260086
flow_2_228,41.10825331007328,16.874956308863016,41.10822749751244,16.87572287225404,41.10324733400062,16.87359019478166,41.102660798305045,16.873632821121205
flow_2_229,41.10825331007328,16.874956308863016,41.10822749751244,16.87572287225404,41.10451407293564,16.87751035535627,41.10489776456013,16.87885407695273
flow_2_230,41.10825331007328,16.874956308863016,41.10822749751244,16.87572287225404,41.10750236910344,16.877554656305445,41.10745023270787,16.87741550407253
flow_2_231,41.106359258768734,16.87720531294635,41.10615200180934,16.877221677580287,41.10781671041559,16.87181707243336,41.10771770975772,16.87321379705395
flow_2_232,41.106359258768734,16.87720531294635,41.10615200180934,16.877221677580287,41.10450954428582,16.871651082575962,41.10456510973252,16.872477433605628
flow_2_233,41.106359258768734,16.87720531294635,41.10615200180934,16.877221677580287,41.10353883851455,16.871655188195383,41.103515666810864,16.87044227855002
flow_2_234,41.106359258768734,16.87720531294635,41.10615200180934,16.877221677580287,41.10445259405902,16.876042926170484,41.10436880868841,16.875761886209244
flow_2_235,41.106359258768734,16.87720531294635,41.10615200180934,16.877221677580287,41.10836405905024,16.870571573316074,41.10880559118211,16.870655444350444
flow_2_236,41.106359258768734,16.87720531294635,41.10615200180934,16.877221677580287,41.10814243673671,16.874186571324426,41.10813805327221,16.874870976018755
flow_2_237,41.106359258768734,16.87720531294635,41.10615200180934,16.877221677580287,41.10724146966218,16.87742479905898,41.10720934823202,16.87762157039797
flow_2_238,41.106359258768734,16.87720531294635,41.10615200180934,16.877221677580287,41.105709425071495,16.87508434379606,41.10600946787193,16.875045247470027
flow_2_239,41.106359258768734,16.87720531294635,41.10615200180934,16.877221677580287,41.10712583087676,16.874581370472423,41.10710214853407,16.87435955003989
flow_2_240,41.106359258768734,16.87720531294635,41.10615200180934,16.877221677580287,41.10732110319105,16.8777613495144,41.10733798267452,16.877764688678635
flow_2_241,41.106359258768734,16.87720531294635,41.10615200180934,16.877221677580287,41.108816959023954,16.87701559688476,41.111533788969055,16.876450715532847
flow_2_242,41.106359258768734,16.87720531294635,41.10615200180934,16.877221677580287,41.10106339499217,16.87820819789415,41.10125886508507,16.87968187544237
flow_2_243,41.106359258768734,16.87720531294635,41.10615200180934,16.877221677580287,41.107448933153655,16.877721763272344,41.10745580783001,16.877714456595747
flow_2_244,41.106359258768734,16.87720531294635,41.10615200180934,16.877221677580287,41.10094460424349,16.876328159376932,41.10140722536913,16.87622308620474
flow_2_245,41.106359258768734,16.87720531294635,41.10615200180934,16.877221677580287,41.10462013718466,16.876617630310452,41.10440468148953,16.876739151748147
flow_2_246,41.106359258768734,16.87720531294635,41.10615200180934,16.877221677580287,41.10710990602856,16.87028076266512,41.10764547042224,16.87037051448248
flow_2_247,41.106359258768734,16.87720531294635,41.10615200180934,16.877221677580287,41.10282219209128,16.8716118519074,41.10255940602009,16.871592123455162
flow_2_248,41.106359258768734,16.87720531294635,41.10615200180934,16.877221677580287,41.10525531107702,16.871659522788697,41.10527065176782,16.87092044157714
flow_2_249,41.106359258768734,16.87720531294635,41.10615200180934,16.877221677580287,41.10527065176782,16.87092044157714,41.104557904589925,16.87075349430906
flow_2_250,41.106359258768734,16.87720531294635,41.10615200180934,16.877221677580287,41.103532900952686,16.872347479668893,41.10351474321344,16.8729158168811
flow_2_251,41.106359258768734,16.87720531294635,41.10615200180934,16.877221677580287,41.10459014355675,16.87360777204878,41.104586032558366,16.87294674119706
flow_2_252,41.106359258768734,16.87720531294635,41.10615200180934,16.877221677580287,41.10428673559737,16.877531862648333,41.10433323843067,16.877513777059303
flow_2_253,41.106359258768734,16.87720531294635,41.10615200180934,16.877221677580287,41.10277476335755,16.87778529520797,41.102969188850125,16.879273627171905
flow_2_254,41.106359258768734,16.87720531294635,41.10615200180934,16.877221677580287,41.10877484203646,16.874159186639993,41.11248609314907,16.873643072909186
flow_2_255,41.106359258768734,16.87720531294635,41.10615200180934,16.877221677580287,41.10693282053231,16.873500754386423,41.10640317013077,16.873601328210643
flow_2_256,41.106359258768734,16.87720531294635,41.10615200180934,16.877221677580287,41.10686700172243,16.87802885995844,41.10675372463437,16.87807636260086
flow_2_257,41.106359258768734,16.87720531294635,41.10615200180934,16.877221677580287,41.10324733400062,16.87359019478166,41.102660798305045,16.873632821121205
flow_2_258,41.106359258768734,16.87720531294635,41.10615200180934,16.877221677580287,41.10451407293564,16.87751035535627,41.10489776456013,16.87885407695273
flow_2_259,41.106359258768734,16.87720531294635,41.10615200180934,16.877221677580287,41.10750236910344,16.877554656305445,41.10745023270787,16.87741550407253
flow_2_260,41.10505793879827,16.873610831591872,41.10484523366878,16.87360776085011,41.10781671041559,16.87181707243336,41.10771770975772,16.87321379705395
flow_2_261,41.10505793879827,16.873610831591872,41.10484523366878,16.87360776085011,41.10450954428582,16.871651082575962,41.10456510973252,16.872477433605628
flow_2_262,41.10505793879827,16.873610831591872,41.10484523366878,16.87360776085011,41.10353883851455,16.871655188195383,41.103515666810864,16.87044227855002
flow_2_263,41.10505793879827,16.873610831591872,41.10484523366878,16.87360776085011,41.10445259405902,16.876042926170484,41.10436880868841,16.875761886209244
flow_2_264,41.10505793879827,16.873610831591872,41.10484523366878,16.87360776085011,41.10836405905024,16.870571573316074,41.10880559118211,16.870655444350444
flow_2_265,41.10505793879827,16.873610831591872,41.10484523366878,16.87360776085011,41.10814243673671,16.874186571324426,41.10813805327221,16.874870976018755
flow_2_266,41.10505793879827,16.873610831591872,41.10484523366878,16.87360776085011,41.10724146966218,16.87742479905898,41.10720934823202,16.87762157039797
flow_2_267,41.10505793879827,16.873610831591872,41.10484523366878,16.87360776085011,41.105709425071495,16.87508434379606,41.10600946787193,16.875045247470027
flow_2_268,41.10505793879827,16.873610831591872,41.10484523366878,16.87360776085011,41.10712583087676,16.874581370472423,41.10710214853407,16.87435955003989
flow_2_269,41.10505793879827,16.873610831591872,41.10484523366878,16.87360776085011,41.10732110319105,16.8777613495144,41.10733798267452,16.877764688678635
flow_2_270,41.10505793879827,16.873610831591872,41.10484523366878,16.87360776085011,41.108816959023954,16.87701559688476,41.111533788969055,16.876450715532847
flow_2_271,41.10505793879827,16.873610831591872,41.10484523366878,16.87360776085011,41.10106339499217,16.87820819789415,41.10125886508507,16.87968187544237
flow_2_272,41.10505793879827,16.873610831591872,41.10484523366878,16.87360776085011,41.107448933153655,16.877721763272344,41.10745580783001,16.877714456595747
flow_2_273,41.10505793879827,16.873610831591872,41.10484523366878,16.87360776085011,41.10094460424349,16.876328159376932,41.10140722536913,16.87622308620474
flow_2_274,41.10505793879827,16.873610831591872,41.10484523366878,16.87360776085011,41.10462013718466,16.876617630310452,41.10440468148953,16.876739151748147
flow_2_275,41.10505793879827,16.873610831591872,41.10484523366878,16.87360776085011,41.10710990602856,16.87028076266512,41.10764547042224,16.87037051448248
flow_2_276,41.10505793879827,16.873610831591872,41.10484523366878,16.87360776085011,41.10282219209128,16.8716118519074,41.10255940602009,16.871592123455162
flow_2_277,41.10505793879827,16.873610831591872,41.10484523366878,16.87360776085011,41.10525531107702,16.871659522788697,41.10527065176782,16.87092044157714
flow_2_278,41.10505793879827,16.873610831591872,41.10484523366878,16.87360776085011,41.10527065176782,16.87092044157714,41.104557904589925,16.87075349430906
flow_2_279,41.10505793879827,16.873610831591872,41.10484523366878,16.87360776085011,41.103532900952686,16.872347479668893,41.10351474321344,16.8729158168811
flow_2_280,41.10505793879827,16.873610831591872,41.10484523366878,16.87360776085011,41.10459014355675,16.87360777204878,41.104586032558366,16.87294674119706
flow_2_281,41.10505793879827,16.873610831591872,41.10484523366878,16.87360776085011,41.10428673559737,16.877531862648333,41.10433323843067,16.877513777059303
flow_2_282,41.10505793879827,16.873610831591872,41.10484523366878,16.87360776085011,41.10277476335755,16.87778529520797,41.102969188850125,16.879273627171905
flow_2_283,41.10505793879827,16.873610831591872,41.10484523366878,16.87360776085011,41.10877484203646,16.874159186639993,41.11248609314907,16.873643072909186
flow_2_284,41.10505793879827,16.873610831591872,41.10484523366878,16.87360776085011,41.10693282053231,16.873500754386423,41.10640317013077,16.873601328210643
flow_2_285,41.10505793879827,16.873610831591872,41.10484523366878,16.87360776085011,41.10686700172243,16.87802885995844,41.10675372463437,16.87807636260086
flow_2_286,41.10505793879827,16.873610831591872,41.10484523366878,16.87360776085011,41.10324733400062,16.87359019478166,41.102660798305045,16.873632821121205
flow_2_287,41.10505793879827,16.873610831591872,41.10484523366878,16.87360776085011,41.10451407293564,16.87751035535627,41.10489776456013,16.87885407695273
flow_2_288,41.10505793879827,16.873610831591872,41.10484523366878,16.87360776085011,41.10750236910344,16.877554656305445,41.10745023270787,16.87741550407253
flow_2_289,41.10724146966218,16.87742479905898,41.10720934823202,16.87762157039797,41.10781671041559,16.87181707243336,41.10771770975772,16.87321379705395
flow_2_290,41.10724146966218,16.87742479905898,41.10720934823202,16.87762157039797,41.10450954428582,16.871651082575962,41.10456510973252,16.872477433605628
flow_2_291,41.10724146966218,16.87742479905898,41.10720934823202,16.87762157039797,41.10353883851455,16.871655188195383,41.103515666810864,16.87044227855002
flow_2_292,41.10724146966218,16.87742479905898,41.10720934823202,16.87762157039797,41.10445259405902,16.876042926170484,41.10436880868841,16.875761886209244
flow_2_293,41.10724146966218,16.87742479905898,41.10720934823202,16.87762157039797,41.10836405905024,16.870571573316074,41.10880559118211,16.870655444350444
flow_2_294,41.10724146966218,16.87742479905898,41.10720934823202,16.87762157039797,41.10814243673671,16.874186571324426,41.10813805327221,16.874870976018755
flow_2_295,41.10724146966218,16.87742479905898,41.10720934823202,16.87762157039797,41.105709425071495,16.87508434379606,41.10600946787193,16.875045247470027
flow_2_296,41.10724146966218,16.87742479905898,41.10720934823202,16.87762157039797,41.10712583087676,16.874581370472423,41.10710214853407,16.87435955003989
flow_2_297,41.10724146966218,16.87742479905898,41.10720934823202,16.87762157039797,41.10732110319105,16.8777613495144,41.10733798267452,16.877764688678635
flow_2_298,41.10724146966218,16.87742479905898,41.10720934823202,16.87762157039797,41.108816959023954,16.87701559688476,41.111533788969055,16.876450715532847
flow_2_299,41.10724146966218,16.87742479905898,41.10720934823202,16.87762157039797,41.10106339499217,16.87820819789415,41.10125886508507,16.87968187544237
flow_2_300,41.10724146966218,16.87742479905898,41.10720934823202,16.87762157039797,41.107448933153655,16.877721763272344,41.10745580783001,16.877714456595747
flow_2_301,41.10724146966218,16.87742479905898,41.10720934823202,16.87762157039797,41.10094460424349,16.876328159376932,41.10140722536913,16.87622308620474
flow_2_302,41.10724146966218,16.87742479905898,41.10720934823202,16.87762157039797,41.10462013718466,16.876617630310452,41.10440468148953,16.876739151748147
flow_2_303,41.10724146966218,16.87742479905898,41.10720934823202,16.87762157039797,41.10710990602856,16.87028076266512,41.10764547042224,16.87037051448248
flow_2_304,41.10724146966218,16.87742479905898,41.10720934823202,16.87762157039797,41.10282219209128,16.8716118519074,41.10255940602009,16.871592123455162
flow_2_305,41.10724146966218,16.87742479905898,41.10720934823202,16.87762157039797,41.10525531107702,16.871659522788697,41.10527065176782,16.87092044157714
flow_2_306,41.10724146966218,16.87742479905898,41.10720934823202,16.87762157039797,41.10527065176782,16.87092044157714,41.104557904589925,16.87075349430906
flow_2_307,41.10724146966218,16.87742479905898,41.10720934823202,16.87762157039797,41.103532900952686,16.872347479668893,41.10351474321344,16.8729158168811
flow_2_308,41.10724146966218,16.87742479905898,41.10720934823202,16.87762157039797,41.10459014355675,16.87360777204878,41.104586032558366,16.87294674119706
flow_2_309,41.10724146966218,16.87742479905898,41.10720934823202,16.87762157039797,41.10428673559737,16.877531862648333,41.10433323843067,16.877513777059303
flow_2_310,41.10724146966218,16.87742479905898,41.10720934823202,16.87762157039797,41.10277476335755,16.87778529520797,41.102969188850125,16.879273627171905
flow_2_311,41.10724146966218,16.87742479905898,41.10720934823202,16.87762157039797,41.10877484203646,16.874159186639993,41.11248609314907,16.873643072909186
flow_2_312,41.10724146966218,16.87742479905898,41.10720934823202,16.87762157039797,41.10693282053231,16.873500754386423,41.10640317013077,16.873601328210643
flow_2_313,41.10724146966218,16.87742479905898,41.10720934823202,16.87762157039797,41.10686700172243,16.87802885995844,41.10675372463437,16.87807636260086
flow_2_314,41.10724146966218,16.87742479905898,41.10720934823202,16.87762157039797,41.10324733400062,16.87359019478166,41.102660798305045,16.873632821121205
flow_2_315,41.10724146966218,16.87742479905898,41.10720934823202,16.87762157039797,41.10451407293564,16.87751035535627,41.10489776456013,16.87885407695273
flow_2_316,41.10724146966218,16.87742479905898,41.10720934823202,16.87762157039797,41.10750236910344,16.877554656305445,41.10745023270787,16.87741550407253
flow_2_317,41.10639507644853,16.87499536702869,41.106575489123706,16.874973587085275,41.10781671041559,16.87181707243336,41.10771770975772,16.87321379705395
flow_2_318,41.10639507644853,16.87499536702869,41.106575489123706,16.874973587085275,41.10450954428582,16.871651082575962,41.10456510973252,16.872477433605628
flow_2_319,41.10639507644853,16.87499536702869,41.106575489123706,16.874973587085275,41.10353883851455,16.871655188195383,41.103515666810864,16.87044227855002
flow_2_320,41.10639507644853,16.87499536702869,41.106575489123706,16.874973587085275,41.10445259405902,16.876042926170484,41.10436880868841,16.875761886209244
flow_2_321,41.10639507644853,16.87499536702869,41.106575489123706,16.874973587085275,41.10836405905024,16.870571573316074,41.10880559118211,16.870655444350444
flow_2_322,41.10639507644853,16.87499536702869,41.106575489123706,16.874973587085275,41.10814243673671,16.874186571324426,41.10813805327221,16.874870976018755
flow_2_323,41.10639507644853,16.87499536702869,41.106575489123706,16.874973587085275,41.10724146966218,16.87742479905898,41.10720934823202,16.87762157039797
flow_2_324,41.10639507644853,16.87499536702869,41.106575489123706,16.874973587085275,41.105709425071495,16.87508434379606,41.10600946787193,16.875045247470027
flow_2_325,41.10639507644853,16.87499536702869,41.106575489123706,16.874973587085275,41.10712583087676,16.874581370472423,41.10710214853407,16.87435955003989
flow_2_326,41.10639507644853,16.87499536702869,41.106575489123706,16.874973587085275,41.10732110319105,16.8777613495144,41.10733798267452,16.877764688678635
flow_2_327,41.10639507644853,16.87499536702869,41.106575489123706,16.874973587085275,41.108816959023954,16.87701559688476,41.111533788969055,16.876450715532847
flow_2_328,41.10639507644853,16.87499536702869,41.106575489123706,16.874973587085275,41.10106339499217,16.87820819789415,41.10125886508507,16.87968187544237
flow_2_329,41.10639507644853,16.87499536702869,41.106575489123706,16.874973587085275,41.107448933153655,16.877721763272344,41.10745580783001,16.877714456595747
flow_2_330,41.10639507644853,16.87499536702869,41.106575489123706,16.874973587085275,41.10094460424349,16.876328159376932,41.10140722536913,16.87622308620474
flow_2_331,41.10639507644853,16.87499536702869,41.106575489123706,16.874973587085275,41.10462013718466,16.876617630310452,41.10440468148953,16.876739151748147
flow_2_332,41.10639507644853,16.87499536702869,41.106575489123706,16.874973587085275,41.10710990602856,16.87028076266512,41.10764547042224,16.87037051448248
flow_2_333,41.10639507644853,16.87499536702869,41.106575489123706,16.874973587085275,41.10282219209128,16.8716118519074,41.10255940602009,16.871592123455162
flow_2_334,41.10639507644853,16.87499536702869,41.106575489123706,16.874973587085275,41.10525531107702,16.871659522788697,41.10527065176782,16.87092044157714
flow_2_335,41.10639507644853,16.87499536702869,41.106575489123706,16.874973587085275,41.10527065176782,16.87092044157714,41.104557904589925,16.87075349430906
flow_2_336,41.10639507644853,16.87499536702869,41.106575489123706,16.874973587085275,41.103532900952686,16.872347479668893,41.10351474321344,16.8729158168811
flow_2_337,41.10639507644853,16.87499536702869,41.106575489123706,16.874973587085275,41.10459014355675,16.87360777204878,41.104586032558366,16.87294674119706
flow_2_338,41.10639507644853,16.87499536702869,41.106575489123706,16.874973587085275,41.10428673559737,16.877531862648333,41.10433323843067,16.877513777059303
flow_2_339,41.10639507644853,16.87499536702869,41.106575489123706,16.874973587085275,41.10277476335755,16.87778529520797,41.102969188850125,16.879273627171905
flow_2_340,41.10639507644853,16.87499536702869,41.106575489123706,16.874973587085275,41.10877484203646,16.874159186639993,41.11248609314907,16.873643072909186
flow_2_341,41.10639507644853,16.87499536702869,41.106575489123706,16.874973587085275,41.10693282053231,16.873500754386423,41.10640317013077,16.873601328210643
flow_2_342,41.10639507644853,16.87499536702869,41.106575489123706,16.874973587085275,41.10686700172243,16.87802885995844,41.10675372463437,16.87807636260086
flow_2_343,41.10639507644853,16.87499536702869,41.106575489123706,16.874973587085275,41.10324733400062,16.87359019478166,41.102660798305045,16.873632821121205
flow_2_344,41.10639507644853,16.87499536702869,41.106575489123706,16.874973587085275,41.10451407293564,16.87751035535627,41.10489776456013,16.87885407695273
flow_2_345,41.10639507644853,16.87499536702869,41.106575489123706,16.874973587085275,41.10750236910344,16.877554656305445,41.10745023270787,16.87741550407253
flow_2_346,41.10133905377317,16.879647367551133,41.10106339499217,16.87820819789415,41.10781671041559,16.87181707243336,41.10771770975772,16.87321379705395
flow_2_347,41.10133905377317,16.879647367551133,41.10106339499217,16.87820819789415,41.10450954428582,16.871651082575962,41.10456510973252,16.872477433605628
flow_2_348,41.10133905377317,16.879647367551133,41.10106339499217,16.87820819789415,41.10353883851455,16.871655188195383,41.103515666810864,16.87044227855002
flow_2_349,41.10133905377317,16.879647367551133,41.10106339499217,16.87820819789415,41.10445259405902,16.876042926170484,41.10436880868841,16.875761886209244
flow_2_350,41.10133905377317,16.879647367551133,41.10106339499217,16.87820819789415,41.10836405905024,16.870571573316074,41.10880559118211,16.870655444350444
flow_2_351,41.10133905377317,16.879647367551133,41.10106339499217,16.87820819789415,41.10814243673671,16.874186571324426,41.10813805327221,16.874870976018755
flow_2_352,41.10133905377317,16.879647367551133,41.10106339499217,16.87820819789415,41.10724146966218,16.87742479905898,41.10720934823202,16.87762157039797
flow_2_353,41.10133905377317,16.879647367551133,41.10106339499217,16.87820819789415,41.105709425071495,16.87508434379606,41.10600946787193,16.875045247470027
flow_2_354,41.10133905377317,16.879647367551133,41.10106339499217,16.87820819789415,41.10712583087676,16.874581370472423,41.10710214853407,16.87435955003989
flow_2_355,41.10133905377317,16.879647367551133,41.10106339499217,16.87820819789415,41.10732110319105,16.8777613495144,41.10733798267452,16.877764688678635
flow_2_356,41.10133905377317,16.879647367551133,41.10106339499217,16.87820819789415,41.108816959023954,16.87701559688476,41.111533788969055,16.876450715532847
flow_2_357,41.10133905377317,16.879647367551133,41.10106339499217,16.87820819789415,41.10106339499217,16.87820819789415,41.10125886508507,16.87968187544237
flow_2_358,41.10133905377317,16.879647367551133,41.10106339499217,16.87820819789415,41.107448933153655,16.877721763272344,41.10745580783001,16.877714456595747
flow_2_359,41.10133905377317,16.879647367551133,41.10106339499217,16.87820819789415,41.10094460424349,16.876328159376932,41.10140722536913,16.87622308620474
flow_2_360,41.10133905377317,16.879647367551133,41.10106339499217,16.87820819789415,41.10462013718466,16.876617630310452,41.10440468148953,16.876739151748147
flow_2_361,41.10133905377317,16.879647367551133,41.10106339499217,16.87820819789415,41.10710990602856,16.87028076266512,41.10764547042224,16.87037051448248
flow_2_362,41.10133905377317,16.879647367551133,41.10106339499217,16.87820819789415,41.10282219209128,16.8716118519074,41.10255940602009,16.871592123455162
flow_2_363,41.10133905377317,16.879647367551133,41.10106339499217,16.87820819789415,41.10525531107702,16.871659522788697,41.10527065176782,16.87092044157714
flow_2_364,41.10133905377317,16.879647367551133,41.10106339499217,16.87820819789415,41.10527065176782,16.87092044157714,41.104557904589925,16.87075349430906
flow_2_365,41.10133905377317,16.879647367551133,41.10106339499217,16.87820819789415,41.103532900952686,16.872347479668893,41.10351474321344,16.8729158168811
flow_2_366,41.10133905377317,16.879647367551133,41.10106339499217,16.87820819789415,41.10459014355675,16.87360777204878,41.104586032558366,16.87294674119706
flow_2_367,41.10133905377317,16.879647367551133,41.10106339499217,16.87820819789415,41.10428673559737,16.877531862648333,41.10433323843067,16.877513777059303
flow_2_368,41.10133905377317,16.879647367551133,41.10106339499217,16.87820819789415,41.10277476335755,16.87778529520797,41.102969188850125,16.879273627171905
flow_2_369,41.10133905377317,16.879647367551133,41.10106339499217,16.87820819789415,41.10877484203646,16.874159186639993,41.11248609314907,16.873643072909186
flow_2_370,41.10133905377317,16.879647367551133,41.10106339499217,16.87820819789415,41.10693282053231,16.873500754386423,41.10640317013077,16.873601328210643
flow_2_371,41.10133905377317,16.879647367551133,41.10106339499217,16.87820819789415,41.10686700172243,16.87802885995844,41.10675372463437,16.87807636260086
flow_2_372,41.10133905377317,16.879647367551133,41.10106339499217,16.87820819789415,41.10324733400062,16.87359019478166,41.102660798305045,16.873632821121205
flow_2_373,41.10133905377317,16.879647367551133,41.10106339499217,16.87820819789415,41.10451407293564,16.87751035535627,41.10489776456013,16.87885407695273
flow_2_374,41.10133905377317,16.879647367551133,41.10106339499217,16.87820819789415,41.10750236910344,16.877554656305445,41.10745023270787,16.87741550407253
flow_2_375,41.10732110319105,16.8777613495144,41.10733798267452,16.877764688678635,41.10781671041559,16.87181707243336,41.10771770975772,16.87321379705395
flow_2_376,41.10732110319105,16.8777613495144,41.10733798267452,16.877764688678635,41.10450954428582,16.871651082575962,41.10456510973252,16.872477433605628
flow_2_377,41.10732110319105,16.8777613495144,41.10733798267452,16.877764688678635,41.10353883851455,16.871655188195383,41.103515666810864,16.87044227855002
flow_2_378,41.10732110319105,16.8777613495144,41.10733798267452,16.877764688678635,41.10445259405902,16.876042926170484,41.10436880868841,16.875761886209244
flow_2_379,41.10732110319105,16.8777613495144,41.10733798267452,16.877764688678635,41.10836405905024,16.870571573316074,41.10880559118211,16.870655444350444
flow_2_380,41.10732110319105,16.8777613495144,41.10733798267452,16.877764688678635,41.10814243673671,16.874186571324426,41.10813805327221,16.874870976018755
flow_2_381,41.10732110319105,16.8777613495144,41.10733798267452,16.877764688678635,41.10724146966218,16.87742479905898,41.10720934823202,16.87762157039797
flow_2_382,41.10732110319105,16.8777613495144,41.10733798267452,16.877764688678635,41.105709425071495,16.87508434379606,41.10600946787193,16.875045247470027
flow_2_383,41.10732110319105,16.8777613495144,41.10733798267452,16.877764688678635,41.10712583087676,16.874581370472423,41.10710214853407,16.87435955003989
flow_2_384,41.10732110319105,16.8777613495144,41.10733798267452,16.877764688678635,41.108816959023954,16.87701559688476,41.111533788969055,16.876450715532847
flow_2_385,41.10732110319105,16.8777613495144,41.10733798267452,16.877764688678635,41.10106339499217,16.87820819789415,41.10125886508507,16.87968187544237
flow_2_386,41.10732110319105,16.8777613495144,41.10733798267452,16.877764688678635,41.107448933153655,16.877721763272344,41.10745580783001,16.877714456595747
flow_2_387,41.10732110319105,16.8777613495144,41.10733798267452,16.877764688678635,41.10094460424349,16.876328159376932,41.10140722536913,16.87622308620474
flow_2_388,41.10732110319105,16.8777613495144,41.10733798267452,16.877764688678635,41.10462013718466,16.876617630310452,41.10440468148953,16.876739151748147
flow_2_389,41.10732110319105,16.8777613495144,41.10733798267452,16.877764688678635,41.10710990602856,16.87028076266512,41.10764547042224,16.87037051448248
flow_2_390,41.10732110319105,16.8777613495144,41.10733798267452,16.877764688678635,41.10282219209128,16.8716118519074,41.10255940602009,16.871592123455162
flow_2_391,41.10732110319105,16.8777613495144,41.10733798267452,16.877764688678635,41.10525531107702,16.871659522788697,41.10527065176782,16.87092044157714
flow_2_392,41.10732110319105,16.8777613495144,41.10733798267452,16.877764688678635,41.10527065176782,16.87092044157714,41.104557904589925,16.87075349430906
flow_2_393,41.10732110319105,16.8777613495144,41.10733798267452,16.877764688678635,41.103532900952686,16.872347479668893,41.10351474321344,16.8729158168811
flow_2_394,41.10732110319105,16.8777613495144,41.10733798267452,16.877764688678635,41.10459014355675,16.87360777204878,41.104586032558366,16.87294674119706
flow_2_395,41.10732110319105,16.8777613495144,41.10733798267452,16.877764688678635,41.10428673559737,16.877531862648333,41.10433323843067,16.877513777059303
flow_2_396,41.10732110319105,16.8777613495144,41.10733798267452,16.877764688678635,41.10277476335755,16.87778529520797,41.102969188850125,16.879273627171905
flow_2_397,41.10732110319105,16.8777613495144,41.10733798267452,16.877764688678635,41.10877484203646,16.874159186639993,41.11248609314907,16.873643072909186
flow_2_398,41.10732110319105,16.8777613495144,41.10733798267452,16.877764688678635,41.10693282053231,16.873500754386423,41.10640317013077,16.873601328210643
flow_2_399,41.10732110319105,16.8777613495144,41.10733798267452,16.877764688678635,41.10686700172243,16.87802885995844,41.10675372463437,16.87807636260086
flow_2_400,41.10732110319105,16.8777613495144,41.10733798267452,16.877764688678635,41.10324733400062,16.87359019478166,41.102660798305045,16.873632821121205
flow_2_401,41.10732110319105,16.8777613495144,41.10733798267452,16.877764688678635,41.10451407293564,16.87751035535627,41.10489776456013,16.87885407695273
flow_2_402,41.10732110319105,16.8777613495144,41.10733798267452,16.877764688678635,41.10750236910344,16.877554656305445,41.10745023270787,16.87741550407253
flow_2_403,41.107448933153655,16.877721763272344,41.10745580783001,16.877714456595747,41.10781671041559,16.87181707243336,41.10771770975772,16.87321379705395
flow_2_404,41.107448933153655,16.877721763272344,41.10745580783001,16.877714456595747,41.10450954428582,16.871651082575962,41.10456510973252,16.872477433605628
flow_2_405,41.107448933153655,16.877721763272344,41.10745580783001,16.877714456595747,41.10353883851455,16.871655188195383,41.103515666810864,16.87044227855002
flow_2_406,41.107448933153655,16.877721763272344,41.10745580783001,16.877714456595747,41.10445259405902,16.876042926170484,41.10436880868841,16.875761886209244
flow_2_407,41.107448933153655,16.877721763272344,41.10745580783001,16.877714456595747,41.10836405905024,16.870571573316074,41.10880559118211,16.870655444350444
flow_2_408,41.107448933153655,16.877721763272344,41.10745580783001,16.877714456595747,41.10814243673671,16.874186571324426,41.10813805327221,16.874870976018755
flow_2_409,41.107448933153655,16.877721763272344,41.10745580783001,16.877714456595747,41.10724146966218,16.87742479905898,41.10720934823202,16.87762157039797
flow_2_410,41.107448933153655,16.877721763272344,41.10745580783001,16.877714456595747,41.105709425071495,16.87508434379606,41.10600946787193,16.875045247470027
flow_2_411,41.107448933153655,16.877721763272344,41.10745580783001,16.877714456595747,41.10712583087676,16.874581370472423,41.10710214853407,16.87435955003989
flow_2_412,41.107448933153655,16.877721763272344,41.10745580783001,16.877714456595747,41.10732110319105,16.8777613495144,41.10733798267452,16.877764688678635
flow_2_413,41.107448933153655,16.877721763272344,41.10745580783001,16.877714456595747,41.108816959023954,16.87701559688476,41.111533788969055,16.876450715532847
flow_2_414,41.107448933153655,16.877721763272344,41.10745580783001,16.877714456595747,41.10106339499217,16.87820819789415,41.10125886508507,16.87968187544237
flow_2_415,41.107448933153655,16.877721763272344,41.10745580783001,16.877714456595747,41.10094460424349,16.876328159376932,41.10140722536913,16.87622308620474
flow_2_416,41.107448933153655,16.877721763272344,41.10745580783001,16.877714456595747,41.10462013718466,16.876617630310452,41.10440468148953,16.876739151748147
flow_2_417,41.107448933153655,16.877721763272344,41.10745580783001,16.877714456595747,41.10710990602856,16.87028076266512,41.10764547042224,16.87037051448248
flow_2_418,41.107448933153655,16.877721763272344,41.10745580783001,16.877714456595747,41.10282219209128,16.8716118519074,41.10255940602009,16.871592123455162
flow_2_419,41.107448933153655,16.877721763272344,41.10745580783001,16.877714456595747,41.10525531107702,16.871659522788697,41.10527065176782,16.87092044157714
flow_2_420,41.107448933153655,16.877721763272344,41.10745580783001,16.877714456595747,41.10527065176782,16.87092044157714,41.104557904589925,16.87075349430906
flow_2_421,41.107448933153655,16.877721763272344,41.10745580783001,16.877714456595747,41.103532900952686,16.872347479668893,41.10351474321344,16.8729158168811
flow_2_422,41.107448933153655,16.877721763272344,41.10745580783001,16.877714456595747,41.10459014355675,16.87360777204878,41.104586032558366,16.87294674119706
flow_2_423,41.107448933153655,16.877721763272344,41.10745580783001,16.877714456595747,41.10428673559737,16.877531862648333,41.10433323843067,16.877513777059303
flow_2_424,41.107448933153655,16.877721763272344,41.10745580783001,16.877714456595747,41.10277476335755,16.87778529520797,41.102969188850125,16.879273627171905
flow_2_425,41.107448933153655,16.877721763272344,41.10745580783001,16.877714456595747,41.10877484203646,16.874159186639993,41.11248609314907,16.873643072909186
flow_2_426,41.107448933153655,16.877721763272344,41.10745580783001,16.877714456595747,41.10693282053231,16.873500754386423,41.10640317013077,16.873601328210643
flow_2_427,41.107448933153655,16.877721763272344,41.10745580783001,16.877714456595747,41.10686700172243,16.87802885995844,41.10675372463437,16.87807636260086
flow_2_428,41.107448933153655,16.877721763272344,41.10745580783001,16.877714456595747,41.10324733400062,16.87359019478166,41.102660798305045,16.873632821121205
flow_2_429,41.107448933153655,16.877721763272344,41.10745580783001,16.877714456595747,41.10451407293564,16.87751035535627,41.10489776456013,16.87885407695273
flow_2_430,41.107448933153655,16.877721763272344,41.10745580783001,16.877714456595747,41.10750236910344,16.877554656305445,41.10745023270787,16.87741550407253
flow_2_431,41.11259339866631,16.874814834207452,41.1090475045985,16.875575201432003,41.1090475045985,16.875575201432003,41.109344770915726,16.874799322625442
flow_2_432,41.11259339866631,16.874814834207452,41.1090475045985,16.875575201432003,41.10781671041559,16.87181707243336,41.10771770975772,16.87321379705395
flow_2_433,41.11259339866631,16.874814834207452,41.1090475045985,16.875575201432003,41.10450954428582,16.871651082575962,41.10456510973252,16.872477433605628
flow_2_434,41.11259339866631,16.874814834207452,41.1090475045985,16.875575201432003,41.10353883851455,16.871655188195383,41.103515666810864,16.87044227855002
flow_2_435,41.11259339866631,16.874814834207452,41.1090475045985,16.875575201432003,41.10445259405902,16.876042926170484,41.10436880868841,16.875761886209244
flow_2_436,41.11259339866631,16.874814834207452,41.1090475045985,16.875575201432003,41.10836405905024,16.870571573316074,41.10880559118211,16.870655444350444
flow_2_437,41.11259339866631,16.874814834207452,41.1090475045985,16.875575201432003,41.10814243673671,16.874186571324426,41.10813805327221,16.874870976018755
flow_2_438,41.11259339866631,16.874814834207452,41.1090475045985,16.875575201432003,41.10724146966218,16.87742479905898,41.10720934823202,16.87762157039797
flow_2_439,41.11259339866631,16.874814834207452,41.1090475045985,16.875575201432003,41.105709425071495,16.87508434379606,41.10600946787193,16.875045247470027
flow_2_440,41.11259339866631,16.874814834207452,41.1090475045985,16.875575201432003,41.10712583087676,16.874581370472423,41.10710214853407,16.87435955003989
flow_2_441,41.11259339866631,16.874814834207452,41.1090475045985,16.875575201432003,41.10732110319105,16.8777613495144,41.10733798267452,16.877764688678635
flow_2_442,41.11259339866631,16.874814834207452,41.1090475045985,16.875575201432003,41.108816959023954,16.87701559688476,41.111533788969055,16.876450715532847
flow_2_443,41.11259339866631,16.874814834207452,41.1090475045985,16.875575201432003,41.10106339499217,16.87820819789415,41.10125886508507,16.87968187544237
flow_2_444,41.11259339866631,16.874814834207452,41.1090475045985,16.875575201432003,41.107448933153655,16.877721763272344,41.10745580783001,16.877714456595747
flow_2_445,41.11259339866631,16.874814834207452,41.1090475045985,16.875575201432003,41.10094460424349,16.876328159376932,41.10140722536913,16.87622308620474
flow_2_446,41.11259339866631,16.874814834207452,41.1090475045985,16.875575201432003,41.10462013718466,16.876617630310452,41.10440468148953,16.876739151748147
flow_2_447,41.11259339866631,16.874814834207452,41.1090475045985,16.875575201432003,41.10710990602856,16.87028076266512,41.10764547042224,16.87037051448248
flow_2_448,41.11259339866631,16.874814834207452,41.1090475045985,16.875575201432003,41.10282219209128,16.8716118519074,41.10255940602009,16.871592123455162
flow_2_449,41.11259339866631,16.874814834207452,41.1090475045985,16.875575201432003,41.10525531107702,16.871659522788697,41.10527065176782,16.87092044157714
flow_2_450,41.11259339866631,16.874814834207452,41.1090475045985,16.875575201432003,41.10527065176782,16.87092044157714,41.104557904589925,16.87075349430906
flow_2_451,41.11259339866631,16.874814834207452,41.1090475045985,16.875575201432003,41.103532900952686,16.872347479668893,41.10351474321344,16.8729158168811
flow_2_452,41.11259339866631,16.874814834207452,41.1090475045985,16.875575201432003,41.10459014355675,16.87360777204878,41.104586032558366,16.87294674119706
flow_2_453,41.11259339866631,16.874814834207452,41.1090475045985,16.875575201432003,41.10428673559737,16.877531862648333,41.10433323843067,16.877513777059303
flow_2_454,41.11259339866631,16.874814834207452,41.1090475045985,16.875575201432003,41.10277476335755,16.87778529520797,41.102969188850125,16.879273627171905
flow_2_455,41.11259339866631,16.874814834207452,41.1090475045985,16.875575201432003,41.10877484203646,16.874159186639993,41.11248609314907,16.873643072909186
flow_2_456,41.11259339866631,16.874814834207452,41.1090475045985,16.875575201432003,41.10693282053231,16.873500754386423,41.10640317013077,16.873601328210643
flow_2_457,41.11259339866631,16.874814834207452,41.1090475045985,16.875575201432003,41.10686700172243,16.87802885995844,41.10675372463437,16.87807636260086
flow_2_458,41.11259339866631,16.874814834207452,41.1090475045985,16.875575201432003,41.10324733400062,16.87359019478166,41.102660798305045,16.873632821121205
flow_2_459,41.11259339866631,16.874814834207452,41.1090475045985,16.875575201432003,41.10451407293564,16.87751035535627,41.10489776456013,16.87885407695273
flow_2_460,41.11259339866631,16.874814834207452,41.1090475045985,16.875575201432003,41.10750236910344,16.877554656305445,41.10745023270787,16.87741550407253
flow_2_461,41.10180646079573,16.876110848681638,41.10257563590522,16.875887679353013,41.10781671041559,16.87181707243336,41.10771770975772,16.87321379705395
flow_2_462,41.10180646079573,16.876110848681638,41.10257563590522,16.875887679353013,41.10450954428582,16.871651082575962,41.10456510973252,16.872477433605628
flow_2_463,41.10180646079573,16.876110848681638,41.10257563590522,16.875887679353013,41.10353883851455,16.871655188195383,41.103515666810864,16.87044227855002
flow_2_464,41.10180646079573,16.876110848681638,41.10257563590522,16.875887679353013,41.10445259405902,16.876042926170484,41.10436880868841,16.875761886209244
flow_2_465,41.10180646079573,16.876110848681638,41.10257563590522,16.875887679353013,41.10836405905024,16.870571573316074,41.10880559118211,16.870655444350444
flow_2_466,41.10180646079573,16.876110848681638,41.10257563590522,16.875887679353013,41.10814243673671,16.874186571324426,41.10813805327221,16.874870976018755
flow_2_467,41.10180646079573,16.876110848681638,41.10257563590522,16.875887679353013,41.10724146966218,16.87742479905898,41.10720934823202,16.87762157039797
flow_2_468,41.10180646079573,16.876110848681638,41.10257563590522,16.875887679353013,41.105709425071495,16.87508434379606,41.10600946787193,16.875045247470027
flow_2_469,41.10180646079573,16.876110848681638,41.10257563590522,16.875887679353013,41.10712583087676,16.874581370472423,41.10710214853407,16.87435955003989
flow_2_470,41.10180646079573,16.876110848681638,41.10257563590522,16.875887679353013,41.10732110319105,16.8777613495144,41.10733798267452,16.877764688678635
flow_2_471,41.10180646079573,16.876110848681638,41.10257563590522,16.875887679353013,41.108816959023954,16.87701559688476,41.111533788969055,16.876450715532847
flow_2_472,41.10180646079573,16.876110848681638,41.10257563590522,16.875887679353013,41.10106339499217,16.87820819789415,41.10125886508507,16.87968187544237
flow_2_473,41.10180646079573,16.876110848681638,41.10257563590522,16.875887679353013,41.107448933153655,16.877721763272344,41.10745580783001,16.877714456595747
flow_2_474,41.10180646079573,16.876110848681638,41.10257563590522,16.875887679353013,41.10094460424349,16.876328159376932,41.10140722536913,16.87622308620474
flow_2_475,41.10180646079573,16.876110848681638,41.10257563590522,16.875887679353013,41.10462013718466,16.876617630310452,41.10440468148953,16.876739151748147
flow_2_476,41.10180646079573,16.876110848681638,41.10257563590522,16.875887679353013,41.10710990602856,16.87028076266512,41.10764547042224,16.87037051448248
flow_2_477,41.10180646079573,16.876110848681638,41.10257563590522,16.875887679353013,41.10282219209128,16.8716118519074,41.10255940602009,16.871592123455162
flow_2_478,41.10180646079573,16.876110848681638,41.10257563590522,16.875887679353013,41.10525531107702,16.871659522788697,41.10527065176782,16.87092044157714
flow_2_479,41.10180646079573,16.876110848681638,41.10257563590522,16.875887679353013,41.10527065176782,16.87092044157714,41.104557904589925,16.87075349430906
flow_2_480,41.10180646079573,16.876110848681638,41.10257563590522,16.875887679353013,41.103532900952686,16.872347479668893,41.10351474321344,16.8729158168811
flow_2_481,41.10180646079573,16.876110848681638,41.10257563590522,16.875887679353013,41.10459014355675,16.87360777204878,41.104586032558366,16.87294674119706
flow_2_482,41.10180646079573,16.876110848681638,41.10257563590522,16.875887679353013,41.10428673559737,16.877531862648333,41.10433323843067,16.877513777059303
flow_2_483,41.10180646079573,16.876110848681638,41.10257563590522,16.875887679353013,41.10277476335755,16.87778529520797,41.102969188850125,16.879273627171905
flow_2_484,41.10180646079573,16.876110848681638,41.10257563590522,16.875887679353013,41.10877484203646,16.874159186639993,41.11248609314907,16.873643072909186
flow_2_485,41.10180646079573,16.876110848681638,41.10257563590522,16.875887679353013,41.10693282053231,16.873500754386423,41.10640317013077,16.873601328210643
flow_2_486,41.10180646079573,16.876110848681638,41.10257563590522,16.875887679353013,41.10686700172243,16.87802885995844,41.10675372463437,16.87807636260086
flow_2_487,41.10180646079573,16.876110848681638,41.10257563590522,16.875887679353013,41.10324733400062,16.87359019478166,41.102660798305045,16.873632821121205
flow_2_488,41.10180646079573,16.876110848681638,41.10257563590522,16.875887679353013,41.10451407293564,16.87751035535627,41.10489776456013,16.87885407695273
flow_2_489,41.10180646079573,16.876110848681638,41.10257563590522,16.875887679353013,41.10750236910344,16.877554656305445,41.10745023270787,16.87741550407253
flow_2_490,41.10718970587825,16.8760410665376,41.107204207951625,16.876162711339955,41.10781671041559,16.87181707243336,41.10771770975772,16.87321379705395
flow_2_491,41.10718970587825,16.8760410665376,41.107204207951625,16.876162711339955,41.10450954428582,16.871651082575962,41.10456510973252,16.872477433605628
flow_2_492,41.10718970587825,16.8760410665376,41.107204207951625,16.876162711339955,41.10353883851455,16.871655188195383,41.103515666810864,16.87044227855002
flow_2_493,41.10718970587825,16.8760410665376,41.107204207951625,16.876162711339955,41.10445259405902,16.876042926170484,41.10436880868841,16.875761886209244
flow_2_494,41.10718970587825,16.8760410665376,41.107204207951625,16.876162711339955,41.10836405905024,16.870571573316074,41.10880559118211,16.870655444350444
flow_2_495,41.10718970587825,16.8760410665376,41.107204207951625,16.876162711339955,41.10814243673671,16.874186571324426,41.10813805327221,16.874870976018755
flow_2_496,41.10718970587825,16.8760410665376,41.107204207951625,16.876162711339955,41.10724146966218,16.87742479905898,41.10720934823202,16.87762157039797
flow_2_497,41.10718970587825,16.8760410665376,41.107204207951625,16.876162711339955,41.105709425071495,16.87508434379606,41.10600946787193,16.875045247470027
flow_2_498,41.10718970587825,16.8760410665376,41.107204207951625,16.876162711339955,41.10712583087676,16.874581370472423,41.10710214853407,16.87435955003989
flow_2_499,41.10718970587825,16.8760410665376,41.107204207951625,16.876162711339955,41.10732110319105,16.8777613495144,41.10733798267452,16.877764688678635
flow_2_500,41.10718970587825,16.8760410665376,41.107204207951625,16.876162711339955,41.108816959023954,16.87701559688476,41.111533788969055,16.876450715532847
flow_2_501,41.10718970587825,16.8760410665376,41.107204207951625,16.876162711339955,41.10106339499217,16.87820819789415,41.10125886508507,16.87968187544237
flow_2_502,41.10718970587825,16.8760410665376,41.107204207951625,16.876162711339955,41.107448933153655,16.877721763272344,41.10745580783001,16.877714456595747
flow_2_503,41.10718970587825,16.8760410665376,41.107204207951625,16.876162711339955,41.10094460424349,16.876328159376932,41.10140722536913,16.87622308620474
flow_2_504,41.10718970587825,16.8760410665376,41.107204207951625,16.876162711339955,41.10462013718466,16.876617630310452,41.10440468148953,16.876739151748147
flow_2_505,41.10718970587825,16.8760410665376,41.107204207951625,16.876162711339955,41.10710990602856,16.87028076266512,41.10764547042224,16.87037051448248
flow_2_506,41.10718970587825,16.8760410665376,41.107204207951625,16.876162711339955,41.10282219209128,16.8716118519074,41.10255940602009,16.871592123455162
flow_2_507,41.10718970587825,16.8760410665376,41.107204207951625,16.876162711339955,41.10525531107702,16.871659522788697,41.10527065176782,16.87092044157714
flow_2_508,41.10718970587825,16.8760410665376,41.107204207951625,16.876162711339955,41.10527065176782,16.87092044157714,41.104557904589925,16.87075349430906
flow_2_509,41.10718970587825,16.8760410665376,41.107204207951625,16.876162711339955,41.103532900952686,16.872347479668893,41.10351474321344,16.8729158168811
flow_2_510,41.10718970587825,16.8760410665376,41.107204207951625,16.876162711339955,41.10459014355675,16.87360777204878,41.104586032558366,16.87294674119706
flow_2_511,41.10718970587825,16.8760410665376,41.107204207951625,16.876162711339955,41.10428673559737,16.877531862648333,41.10433323843067,16.877513777059303
flow_2_512,41.10718970587825,16.8760410665376,41.107204207951625,16.876162711339955,41.10277476335755,16.87778529520797,41.102969188850125,16.879273627171905
flow_2_513,41.10718970587825,16.8760410665376,41.107204207951625,16.876162711339955,41.10877484203646,16.874159186639993,41.11248609314907,16.873643072909186
flow_2_514,41.10718970587825,16.8760410665376,41.107204207951625,16.876162711339955,41.10693282053231,16.873500754386423,41.10640317013077,16.873601328210643
flow_2_515,41.10718970587825,16.8760410665376,41.107204207951625,16.876162711339955,41.10686700172243,16.87802885995844,41.10675372463437,16.87807636260086
flow_2_516,41.10718970587825,16.8760410665376,41.107204207951625,16.876162711339955,41.10324733400062,16.87359019478166,41.102660798305045,16.873632821121205
flow_2_517,41.10718970587825,16.8760410665376,41.107204207951625,16.876162711339955,41.10451407293564,16.87751035535627,41.10489776456013,16.87885407695273
flow_2_518,41.10718970587825,16.8760410665376,41.107204207951625,16.876162711339955,41.10750236910344,16.877554656305445,41.10745023270787,16.87741550407253
flow_2_519,41.109344770915726,16.874799322625442,41.1090475045985,16.875575201432003,41.1090475045985,16.875575201432003,41.109344770915726,16.874799322625442
flow_2_520,41.109344770915726,16.874799322625442,41.1090475045985,16.875575201432003,41.10781671041559,16.87181707243336,41.10771770975772,16.87321379705395
flow_2_521,41.109344770915726,16.874799322625442,41.1090475045985,16.875575201432003,41.10450954428582,16.871651082575962,41.10456510973252,16.872477433605628
flow_2_522,41.109344770915726,16.874799322625442,41.1090475045985,16.875575201432003,41.10353883851455,16.871655188195383,41.103515666810864,16.87044227855002
flow_2_523,41.109344770915726,16.874799322625442,41.1090475045985,16.875575201432003,41.10445259405902,16.876042926170484,41.10436880868841,16.875761886209244
flow_2_524,41.109344770915726,16.874799322625442,41.1090475045985,16.875575201432003,41.10836405905024,16.870571573316074,41.10880559118211,16.870655444350444
flow_2_525,41.109344770915726,16.874799322625442,41.1090475045985,16.875575201432003,41.10814243673671,16.874186571324426,41.10813805327221,16.874870976018755
flow_2_526,41.109344770915726,16.874799322625442,41.1090475045985,16.875575201432003,41.10724146966218,16.87742479905898,41.10720934823202,16.87762157039797
flow_2_527,41.109344770915726,16.874799322625442,41.1090475045985,16.875575201432003,41.105709425071495,16.87508434379606,41.10600946787193,16.875045247470027
flow_2_528,41.109344770915726,16.874799322625442,41.1090475045985,16.875575201432003,41.10712583087676,16.874581370472423,41.10710214853407,16.87435955003989
flow_2_529,41.109344770915726,16.874799322625442,41.1090475045985,16.875575201432003,41.10732110319105,16.8777613495144,41.10733798267452,16.877764688678635
flow_2_530,41.109344770915726,16.874799322625442,41.1090475045985,16.875575201432003,41.108816959023954,16.87701559688476,41.111533788969055,16.876450715532847
flow_2_531,41.109344770915726,16.874799322625442,41.1090475045985,16.875575201432003,41.10106339499217,16.87820819789415,41.10125886508507,16.87968187544237
flow_2_532,41.109344770915726,16.874799322625442,41.1090475045985,16.875575201432003,41.107448933153655,16.877721763272344,41.10745580783001,16.877714456595747
flow_2_533,41.109344770915726,16.874799322625442,41.1090475045985,16.875575201432003,41.10094460424349,16.876328159376932,41.10140722536913,16.87622308620474
flow_2_534,41.109344770915726,16.874799322625442,41.1090475045985,16.875575201432003,41.10462013718466,16.876617630310452,41.10440468148953,16.876739151748147
flow_2_535,41.109344770915726,16.874799322625442,41.1090475045985,16.875575201432003,41.10710990602856,16.87028076266512,41.10764547042224,16.87037051448248
flow_2_536,41.109344770915726,16.874799322625442,41.1090475045985,16.875575201432003,41.10282219209128,16.8716118519074,41.10255940602009,16.871592123455162
flow_2_537,41.109344770915726,16.874799322625442,41.1090475045985,16.875575201432003,41.10525531107702,16.871659522788697,41.10527065176782,16.87092044157714
flow_2_538,41.109344770915726,16.874799322625442,41.1090475045985,16.875575201432003,41.10527065176782,16.87092044157714,41.104557904589925,16.87075349430906
flow_2_539,41.109344770915726,16.874799322625442,41.1090475045985,16.875575201432003,41.103532900952686,16.872347479668893,41.10351474321344,16.8729158168811
flow_2_540,41.109344770915726,16.874799322625442,41.1090475045985,16.875575201432003,41.10459014355675,16.87360777204878,41.104586032558366,16.87294674119706
flow_2_541,41.109344770915726,16.874799322625442,41.1090475045985,16.875575201432003,41.10428673559737,16.877531862648333,41.10433323843067,16.877513777059303
flow_2_542,41.109344770915726,16.874799322625442,41.1090475045985,16.875575201432003,41.10277476335755,16.87778529520797,41.102969188850125,16.879273627171905
flow_2_543,41.109344770915726,16.874799322625442,41.1090475045985,16.875575201432003,41.10877484203646,16.874159186639993,41.11248609314907,16.873643072909186
flow_2_544,41.109344770915726,16.874799322625442,41.1090475045985,16.875575201432003,41.10693282053231,16.873500754386423,41.10640317013077,16.873601328210643
flow_2_545,41.109344770915726,16.874799322625442,41.1090475045985,16.875575201432003,41.10686700172243,16.87802885995844,41.10675372463437,16.87807636260086
flow_2_546,41.109344770915726,16.874799322625442,41.1090475045985,16.875575201432003,41.10324733400062,16.87359019478166,41.102660798305045,16.873632821121205
flow_2_547,41.109344770915726,16.874799322625442,41.1090475045985,16.875575201432003,41.10451407293564,16.87751035535627,41.10489776456013,16.87885407695273
flow_2_548,41.109344770915726,16.874799322625442,41.1090475045985,16.875575201432003,41.10750236910344,16.877554656305445,41.10745023270787,16.87741550407253
flow_2_549,41.10537530257043,16.878668463811408,41.105332746272914,16.87831202026653,41.10781671041559,16.87181707243336,41.10771770975772,16.87321379705395
flow_2_550,41.10537530257043,16.878668463811408,41.105332746272914,16.87831202026653,41.10450954428582,16.871651082575962,41.10456510973252,16.872477433605628
flow_2_551,41.10537530257043,16.878668463811408,41.105332746272914,16.87831202026653,41.10353883851455,16.871655188195383,41.103515666810864,16.87044227855002
flow_2_552,41.10537530257043,16.878668463811408,41.105332746272914,16.87831202026653,41.10445259405902,16.876042926170484,41.10436880868841,16.875761886209244
flow_2_553,41.10537530257043,16.878668463811408,41.105332746272914,16.87831202026653,41.10836405905024,16.870571573316074,41.10880559118211,16.870655444350444
flow_2_554,41.10537530257043,16.878668463811408,41.105332746272914,16.87831202026653,41.10814243673671,16.874186571324426,41.10813805327221,16.874870976018755
flow_2_555,41.10537530257043,16.878668463811408,41.105332746272914,16.87831202026653,41.10724146966218,16.87742479905898,41.10720934823202,16.87762157039797
flow_2_556,41.10537530257043,16.878668463811408,41.105332746272914,16.87831202026653,41.105709425071495,16.87508434379606,41.10600946787193,16.875045247470027
flow_2_557,41.10537530257043,16.878668463811408,41.105332746272914,16.87831202026653,41.10712583087676,16.874581370472423,41.10710214853407,16.87435955003989
flow_2_558,41.10537530257043,16.878668463811408,41.105332746272914,16.87831202026653,41.10732110319105,16.8777613495144,41.10733798267452,16.877764688678635
flow_2_559,41.10537530257043,16.878668463811408,41.105332746272914,16.87831202026653,41.108816959023954,16.87701559688476,41.111533788969055,16.876450715532847
flow_2_560,41.10537530257043,16.878668463811408,41.105332746272914,16.87831202026653,41.10106339499217,16.87820819789415,41.10125886508507,16.87968187544237
flow_2_561,41.10537530257043,16.878668463811408,41.105332746272914,16.87831202026653,41.107448933153655,16.877721763272344,41.10745580783001,16.877714456595747
flow_2_562,41.10537530257043,16.878668463811408,41.105332746272914,16.87831202026653,41.10094460424349,16.876328159376932,41.10140722536913,16.87622308620474
flow_2_563,41.10537530257043,16.878668463811408,41.105332746272914,16.87831202026653,41.10462013718466,16.876617630310452,41.10440468148953,16.876739151748147
flow_2_564,41.10537530257043,16.878668463811408,41.105332746272914,16.87831202026653,41.10710990602856,16.87028076266512,41.10764547042224,16.87037051448248
flow_2_565,41.10537530257043,16.878668463811408,41.105332746272914,16.87831202026653,41.10282219209128,16.8716118519074,41.10255940602009,16.871592123455162
flow_2_566,41.10537530257043,16.878668463811408,41.105332746272914,16.87831202026653,41.10525531107702,16.871659522788697,41.10527065176782,16.87092044157714
flow_2_567,41.10537530257043,16.878668463811408,41.105332746272914,16.87831202026653,41.10527065176782,16.87092044157714,41.104557904589925,16.87075349430906
flow_2_568,41.10537530257043,16.878668463811408,41.105332746272914,16.87831202026653,41.103532900952686,16.872347479668893,41.10351474321344,16.8729158168811
flow_2_569,41.10537530257043,16.878668463811408,41.105332746272914,16.87831202026653,41.10459014355675,16.87360777204878,41.104586032558366,16.87294674119706
flow_2_570,41.10537530257043,16.878668463811408,41.105332746272914,16.87831202026653,41.10428673559737,16.877531862648333,41.10433323843067,16.877513777059303
flow_2_571,41.10537530257043,16.878668463811408,41.105332746272914,16.87831202026653,41.10277476335755,16.87778529520797,41.102969188850125,16.879273627171905
flow_2_572,41.10537530257043,16.878668463811408,41.105332746272914,16.87831202026653,41.10877484203646,16.874159186639993,41.11248609314907,16.873643072909186
flow_2_573,41.10537530257043,16.878668463811408,41.105332746272914,16.87831202026653,41.10693282053231,16.873500754386423,41.10640317013077,16.873601328210643
flow_2_574,41.10537530257043,16.878668463811408,41.105332746272914,16.87831202026653,41.10686700172243,16.87802885995844,41.10675372463437,16.87807636260086
flow_2_575,41.10537530257043,16.878668463811408,41.105332746272914,16.87831202026653,41.10324733400062,16.87359019478166,41.102660798305045,16.873632821121205
flow_2_576,41.10537530257043,16.878668463811408,41.105332746272914,16.87831202026653,41.10653569752324,16.877189737473987,41.10648567529071,16.877191646829097
flow_2_577,41.10537530257043,16.878668463811408,41.105332746272914,16.87831202026653,41.10451407293564,16.87751035535627,41.10489776456013,16.87885407695273
flow_2_578,41.10537530257043,16.878668463811408,41.105332746272914,16.87831202026653,41.10750236910344,16.877554656305445,41.10745023270787,16.87741550407253
flow_2_579,41.10771770975772,16.87321379705395,41.10781671041559,16.87181707243336,41.10781671041559,16.87181707243336,41.10771770975772,16.87321379705395
flow_2_580,41.10771770975772,16.87321379705395,41.10781671041559,16.87181707243336,41.10450954428582,16.871651082575962,41.10456510973252,16.872477433605628
flow_2_581,41.10771770975772,16.87321379705395,41.10781671041559,16.87181707243336,41.10353883851455,16.871655188195383,41.103515666810864,16.87044227855002
flow_2_582,41.10771770975772,16.87321379705395,41.10781671041559,16.87181707243336,41.10445259405902,16.876042926170484,41.10436880868841,16.875761886209244
flow_2_583,41.10771770975772,16.87321379705395,41.10781671041559,16.87181707243336,41.10836405905024,16.870571573316074,41.10880559118211,16.870655444350444
flow_2_584,41.10771770975772,16.87321379705395,41.10781671041559,16.87181707243336,41.10814243673671,16.874186571324426,41.10813805327221,16.874870976018755
flow_2_585,41.10771770975772,16.87321379705395,41.10781671041559,16.87181707243336,41.10724146966218,16.87742479905898,41.10720934823202,16.87762157039797
flow_2_586,41.10771770975772,16.87321379705395,41.10781671041559,16.87181707243336,41.105709425071495,16.87508434379606,41.10600946787193,16.875045247470027
flow_2_587,41.10771770975772,16.87321379705395,41.10781671041559,16.87181707243336,41.10712583087676,16.874581370472423,41.10710214853407,16.87435955003989
flow_2_588,41.10771770975772,16.87321379705395,41.10781671041559,16.87181707243336,41.10732110319105,16.8777613495144,41.10733798267452,16.877764688678635
flow_2_589,41.10771770975772,16.87321379705395,41.10781671041559,16.87181707243336,41.108816959023954,16.87701559688476,41.111533788969055,16.876450715532847
flow_2_590,41.10771770975772,16.87321379705395,41.10781671041559,16.87181707243336,41.10106339499217,16.87820819789415,41.10125886508507,16.87968187544237
flow_2_591,41.10771770975772,16.87321379705395,41.10781671041559,16.87181707243336,41.107448933153655,16.877721763272344,41.10745580783001,16.877714456595747
flow_2_592,41.10771770975772,16.87321379705395,41.10781671041559,16.87181707243336,41.10094460424349,16.876328159376932,41.10140722536913,16.87622308620474
flow_2_593,41.10771770975772,16.87321379705395,41.10781671041559,16.87181707243336,41.10462013718466,16.876617630310452,41.10440468148953,16.876739151748147
flow_2_594,41.10771770975772,16.87321379705395,41.10781671041559,16.87181707243336,41.10710990602856,16.87028076266512,41.10764547042224,16.87037051448248
flow_2_595,41.10771770975772,16.87321379705395,41.10781671041559,16.87181707243336,41.10282219209128,16.8716118519074,41.10255940602009,16.871592123455162
flow_2_596,41.10771770975772,16.87321379705395,41.10781671041559,16.87181707243336,41.10525531107702,16.871659522788697,41.10527065176782,16.87092044157714
flow_2_597,41.10771770975772,16.87321379705395,41.10781671041559,16.87181707243336,41.10527065176782,16.87092044157714,41.104557904589925,16.87075349430906
flow_2_598,41.10771770975772,16.87321379705395,41.10781671041559,16.87181707243336,41.103532900952686,16.872347479668893,41.10351474321344,16.8729158168811
flow_2_599,41.10771770975772,16.87321379705395,41.10781671041559,16.87181707243336,41.10459014355675,16.87360777204878,41.104586032558366,16.87294674119706
flow_2_600,41.10771770975772,16.87321379705395,41.10781671041559,16.87181707243336,41.10428673559737,16.877531862648333,41.10433323843067,16.877513777059303
flow_2_601,41.10771770975772,16.87321379705395,41.10781671041559,16.87181707243336,41.10277476335755,16.87778529520797,41.102969188850125,16.879273627171905
flow_2_602,41.10771770975772,16.87321379705395,41.10781671041559,16.87181707243336,41.10877484203646,16.874159186639993,41.11248609314907,16.873643072909186
flow_2_603,41.10771770975772,16.87321379705395,41.10781671041559,16.87181707243336,41.10693282053231,16.873500754386423,41.10640317013077,16.873601328210643
flow_2_604,41.10771770975772,16.87321379705395,41.10781671041559,16.87181707243336,41.10686700172243,16.87802885995844,41.10675372463437,16.87807636260086
flow_2_605,41.10771770975772,16.87321379705395,41.10781671041559,16.87181707243336,41.10324733400062,16.87359019478166,41.102660798305045,16.873632821121205
flow_2_606,41.10771770975772,16.87321379705395,41.10781671041559,16.87181707243336,41.10451407293564,16.87751035535627,41.10489776456013,16.87885407695273
flow_2_607,41.10771770975772,16.87321379705395,41.10781671041559,16.87181707243336,41.10750236910344,16.877554656305445,41.10745023270787,16.87741550407253
flow_2_608,41.10764547042224,16.87037051448248,41.10757536101586,16.871791876349803,41.10781671041559,16.87181707243336,41.10771770975772,16.87321379705395
flow_2_609,41.10764547042224,16.87037051448248,41.10757536101586,16.871791876349803,41.10450954428582,16.871651082575962,41.10456510973252,16.872477433605628
flow_2_610,41.10764547042224,16.87037051448248,41.10757536101586,16.871791876349803,41.10353883851455,16.871655188195383,41.103515666810864,16.87044227855002
flow_2_611,41.10764547042224,16.87037051448248,41.10757536101586,16.871791876349803,41.10445259405902,16.876042926170484,41.10436880868841,16.875761886209244
flow_2_612,41.10764547042224,16.87037051448248,41.10757536101586,16.871791876349803,41.10836405905024,16.870571573316074,41.10880559118211,16.870655444350444
flow_2_613,41.10764547042224,16.87037051448248,41.10757536101586,16.871791876349803,41.10814243673671,16.874186571324426,41.10813805327221,16.874870976018755
flow_2_614,41.10764547042224,16.87037051448248,41.10757536101586,16.871791876349803,41.10724146966218,16.87742479905898,41.10720934823202,16.87762157039797
flow_2_615,41.10764547042224,16.87037051448248,41.10757536101586,16.871791876349803,41.105709425071495,16.87508434379606,41.10600946787193,16.875045247470027
flow_2_616,41.10764547042224,16.87037051448248,41.10757536101586,16.871791876349803,41.10712583087676,16.874581370472423,41.10710214853407,16.87435955003989
flow_2_617,41.10764547042224,16.87037051448248,41.10757536101586,16.871791876349803,41.10732110319105,16.8777613495144,41.10733798267452,16.877764688678635
flow_2_618,41.10764547042224,16.87037051448248,41.10757536101586,16.871791876349803,41.108816959023954,16.87701559688476,41.111533788969055,16.876450715532847
flow_2_619,41.10764547042224,16.87037051448248,41.10757536101586,16.871791876349803,41.10106339499217,16.87820819789415,41.10125886508507,16.87968187544237
flow_2_620,41.10764547042224,16.87037051448248,41.10757536101586,16.871791876349803,41.107448933153655,16.877721763272344,41.10745580783001,16.877714456595747
flow_2_621,41.10764547042224,16.87037051448248,41.10757536101586,16.871791876349803,41.10094460424349,16.876328159376932,41.10140722536913,16.87622308620474
flow_2_622,41.10764547042224,16.87037051448248,41.10757536101586,16.871791876349803,41.10462013718466,16.876617630310452,41.10440468148953,16.876739151748147
flow_2_623,41.10764547042224,16.87037051448248,41.10757536101586,16.871791876349803,41.10710990602856,16.87028076266512,41.10764547042224,16.87037051448248
flow_2_624,41.10764547042224,16.87037051448248,41.10757536101586,16.871791876349803,41.10282219209128,16.8716118519074,41.10255940602009,16.871592123455162
flow_2_625,41.10764547042224,16.87037051448248,41.10757536101586,16.871791876349803,41.10525531107702,16.871659522788697,41.10527065176782,16.87092044157714
flow_2_626,41.10764547042224,16.87037051448248,41.10757536101586,16.871791876349803,41.10527065176782,16.87092044157714,41.104557904589925,16.87075349430906
flow_2_627,41.10764547042224,16.87037051448248,41.10757536101586,16.871791876349803,41.103532900952686,16.872347479668893,41.10351474321344,16.8729158168811
flow_2_628,41.10764547042224,16.87037051448248,41.10757536101586,16.871791876349803,41.10459014355675,16.87360777204878,41.104586032558366,16.87294674119706
flow_2_629,41.10764547042224,16.87037051448248,41.10757536101586,16.871791876349803,41.10428673559737,16.877531862648333,41.10433323843067,16.877513777059303
flow_2_630,41.10764547042224,16.87037051448248,41.10757536101586,16.871791876349803,41.10277476335755,16.87778529520797,41.102969188850125,16.879273627171905
flow_2_631,41.10764547042224,16.87037051448248,41.10757536101586,16.871791876349803,41.10877484203646,16.874159186639993,41.11248609314907,16.873643072909186
flow_2_632,41.10764547042224,16.87037051448248,41.10757536101586,16.871791876349803,41.10693282053231,16.873500754386423,41.10640317013077,16.873601328210643
flow_2_633,41.10764547042224,16.87037051448248,41.10757536101586,16.871791876349803,41.10686700172243,16.87802885995844,41.10675372463437,16.87807636260086
flow_2_634,41.10764547042224,16.87037051448248,41.10757536101586,16.871791876349803,41.10324733400062,16.87359019478166,41.102660798305045,16.873632821121205
flow_2_635,41.10764547042224,16.87037051448248,41.10757536101586,16.871791876349803,41.10451407293564,16.87751035535627,41.10489776456013,16.87885407695273
flow_2_636,41.10764547042224,16.87037051448248,41.10757536101586,16.871791876349803,41.10750236910344,16.877554656305445,41.10745023270787,16.87741550407253
flow_2_637,41.104557904589925,16.87075349430906,41.10450954428582,16.871651082575962,41.10781671041559,16.87181707243336,41.10771770975772,16.87321379705395
flow_2_638,41.104557904589925,16.87075349430906,41.10450954428582,16.871651082575962,41.10450954428582,16.871651082575962,41.10456510973252,16.872477433605628
flow_2_639,41.104557904589925,16.87075349430906,41.10450954428582,16.871651082575962,41.10353883851455,16.871655188195383,41.103515666810864,16.87044227855002
flow_2_640,41.104557904589925,16.87075349430906,41.10450954428582,16.871651082575962,41.10445259405902,16.876042926170484,41.10436880868841,16.875761886209244
flow_2_641,41.104557904589925,16.87075349430906,41.10450954428582,16.871651082575962,41.10836405905024,16.870571573316074,41.10880559118211,16.870655444350444
flow_2_642,41.104557904589925,16.87075349430906,41.10450954428582,16.871651082575962,41.10814243673671,16.874186571324426,41.10813805327221,16.874870976018755
flow_2_643,41.104557904589925,16.87075349430906,41.10450954428582,16.871651082575962,41.10724146966218,16.87742479905898,41.10720934823202,16.87762157039797
flow_2_644,41.104557904589925,16.87075349430906,41.10450954428582,16.871651082575962,41.105709425071495,16.87508434379606,41.10600946787193,16.875045247470027
flow_2_645,41.104557904589925,16.87075349430906,41.10450954428582,16.871651082575962,41.10712583087676,16.874581370472423,41.10710214853407,16.87435955003989
flow_2_646,41.104557904589925,16.87075349430906,41.10450954428582,16.871651082575962,41.10732110319105,16.8777613495144,41.10733798267452,16.877764688678635
flow_2_647,41.104557904589925,16.87075349430906,41.10450954428582,16.871651082575962,41.108816959023954,16.87701559688476,41.111533788969055,16.876450715532847
flow_2_648,41.104557904589925,16.87075349430906,41.10450954428582,16.871651082575962,41.10106339499217,16.87820819789415,41.10125886508507,16.87968187544237
flow_2_649,41.104557904589925,16.87075349430906,41.10450954428582,16.871651082575962,41.107448933153655,16.877721763272344,41.10745580783001,16.877714456595747
flow_2_650,41.104557904589925,16.87075349430906,41.10450954428582,16.871651082575962,41.10094460424349,16.876328159376932,41.10140722536913,16.87622308620474
flow_2_651,41.104557904589925,16.87075349430906,41.10450954428582,16.871651082575962,41.10462013718466,16.876617630310452,41.10440468148953,16.876739151748147
flow_2_652,41.104557904589925,16.87075349430906,41.10450954428582,16.871651082575962,41.10710990602856,16.87028076266512,41.10764547042224,16.87037051448248
flow_2_653,41.104557904589925,16.87075349430906,41.10450954428582,16.871651082575962,41.10282219209128,16.8716118519074,41.10255940602009,16.871592123455162
flow_2_654,41.104557904589925,16.87075349430906,41.10450954428582,16.871651082575962,41.10525531107702,16.871659522788697,41.10527065176782,16.87092044157714
flow_2_655,41.104557904589925,16.87075349430906,41.10450954428582,16.871651082575962,41.10527065176782,16.87092044157714,41.104557904589925,16.87075349430906
flow_2_656,41.104557904589925,16.87075349430906,41.10450954428582,16.871651082575962,41.103532900952686,16.872347479668893,41.10351474321344,16.8729158168811
flow_2_657,41.104557904589925,16.87075349430906,41.10450954428582,16.871651082575962,41.10459014355675,16.87360777204878,41.104586032558366,16.87294674119706
flow_2_658,41.104557904589925,16.87075349430906,41.10450954428582,16.871651082575962,41.10428673559737,16.877531862648333,41.10433323843067,16.877513777059303
flow_2_659,41.104557904589925,16.87075349430906,41.10450954428582,16.871651082575962,41.10277476335755,16.87778529520797,41.102969188850125,16.879273627171905
flow_2_660,41.104557904589925,16.87075349430906,41.10450954428582,16.871651082575962,41.10877484203646,16.874159186639993,41.11248609314907,16.873643072909186
flow_2_661,41.104557904589925,16.87075349430906,41.10450954428582,16.871651082575962,41.10693282053231,16.873500754386423,41.10640317013077,16.873601328210643
flow_2_662,41.104557904589925,16.87075349430906,41.10450954428582,16.871651082575962,41.10686700172243,16.87802885995844,41.10675372463437,16.87807636260086
flow_2_663,41.104557904589925,16.87075349430906,41.10450954428582,16.871651082575962,41.10324733400062,16.87359019478166,41.102660798305045,16.873632821121205
flow_2_664,41.104557904589925,16.87075349430906,41.10450954428582,16.871651082575962,41.10451407293564,16.87751035535627,41.10489776456013,16.87885407695273
flow_2_665,41.104557904589925,16.87075349430906,41.10450954428582,16.871651082575962,41.10750236910344,16.877554656305445,41.10745023270787,16.87741550407253
flow_2_666,41.10527065176782,16.87092044157714,41.104557904589925,16.87075349430906,41.10781671041559,16.87181707243336,41.10771770975772,16.87321379705395
flow_2_667,41.10527065176782,16.87092044157714,41.104557904589925,16.87075349430906,41.10450954428582,16.871651082575962,41.10456510973252,16.872477433605628
flow_2_668,41.10527065176782,16.87092044157714,41.104557904589925,16.87075349430906,41.10353883851455,16.871655188195383,41.103515666810864,16.87044227855002
flow_2_669,41.10527065176782,16.87092044157714,41.104557904589925,16.87075349430906,41.10445259405902,16.876042926170484,41.10436880868841,16.875761886209244
flow_2_670,41.10527065176782,16.87092044157714,41.104557904589925,16.87075349430906,41.10836405905024,16.870571573316074,41.10880559118211,16.870655444350444
flow_2_671,41.10527065176782,16.87092044157714,41.104557904589925,16.87075349430906,41.10814243673671,16.874186571324426,41.10813805327221,16.874870976018755
flow_2_672,41.10527065176782,16.87092044157714,41.104557904589925,16.87075349430906,41.10724146966218,16.87742479905898,41.10720934823202,16.87762157039797
flow_2_673,41.10527065176782,16.87092044157714,41.104557904589925,16.87075349430906,41.105709425071495,16.87508434379606,41.10600946787193,16.875045247470027
flow_2_674,41.10527065176782,16.87092044157714,41.104557904589925,16.87075349430906,41.10712583087676,16.874581370472423,41.10710214853407,16.87435955003989
flow_2_675,41.10527065176782,16.87092044157714,41.104557904589925,16.87075349430906,41.10732110319105,16.8777613495144,41.10733798267452,16.877764688678635
flow_2_676,41.10527065176782,16.87092044157714,41.104557904589925,16.87075349430906,41.108816959023954,16.87701559688476,41.111533788969055,16.876450715532847
flow_2_677,41.10527065176782,16.87092044157714,41.104557904589925,16.87075349430906,41.10106339499217,16.87820819789415,41.10125886508507,16.87968187544237
flow_2_678,41.10527065176782,16.87092044157714,41.104557904589925,16.87075349430906,41.107448933153655,16.877721763272344,41.10745580783001,16.877714456595747
flow_2_679,41.10527065176782,16.87092044157714,41.104557904589925,16.87075349430906,41.10094460424349,16.876328159376932,41.10140722536913,16.87622308620474
flow_2_680,41.10527065176782,16.87092044157714,41.104557904589925,16.87075349430906,41.10462013718466,16.876617630310452,41.10440468148953,16.876739151748147
flow_2_681,41.10527065176782,16.87092044157714,41.104557904589925,16.87075349430906,41.10710990602856,16.87028076266512,41.10764547042224,16.87037051448248
flow_2_682,41.10527065176782,16.87092044157714,41.104557904589925,16.87075349430906,41.10282219209128,16.8716118519074,41.10255940602009,16.871592123455162
flow_2_683,41.10527065176782,16.87092044157714,41.104557904589925,16.87075349430906,41.10525531107702,16.871659522788697,41.10527065176782,16.87092044157714
flow_2_684,41.10527065176782,16.87092044157714,41.104557904589925,16.87075349430906,41.103532900952686,16.872347479668893,41.10351474321344,16.8729158168811
flow_2_685,41.10527065176782,16.87092044157714,41.104557904589925,16.87075349430906,41.10459014355675,16.87360777204878,41.104586032558366,16.87294674119706
flow_2_686,41.10527065176782,16.87092044157714,41.104557904589925,16.87075349430906,41.10428673559737,16.877531862648333,41.10433323843067,16.877513777059303
flow_2_687,41.10527065176782,16.87092044157714,41.104557904589925,16.87075349430906,41.10277476335755,16.87778529520797,41.102969188850125,16.879273627171905
flow_2_688,41.10527065176782,16.87092044157714,41.104557904589925,16.87075349430906,41.10877484203646,16.874159186639993,41.11248609314907,16.873643072909186
flow_2_689,41.10527065176782,16.87092044157714,41.104557904589925,16.87075349430906,41.10693282053231,16.873500754386423,41.10640317013077,16.873601328210643
flow_2_690,41.10527065176782,16.87092044157714,41.104557904589925,16.87075349430906,41.10686700172243,16.87802885995844,41.10675372463437,16.87807636260086
flow_2_691,41.10527065176782,16.87092044157714,41.104557904589925,16.87075349430906,41.10324733400062,16.87359019478166,41.102660798305045,16.873632821121205
flow_2_692,41.10527065176782,16.87092044157714,41.104557904589925,16.87075349430906,41.10451407293564,16.87751035535627,41.10489776456013,16.87885407695273
flow_2_693,41.10527065176782,16.87092044157714,41.104557904589925,16.87075349430906,41.10750236910344,16.877554656305445,41.10745023270787,16.87741550407253
flow_2_694,41.10456510973252,16.872477433605628,41.10450954428582,16.871651082575962,41.10781671041559,16.87181707243336,41.10771770975772,16.87321379705395
flow_2_695,41.10456510973252,16.872477433605628,41.10450954428582,16.871651082575962,41.10450954428582,16.871651082575962,41.10456510973252,16.872477433605628
flow_2_696,41.10456510973252,16.872477433605628,41.10450954428582,16.871651082575962,41.10353883851455,16.871655188195383,41.103515666810864,16.87044227855002
flow_2_697,41.10456510973252,16.872477433605628,41.10450954428582,16.871651082575962,41.10445259405902,16.876042926170484,41.10436880868841,16.875761886209244
flow_2_698,41.10456510973252,16.872477433605628,41.10450954428582,16.871651082575962,41.10836405905024,16.870571573316074,41.10880559118211,16.870655444350444
flow_2_699,41.10456510973252,16.872477433605628,41.10450954428582,16.871651082575962,41.10814243673671,16.874186571324426,41.10813805327221,16.874870976018755
flow_2_700,41.10456510973252,16.872477433605628,41.10450954428582,16.871651082575962,41.10724146966218,16.87742479905898,41.10720934823202,16.87762157039797
flow_2_701,41.10456510973252,16.872477433605628,41.10450954428582,16.871651082575962,41.105709425071495,16.87508434379606,41.10600946787193,16.875045247470027
flow_2_702,41.10456510973252,16.872477433605628,41.10450954428582,16.871651082575962,41.10712583087676,16.874581370472423,41.10710214853407,16.87435955003989
flow_2_703,41.10456510973252,16.872477433605628,41.10450954428582,16.871651082575962,41.10732110319105,16.8777613495144,41.10733798267452,16.877764688678635
flow_2_704,41.10456510973252,16.872477433605628,41.10450954428582,16.871651082575962,41.108816959023954,16.87701559688476,41.111533788969055,16.876450715532847
flow_2_705,41.10456510973252,16.872477433605628,41.10450954428582,16.871651082575962,41.10106339499217,16.87820819789415,41.10125886508507,16.87968187544237
flow_2_706,41.10456510973252,16.872477433605628,41.10450954428582,16.871651082575962,41.107448933153655,16.877721763272344,41.10745580783001,16.877714456595747
flow_2_707,41.10456510973252,16.872477433605628,41.10450954428582,16.871651082575962,41.10094460424349,16.876328159376932,41.10140722536913,16.87622308620474
flow_2_708,41.10456510973252,16.872477433605628,41.10450954428582,16.871651082575962,41.10462013718466,16.876617630310452,41.10440468148953,16.876739151748147
flow_2_709,41.10456510973252,16.872477433605628,41.10450954428582,16.871651082575962,41.10710990602856,16.87028076266512,41.10764547042224,16.87037051448248
flow_2_710,41.10456510973252,16.872477433605628,41.10450954428582,16.871651082575962,41.10282219209128,16.8716118519074,41.10255940602009,16.871592123455162
flow_2_711,41.10456510973252,16.872477433605628,41.10450954428582,16.871651082575962,41.10525531107702,16.871659522788697,41.10527065176782,16.87092044157714
flow_2_712,41.10456510973252,16.872477433605628,41.10450954428582,16.871651082575962,41.10527065176782,16.87092044157714,41.104557904589925,16.87075349430906
flow_2_713,41.10456510973252,16.872477433605628,41.10450954428582,16.871651082575962,41.103532900952686,16.872347479668893,41.10351474321344,16.8729158168811
flow_2_714,41.10456510973252,16.872477433605628,41.10450954428582,16.871651082575962,41.10459014355675,16.87360777204878,41.104586032558366,16.87294674119706
flow_2_715,41.10456510973252,16.872477433605628,41.10450954428582,16.871651082575962,41.10428673559737,16.877531862648333,41.10433323843067,16.877513777059303
flow_2_716,41.10456510973252,16.872477433605628,41.10450954428582,16.871651082575962,41.10277476335755,16.87778529520797,41.102969188850125,16.879273627171905
flow_2_717,41.10456510973252,16.872477433605628,41.10450954428582,16.871651082575962,41.10877484203646,16.874159186639993,41.11248609314907,16.873643072909186
flow_2_718,41.10456510973252,16.872477433605628,41.10450954428582,16.871651082575962,41.10693282053231,16.873500754386423,41.10640317013077,16.873601328210643
flow_2_719,41.10456510973252,16.872477433605628,41.10450954428582,16.871651082575962,41.10686700172243,16.87802885995844,41.10675372463437,16.87807636260086
flow_2_720,41.10456510973252,16.872477433605628,41.10450954428582,16.871651082575962,41.10324733400062,16.87359019478166,41.102660798305045,16.873632821121205
flow_2_721,41.10456510973252,16.872477433605628,41.10450954428582,16.871651082575962,41.10451407293564,16.87751035535627,41.10489776456013,16.87885407695273
flow_2_722,41.10456510973252,16.872477433605628,41.10450954428582,16.871651082575962,41.10750236910344,16.877554656305445,41.10745023270787,16.87741550407253
flow_2_723,41.103515666810864,16.87044227855002,41.10353883851455,16.871655188195383,41.10781671041559,16.87181707243336,41.10771770975772,16.87321379705395
flow_2_724,41.103515666810864,16.87044227855002,41.10353883851455,16.871655188195383,41.10450954428582,16.871651082575962,41.10456510973252,16.872477433605628
flow_2_725,41.103515666810864,16.87044227855002,41.10353883851455,16.871655188195383,41.10353883851455,16.871655188195383,41.103515666810864,16.87044227855002
flow_2_726,41.103515666810864,16.87044227855002,41.10353883851455,16.871655188195383,41.10445259405902,16.876042926170484,41.10436880868841,16.875761886209244
flow_2_727,41.103515666810864,16.87044227855002,41.10353883851455,16.871655188195383,41.10836405905024,16.870571573316074,41.10880559118211,16.870655444350444
flow_2_728,41.103515666810864,16.87044227855002,41.10353883851455,16.871655188195383,41.10814243673671,16.874186571324426,41.10813805327221,16.874870976018755
flow_2_729,41.103515666810864,16.87044227855002,41.10353883851455,16.871655188195383,41.10724146966218,16.87742479905898,41.10720934823202,16.87762157039797
flow_2_730,41.103515666810864,16.87044227855002,41.10353883851455,16.871655188195383,41.105709425071495,16.87508434379606,41.10600946787193,16.875045247470027
flow_2_731,41.103515666810864,16.87044227855002,41.10353883851455,16.871655188195383,41.10712583087676,16.874581370472423,41.10710214853407,16.87435955003989
flow_2_732,41.103515666810864,16.87044227855002,41.10353883851455,16.871655188195383,41.10732110319105,16.8777613495144,41.10733798267452,16.877764688678635
flow_2_733,41.103515666810864,16.87044227855002,41.10353883851455,16.871655188195383,41.108816959023954,16.87701559688476,41.111533788969055,16.876450715532847
flow_2_734,41.103515666810864,16.87044227855002,41.10353883851455,16.871655188195383,41.10106339499217,16.87820819789415,41.10125886508507,16.87968187544237
flow_2_735,41.103515666810864,16.87044227855002,41.10353883851455,16.871655188195383,41.107448933153655,16.877721763272344,41.10745580783001,16.877714456595747
flow_2_736,41.103515666810864,16.87044227855002,41.10353883851455,16.871655188195383,41.10094460424349,16.876328159376932,41.10140722536913,16.87622308620474
flow_2_737,41.103515666810864,16.87044227855002,41.10353883851455,16.871655188195383,41.10462013718466,16.876617630310452,41.10440468148953,16.876739151748147
flow_2_738,41.103515666810864,16.87044227855002,41.10353883851455,16.871655188195383,41.10710990602856,16.87028076266512,41.10764547042224,16.87037051448248
flow_2_739,41.103515666810864,16.87044227855002,41.10353883851455,16.871655188195383,41.10282219209128,16.8716118519074,41.10255940602009,16.871592123455162
flow_2_740,41.103515666810864,16.87044227855002,41.10353883851455,16.871655188195383,41.10525531107702,16.871659522788697,41.10527065176782,16.87092044157714
flow_2_741,41.103515666810864,16.87044227855002,41.10353883851455,16.871655188195383,41.10527065176782,16.87092044157714,41.104557904589925,16.87075349430906
flow_2_742,41.103515666810864,16.87044227855002,41.10353883851455,16.871655188195383,41.103532900952686,16.872347479668893,41.10351474321344,16.8729158168811
flow_2_743,41.103515666810864,16.87044227855002,41.10353883851455,16.871655188195383,41.10459014355675,16.87360777204878,41.104586032558366,16.87294674119706
flow_2_744,41.103515666810864,16.87044227855002,41.10353883851455,16.871655188195383,41.10428673559737,16.877531862648333,41.10433323843067,16.877513777059303
flow_2_745,41.103515666810864,16.87044227855002,41.10353883851455,16.871655188195383,41.10277476335755,16.87778529520797,41.102969188850125,16.879273627171905
flow_2_746,41.103515666810864,16.87044227855002,41.10353883851455,16.871655188195383,41.10877484203646,16.874159186639993,41.11248609314907,16.873643072909186
flow_2_747,41.103515666810864,16.87044227855002,41.10353883851455,16.871655188195383,41.10693282053231,16.873500754386423,41.10640317013077,16.873601328210643
flow_2_748,41.103515666810864,16.87044227855002,41.10353883851455,16.871655188195383,41.10686700172243,16.87802885995844,41.10675372463437,16.87807636260086
flow_2_749,41.103515666810864,16.87044227855002,41.10353883851455,16.871655188195383,41.10324733400062,16.87359019478166,41.102660798305045,16.873632821121205
flow_2_750,41.103515666810864,16.87044227855002,41.10353883851455,16.871655188195383,41.10451407293564,16.87751035535627,41.10489776456013,16.87885407695273
flow_2_751,41.103515666810864,16.87044227855002,41.10353883851455,16.871655188195383,41.10750236910344,16.877554656305445,41.10745023270787,16.87741550407253
flow_2_752,41.10597569211098,16.87360048646128,41.10505793879827,16.873610831591872,41.10781671041559,16.87181707243336,41.10771770975772,16.87321379705395
flow_2_753,41.10597569211098,16.87360048646128,41.10505793879827,16.873610831591872,41.10450954428582,16.871651082575962,41.10456510973252,16.872477433605628
flow_2_754,41.10597569211098,16.87360048646128,41.10505793879827,16.873610831591872,41.10353883851455,16.871655188195383,41.103515666810864,16.87044227855002
flow_2_755,41.10597569211098,16.87360048646128,41.10505793879827,16.873610831591872,41.10445259405902,16.876042926170484,41.10436880868841,16.875761886209244
flow_2_756,41.10597569211098,16.87360048646128,41.10505793879827,16.873610831591872,41.10836405905024,16.870571573316074,41.10880559118211,16.870655444350444
flow_2_757,41.10597569211098,16.87360048646128,41.10505793879827,16.873610831591872,41.10814243673671,16.874186571324426,41.10813805327221,16.874870976018755
flow_2_758,41.10597569211098,16.87360048646128,41.10505793879827,16.873610831591872,41.10724146966218,16.87742479905898,41.10720934823202,16.87762157039797
flow_2_759,41.10597569211098,16.87360048646128,41.10505793879827,16.873610831591872,41.105709425071495,16.87508434379606,41.10600946787193,16.875045247470027
flow_2_760,41.10597569211098,16.87360048646128,41.10505793879827,16.873610831591872,41.10712583087676,16.874581370472423,41.10710214853407,16.87435955003989
flow_2_761,41.10597569211098,16.87360048646128,41.10505793879827,16.873610831591872,41.10732110319105,16.8777613495144,41.10733798267452,16.877764688678635
flow_2_762,41.10597569211098,16.87360048646128,41.10505793879827,16.873610831591872,41.108816959023954,16.87701559688476,41.111533788969055,16.876450715532847
flow_2_763,41.10597569211098,16.87360048646128,41.10505793879827,16.873610831591872,41.10106339499217,16.87820819789415,41.10125886508507,16.87968187544237
flow_2_764,41.10597569211098,16.87360048646128,41.10505793879827,16.873610831591872,41.107448933153655,16.877721763272344,41.10745580783001,16.877714456595747
flow_2_765,41.10597569211098,16.87360048646128,41.10505793879827,16.873610831591872,41.10094460424349,16.876328159376932,41.10140722536913,16.87622308620474
flow_2_766,41.10597569211098,16.87360048646128,41.10505793879827,16.873610831591872,41.10462013718466,16.876617630310452,41.10440468148953,16.876739151748147
flow_2_767,41.10597569211098,16.87360048646128,41.10505793879827,16.873610831591872,41.10710990602856,16.87028076266512,41.10764547042224,16.87037051448248
flow_2_768,41.10597569211098,16.87360048646128,41.10505793879827,16.873610831591872,41.10282219209128,16.8716118519074,41.10255940602009,16.871592123455162
flow_2_769,41.10597569211098,16.87360048646128,41.10505793879827,16.873610831591872,41.10525531107702,16.871659522788697,41.10527065176782,16.87092044157714
flow_2_770,41.10597569211098,16.87360048646128,41.10505793879827,16.873610831591872,41.10527065176782,16.87092044157714,41.104557904589925,16.87075349430906
flow_2_771,41.10597569211098,16.87360048646128,41.10505793879827,16.873610831591872,41.103532900952686,16.872347479668893,41.10351474321344,16.8729158168811
flow_2_772,41.10597569211098,16.87360048646128,41.10505793879827,16.873610831591872,41.10459014355675,16.87360777204878,41.104586032558366,16.87294674119706
flow_2_773,41.10597569211098,16.87360048646128,41.10505793879827,16.873610831591872,41.10428673559737,16.877531862648333,41.10433323843067,16.877513777059303
flow_2_774,41.10597569211098,16.87360048646128,41.10505793879827,16.873610831591872,41.10277476335755,16.87778529520797,41.102969188850125,16.879273627171905
flow_2_775,41.10597569211098,16.87360048646128,41.10505793879827,16.873610831591872,41.10877484203646,16.874159186639993,41.11248609314907,16.873643072909186
flow_2_776,41.10597569211098,16.87360048646128,41.10505793879827,16.873610831591872,41.10693282053231,16.873500754386423,41.10640317013077,16.873601328210643
flow_2_777,41.10597569211098,16.87360048646128,41.10505793879827,16.873610831591872,41.10686700172243,16.87802885995844,41.10675372463437,16.87807636260086
flow_2_778,41.10597569211098,16.87360048646128,41.10505793879827,16.873610831591872,41.10324733400062,16.87359019478166,41.102660798305045,16.873632821121205
flow_2_779,41.10597569211098,16.87360048646128,41.10505793879827,16.873610831591872,41.10451407293564,16.87751035535627,41.10489776456013,16.87885407695273
flow_2_780,41.10597569211098,16.87360048646128,41.10505793879827,16.873610831591872,41.10750236910344,16.877554656305445,41.10745023270787,16.87741550407253
flow_2_781,41.10705777040282,16.873831918407728,41.10693282053231,16.873500754386423,41.10781671041559,16.87181707243336,41.10771770975772,16.87321379705395
flow_2_782,41.10705777040282,16.873831918407728,41.10693282053231,16.873500754386423,41.10450954428582,16.871651082575962,41.10456510973252,16.872477433605628
flow_2_783,41.10705777040282,16.873831918407728,41.10693282053231,16.873500754386423,41.10353883851455,16.871655188195383,41.103515666810864,16.87044227855002
flow_2_784,41.10705777040282,16.873831918407728,41.10693282053231,16.873500754386423,41.10445259405902,16.876042926170484,41.10436880868841,16.875761886209244
flow_2_785,41.10705777040282,16.873831918407728,41.10693282053231,16.873500754386423,41.10836405905024,16.870571573316074,41.10880559118211,16.870655444350444
flow_2_786,41.10705777040282,16.873831918407728,41.10693282053231,16.873500754386423,41.10814243673671,16.874186571324426,41.10813805327221,16.874870976018755
flow_2_787,41.10705777040282,16.873831918407728,41.10693282053231,16.873500754386423,41.10724146966218,16.87742479905898,41.10720934823202,16.87762157039797
flow_2_788,41.10705777040282,16.873831918407728,41.10693282053231,16.873500754386423,41.105709425071495,16.87508434379606,41.10600946787193,16.875045247470027
flow_2_789,41.10705777040282,16.873831918407728,41.10693282053231,16.873500754386423,41.10712583087676,16.874581370472423,41.10710214853407,16.87435955003989
flow_2_790,41.10705777040282,16.873831918407728,41.10693282053231,16.873500754386423,41.10732110319105,16.8777613495144,41.10733798267452,16.877764688678635
flow_2_791,41.10705777040282,16.873831918407728,41.10693282053231,16.873500754386423,41.108816959023954,16.87701559688476,41.111533788969055,16.876450715532847
flow_2_792,41.10705777040282,16.873831918407728,41.10693282053231,16.873500754386423,41.10106339499217,16.87820819789415,41.10125886508507,16.87968187544237
flow_2_793,41.10705777040282,16.873831918407728,41.10693282053231,16.873500754386423,41.107448933153655,16.877721763272344,41.10745580783001,16.877714456595747
flow_2_794,41.10705777040282,16.873831918407728,41.10693282053231,16.873500754386423,41.10094460424349,16.876328159376932,41.10140722536913,16.87622308620474
flow_2_795,41.10705777040282,16.873831918407728,41.10693282053231,16.873500754386423,41.10462013718466,16.876617630310452,41.10440468148953,16.876739151748147
flow_2_796,41.10705777040282,16.873831918407728,41.10693282053231,16.873500754386423,41.10710990602856,16.87028076266512,41.10764547042224,16.87037051448248
flow_2_797,41.10705777040282,16.873831918407728,41.10693282053231,16.873500754386423,41.10282219209128,16.8716118519074,41.10255940602009,16.871592123455162
flow_2_798,41.10705777040282,16.873831918407728,41.10693282053231,16.873500754386423,41.10525531107702,16.871659522788697,41.10527065176782,16.87092044157714
flow_2_799,41.10705777040282,16.873831918407728,41.10693282053231,16.873500754386423,41.10527065176782,16.87092044157714,41.104557904589925,16.87075349430906
flow_2_800,41.10705777040282,16.873831918407728,41.10693282053231,16.873500754386423,41.103532900952686,16.872347479668893,41.10351474321344,16.8729158168811
flow_2_801,41.10705777040282,16.873831918407728,41.10693282053231,16.873500754386423,41.10459014355675,16.87360777204878,41.104586032558366,16.87294674119706
flow_2_802,41.10705777040282,16.873831918407728,41.10693282053231,16.873500754386423,41.10428673559737,16.877531862648333,41.10433323843067,16.877513777059303
flow_2_803,41.10705777040282,16.873831918407728,41.10693282053231,16.873500754386423,41.10277476335755,16.87778529520797,41.102969188850125,16.879273627171905
flow_2_804,41.10705777040282,16.873831918407728,41.10693282053231,16.873500754386423,41.10877484203646,16.874159186639993,41.11248609314907,16.873643072909186
flow_2_805,41.10705777040282,16.873831918407728,41.10693282053231,16.873500754386423,41.10693282053231,16.873500754386423,41.10640317013077,16.873601328210643
flow_2_806,41.10705777040282,16.873831918407728,41.10693282053231,16.873500754386423,41.10686700172243,16.87802885995844,41.10675372463437,16.87807636260086
flow_2_807,41.10705777040282,16.873831918407728,41.10693282053231,16.873500754386423,41.10324733400062,16.87359019478166,41.102660798305045,16.873632821121205
flow_2_808,41.10705777040282,16.873831918407728,41.10693282053231,16.873500754386423,41.10451407293564,16.87751035535627,41.10489776456013,16.87885407695273
flow_2_809,41.10705777040282,16.873831918407728,41.10693282053231,16.873500754386423,41.10750236910344,16.877554656305445,41.10745023270787,16.87741550407253
flow_2_810,41.11248556592378,16.87351490858981,41.10916325490317,16.873914783172836,41.10781671041559,16.87181707243336,41.10771770975772,16.87321379705395
flow_2_811,41.11248556592378,16.87351490858981,41.10916325490317,16.873914783172836,41.10450954428582,16.871651082575962,41.10456510973252,16.872477433605628
flow_2_812,41.11248556592378,16.87351490858981,41.10916325490317,16.873914783172836,41.10353883851455,16.871655188195383,41.103515666810864,16.87044227855002
flow_2_813,41.11248556592378,16.87351490858981,41.10916325490317,16.873914783172836,41.10445259405902,16.876042926170484,41.10436880868841,16.875761886209244
flow_2_814,41.11248556592378,16.87351490858981,41.10916325490317,16.873914783172836,41.10836405905024,16.870571573316074,41.10880559118211,16.870655444350444
flow_2_815,41.11248556592378,16.87351490858981,41.10916325490317,16.873914783172836,41.10814243673671,16.874186571324426,41.10813805327221,16.874870976018755
flow_2_816,41.11248556592378,16.87351490858981,41.10916325490317,16.873914783172836,41.10724146966218,16.87742479905898,41.10720934823202,16.87762157039797
flow_2_817,41.11248556592378,16.87351490858981,41.10916325490317,16.873914783172836,41.105709425071495,16.87508434379606,41.10600946787193,16.875045247470027
flow_2_818,41.11248556592378,16.87351490858981,41.10916325490317,16.873914783172836,41.10712583087676,16.874581370472423,41.10710214853407,16.87435955003989
flow_2_819,41.11248556592378,16.87351490858981,41.10916325490317,16.873914783172836,41.10732110319105,16.8777613495144,41.10733798267452,16.877764688678635
flow_2_820,41.11248556592378,16.87351490858981,41.10916325490317,16.873914783172836,41.108816959023954,16.87701559688476,41.111533788969055,16.876450715532847
flow_2_821,41.11248556592378,16.87351490858981,41.10916325490317,16.873914783172836,41.10106339499217,16.87820819789415,41.10125886508507,16.87968187544237
flow_2_822,41.11248556592378,16.87351490858981,41.10916325490317,16.873914783172836,41.107448933153655,16.877721763272344,41.10745580783001,16.877714456595747
flow_2_823,41.11248556592378,16.87351490858981,41.10916325490317,16.873914783172836,41.10094460424349,16.876328159376932,41.10140722536913,16.87622308620474
flow_2_824,41.11248556592378,16.87351490858981,41.10916325490317,16.873914783172836,41.10462013718466,16.876617630310452,41.10440468148953,16.876739151748147
flow_2_825,41.11248556592378,16.87351490858981,41.10916325490317,16.873914783172836,41.10710990602856,16.87028076266512,41.10764547042224,16.87037051448248
flow_2_826,41.11248556592378,16.87351490858981,41.10916325490317,16.873914783172836,41.10282219209128,16.8716118519074,41.10255940602009,16.871592123455162
flow_2_827,41.11248556592378,16.87351490858981,41.10916325490317,16.873914783172836,41.10525531107702,16.871659522788697,41.10527065176782,16.87092044157714
flow_2_828,41.11248556592378,16.87351490858981,41.10916325490317,16.873914783172836,41.10527065176782,16.87092044157714,41.104557904589925,16.87075349430906
flow_2_829,41.11248556592378,16.87351490858981,41.10916325490317,16.873914783172836,41.103532900952686,16.872347479668893,41.10351474321344,16.8729158168811
flow_2_830,41.11248556592378,16.87351490858981,41.10916325490317,16.873914783172836,41.10459014355675,16.87360777204878,41.104586032558366,16.87294674119706
flow_2_831,41.11248556592378,16.87351490858981,41.10916325490317,16.873914783172836,41.10428673559737,16.877531862648333,41.10433323843067,16.877513777059303
flow_2_832,41.11248556592378,16.87351490858981,41.10916325490317,16.873914783172836,41.10277476335755,16.87778529520797,41.102969188850125,16.879273627171905
flow_2_833,41.11248556592378,16.87351490858981,41.10916325490317,16.873914783172836,41.10877484203646,16.874159186639993,41.11248609314907,16.873643072909186
flow_2_834,41.11248556592378,16.87351490858981,41.10916325490317,16.873914783172836,41.10693282053231,16.873500754386423,41.10640317013077,16.873601328210643
flow_2_835,41.11248556592378,16.87351490858981,41.10916325490317,16.873914783172836,41.10686700172243,16.87802885995844,41.10675372463437,16.87807636260086
flow_2_836,41.11248556592378,16.87351490858981,41.10916325490317,16.873914783172836,41.10324733400062,16.87359019478166,41.102660798305045,16.873632821121205
flow_2_837,41.11248556592378,16.87351490858981,41.10916325490317,16.873914783172836,41.10451407293564,16.87751035535627,41.10489776456013,16.87885407695273
flow_2_838,41.11248556592378,16.87351490858981,41.10916325490317,16.873914783172836,41.10750236910344,16.877554656305445,41.10745023270787,16.87741550407253
flow_2_839,41.10916325490317,16.873914783172836,41.108799907038346,16.873969472771005,41.10781671041559,16.87181707243336,41.10771770975772,16.87321379705395
flow_2_840,41.10916325490317,16.873914783172836,41.108799907038346,16.873969472771005,41.10450954428582,16.871651082575962,41.10456510973252,16.872477433605628
flow_2_841,41.10916325490317,16.873914783172836,41.108799907038346,16.873969472771005,41.10353883851455,16.871655188195383,41.103515666810864,16.87044227855002
flow_2_842,41.10916325490317,16.873914783172836,41.108799907038346,16.873969472771005,41.10445259405902,16.876042926170484,41.10436880868841,16.875761886209244
flow_2_843,41.10916325490317,16.873914783172836,41.108799907038346,16.873969472771005,41.10836405905024,16.870571573316074,41.10880559118211,16.870655444350444
flow_2_844,41.10916325490317,16.873914783172836,41.108799907038346,16.873969472771005,41.10814243673671,16.874186571324426,41.10813805327221,16.874870976018755
flow_2_845,41.10916325490317,16.873914783172836,41.108799907038346,16.873969472771005,41.10724146966218,16.87742479905898,41.10720934823202,16.87762157039797
flow_2_846,41.10916325490317,16.873914783172836,41.108799907038346,16.873969472771005,41.105709425071495,16.87508434379606,41.10600946787193,16.875045247470027
flow_2_847,41.10916325490317,16.873914783172836,41.108799907038346,16.873969472771005,41.10712583087676,16.874581370472423,41.10710214853407,16.87435955003989
flow_2_848,41.10916325490317,16.873914783172836,41.108799907038346,16.873969472771005,41.10732110319105,16.8777613495144,41.10733798267452,16.877764688678635
flow_2_849,41.10916325490317,16.873914783172836,41.108799907038346,16.873969472771005,41.108816959023954,16.87701559688476,41.111533788969055,16.876450715532847
flow_2_850,41.10916325490317,16.873914783172836,41.108799907038346,16.873969472771005,41.10106339499217,16.87820819789415,41.10125886508507,16.87968187544237
flow_2_851,41.10916325490317,16.873914783172836,41.108799907038346,16.873969472771005,41.107448933153655,16.877721763272344,41.10745580783001,16.877714456595747
flow_2_852,41.10916325490317,16.873914783172836,41.108799907038346,16.873969472771005,41.10094460424349,16.876328159376932,41.10140722536913,16.87622308620474
flow_2_853,41.10916325490317,16.873914783172836,41.108799907038346,16.873969472771005,41.10462013718466,16.876617630310452,41.10440468148953,16.876739151748147
flow_2_854,41.10916325490317,16.873914783172836,41.108799907038346,16.873969472771005,41.10710990602856,16.87028076266512,41.10764547042224,16.87037051448248
flow_2_855,41.10916325490317,16.873914783172836,41.108799907038346,16.873969472771005,41.10282219209128,16.8716118519074,41.10255940602009,16.871592123455162
flow_2_856,41.10916325490317,16.873914783172836,41.108799907038346,16.873969472771005,41.10525531107702,16.871659522788697,41.10527065176782,16.87092044157714
flow_2_857,41.10916325490317,16.873914783172836,41.108799907038346,16.873969472771005,41.10527065176782,16.87092044157714,41.104557904589925,16.87075349430906
flow_2_858,41.10916325490317,16.873914783172836,41.108799907038346,16.873969472771005,41.103532900952686,16.872347479668893,41.10351474321344,16.8729158168811
flow_2_859,41.10916325490317,16.873914783172836,41.108799907038346,16.873969472771005,41.10459014355675,16.87360777204878,41.104586032558366,16.87294674119706
flow_2_860,41.10916325490317,16.873914783172836,41.108799907038346,16.873969472771005,41.10428673559737,16.877531862648333,41.10433323843067,16.877513777059303
flow_2_861,41.10916325490317,16.873914783172836,41.108799907038346,16.873969472771005,41.10277476335755,16.87778529520797,41.102969188850125,16.879273627171905
flow_2_862,41.10916325490317,16.873914783172836,41.108799907038346,16.873969472771005,41.10877484203646,16.874159186639993,41.11248609314907,16.873643072909186
flow_2_863,41.10916325490317,16.873914783172836,41.108799907038346,16.873969472771005,41.10693282053231,16.873500754386423,41.10640317013077,16.873601328210643
flow_2_864,41.10916325490317,16.873914783172836,41.108799907038346,16.873969472771005,41.10686700172243,16.87802885995844,41.10675372463437,16.87807636260086
flow_2_865,41.10916325490317,16.873914783172836,41.108799907038346,16.873969472771005,41.10324733400062,16.87359019478166,41.102660798305045,16.873632821121205
flow_2_866,41.10916325490317,16.873914783172836,41.108799907038346,16.873969472771005,41.10451407293564,16.87751035535627,41.10489776456013,16.87885407695273
flow_2_867,41.10916325490317,16.873914783172836,41.108799907038346,16.873969472771005,41.10750236910344,16.877554656305445,41.10745023270787,16.87741550407253
flow_2_868,41.108799907038346,16.873969472771005,41.10814687352468,16.87402461599708,41.10781671041559,16.87181707243336,41.10771770975772,16.87321379705395
flow_2_869,41.108799907038346,16.873969472771005,41.10814687352468,16.87402461599708,41.10450954428582,16.871651082575962,41.10456510973252,16.872477433605628
flow_2_870,41.108799907038346,16.873969472771005,41.10814687352468,16.87402461599708,41.10353883851455,16.871655188195383,41.103515666810864,16.87044227855002
flow_2_871,41.108799907038346,16.873969472771005,41.10814687352468,16.87402461599708,41.10445259405902,16.876042926170484,41.10436880868841,16.875761886209244
flow_2_872,41.108799907038346,16.873969472771005,41.10814687352468,16.87402461599708,41.10836405905024,16.870571573316074,41.10880559118211,16.870655444350444
flow_2_873,41.108799907038346,16.873969472771005,41.10814687352468,16.87402461599708,41.10814243673671,16.874186571324426,41.10813805327221,16.874870976018755
flow_2_874,41.108799907038346,16.873969472771005,41.10814687352468,16.87402461599708,41.10724146966218,16.87742479905898,41.10720934823202,16.87762157039797
flow_2_875,41.108799907038346,16.873969472771005,41.10814687352468,16.87402461599708,41.105709425071495,16.87508434379606,41.10600946787193,16.875045247470027
flow_2_876,41.108799907038346,16.873969472771005,41.10814687352468,16.87402461599708,41.10712583087676,16.874581370472423,41.10710214853407,16.87435955003989
flow_2_877,41.108799907038346,16.873969472771005,41.10814687352468,16.87402461599708,41.10732110319105,16.8777613495144,41.10733798267452,16.877764688678635
flow_2_878,41.108799907038346,16.873969472771005,41.10814687352468,16.87402461599708,41.108816959023954,16.87701559688476,41.111533788969055,16.876450715532847
flow_2_879,41.108799907038346,16.873969472771005,41.10814687352468,16.87402461599708,41.10106339499217,16.87820819789415,41.10125886508507,16.87968187544237
flow_2_880,41.108799907038346,16.873969472771005,41.10814687352468,16.87402461599708,41.107448933153655,16.877721763272344,41.10745580783001,16.877714456595747
flow_2_881,41.108799907038346,16.873969472771005,41.10814687352468,16.87402461599708,41.10094460424349,16.876328159376932,41.10140722536913,16.87622308620474
flow_2_882,41.108799907038346,16.873969472771005,41.10814687352468,16.87402461599708,41.10462013718466,16.876617630310452,41.10440468148953,16.876739151748147
flow_2_883,41.108799907038346,16.873969472771005,41.10814687352468,16.87402461599708,41.10710990602856,16.87028076266512,41.10764547042224,16.87037051448248
flow_2_884,41.108799907038346,16.873969472771005,41.10814687352468,16.87402461599708,41.10282219209128,16.8716118519074,41.10255940602009,16.871592123455162
flow_2_885,41.108799907038346,16.873969472771005,41.10814687352468,16.87402461599708,41.10525531107702,16.871659522788697,41.10527065176782,16.87092044157714
flow_2_886,41.108799907038346,16.873969472771005,41.10814687352468,16.87402461599708,41.10527065176782,16.87092044157714,41.104557904589925,16.87075349430906
flow_2_887,41.108799907038346,16.873969472771005,41.10814687352468,16.87402461599708,41.103532900952686,16.872347479668893,41.10351474321344,16.8729158168811
flow_2_888,41.108799907038346,16.873969472771005,41.10814687352468,16.87402461599708,41.10459014355675,16.87360777204878,41.104586032558366,16.87294674119706
flow_2_889,41.108799907038346,16.873969472771005,41.10814687352468,16.87402461599708,41.10428673559737,16.877531862648333,41.10433323843067,16.877513777059303
flow_2_890,41.108799907038346,16.873969472771005,41.10814687352468,16.87402461599708,41.10277476335755,16.87778529520797,41.102969188850125,16.879273627171905
flow_2_891,41.108799907038346,16.873969472771005,41.10814687352468,16.87402461599708,41.10877484203646,16.874159186639993,41.11248609314907,16.873643072909186
flow_2_892,41.108799907038346,16.873969472771005,41.10814687352468,16.87402461599708,41.10693282053231,16.873500754386423,41.10640317013077,16.873601328210643
flow_2_893,41.108799907038346,16.873969472771005,41.10814687352468,16.87402461599708,41.10686700172243,16.87802885995844,41.10675372463437,16.87807636260086
flow_2_894,41.108799907038346,16.873969472771005,41.10814687352468,16.87402461599708,41.10324733400062,16.87359019478166,41.102660798305045,16.873632821121205
flow_2_895,41.108799907038346,16.873969472771005,41.10814687352468,16.87402461599708,41.10451407293564,16.87751035535627,41.10489776456013,16.87885407695273
flow_2_896,41.108799907038346,16.873969472771005,41.10814687352468,16.87402461599708,41.10750236910344,16.877554656305445,41.10745023270787,16.87741550407253
flow_2_897,41.10652089382636,16.876334866043567,41.10710630189211,16.87604631348818,41.10781671041559,16.87181707243336,41.10771770975772,16.87321379705395
flow_2_898,41.10652089382636,16.876334866043567,41.10710630189211,16.87604631348818,41.10450954428582,16.871651082575962,41.10456510973252,16.872477433605628
flow_2_899,41.10652089382636,16.876334866043567,41.10710630189211,16.87604631348818,41.10353883851455,16.871655188195383,41.103515666810864,16.87044227855002
flow_2_900,41.10652089382636,16.876334866043567,41.10710630189211,16.87604631348818,41.10445259405902,16.876042926170484,41.10436880868841,16.875761886209244
flow_2_901,41.10652089382636,16.876334866043567,41.10710630189211,16.87604631348818,41.10836405905024,16.870571573316074,41.10880559118211,16.870655444350444
flow_2_902,41.10652089382636,16.876334866043567,41.10710630189211,16.87604631348818,41.10814243673671,16.874186571324426,41.10813805327221,16.874870976018755
flow_2_903,41.10652089382636,16.876334866043567,41.10710630189211,16.87604631348818,41.10724146966218,16.87742479905898,41.10720934823202,16.87762157039797
flow_2_904,41.10652089382636,16.876334866043567,41.10710630189211,16.87604631348818,41.105709425071495,16.87508434379606,41.10600946787193,16.875045247470027
flow_2_905,41.10652089382636,16.876334866043567,41.10710630189211,16.87604631348818,41.10712583087676,16.874581370472423,41.10710214853407,16.87435955003989
flow_2_906,41.10652089382636,16.876334866043567,41.10710630189211,16.87604631348818,41.10732110319105,16.8777613495144,41.10733798267452,16.877764688678635
flow_2_907,41.10652089382636,16.876334866043567,41.10710630189211,16.87604631348818,41.108816959023954,16.87701559688476,41.111533788969055,16.876450715532847
flow_2_908,41.10652089382636,16.876334866043567,41.10710630189211,16.87604631348818,41.10106339499217,16.87820819789415,41.10125886508507,16.87968187544237
flow_2_909,41.10652089382636,16.876334866043567,41.10710630189211,16.87604631348818,41.107448933153655,16.877721763272344,41.10745580783001,16.877714456595747
flow_2_910,41.10652089382636,16.876334866043567,41.10710630189211,16.87604631348818,41.10094460424349,16.876328159376932,41.10140722536913,16.87622308620474
flow_2_911,41.10652089382636,16.876334866043567,41.10710630189211,16.87604631348818,41.10462013718466,16.876617630310452,41.10440468148953,16.876739151748147
flow_2_912,41.10652089382636,16.876334866043567,41.10710630189211,16.87604631348818,41.10710990602856,16.87028076266512,41.10764547042224,16.87037051448248
flow_2_913,41.10652089382636,16.876334866043567,41.10710630189211,16.87604631348818,41.10282219209128,16.8716118519074,41.10255940602009,16.871592123455162
flow_2_914,41.10652089382636,16.876334866043567,41.10710630189211,16.87604631348818,41.10525531107702,16.871659522788697,41.10527065176782,16.87092044157714
flow_2_915,41.10652089382636,16.876334866043567,41.10710630189211,16.87604631348818,41.10527065176782,16.87092044157714,41.104557904589925,16.87075349430906
flow_2_916,41.10652089382636,16.876334866043567,41.10710630189211,16.87604631348818,41.103532900952686,16.872347479668893,41.10351474321344,16.8729158168811
flow_2_917,41.10652089382636,16.876334866043567,41.10710630189211,16.87604631348818,41.10459014355675,16.87360777204878,41.104586032558366,16.87294674119706
flow_2_918,41.10652089382636,16.876334866043567,41.10710630189211,16.87604631348818,41.10428673559737,16.877531862648333,41.10433323843067,16.877513777059303
flow_2_919,41.10652089382636,16.876334866043567,41.10710630189211,16.87604631348818,41.10277476335755,16.87778529520797,41.102969188850125,16.879273627171905
flow_2_920,41.10652089382636,16.876334866043567,41.10710630189211,16.87604631348818,41.10877484203646,16.874159186639993,41.11248609314907,16.873643072909186
flow_2_921,41.10652089382636,16.876334866043567,41.10710630189211,16.87604631348818,41.10693282053231,16.873500754386423,41.10640317013077,16.873601328210643
flow_2_922,41.10652089382636,16.876334866043567,41.10710630189211,16.87604631348818,41.10686700172243,16.87802885995844,41.10675372463437,16.87807636260086
flow_2_923,41.10652089382636,16.876334866043567,41.10710630189211,16.87604631348818,41.10324733400062,16.87359019478166,41.102660798305045,16.873632821121205
flow_2_924,41.10652089382636,16.876334866043567,41.10710630189211,16.87604631348818,41.10451407293564,16.87751035535627,41.10489776456013,16.87885407695273
flow_2_925,41.10652089382636,16.876334866043567,41.10710630189211,16.87604631348818,41.10750236910344,16.877554656305445,41.10745023270787,16.87741550407253
flow_2_926,41.1065950847197,16.878149366716112,41.10655156385892,16.877890659887314,41.10781671041559,16.87181707243336,41.10771770975772,16.87321379705395
flow_2_927,41.1065950847197,16.878149366716112,41.10655156385892,16.877890659887314,41.10450954428582,16.871651082575962,41.10456510973252,16.872477433605628
flow_2_928,41.1065950847197,16.878149366716112,41.10655156385892,16.877890659887314,41.10353883851455,16.871655188195383,41.103515666810864,16.87044227855002
flow_2_929,41.1065950847197,16.878149366716112,41.10655156385892,16.877890659887314,41.10445259405902,16.876042926170484,41.10436880868841,16.875761886209244
flow_2_930,41.1065950847197,16.878149366716112,41.10655156385892,16.877890659887314,41.10836405905024,16.870571573316074,41.10880559118211,16.870655444350444
flow_2_931,41.1065950847197,16.878149366716112,41.10655156385892,16.877890659887314,41.10814243673671,16.874186571324426,41.10813805327221,16.874870976018755
flow_2_932,41.1065950847197,16.878149366716112,41.10655156385892,16.877890659887314,41.10724146966218,16.87742479905898,41.10720934823202,16.87762157039797
flow_2_933,41.1065950847197,16.878149366716112,41.10655156385892,16.877890659887314,41.105709425071495,16.87508434379606,41.10600946787193,16.875045247470027
flow_2_934,41.1065950847197,16.878149366716112,41.10655156385892,16.877890659887314,41.10712583087676,16.874581370472423,41.10710214853407,16.87435955003989
flow_2_935,41.1065950847197,16.878149366716112,41.10655156385892,16.877890659887314,41.10732110319105,16.8777613495144,41.10733798267452,16.877764688678635
flow_2_936,41.1065950847197,16.878149366716112,41.10655156385892,16.877890659887314,41.108816959023954,16.87701559688476,41.111533788969055,16.876450715532847
flow_2_937,41.1065950847197,16.878149366716112,41.10655156385892,16.877890659887314,41.10106339499217,16.87820819789415,41.10125886508507,16.87968187544237
flow_2_938,41.1065950847197,16.878149366716112,41.10655156385892,16.877890659887314,41.107448933153655,16.877721763272344,41.10745580783001,16.877714456595747
flow_2_939,41.1065950847197,16.878149366716112,41.10655156385892,16.877890659887314,41.10094460424349,16.876328159376932,41.10140722536913,16.87622308620474
flow_2_940,41.1065950847197,16.878149366716112,41.10655156385892,16.877890659887314,41.10462013718466,16.876617630310452,41.10440468148953,16.876739151748147
flow_2_941,41.1065950847197,16.878149366716112,41.10655156385892,16.877890659887314,41.10710990602856,16.87028076266512,41.10764547042224,16.87037051448248
flow_2_942,41.1065950847197,16.878149366716112,41.10655156385892,16.877890659887314,41.10282219209128,16.8716118519074,41.10255940602009,16.871592123455162
flow_2_943,41.1065950847197,16.878149366716112,41.10655156385892,16.877890659887314,41.10525531107702,16.871659522788697,41.10527065176782,16.87092044157714
flow_2_944,41.1065950847197,16.878149366716112,41.10655156385892,16.877890659887314,41.10527065176782,16.87092044157714,41.104557904589925,16.87075349430906
flow_2_945,41.1065950847197,16.878149366716112,41.10655156385892,16.877890659887314,41.103532900952686,16.872347479668893,41.10351474321344,16.8729158168811
flow_2_946,41.1065950847197,16.878149366716112,41.10655156385892,16.877890659887314,41.10459014355675,16.87360777204878,41.104586032558366,16.87294674119706
flow_2_947,41.1065950847197,16.878149366716112,41.10655156385892,16.877890659887314,41.10428673559737,16.877531862648333,41.10433323843067,16.877513777059303
flow_2_948,41.1065950847197,16.878149366716112,41.10655156385892,16.877890659887314,41.10277476335755,16.87778529520797,41.102969188850125,16.879273627171905
flow_2_949,41.1065950847197,16.878149366716112,41.10655156385892,16.877890659887314,41.10877484203646,16.874159186639993,41.11248609314907,16.873643072909186
flow_2_950,41.1065950847197,16.878149366716112,41.10655156385892,16.877890659887314,41.10693282053231,16.873500754386423,41.10640317013077,16.873601328210643
flow_2_951,41.1065950847197,16.878149366716112,41.10655156385892,16.877890659887314,41.10686700172243,16.87802885995844,41.10675372463437,16.87807636260086
flow_2_952,41.1065950847197,16.878149366716112,41.10655156385892,16.877890659887314,41.10324733400062,16.87359019478166,41.102660798305045,16.873632821121205
flow_2_953,41.1065950847197,16.878149366716112,41.10655156385892,16.877890659887314,41.10653569752324,16.877189737473987,41.10648567529071,16.877191646829097
flow_2_954,41.1065950847197,16.878149366716112,41.10655156385892,16.877890659887314,41.10451407293564,16.87751035535627,41.10489776456013,16.87885407695273
flow_2_955,41.1065950847197,16.878149366716112,41.10655156385892,16.877890659887314,41.10750236910344,16.877554656305445,41.10745023270787,16.87741550407253
flow_2_956,41.10436880868841,16.875761886209244,41.10445259405902,16.876042926170484,41.10781671041559,16.87181707243336,41.10771770975772,16.87321379705395
flow_2_957,41.10436880868841,16.875761886209244,41.10445259405902,16.876042926170484,41.10450954428582,16.871651082575962,41.10456510973252,16.872477433605628
flow_2_958,41.10436880868841,16.875761886209244,41.10445259405902,16.876042926170484,41.10353883851455,16.871655188195383,41.103515666810864,16.87044227855002
flow_2_959,41.10436880868841,16.875761886209244,41.10445259405902,16.876042926170484,41.10445259405902,16.876042926170484,41.10436880868841,16.875761886209244
flow_2_960,41.10436880868841,16.875761886209244,41.10445259405902,16.876042926170484,41.10836405905024,16.870571573316074,41.10880559118211,16.870655444350444
flow_2_961,41.10436880868841,16.875761886209244,41.10445259405902,16.876042926170484,41.10814243673671,16.874186571324426,41.10813805327221,16.874870976018755
flow_2_962,41.10436880868841,16.875761886209244,41.10445259405902,16.876042926170484,41.10724146966218,16.87742479905898,41.10720934823202,16.87762157039797
flow_2_963,41.10436880868841,16.875761886209244,41.10445259405902,16.876042926170484,41.105709425071495,16.87508434379606,41.10600946787193,16.875045247470027
flow_2_964,41.10436880868841,16.875761886209244,41.10445259405902,16.876042926170484,41.10712583087676,16.874581370472423,41.10710214853407,16.87435955003989
flow_2_965,41.10436880868841,16.875761886209244,41.10445259405902,16.876042926170484,41.10732110319105,16.8777613495144,41.10733798267452,16.877764688678635
flow_2_966,41.10436880868841,16.875761886209244,41.10445259405902,16.876042926170484,41.108816959023954,16.87701559688476,41.111533788969055,16.876450715532847
flow_2_967,41.10436880868841,16.875761886209244,41.10445259405902,16.876042926170484,41.10106339499217,16.87820819789415,41.10125886508507,16.87968187544237
flow_2_968,41.10436880868841,16.875761886209244,41.10445259405902,16.876042926170484,41.107448933153655,16.877721763272344,41.10745580783001,16.877714456595747
flow_2_969,41.10436880868841,16.875761886209244,41.10445259405902,16.876042926170484,41.10094460424349,16.876328159376932,41.10140722536913,16.87622308620474
flow_2_970,41.10436880868841,16.875761886209244,41.10445259405902,16.876042926170484,41.10462013718466,16.876617630310452,41.10440468148953,16.876739151748147
flow_2_971,41.10436880868841,16.875761886209244,41.10445259405902,16.876042926170484,41.10710990602856,16.87028076266512,41.10764547042224,16.87037051448248
flow_2_972,41.10436880868841,16.875761886209244,41.10445259405902,16.876042926170484,41.10282219209128,16.8716118519074,41.10255940602009,16.871592123455162
flow_2_973,41.10436880868841,16.875761886209244,41.10445259405902,16.876042926170484,41.10525531107702,16.871659522788697,41.10527065176782,16.87092044157714
flow_2_974,41.10436880868841,16.875761886209244,41.10445259405902,16.876042926170484,41.10527065176782,16.87092044157714,41.104557904589925,16.87075349430906
flow_2_975,41.10436880868841,16.875761886209244,41.10445259405902,16.876042926170484,41.103532900952686,16.872347479668893,41.10351474321344,16.8729158168811
flow_2_976,41.10436880868841,16.875761886209244,41.10445259405902,16.876042926170484,41.10459014355675,16.87360777204878,41.104586032558366,16.87294674119706
flow_2_977,41.10436880868841,16.875761886209244,41.10445259405902,16.876042926170484,41.10428673559737,16.877531862648333,41.10433323843067,16.877513777059303
flow_2_978,41.10436880868841,16.875761886209244,41.10445259405902,16.876042926170484,41.10277476335755,16.87778529520797,41.102969188850125,16.879273627171905
flow_2_979,41.10436880868841,16.875761886209244,41.10445259405902,16.876042926170484,41.10877484203646,16.874159186639993,41.11248609314907,16.873643072909186
flow_2_980,41.10436880868841,16.875761886209244,41.10445259405902,16.876042926170484,41.10693282053231,16.873500754386423,41.10640317013077,16.873601328210643
flow_2_981,41.10436880868841,16.875761886209244,41.10445259405902,16.876042926170484,41.10686700172243,16.87802885995844,41.10675372463437,16.87807636260086
flow_2_982,41.10436880868841,16.875761886209244,41.10445259405902,16.876042926170484,41.10324733400062,16.87359019478166,41.102660798305045,16.873632821121205
flow_2_983,41.10436880868841,16.875761886209244,41.10445259405902,16.876042926170484,41.10451407293564,16.87751035535627,41.10489776456013,16.87885407695273
flow_2_984,41.10436880868841,16.875761886209244,41.10445259405902,16.876042926170484,41.10750236910344,16.877554656305445,41.10745023270787,16.87741550407253
flow_2_985,41.10750236910344,16.877554656305445,41.10745023270787,16.87741550407253,41.10781671041559,16.87181707243336,41.10771770975772,16.87321379705395
flow_2_986,41.10750236910344,16.877554656305445,41.10745023270787,16.87741550407253,41.10450954428582,16.871651082575962,41.10456510973252,16.872477433605628
flow_2_987,41.10750236910344,16.877554656305445,41.10745023270787,16.87741550407253,41.10353883851455,16.871655188195383,41.103515666810864,16.87044227855002
flow_2_988,41.10750236910344,16.877554656305445,41.10745023270787,16.87741550407253,41.10445259405902,16.876042926170484,41.10436880868841,16.875761886209244
flow_2_989,41.10750236910344,16.877554656305445,41.10745023270787,16.87741550407253,41.10836405905024,16.870571573316074,41.10880559118211,16.870655444350444
flow_2_990,41.10750236910344,16.877554656305445,41.10745023270787,16.87741550407253,41.10814243673671,16.874186571324426,41.10813805327221,16.874870976018755
flow_2_991,41.10750236910344,16.877554656305445,41.10745023270787,16.87741550407253,41.10724146966218,16.87742479905898,41.10720934823202,16.87762157039797
flow_2_992,41.10750236910344,16.877554656305445,41.10745023270787,16.87741550407253,41.105709425071495,16.87508434379606,41.10600946787193,16.875045247470027
flow_2_993,41.10750236910344,16.877554656305445,41.10745023270787,16.87741550407253,41.10712583087676,16.874581370472423,41.10710214853407,16.87435955003989
flow_2_994,41.10750236910344,16.877554656305445,41.10745023270787,16.87741550407253,41.10732110319105,16.8777613495144,41.10733798267452,16.877764688678635
flow_2_995,41.10750236910344,16.877554656305445,41.10745023270787,16.87741550407253,41.108816959023954,16.87701559688476,41.111533788969055,16.876450715532847
flow_2_996,41.10750236910344,16.877554656305445,41.10745023270787,16.87741550407253,41.10106339499217,16.87820819789415,41.10125886508507,16.87968187544237
flow_2_997,41.10750236910344,16.877554656305445,41.10745023270787,16.87741550407253,41.107448933153655,16.877721763272344,41.10745580783001,16.877714456595747
flow_2_998,41.10750236910344,16.877554656305445,41.10745023270787,16.87741550407253,41.10094460424349,16.876328159376932,41.10140722536913,16.87622308620474
flow_2_999,41.10750236910344,16.877554656305445,41.10745023270787,16.87741550407253,41.10462013718466,16.876617630310452,41.10440468148953,16.876739151748147
flow_2_1000,41.10750236910344,16.877554656305445,41.10745023270787,16.87741550407253,41.10710990602856,16.87028076266512,41.10764547042224,16.87037051448248
flow_2_1001,41.10750236910344,16.877554656305445,41.10745023270787,16.87741550407253,41.10282219209128,16.8716118519074,41.10255940602009,16.871592123455162
flow_2_1002,41.10750236910344,16.877554656305445,41.10745023270787,16.87741550407253,41.10525531107702,16.871659522788697,41.10527065176782,16.87092044157714
flow_2_1003,41.10750236910344,16.877554656305445,41.10745023270787,16.87741550407253,41.10527065176782,16.87092044157714,41.104557904589925,16.87075349430906
flow_2_1004,41.10750236910344,16.877554656305445,41.10745023270787,16.87741550407253,41.103532900952686,16.872347479668893,41.10351474321344,16.8729158168811
flow_2_1005,41.10750236910344,16.877554656305445,41.10745023270787,16.87741550407253,41.10459014355675,16.87360777204878,41.104586032558366,16.87294674119706
flow_2_1006,41.10750236910344,16.877554656305445,41.10745023270787,16.87741550407253,41.10428673559737,16.877531862648333,41.10433323843067,16.877513777059303
flow_2_1007,41.10750236910344,16.877554656305445,41.10745023270787,16.87741550407253,41.10277476335755,16.87778529520797,41.102969188850125,16.879273627171905
flow_2_1008,41.10750236910344,16.877554656305445,41.10745023270787,16.87741550407253,41.10877484203646,16.874159186639993,41.11248609314907,16.873643072909186
flow_2_1009,41.10750236910344,16.877554656305445,41.10745023270787,16.87741550407253,41.10693282053231,16.873500754386423,41.10640317013077,16.873601328210643
flow_2_1010,41.10750236910344,16.877554656305445,41.10745023270787,16.87741550407253,41.10686700172243,16.87802885995844,41.10675372463437,16.87807636260086
flow_2_1011,41.10750236910344,16.877554656305445,41.10745023270787,16.87741550407253,41.10324733400062,16.87359019478166,41.102660798305045,16.873632821121205
flow_2_1012,41.10750236910344,16.877554656305445,41.10745023270787,16.87741550407253,41.10451407293564,16.87751035535627,41.10489776456013,16.87885407695273
flow_2_1013,41.11530729321437,16.872364113273612,41.10922699339392,16.871939430706842,41.10781671041559,16.87181707243336,41.10771770975772,16.87321379705395
flow_2_1014,41.11530729321437,16.872364113273612,41.10922699339392,16.871939430706842,41.10450954428582,16.871651082575962,41.10456510973252,16.872477433605628
flow_2_1015,41.11530729321437,16.872364113273612,41.10922699339392,16.871939430706842,41.10353883851455,16.871655188195383,41.103515666810864,16.87044227855002
flow_2_1016,41.11530729321437,16.872364113273612,41.10922699339392,16.871939430706842,41.10445259405902,16.876042926170484,41.10436880868841,16.875761886209244
flow_2_1017,41.11530729321437,16.872364113273612,41.10922699339392,16.871939430706842,41.10836405905024,16.870571573316074,41.10880559118211,16.870655444350444
flow_2_1018,41.11530729321437,16.872364113273612,41.10922699339392,16.871939430706842,41.10814243673671,16.874186571324426,41.10813805327221,16.874870976018755
flow_2_1019,41.11530729321437,16.872364113273612,41.10922699339392,16.871939430706842,41.10724146966218,16.87742479905898,41.10720934823202,16.87762157039797
flow_2_1020,41.11530729321437,16.872364113273612,41.10922699339392,16.871939430706842,41.105709425071495,16.87508434379606,41.10600946787193,16.875045247470027
flow_2_1021,41.11530729321437,16.872364113273612,41.10922699339392,16.871939430706842,41.10712583087676,16.874581370472423,41.10710214853407,16.87435955003989
flow_2_1022,41.11530729321437,16.872364113273612,41.10922699339392,16.871939430706842,41.10732110319105,16.8777613495144,41.10733798267452,16.877764688678635
flow_2_1023,41.11530729321437,16.872364113273612,41.10922699339392,16.871939430706842,41.108816959023954,16.87701559688476,41.111533788969055,16.876450715532847
flow_2_1024,41.11530729321437,16.872364113273612,41.10922699339392,16.871939430706842,41.10106339499217,16.87820819789415,41.10125886508507,16.87968187544237
flow_2_1025,41.11530729321437,16.872364113273612,41.10922699339392,16.871939430706842,41.107448933153655,16.877721763272344,41.10745580783001,16.877714456595747
flow_2_1026,41.11530729321437,16.872364113273612,41.10922699339392,16.871939430706842,41.10094460424349,16.876328159376932,41.10140722536913,16.87622308620474
flow_2_1027,41.11530729321437,16.872364113273612,41.10922699339392,16.871939430706842,41.10462013718466,16.876617630310452,41.10440468148953,16.876739151748147
flow_2_1028,41.11530729321437,16.872364113273612,41.10922699339392,16.871939430706842,41.10710990602856,16.87028076266512,41.10764547042224,16.87037051448248
flow_2_1029,41.11530729321437,16.872364113273612,41.10922699339392,16.871939430706842,41.10282219209128,16.8716118519074,41.10255940602009,16.871592123455162
flow_2_1030,41.11530729321437,16.872364113273612,41.10922699339392,16.871939430706842,41.10525531107702,16.871659522788697,41.10527065176782,16.87092044157714
flow_2_1031,41.11530729321437,16.872364113273612,41.10922699339392,16.871939430706842,41.10527065176782,16.87092044157714,41.104557904589925,16.87075349430906
flow_2_1032,41.11530729321437,16.872364113273612,41.10922699339392,16.871939430706842,41.103532900952686,16.872347479668893,41.10351474321344,16.8729158168811
flow_2_1033,41.11530729321437,16.872364113273612,41.10922699339392,16.871939430706842,41.10459014355675,16.87360777204878,41.104586032558366,16.87294674119706
flow_2_1034,41.11530729321437,16.872364113273612,41.10922699339392,16.871939430706842,41.10428673559737,16.877531862648333,41.10433323843067,16.877513777059303
flow_2_1035,41.11530729321437,16.872364113273612,41.10922699339392,16.871939430706842,41.10277476335755,16.87778529520797,41.102969188850125,16.879273627171905
flow_2_1036,41.11530729321437,16.872364113273612,41.10922699339392,16.871939430706842,41.10877484203646,16.874159186639993,41.11248609314907,16.873643072909186
flow_2_1037,41.11530729321437,16.872364113273612,41.10922699339392,16.871939430706842,41.10693282053231,16.873500754386423,41.10640317013077,16.873601328210643
flow_2_1038,41.11530729321437,16.872364113273612,41.10922699339392,16.871939430706842,41.10686700172243,16.87802885995844,41.10675372463437,16.87807636260086
flow_2_1039,41.11530729321437,16.872364113273612,41.10922699339392,16.871939430706842,41.10324733400062,16.87359019478166,41.102660798305045,16.873632821121205
flow_2_1040,41.11530729321437,16.872364113273612,41.10922699339392,16.871939430706842,41.10451407293564,16.87751035535627,41.10489776456013,16.87885407695273
flow_2_1041,41.11530729321437,16.872364113273612,41.10922699339392,16.871939430706842,41.10750236910344,16.877554656305445,41.10745023270787,16.87741550407253
flow_2_1042,41.11530729321437,16.872364113273612,41.10922699339392,16.871939430706842,41.10922699339392,16.871939430706842,41.10885938846548,16.871906954533397
flow_2_1043,41.10861080275709,16.87188917380748,41.10824673314128,16.87184977246174,41.10781671041559,16.87181707243336,41.10771770975772,16.87321379705395
flow_2_1044,41.10861080275709,16.87188917380748,41.10824673314128,16.87184977246174,41.10450954428582,16.871651082575962,41.10456510973252,16.872477433605628
flow_2_1045,41.10861080275709,16.87188917380748,41.10824673314128,16.87184977246174,41.10353883851455,16.871655188195383,41.103515666810864,16.87044227855002
flow_2_1046,41.10861080275709,16.87188917380748,41.10824673314128,16.87184977246174,41.10445259405902,16.876042926170484,41.10436880868841,16.875761886209244
flow_2_1047,41.10861080275709,16.87188917380748,41.10824673314128,16.87184977246174,41.10836405905024,16.870571573316074,41.10880559118211,16.870655444350444
flow_2_1048,41.10861080275709,16.87188917380748,41.10824673314128,16.87184977246174,41.10814243673671,16.874186571324426,41.10813805327221,16.874870976018755
flow_2_1049,41.10861080275709,16.87188917380748,41.10824673314128,16.87184977246174,41.10724146966218,16.87742479905898,41.10720934823202,16.87762157039797
flow_2_1050,41.10861080275709,16.87188917380748,41.10824673314128,16.87184977246174,41.105709425071495,16.87508434379606,41.10600946787193,16.875045247470027
flow_2_1051,41.10861080275709,16.87188917380748,41.10824673314128,16.87184977246174,41.10712583087676,16.874581370472423,41.10710214853407,16.87435955003989
flow_2_1052,41.10861080275709,16.87188917380748,41.10824673314128,16.87184977246174,41.10732110319105,16.8777613495144,41.10733798267452,16.877764688678635
flow_2_1053,41.10861080275709,16.87188917380748,41.10824673314128,16.87184977246174,41.108816959023954,16.87701559688476,41.111533788969055,16.876450715532847
flow_2_1054,41.10861080275709,16.87188917380748,41.10824673314128,16.87184977246174,41.10106339499217,16.87820819789415,41.10125886508507,16.87968187544237
flow_2_1055,41.10861080275709,16.87188917380748,41.10824673314128,16.87184977246174,41.107448933153655,16.877721763272344,41.10745580783001,16.877714456595747
flow_2_1056,41.10861080275709,16.87188917380748,41.10824673314128,16.87184977246174,41.10094460424349,16.876328159376932,41.10140722536913,16.87622308620474
flow_2_1057,41.10861080275709,16.87188917380748,41.10824673314128,16.87184977246174,41.10462013718466,16.876617630310452,41.10440468148953,16.876739151748147
flow_2_1058,41.10861080275709,16.87188917380748,41.10824673314128,16.87184977246174,41.10710990602856,16.87028076266512,41.10764547042224,16.87037051448248
flow_2_1059,41.10861080275709,16.87188917380748,41.10824673314128,16.87184977246174,41.10282219209128,16.8716118519074,41.10255940602009,16.871592123455162
flow_2_1060,41.10861080275709,16.87188917380748,41.10824673314128,16.87184977246174,41.10525531107702,16.871659522788697,41.10527065176782,16.87092044157714
flow_2_1061,41.10861080275709,16.87188917380748,41.10824673314128,16.87184977246174,41.10527065176782,16.87092044157714,41.104557904589925,16.87075349430906
flow_2_1062,41.10861080275709,16.87188917380748,41.10824673314128,16.87184977246174,41.103532900952686,16.872347479668893,41.10351474321344,16.8729158168811
flow_2_1063,41.10861080275709,16.87188917380748,41.10824673314128,16.87184977246174,41.10459014355675,16.87360777204878,41.104586032558366,16.87294674119706
flow_2_1064,41.10861080275709,16.87188917380748,41.10824673314128,16.87184977246174,41.10428673559737,16.877531862648333,41.10433323843067,16.877513777059303
flow_2_1065,41.10861080275709,16.87188917380748,41.10824673314128,16.87184977246174,41.10277476335755,16.87778529520797,41.102969188850125,16.879273627171905
flow_2_1066,41.10861080275709,16.87188917380748,41.10824673314128,16.87184977246174,41.10877484203646,16.874159186639993,41.11248609314907,16.873643072909186
flow_2_1067,41.10861080275709,16.87188917380748,41.10824673314128,16.87184977246174,41.10693282053231,16.873500754386423,41.10640317013077,16.873601328210643
flow_2_1068,41.10861080275709,16.87188917380748,41.10824673314128,16.87184977246174,41.10686700172243,16.87802885995844,41.10675372463437,16.87807636260086
flow_2_1069,41.10861080275709,16.87188917380748,41.10824673314128,16.87184977246174,41.10324733400062,16.87359019478166,41.102660798305045,16.873632821121205
flow_2_1070,41.10861080275709,16.87188917380748,41.10824673314128,16.87184977246174,41.10451407293564,16.87751035535627,41.10489776456013,16.87885407695273
flow_2_1071,41.10861080275709,16.87188917380748,41.10824673314128,16.87184977246174,41.10750236910344,16.877554656305445,41.10745023270787,16.87741550407253
flow_2_1072,41.10757536101586,16.871791876349803,41.10705991761608,16.87168898952678,41.10781671041559,16.87181707243336,41.10771770975772,16.87321379705395
flow_2_1073,41.10757536101586,16.871791876349803,41.10705991761608,16.87168898952678,41.10450954428582,16.871651082575962,41.10456510973252,16.872477433605628
flow_2_1074,41.10757536101586,16.871791876349803,41.10705991761608,16.87168898952678,41.10353883851455,16.871655188195383,41.103515666810864,16.87044227855002
flow_2_1075,41.10757536101586,16.871791876349803,41.10705991761608,16.87168898952678,41.10445259405902,16.876042926170484,41.10436880868841,16.875761886209244
flow_2_1076,41.10757536101586,16.871791876349803,41.10705991761608,16.87168898952678,41.10836405905024,16.870571573316074,41.10880559118211,16.870655444350444
flow_2_1077,41.10757536101586,16.871791876349803,41.10705991761608,16.87168898952678,41.10814243673671,16.874186571324426,41.10813805327221,16.874870976018755
flow_2_1078,41.10757536101586,16.871791876349803,41.10705991761608,16.87168898952678,41.10724146966218,16.87742479905898,41.10720934823202,16.87762157039797
flow_2_1079,41.10757536101586,16.871791876349803,41.10705991761608,16.87168898952678,41.105709425071495,16.87508434379606,41.10600946787193,16.875045247470027
flow_2_1080,41.10757536101586,16.871791876349803,41.10705991761608,16.87168898952678,41.10712583087676,16.874581370472423,41.10710214853407,16.87435955003989
flow_2_1081,41.10757536101586,16.871791876349803,41.10705991761608,16.87168898952678,41.10732110319105,16.8777613495144,41.10733798267452,16.877764688678635
flow_2_1082,41.10757536101586,16.871791876349803,41.10705991761608,16.87168898952678,41.108816959023954,16.87701559688476,41.111533788969055,16.876450715532847
flow_2_1083,41.10757536101586,16.871791876349803,41.10705991761608,16.87168898952678,41.10106339499217,16.87820819789415,41.10125886508507,16.87968187544237
flow_2_1084,41.10757536101586,16.871791876349803,41.10705991761608,16.87168898952678,41.107448933153655,16.877721763272344,41.10745580783001,16.877714456595747
flow_2_1085,41.10757536101586,16.871791876349803,41.10705991761608,16.87168898952678,41.10094460424349,16.876328159376932,41.10140722536913,16.87622308620474
flow_2_1086,41.10757536101586,16.871791876349803,41.10705991761608,16.87168898952678,41.10462013718466,16.876617630310452,41.10440468148953,16.876739151748147
flow_2_1087,41.10757536101586,16.871791876349803,41.10705991761608,16.87168898952678,41.10710990602856,16.87028076266512,41.10764547042224,16.87037051448248
flow_2_1088,41.10757536101586,16.871791876349803,41.10705991761608,16.87168898952678,41.10282219209128,16.8716118519074,41.10255940602009,16.871592123455162
flow_2_1089,41.10757536101586,16.871791876349803,41.10705991761608,16.87168898952678,41.10525531107702,16.871659522788697,41.10527065176782,16.87092044157714
flow_2_1090,41.10757536101586,16.871791876349803,41.10705991761608,16.87168898952678,41.10527065176782,16.87092044157714,41.104557904589925,16.87075349430906
flow_2_1091,41.10757536101586,16.871791876349803,41.10705991761608,16.87168898952678,41.103532900952686,16.872347479668893,41.10351474321344,16.8729158168811
flow_2_1092,41.10757536101586,16.871791876349803,41.10705991761608,16.87168898952678,41.10459014355675,16.87360777204878,41.104586032558366,16.87294674119706
flow_2_1093,41.10757536101586,16.871791876349803,41.10705991761608,16.87168898952678,41.10428673559737,16.877531862648333,41.10433323843067,16.877513777059303
flow_2_1094,41.10757536101586,16.871791876349803,41.10705991761608,16.87168898952678,41.10277476335755,16.87778529520797,41.102969188850125,16.879273627171905
flow_2_1095,41.10757536101586,16.871791876349803,41.10705991761608,16.87168898952678,41.10877484203646,16.874159186639993,41.11248609314907,16.873643072909186
flow_2_1096,41.10757536101586,16.871791876349803,41.10705991761608,16.87168898952678,41.10693282053231,16.873500754386423,41.10640317013077,16.873601328210643
flow_2_1097,41.10757536101586,16.871791876349803,41.10705991761608,16.87168898952678,41.10686700172243,16.87802885995844,41.10675372463437,16.87807636260086
flow_2_1098,41.10757536101586,16.871791876349803,41.10705991761608,16.87168898952678,41.10324733400062,16.87359019478166,41.102660798305045,16.873632821121205
flow_2_1099,41.10757536101586,16.871791876349803,41.10705991761608,16.87168898952678,41.10451407293564,16.87751035535627,41.10489776456013,16.87885407695273
flow_2_1100,41.10757536101586,16.871791876349803,41.10705991761608,16.87168898952678,41.10750236910344,16.877554656305445,41.10745023270787,16.87741550407253
