Flow ID,Start Edge ID,End Edge ID,Flow Length,Start From Lat,Start From Lon,Start To Lat,Start To Lon,End From Lat,End From Lon,End To Lat,End To Lon,Random_const,Gamma,Gamma_agg,Gamma_norm,Start Count,End Count
4_1,-134810311#1,1107330354#5,29,41.106150407173736,16.839447730868756,41.1069737608908,16.8478332074144,41.10567667985701,16.85350139992,41.10655366468042,16.85214501267212,0.7086112274215345,0.024434869911087394,0.8386379413143996,0.029136375433706892,17.0,0.0
4_2,-134810311#1,1159706696,16,41.106150407173736,16.839447730868756,41.1069737608908,16.8478332074144,41.10888943814199,16.85603017646436,41.10939348647096,16.855007437640243,0.7240924305086344,0.04525577690678965,0.8386379413143996,0.05396342650066624,17.0,0.0
4_3,-134810311#1,1167944482#6,26,41.106150407173736,16.839447730868756,41.1069737608908,16.8478332074144,41.10760995155661,16.857018182751133,41.107409312693626,16.8583053565791,0.5191081970972775,0.01996569988835683,0.8386379413143996,0.02380729383297938,17.0,0.0
4_4,-134810311#1,1226715337#1,14,41.106150407173736,16.839447730868756,41.1069737608908,16.8478332074144,41.1076655501806,16.853482677393657,41.1076459918036,16.85339947923006,0.7092239318194142,0.0506588522728153,0.8386379413143996,0.06040610587379047,17.0,0.0
4_5,-134810311#1,1226715337#3,11,41.106150407173736,16.839447730868756,41.1069737608908,16.8478332074144,41.10745802857694,16.853291775558137,41.1073338131884,16.85340951411772,0.7693785039702783,0.0699435003609344,0.8386379413143996,0.0834013069469666,17.0,0.0
4_6,-134810311#1,1226715337#5,14,41.106150407173736,16.839447730868756,41.1069737608908,16.8478332074144,41.10734707485234,16.853676884182715,41.10746982861199,16.853767510732208,0.5514243997437158,0.03938745712455113,0.8386379413143996,0.04696598518166142,17.0,0.0
4_7,-134810311#1,129127808-AddedOnRampEdge,17,41.106150407173736,16.839447730868756,41.1069737608908,16.8478332074144,41.10887945860232,16.855291051507262,41.10861173431363,16.854213003321295,0.9407013209672536,0.05533537182160315,0.8386379413143996,0.06598243305672036,17.0,0.0
4_8,-134810311#1,134810311#1,4,41.106150407173736,16.839447730868756,41.1069737608908,16.8478332074144,41.1069737608908,16.8478332074144,41.106150407173736,16.839447730868756,0.774891193984228,0.193722798496057,0.8386379413143996,0.23099694033927765,17.0,0.0
4_9,-134810311#1,147036178,12,41.106150407173736,16.839447730868756,41.1069737608908,16.8478332074144,41.10357239370584,16.849347341324286,41.10397951428041,16.847630876135593,0.8884402230146862,0.07403668525122384,0.8386379413143996,0.08828206023589386,17.0,0.0
4_10,-134810311#1,173765024,28,41.106150407173736,16.839447730868756,41.1069737608908,16.8478332074144,41.107787793577664,16.858261368905033,41.10843939498842,16.85693747474272,0.8061646783477168,0.028791595655275597,0.8386379413143996,0.03433137738813778,17.0,0.0
4_11,-134810311#1,25817299#2,12,41.106150407173736,16.839447730868756,41.1069737608908,16.8478332074144,41.10357239370584,16.849347341324286,41.10403927028676,16.849306737173062,0.7932494201156204,0.06610411834296837,0.8386379413143996,0.07882319066004001,17.0,0.0
4_12,-134810311#1,30002087#1,28,41.106150407173736,16.839447730868756,41.1069737608908,16.8478332074144,41.107317336305385,16.858674438324883,41.10722590625396,16.85936114348573,0.9839610832547172,0.03514146725909704,0.8386379413143996,0.04190302576105693,17.0,0.0
4_13,-134810311#1,380822316#2-AddedOnRampEdge,16,41.106150407173736,16.839447730868756,41.1069737608908,16.8478332074144,41.106763993263314,16.853544489327305,41.10586575211826,16.853629734176355,0.9941226952130379,0.06213266845081487,0.8386379413143996,0.07408759536139536,17.0,0.0
4_14,-134810311#1,559495124#8,27,41.106150407173736,16.839447730868756,41.1069737608908,16.8478332074144,41.104058750589815,16.85390531064681,41.104854405575175,16.85383635754744,0.6200134012116266,0.022963459304134317,0.8386379413143996,0.027381851181385405,17.0,0.0
4_15,-134810311#1,794480007#1,27,41.106150407173736,16.839447730868756,41.1069737608908,16.8478332074144,41.104241848915706,16.852339159437378,41.10301262752712,16.852438574025896,0.5043331546686347,0.01867900572846795,0.8386379413143996,0.022273027260360165,17.0,0.0
4_16,-134810311#1,96606445#0,43,41.106150407173736,16.839447730868756,41.1069737608908,16.8478332074144,41.1020049738588,16.856644941095766,41.10326561352771,16.856379181688784,0.6113832994532329,0.014218216266354253,0.8386379413143996,0.016953938721243643,17.0,0.0
4_17,-134810311#1,96606456#2,45,41.106150407173736,16.839447730868756,41.1069737608908,16.8478332074144,41.10326307854501,16.856240261410846,41.1020049738588,16.856644941095766,0.8039879223240831,0.017866398273868513,0.8386379413143996,0.02130406626471783,17.0,0.0
4_18,-147036178,1107330352#1,26,41.10397951428041,16.847630876135593,41.10357239370584,16.849347341324286,41.10568244199847,16.853647084802333,41.10501918430848,16.853716788029953,0.7096146723392209,0.027292872013046962,1.0166182076863306,0.026846727519430735,18.0,0.0
4_19,-147036178,1107330354#5,29,41.10397951428041,16.847630876135593,41.10357239370584,16.849347341324286,41.10567667985701,16.85350139992,41.10655366468042,16.85214501267212,0.7434597240126908,0.025636542207334165,1.0166182076863306,0.02521747300363532,18.0,0.0
4_20,-147036178,1159706696,24,41.10397951428041,16.847630876135593,41.10357239370584,16.849347341324286,41.10888943814199,16.85603017646436,41.10939348647096,16.855007437640243,0.611305325390858,0.025471055224619083,1.0166182076863306,0.025054691163349668,18.0,0.0
4_21,-147036178,1167944482#6,34,41.10397951428041,16.847630876135593,41.10357239370584,16.849347341324286,41.10760995155661,16.857018182751133,41.107409312693626,16.8583053565791,0.5172397699101628,0.015212934409122436,1.0166182076863306,0.014964255306566638,18.0,0.0
4_22,-147036178,1226715337#1,22,41.10397951428041,16.847630876135593,41.10357239370584,16.849347341324286,41.1076655501806,16.853482677393657,41.1076459918036,16.85339947923006,0.7224567556018956,0.0328389434364498,1.0166182076863306,0.03230213976905477,18.0,0.0
4_23,-147036178,1226715337#3,19,41.10397951428041,16.847630876135593,41.10357239370584,16.849347341324286,41.10745802857694,16.853291775558137,41.1073338131884,16.85340951411772,0.6997349395531383,0.03682815471332306,1.0166182076863306,0.03622614117559273,18.0,0.0
4_24,-147036178,1226715337#5,22,41.10397951428041,16.847630876135593,41.10357239370584,16.849347341324286,41.10734707485234,16.853676884182715,41.10746982861199,16.853767510732208,0.5476067241365846,0.02489121473348112,1.0166182076863306,0.02448432906796915,18.0,0.0
4_25,-147036178,129127808-AddedOnRampEdge,25,41.10397951428041,16.847630876135593,41.10357239370584,16.849347341324286,41.10887945860232,16.855291051507262,41.10861173431363,16.854213003321295,0.8391710405961095,0.03356684162384438,1.0166182076863306,0.033018139327090586,18.0,0.0
4_26,-147036178,134810311#1,12,41.10397951428041,16.847630876135593,41.10357239370584,16.849347341324286,41.1069737608908,16.8478332074144,41.106150407173736,16.839447730868756,0.8469236971479011,0.07057697476232508,1.0166182076863306,0.06942328420710427,18.0,0.0
4_27,-147036178,147036178,2,41.10397951428041,16.847630876135593,41.10357239370584,16.849347341324286,41.10357239370584,16.849347341324286,41.10397951428041,16.847630876135593,0.5143078761949087,0.25715393809745435,1.0166182076863306,0.25295035653817166,18.0,0.0
4_28,-147036178,173765024,36,41.10397951428041,16.847630876135593,41.10357239370584,16.849347341324286,41.107787793577664,16.858261368905033,41.10843939498842,16.85693747474272,0.9818263760751689,0.027272954890976912,1.0166182076863306,0.026827135973735938,18.0,0.0
4_29,-147036178,25817299#2,2,41.10397951428041,16.847630876135593,41.10357239370584,16.849347341324286,41.10357239370584,16.849347341324286,41.10403927028676,16.849306737173062,0.59467790632574,0.29733895316287,1.0166182076863306,0.29247848495608647,18.0,0.0
4_30,-147036178,30002087#1,36,41.10397951428041,16.847630876135593,41.10357239370584,16.849347341324286,41.107317336305385,16.858674438324883,41.10722590625396,16.85936114348573,0.8720018502897044,0.024222273619158456,1.0166182076863306,0.023826322837837706,18.0,0.0
4_31,-147036178,380822316#2-AddedOnRampEdge,24,41.10397951428041,16.847630876135593,41.10357239370584,16.849347341324286,41.106763993263314,16.853544489327305,41.10586575211826,16.853629734176355,0.6927608684372436,0.02886503618488515,1.0166182076863306,0.028393192219700263,18.0,0.0
4_32,-147036178,559495124#8,25,41.10397951428041,16.847630876135593,41.10357239370584,16.849347341324286,41.104058750589815,16.85390531064681,41.104854405575175,16.85383635754744,0.5504052292029249,0.022016209168116998,1.0166182076863306,0.021656319945540382,18.0,0.0
4_33,-147036178,794480007#1,27,41.10397951428041,16.847630876135593,41.10357239370584,16.849347341324286,41.104241848915706,16.852339159437378,41.10301262752712,16.852438574025896,0.7834280904767543,0.02901585520284275,1.0166182076863306,0.028541545865953404,18.0,0.0
4_34,-147036178,96606445#0,41,41.10397951428041,16.847630876135593,41.10357239370584,16.849347341324286,41.1020049738588,16.856644941095766,41.10326561352771,16.856379181688784,0.6237763635163944,0.015214057646741328,1.0166182076863306,0.014965360183117539,18.0,0.0
4_35,-147036178,96606456#2,43,41.10397951428041,16.847630876135593,41.10357239370584,16.849347341324286,41.10326307854501,16.856240261410846,41.1020049738588,16.856644941095766,0.997746053358757,0.023203396589738533,1.0166182076863306,0.022824100940062795,18.0,0.0
4_36,-25817299#2,1107330352#1,26,41.10403927028676,16.849306737173062,41.10357239370584,16.849347341324286,41.10568244199847,16.853647084802333,41.10501918430848,16.853716788029953,0.8524112612620451,0.032785048510078664,1.3051410258256946,0.0251199279321844,18.0,0.0
4_37,-25817299#2,1107330354#5,29,41.10403927028676,16.849306737173062,41.10357239370584,16.849347341324286,41.10567667985701,16.85350139992,41.10655366468042,16.85214501267212,0.9692685547648017,0.03342305361257937,1.3051410258256946,0.02560876790416909,18.0,0.0
4_38,-25817299#2,1159706696,24,41.10403927028676,16.849306737173062,41.10357239370584,16.849347341324286,41.10888943814199,16.85603017646436,41.10939348647096,16.855007437640243,0.6696339846550741,0.02790141602729475,1.3051410258256946,0.0213780851840459,18.0,0.0
4_39,-25817299#2,1167944482#6,34,41.10403927028676,16.849306737173062,41.10357239370584,16.849347341324286,41.10760995155661,16.857018182751133,41.107409312693626,16.8583053565791,0.9127536384870708,0.02684569524961973,1.3051410258256946,0.020569191158967562,18.0,0.0
4_40,-25817299#2,1226715337#1,22,41.10403927028676,16.849306737173062,41.10357239370584,16.849347341324286,41.1076655501806,16.853482677393657,41.1076459918036,16.85339947923006,0.7027526243180253,0.03194330110536479,1.3051410258256946,0.02447498046056435,18.0,0.0
4_41,-25817299#2,1226715337#3,19,41.10403927028676,16.849306737173062,41.10357239370584,16.849347341324286,41.10745802857694,16.853291775558137,41.1073338131884,16.85340951411772,0.7984314210491289,0.04202270637100678,1.3051410258256946,0.032197828081008496,18.0,0.0
4_42,-25817299#2,1226715337#5,22,41.10403927028676,16.849306737173062,41.10357239370584,16.849347341324286,41.10734707485234,16.853676884182715,41.10746982861199,16.853767510732208,0.7785571920804244,0.035388963276382926,1.3051410258256946,0.027115049313536196,18.0,0.0
4_43,-25817299#2,129127808-AddedOnRampEdge,25,41.10403927028676,16.849306737173062,41.10357239370584,16.849347341324286,41.10887945860232,16.855291051507262,41.10861173431363,16.854213003321295,0.7935542990152231,0.031742171960608925,1.3051410258256946,0.024320875164066894,18.0,0.0
4_44,-25817299#2,134810311#1,12,41.10403927028676,16.849306737173062,41.10357239370584,16.849347341324286,41.1069737608908,16.8478332074144,41.106150407173736,16.839447730868756,0.6604574617230957,0.055038121810257974,1.3051410258256946,0.04217024882459597,18.0,0.0
4_45,-25817299#2,147036178,2,41.10403927028676,16.849306737173062,41.10357239370584,16.849347341324286,41.10357239370584,16.849347341324286,41.10397951428041,16.847630876135593,0.7846793014151279,0.39233965070756394,1.3051410258256946,0.3006109247537837,18.0,0.0
4_46,-25817299#2,173765024,36,41.10403927028676,16.849306737173062,41.10357239370584,16.849347341324286,41.107787793577664,16.858261368905033,41.10843939498842,16.85693747474272,0.5968269547678118,0.016578526521328105,1.3051410258256946,0.012702479037343674,18.0,0.0
4_47,-25817299#2,25817299#2,2,41.10403927028676,16.849306737173062,41.10357239370584,16.849347341324286,41.10357239370584,16.849347341324286,41.10403927028676,16.849306737173062,0.8339586496935305,0.41697932484676525,1.3051410258256946,0.3194898609389466,18.0,0.0
4_48,-25817299#2,30002087#1,36,41.10403927028676,16.849306737173062,41.10357239370584,16.849347341324286,41.107317336305385,16.858674438324883,41.10722590625396,16.85936114348573,0.7988160592588963,0.022189334979413784,1.3051410258256946,0.017001484544841235,18.0,0.0
4_49,-25817299#2,380822316#2-AddedOnRampEdge,24,41.10403927028676,16.849306737173062,41.10357239370584,16.849347341324286,41.106763993263314,16.853544489327305,41.10586575211826,16.853629734176355,0.7553217941564718,0.031471741423186324,1.3051410258256946,0.024113671090276085,18.0,0.0
4_50,-25817299#2,559495124#8,25,41.10403927028676,16.849306737173062,41.10357239370584,16.849347341324286,41.104058750589815,16.85390531064681,41.104854405575175,16.85383635754744,0.9964721277854258,0.03985888511141703,1.3051410258256946,0.030539906663496687,18.0,0.0
4_51,-25817299#2,794480007#1,27,41.10403927028676,16.849306737173062,41.10357239370584,16.849347341324286,41.104241848915706,16.852339159437378,41.10301262752712,16.852438574025896,0.8163401005434319,0.030234818538645625,1.3051410258256946,0.02316593987957557,18.0,0.0
4_52,-25817299#2,96606445#0,41,41.10403927028676,16.849306737173062,41.10357239370584,16.849347341324286,41.1020049738588,16.856644941095766,41.10326561352771,16.856379181688784,0.7242508245384573,0.017664654257035544,1.3051410258256946,0.013534670895706492,18.0,0.0
4_53,-25817299#2,96606456#2,43,41.10403927028676,16.849306737173062,41.10357239370584,16.849347341324286,41.10326307854501,16.856240261410846,41.1020049738588,16.856644941095766,0.891545295237236,0.020733611517145024,1.3051410258256946,0.015886108172891086,18.0,0.0
4_54,-51034167#0,1107330352#1,35,41.101798649474674,16.858100581395767,41.10384258523459,16.858543443353906,41.10568244199847,16.853647084802333,41.10501918430848,16.853716788029953,0.6790634869249607,0.019401813912141734,0.665905151811163,0.029136002115874436,18.0,0.0
4_55,-51034167#0,1107330354#5,32,41.101798649474674,16.858100581395767,41.10384258523459,16.858543443353906,41.10567667985701,16.85350139992,41.10655366468042,16.85214501267212,0.9945309080579094,0.03107909087680967,0.665905151811163,0.04667194838826395,18.0,0.0
4_56,-51034167#0,1159706696,19,41.101798649474674,16.858100581395767,41.10384258523459,16.858543443353906,41.10888943814199,16.85603017646436,41.10939348647096,16.855007437640243,0.8406987335532117,0.04424730176595851,0.665905151811163,0.06644685304748345,18.0,0.0
4_57,-51034167#0,1167944482#6,27,41.101798649474674,16.858100581395767,41.10384258523459,16.858543443353906,41.10760995155661,16.857018182751133,41.107409312693626,16.8583053565791,0.5449719026109223,0.02018414454114527,0.665905151811163,0.030310840044182562,18.0,0.0
4_58,-51034167#0,1226715337#1,24,41.101798649474674,16.858100581395767,41.10384258523459,16.858543443353906,41.1076655501806,16.853482677393657,41.1076459918036,16.85339947923006,0.7817297725005792,0.032572073854190794,0.665905151811163,0.048913983869323725,18.0,0.0
4_59,-51034167#0,1226715337#3,28,41.101798649474674,16.858100581395767,41.10384258523459,16.858543443353906,41.10745802857694,16.853291775558137,41.1073338131884,16.85340951411772,0.6692468692742239,0.023901673902650855,0.665905151811163,0.03589351101675945,18.0,0.0
4_60,-51034167#0,1226715337#5,31,41.101798649474674,16.858100581395767,41.10384258523459,16.858543443353906,41.10734707485234,16.853676884182715,41.10746982861199,16.853767510732208,0.5746841768453474,0.018538199253075725,0.665905151811163,0.02783909871046136,18.0,0.0
4_61,-51034167#0,129127808-AddedOnRampEdge,20,41.101798649474674,16.858100581395767,41.10384258523459,16.858543443353906,41.10887945860232,16.855291051507262,41.10861173431363,16.854213003321295,0.8067745188774655,0.04033872594387328,0.665905151811163,0.060577284669082285,18.0,0.0
4_62,-51034167#0,134810311#1,34,41.101798649474674,16.858100581395767,41.10384258523459,16.858543443353906,41.1069737608908,16.8478332074144,41.106150407173736,16.839447730868756,0.9191320204520483,0.02703329471917789,0.665905151811163,0.04059631412319209,18.0,0.0
4_63,-51034167#0,147036178,42,41.101798649474674,16.858100581395767,41.10384258523459,16.858543443353906,41.10357239370584,16.849347341324286,41.10397951428041,16.847630876135593,0.7166120245194685,0.017062191059987342,0.665905151811163,0.025622554523839797,18.0,0.0
4_64,-51034167#0,173765024,16,41.101798649474674,16.858100581395767,41.10384258523459,16.858543443353906,41.107787793577664,16.858261368905033,41.10843939498842,16.85693747474272,0.9987581425125593,0.06242238390703496,0.665905151811163,0.09374065321052909,18.0,0.0
4_65,-51034167#0,25817299#2,42,41.101798649474674,16.858100581395767,41.10384258523459,16.858543443353906,41.10357239370584,16.849347341324286,41.10403927028676,16.849306737173062,0.762481073429687,0.018154311272135404,0.665905151811163,0.027262608229953432,18.0,0.0
4_66,-51034167#0,30002087#1,26,41.101798649474674,16.858100581395767,41.10384258523459,16.858543443353906,41.107317336305385,16.858674438324883,41.10722590625396,16.85936114348573,0.6542379840822615,0.02516299938777929,0.665905151811163,0.03778766288162762,18.0,0.0
4_67,-51034167#0,380822316#2-AddedOnRampEdge,33,41.101798649474674,16.858100581395767,41.10384258523459,16.858543443353906,41.106763993263314,16.853544489327305,41.10586575211826,16.853629734176355,0.5570941952043702,0.01688164227892031,0.665905151811163,0.025351421644666288,18.0,0.0
4_68,-51034167#0,559495124#8,26,41.101798649474674,16.858100581395767,41.10384258523459,16.858543443353906,41.104058750589815,16.85390531064681,41.104854405575175,16.85383635754744,0.707723486620053,0.027220134100771273,0.665905151811163,0.04087689369384897,18.0,0.0
4_69,-51034167#0,794480007#1,30,41.101798649474674,16.858100581395767,41.10384258523459,16.858543443353906,41.104241848915706,16.852339159437378,41.10301262752712,16.852438574025896,0.7329169636905701,0.02443056545635234,0.665905151811163,0.03668775559087482,18.0,0.0
4_70,-51034167#0,96606445#0,6,41.101798649474674,16.858100581395767,41.10384258523459,16.858543443353906,41.1020049738588,16.856644941095766,41.10326561352771,16.856379181688784,0.8898341867343653,0.1483056977890609,0.665905151811163,0.2227129455083677,18.0,0.0
4_71,-51034167#0,96606456#2,8,41.101798649474674,16.858100581395767,41.10384258523459,16.858543443353906,41.10326307854501,16.856240261410846,41.1020049738588,16.856644941095766,0.5517512623207801,0.06896890779009751,0.665905151811163,0.10357166873166897,18.0,0.0
4_72,-53536452#2,-53536452#0,3,41.10793823745877,16.85223204480039,41.1085181369716,16.852595973139756,41.10890060054974,16.852802632812487,41.10979077432872,16.853185183708174,0.8254880166334082,0.27516267221113605,0.4076520742993373,0.6749939214318463,2.0,0.0
4_73,-53536452#2,53536452#2,4,41.10793823745877,16.85223204480039,41.1085181369716,16.852595973139756,41.1085181369716,16.852595973139756,41.10793823745877,16.85223204480039,0.529957608352805,0.13248940208820126,0.4076520742993373,0.3250060785681537,2.0,0.0
4_74,-794480007#1,1107330352#1,14,41.10301262752712,16.852438574025896,41.104241848915706,16.852339159437378,41.10568244199847,16.853647084802333,41.10501918430848,16.853716788029953,0.6693228156136568,0.047808772543832624,1.0406493335730091,0.0459412897327133,18.0,0.0
4_75,-794480007#1,1107330354#5,6,41.10301262752712,16.852438574025896,41.104241848915706,16.852339159437378,41.10567667985701,16.85350139992,41.10655366468042,16.85214501267212,0.9640776274246753,0.1606796045707792,1.0406493335730091,0.15440321670998924,18.0,0.0
4_76,-794480007#1,1159706696,19,41.10301262752712,16.852438574025896,41.104241848915706,16.852339159437378,41.10888943814199,16.85603017646436,41.10939348647096,16.855007437640243,0.9819011698087408,0.051679008937302144,1.0406493335730091,0.04966034885148608,18.0,0.0
4_77,-794480007#1,1167944482#6,26,41.10301262752712,16.852438574025896,41.104241848915706,16.852339159437378,41.10760995155661,16.857018182751133,41.107409312693626,16.8583053565791,0.8103145190991141,0.03116594304227362,1.0406493335730091,0.02994855426973384,18.0,0.0
4_78,-794480007#1,1226715337#1,16,41.10301262752712,16.852438574025896,41.104241848915706,16.852339159437378,41.1076655501806,16.853482677393657,41.1076459918036,16.85339947923006,0.9295768723388,0.058098554521175,1.0406493335730091,0.05582913729613124,18.0,0.0
4_79,-794480007#1,1226715337#3,13,41.10301262752712,16.852438574025896,41.104241848915706,16.852339159437378,41.10745802857694,16.853291775558137,41.1073338131884,16.85340951411772,0.7101888448561018,0.054629911142777064,1.0406493335730091,0.052495984363155675,18.0,0.0
4_80,-794480007#1,1226715337#5,14,41.10301262752712,16.852438574025896,41.104241848915706,16.852339159437378,41.10734707485234,16.853676884182715,41.10746982861199,16.853767510732208,0.7971000993162691,0.0569357213797335,1.0406493335730091,0.05471172617220443,18.0,0.0
4_81,-794480007#1,129127808-AddedOnRampEdge,20,41.10301262752712,16.852438574025896,41.104241848915706,16.852339159437378,41.10887945860232,16.855291051507262,41.10861173431363,16.854213003321295,0.7772519651203467,0.03886259825601734,1.0406493335730091,0.03734456651462492,18.0,0.0
4_82,-794480007#1,134810311#1,17,41.10301262752712,16.852438574025896,41.104241848915706,16.852339159437378,41.1069737608908,16.8478332074144,41.106150407173736,16.839447730868756,0.5221444051093511,0.0307143767711383,1.0406493335730091,0.02951462685867704,18.0,0.0
4_83,-794480007#1,147036178,25,41.10301262752712,16.852438574025896,41.104241848915706,16.852339159437378,41.10357239370584,16.849347341324286,41.10397951428041,16.847630876135593,0.5019855964467681,0.020079423857870725,1.0406493335730091,0.01929509125704159,18.0,0.0
4_84,-794480007#1,173765024,28,41.10301262752712,16.852438574025896,41.104241848915706,16.852339159437378,41.107787793577664,16.858261368905033,41.10843939498842,16.85693747474272,0.9122762121035498,0.03258129328941249,1.0406493335730091,0.03130861880009716,18.0,0.0
4_85,-794480007#1,25817299#2,25,41.10301262752712,16.852438574025896,41.104241848915706,16.852339159437378,41.10357239370584,16.849347341324286,41.10403927028676,16.849306737173062,0.5694063669921694,0.022776254679686775,1.0406493335730091,0.02188657979675615,18.0,0.0
4_86,-794480007#1,30002087#1,28,41.10301262752712,16.852438574025896,41.104241848915706,16.852339159437378,41.107317336305385,16.858674438324883,41.10722590625396,16.85936114348573,0.6106568459680073,0.021809173070285973,1.0406493335730091,0.020957273854589845,18.0,0.0
4_87,-794480007#1,380822316#2-AddedOnRampEdge,12,41.10301262752712,16.852438574025896,41.104241848915706,16.852339159437378,41.106763993263314,16.853544489327305,41.10586575211826,16.853629734176355,0.7036888036399244,0.058640733636660364,1.0406493335730091,0.05635013807708002,18.0,0.0
4_88,-794480007#1,559495124#8,15,41.10301262752712,16.852438574025896,41.104241848915706,16.852339159437378,41.104058750589815,16.85390531064681,41.104854405575175,16.85383635754744,0.712943551423584,0.0475295700949056,1.0406493335730091,0.045672993352828636,18.0,0.0
4_89,-794480007#1,794480007#1,2,41.10301262752712,16.852438574025896,41.104241848915706,16.852339159437378,41.104241848915706,16.852339159437378,41.10301262752712,16.852438574025896,0.53115847796954,0.26557923898477,1.0406493335730091,0.2552053130836293,18.0,0.0
4_90,-794480007#1,96606445#0,35,41.10301262752712,16.852438574025896,41.104241848915706,16.852339159437378,41.1020049738588,16.856644941095766,41.10326561352771,16.856379181688784,0.9317829320138329,0.02662236948610951,1.0406493335730091,0.02558245955407779,18.0,0.0
4_91,-794480007#1,96606456#2,37,41.10301262752712,16.852438574025896,41.104241848915706,16.852339159437378,41.10326307854501,16.856240261410846,41.1020049738588,16.856644941095766,0.5349010564063245,0.014456785308279041,1.0406493335730091,0.013892081455183858,18.0,0.0
4_92,1107330352#4,1107330352#1,11,41.104850628166,16.85372967086914,41.10405483338111,16.853796120584157,41.10568244199847,16.853647084802333,41.10501918430848,16.853716788029953,0.7692781140424572,0.06993437400385974,0.9340465265473155,0.0748724737111017,18.0,0.0
4_93,1107330352#4,1107330354#5,9,41.104850628166,16.85372967086914,41.10405483338111,16.853796120584157,41.10567667985701,16.85350139992,41.10655366468042,16.85214501267212,0.5628777386384772,0.0625419709598308,0.9340465265473155,0.0669580895408026,18.0,0.0
4_94,1107330352#4,1159706696,16,41.104850628166,16.85372967086914,41.10405483338111,16.853796120584157,41.10888943814199,16.85603017646436,41.10939348647096,16.855007437640243,0.9343224320393198,0.058395152002457484,0.9340465265473155,0.06251846170694945,18.0,0.0
4_95,1107330352#4,1167944482#6,23,41.104850628166,16.85372967086914,41.10405483338111,16.853796120584157,41.10760995155661,16.857018182751133,41.107409312693626,16.8583053565791,0.9451536767819089,0.041093638120952555,0.9340465265473155,0.04399527962793714,18.0,0.0
4_96,1107330352#4,1226715337#1,13,41.104850628166,16.85372967086914,41.10405483338111,16.853796120584157,41.1076655501806,16.853482677393657,41.1076459918036,16.85339947923006,0.7853822183103326,0.060414016793102515,0.9340465265473155,0.06467987950923787,18.0,0.0
4_97,1107330352#4,1226715337#3,10,41.104850628166,16.85372967086914,41.10405483338111,16.853796120584157,41.10745802857694,16.853291775558137,41.1073338131884,16.85340951411772,0.6509863052785053,0.06509863052785053,0.9340465265473155,0.06969527606776328,18.0,0.0
4_98,1107330352#4,1226715337#5,11,41.104850628166,16.85372967086914,41.10405483338111,16.853796120584157,41.10734707485234,16.853676884182715,41.10746982861199,16.853767510732208,0.9933559373664056,0.09030508521512778,0.9340465265473155,0.09668157061612204,18.0,0.0
4_99,1107330352#4,129127808-AddedOnRampEdge,17,41.104850628166,16.85372967086914,41.10405483338111,16.853796120584157,41.10887945860232,16.855291051507262,41.10861173431363,16.854213003321295,0.957557926136532,0.0563269368315607,0.9340465265473155,0.060304208870378344,18.0,0.0
4_100,1107330352#4,134810311#1,14,41.104850628166,16.85372967086914,41.10405483338111,16.853796120584157,41.1069737608908,16.8478332074144,41.106150407173736,16.839447730868756,0.6051505849719643,0.04322504178371173,0.9340465265473155,0.04627718272610278,18.0,0.0
4_101,1107330352#4,147036178,22,41.104850628166,16.85372967086914,41.10405483338111,16.853796120584157,41.10357239370584,16.849347341324286,41.10397951428041,16.847630876135593,0.8290826342755191,0.03768557428525087,0.9340465265473155,0.04034657076939716,18.0,0.0
4_102,1107330352#4,173765024,25,41.104850628166,16.85372967086914,41.10405483338111,16.853796120584157,41.107787793577664,16.858261368905033,41.10843939498842,16.85693747474272,0.5890663126257749,0.023562652505030996,0.9340465265473155,0.02522642270522634,18.0,0.0
4_103,1107330352#4,25817299#2,22,41.104850628166,16.85372967086914,41.10405483338111,16.853796120584157,41.10357239370584,16.849347341324286,41.10403927028676,16.849306737173062,0.9386992021362914,0.04266814555164961,0.9340465265473155,0.04568096378386157,18.0,0.0
4_104,1107330352#4,30002087#1,25,41.104850628166,16.85372967086914,41.10405483338111,16.853796120584157,41.107317336305385,16.858674438324883,41.10722590625396,16.85936114348573,0.7214144405577667,0.02885657762231067,0.9340465265473155,0.030894154415389178,18.0,0.0
4_105,1107330352#4,380822316#2-AddedOnRampEdge,9,41.104850628166,16.85372967086914,41.10405483338111,16.853796120584157,41.106763993263314,16.853544489327305,41.10586575211826,16.853629734176355,0.5914323958924368,0.0657147106547152,0.9340465265473155,0.07035485790801912,18.0,0.0
4_106,1107330352#4,559495124#8,12,41.104850628166,16.85372967086914,41.10405483338111,16.853796120584157,41.104058750589815,16.85390531064681,41.104854405575175,16.85383635754744,0.5319437535173915,0.044328646126449295,0.9340465265473155,0.04745871310105853,18.0,0.0
4_107,1107330352#4,794480007#1,7,41.104850628166,16.85372967086914,41.10405483338111,16.853796120584157,41.104241848915706,16.852339159437378,41.10301262752712,16.852438574025896,0.7694057408404509,0.10991510583435012,0.9340465265473155,0.117676264201366,18.0,0.0
4_108,1107330352#4,96606445#0,32,41.104850628166,16.85372967086914,41.10405483338111,16.853796120584157,41.1020049738588,16.856644941095766,41.10326561352771,16.856379181688784,0.6016158436938019,0.01880049511543131,0.9340465265473155,0.020128007097169956,18.0,0.0
4_109,1107330352#4,96606456#2,34,41.104850628166,16.85372967086914,41.10405483338111,16.853796120584157,41.10326307854501,16.856240261410846,41.1020049738588,16.856644941095766,0.5161122688649002,0.015179772613673537,0.9340465265473155,0.016251623642116915,18.0,0.0
4_110,1157857551,1107330352#1,20,41.10480693181174,16.850105781352976,41.10499953865813,16.850171326700565,41.10568244199847,16.853647084802333,41.10501918430848,16.853716788029953,0.5041166063916913,0.025205830319584566,0.7611916939390438,0.03311364340978088,18.0,0.0
4_111,1157857551,1107330354#5,31,41.10480693181174,16.850105781352976,41.10499953865813,16.850171326700565,41.10567667985701,16.85350139992,41.10655366468042,16.85214501267212,0.9708109612581253,0.031316482621229845,0.7611916939390438,0.0411413877352919,18.0,0.0
4_112,1157857551,1159706696,18,41.10480693181174,16.850105781352976,41.10499953865813,16.850171326700565,41.10888943814199,16.85603017646436,41.10939348647096,16.855007437640243,0.5617981739033626,0.03121100966129792,0.7611916939390438,0.04100282479408833,18.0,0.0
4_113,1157857551,1167944482#6,28,41.10480693181174,16.850105781352976,41.10499953865813,16.850171326700565,41.10760995155661,16.857018182751133,41.107409312693626,16.8583053565791,0.9036127430458981,0.032271883680210646,0.7611916939390438,0.04239652631153773,18.0,0.0
4_114,1157857551,1226715337#1,16,41.10480693181174,16.850105781352976,41.10499953865813,16.850171326700565,41.1076655501806,16.853482677393657,41.1076459918036,16.85339947923006,0.6593587752866887,0.041209923455418046,0.7611916939390438,0.05413869303035003,18.0,0.0
4_115,1157857551,1226715337#3,13,41.10480693181174,16.850105781352976,41.10499953865813,16.850171326700565,41.10745802857694,16.853291775558137,41.1073338131884,16.85340951411772,0.6140268989671116,0.04723283838208551,0.7611916939390438,0.062051174176196294,18.0,0.0
4_116,1157857551,1226715337#5,16,41.10480693181174,16.850105781352976,41.10499953865813,16.850171326700565,41.10734707485234,16.853676884182715,41.10746982861199,16.853767510732208,0.9118260874356505,0.05698913046472816,0.7611916939390438,0.07486830310748482,18.0,0.0
4_117,1157857551,129127808-AddedOnRampEdge,19,41.10480693181174,16.850105781352976,41.10499953865813,16.850171326700565,41.10887945860232,16.855291051507262,41.10861173431363,16.854213003321295,0.9671008065765937,0.05090004245139967,0.7611916939390438,0.06686888842415001,18.0,0.0
4_118,1157857551,134810311#1,6,41.10480693181174,16.850105781352976,41.10499953865813,16.850171326700565,41.1069737608908,16.8478332074144,41.106150407173736,16.839447730868756,0.9414924142807974,0.1569154023801329,0.7611916939390438,0.20614439651610109,18.0,0.0
4_119,1157857551,147036178,14,41.10480693181174,16.850105781352976,41.10499953865813,16.850171326700565,41.10357239370584,16.849347341324286,41.10397951428041,16.847630876135593,0.9367329965951596,0.06690949975679711,0.7611916939390438,0.08790098511263474,18.0,0.0
4_120,1157857551,173765024,30,41.10480693181174,16.850105781352976,41.10499953865813,16.850171326700565,41.107787793577664,16.858261368905033,41.10843939498842,16.85693747474272,0.8694754570312576,0.028982515234375252,0.7611916939390438,0.03807518587649771,18.0,0.0
4_121,1157857551,25817299#2,14,41.10480693181174,16.850105781352976,41.10499953865813,16.850171326700565,41.10357239370584,16.849347341324286,41.10403927028676,16.849306737173062,0.6787454398219823,0.04848181713014159,0.7611916939390438,0.06369199442949257,18.0,0.0
4_122,1157857551,30002087#1,30,41.10480693181174,16.850105781352976,41.10499953865813,16.850171326700565,41.107317336305385,16.858674438324883,41.10722590625396,16.85936114348573,0.6476556839809496,0.021588522799364986,0.7611916939390438,0.028361479731403627,18.0,0.0
4_123,1157857551,380822316#2-AddedOnRampEdge,18,41.10480693181174,16.850105781352976,41.10499953865813,16.850171326700565,41.106763993263314,16.853544489327305,41.10586575211826,16.853629734176355,0.6120959988660488,0.034005333270336044,0.7611916939390438,0.04467381021246297,18.0,0.0
4_124,1157857551,559495124#8,29,41.10480693181174,16.850105781352976,41.10499953865813,16.850171326700565,41.104058750589815,16.85390531064681,41.104854405575175,16.85383635754744,0.8885185988307656,0.030638572373474674,0.7611916939390438,0.04025079702975346,18.0,0.0
4_125,1157857551,794480007#1,29,41.10480693181174,16.850105781352976,41.10499953865813,16.850171326700565,41.104241848915706,16.852339159437378,41.10301262752712,16.852438574025896,0.8557465630166525,0.02950850217298802,0.7611916939390438,0.03876619044578153,18.0,0.0
4_126,1157857551,96606445#0,45,41.10480693181174,16.850105781352976,41.10499953865813,16.850171326700565,41.1020049738588,16.856644941095766,41.10326561352771,16.856379181688784,0.5363070549664408,0.011917934554809797,0.7611916939390438,0.015656942462333522,18.0,0.0
4_127,1157857551,96606456#2,47,41.10480693181174,16.850105781352976,41.10499953865813,16.850171326700565,41.10326307854501,16.856240261410846,41.1020049738588,16.856644941095766,0.7476033018414489,0.015906453230669124,0.7611916939390438,0.020896777194658815,18.0,0.0
4_128,1159706697,1107330352#1,18,41.10853386435466,16.856759833599398,41.10888943814199,16.85603017646436,41.10568244199847,16.853647084802333,41.10501918430848,16.853716788029953,0.6508513513022862,0.03615840840568257,1.4227805338290507,0.025413904355558927,18.0,0.0
4_129,1159706697,1107330354#5,29,41.10853386435466,16.856759833599398,41.10888943814199,16.85603017646436,41.10567667985701,16.85350139992,41.10655366468042,16.85214501267212,0.8010289192257334,0.027621686869852873,1.4227805338290507,0.019413877413346492,18.0,0.0
4_130,1159706697,1159706696,2,41.10853386435466,16.856759833599398,41.10888943814199,16.85603017646436,41.10888943814199,16.85603017646436,41.10939348647096,16.855007437640243,0.8435118301172967,0.42175591505864835,1.4227805338290507,0.29643076007204,18.0,0.0
4_131,1159706697,1167944482#6,15,41.10853386435466,16.856759833599398,41.10888943814199,16.85603017646436,41.10760995155661,16.857018182751133,41.107409312693626,16.8583053565791,0.8010174368513435,0.05340116245675623,1.4227805338290507,0.03753295830737902,18.0,0.0
4_132,1159706697,1226715337#1,7,41.10853386435466,16.856759833599398,41.10888943814199,16.85603017646436,41.1076655501806,16.853482677393657,41.1076459918036,16.85339947923006,0.9892999179795803,0.1413285597113686,1.4227805338290507,0.09933264923931652,18.0,0.0
4_133,1159706697,1226715337#3,11,41.10853386435466,16.856759833599398,41.10888943814199,16.85603017646436,41.10745802857694,16.853291775558137,41.1073338131884,16.85340951411772,0.818162103101125,0.07437837300919319,1.4227805338290507,0.05227677160371514,18.0,0.0
4_134,1159706697,1226715337#5,14,41.10853386435466,16.856759833599398,41.10888943814199,16.85603017646436,41.10734707485234,16.853676884182715,41.10746982861199,16.853767510732208,0.7551075404097007,0.053936252886407195,1.4227805338290507,0.03790904612762134,18.0,0.0
4_135,1159706697,129127808-AddedOnRampEdge,3,41.10853386435466,16.856759833599398,41.10888943814199,16.85603017646436,41.10887945860232,16.855291051507262,41.10861173431363,16.854213003321295,0.9750016348736763,0.3250005449578921,1.4227805338290507,0.2284263364801851,18.0,0.0
4_136,1159706697,134810311#1,17,41.10853386435466,16.856759833599398,41.10888943814199,16.85603017646436,41.1069737608908,16.8478332074144,41.106150407173736,16.839447730868756,0.5126024660098925,0.030153086235876026,1.4227805338290507,0.021193069148006047,18.0,0.0
4_137,1159706697,147036178,25,41.10853386435466,16.856759833599398,41.10888943814199,16.85603017646436,41.10357239370584,16.849347341324286,41.10397951428041,16.847630876135593,0.6526696753468146,0.026106787013872586,1.4227805338290507,0.018349131431825844,18.0,0.0
4_138,1159706697,173765024,17,41.10853386435466,16.856759833599398,41.10888943814199,16.85603017646436,41.107787793577664,16.858261368905033,41.10843939498842,16.85693747474272,0.6220749068169708,0.03659264157746887,1.4227805338290507,0.02571910474413725,18.0,0.0
4_139,1159706697,25817299#2,25,41.10853386435466,16.856759833599398,41.10888943814199,16.85603017646436,41.10357239370584,16.849347341324286,41.10403927028676,16.849306737173062,0.7564627748509136,0.030258510994036546,1.4227805338290507,0.02126716684308541,18.0,0.0
4_140,1159706697,30002087#1,17,41.10853386435466,16.856759833599398,41.10888943814199,16.85603017646436,41.107317336305385,16.858674438324883,41.10722590625396,16.85936114348573,0.8691375261579721,0.051125736832821886,1.4227805338290507,0.03593367748378593,18.0,0.0
4_141,1159706697,380822316#2-AddedOnRampEdge,16,41.10853386435466,16.856759833599398,41.10888943814199,16.85603017646436,41.106763993263314,16.853544489327305,41.10586575211826,16.853629734176355,0.6146973662986861,0.03841858539366788,1.4227805338290507,0.027002467689288708,18.0,0.0
4_142,1159706697,559495124#8,32,41.10853386435466,16.856759833599398,41.10888943814199,16.85603017646436,41.104058750589815,16.85390531064681,41.104854405575175,16.85383635754744,0.5094556090781319,0.015920487783691623,1.4227805338290507,0.011189700312279149,18.0,0.0
4_143,1159706697,794480007#1,27,41.10853386435466,16.856759833599398,41.10888943814199,16.85603017646436,41.104241848915706,16.852339159437378,41.10301262752712,16.852438574025896,0.5046616531343209,0.01869117233830818,1.4227805338290507,0.013137073423408219,18.0,0.0
4_144,1159706697,96606445#0,39,41.10853386435466,16.856759833599398,41.10888943814199,16.85603017646436,41.1020049738588,16.856644941095766,41.10326561352771,16.856379181688784,0.7742115032199428,0.019851577005639557,1.4227805338290507,0.013952662785042542,18.0,0.0
4_145,1159706697,96606456#2,41,41.10853386435466,16.856759833599398,41.10888943814199,16.85603017646436,41.10326307854501,16.856240261410846,41.1020049738588,16.856644941095766,0.9053228572125201,0.022081045297866347,1.4227805338290507,0.015519642539978284,18.0,0.0
4_146,1175201475,1107330352#1,17,41.10921957893124,16.855229530937848,41.10887945860232,16.855291051507262,41.10568244199847,16.853647084802333,41.10501918430848,16.853716788029953,0.796784470380755,0.0468696747282797,1.2019004215193827,0.03899630442680883,18.0,0.0
4_147,1175201475,1107330354#5,28,41.10921957893124,16.855229530937848,41.10887945860232,16.855291051507262,41.10567667985701,16.85350139992,41.10655366468042,16.85214501267212,0.8669713079742103,0.030963260999078937,1.2019004215193827,0.025761918745262378,18.0,0.0
4_148,1175201475,1159706696,5,41.10921957893124,16.855229530937848,41.10887945860232,16.855291051507262,41.10888943814199,16.85603017646436,41.10939348647096,16.855007437640243,0.8285617471099711,0.16571234942199423,1.2019004215193827,0.13787527357092438,18.0,0.0
4_149,1175201475,1167944482#6,14,41.10921957893124,16.855229530937848,41.10887945860232,16.855291051507262,41.10760995155661,16.857018182751133,41.107409312693626,16.8583053565791,0.5534822966678317,0.03953444976198797,1.2019004215193827,0.03289328221718276,18.0,0.0
4_150,1175201475,1226715337#1,6,41.10921957893124,16.855229530937848,41.10887945860232,16.855291051507262,41.1076655501806,16.853482677393657,41.1076459918036,16.85339947923006,0.9020072653267994,0.15033454422113324,1.2019004215193827,0.1250806984750765,18.0,0.0
4_151,1175201475,1226715337#3,10,41.10921957893124,16.855229530937848,41.10887945860232,16.855291051507262,41.10745802857694,16.853291775558137,41.1073338131884,16.85340951411772,0.6100006443104837,0.06100006443104838,1.2019004215193827,0.05075301026513921,18.0,0.0
4_152,1175201475,1226715337#5,13,41.10921957893124,16.855229530937848,41.10887945860232,16.855291051507262,41.10734707485234,16.853676884182715,41.10746982861199,16.853767510732208,0.6037692046288201,0.0464437849714477,1.2019004215193827,0.03864195746993397,18.0,0.0
4_153,1175201475,129127808-AddedOnRampEdge,2,41.10921957893124,16.855229530937848,41.10887945860232,16.855291051507262,41.10887945860232,16.855291051507262,41.10861173431363,16.854213003321295,0.6384083178940463,0.31920415894702314,1.2019004215193827,0.265582866293949,18.0,0.0
4_154,1175201475,134810311#1,16,41.10921957893124,16.855229530937848,41.10887945860232,16.855291051507262,41.1069737608908,16.8478332074144,41.106150407173736,16.839447730868756,0.8058040101285013,0.050362750633031333,1.2019004215193827,0.04190259836115645,18.0,0.0
4_155,1175201475,147036178,24,41.10921957893124,16.855229530937848,41.10887945860232,16.855291051507262,41.10357239370584,16.849347341324286,41.10397951428041,16.847630876135593,0.5493135843677655,0.02288806601532356,1.2019004215193827,0.01904322987622353,18.0,0.0
4_156,1175201475,173765024,16,41.10921957893124,16.855229530937848,41.10887945860232,16.855291051507262,41.107787793577664,16.858261368905033,41.10843939498842,16.85693747474272,0.8250888681688235,0.05156805426055147,1.2019004215193827,0.04290542988192125,18.0,0.0
4_157,1175201475,25817299#2,24,41.10921957893124,16.855229530937848,41.10887945860232,16.855291051507262,41.10357239370584,16.849347341324286,41.10403927028676,16.849306737173062,0.9647428168207046,0.04019761736752936,1.2019004215193827,0.03344504806539092,18.0,0.0
4_158,1175201475,30002087#1,16,41.10921957893124,16.855229530937848,41.10887945860232,16.855291051507262,41.107317336305385,16.858674438324883,41.10722590625396,16.85936114348573,0.712251038029668,0.04451568987685425,1.2019004215193827,0.03703775211309081,18.0,0.0
4_159,1175201475,380822316#2-AddedOnRampEdge,15,41.10921957893124,16.855229530937848,41.10887945860232,16.855291051507262,41.106763993263314,16.853544489327305,41.10586575211826,16.853629734176355,0.7237323714967927,0.04824882476645285,1.2019004215193827,0.04014377888765451,18.0,0.0
4_160,1175201475,559495124#8,31,41.10921957893124,16.855229530937848,41.10887945860232,16.855291051507262,41.104058750589815,16.85390531064681,41.104854405575175,16.85383635754744,0.8941476893937772,0.028843473851412168,1.2019004215193827,0.023998222593973037,18.0,0.0
4_161,1175201475,794480007#1,26,41.10921957893124,16.855229530937848,41.10887945860232,16.855291051507262,41.104241848915706,16.852339159437378,41.10301262752712,16.852438574025896,0.602479059465979,0.023172271517922272,1.2019004215193827,0.01927969331155491,18.0,0.0
4_162,1175201475,96606445#0,38,41.10921957893124,16.855229530937848,41.10887945860232,16.855291051507262,41.1020049738588,16.856644941095766,41.10326561352771,16.856379181688784,0.5897841543032152,0.015520635639558293,1.2019004215193827,0.012913412260840942,18.0,0.0
4_163,1175201475,96606456#2,40,41.10921957893124,16.855229530937848,41.10887945860232,16.855291051507262,41.10326307854501,16.856240261410846,41.1020049738588,16.856644941095766,0.6608300043501574,0.016520750108753934,1.2019004215193827,0.013745523183916704,18.0,0.0
4_164,1226715337#1,1107330352#1,12,41.1076655501806,16.853482677393657,41.1076459918036,16.85339947923006,41.10568244199847,16.853647084802333,41.10501918430848,16.853716788029953,0.6177671374601421,0.05148059478834517,0.9029743121587421,0.05701224729778905,17.0,26.0
4_165,1226715337#1,1107330354#5,23,41.1076655501806,16.853482677393657,41.1076459918036,16.85339947923006,41.10567667985701,16.85350139992,41.10655366468042,16.85214501267212,0.9583871872026337,0.04166900813924494,0.9029743121587421,0.04614639373253795,17.0,26.0
4_166,1226715337#1,1159706696,8,41.1076655501806,16.853482677393657,41.1076459918036,16.85339947923006,41.10888943814199,16.85603017646436,41.10939348647096,16.855007437640243,0.6994411824414888,0.0874301478051861,0.9029743121587421,0.09682462350027068,17.0,26.0
4_167,1226715337#1,1167944482#6,20,41.1076655501806,16.853482677393657,41.1076459918036,16.85339947923006,41.10760995155661,16.857018182751133,41.107409312693626,16.8583053565791,0.6846024600348082,0.03423012300174041,0.9029743121587421,0.03790819134146396,17.0,26.0
4_168,1226715337#1,1226715337#3,5,41.1076655501806,16.853482677393657,41.1076459918036,16.85339947923006,41.10745802857694,16.853291775558137,41.1073338131884,16.85340951411772,0.5840047310097034,0.11680094620194069,0.9029743121587421,0.12935134989909566,17.0,26.0
4_169,1226715337#1,1226715337#5,8,41.1076655501806,16.853482677393657,41.1076459918036,16.85339947923006,41.10734707485234,16.853676884182715,41.10746982861199,16.853767510732208,0.7500661123045198,0.09375826403806498,0.9029743121587421,0.10383270351724286,17.0,26.0
4_170,1226715337#1,129127808-AddedOnRampEdge,9,41.1076655501806,16.853482677393657,41.1076459918036,16.85339947923006,41.10887945860232,16.855291051507262,41.10861173431363,16.854213003321295,0.9767974932889043,0.10853305480987825,0.9029743121587421,0.1201950635233555,17.0,26.0
4_171,1226715337#1,134810311#1,11,41.1076655501806,16.853482677393657,41.1076459918036,16.85339947923006,41.1069737608908,16.8478332074144,41.106150407173736,16.839447730868756,0.6959464147311659,0.06326785588465145,0.9029743121587421,0.0700660639319815,17.0,26.0
4_172,1226715337#1,147036178,19,41.1076655501806,16.853482677393657,41.1076459918036,16.85339947923006,41.10357239370584,16.849347341324286,41.10397951428041,16.847630876135593,0.7921746144254695,0.041693400759235236,0.9029743121587421,0.046173407369207164,17.0,26.0
4_173,1226715337#1,173765024,22,41.1076655501806,16.853482677393657,41.1076459918036,16.85339947923006,41.107787793577664,16.858261368905033,41.10843939498842,16.85693747474272,0.5698492471889053,0.025902238508586604,0.9029743121587421,0.028685465532969683,17.0,26.0
4_174,1226715337#1,25817299#2,19,41.1076655501806,16.853482677393657,41.1076459918036,16.85339947923006,41.10357239370584,16.849347341324286,41.10403927028676,16.849306737173062,0.6904105233540856,0.0363373959660045,0.9029743121587421,0.04024189334814257,17.0,26.0
4_175,1226715337#1,30002087#1,22,41.1076655501806,16.853482677393657,41.1076459918036,16.85339947923006,41.107317336305385,16.858674438324883,41.10722590625396,16.85936114348573,0.632486807091903,0.028749400322359227,0.9029743121587421,0.031838558345727457,17.0,26.0
4_176,1226715337#1,380822316#2-AddedOnRampEdge,10,41.1076655501806,16.853482677393657,41.1076459918036,16.85339947923006,41.106763993263314,16.853544489327305,41.10586575211826,16.853629734176355,0.755663399364767,0.07556633993647671,0.9029743121587421,0.08368603504990096,17.0,26.0
4_177,1226715337#1,559495124#8,26,41.1076655501806,16.853482677393657,41.1076459918036,16.85339947923006,41.104058750589815,16.85390531064681,41.104854405575175,16.85383635754744,0.5990249620327084,0.02303942161664263,0.9029743121587421,0.025515035484854766,17.0,26.0
4_178,1226715337#1,794480007#1,21,41.1076655501806,16.853482677393657,41.1076459918036,16.85339947923006,41.104241848915706,16.852339159437378,41.10301262752712,16.852438574025896,0.9557797254202298,0.04551332025810618,0.9029743121587421,0.050403781863182145,17.0,26.0
4_179,1226715337#1,96606445#0,44,41.1076655501806,16.853482677393657,41.1076459918036,16.85339947923006,41.1020049738588,16.856644941095766,41.10326561352771,16.856379181688784,0.771716017370114,0.01753900039477532,0.9029743121587421,0.019423587314288934,17.0,26.0
4_180,1226715337#1,96606456#2,46,41.1076655501806,16.853482677393657,41.1076459918036,16.85339947923006,41.10326307854501,16.856240261410846,41.1020049738588,16.856644941095766,0.5273347874651739,0.011463799727503781,0.9029743121587421,0.01269559894798918,17.0,26.0
4_181,1226715337#3,1107330352#1,8,41.10745802857694,16.853291775558137,41.1073338131884,16.85340951411772,41.10568244199847,16.853647084802333,41.10501918430848,16.853716788029953,0.7782378194640465,0.09727972743300581,1.0191993504217776,0.09544720313327154,17.0,26.0
4_182,1226715337#3,1107330354#5,19,41.10745802857694,16.853291775558137,41.1073338131884,16.85340951411772,41.10567667985701,16.85350139992,41.10655366468042,16.85214501267212,0.5053536466528876,0.02659756035015198,1.0191993504217776,0.026096524040311694,17.0,26.0
4_183,1226715337#3,1159706696,9,41.10745802857694,16.853291775558137,41.1073338131884,16.85340951411772,41.10888943814199,16.85603017646436,41.10939348647096,16.855007437640243,0.7869781227395065,0.08744201363772294,1.0191993504217776,0.08579480903469631,17.0,26.0
4_184,1226715337#3,1167944482#6,16,41.10745802857694,16.853291775558137,41.1073338131884,16.85340951411772,41.10760995155661,16.857018182751133,41.107409312693626,16.8583053565791,0.7403825138155236,0.04627390711347022,1.0191993504217776,0.04540221409513319,17.0,26.0
4_185,1226715337#3,1226715337#1,6,41.10745802857694,16.853291775558137,41.1073338131884,16.85340951411772,41.1076655501806,16.853482677393657,41.1076459918036,16.85339947923006,0.6121657992201986,0.10202763320336644,1.0191993504217776,0.10010566937777592,17.0,26.0
4_186,1226715337#3,1226715337#5,4,41.10745802857694,16.853291775558137,41.1073338131884,16.85340951411772,41.10734707485234,16.853676884182715,41.10746982861199,16.853767510732208,0.5322414969365432,0.1330603742341358,1.0191993504217776,0.13055382558777254,17.0,26.0
4_187,1226715337#3,129127808-AddedOnRampEdge,10,41.10745802857694,16.853291775558137,41.1073338131884,16.85340951411772,41.10887945860232,16.855291051507262,41.10861173431363,16.854213003321295,0.7121470146255684,0.07121470146255685,1.0191993504217776,0.06987318176084581,17.0,26.0
4_188,1226715337#3,134810311#1,13,41.10745802857694,16.853291775558137,41.1073338131884,16.85340951411772,41.1069737608908,16.8478332074144,41.106150407173736,16.839447730868756,0.5360668897882701,0.0412359145990977,1.0191993504217776,0.04045912566764583,17.0,26.0
4_189,1226715337#3,147036178,21,41.10745802857694,16.853291775558137,41.1073338131884,16.85340951411772,41.10357239370584,16.849347341324286,41.10397951428041,16.847630876135593,0.6500229902776058,0.030953475727505037,1.0191993504217776,0.030370384081088247,17.0,26.0
4_190,1226715337#3,173765024,18,41.10745802857694,16.853291775558137,41.1073338131884,16.85340951411772,41.107787793577664,16.858261368905033,41.10843939498842,16.85693747474272,0.7550448444009186,0.04194693580005103,1.0191993504217776,0.04115675287929887,17.0,26.0
4_191,1226715337#3,25817299#2,21,41.10745802857694,16.853291775558137,41.1073338131884,16.85340951411772,41.10357239370584,16.849347341324286,41.10403927028676,16.849306737173062,0.671215616120562,0.03196264838669343,1.0191993504217776,0.03136054626944793,17.0,26.0
4_192,1226715337#3,30002087#1,18,41.10745802857694,16.853291775558137,41.1073338131884,16.85340951411772,41.107317336305385,16.858674438324883,41.10722590625396,16.85936114348573,0.7061380938986292,0.0392298941054794,1.0191993504217776,0.038490893944589745,17.0,26.0
4_193,1226715337#3,380822316#2-AddedOnRampEdge,6,41.10745802857694,16.853291775558137,41.1073338131884,16.85340951411772,41.106763993263314,16.853544489327305,41.10586575211826,16.853629734176355,0.9239297337598646,0.15398828895997743,1.0191993504217776,0.1510875069693207,17.0,26.0
4_194,1226715337#3,559495124#8,22,41.10745802857694,16.853291775558137,41.1073338131884,16.85340951411772,41.104058750589815,16.85390531064681,41.104854405575175,16.85383635754744,0.9696525723642954,0.04407511692564979,1.0191993504217776,0.04324484401153718,17.0,26.0
4_195,1226715337#3,794480007#1,17,41.10745802857694,16.853291775558137,41.1073338131884,16.85340951411772,41.104241848915706,16.852339159437378,41.10301262752712,16.852438574025896,0.5441579458358922,0.03200929093152307,1.0191993504217776,0.03140631017698019,17.0,26.0
4_196,1226715337#3,96606445#0,40,41.10745802857694,16.853291775558137,41.1073338131884,16.85340951411772,41.1020049738588,16.856644941095766,41.10326561352771,16.856379181688784,0.8144789323689186,0.020361973309222965,1.0191993504217776,0.019978400987791568,17.0,26.0
4_197,1226715337#3,96606456#2,42,41.10745802857694,16.853291775558137,41.1073338131884,16.85340951411772,41.10326307854501,16.856240261410846,41.1020049738588,16.856644941095766,0.8206755581710383,0.019539894242167576,1.0191993504217776,0.019171807982492666,17.0,26.0
4_198,1226715337#5,1107330352#1,10,41.10734707485234,16.853676884182715,41.10746982861199,16.853767510732208,41.10568244199847,16.853647084802333,41.10501918430848,16.853716788029953,0.6586071107229985,0.06586071107229985,1.1420244744219592,0.05767013978017901,17.0,26.0
4_199,1226715337#5,1107330354#5,21,41.10734707485234,16.853676884182715,41.10746982861199,16.853767510732208,41.10567667985701,16.85350139992,41.10655366468042,16.85214501267212,0.9202293803440045,0.04382044668304783,1.1420244744219592,0.03837084726684842,17.0,26.0
4_200,1226715337#5,1159706696,6,41.10734707485234,16.853676884182715,41.10746982861199,16.853767510732208,41.10888943814199,16.85603017646436,41.10939348647096,16.855007437640243,0.5809243723448851,0.09682072872414751,1.1420244744219592,0.08477990699205791,17.0,26.0
4_201,1226715337#5,1167944482#6,13,41.10734707485234,16.853676884182715,41.10746982861199,16.853767510732208,41.10760995155661,16.857018182751133,41.107409312693626,16.8583053565791,0.9058512370105412,0.06968086438542624,1.1420244744219592,0.061015211097551585,17.0,26.0
4_202,1226715337#5,1226715337#1,3,41.10734707485234,16.853676884182715,41.10746982861199,16.853767510732208,41.1076655501806,16.853482677393657,41.1076459918036,16.85339947923006,0.6489629069731426,0.21632096899104752,1.1420244744219592,0.18941885558147897,17.0,26.0
4_203,1226715337#5,1226715337#3,7,41.10734707485234,16.853676884182715,41.10746982861199,16.853767510732208,41.10745802857694,16.853291775558137,41.1073338131884,16.85340951411772,0.7661097314193754,0.10944424734562505,1.1420244744219592,0.0958335392952246,17.0,26.0
4_204,1226715337#5,129127808-AddedOnRampEdge,7,41.10734707485234,16.853676884182715,41.10746982861199,16.853767510732208,41.10887945860232,16.855291051507262,41.10861173431363,16.854213003321295,0.6813390812765656,0.0973341544680808,1.1420244744219592,0.08522948207160527,17.0,26.0
4_205,1226715337#5,134810311#1,13,41.10734707485234,16.853676884182715,41.10746982861199,16.853767510732208,41.1069737608908,16.8478332074144,41.106150407173736,16.839447730868756,0.9680292979901254,0.07446379215308657,1.1420244744219592,0.06520332429020556,17.0,26.0
4_206,1226715337#5,147036178,21,41.10734707485234,16.853676884182715,41.10746982861199,16.853767510732208,41.10357239370584,16.849347341324286,41.10397951428041,16.847630876135593,0.7089886757631534,0.03376136551253111,1.1420244744219592,0.029562733784334678,17.0,26.0
4_207,1226715337#5,173765024,15,41.10734707485234,16.853676884182715,41.10746982861199,16.853767510732208,41.107787793577664,16.858261368905033,41.10843939498842,16.85693747474272,0.6508389084365391,0.043389260562435944,1.1420244744219592,0.03799328432466179,17.0,26.0
4_208,1226715337#5,25817299#2,21,41.10734707485234,16.853676884182715,41.10746982861199,16.853767510732208,41.10357239370584,16.849347341324286,41.10403927028676,16.849306737173062,0.5456297822313514,0.0259823705824453,1.1420244744219592,0.022751150403844362,17.0,26.0
4_209,1226715337#5,30002087#1,15,41.10734707485234,16.853676884182715,41.10746982861199,16.853767510732208,41.107317336305385,16.858674438324883,41.10722590625396,16.85936114348573,0.6369896654091245,0.042465977693941635,1.1420244744219592,0.0371848227818725,17.0,26.0
4_210,1226715337#5,380822316#2-AddedOnRampEdge,8,41.10734707485234,16.853676884182715,41.10746982861199,16.853767510732208,41.106763993263314,16.853544489327305,41.10586575211826,16.853629734176355,0.8709435830665501,0.10886794788331876,1.1420244744219592,0.09532890960014036,17.0,26.0
4_211,1226715337#5,559495124#8,24,41.10734707485234,16.853676884182715,41.10746982861199,16.853767510732208,41.104058750589815,16.85390531064681,41.104854405575175,16.85383635754744,0.9336775744939168,0.03890323227057986,1.1420244744219592,0.03406514758825191,17.0,26.0
4_212,1226715337#5,794480007#1,19,41.10734707485234,16.853676884182715,41.10746982861199,16.853767510732208,41.104241848915706,16.852339159437378,41.10301262752712,16.852438574025896,0.66636640632776,0.03507191612251368,1.1420244744219592,0.03071030166867964,17.0,26.0
4_213,1226715337#5,96606445#0,37,41.10734707485234,16.853676884182715,41.10746982861199,16.853767510732208,41.1020049738588,16.856644941095766,41.10326561352771,16.856379181688784,0.9010767727066319,0.02435342628936843,1.1420244744219592,0.02132478491907542,17.0,26.0
4_214,1226715337#5,96606456#2,39,41.10734707485234,16.853676884182715,41.10746982861199,16.853767510732208,41.10326307854501,16.856240261410846,41.1020049738588,16.856644941095766,0.603839483600463,0.015483063682063154,1.1420244744219592,0.013557558553988063,17.0,26.0
4_215,129127808,1107330352#1,15,41.10861173431363,16.854213003321295,41.10792828313583,16.85357307374672,41.10568244199847,16.853647084802333,41.10501918430848,16.853716788029953,0.6625561816398509,0.04417041210932339,1.274367308532575,0.03466066008879756,18.0,0.0
4_216,129127808,1107330354#5,26,41.10861173431363,16.854213003321295,41.10792828313583,16.85357307374672,41.10567667985701,16.85350139992,41.10655366468042,16.85214501267212,0.5597674879770256,0.02152951876834714,1.274367308532575,0.016894280498405304,18.0,0.0
4_217,129127808,1159706696,3,41.10861173431363,16.854213003321295,41.10792828313583,16.85357307374672,41.10888943814199,16.85603017646436,41.10939348647096,16.855007437640243,0.5258829184690774,0.17529430615635913,1.274367308532575,0.13755398854213333,18.0,0.0
4_218,129127808,1167944482#6,12,41.10861173431363,16.854213003321295,41.10792828313583,16.85357307374672,41.10760995155661,16.857018182751133,41.107409312693626,16.8583053565791,0.5555110814711783,0.04629259012259819,1.274367308532575,0.03632593979196138,18.0,0.0
4_219,129127808,1226715337#1,4,41.10861173431363,16.854213003321295,41.10792828313583,16.85357307374672,41.1076655501806,16.853482677393657,41.1076459918036,16.85339947923006,0.7208416966852349,0.18021042417130873,1.274367308532575,0.14141168167505783,18.0,0.0
4_220,129127808,1226715337#3,8,41.10861173431363,16.854213003321295,41.10792828313583,16.85357307374672,41.10745802857694,16.853291775558137,41.1073338131884,16.85340951411772,0.8304492576773264,0.1038061572096658,1.274367308532575,0.08145701519069713,18.0,0.0
4_221,129127808,1226715337#5,11,41.10861173431363,16.854213003321295,41.10792828313583,16.85357307374672,41.10734707485234,16.853676884182715,41.10746982861199,16.853767510732208,0.8424127173186149,0.07658297430169227,1.274367308532575,0.0600948986912392,18.0,0.0
4_222,129127808,129127808-AddedOnRampEdge,4,41.10861173431363,16.854213003321295,41.10792828313583,16.85357307374672,41.10887945860232,16.855291051507262,41.10861173431363,16.854213003321295,0.9846111456418856,0.2461527864104714,1.274367308532575,0.19315685890743273,18.0,0.0
4_223,129127808,134810311#1,14,41.10861173431363,16.854213003321295,41.10792828313583,16.85357307374672,41.1069737608908,16.8478332074144,41.106150407173736,16.839447730868756,0.9191440233276924,0.06565314452340659,1.274367308532575,0.05151822718914983,18.0,0.0
4_224,129127808,147036178,22,41.10861173431363,16.854213003321295,41.10792828313583,16.85357307374672,41.10357239370584,16.849347341324286,41.10397951428041,16.847630876135593,0.5401723020810664,0.02455328645823029,1.274367308532575,0.01926704043161875,18.0,0.0
4_225,129127808,173765024,14,41.10861173431363,16.854213003321295,41.10792828313583,16.85357307374672,41.107787793577664,16.858261368905033,41.10843939498842,16.85693747474272,0.9346636764187229,0.06676169117276592,1.274367308532575,0.05238810720093059,18.0,0.0
4_226,129127808,25817299#2,22,41.10861173431363,16.854213003321295,41.10792828313583,16.85357307374672,41.10357239370584,16.849347341324286,41.10403927028676,16.849306737173062,0.888466644324005,0.040384847469272955,1.274367308532575,0.03169011571379356,18.0,0.0
4_227,129127808,30002087#1,14,41.10861173431363,16.854213003321295,41.10792828313583,16.85357307374672,41.107317336305385,16.858674438324883,41.10722590625396,16.85936114348573,0.5969474254743861,0.042639101819599005,1.274367308532575,0.03345903613040547,18.0,0.0
4_228,129127808,380822316#2-AddedOnRampEdge,13,41.10861173431363,16.854213003321295,41.10792828313583,16.85357307374672,41.106763993263314,16.853544489327305,41.10586575211826,16.853629734176355,0.691627838511263,0.053202141423943305,1.274367308532575,0.04174788623949024,18.0,0.0
4_229,129127808,559495124#8,29,41.10861173431363,16.854213003321295,41.10792828313583,16.85357307374672,41.104058750589815,16.85390531064681,41.104854405575175,16.85383635754744,0.6444799843048767,0.02222344773465092,1.274367308532575,0.01743880872167151,18.0,0.0
4_230,129127808,794480007#1,24,41.10861173431363,16.854213003321295,41.10792828313583,16.85357307374672,41.104241848915706,16.852339159437378,41.10301262752712,16.852438574025896,0.6735801757761366,0.028065840657339025,1.274367308532575,0.022023352662472677,18.0,0.0
4_231,129127808,96606445#0,36,41.10861173431363,16.854213003321295,41.10792828313583,16.85357307374672,41.1020049738588,16.856644941095766,41.10326561352771,16.856379181688784,0.6677423377856112,0.018548398271822534,1.274367308532575,0.014554985950778103,18.0,0.0
4_232,129127808,96606456#2,38,41.10861173431363,16.854213003321295,41.10792828313583,16.85357307374672,41.10326307854501,16.856240261410846,41.1020049738588,16.856644941095766,0.6952571105675815,0.01829623975177846,1.274367308532575,0.01435711637396478,18.0,0.0
4_233,129127808-AddedOnRampEdge,1107330352#1,16,41.10887945860232,16.855291051507262,41.10861173431363,16.854213003321295,41.10568244199847,16.853647084802333,41.10501918430848,16.853716788029953,0.5375928170486237,0.03359955106553898,1.0304121444781513,0.03260787564043644,17.0,26.0
4_234,129127808-AddedOnRampEdge,1107330354#5,27,41.10887945860232,16.855291051507262,41.10861173431363,16.854213003321295,41.10567667985701,16.85350139992,41.10655366468042,16.85214501267212,0.9158766579408496,0.033921357701512944,1.0304121444781513,0.03292018430032412,17.0,26.0
4_235,129127808-AddedOnRampEdge,1159706696,4,41.10887945860232,16.855291051507262,41.10861173431363,16.854213003321295,41.10888943814199,16.85603017646436,41.10939348647096,16.855007437640243,0.9603406451266656,0.2400851612816664,1.0304121444781513,0.2329991572481482,17.0,26.0
4_236,129127808-AddedOnRampEdge,1167944482#6,13,41.10887945860232,16.855291051507262,41.10861173431363,16.854213003321295,41.10760995155661,16.857018182751133,41.107409312693626,16.8583053565791,0.7526946024335763,0.057899584802582796,1.0304121444781513,0.05619070496486223,17.0,26.0
4_237,129127808-AddedOnRampEdge,1226715337#1,5,41.10887945860232,16.855291051507262,41.10861173431363,16.854213003321295,41.1076655501806,16.853482677393657,41.1076459918036,16.85339947923006,0.7573808895324099,0.151476177906482,1.0304121444781513,0.1470054276031428,17.0,26.0
4_238,129127808-AddedOnRampEdge,1226715337#3,9,41.10887945860232,16.855291051507262,41.10861173431363,16.854213003321295,41.10745802857694,16.853291775558137,41.1073338131884,16.85340951411772,0.5760698855567339,0.06400776506185932,1.0304121444781513,0.06211860506969843,17.0,26.0
4_239,129127808-AddedOnRampEdge,1226715337#5,12,41.10887945860232,16.855291051507262,41.10861173431363,16.854213003321295,41.10734707485234,16.853676884182715,41.10746982861199,16.853767510732208,0.9284238372289342,0.07736865310241117,1.0304121444781513,0.07508515259357144,17.0,26.0
4_240,129127808-AddedOnRampEdge,134810311#1,15,41.10887945860232,16.855291051507262,41.10861173431363,16.854213003321295,41.1069737608908,16.8478332074144,41.106150407173736,16.839447730868756,0.5421900985618266,0.036146006570788446,1.0304121444781513,0.03507917367287482,17.0,26.0
4_241,129127808-AddedOnRampEdge,147036178,23,41.10887945860232,16.855291051507262,41.10861173431363,16.854213003321295,41.10357239370584,16.849347341324286,41.10397951428041,16.847630876135593,0.5104146616191203,0.02219194180952697,1.0304121444781513,0.02153695676865882,17.0,26.0
4_242,129127808-AddedOnRampEdge,173765024,15,41.10887945860232,16.855291051507262,41.10861173431363,16.854213003321295,41.107787793577664,16.858261368905033,41.10843939498842,16.85693747474272,0.932852759634166,0.06219018397561107,1.0304121444781513,0.06035466906022063,17.0,26.0
4_243,129127808-AddedOnRampEdge,25817299#2,23,41.10887945860232,16.855291051507262,41.10861173431363,16.854213003321295,41.10357239370584,16.849347341324286,41.10403927028676,16.849306737173062,0.9811040117436767,0.04265669616276855,1.0304121444781513,0.04139770323104246,17.0,26.0
4_244,129127808-AddedOnRampEdge,30002087#1,15,41.10887945860232,16.855291051507262,41.10861173431363,16.854213003321295,41.107317336305385,16.858674438324883,41.10722590625396,16.85936114348573,0.9806879084553681,0.06537919389702454,1.0304121444781513,0.06344955680829598,17.0,26.0
4_245,129127808-AddedOnRampEdge,380822316#2-AddedOnRampEdge,14,41.10887945860232,16.855291051507262,41.10861173431363,16.854213003321295,41.106763993263314,16.853544489327305,41.10586575211826,16.853629734176355,0.8535620094297568,0.06096871495926834,1.0304121444781513,0.05916925114478899,17.0,26.0
4_246,129127808-AddedOnRampEdge,559495124#8,30,41.10887945860232,16.855291051507262,41.10861173431363,16.854213003321295,41.104058750589815,16.85390531064681,41.104854405575175,16.85383635754744,0.6009206998298179,0.020030689994327264,1.0304121444781513,0.01943949331504797,17.0,26.0
4_247,129127808-AddedOnRampEdge,794480007#1,25,41.10887945860232,16.855291051507262,41.10861173431363,16.854213003321295,41.104241848915706,16.852339159437378,41.10301262752712,16.852438574025896,0.6226606359891713,0.024906425439566855,1.0304121444781513,0.024171323652421264,17.0,26.0
4_248,129127808-AddedOnRampEdge,96606445#0,37,41.10887945860232,16.855291051507262,41.10861173431363,16.854213003321295,41.1020049738588,16.856644941095766,41.10326561352771,16.856379181688784,0.7725108979087447,0.02087867291645256,1.0304121444781513,0.02026244840798775,17.0,26.0
4_249,129127808-AddedOnRampEdge,96606456#2,39,41.10887945860232,16.855291051507262,41.10861173431363,16.854213003321295,41.10326307854501,16.856240261410846,41.1020049738588,16.856644941095766,0.6515093453997641,0.016705367830763183,1.0304121444781513,0.01621231651847772,17.0,26.0
4_250,173765024,1107330352#1,20,41.107787793577664,16.858261368905033,41.10843939498842,16.85693747474272,41.10568244199847,16.853647084802333,41.10501918430848,16.853716788029953,0.8593486428914017,0.042967432144570085,0.8133099227007013,0.05283033065905693,17.0,26.0
4_251,173765024,1107330354#5,31,41.107787793577664,16.858261368905033,41.10843939498842,16.85693747474272,41.10567667985701,16.85350139992,41.10655366468042,16.85214501267212,0.5863853149406104,0.018915655320664852,0.8133099227007013,0.023257622700400556,17.0,26.0
4_252,173765024,1159706696,4,41.107787793577664,16.858261368905033,41.10843939498842,16.85693747474272,41.10888943814199,16.85603017646436,41.10939348647096,16.855007437640243,0.5364165127306344,0.1341041281826586,0.8133099227007013,0.16488687084666126,17.0,26.0
4_253,173765024,1167944482#6,17,41.107787793577664,16.858261368905033,41.10843939498842,16.85693747474272,41.10760995155661,16.857018182751133,41.107409312693626,16.8583053565791,0.9804543129344069,0.05767378311378864,0.8133099227007013,0.07091243018685342,17.0,26.0
4_254,173765024,1226715337#1,9,41.107787793577664,16.858261368905033,41.10843939498842,16.85693747474272,41.1076655501806,16.853482677393657,41.1076459918036,16.85339947923006,0.7370904657396723,0.08189894063774136,0.8133099227007013,0.1006983172734267,17.0,26.0
4_255,173765024,1226715337#3,13,41.107787793577664,16.858261368905033,41.10843939498842,16.85693747474272,41.10745802857694,16.853291775558137,41.1073338131884,16.85340951411772,0.6085248273920318,0.04680960210707937,0.8133099227007013,0.05755444609804095,17.0,26.0
4_256,173765024,1226715337#5,16,41.107787793577664,16.858261368905033,41.10843939498842,16.85693747474272,41.10734707485234,16.853676884182715,41.10746982861199,16.853767510732208,0.7759874827307134,0.04849921767066959,0.8133099227007013,0.0596319020793717,17.0,26.0
4_257,173765024,129127808-AddedOnRampEdge,5,41.107787793577664,16.858261368905033,41.10843939498842,16.85693747474272,41.10887945860232,16.855291051507262,41.10861173431363,16.854213003321295,0.717870479589985,0.143574095917997,0.8133099227007013,0.1765306089482353,17.0,26.0
4_258,173765024,134810311#1,19,41.107787793577664,16.858261368905033,41.10843939498842,16.85693747474272,41.1069737608908,16.8478332074144,41.106150407173736,16.839447730868756,0.6347086811974372,0.03340572006302301,0.8133099227007013,0.04107378888492467,17.0,26.0
4_259,173765024,147036178,27,41.107787793577664,16.858261368905033,41.10843939498842,16.85693747474272,41.10357239370584,16.849347341324286,41.10397951428041,16.847630876135593,0.5694454559597087,0.021090572442952173,0.8133099227007013,0.02593177810116737,17.0,26.0
4_260,173765024,25817299#2,27,41.107787793577664,16.858261368905033,41.10843939498842,16.85693747474272,41.10357239370584,16.849347341324286,41.10403927028676,16.849306737173062,0.642966007992788,0.02381355585158474,0.8133099227007013,0.02927980488976297,17.0,26.0
4_261,173765024,30002087#1,19,41.107787793577664,16.858261368905033,41.10843939498842,16.85693747474272,41.107317336305385,16.858674438324883,41.10722590625396,16.85936114348573,0.5835027314172984,0.03071067007459465,0.8133099227007013,0.037760107454014424,17.0,26.0
4_262,173765024,380822316#2-AddedOnRampEdge,18,41.107787793577664,16.858261368905033,41.10843939498842,16.85693747474272,41.106763993263314,16.853544489327305,41.10586575211826,16.853629734176355,0.8429634652851372,0.046831303626952064,0.8133099227007013,0.05758112906263658,17.0,26.0
4_263,173765024,559495124#8,34,41.107787793577664,16.858261368905033,41.10843939498842,16.85693747474272,41.104058750589815,16.85390531064681,41.104854405575175,16.85383635754744,0.8294861647983177,0.024396651905832872,0.8133099227007013,0.029996746904083767,17.0,26.0
4_264,173765024,794480007#1,29,41.107787793577664,16.858261368905033,41.10843939498842,16.85693747474272,41.104241848915706,16.852339159437378,41.10301262752712,16.852438574025896,0.6194838000119764,0.021361510345240566,0.8133099227007013,0.026264908061501197,17.0,26.0
4_265,173765024,96606445#0,41,41.107787793577664,16.858261368905033,41.10843939498842,16.85693747474272,41.1020049738588,16.856644941095766,41.10326561352771,16.856379181688784,0.5811894919456975,0.014175353462090182,0.8133099227007013,0.017429214947998026,17.0,26.0
4_266,173765024,96606456#2,43,41.107787793577664,16.858261368905033,41.10843939498842,16.85693747474272,41.10326307854501,16.856240261410846,41.1020049738588,16.856644941095766,0.9925143828302472,0.023081729833261563,0.8133099227007013,0.02837999290186412,17.0,26.0
4_267,25655060#1,1107330352#1,26,41.10679992960913,16.859769383616342,41.105821127504925,16.85921492163669,41.10568244199847,16.853647084802333,41.10501918430848,16.853716788029953,0.6712613676180974,0.025817744908388365,0.6273586746422972,0.041153085072281714,18.0,0.0
4_268,25655060#1,1107330354#5,37,41.10679992960913,16.859769383616342,41.105821127504925,16.85921492163669,41.10567667985701,16.85350139992,41.10655366468042,16.85214501267212,0.8356727047609271,0.022585748777322355,0.6273586746422972,0.036001333352408224,18.0,0.0
4_269,25655060#1,1159706696,17,41.10679992960913,16.859769383616342,41.105821127504925,16.85921492163669,41.10888943814199,16.85603017646436,41.10939348647096,16.855007437640243,0.793732183601481,0.04669012844714594,0.6273586746422972,0.07442334080064705,18.0,0.0
4_270,25655060#1,1167944482#6,15,41.10679992960913,16.859769383616342,41.105821127504925,16.85921492163669,41.10760995155661,16.857018182751133,41.107409312693626,16.8583053565791,0.6612648827496865,0.04408432551664577,0.6273586746422972,0.0702697313331667,18.0,0.0
4_271,25655060#1,1226715337#1,24,41.10679992960913,16.859769383616342,41.105821127504925,16.85921492163669,41.1076655501806,16.853482677393657,41.1076459918036,16.85339947923006,0.7002379303516238,0.02917658043131766,0.6273586746422972,0.0465070168161034,18.0,0.0
4_272,25655060#1,1226715337#3,28,41.10679992960913,16.859769383616342,41.105821127504925,16.85921492163669,41.10745802857694,16.853291775558137,41.1073338131884,16.85340951411772,0.8741161287501973,0.031218433169649902,0.6273586746422972,0.04976169842148082,18.0,0.0
4_273,25655060#1,1226715337#5,22,41.10679992960913,16.859769383616342,41.105821127504925,16.85921492163669,41.10734707485234,16.853676884182715,41.10746982861199,16.853767510732208,0.6370105407747635,0.02895502458067107,0.6273586746422972,0.04615386022546103,18.0,0.0
4_274,25655060#1,129127808-AddedOnRampEdge,18,41.10679992960913,16.859769383616342,41.105821127504925,16.85921492163669,41.10887945860232,16.855291051507262,41.10861173431363,16.854213003321295,0.9801517865551578,0.054452877030842096,0.6273586746422972,0.08679704167937048,18.0,0.0
4_275,25655060#1,134810311#1,34,41.10679992960913,16.859769383616342,41.105821127504925,16.85921492163669,41.1069737608908,16.8478332074144,41.106150407173736,16.839447730868756,0.9492260118007296,0.027918412111786164,0.6273586746422972,0.044501516023038146,18.0,0.0
4_276,25655060#1,147036178,42,41.10679992960913,16.859769383616342,41.105821127504925,16.85921492163669,41.10357239370584,16.849347341324286,41.10397951428041,16.847630876135593,0.5713795862812289,0.013604275863838782,0.6273586746422972,0.021685004788681003,18.0,0.0
4_277,25655060#1,173765024,14,41.10679992960913,16.859769383616342,41.105821127504925,16.85921492163669,41.107787793577664,16.858261368905033,41.10843939498842,16.85693747474272,0.8508200250316708,0.060772858930833625,0.6273586746422972,0.09687099483478832,18.0,0.0
4_278,25655060#1,25817299#2,42,41.10679992960913,16.859769383616342,41.105821127504925,16.85921492163669,41.10357239370584,16.849347341324286,41.10403927028676,16.849306737173062,0.8216554480244881,0.019563224952964,0.6273586746422972,0.031183477241497323,18.0,0.0
4_279,25655060#1,30002087#1,14,41.10679992960913,16.859769383616342,41.105821127504925,16.85921492163669,41.107317336305385,16.858674438324883,41.10722590625396,16.85936114348573,0.8064480785740828,0.05760343418386306,0.6273586746422972,0.09181898093097535,18.0,0.0
4_280,25655060#1,380822316#2-AddedOnRampEdge,24,41.10679992960913,16.859769383616342,41.105821127504925,16.85921492163669,41.106763993263314,16.853544489327305,41.10586575211826,16.853629734176355,0.5208460712798991,0.021701919636662462,0.6273586746422972,0.034592523406225796,18.0,0.0
4_281,25655060#1,559495124#8,32,41.10679992960913,16.859769383616342,41.105821127504925,16.85921492163669,41.104058750589815,16.85390531064681,41.104854405575175,16.85383635754744,0.501307711806833,0.01566586599396353,0.6273586746422972,0.02497114749054164,18.0,0.0
4_282,25655060#1,794480007#1,35,41.10679992960913,16.859769383616342,41.105821127504925,16.85921492163669,41.104241848915706,16.852339159437378,41.10301262752712,16.852438574025896,0.7135620658361626,0.02038748759531893,0.6273586746422972,0.03249733911297762,18.0,0.0
4_283,25655060#1,96606445#0,12,41.10679992960913,16.859769383616342,41.105821127504925,16.85921492163669,41.1020049738588,16.856644941095766,41.10326561352771,16.856379181688784,0.6909299552949661,0.05757749627458051,0.6273586746422972,0.09177763630575385,18.0,0.0
4_284,25655060#1,96606456#2,14,41.10679992960913,16.859769383616342,41.105821127504925,16.85921492163669,41.10326307854501,16.856240261410846,41.1020049738588,16.856644941095766,0.6941597073110416,0.04958283623650297,0.6273586746422972,0.07903427216460145,18.0,0.0
4_285,25655060#2,1107330352#1,25,41.105821127504925,16.85921492163669,41.10576336021789,16.859183282082483,41.10568244199847,16.853647084802333,41.10501918430848,16.853716788029953,0.5366333394274945,0.02146533357709978,0.6542192615519237,0.03281061081292565,18.0,0.0
4_286,25655060#2,1107330354#5,36,41.105821127504925,16.85921492163669,41.10576336021789,16.859183282082483,41.10567667985701,16.85350139992,41.10655366468042,16.85214501267212,0.9895866040876753,0.0274885167802132,0.6542192615519237,0.04201728441165976,18.0,0.0
4_287,25655060#2,1159706696,16,41.105821127504925,16.85921492163669,41.10576336021789,16.859183282082483,41.10888943814199,16.85603017646436,41.10939348647096,16.855007437640243,0.5331902807250919,0.03332439254531824,0.6542192615519237,0.05093765118787071,18.0,0.0
4_288,25655060#2,1167944482#6,14,41.105821127504925,16.85921492163669,41.10576336021789,16.859183282082483,41.10760995155661,16.857018182751133,41.107409312693626,16.8583053565791,0.7825537333150725,0.05589669523679089,0.6542192615519237,0.08544030804625662,18.0,0.0
4_289,25655060#2,1226715337#1,23,41.105821127504925,16.85921492163669,41.10576336021789,16.859183282082483,41.1076655501806,16.853482677393657,41.1076459918036,16.85339947923006,0.5882509196134733,0.02557612693971623,0.6542192615519237,0.039094120951200885,18.0,0.0
4_290,25655060#2,1226715337#3,27,41.105821127504925,16.85921492163669,41.10576336021789,16.859183282082483,41.10745802857694,16.853291775558137,41.1073338131884,16.85340951411772,0.7847644388530787,0.02906534958715106,0.6542192615519237,0.044427535683071936,18.0,0.0
4_291,25655060#2,1226715337#5,21,41.105821127504925,16.85921492163669,41.10576336021789,16.859183282082483,41.10734707485234,16.853676884182715,41.10746982861199,16.853767510732208,0.873433706047089,0.04159208124033757,0.6542192615519237,0.06357514014746952,18.0,0.0
4_292,25655060#2,129127808-AddedOnRampEdge,17,41.105821127504925,16.85921492163669,41.10576336021789,16.859183282082483,41.10887945860232,16.855291051507262,41.10861173431363,16.854213003321295,0.7483869594115042,0.04402276231832378,0.6542192615519237,0.06729053225044766,18.0,0.0
4_293,25655060#2,134810311#1,33,41.105821127504925,16.85921492163669,41.10576336021789,16.859183282082483,41.1069737608908,16.8478332074144,41.106150407173736,16.839447730868756,0.670471168390903,0.020317308133057668,0.6542192615519237,0.031055808544770486,18.0,0.0
4_294,25655060#2,147036178,41,41.105821127504925,16.85921492163669,41.10576336021789,16.859183282082483,41.10357239370584,16.849347341324286,41.10397951428041,16.847630876135593,0.8686531723763784,0.02118666274088728,0.6542192615519237,0.0323846514250112,18.0,0.0
4_295,25655060#2,173765024,13,41.105821127504925,16.85921492163669,41.10576336021789,16.859183282082483,41.107787793577664,16.858261368905033,41.10843939498842,16.85693747474272,0.8768225466473003,0.06744788820363849,0.6542192615519237,0.10309676306937247,18.0,0.0
4_296,25655060#2,25817299#2,41,41.105821127504925,16.85921492163669,41.10576336021789,16.859183282082483,41.10357239370584,16.849347341324286,41.10403927028676,16.849306737173062,0.5901167666258735,0.014393091868923746,0.6542192615519237,0.02200040982404093,18.0,0.0
4_297,25655060#2,30002087#1,13,41.105821127504925,16.85921492163669,41.10576336021789,16.859183282082483,41.107317336305385,16.858674438324883,41.10722590625396,16.85936114348573,0.5229884062472531,0.04022987740363485,0.6542192615519237,0.06149295774050198,18.0,0.0
4_298,25655060#2,380822316#2-AddedOnRampEdge,23,41.105821127504925,16.85921492163669,41.10576336021789,16.859183282082483,41.106763993263314,16.853544489327305,41.10586575211826,16.853629734176355,0.7049890304574904,0.030651696976412623,0.6542192615519237,0.04685233036963996,18.0,0.0
4_299,25655060#2,559495124#8,31,41.105821127504925,16.85921492163669,41.10576336021789,16.859183282082483,41.104058750589815,16.85390531064681,41.104854405575175,16.85383635754744,0.6477234402946321,0.020894304525633293,0.6542192615519237,0.0319377703372235,18.0,0.0
4_300,25655060#2,794480007#1,34,41.105821127504925,16.85921492163669,41.10576336021789,16.859183282082483,41.104241848915706,16.852339159437378,41.10301262752712,16.852438574025896,0.9157917277169197,0.02693505081520352,0.6542192615519237,0.04117128980780667,18.0,0.0
4_301,25655060#2,96606445#0,11,41.105821127504925,16.85921492163669,41.10576336021789,16.859183282082483,41.1020049738588,16.856644941095766,41.10326561352771,16.856379181688784,0.8298579378920172,0.07544163071745612,0.6542192615519237,0.1153155144629879,18.0,0.0
4_302,25655060#2,96606456#2,13,41.105821127504925,16.85921492163669,41.10576336021789,16.859183282082483,41.10326307854501,16.856240261410846,41.1020049738588,16.856644941095766,0.7577763952476296,0.05829049194212536,0.6542192615519237,0.0890993209277422,18.0,0.0
4_303,380822316#2,1107330352#1,2,41.10586575211826,16.853629734176355,41.10568244199847,16.853647084802333,41.10568244199847,16.853647084802333,41.10501918430848,16.853716788029953,0.9816104566912613,0.4908052283456307,1.3727937845877785,0.357522909744969,18.0,0.0
4_304,380822316#2,1107330354#5,13,41.10586575211826,16.853629734176355,41.10568244199847,16.853647084802333,41.10567667985701,16.85350139992,41.10655366468042,16.85214501267212,0.8566879004897401,0.06589906926844155,1.3727937845877785,0.04800361861212074,18.0,0.0
4_305,380822316#2,1159706696,12,41.10586575211826,16.853629734176355,41.10568244199847,16.853647084802333,41.10888943814199,16.85603017646436,41.10939348647096,16.855007437640243,0.7672949693048952,0.06394124744207459,1.3727937845877785,0.04657745989232813,18.0,0.0
4_306,380822316#2,1167944482#6,19,41.10586575211826,16.853629734176355,41.10568244199847,16.853647084802333,41.10760995155661,16.857018182751133,41.107409312693626,16.8583053565791,0.5974325585861431,0.031443818872954894,1.3727937845877785,0.022904983418465013,18.0,0.0
4_307,380822316#2,1226715337#1,9,41.10586575211826,16.853629734176355,41.10568244199847,16.853647084802333,41.1076655501806,16.853482677393657,41.1076459918036,16.85339947923006,0.779437324782424,0.08660414719804711,1.3727937845877785,0.06308605718524035,18.0,0.0
4_308,380822316#2,1226715337#3,12,41.10586575211826,16.853629734176355,41.10568244199847,16.853647084802333,41.10745802857694,16.853291775558137,41.1073338131884,16.85340951411772,0.7259092511651,0.060492437597091664,1.3727937845877785,0.044065203584277804,18.0,0.0
4_309,380822316#2,1226715337#5,7,41.10586575211826,16.853629734176355,41.10568244199847,16.853647084802333,41.10734707485234,16.853676884182715,41.10746982861199,16.853767510732208,0.9815395370162677,0.14021993385946682,1.3727937845877785,0.10214202266480392,18.0,0.0
4_310,380822316#2,129127808-AddedOnRampEdge,13,41.10586575211826,16.853629734176355,41.10568244199847,16.853647084802333,41.10887945860232,16.855291051507262,41.10861173431363,16.854213003321295,0.753103815301893,0.05793106271553023,1.3727937845877785,0.042199391755642114,18.0,0.0
4_311,380822316#2,134810311#1,16,41.10586575211826,16.853629734176355,41.10568244199847,16.853647084802333,41.1069737608908,16.8478332074144,41.106150407173736,16.839447730868756,0.5703138275452003,0.03564461422157502,1.3727937845877785,0.025965017194682565,18.0,0.0
4_312,380822316#2,147036178,24,41.10586575211826,16.853629734176355,41.10568244199847,16.853647084802333,41.10357239370584,16.849347341324286,41.10397951428041,16.847630876135593,0.6605261276655288,0.027521921986063697,1.3727937845877785,0.020048110863444768,18.0,0.0
4_313,380822316#2,173765024,21,41.10586575211826,16.853629734176355,41.10568244199847,16.853647084802333,41.107787793577664,16.858261368905033,41.10843939498842,16.85693747474272,0.5478970956147675,0.0260903378864175,1.3727937845877785,0.01900528555660083,18.0,0.0
4_314,380822316#2,25817299#2,24,41.10586575211826,16.853629734176355,41.10568244199847,16.853647084802333,41.10357239370584,16.849347341324286,41.10403927028676,16.849306737173062,0.5181352197524847,0.02158896748968686,1.3727937845877785,0.015726300433513096,18.0,0.0
4_315,380822316#2,30002087#1,21,41.10586575211826,16.853629734176355,41.10568244199847,16.853647084802333,41.107317336305385,16.858674438324883,41.10722590625396,16.85936114348573,0.8151181387465085,0.03881514946411945,1.3727937845877785,0.02827456672654942,18.0,0.0
4_316,380822316#2,380822316#2-AddedOnRampEdge,9,41.10586575211826,16.853629734176355,41.10568244199847,16.853647084802333,41.106763993263314,16.853544489327305,41.10586575211826,16.853629734176355,0.5271727309281413,0.05857474788090459,1.3727937845877785,0.04266827876008586,18.0,0.0
4_317,380822316#2,559495124#8,16,41.10586575211826,16.853629734176355,41.10568244199847,16.853647084802333,41.104058750589815,16.85390531064681,41.104854405575175,16.85383635754744,0.7811279210458555,0.04882049506536597,1.3727937845877785,0.03556287594937338,18.0,0.0
4_318,380822316#2,794480007#1,11,41.10586575211826,16.853629734176355,41.10568244199847,16.853647084802333,41.104241848915706,16.852339159437378,41.10301262752712,16.852438574025896,0.8175661086599193,0.0743241916963563,1.3727937845877785,0.05414082765436931,18.0,0.0
4_319,380822316#2,96606445#0,36,41.10586575211826,16.853629734176355,41.10568244199847,16.853647084802333,41.1020049738588,16.856644941095766,41.10326561352771,16.856379181688784,0.7163015910451175,0.019897266417919928,1.3727937845877785,0.014493995122431783,18.0,0.0
4_320,380822316#2,96606456#2,38,41.10586575211826,16.853629734176355,41.10568244199847,16.853647084802333,41.10326307854501,16.856240261410846,41.1020049738588,16.856644941095766,0.9188075928449982,0.024179147180131533,1.3727937845877785,0.01761309488110192,18.0,0.0
4_321,380822316#2-AddedOnRampEdge,1107330352#1,3,41.106763993263314,16.853544489327305,41.10586575211826,16.853629734176355,41.10568244199847,16.853647084802333,41.10501918430848,16.853716788029953,0.948690390643329,0.316230130214443,1.080404330641538,0.2926960964944183,17.0,26.0
4_322,380822316#2-AddedOnRampEdge,1107330354#5,14,41.106763993263314,16.853544489327305,41.10586575211826,16.853629734176355,41.10567667985701,16.85350139992,41.10655366468042,16.85214501267212,0.6517564130458613,0.04655402950327581,1.080404330641538,0.04308945103508821,17.0,26.0
4_323,380822316#2-AddedOnRampEdge,1159706696,13,41.106763993263314,16.853544489327305,41.10586575211826,16.853629734176355,41.10888943814199,16.85603017646436,41.10939348647096,16.855007437640243,0.6317768645912623,0.04859822035317402,1.080404330641538,0.04498151199034594,17.0,26.0
4_324,380822316#2-AddedOnRampEdge,1167944482#6,20,41.106763993263314,16.853544489327305,41.10586575211826,16.853629734176355,41.10760995155661,16.857018182751133,41.107409312693626,16.8583053565791,0.8537278523774186,0.04268639261887093,1.080404330641538,0.039509645979967506,17.0,26.0
4_325,380822316#2-AddedOnRampEdge,1226715337#1,10,41.106763993263314,16.853544489327305,41.10586575211826,16.853629734176355,41.1076655501806,16.853482677393657,41.1076459918036,16.85339947923006,0.9350118902243479,0.0935011890224348,1.080404330641538,0.08654277511726959,17.0,26.0
4_326,380822316#2-AddedOnRampEdge,1226715337#3,13,41.106763993263314,16.853544489327305,41.10586575211826,16.853629734176355,41.10745802857694,16.853291775558137,41.1073338131884,16.85340951411772,0.637552137216856,0.04904247209360431,1.080404330641538,0.04539270225294558,17.0,26.0
4_327,380822316#2-AddedOnRampEdge,1226715337#5,8,41.106763993263314,16.853544489327305,41.10586575211826,16.853629734176355,41.10734707485234,16.853676884182715,41.10746982861199,16.853767510732208,0.8893521018636447,0.11116901273295558,1.080404330641538,0.1028957489155417,17.0,26.0
4_328,380822316#2-AddedOnRampEdge,129127808-AddedOnRampEdge,14,41.106763993263314,16.853544489327305,41.10586575211826,16.853629734176355,41.10887945860232,16.855291051507262,41.10861173431363,16.854213003321295,0.720116539436977,0.05143689567406978,1.080404330641538,0.04760893141137896,17.0,26.0
4_329,380822316#2-AddedOnRampEdge,134810311#1,17,41.106763993263314,16.853544489327305,41.10586575211826,16.853629734176355,41.1069737608908,16.8478332074144,41.106150407173736,16.839447730868756,0.9476569348507315,0.05574452557945479,1.080404330641538,0.05159598494607478,17.0,26.0
4_330,380822316#2-AddedOnRampEdge,147036178,25,41.106763993263314,16.853544489327305,41.10586575211826,16.853629734176355,41.10357239370584,16.849347341324286,41.10397951428041,16.847630876135593,0.7444287832232905,0.029777151328931623,1.080404330641538,0.027561118078127396,17.0,26.0
4_331,380822316#2-AddedOnRampEdge,173765024,22,41.106763993263314,16.853544489327305,41.10586575211826,16.853629734176355,41.107787793577664,16.858261368905033,41.10843939498842,16.85693747474272,0.8920211548347962,0.04054641612885437,1.080404330641538,0.03752892780870115,17.0,26.0
4_332,380822316#2-AddedOnRampEdge,25817299#2,25,41.106763993263314,16.853544489327305,41.10586575211826,16.853629734176355,41.10357239370584,16.849347341324286,41.10403927028676,16.849306737173062,0.5941918735395617,0.023767674941582467,1.080404330641538,0.021998870485338905,17.0,26.0
4_333,380822316#2-AddedOnRampEdge,30002087#1,22,41.106763993263314,16.853544489327305,41.10586575211826,16.853629734176355,41.107317336305385,16.858674438324883,41.10722590625396,16.85936114348573,0.524826557734643,0.023855752624301958,1.080404330641538,0.022080393374706804,17.0,26.0
4_334,380822316#2-AddedOnRampEdge,559495124#8,17,41.106763993263314,16.853544489327305,41.10586575211826,16.853629734176355,41.104058750589815,16.85390531064681,41.104854405575175,16.85383635754744,0.5987728926938973,0.0352219348643469,1.080404330641538,0.03260069759571615,17.0,26.0
4_335,380822316#2-AddedOnRampEdge,794480007#1,12,41.106763993263314,16.853544489327305,41.10586575211826,16.853629734176355,41.104241848915706,16.852339159437378,41.10301262752712,16.852438574025896,0.9033854159375101,0.07528211799479251,1.080404330641538,0.0696795781539402,17.0,26.0
4_336,380822316#2-AddedOnRampEdge,96606445#0,37,41.106763993263314,16.853544489327305,41.10586575211826,16.853629734176355,41.1020049738588,16.856644941095766,41.10326561352771,16.856379181688784,0.6483712522028853,0.01752354735683474,1.080404330641538,0.01621943457633991,17.0,26.0
4_337,380822316#2-AddedOnRampEdge,96606456#2,39,41.106763993263314,16.853544489327305,41.10586575211826,16.853629734176355,41.10326307854501,16.856240261410846,41.1020049738588,16.856644941095766,0.7592078367748064,0.01946686760961042,1.080404330641538,0.018018131784098924,17.0,26.0
4_338,53536452#0,-53536452#0,4,41.10979077432872,16.853185183708174,41.10890060054974,16.852802632812487,41.10890060054974,16.852802632812487,41.10979077432872,16.853185183708174,0.5993355737480818,0.14983389343702044,0.46499599480091725,0.3222262021873331,2.0,0.0
4_339,53536452#0,53536452#2,3,41.10979077432872,16.853185183708174,41.10890060054974,16.852802632812487,41.1085181369716,16.852595973139756,41.10793823745877,16.85223204480039,0.9454863040916905,0.31516210136389683,0.46499599480091725,0.677773797812667,2.0,0.0
4_340,559495124#11,1107330352#1,8,41.10502248473445,16.853825128746262,41.10568933231134,16.853756242114603,41.10568244199847,16.853647084802333,41.10501918430848,16.853716788029953,0.8978818260973915,0.11223522826217394,1.236535026350076,0.09076591109065678,18.0,0.0
4_341,559495124#11,1107330354#5,19,41.10502248473445,16.853825128746262,41.10568933231134,16.853756242114603,41.10567667985701,16.85350139992,41.10655366468042,16.85214501267212,0.8606228593334346,0.04529593996491761,1.236535026350076,0.03663134403771742,18.0,0.0
4_342,559495124#11,1159706696,9,41.10502248473445,16.853825128746262,41.10568933231134,16.853756242114603,41.10888943814199,16.85603017646436,41.10939348647096,16.855007437640243,0.8616542620458216,0.09573936244953574,1.236535026350076,0.07742551598569188,18.0,0.0
4_343,559495124#11,1167944482#6,16,41.10502248473445,16.853825128746262,41.10568933231134,16.853756242114603,41.10760995155661,16.857018182751133,41.107409312693626,16.8583053565791,0.733887263048125,0.045867953940507813,1.236535026350076,0.037093938273546415,18.0,0.0
4_344,559495124#11,1226715337#1,6,41.10502248473445,16.853825128746262,41.10568933231134,16.853756242114603,41.1076655501806,16.853482677393657,41.1076459918036,16.85339947923006,0.8753160836644651,0.14588601394407752,1.236535026350076,0.11797968584415632,18.0,0.0
4_345,559495124#11,1226715337#3,9,41.10502248473445,16.853825128746262,41.10568933231134,16.853756242114603,41.10745802857694,16.853291775558137,41.1073338131884,16.85340951411772,0.523098830513941,0.05812209227932678,1.236535026350076,0.04700399991974979,18.0,0.0
4_346,559495124#11,1226715337#5,4,41.10502248473445,16.853825128746262,41.10568933231134,16.853756242114603,41.10734707485234,16.853676884182715,41.10746982861199,16.853767510732208,0.7516094454415294,0.18790236136038235,1.236535026350076,0.1519587859270112,18.0,0.0
4_347,559495124#11,129127808-AddedOnRampEdge,10,41.10502248473445,16.853825128746262,41.10568933231134,16.853756242114603,41.10887945860232,16.855291051507262,41.10861173431363,16.854213003321295,0.9949224580035161,0.09949224580035161,1.236535026350076,0.08046051561841024,18.0,0.0
4_348,559495124#11,134810311#1,13,41.10502248473445,16.853825128746262,41.10568933231134,16.853756242114603,41.1069737608908,16.8478332074144,41.106150407173736,16.839447730868756,0.8613260084494847,0.06625584680380651,1.236535026350076,0.05358186011064824,18.0,0.0
4_349,559495124#11,147036178,21,41.10502248473445,16.853825128746262,41.10568933231134,16.853756242114603,41.10357239370584,16.849347341324286,41.10397951428041,16.847630876135593,0.6992790694809238,0.03329900330861542,1.236535026350076,0.026929284330024405,18.0,0.0
4_350,559495124#11,173765024,18,41.10502248473445,16.853825128746262,41.10568933231134,16.853756242114603,41.107787793577664,16.858261368905033,41.10843939498842,16.85693747474272,0.589727208183831,0.032762622676879495,1.236535026350076,0.02649550718638847,18.0,0.0
4_351,559495124#11,25817299#2,21,41.10502248473445,16.853825128746262,41.10568933231134,16.853756242114603,41.10357239370584,16.849347341324286,41.10403927028676,16.849306737173062,0.5955845263302358,0.02836116792048742,1.236535026350076,0.022936000449742273,18.0,0.0
4_352,559495124#11,30002087#1,18,41.10502248473445,16.853825128746262,41.10568933231134,16.853756242114603,41.107317336305385,16.858674438324883,41.10722590625396,16.85936114348573,0.5825303506571984,0.03236279725873324,1.236535026350076,0.026172163803769997,18.0,0.0
4_353,559495124#11,380822316#2-AddedOnRampEdge,6,41.10502248473445,16.853825128746262,41.10568933231134,16.853756242114603,41.106763993263314,16.853544489327305,41.10586575211826,16.853629734176355,0.879492679140184,0.14658211319003067,1.236535026350076,0.11854262925547872,18.0,0.0
4_354,559495124#11,559495124#8,22,41.10502248473445,16.853825128746262,41.10568933231134,16.853756242114603,41.104058750589815,16.85390531064681,41.104854405575175,16.85383635754744,0.8980173848046151,0.04081897203657341,1.236535026350076,0.033010768936372316,18.0,0.0
4_355,559495124#11,794480007#1,17,41.10502248473445,16.853825128746262,41.10568933231134,16.853756242114603,41.104241848915706,16.852339159437378,41.10301262752712,16.852438574025896,0.5450562680423799,0.03206213341425764,1.236535026350076,0.025929013518441582,18.0,0.0
4_356,559495124#11,96606445#0,40,41.10502248473445,16.853825128746262,41.10568933231134,16.853756242114603,41.1020049738588,16.856644941095766,41.10326561352771,16.856379181688784,0.6717128111653847,0.016792820279134618,1.236535026350076,0.013580545573951573,18.0,0.0
4_357,559495124#11,96606456#2,42,41.10502248473445,16.853825128746262,41.10568933231134,16.853756242114603,41.10326307854501,16.856240261410846,41.1020049738588,16.856644941095766,0.7012467613319358,0.016696351460284184,1.236535026350076,0.013502530138242336,18.0,0.0
4_358,559495124#12,1107330352#1,7,41.10568933231134,16.853756242114603,41.10722516005434,16.85357330092774,41.10568244199847,16.853647084802333,41.10501918430848,16.853716788029953,0.6879513169891707,0.09827875956988152,1.304153148177673,0.07535829646020407,18.0,0.0
4_359,559495124#12,1107330354#5,18,41.10568933231134,16.853756242114603,41.10722516005434,16.85357330092774,41.10567667985701,16.85350139992,41.10655366468042,16.85214501267212,0.7507288199416593,0.04170715666342551,1.304153148177673,0.03198025992706762,18.0,0.0
4_360,559495124#12,1159706696,8,41.10568933231134,16.853756242114603,41.10722516005434,16.85357330092774,41.10888943814199,16.85603017646436,41.10939348647096,16.855007437640243,0.751271086299603,0.09390888578745038,1.304153148177673,0.07200755978595896,18.0,0.0
4_361,559495124#12,1167944482#6,15,41.10568933231134,16.853756242114603,41.10722516005434,16.85357330092774,41.10760995155661,16.857018182751133,41.107409312693626,16.8583053565791,0.5575456301786388,0.03716970867857592,1.304153148177673,0.028501030519700942,18.0,0.0
4_362,559495124#12,1226715337#1,5,41.10568933231134,16.853756242114603,41.10722516005434,16.85357330092774,41.1076655501806,16.853482677393657,41.1076459918036,16.85339947923006,0.9270418019435878,0.18540836038871755,1.304153148177673,0.14216762858548743,18.0,0.0
4_363,559495124#12,1226715337#3,8,41.10568933231134,16.853756242114603,41.10722516005434,16.85357330092774,41.10745802857694,16.853291775558137,41.1073338131884,16.85340951411772,0.8410404942324414,0.10513006177905518,1.304153148177673,0.08061174558061386,18.0,0.0
4_364,559495124#12,1226715337#5,3,41.10568933231134,16.853756242114603,41.10722516005434,16.85357330092774,41.10734707485234,16.853676884182715,41.10746982861199,16.853767510732208,0.505540767051987,0.168513589017329,1.304153148177673,0.12921303702160855,18.0,0.0
4_365,559495124#12,129127808-AddedOnRampEdge,9,41.10568933231134,16.853756242114603,41.10722516005434,16.85357330092774,41.10887945860232,16.855291051507262,41.10861173431363,16.854213003321295,0.9407072631211465,0.10452302923568293,1.304153148177673,0.08014628449253501,18.0,0.0
4_366,559495124#12,134810311#1,12,41.10568933231134,16.853756242114603,41.10722516005434,16.85357330092774,41.1069737608908,16.8478332074144,41.106150407173736,16.839447730868756,0.9892550479900345,0.0824379206658362,1.304153148177673,0.06321184040465558,18.0,0.0
4_367,559495124#12,147036178,20,41.10568933231134,16.853756242114603,41.10722516005434,16.85357330092774,41.10357239370584,16.849347341324286,41.10397951428041,16.847630876135593,0.7557757610220903,0.03778878805110452,1.304153148177673,0.0289757288888255,18.0,0.0
4_368,559495124#12,173765024,17,41.10568933231134,16.853756242114603,41.10722516005434,16.85357330092774,41.107787793577664,16.858261368905033,41.10843939498842,16.85693747474272,0.8426099795457076,0.049565292914453385,1.304153148177673,0.03800573037278042,18.0,0.0
4_369,559495124#12,25817299#2,20,41.10568933231134,16.853756242114603,41.10722516005434,16.85357330092774,41.10357239370584,16.849347341324286,41.10403927028676,16.849306737173062,0.5772738247239055,0.02886369123619528,1.304153148177673,0.022132133236443332,18.0,0.0
4_370,559495124#12,30002087#1,17,41.10568933231134,16.853756242114603,41.10722516005434,16.85357330092774,41.107317336305385,16.858674438324883,41.10722590625396,16.85936114348573,0.7390471665159557,0.04347336273623269,1.304153148177673,0.03333455338200053,18.0,0.0
4_371,559495124#12,380822316#2-AddedOnRampEdge,5,41.10568933231134,16.853756242114603,41.10722516005434,16.85357330092774,41.106763993263314,16.853544489327305,41.10586575211826,16.853629734176355,0.5134865353553054,0.10269730707106109,1.304153148177673,0.07874635522259231,18.0,0.0
4_372,559495124#12,559495124#8,21,41.10568933231134,16.853756242114603,41.10722516005434,16.85357330092774,41.104058750589815,16.85390531064681,41.104854405575175,16.85383635754744,0.7841775365430889,0.0373417874544328,1.304153148177673,0.028632977274648648,18.0,0.0
4_373,559495124#12,794480007#1,16,41.10568933231134,16.853756242114603,41.10722516005434,16.85357330092774,41.104241848915706,16.852339159437378,41.10301262752712,16.852438574025896,0.6528858034501195,0.04080536271563247,1.304153148177673,0.031288781361798544,18.0,0.0
4_374,559495124#12,96606445#0,39,41.10568933231134,16.853756242114603,41.10722516005434,16.85357330092774,41.1020049738588,16.856644941095766,41.10326561352771,16.856379181688784,0.879277855207429,0.022545586030959717,1.304153148177673,0.01728752950714665,18.0,0.0
4_375,559495124#12,96606456#2,41,41.10568933231134,16.853756242114603,41.10722516005434,16.85357330092774,41.10326307854501,16.856240261410846,41.1020049738588,16.856644941095766,0.9837744254475148,0.023994498181646704,1.304153148177673,0.018398527975932,18.0,0.0
4_376,559495124#7,1107330352#1,12,41.10336600192967,16.85396048610554,41.104058750589815,16.85390531064681,41.10568244199847,16.853647084802333,41.10501918430848,16.853716788029953,0.6078257879068698,0.050652148992239146,1.1359739535276718,0.04458918167528678,18.0,0.0
4_377,559495124#7,1107330354#5,12,41.10336600192967,16.85396048610554,41.104058750589815,16.85390531064681,41.10567667985701,16.85350139992,41.10655366468042,16.85214501267212,0.5756311977759726,0.04796926648133105,1.1359739535276718,0.042227435173461954,18.0,0.0
4_378,559495124#7,1159706696,13,41.10336600192967,16.85396048610554,41.104058750589815,16.85390531064681,41.10888943814199,16.85603017646436,41.10939348647096,16.855007437640243,0.8342276374475541,0.06417135672673493,1.1359739535276718,0.056490165577702,18.0,0.0
4_379,559495124#7,1167944482#6,20,41.10336600192967,16.85396048610554,41.104058750589815,16.85390531064681,41.10760995155661,16.857018182751133,41.107409312693626,16.8583053565791,0.5758345264728177,0.02879172632364089,1.1359739535276718,0.02534541063571977,18.0,0.0
4_380,559495124#7,1226715337#1,10,41.10336600192967,16.85396048610554,41.104058750589815,16.85390531064681,41.1076655501806,16.853482677393657,41.1076459918036,16.85339947923006,0.5092853468388879,0.0509285346838888,1.1359739535276718,0.044832484517567064,18.0,0.0
4_381,559495124#7,1226715337#3,13,41.10336600192967,16.85396048610554,41.104058750589815,16.85390531064681,41.10745802857694,16.853291775558137,41.1073338131884,16.85340951411772,0.7843478704390785,0.06033445157223681,1.1359739535276718,0.05311253078019371,18.0,0.0
4_382,559495124#7,1226715337#5,8,41.10336600192967,16.85396048610554,41.104058750589815,16.85390531064681,41.10734707485234,16.853676884182715,41.10746982861199,16.853767510732208,0.8902194838143792,0.1112774354767974,1.1359739535276718,0.09795773497379465,18.0,0.0
4_383,559495124#7,129127808-AddedOnRampEdge,14,41.10336600192967,16.85396048610554,41.104058750589815,16.85390531064681,41.10887945860232,16.855291051507262,41.10861173431363,16.854213003321295,0.6827719234182892,0.048769423101306365,1.1359739535276718,0.042931814545445354,18.0,0.0
4_384,559495124#7,134810311#1,17,41.10336600192967,16.85396048610554,41.104058750589815,16.85390531064681,41.1069737608908,16.8478332074144,41.106150407173736,16.839447730868756,0.8617534697340095,0.05069138057258879,1.1359739535276718,0.04462371730898491,18.0,0.0
4_385,559495124#7,147036178,25,41.10336600192967,16.85396048610554,41.104058750589815,16.85390531064681,41.10357239370584,16.849347341324286,41.10397951428041,16.847630876135593,0.5400780639186655,0.02160312255674662,1.1359739535276718,0.019017269268947527,18.0,0.0
4_386,559495124#7,173765024,22,41.10336600192967,16.85396048610554,41.104058750589815,16.85390531064681,41.107787793577664,16.858261368905033,41.10843939498842,16.85693747474272,0.886024072007447,0.04027382145488396,1.1359739535276718,0.03545312049613196,18.0,0.0
4_387,559495124#7,25817299#2,25,41.10336600192967,16.85396048610554,41.104058750589815,16.85390531064681,41.10357239370584,16.849347341324286,41.10403927028676,16.849306737173062,0.5276942351084108,0.021107769404336434,1.1359739535276718,0.01858120896063508,18.0,0.0
4_388,559495124#7,30002087#1,22,41.10336600192967,16.85396048610554,41.104058750589815,16.85390531064681,41.107317336305385,16.858674438324883,41.10722590625396,16.85936114348573,0.702812527655506,0.03194602398434118,1.1359739535276718,0.028122144777294834,18.0,0.0
4_389,559495124#7,380822316#2-AddedOnRampEdge,10,41.10336600192967,16.85396048610554,41.104058750589815,16.85390531064681,41.106763993263314,16.853544489327305,41.10586575211826,16.853629734176355,0.6489724696575614,0.06489724696575615,1.1359739535276718,0.0571291681153632,18.0,0.0
4_390,559495124#7,559495124#8,2,41.10336600192967,16.85396048610554,41.104058750589815,16.85390531064681,41.104058750589815,16.85390531064681,41.104854405575175,16.85383635754744,0.6402337230582137,0.32011686152910684,1.1359739535276718,0.28179947307331366,18.0,0.0
4_391,559495124#7,794480007#1,10,41.10336600192967,16.85396048610554,41.104058750589815,16.85390531064681,41.104241848915706,16.852339159437378,41.10301262752712,16.852438574025896,0.7932492420454054,0.07932492420454054,1.1359739535276718,0.06982987942479107,18.0,0.0
4_392,559495124#7,96606445#0,35,41.10336600192967,16.85396048610554,41.104058750589815,16.85390531064681,41.1020049738588,16.856644941095766,41.10326561352771,16.856379181688784,0.6566721826847361,0.018762062362421034,1.1359739535276718,0.01651627865600001,18.0,0.0
4_393,559495124#7,96606456#2,37,41.10336600192967,16.85396048610554,41.104058750589815,16.85390531064681,41.10326307854501,16.856240261410846,41.1020049738588,16.856644941095766,0.9011866939866748,0.024356397134775,1.1359739535276718,0.021440982039366528,18.0,0.0
4_394,653559094#2,1107330352#1,22,41.10735241076305,16.859397700894373,41.10751339826996,16.858882777592697,41.10568244199847,16.853647084802333,41.10501918430848,16.853716788029953,0.5716226460840652,0.02598284754927569,1.0762603965984314,0.024141785418654842,18.0,0.0
4_395,653559094#2,1107330354#5,33,41.10735241076305,16.859397700894373,41.10751339826996,16.858882777592697,41.10567667985701,16.85350139992,41.10655366468042,16.85214501267212,0.5332961483155108,0.016160489342894265,1.0762603965984314,0.015015408347245896,18.0,0.0
4_396,653559094#2,1159706696,6,41.10735241076305,16.859397700894373,41.10751339826996,16.858882777592697,41.10888943814199,16.85603017646436,41.10939348647096,16.855007437640243,0.7942174943803095,0.13236958239671825,1.0762603965984314,0.12299029381279676,18.0,0.0
4_397,653559094#2,1167944482#6,20,41.10735241076305,16.859397700894373,41.10751339826996,16.858882777592697,41.10760995155661,16.857018182751133,41.107409312693626,16.8583053565791,0.8324221371410867,0.041621106857054335,1.0762603965984314,0.038671967293974284,18.0,0.0
4_398,653559094#2,1226715337#1,11,41.10735241076305,16.859397700894373,41.10751339826996,16.858882777592697,41.1076655501806,16.853482677393657,41.1076459918036,16.85339947923006,0.8567474882383574,0.07788613529439613,1.0762603965984314,0.07236737088957161,18.0,0.0
4_399,653559094#2,1226715337#3,15,41.10735241076305,16.859397700894373,41.10751339826996,16.858882777592697,41.10745802857694,16.853291775558137,41.1073338131884,16.85340951411772,0.754593128243626,0.050306208549575064,1.0762603965984314,0.04674167023944211,18.0,0.0
4_400,653559094#2,1226715337#5,18,41.10735241076305,16.859397700894373,41.10751339826996,16.858882777592697,41.10734707485234,16.853676884182715,41.10746982861199,16.853767510732208,0.8116220277621228,0.04509011265345126,1.0762603965984314,0.041895170347213885,18.0,0.0
4_401,653559094#2,129127808-AddedOnRampEdge,7,41.10735241076305,16.859397700894373,41.10751339826996,16.858882777592697,41.10887945860232,16.855291051507262,41.10861173431363,16.854213003321295,0.6816111254739488,0.09737301792484981,1.0762603965984314,0.09047347485106907,18.0,0.0
4_402,653559094#2,134810311#1,21,41.10735241076305,16.859397700894373,41.10751339826996,16.858882777592697,41.1069737608908,16.8478332074144,41.106150407173736,16.839447730868756,0.7582942670034768,0.03610925080968937,1.0762603965984314,0.03355066387633908,18.0,0.0
4_403,653559094#2,147036178,29,41.10735241076305,16.859397700894373,41.10751339826996,16.858882777592697,41.10357239370584,16.849347341324286,41.10397951428041,16.847630876135593,0.5926394171259071,0.020435841969858863,1.0762603965984314,0.018987823053275253,18.0,0.0
4_404,653559094#2,173765024,3,41.10735241076305,16.859397700894373,41.10751339826996,16.858882777592697,41.107787793577664,16.858261368905033,41.10843939498842,16.85693747474272,0.7802177303015807,0.26007257676719353,1.0762603965984314,0.2416446592192414,18.0,0.0
4_405,653559094#2,25817299#2,29,41.10735241076305,16.859397700894373,41.10751339826996,16.858882777592697,41.10357239370584,16.849347341324286,41.10403927028676,16.849306737173062,0.7412521529178727,0.02556041906613354,1.0762603965984314,0.02374928887741143,18.0,0.0
4_406,653559094#2,30002087#1,19,41.10735241076305,16.859397700894373,41.10751339826996,16.858882777592697,41.107317336305385,16.858674438324883,41.10722590625396,16.85936114348573,0.8928818154916871,0.04699377976272037,1.0762603965984314,0.04366394964568639,18.0,0.0
4_407,653559094#2,380822316#2-AddedOnRampEdge,20,41.10735241076305,16.859397700894373,41.10751339826996,16.858882777592697,41.106763993263314,16.853544489327305,41.10586575211826,16.853629734176355,0.8310986946609198,0.041554934733045994,1.0762603965984314,0.038610483916701015,18.0,0.0
4_408,653559094#2,559495124#8,37,41.10735241076305,16.859397700894373,41.10751339826996,16.858882777592697,41.104058750589815,16.85390531064681,41.104854405575175,16.85383635754744,0.8248512211098816,0.02229327624621302,1.0762603965984314,0.02071364543067078,18.0,0.0
4_409,653559094#2,794480007#1,31,41.10735241076305,16.859397700894373,41.10751339826996,16.858882777592697,41.104241848915706,16.852339159437378,41.10301262752712,16.852438574025896,0.9156380341622268,0.02953671077942667,1.0762603965984314,0.027443833177155593,18.0,0.0
4_410,653559094#2,96606445#0,17,41.10735241076305,16.859397700894373,41.10751339826996,16.858882777592697,41.1020049738588,16.856644941095766,41.10326561352771,16.856379181688784,0.9530931039748631,0.05606430023381548,1.0762603965984314,0.05209176181805925,18.0,0.0
4_411,653559094#2,96606456#2,19,41.10735241076305,16.859397700894373,41.10751339826996,16.858882777592697,41.10326307854501,16.856240261410846,41.1020049738588,16.856644941095766,0.9661463075802745,0.05084980566211971,1.0762603965984314,0.04724674978549129,18.0,0.0
4_412,794480007#0,1107330352#1,14,41.10454298400372,16.852310112827404,41.104241848915706,16.852339159437378,41.10568244199847,16.853647084802333,41.10501918430848,16.853716788029953,0.6048181377208612,0.04320129555149008,1.0851561592393655,0.03981113241966189,18.0,0.0
4_413,794480007#0,1107330354#5,6,41.10454298400372,16.852310112827404,41.104241848915706,16.852339159437378,41.10567667985701,16.85350139992,41.10655366468042,16.85214501267212,0.9202665495693219,0.15337775826155364,1.0851561592393655,0.1413416465046496,18.0,0.0
4_414,794480007#0,1159706696,19,41.10454298400372,16.852310112827404,41.104241848915706,16.852339159437378,41.10888943814199,16.85603017646436,41.10939348647096,16.855007437640243,0.7079090865740569,0.037258372977581944,1.0851561592393655,0.034334572642243495,18.0,0.0
4_415,794480007#0,1167944482#6,26,41.10454298400372,16.852310112827404,41.104241848915706,16.852339159437378,41.10760995155661,16.857018182751133,41.107409312693626,16.8583053565791,0.7595145835678465,0.0292120993679941,1.0851561592393655,0.026919719451687182,18.0,0.0
4_416,794480007#0,1226715337#1,16,41.10454298400372,16.852310112827404,41.104241848915706,16.852339159437378,41.1076655501806,16.853482677393657,41.1076459918036,16.85339947923006,0.5379128315004816,0.0336195519687801,1.0851561592393655,0.03098130318160434,18.0,0.0
4_417,794480007#0,1226715337#3,13,41.10454298400372,16.852310112827404,41.104241848915706,16.852339159437378,41.10745802857694,16.853291775558137,41.1073338131884,16.85340951411772,0.7996300315597079,0.061510002427669845,1.0851561592393655,0.056683088331530976,18.0,0.0
4_418,794480007#0,1226715337#5,14,41.10454298400372,16.852310112827404,41.104241848915706,16.852339159437378,41.10734707485234,16.853676884182715,41.10746982861199,16.853767510732208,0.7314935427442505,0.05224953876744646,1.0851561592393655,0.0481493270093684,18.0,0.0
4_419,794480007#0,129127808-AddedOnRampEdge,20,41.10454298400372,16.852310112827404,41.104241848915706,16.852339159437378,41.10887945860232,16.855291051507262,41.10861173431363,16.854213003321295,0.6643102156586969,0.033215510782934846,1.0851561592393655,0.030608968580353526,18.0,0.0
4_420,794480007#0,134810311#1,17,41.10454298400372,16.852310112827404,41.104241848915706,16.852339159437378,41.1069737608908,16.8478332074144,41.106150407173736,16.839447730868756,0.8812971511418575,0.051841008890697496,1.0851561592393655,0.047772855961150495,18.0,0.0
4_421,794480007#0,147036178,25,41.10454298400372,16.852310112827404,41.104241848915706,16.852339159437378,41.10357239370584,16.849347341324286,41.10397951428041,16.847630876135593,0.6529883292013544,0.02611953316805418,1.0851561592393655,0.02406983819394485,18.0,0.0
4_422,794480007#0,173765024,28,41.10454298400372,16.852310112827404,41.104241848915706,16.852339159437378,41.107787793577664,16.858261368905033,41.10843939498842,16.85693747474272,0.557377322348863,0.019906332941030818,1.0851561592393655,0.018344210436020615,18.0,0.0
4_423,794480007#0,25817299#2,25,41.10454298400372,16.852310112827404,41.104241848915706,16.852339159437378,41.10357239370584,16.849347341324286,41.10403927028676,16.849306737173062,0.7679816236713641,0.030719264946854567,1.0851561592393655,0.02830861225391475,18.0,0.0
4_424,794480007#0,30002087#1,28,41.10454298400372,16.852310112827404,41.104241848915706,16.852339159437378,41.107317336305385,16.858674438324883,41.10722590625396,16.85936114348573,0.7689250358912081,0.027461608424686,1.0851561592393655,0.02530659591328779,18.0,0.0
4_425,794480007#0,380822316#2-AddedOnRampEdge,12,41.10454298400372,16.852310112827404,41.104241848915706,16.852339159437378,41.106763993263314,16.853544489327305,41.10586575211826,16.853629734176355,0.5298179269189294,0.04415149390991078,1.0851561592393655,0.040686765249398335,18.0,0.0
4_426,794480007#0,559495124#8,15,41.10454298400372,16.852310112827404,41.104241848915706,16.852339159437378,41.104058750589815,16.85390531064681,41.104854405575175,16.85383635754744,0.9687845435076077,0.0645856362338405,1.0851561592393655,0.059517365942162156,18.0,0.0
4_427,794480007#0,794480007#1,2,41.10454298400372,16.852310112827404,41.104241848915706,16.852339159437378,41.104241848915706,16.852339159437378,41.10301262752712,16.852438574025896,0.6886559400659573,0.34432797003297866,1.0851561592393655,0.31730729913963124,18.0,0.0
4_428,794480007#0,96606445#0,35,41.10454298400372,16.852310112827404,41.104241848915706,16.852339159437378,41.1020049738588,16.856644941095766,41.10326561352771,16.856379181688784,0.5298209301001683,0.015137740860004807,1.0851561592393655,0.013949827157241154,18.0,0.0
4_429,794480007#0,96606456#2,37,41.10454298400372,16.852310112827404,41.104241848915706,16.852339159437378,41.10326307854501,16.856240261410846,41.1020049738588,16.856644941095766,0.6386732698566977,0.017261439725856694,1.0851561592393655,0.015906871632149246,18.0,0.0
4_430,96606445#0,1107330352#1,37,41.1020049738588,16.856644941095766,41.10326561352771,16.856379181688784,41.10568244199847,16.853647084802333,41.10501918430848,16.853716788029953,0.9428266407187145,0.025481801100505796,0.7422315260421031,0.034331337603491045,17.0,26.0
4_431,96606445#0,1107330354#5,32,41.1020049738588,16.856644941095766,41.10326561352771,16.856379181688784,41.10567667985701,16.85350139992,41.10655366468042,16.85214501267212,0.8954837149412982,0.02798386609191557,0.7422315260421031,0.037702340994780356,17.0,26.0
4_432,96606445#0,1159706696,25,41.1020049738588,16.856644941095766,41.10326561352771,16.856379181688784,41.10888943814199,16.85603017646436,41.10939348647096,16.855007437640243,0.9830558954504207,0.03932223581801683,0.7422315260421031,0.05297839614506792,17.0,26.0
4_433,96606445#0,1167944482#6,26,41.1020049738588,16.856644941095766,41.10326561352771,16.856379181688784,41.10760995155661,16.857018182751133,41.107409312693626,16.8583053565791,0.8789415395663791,0.033805443829476124,0.7422315260421031,0.045545685737361834,17.0,26.0
4_434,96606445#0,1226715337#1,35,41.1020049738588,16.856644941095766,41.10326561352771,16.856379181688784,41.1076655501806,16.853482677393657,41.1076459918036,16.85339947923006,0.6094304895420681,0.017412299701201946,0.7422315260421031,0.02345939116066896,17.0,26.0
4_435,96606445#0,1226715337#3,39,41.1020049738588,16.856644941095766,41.10326561352771,16.856379181688784,41.10745802857694,16.853291775558137,41.1073338131884,16.85340951411772,0.6423268029428942,0.016469918024176775,0.7422315260421031,0.022189731163807395,17.0,26.0
4_436,96606445#0,1226715337#5,33,41.1020049738588,16.856644941095766,41.10326561352771,16.856379181688784,41.10734707485234,16.853676884182715,41.10746982861199,16.853767510732208,0.9271398504419768,0.028095146983090204,0.7422315260421031,0.037852268459823556,17.0,26.0
4_437,96606445#0,129127808-AddedOnRampEdge,26,41.1020049738588,16.856644941095766,41.10326561352771,16.856379181688784,41.10887945860232,16.855291051507262,41.10861173431363,16.854213003321295,0.5791584148051694,0.02227532364635267,0.7422315260421031,0.030011287401296806,17.0,26.0
4_438,96606445#0,134810311#1,34,41.1020049738588,16.856644941095766,41.10326561352771,16.856379181688784,41.1069737608908,16.8478332074144,41.106150407173736,16.839447730868756,0.7991105898664983,0.023503252643132303,0.7422315260421031,0.03166566201851022,17.0,26.0
4_439,96606445#0,147036178,42,41.1020049738588,16.856644941095766,41.10326561352771,16.856379181688784,41.10357239370584,16.849347341324286,41.10397951428041,16.847630876135593,0.8956520631935481,0.021325049123655904,0.7422315260421031,0.02873099346422297,17.0,26.0
4_440,96606445#0,173765024,22,41.1020049738588,16.856644941095766,41.10326561352771,16.856379181688784,41.107787793577664,16.858261368905033,41.10843939498842,16.85693747474272,0.8873849426885811,0.04033567921311733,0.7422315260421031,0.05434379677754255,17.0,26.0
4_441,96606445#0,25817299#2,42,41.1020049738588,16.856644941095766,41.10326561352771,16.856379181688784,41.10357239370584,16.849347341324286,41.10403927028676,16.849306737173062,0.9997155681310774,0.023802751622168508,0.7422315260421031,0.03206917354898005,17.0,26.0
4_442,96606445#0,30002087#1,25,41.1020049738588,16.856644941095766,41.10326561352771,16.856379181688784,41.107317336305385,16.858674438324883,41.10722590625396,16.85936114348573,0.5263654504114204,0.021054618016456816,0.7422315260421031,0.028366644743223278,17.0,26.0
4_443,96606445#0,380822316#2-AddedOnRampEdge,35,41.1020049738588,16.856644941095766,41.10326561352771,16.856379181688784,41.106763993263314,16.853544489327305,41.10586575211826,16.853629734176355,0.5374501570274763,0.01535571877221361,0.7422315260421031,0.020688583323989065,17.0,26.0
4_444,96606445#0,559495124#8,26,41.1020049738588,16.856644941095766,41.10326561352771,16.856379181688784,41.104058750589815,16.85390531064681,41.104854405575175,16.85383635754744,0.952433807910376,0.036632069535014466,0.7422315260421031,0.04935396604662211,17.0,26.0
4_445,96606445#0,794480007#1,30,41.1020049738588,16.856644941095766,41.10326561352771,16.856379181688784,41.104241848915706,16.852339159437378,41.10301262752712,16.852438574025896,0.5746454843957969,0.019154849479859896,0.7422315260421031,0.02580710843960209,17.0,26.0
4_446,96606445#0,96606456#2,3,41.1020049738588,16.856644941095766,41.10326561352771,16.856379181688784,41.10326307854501,16.856240261410846,41.1020049738588,16.856644941095766,0.9906645073252448,0.33022150244174825,0.7422315260421031,0.4449036329710097,17.0,26.0
4_447,96606456#0,1107330352#1,37,41.10356242536798,16.856199274354775,41.10346836109101,16.856301535837805,41.10568244199847,16.853647084802333,41.10501918430848,16.853716788029953,0.8198774910495183,0.022158851109446442,0.6611376486056884,0.0335162445463188,18.0,0.0
4_448,96606456#0,1107330354#5,32,41.10356242536798,16.856199274354775,41.10346836109101,16.856301535837805,41.10567667985701,16.85350139992,41.10655366468042,16.85214501267212,0.5407180640035285,0.016897439500110266,0.6611376486056884,0.025558126262732517,18.0,0.0
4_449,96606456#0,1159706696,25,41.10356242536798,16.856199274354775,41.10346836109101,16.856301535837805,41.10888943814199,16.85603017646436,41.10939348647096,16.855007437640243,0.5936831491594912,0.023747325966379646,0.6611376486056884,0.035918883180320715,18.0,0.0
4_450,96606456#0,1167944482#6,26,41.10356242536798,16.856199274354775,41.10346836109101,16.856301535837805,41.10760995155661,16.857018182751133,41.107409312693626,16.8583053565791,0.522365078985764,0.02009096457637554,0.6611376486056884,0.030388474501106606,18.0,0.0
4_451,96606456#0,1226715337#1,35,41.10356242536798,16.856199274354775,41.10346836109101,16.856301535837805,41.1076655501806,16.853482677393657,41.1076459918036,16.85339947923006,0.6975190934147362,0.019929116954706748,0.6611376486056884,0.03014367279905542,18.0,0.0
4_452,96606456#0,1226715337#3,39,41.10356242536798,16.856199274354775,41.10346836109101,16.856301535837805,41.10745802857694,16.853291775558137,41.1073338131884,16.85340951411772,0.9120933783876297,0.023387009702246914,0.6611376486056884,0.03537388885895265,18.0,0.0
4_453,96606456#0,1226715337#5,33,41.10356242536798,16.856199274354775,41.10346836109101,16.856301535837805,41.10734707485234,16.853676884182715,41.10746982861199,16.853767510732208,0.9543003369383166,0.028918192028433837,0.6611376486056884,0.043740047309998295,18.0,0.0
4_454,96606456#0,129127808-AddedOnRampEdge,26,41.10356242536798,16.856199274354775,41.10346836109101,16.856301535837805,41.10887945860232,16.855291051507262,41.10861173431363,16.854213003321295,0.9048382589371953,0.03480147149758443,0.6611376486056884,0.052638768297311886,18.0,0.0
4_455,96606456#0,134810311#1,34,41.10356242536798,16.856199274354775,41.10346836109101,16.856301535837805,41.1069737608908,16.8478332074144,41.106150407173736,16.839447730868756,0.7848842590187921,0.02308483114761153,0.6611376486056884,0.034916830400290276,18.0,0.0
4_456,96606456#0,147036178,42,41.10356242536798,16.856199274354775,41.10346836109101,16.856301535837805,41.10357239370584,16.849347341324286,41.10397951428041,16.847630876135593,0.9522551566897905,0.022672741825947394,0.6611376486056884,0.034293527034443216,18.0,0.0
4_457,96606456#0,173765024,22,41.10356242536798,16.856199274354775,41.10346836109101,16.856301535837805,41.107787793577664,16.858261368905033,41.10843939498842,16.85693747474272,0.6158554737000406,0.027993430622729118,0.6611376486056884,0.042341304691641886,18.0,0.0
4_458,96606456#0,25817299#2,42,41.10356242536798,16.856199274354775,41.10346836109101,16.856301535837805,41.10357239370584,16.849347341324286,41.10403927028676,16.849306737173062,0.6017328886674604,0.014326973539701438,0.6611376486056884,0.021670182555654522,18.0,0.0
4_459,96606456#0,30002087#1,25,41.10356242536798,16.856199274354775,41.10346836109101,16.856301535837805,41.107317336305385,16.858674438324883,41.10722590625396,16.85936114348573,0.5123613552806479,0.020494454211225914,0.6611376486056884,0.030998770459446472,18.0,0.0
4_460,96606456#0,380822316#2-AddedOnRampEdge,35,41.10356242536798,16.856199274354775,41.10346836109101,16.856301535837805,41.106763993263314,16.853544489327305,41.10586575211826,16.853629734176355,0.9069708483548136,0.02591345281013753,0.6611376486056884,0.039195246050180196,18.0,0.0
4_461,96606456#0,559495124#8,26,41.10356242536798,16.856199274354775,41.10346836109101,16.856301535837805,41.104058750589815,16.85390531064681,41.104854405575175,16.85383635754744,0.8503693932831558,0.032706515126275225,0.6611376486056884,0.04947005392182989,18.0,0.0
4_462,96606456#0,794480007#1,30,41.10356242536798,16.856199274354775,41.10346836109101,16.856301535837805,41.104241848915706,16.852339159437378,41.10301262752712,16.852438574025896,0.6521027431318931,0.021736758104396438,0.6611376486056884,0.03287781016591379,18.0,0.0
4_463,96606456#0,96606445#0,8,41.10356242536798,16.856199274354775,41.10346836109101,16.856301535837805,41.1020049738588,16.856644941095766,41.10326561352771,16.856379181688784,0.6972681543779643,0.08715851929724554,0.6611376486056884,0.1318311239437948,18.0,0.0
4_464,96606456#0,96606456#2,3,41.10356242536798,16.856199274354775,41.10346836109101,16.856301535837805,41.10326307854501,16.856240261410846,41.1020049738588,16.856644941095766,0.585358801755403,0.19511960058513433,0.6611376486056884,0.29512704502100795,18.0,0.0
4_465,96606456#2,1107330352#1,35,41.10326307854501,16.856240261410846,41.1020049738588,16.856644941095766,41.10568244199847,16.853647084802333,41.10501918430848,16.853716788029953,0.9000320989430559,0.025715202826944453,0.5652347688009948,0.04549472935200514,17.0,26.0
4_466,96606456#2,1107330354#5,30,41.10326307854501,16.856240261410846,41.1020049738588,16.856644941095766,41.10567667985701,16.85350139992,41.10655366468042,16.85214501267212,0.8851171409876664,0.029503904699588877,0.5652347688009948,0.05219761120175619,17.0,26.0
4_467,96606456#2,1159706696,23,41.10326307854501,16.856240261410846,41.1020049738588,16.856644941095766,41.10888943814199,16.85603017646436,41.10939348647096,16.855007437640243,0.6669962490968462,0.02899983691725418,0.5652347688009948,0.051305826389219,17.0,26.0
4_468,96606456#2,1167944482#6,24,41.10326307854501,16.856240261410846,41.1020049738588,16.856644941095766,41.10760995155661,16.857018182751133,41.107409312693626,16.8583053565791,0.726194765929165,0.03025811524704854,0.5652347688009948,0.05353194268504328,17.0,26.0
4_469,96606456#2,1226715337#1,33,41.10326307854501,16.856240261410846,41.1020049738588,16.856644941095766,41.1076655501806,16.853482677393657,41.1076459918036,16.85339947923006,0.96420121904484,0.029218218758934548,0.5652347688009948,0.05169218238452271,17.0,26.0
4_470,96606456#2,1226715337#3,37,41.10326307854501,16.856240261410846,41.1020049738588,16.856644941095766,41.10745802857694,16.853291775558137,41.1073338131884,16.85340951411772,0.6045561419560732,0.01633935518800198,0.5652347688009948,0.028907201201833113,17.0,26.0
4_471,96606456#2,1226715337#5,31,41.10326307854501,16.856240261410846,41.1020049738588,16.856644941095766,41.10734707485234,16.853676884182715,41.10746982861199,16.853767510732208,0.9306875033408525,0.030022177527124272,0.5652347688009948,0.05311452724468608,17.0,26.0
4_472,96606456#2,129127808-AddedOnRampEdge,24,41.10326307854501,16.856240261410846,41.1020049738588,16.856644941095766,41.10887945860232,16.855291051507262,41.10861173431363,16.854213003321295,0.7272326072494577,0.03030135863539407,0.5652347688009948,0.05360844786613336,17.0,26.0
4_473,96606456#2,134810311#1,32,41.10326307854501,16.856240261410846,41.1020049738588,16.856644941095766,41.1069737608908,16.8478332074144,41.106150407173736,16.839447730868756,0.7145449680915055,0.022329530252859546,0.5652347688009948,0.03950487741620371,17.0,26.0
4_474,96606456#2,147036178,40,41.10326307854501,16.856240261410846,41.1020049738588,16.856644941095766,41.10357239370584,16.849347341324286,41.10397951428041,16.847630876135593,0.5602442027474082,0.014006105068685205,0.5652347688009948,0.024779270210846513,17.0,26.0
4_475,96606456#2,173765024,20,41.10326307854501,16.856240261410846,41.1020049738588,16.856644941095766,41.107787793577664,16.858261368905033,41.10843939498842,16.85693747474272,0.5680944855431482,0.028404724277157414,0.5652347688009948,0.05025296716514977,17.0,26.0
4_476,96606456#2,25817299#2,40,41.10326307854501,16.856240261410846,41.1020049738588,16.856644941095766,41.10357239370584,16.849347341324286,41.10403927028676,16.849306737173062,0.6629422167485799,0.016573555418714497,0.5652347688009948,0.029321542717322895,17.0,26.0
4_477,96606456#2,30002087#1,23,41.10326307854501,16.856240261410846,41.1020049738588,16.856644941095766,41.107317336305385,16.858674438324883,41.10722590625396,16.85936114348573,0.6865398633274482,0.029849559275106442,0.5652347688009948,0.05280913511110591,17.0,26.0
4_478,96606456#2,380822316#2-AddedOnRampEdge,33,41.10326307854501,16.856240261410846,41.1020049738588,16.856644941095766,41.106763993263314,16.853544489327305,41.10586575211826,16.853629734176355,0.6064920615954734,0.018378547321074953,0.5652347688009948,0.032514891750308424,17.0,26.0
4_479,96606456#2,559495124#8,24,41.10326307854501,16.856240261410846,41.1020049738588,16.856644941095766,41.104058750589815,16.85390531064681,41.104854405575175,16.85383635754744,0.7153442702943632,0.029806011262265134,0.5652347688009948,0.052732090995554266,17.0,26.0
4_480,96606456#2,794480007#1,28,41.10326307854501,16.856240261410846,41.1020049738588,16.856644941095766,41.104241848915706,16.852339159437378,41.10301262752712,16.852438574025896,0.6952080175113139,0.024828857768261207,0.5652347688009948,0.043926628612973445,17.0,26.0
4_481,96606456#2,96606445#0,6,41.10326307854501,16.856240261410846,41.1020049738588,16.856644941095766,41.1020049738588,16.856644941095766,41.10326561352771,16.856379181688784,0.964198250139477,0.16069970835657948,0.5652347688009948,0.28430612769533625,17.0,26.0
