Flow ID,Start Edge ID,End Edge ID,Start From Lat,Start From Lon,Start To Lat,Start To Lon,End From Lat,End From Lon,End To Lat,End To Lon,Start Count,End Count
0_1,-114953453#6,-25654991#0,41.09252833667128,16.85806965698529,41.09289989869124,16.857979997773366,41.09267829914716,16.854073630954087,41.09207574955028,16.85389154719994,44.0,0.0
0_2,-114953453#6,-33831688,41.09252833667128,16.85806965698529,41.09289989869124,16.857979997773366,41.09717150257013,16.862346685598727,41.09717022441964,16.862141610446756,44.0,0.0
0_3,-114953453#6,-48874524,41.09252833667128,16.85806965698529,41.09289989869124,16.857979997773366,41.09782874807601,16.858422322289133,41.09720965467912,16.86010828803053,44.0,0.0
0_4,-114953453#6,-50077954,41.09252833667128,16.85806965698529,41.09289989869124,16.857979997773366,41.09590934506375,16.85589778274809,41.094481033476846,16.855484180652265,44.0,0.0
0_5,-114953453#6,-50370694#0,41.09252833667128,16.85806965698529,41.09289989869124,16.857979997773366,41.09390877175432,16.860555577386883,41.09389978504193,16.86089441913475,44.0,0.0
0_6,-114953453#6,114953453#6,41.09252833667128,16.85806965698529,41.09289989869124,16.857979997773366,41.09289989869124,16.857979997773366,41.09252833667128,16.85806965698529,44.0,0.0
0_7,-114953453#6,1223050325#0,41.09252833667128,16.85806965698529,41.09289989869124,16.857979997773366,41.09575898407665,16.861403291409037,41.09578940828096,16.861627521735652,44.0,0.0
0_8,-114953453#6,1223050326,41.09252833667128,16.85806965698529,41.09289989869124,16.857979997773366,41.09577203818025,16.86132567064774,41.09575898407665,16.861403291409037,44.0,0.0
0_9,-114953453#6,1226960836#1,41.09252833667128,16.85806965698529,41.09289989869124,16.857979997773366,41.09326327598272,16.856459442663375,41.09325705252129,16.85653261037847,44.0,0.0
0_10,-114953453#6,131750844#7,41.09252833667128,16.85806965698529,41.09289989869124,16.857979997773366,41.09588692434208,16.86204201283392,41.096023183819085,16.86206015013157,44.0,0.0
0_11,-114953453#6,131750844#8,41.09252833667128,16.85806965698529,41.09289989869124,16.857979997773366,41.096023183819085,16.86206015013157,41.09607053280287,16.862073156374553,44.0,0.0
0_12,-114953453#6,131750844#9,41.09252833667128,16.85806965698529,41.09289989869124,16.857979997773366,41.09607053280287,16.862073156374553,41.09624619327664,16.862345189534487,44.0,0.0
0_13,-114953453#6,131750850#0,41.09252833667128,16.85806965698529,41.09289989869124,16.857979997773366,41.09406666971318,16.861809974981103,41.09374076152227,16.861733142040123,44.0,0.0
0_14,-114953453#6,131750853#0,41.09252833667128,16.85806965698529,41.09289989869124,16.857979997773366,41.09428507077666,16.861822930016572,41.094248634240174,16.861820234016683,44.0,0.0
0_15,-114953453#6,131750853#2,41.09252833667128,16.85806965698529,41.09289989869124,16.857979997773366,41.09422326217536,16.861818445841735,41.09406666971318,16.861809974981103,44.0,0.0
0_16,-114953453#6,131752095#2,41.09252833667128,16.85806965698529,41.09289989869124,16.857979997773366,41.09606913880409,16.857384087393385,41.09607773810893,16.85711333011326,44.0,0.0
0_17,-114953453#6,25817423#3,41.09252833667128,16.85806965698529,41.09289989869124,16.857979997773366,41.093433790346566,16.855687830843742,41.09352569242476,16.85465158647345,44.0,0.0
0_18,-114953453#6,25817735#2,41.09252833667128,16.85806965698529,41.09289989869124,16.857979997773366,41.09257525037648,16.866055037799217,41.08991586912939,16.865878687144406,44.0,0.0
0_19,-114953453#6,25819014#1,41.09252833667128,16.85806965698529,41.09289989869124,16.857979997773366,41.09637979984023,16.861535604961926,41.096390396588056,16.86145398483175,44.0,0.0
0_20,-114953453#6,25819014#2,41.09252833667128,16.85806965698529,41.09289989869124,16.857979997773366,41.096390396588056,16.86145398483175,41.09617566373433,16.86105237527639,44.0,0.0
0_21,-114953453#6,25819177#2,41.09252833667128,16.85806965698529,41.09289989869124,16.857979997773366,41.09333584930795,16.855672929401177,41.09331846638719,16.855846153569416,44.0,0.0
0_22,-114953453#6,25819177#3,41.09252833667128,16.85806965698529,41.09289989869124,16.857979997773366,41.09331846638719,16.855846153569416,41.09330344191395,16.855984796607544,44.0,0.0
0_23,-114953453#6,25819177#5,41.09252833667128,16.85806965698529,41.09289989869124,16.857979997773366,41.09328897220411,16.85615607855325,41.093276282258536,16.856306336332803,44.0,0.0
0_24,-114953453#6,28279138#5,41.09252833667128,16.85806965698529,41.09289989869124,16.857979997773366,41.09309962997091,16.8641768999245,41.09122003932151,16.863954806076606,44.0,0.0
0_25,-114953453#6,28921528#2,41.09252833667128,16.85806965698529,41.09289989869124,16.857979997773366,41.09590934506375,16.85589778274809,41.09589464404242,16.856597607978603,44.0,0.0
0_26,-114953453#6,28921528#8,41.09252833667128,16.85806965698529,41.09289989869124,16.857979997773366,41.095864883749904,16.858939789299576,41.09579879841287,16.860483307032734,44.0,0.0
0_27,-114953453#6,30672980#0,41.09252833667128,16.85806965698529,41.09289989869124,16.857979997773366,41.09410258065408,16.854547680343014,41.0940220774019,16.854495884667088,44.0,0.0
0_28,-114953453#6,30672980#6,41.09252833667128,16.85806965698529,41.09289989869124,16.857979997773366,41.09290701188394,16.85345153155061,41.09274366748828,16.853398004520955,44.0,0.0
0_29,-114953453#6,30673346,41.09252833667128,16.85806965698529,41.09289989869124,16.857979997773366,41.09289989869124,16.857979997773366,41.0924620240455,16.857540225068156,44.0,0.0
0_30,-114953453#6,30674315#11,41.09252833667128,16.85806965698529,41.09289989869124,16.857979997773366,41.09762167433529,16.86078183182401,41.0975908593457,16.860854905020272,44.0,0.0
0_31,-114953453#6,30674315#8,41.09252833667128,16.85806965698529,41.09289989869124,16.857979997773366,41.09783406893447,16.85935956518292,41.09781757948696,16.860074005211207,44.0,0.0
0_32,-114953453#6,30674315#9,41.09252833667128,16.85806965698529,41.09289989869124,16.857979997773366,41.09781757948696,16.860074005211207,41.09773009884011,16.860532461562137,44.0,0.0
0_33,-114953453#6,30674359#4,41.09252833667128,16.85806965698529,41.09289989869124,16.857979997773366,41.09788351207976,16.86008527251128,41.097886790174485,16.85993247707892,44.0,0.0
0_34,-114953453#6,30674359#5,41.09252833667128,16.85806965698529,41.09289989869124,16.857979997773366,41.097886790174485,16.85993247707892,41.097887056561405,16.859358083149928,44.0,0.0
0_35,-114953453#6,30674385#2,41.09252833667128,16.85806965698529,41.09289989869124,16.857979997773366,41.09752079197923,16.86113857805688,41.097541272342,16.861158803055236,44.0,0.0
0_36,-114953453#6,30674948,41.09252833667128,16.85806965698529,41.09289989869124,16.857979997773366,41.09346290764322,16.859512259912492,41.0937563740557,16.85923859402608,44.0,0.0
0_37,-114953453#6,30675059#0,41.09252833667128,16.85806965698529,41.09289989869124,16.857979997773366,41.09575898407665,16.861403291409037,41.09556026737646,16.861799770540163,44.0,0.0
0_38,-114953453#6,30675059#1,41.09252833667128,16.85806965698529,41.09289989869124,16.857979997773366,41.09556026737646,16.861799770540163,41.09428507077666,16.861822930016572,44.0,0.0
0_39,-114953453#6,33831688,41.09252833667128,16.85806965698529,41.09289989869124,16.857979997773366,41.09717022441964,16.862141610446756,41.09717150257013,16.862346685598727,44.0,0.0
0_40,-114953453#6,48563895#1,41.09252833667128,16.85806965698529,41.09289989869124,16.857979997773366,41.094497059549575,16.854662484304253,41.09459493177244,16.85467607291383,44.0,0.0
0_41,-114953453#6,48563902#0,41.09252833667128,16.85806965698529,41.09289989869124,16.857979997773366,41.093159424293006,16.861119861413044,41.092910609638544,16.861550868324073,44.0,0.0
0_42,-114953453#6,48874527#2,41.09252833667128,16.85806965698529,41.09289989869124,16.857979997773366,41.094611131446,16.86076995428607,41.09433377805168,16.860614722600705,44.0,0.0
0_43,-114953453#6,50077954,41.09252833667128,16.85806965698529,41.09289989869124,16.857979997773366,41.094481033476846,16.855484180652265,41.09590934506375,16.85589778274809,44.0,0.0
0_44,-114953453#6,96606465,41.09252833667128,16.85806965698529,41.09289989869124,16.857979997773366,41.09320904205983,16.86036794969964,41.093226008438016,16.859824905081403,44.0,0.0
0_45,-25817735#3,-131752097#1,41.08991586912939,16.865878687144406,41.09257525037648,16.866055037799217,41.09628587040379,16.863506396736675,41.09627339570725,16.863759660301465,45.0,0.0
0_46,-25817735#3,-25654991#0,41.08991586912939,16.865878687144406,41.09257525037648,16.866055037799217,41.09267829914716,16.854073630954087,41.09207574955028,16.85389154719994,45.0,0.0
0_47,-25817735#3,-33831688,41.08991586912939,16.865878687144406,41.09257525037648,16.866055037799217,41.09717150257013,16.862346685598727,41.09717022441964,16.862141610446756,45.0,0.0
0_48,-25817735#3,-48874524,41.08991586912939,16.865878687144406,41.09257525037648,16.866055037799217,41.09782874807601,16.858422322289133,41.09720965467912,16.86010828803053,45.0,0.0
0_49,-25817735#3,-50077954,41.08991586912939,16.865878687144406,41.09257525037648,16.866055037799217,41.09590934506375,16.85589778274809,41.094481033476846,16.855484180652265,45.0,0.0
0_50,-25817735#3,-50370694#0,41.08991586912939,16.865878687144406,41.09257525037648,16.866055037799217,41.09390877175432,16.860555577386883,41.09389978504193,16.86089441913475,45.0,0.0
0_51,-25817735#3,114953453#6,41.08991586912939,16.865878687144406,41.09257525037648,16.866055037799217,41.09289989869124,16.857979997773366,41.09252833667128,16.85806965698529,45.0,0.0
0_52,-25817735#3,1223050325#0,41.08991586912939,16.865878687144406,41.09257525037648,16.866055037799217,41.09575898407665,16.861403291409037,41.09578940828096,16.861627521735652,45.0,0.0
0_53,-25817735#3,1223050326,41.08991586912939,16.865878687144406,41.09257525037648,16.866055037799217,41.09577203818025,16.86132567064774,41.09575898407665,16.861403291409037,45.0,0.0
0_54,-25817735#3,1226960836#1,41.08991586912939,16.865878687144406,41.09257525037648,16.866055037799217,41.09326327598272,16.856459442663375,41.09325705252129,16.85653261037847,45.0,0.0
0_55,-25817735#3,131750844#7,41.08991586912939,16.865878687144406,41.09257525037648,16.866055037799217,41.09588692434208,16.86204201283392,41.096023183819085,16.86206015013157,45.0,0.0
0_56,-25817735#3,131750844#8,41.08991586912939,16.865878687144406,41.09257525037648,16.866055037799217,41.096023183819085,16.86206015013157,41.09607053280287,16.862073156374553,45.0,0.0
0_57,-25817735#3,131750844#9,41.08991586912939,16.865878687144406,41.09257525037648,16.866055037799217,41.09607053280287,16.862073156374553,41.09624619327664,16.862345189534487,45.0,0.0
0_58,-25817735#3,131750850#0,41.08991586912939,16.865878687144406,41.09257525037648,16.866055037799217,41.09406666971318,16.861809974981103,41.09374076152227,16.861733142040123,45.0,0.0
0_59,-25817735#3,131750853#0,41.08991586912939,16.865878687144406,41.09257525037648,16.866055037799217,41.09428507077666,16.861822930016572,41.094248634240174,16.861820234016683,45.0,0.0
0_60,-25817735#3,131750853#2,41.08991586912939,16.865878687144406,41.09257525037648,16.866055037799217,41.09422326217536,16.861818445841735,41.09406666971318,16.861809974981103,45.0,0.0
0_61,-25817735#3,131752095#2,41.08991586912939,16.865878687144406,41.09257525037648,16.866055037799217,41.09606913880409,16.857384087393385,41.09607773810893,16.85711333011326,45.0,0.0
0_62,-25817735#3,25817423#3,41.08991586912939,16.865878687144406,41.09257525037648,16.866055037799217,41.093433790346566,16.855687830843742,41.09352569242476,16.85465158647345,45.0,0.0
0_63,-25817735#3,25817735#2,41.08991586912939,16.865878687144406,41.09257525037648,16.866055037799217,41.09257525037648,16.866055037799217,41.08991586912939,16.865878687144406,45.0,0.0
0_64,-25817735#3,25819014#1,41.08991586912939,16.865878687144406,41.09257525037648,16.866055037799217,41.09637979984023,16.861535604961926,41.096390396588056,16.86145398483175,45.0,0.0
0_65,-25817735#3,25819014#2,41.08991586912939,16.865878687144406,41.09257525037648,16.866055037799217,41.096390396588056,16.86145398483175,41.09617566373433,16.86105237527639,45.0,0.0
0_66,-25817735#3,25819177#2,41.08991586912939,16.865878687144406,41.09257525037648,16.866055037799217,41.09333584930795,16.855672929401177,41.09331846638719,16.855846153569416,45.0,0.0
0_67,-25817735#3,25819177#3,41.08991586912939,16.865878687144406,41.09257525037648,16.866055037799217,41.09331846638719,16.855846153569416,41.09330344191395,16.855984796607544,45.0,0.0
0_68,-25817735#3,25819177#5,41.08991586912939,16.865878687144406,41.09257525037648,16.866055037799217,41.09328897220411,16.85615607855325,41.093276282258536,16.856306336332803,45.0,0.0
0_69,-25817735#3,28279138#5,41.08991586912939,16.865878687144406,41.09257525037648,16.866055037799217,41.09309962997091,16.8641768999245,41.09122003932151,16.863954806076606,45.0,0.0
0_70,-25817735#3,28921528#2,41.08991586912939,16.865878687144406,41.09257525037648,16.866055037799217,41.09590934506375,16.85589778274809,41.09589464404242,16.856597607978603,45.0,0.0
0_71,-25817735#3,28921528#8,41.08991586912939,16.865878687144406,41.09257525037648,16.866055037799217,41.095864883749904,16.858939789299576,41.09579879841287,16.860483307032734,45.0,0.0
0_72,-25817735#3,30672980#0,41.08991586912939,16.865878687144406,41.09257525037648,16.866055037799217,41.09410258065408,16.854547680343014,41.0940220774019,16.854495884667088,45.0,0.0
0_73,-25817735#3,30672980#6,41.08991586912939,16.865878687144406,41.09257525037648,16.866055037799217,41.09290701188394,16.85345153155061,41.09274366748828,16.853398004520955,45.0,0.0
0_74,-25817735#3,30673346,41.08991586912939,16.865878687144406,41.09257525037648,16.866055037799217,41.09289989869124,16.857979997773366,41.0924620240455,16.857540225068156,45.0,0.0
0_75,-25817735#3,30674315#11,41.08991586912939,16.865878687144406,41.09257525037648,16.866055037799217,41.09762167433529,16.86078183182401,41.0975908593457,16.860854905020272,45.0,0.0
0_76,-25817735#3,30674315#8,41.08991586912939,16.865878687144406,41.09257525037648,16.866055037799217,41.09783406893447,16.85935956518292,41.09781757948696,16.860074005211207,45.0,0.0
0_77,-25817735#3,30674315#9,41.08991586912939,16.865878687144406,41.09257525037648,16.866055037799217,41.09781757948696,16.860074005211207,41.09773009884011,16.860532461562137,45.0,0.0
0_78,-25817735#3,30674359#4,41.08991586912939,16.865878687144406,41.09257525037648,16.866055037799217,41.09788351207976,16.86008527251128,41.097886790174485,16.85993247707892,45.0,0.0
0_79,-25817735#3,30674359#5,41.08991586912939,16.865878687144406,41.09257525037648,16.866055037799217,41.097886790174485,16.85993247707892,41.097887056561405,16.859358083149928,45.0,0.0
0_80,-25817735#3,30674385#2,41.08991586912939,16.865878687144406,41.09257525037648,16.866055037799217,41.09752079197923,16.86113857805688,41.097541272342,16.861158803055236,45.0,0.0
0_81,-25817735#3,30674948,41.08991586912939,16.865878687144406,41.09257525037648,16.866055037799217,41.09346290764322,16.859512259912492,41.0937563740557,16.85923859402608,45.0,0.0
0_82,-25817735#3,30675059#0,41.08991586912939,16.865878687144406,41.09257525037648,16.866055037799217,41.09575898407665,16.861403291409037,41.09556026737646,16.861799770540163,45.0,0.0
0_83,-25817735#3,30675059#1,41.08991586912939,16.865878687144406,41.09257525037648,16.866055037799217,41.09556026737646,16.861799770540163,41.09428507077666,16.861822930016572,45.0,0.0
0_84,-25817735#3,33831688,41.08991586912939,16.865878687144406,41.09257525037648,16.866055037799217,41.09717022441964,16.862141610446756,41.09717150257013,16.862346685598727,45.0,0.0
0_85,-25817735#3,48563895#1,41.08991586912939,16.865878687144406,41.09257525037648,16.866055037799217,41.094497059549575,16.854662484304253,41.09459493177244,16.85467607291383,45.0,0.0
0_86,-25817735#3,48563902#0,41.08991586912939,16.865878687144406,41.09257525037648,16.866055037799217,41.093159424293006,16.861119861413044,41.092910609638544,16.861550868324073,45.0,0.0
0_87,-25817735#3,48874527#2,41.08991586912939,16.865878687144406,41.09257525037648,16.866055037799217,41.094611131446,16.86076995428607,41.09433377805168,16.860614722600705,45.0,0.0
0_88,-25817735#3,50077954,41.08991586912939,16.865878687144406,41.09257525037648,16.866055037799217,41.094481033476846,16.855484180652265,41.09590934506375,16.85589778274809,45.0,0.0
0_89,-25817735#3,96606465,41.08991586912939,16.865878687144406,41.09257525037648,16.866055037799217,41.09320904205983,16.86036794969964,41.093226008438016,16.859824905081403,45.0,0.0
0_90,-33831688,-131752097#1,41.09717150257013,16.862346685598727,41.09717022441964,16.862141610446756,41.09628587040379,16.863506396736675,41.09627339570725,16.863759660301465,44.0,52.0
0_91,-33831688,-25654991#0,41.09717150257013,16.862346685598727,41.09717022441964,16.862141610446756,41.09267829914716,16.854073630954087,41.09207574955028,16.85389154719994,44.0,52.0
0_92,-33831688,-48874524,41.09717150257013,16.862346685598727,41.09717022441964,16.862141610446756,41.09782874807601,16.858422322289133,41.09720965467912,16.86010828803053,44.0,52.0
0_93,-33831688,-50077954,41.09717150257013,16.862346685598727,41.09717022441964,16.862141610446756,41.09590934506375,16.85589778274809,41.094481033476846,16.855484180652265,44.0,52.0
0_94,-33831688,-50370694#0,41.09717150257013,16.862346685598727,41.09717022441964,16.862141610446756,41.09390877175432,16.860555577386883,41.09389978504193,16.86089441913475,44.0,52.0
0_95,-33831688,114953453#6,41.09717150257013,16.862346685598727,41.09717022441964,16.862141610446756,41.09289989869124,16.857979997773366,41.09252833667128,16.85806965698529,44.0,52.0
0_96,-33831688,1223050325#0,41.09717150257013,16.862346685598727,41.09717022441964,16.862141610446756,41.09575898407665,16.861403291409037,41.09578940828096,16.861627521735652,44.0,52.0
0_97,-33831688,1223050326,41.09717150257013,16.862346685598727,41.09717022441964,16.862141610446756,41.09577203818025,16.86132567064774,41.09575898407665,16.861403291409037,44.0,52.0
0_98,-33831688,1226960836#1,41.09717150257013,16.862346685598727,41.09717022441964,16.862141610446756,41.09326327598272,16.856459442663375,41.09325705252129,16.85653261037847,44.0,52.0
0_99,-33831688,131750844#7,41.09717150257013,16.862346685598727,41.09717022441964,16.862141610446756,41.09588692434208,16.86204201283392,41.096023183819085,16.86206015013157,44.0,52.0
0_100,-33831688,131750844#8,41.09717150257013,16.862346685598727,41.09717022441964,16.862141610446756,41.096023183819085,16.86206015013157,41.09607053280287,16.862073156374553,44.0,52.0
0_101,-33831688,131750844#9,41.09717150257013,16.862346685598727,41.09717022441964,16.862141610446756,41.09607053280287,16.862073156374553,41.09624619327664,16.862345189534487,44.0,52.0
0_102,-33831688,131750850#0,41.09717150257013,16.862346685598727,41.09717022441964,16.862141610446756,41.09406666971318,16.861809974981103,41.09374076152227,16.861733142040123,44.0,52.0
0_103,-33831688,131750853#0,41.09717150257013,16.862346685598727,41.09717022441964,16.862141610446756,41.09428507077666,16.861822930016572,41.094248634240174,16.861820234016683,44.0,52.0
0_104,-33831688,131750853#2,41.09717150257013,16.862346685598727,41.09717022441964,16.862141610446756,41.09422326217536,16.861818445841735,41.09406666971318,16.861809974981103,44.0,52.0
0_105,-33831688,131752095#2,41.09717150257013,16.862346685598727,41.09717022441964,16.862141610446756,41.09606913880409,16.857384087393385,41.09607773810893,16.85711333011326,44.0,52.0
0_106,-33831688,25817423#3,41.09717150257013,16.862346685598727,41.09717022441964,16.862141610446756,41.093433790346566,16.855687830843742,41.09352569242476,16.85465158647345,44.0,52.0
0_107,-33831688,25817735#2,41.09717150257013,16.862346685598727,41.09717022441964,16.862141610446756,41.09257525037648,16.866055037799217,41.08991586912939,16.865878687144406,44.0,52.0
0_108,-33831688,25819014#1,41.09717150257013,16.862346685598727,41.09717022441964,16.862141610446756,41.09637979984023,16.861535604961926,41.096390396588056,16.86145398483175,44.0,52.0
0_109,-33831688,25819014#2,41.09717150257013,16.862346685598727,41.09717022441964,16.862141610446756,41.096390396588056,16.86145398483175,41.09617566373433,16.86105237527639,44.0,52.0
0_110,-33831688,25819177#2,41.09717150257013,16.862346685598727,41.09717022441964,16.862141610446756,41.09333584930795,16.855672929401177,41.09331846638719,16.855846153569416,44.0,52.0
0_111,-33831688,25819177#3,41.09717150257013,16.862346685598727,41.09717022441964,16.862141610446756,41.09331846638719,16.855846153569416,41.09330344191395,16.855984796607544,44.0,52.0
0_112,-33831688,25819177#5,41.09717150257013,16.862346685598727,41.09717022441964,16.862141610446756,41.09328897220411,16.85615607855325,41.093276282258536,16.856306336332803,44.0,52.0
0_113,-33831688,28279138#5,41.09717150257013,16.862346685598727,41.09717022441964,16.862141610446756,41.09309962997091,16.8641768999245,41.09122003932151,16.863954806076606,44.0,52.0
0_114,-33831688,28921528#2,41.09717150257013,16.862346685598727,41.09717022441964,16.862141610446756,41.09590934506375,16.85589778274809,41.09589464404242,16.856597607978603,44.0,52.0
0_115,-33831688,28921528#8,41.09717150257013,16.862346685598727,41.09717022441964,16.862141610446756,41.095864883749904,16.858939789299576,41.09579879841287,16.860483307032734,44.0,52.0
0_116,-33831688,30672980#0,41.09717150257013,16.862346685598727,41.09717022441964,16.862141610446756,41.09410258065408,16.854547680343014,41.0940220774019,16.854495884667088,44.0,52.0
0_117,-33831688,30672980#6,41.09717150257013,16.862346685598727,41.09717022441964,16.862141610446756,41.09290701188394,16.85345153155061,41.09274366748828,16.853398004520955,44.0,52.0
0_118,-33831688,30673346,41.09717150257013,16.862346685598727,41.09717022441964,16.862141610446756,41.09289989869124,16.857979997773366,41.0924620240455,16.857540225068156,44.0,52.0
0_119,-33831688,30674315#11,41.09717150257013,16.862346685598727,41.09717022441964,16.862141610446756,41.09762167433529,16.86078183182401,41.0975908593457,16.860854905020272,44.0,52.0
0_120,-33831688,30674315#8,41.09717150257013,16.862346685598727,41.09717022441964,16.862141610446756,41.09783406893447,16.85935956518292,41.09781757948696,16.860074005211207,44.0,52.0
0_121,-33831688,30674315#9,41.09717150257013,16.862346685598727,41.09717022441964,16.862141610446756,41.09781757948696,16.860074005211207,41.09773009884011,16.860532461562137,44.0,52.0
0_122,-33831688,30674359#4,41.09717150257013,16.862346685598727,41.09717022441964,16.862141610446756,41.09788351207976,16.86008527251128,41.097886790174485,16.85993247707892,44.0,52.0
0_123,-33831688,30674359#5,41.09717150257013,16.862346685598727,41.09717022441964,16.862141610446756,41.097886790174485,16.85993247707892,41.097887056561405,16.859358083149928,44.0,52.0
0_124,-33831688,30674385#2,41.09717150257013,16.862346685598727,41.09717022441964,16.862141610446756,41.09752079197923,16.86113857805688,41.097541272342,16.861158803055236,44.0,52.0
0_125,-33831688,30674948,41.09717150257013,16.862346685598727,41.09717022441964,16.862141610446756,41.09346290764322,16.859512259912492,41.0937563740557,16.85923859402608,44.0,52.0
0_126,-33831688,30675059#0,41.09717150257013,16.862346685598727,41.09717022441964,16.862141610446756,41.09575898407665,16.861403291409037,41.09556026737646,16.861799770540163,44.0,52.0
0_127,-33831688,30675059#1,41.09717150257013,16.862346685598727,41.09717022441964,16.862141610446756,41.09556026737646,16.861799770540163,41.09428507077666,16.861822930016572,44.0,52.0
0_128,-33831688,33831688,41.09717150257013,16.862346685598727,41.09717022441964,16.862141610446756,41.09717022441964,16.862141610446756,41.09717150257013,16.862346685598727,44.0,52.0
0_129,-33831688,48563895#1,41.09717150257013,16.862346685598727,41.09717022441964,16.862141610446756,41.094497059549575,16.854662484304253,41.09459493177244,16.85467607291383,44.0,52.0
0_130,-33831688,48563902#0,41.09717150257013,16.862346685598727,41.09717022441964,16.862141610446756,41.093159424293006,16.861119861413044,41.092910609638544,16.861550868324073,44.0,52.0
0_131,-33831688,48874527#2,41.09717150257013,16.862346685598727,41.09717022441964,16.862141610446756,41.094611131446,16.86076995428607,41.09433377805168,16.860614722600705,44.0,52.0
0_132,-33831688,50077954,41.09717150257013,16.862346685598727,41.09717022441964,16.862141610446756,41.094481033476846,16.855484180652265,41.09590934506375,16.85589778274809,44.0,52.0
0_133,-33831688,96606465,41.09717150257013,16.862346685598727,41.09717022441964,16.862141610446756,41.09320904205983,16.86036794969964,41.093226008438016,16.859824905081403,44.0,52.0
0_134,-48874527#2,-131752097#1,41.09433377805168,16.860614722600705,41.094611131446,16.86076995428607,41.09628587040379,16.863506396736675,41.09627339570725,16.863759660301465,45.0,0.0
0_135,-48874527#2,-25654991#0,41.09433377805168,16.860614722600705,41.094611131446,16.86076995428607,41.09267829914716,16.854073630954087,41.09207574955028,16.85389154719994,45.0,0.0
0_136,-48874527#2,-33831688,41.09433377805168,16.860614722600705,41.094611131446,16.86076995428607,41.09717150257013,16.862346685598727,41.09717022441964,16.862141610446756,45.0,0.0
0_137,-48874527#2,-48874524,41.09433377805168,16.860614722600705,41.094611131446,16.86076995428607,41.09782874807601,16.858422322289133,41.09720965467912,16.86010828803053,45.0,0.0
0_138,-48874527#2,-50077954,41.09433377805168,16.860614722600705,41.094611131446,16.86076995428607,41.09590934506375,16.85589778274809,41.094481033476846,16.855484180652265,45.0,0.0
0_139,-48874527#2,-50370694#0,41.09433377805168,16.860614722600705,41.094611131446,16.86076995428607,41.09390877175432,16.860555577386883,41.09389978504193,16.86089441913475,45.0,0.0
0_140,-48874527#2,114953453#6,41.09433377805168,16.860614722600705,41.094611131446,16.86076995428607,41.09289989869124,16.857979997773366,41.09252833667128,16.85806965698529,45.0,0.0
0_141,-48874527#2,1223050325#0,41.09433377805168,16.860614722600705,41.094611131446,16.86076995428607,41.09575898407665,16.861403291409037,41.09578940828096,16.861627521735652,45.0,0.0
0_142,-48874527#2,1223050326,41.09433377805168,16.860614722600705,41.094611131446,16.86076995428607,41.09577203818025,16.86132567064774,41.09575898407665,16.861403291409037,45.0,0.0
0_143,-48874527#2,1226960836#1,41.09433377805168,16.860614722600705,41.094611131446,16.86076995428607,41.09326327598272,16.856459442663375,41.09325705252129,16.85653261037847,45.0,0.0
0_144,-48874527#2,131750844#7,41.09433377805168,16.860614722600705,41.094611131446,16.86076995428607,41.09588692434208,16.86204201283392,41.096023183819085,16.86206015013157,45.0,0.0
0_145,-48874527#2,131750844#8,41.09433377805168,16.860614722600705,41.094611131446,16.86076995428607,41.096023183819085,16.86206015013157,41.09607053280287,16.862073156374553,45.0,0.0
0_146,-48874527#2,131750844#9,41.09433377805168,16.860614722600705,41.094611131446,16.86076995428607,41.09607053280287,16.862073156374553,41.09624619327664,16.862345189534487,45.0,0.0
0_147,-48874527#2,131750850#0,41.09433377805168,16.860614722600705,41.094611131446,16.86076995428607,41.09406666971318,16.861809974981103,41.09374076152227,16.861733142040123,45.0,0.0
0_148,-48874527#2,131750853#0,41.09433377805168,16.860614722600705,41.094611131446,16.86076995428607,41.09428507077666,16.861822930016572,41.094248634240174,16.861820234016683,45.0,0.0
0_149,-48874527#2,131750853#2,41.09433377805168,16.860614722600705,41.094611131446,16.86076995428607,41.09422326217536,16.861818445841735,41.09406666971318,16.861809974981103,45.0,0.0
0_150,-48874527#2,131752095#2,41.09433377805168,16.860614722600705,41.094611131446,16.86076995428607,41.09606913880409,16.857384087393385,41.09607773810893,16.85711333011326,45.0,0.0
0_151,-48874527#2,25817423#3,41.09433377805168,16.860614722600705,41.094611131446,16.86076995428607,41.093433790346566,16.855687830843742,41.09352569242476,16.85465158647345,45.0,0.0
0_152,-48874527#2,25817735#2,41.09433377805168,16.860614722600705,41.094611131446,16.86076995428607,41.09257525037648,16.866055037799217,41.08991586912939,16.865878687144406,45.0,0.0
0_153,-48874527#2,25819014#1,41.09433377805168,16.860614722600705,41.094611131446,16.86076995428607,41.09637979984023,16.861535604961926,41.096390396588056,16.86145398483175,45.0,0.0
0_154,-48874527#2,25819014#2,41.09433377805168,16.860614722600705,41.094611131446,16.86076995428607,41.096390396588056,16.86145398483175,41.09617566373433,16.86105237527639,45.0,0.0
0_155,-48874527#2,25819177#2,41.09433377805168,16.860614722600705,41.094611131446,16.86076995428607,41.09333584930795,16.855672929401177,41.09331846638719,16.855846153569416,45.0,0.0
0_156,-48874527#2,25819177#3,41.09433377805168,16.860614722600705,41.094611131446,16.86076995428607,41.09331846638719,16.855846153569416,41.09330344191395,16.855984796607544,45.0,0.0
0_157,-48874527#2,25819177#5,41.09433377805168,16.860614722600705,41.094611131446,16.86076995428607,41.09328897220411,16.85615607855325,41.093276282258536,16.856306336332803,45.0,0.0
0_158,-48874527#2,28279138#5,41.09433377805168,16.860614722600705,41.094611131446,16.86076995428607,41.09309962997091,16.8641768999245,41.09122003932151,16.863954806076606,45.0,0.0
0_159,-48874527#2,28921528#2,41.09433377805168,16.860614722600705,41.094611131446,16.86076995428607,41.09590934506375,16.85589778274809,41.09589464404242,16.856597607978603,45.0,0.0
0_160,-48874527#2,28921528#8,41.09433377805168,16.860614722600705,41.094611131446,16.86076995428607,41.095864883749904,16.858939789299576,41.09579879841287,16.860483307032734,45.0,0.0
0_161,-48874527#2,30672980#0,41.09433377805168,16.860614722600705,41.094611131446,16.86076995428607,41.09410258065408,16.854547680343014,41.0940220774019,16.854495884667088,45.0,0.0
0_162,-48874527#2,30672980#6,41.09433377805168,16.860614722600705,41.094611131446,16.86076995428607,41.09290701188394,16.85345153155061,41.09274366748828,16.853398004520955,45.0,0.0
0_163,-48874527#2,30673346,41.09433377805168,16.860614722600705,41.094611131446,16.86076995428607,41.09289989869124,16.857979997773366,41.0924620240455,16.857540225068156,45.0,0.0
0_164,-48874527#2,30674315#11,41.09433377805168,16.860614722600705,41.094611131446,16.86076995428607,41.09762167433529,16.86078183182401,41.0975908593457,16.860854905020272,45.0,0.0
0_165,-48874527#2,30674315#8,41.09433377805168,16.860614722600705,41.094611131446,16.86076995428607,41.09783406893447,16.85935956518292,41.09781757948696,16.860074005211207,45.0,0.0
0_166,-48874527#2,30674315#9,41.09433377805168,16.860614722600705,41.094611131446,16.86076995428607,41.09781757948696,16.860074005211207,41.09773009884011,16.860532461562137,45.0,0.0
0_167,-48874527#2,30674359#4,41.09433377805168,16.860614722600705,41.094611131446,16.86076995428607,41.09788351207976,16.86008527251128,41.097886790174485,16.85993247707892,45.0,0.0
0_168,-48874527#2,30674359#5,41.09433377805168,16.860614722600705,41.094611131446,16.86076995428607,41.097886790174485,16.85993247707892,41.097887056561405,16.859358083149928,45.0,0.0
0_169,-48874527#2,30674385#2,41.09433377805168,16.860614722600705,41.094611131446,16.86076995428607,41.09752079197923,16.86113857805688,41.097541272342,16.861158803055236,45.0,0.0
0_170,-48874527#2,30674948,41.09433377805168,16.860614722600705,41.094611131446,16.86076995428607,41.09346290764322,16.859512259912492,41.0937563740557,16.85923859402608,45.0,0.0
0_171,-48874527#2,30675059#0,41.09433377805168,16.860614722600705,41.094611131446,16.86076995428607,41.09575898407665,16.861403291409037,41.09556026737646,16.861799770540163,45.0,0.0
0_172,-48874527#2,30675059#1,41.09433377805168,16.860614722600705,41.094611131446,16.86076995428607,41.09556026737646,16.861799770540163,41.09428507077666,16.861822930016572,45.0,0.0
0_173,-48874527#2,33831688,41.09433377805168,16.860614722600705,41.094611131446,16.86076995428607,41.09717022441964,16.862141610446756,41.09717150257013,16.862346685598727,45.0,0.0
0_174,-48874527#2,48563895#1,41.09433377805168,16.860614722600705,41.094611131446,16.86076995428607,41.094497059549575,16.854662484304253,41.09459493177244,16.85467607291383,45.0,0.0
0_175,-48874527#2,48563902#0,41.09433377805168,16.860614722600705,41.094611131446,16.86076995428607,41.093159424293006,16.861119861413044,41.092910609638544,16.861550868324073,45.0,0.0
0_176,-48874527#2,48874527#2,41.09433377805168,16.860614722600705,41.094611131446,16.86076995428607,41.094611131446,16.86076995428607,41.09433377805168,16.860614722600705,45.0,0.0
0_177,-48874527#2,50077954,41.09433377805168,16.860614722600705,41.094611131446,16.86076995428607,41.094481033476846,16.855484180652265,41.09590934506375,16.85589778274809,45.0,0.0
0_178,-48874527#2,96606465,41.09433377805168,16.860614722600705,41.094611131446,16.86076995428607,41.09320904205983,16.86036794969964,41.093226008438016,16.859824905081403,45.0,0.0
0_179,1226960836#0,-131752097#1,41.093276282258536,16.856306336332803,41.09326327598272,16.856459442663375,41.09628587040379,16.863506396736675,41.09627339570725,16.863759660301465,45.0,0.0
0_180,1226960836#0,-25654991#0,41.093276282258536,16.856306336332803,41.09326327598272,16.856459442663375,41.09267829914716,16.854073630954087,41.09207574955028,16.85389154719994,45.0,0.0
0_181,1226960836#0,-33831688,41.093276282258536,16.856306336332803,41.09326327598272,16.856459442663375,41.09717150257013,16.862346685598727,41.09717022441964,16.862141610446756,45.0,0.0
0_182,1226960836#0,-48874524,41.093276282258536,16.856306336332803,41.09326327598272,16.856459442663375,41.09782874807601,16.858422322289133,41.09720965467912,16.86010828803053,45.0,0.0
0_183,1226960836#0,-50077954,41.093276282258536,16.856306336332803,41.09326327598272,16.856459442663375,41.09590934506375,16.85589778274809,41.094481033476846,16.855484180652265,45.0,0.0
0_184,1226960836#0,-50370694#0,41.093276282258536,16.856306336332803,41.09326327598272,16.856459442663375,41.09390877175432,16.860555577386883,41.09389978504193,16.86089441913475,45.0,0.0
0_185,1226960836#0,114953453#6,41.093276282258536,16.856306336332803,41.09326327598272,16.856459442663375,41.09289989869124,16.857979997773366,41.09252833667128,16.85806965698529,45.0,0.0
0_186,1226960836#0,1223050325#0,41.093276282258536,16.856306336332803,41.09326327598272,16.856459442663375,41.09575898407665,16.861403291409037,41.09578940828096,16.861627521735652,45.0,0.0
0_187,1226960836#0,1223050326,41.093276282258536,16.856306336332803,41.09326327598272,16.856459442663375,41.09577203818025,16.86132567064774,41.09575898407665,16.861403291409037,45.0,0.0
0_188,1226960836#0,1226960836#1,41.093276282258536,16.856306336332803,41.09326327598272,16.856459442663375,41.09326327598272,16.856459442663375,41.09325705252129,16.85653261037847,45.0,0.0
0_189,1226960836#0,131750844#7,41.093276282258536,16.856306336332803,41.09326327598272,16.856459442663375,41.09588692434208,16.86204201283392,41.096023183819085,16.86206015013157,45.0,0.0
0_190,1226960836#0,131750844#8,41.093276282258536,16.856306336332803,41.09326327598272,16.856459442663375,41.096023183819085,16.86206015013157,41.09607053280287,16.862073156374553,45.0,0.0
0_191,1226960836#0,131750844#9,41.093276282258536,16.856306336332803,41.09326327598272,16.856459442663375,41.09607053280287,16.862073156374553,41.09624619327664,16.862345189534487,45.0,0.0
0_192,1226960836#0,131750850#0,41.093276282258536,16.856306336332803,41.09326327598272,16.856459442663375,41.09406666971318,16.861809974981103,41.09374076152227,16.861733142040123,45.0,0.0
0_193,1226960836#0,131750853#0,41.093276282258536,16.856306336332803,41.09326327598272,16.856459442663375,41.09428507077666,16.861822930016572,41.094248634240174,16.861820234016683,45.0,0.0
0_194,1226960836#0,131750853#2,41.093276282258536,16.856306336332803,41.09326327598272,16.856459442663375,41.09422326217536,16.861818445841735,41.09406666971318,16.861809974981103,45.0,0.0
0_195,1226960836#0,131752095#2,41.093276282258536,16.856306336332803,41.09326327598272,16.856459442663375,41.09606913880409,16.857384087393385,41.09607773810893,16.85711333011326,45.0,0.0
0_196,1226960836#0,25817423#3,41.093276282258536,16.856306336332803,41.09326327598272,16.856459442663375,41.093433790346566,16.855687830843742,41.09352569242476,16.85465158647345,45.0,0.0
0_197,1226960836#0,25817735#2,41.093276282258536,16.856306336332803,41.09326327598272,16.856459442663375,41.09257525037648,16.866055037799217,41.08991586912939,16.865878687144406,45.0,0.0
0_198,1226960836#0,25819014#1,41.093276282258536,16.856306336332803,41.09326327598272,16.856459442663375,41.09637979984023,16.861535604961926,41.096390396588056,16.86145398483175,45.0,0.0
0_199,1226960836#0,25819014#2,41.093276282258536,16.856306336332803,41.09326327598272,16.856459442663375,41.096390396588056,16.86145398483175,41.09617566373433,16.86105237527639,45.0,0.0
0_200,1226960836#0,25819177#2,41.093276282258536,16.856306336332803,41.09326327598272,16.856459442663375,41.09333584930795,16.855672929401177,41.09331846638719,16.855846153569416,45.0,0.0
0_201,1226960836#0,25819177#3,41.093276282258536,16.856306336332803,41.09326327598272,16.856459442663375,41.09331846638719,16.855846153569416,41.09330344191395,16.855984796607544,45.0,0.0
0_202,1226960836#0,25819177#5,41.093276282258536,16.856306336332803,41.09326327598272,16.856459442663375,41.09328897220411,16.85615607855325,41.093276282258536,16.856306336332803,45.0,0.0
0_203,1226960836#0,28279138#5,41.093276282258536,16.856306336332803,41.09326327598272,16.856459442663375,41.09309962997091,16.8641768999245,41.09122003932151,16.863954806076606,45.0,0.0
0_204,1226960836#0,28921528#2,41.093276282258536,16.856306336332803,41.09326327598272,16.856459442663375,41.09590934506375,16.85589778274809,41.09589464404242,16.856597607978603,45.0,0.0
0_205,1226960836#0,28921528#8,41.093276282258536,16.856306336332803,41.09326327598272,16.856459442663375,41.095864883749904,16.858939789299576,41.09579879841287,16.860483307032734,45.0,0.0
0_206,1226960836#0,30672980#0,41.093276282258536,16.856306336332803,41.09326327598272,16.856459442663375,41.09410258065408,16.854547680343014,41.0940220774019,16.854495884667088,45.0,0.0
0_207,1226960836#0,30672980#6,41.093276282258536,16.856306336332803,41.09326327598272,16.856459442663375,41.09290701188394,16.85345153155061,41.09274366748828,16.853398004520955,45.0,0.0
0_208,1226960836#0,30673346,41.093276282258536,16.856306336332803,41.09326327598272,16.856459442663375,41.09289989869124,16.857979997773366,41.0924620240455,16.857540225068156,45.0,0.0
0_209,1226960836#0,30674315#11,41.093276282258536,16.856306336332803,41.09326327598272,16.856459442663375,41.09762167433529,16.86078183182401,41.0975908593457,16.860854905020272,45.0,0.0
0_210,1226960836#0,30674315#8,41.093276282258536,16.856306336332803,41.09326327598272,16.856459442663375,41.09783406893447,16.85935956518292,41.09781757948696,16.860074005211207,45.0,0.0
0_211,1226960836#0,30674315#9,41.093276282258536,16.856306336332803,41.09326327598272,16.856459442663375,41.09781757948696,16.860074005211207,41.09773009884011,16.860532461562137,45.0,0.0
0_212,1226960836#0,30674359#4,41.093276282258536,16.856306336332803,41.09326327598272,16.856459442663375,41.09788351207976,16.86008527251128,41.097886790174485,16.85993247707892,45.0,0.0
0_213,1226960836#0,30674359#5,41.093276282258536,16.856306336332803,41.09326327598272,16.856459442663375,41.097886790174485,16.85993247707892,41.097887056561405,16.859358083149928,45.0,0.0
0_214,1226960836#0,30674385#2,41.093276282258536,16.856306336332803,41.09326327598272,16.856459442663375,41.09752079197923,16.86113857805688,41.097541272342,16.861158803055236,45.0,0.0
0_215,1226960836#0,30674948,41.093276282258536,16.856306336332803,41.09326327598272,16.856459442663375,41.09346290764322,16.859512259912492,41.0937563740557,16.85923859402608,45.0,0.0
0_216,1226960836#0,30675059#0,41.093276282258536,16.856306336332803,41.09326327598272,16.856459442663375,41.09575898407665,16.861403291409037,41.09556026737646,16.861799770540163,45.0,0.0
0_217,1226960836#0,30675059#1,41.093276282258536,16.856306336332803,41.09326327598272,16.856459442663375,41.09556026737646,16.861799770540163,41.09428507077666,16.861822930016572,45.0,0.0
0_218,1226960836#0,33831688,41.093276282258536,16.856306336332803,41.09326327598272,16.856459442663375,41.09717022441964,16.862141610446756,41.09717150257013,16.862346685598727,45.0,0.0
0_219,1226960836#0,48563895#1,41.093276282258536,16.856306336332803,41.09326327598272,16.856459442663375,41.094497059549575,16.854662484304253,41.09459493177244,16.85467607291383,45.0,0.0
0_220,1226960836#0,48563902#0,41.093276282258536,16.856306336332803,41.09326327598272,16.856459442663375,41.093159424293006,16.861119861413044,41.092910609638544,16.861550868324073,45.0,0.0
0_221,1226960836#0,48874527#2,41.093276282258536,16.856306336332803,41.09326327598272,16.856459442663375,41.094611131446,16.86076995428607,41.09433377805168,16.860614722600705,45.0,0.0
0_222,1226960836#0,50077954,41.093276282258536,16.856306336332803,41.09326327598272,16.856459442663375,41.094481033476846,16.855484180652265,41.09590934506375,16.85589778274809,45.0,0.0
0_223,1226960836#0,96606465,41.093276282258536,16.856306336332803,41.09326327598272,16.856459442663375,41.09320904205983,16.86036794969964,41.093226008438016,16.859824905081403,45.0,0.0
0_224,131750844#6,-131752097#1,41.09565135091025,16.86201595031514,41.09588692434208,16.86204201283392,41.09628587040379,16.863506396736675,41.09627339570725,16.863759660301465,45.0,0.0
0_225,131750844#6,-25654991#0,41.09565135091025,16.86201595031514,41.09588692434208,16.86204201283392,41.09267829914716,16.854073630954087,41.09207574955028,16.85389154719994,45.0,0.0
0_226,131750844#6,-33831688,41.09565135091025,16.86201595031514,41.09588692434208,16.86204201283392,41.09717150257013,16.862346685598727,41.09717022441964,16.862141610446756,45.0,0.0
0_227,131750844#6,-48874524,41.09565135091025,16.86201595031514,41.09588692434208,16.86204201283392,41.09782874807601,16.858422322289133,41.09720965467912,16.86010828803053,45.0,0.0
0_228,131750844#6,-50077954,41.09565135091025,16.86201595031514,41.09588692434208,16.86204201283392,41.09590934506375,16.85589778274809,41.094481033476846,16.855484180652265,45.0,0.0
0_229,131750844#6,-50370694#0,41.09565135091025,16.86201595031514,41.09588692434208,16.86204201283392,41.09390877175432,16.860555577386883,41.09389978504193,16.86089441913475,45.0,0.0
0_230,131750844#6,114953453#6,41.09565135091025,16.86201595031514,41.09588692434208,16.86204201283392,41.09289989869124,16.857979997773366,41.09252833667128,16.85806965698529,45.0,0.0
0_231,131750844#6,1223050325#0,41.09565135091025,16.86201595031514,41.09588692434208,16.86204201283392,41.09575898407665,16.861403291409037,41.09578940828096,16.861627521735652,45.0,0.0
0_232,131750844#6,1223050326,41.09565135091025,16.86201595031514,41.09588692434208,16.86204201283392,41.09577203818025,16.86132567064774,41.09575898407665,16.861403291409037,45.0,0.0
0_233,131750844#6,1226960836#1,41.09565135091025,16.86201595031514,41.09588692434208,16.86204201283392,41.09326327598272,16.856459442663375,41.09325705252129,16.85653261037847,45.0,0.0
0_234,131750844#6,131750844#7,41.09565135091025,16.86201595031514,41.09588692434208,16.86204201283392,41.09588692434208,16.86204201283392,41.096023183819085,16.86206015013157,45.0,0.0
0_235,131750844#6,131750844#8,41.09565135091025,16.86201595031514,41.09588692434208,16.86204201283392,41.096023183819085,16.86206015013157,41.09607053280287,16.862073156374553,45.0,0.0
0_236,131750844#6,131750844#9,41.09565135091025,16.86201595031514,41.09588692434208,16.86204201283392,41.09607053280287,16.862073156374553,41.09624619327664,16.862345189534487,45.0,0.0
0_237,131750844#6,131750850#0,41.09565135091025,16.86201595031514,41.09588692434208,16.86204201283392,41.09406666971318,16.861809974981103,41.09374076152227,16.861733142040123,45.0,0.0
0_238,131750844#6,131750853#0,41.09565135091025,16.86201595031514,41.09588692434208,16.86204201283392,41.09428507077666,16.861822930016572,41.094248634240174,16.861820234016683,45.0,0.0
0_239,131750844#6,131750853#2,41.09565135091025,16.86201595031514,41.09588692434208,16.86204201283392,41.09422326217536,16.861818445841735,41.09406666971318,16.861809974981103,45.0,0.0
0_240,131750844#6,131752095#2,41.09565135091025,16.86201595031514,41.09588692434208,16.86204201283392,41.09606913880409,16.857384087393385,41.09607773810893,16.85711333011326,45.0,0.0
0_241,131750844#6,25817423#3,41.09565135091025,16.86201595031514,41.09588692434208,16.86204201283392,41.093433790346566,16.855687830843742,41.09352569242476,16.85465158647345,45.0,0.0
0_242,131750844#6,25817735#2,41.09565135091025,16.86201595031514,41.09588692434208,16.86204201283392,41.09257525037648,16.866055037799217,41.08991586912939,16.865878687144406,45.0,0.0
0_243,131750844#6,25819014#1,41.09565135091025,16.86201595031514,41.09588692434208,16.86204201283392,41.09637979984023,16.861535604961926,41.096390396588056,16.86145398483175,45.0,0.0
0_244,131750844#6,25819014#2,41.09565135091025,16.86201595031514,41.09588692434208,16.86204201283392,41.096390396588056,16.86145398483175,41.09617566373433,16.86105237527639,45.0,0.0
0_245,131750844#6,25819177#2,41.09565135091025,16.86201595031514,41.09588692434208,16.86204201283392,41.09333584930795,16.855672929401177,41.09331846638719,16.855846153569416,45.0,0.0
0_246,131750844#6,25819177#3,41.09565135091025,16.86201595031514,41.09588692434208,16.86204201283392,41.09331846638719,16.855846153569416,41.09330344191395,16.855984796607544,45.0,0.0
0_247,131750844#6,25819177#5,41.09565135091025,16.86201595031514,41.09588692434208,16.86204201283392,41.09328897220411,16.85615607855325,41.093276282258536,16.856306336332803,45.0,0.0
0_248,131750844#6,28279138#5,41.09565135091025,16.86201595031514,41.09588692434208,16.86204201283392,41.09309962997091,16.8641768999245,41.09122003932151,16.863954806076606,45.0,0.0
0_249,131750844#6,28921528#2,41.09565135091025,16.86201595031514,41.09588692434208,16.86204201283392,41.09590934506375,16.85589778274809,41.09589464404242,16.856597607978603,45.0,0.0
0_250,131750844#6,28921528#8,41.09565135091025,16.86201595031514,41.09588692434208,16.86204201283392,41.095864883749904,16.858939789299576,41.09579879841287,16.860483307032734,45.0,0.0
0_251,131750844#6,30672980#0,41.09565135091025,16.86201595031514,41.09588692434208,16.86204201283392,41.09410258065408,16.854547680343014,41.0940220774019,16.854495884667088,45.0,0.0
0_252,131750844#6,30672980#6,41.09565135091025,16.86201595031514,41.09588692434208,16.86204201283392,41.09290701188394,16.85345153155061,41.09274366748828,16.853398004520955,45.0,0.0
0_253,131750844#6,30673346,41.09565135091025,16.86201595031514,41.09588692434208,16.86204201283392,41.09289989869124,16.857979997773366,41.0924620240455,16.857540225068156,45.0,0.0
0_254,131750844#6,30674315#11,41.09565135091025,16.86201595031514,41.09588692434208,16.86204201283392,41.09762167433529,16.86078183182401,41.0975908593457,16.860854905020272,45.0,0.0
0_255,131750844#6,30674315#8,41.09565135091025,16.86201595031514,41.09588692434208,16.86204201283392,41.09783406893447,16.85935956518292,41.09781757948696,16.860074005211207,45.0,0.0
0_256,131750844#6,30674315#9,41.09565135091025,16.86201595031514,41.09588692434208,16.86204201283392,41.09781757948696,16.860074005211207,41.09773009884011,16.860532461562137,45.0,0.0
0_257,131750844#6,30674359#4,41.09565135091025,16.86201595031514,41.09588692434208,16.86204201283392,41.09788351207976,16.86008527251128,41.097886790174485,16.85993247707892,45.0,0.0
0_258,131750844#6,30674359#5,41.09565135091025,16.86201595031514,41.09588692434208,16.86204201283392,41.097886790174485,16.85993247707892,41.097887056561405,16.859358083149928,45.0,0.0
0_259,131750844#6,30674385#2,41.09565135091025,16.86201595031514,41.09588692434208,16.86204201283392,41.09752079197923,16.86113857805688,41.097541272342,16.861158803055236,45.0,0.0
0_260,131750844#6,30674948,41.09565135091025,16.86201595031514,41.09588692434208,16.86204201283392,41.09346290764322,16.859512259912492,41.0937563740557,16.85923859402608,45.0,0.0
0_261,131750844#6,30675059#0,41.09565135091025,16.86201595031514,41.09588692434208,16.86204201283392,41.09575898407665,16.861403291409037,41.09556026737646,16.861799770540163,45.0,0.0
0_262,131750844#6,30675059#1,41.09565135091025,16.86201595031514,41.09588692434208,16.86204201283392,41.09556026737646,16.861799770540163,41.09428507077666,16.861822930016572,45.0,0.0
0_263,131750844#6,33831688,41.09565135091025,16.86201595031514,41.09588692434208,16.86204201283392,41.09717022441964,16.862141610446756,41.09717150257013,16.862346685598727,45.0,0.0
0_264,131750844#6,48563895#1,41.09565135091025,16.86201595031514,41.09588692434208,16.86204201283392,41.094497059549575,16.854662484304253,41.09459493177244,16.85467607291383,45.0,0.0
0_265,131750844#6,48563902#0,41.09565135091025,16.86201595031514,41.09588692434208,16.86204201283392,41.093159424293006,16.861119861413044,41.092910609638544,16.861550868324073,45.0,0.0
0_266,131750844#6,48874527#2,41.09565135091025,16.86201595031514,41.09588692434208,16.86204201283392,41.094611131446,16.86076995428607,41.09433377805168,16.860614722600705,45.0,0.0
0_267,131750844#6,50077954,41.09565135091025,16.86201595031514,41.09588692434208,16.86204201283392,41.094481033476846,16.855484180652265,41.09590934506375,16.85589778274809,45.0,0.0
0_268,131750844#6,96606465,41.09565135091025,16.86201595031514,41.09588692434208,16.86204201283392,41.09320904205983,16.86036794969964,41.093226008438016,16.859824905081403,45.0,0.0
0_269,131750844#7,-131752097#1,41.09588692434208,16.86204201283392,41.096023183819085,16.86206015013157,41.09628587040379,16.863506396736675,41.09627339570725,16.863759660301465,44.0,52.0
0_270,131750844#7,-25654991#0,41.09588692434208,16.86204201283392,41.096023183819085,16.86206015013157,41.09267829914716,16.854073630954087,41.09207574955028,16.85389154719994,44.0,52.0
0_271,131750844#7,-33831688,41.09588692434208,16.86204201283392,41.096023183819085,16.86206015013157,41.09717150257013,16.862346685598727,41.09717022441964,16.862141610446756,44.0,52.0
0_272,131750844#7,-48874524,41.09588692434208,16.86204201283392,41.096023183819085,16.86206015013157,41.09782874807601,16.858422322289133,41.09720965467912,16.86010828803053,44.0,52.0
0_273,131750844#7,-50077954,41.09588692434208,16.86204201283392,41.096023183819085,16.86206015013157,41.09590934506375,16.85589778274809,41.094481033476846,16.855484180652265,44.0,52.0
0_274,131750844#7,-50370694#0,41.09588692434208,16.86204201283392,41.096023183819085,16.86206015013157,41.09390877175432,16.860555577386883,41.09389978504193,16.86089441913475,44.0,52.0
0_275,131750844#7,114953453#6,41.09588692434208,16.86204201283392,41.096023183819085,16.86206015013157,41.09289989869124,16.857979997773366,41.09252833667128,16.85806965698529,44.0,52.0
0_276,131750844#7,1223050325#0,41.09588692434208,16.86204201283392,41.096023183819085,16.86206015013157,41.09575898407665,16.861403291409037,41.09578940828096,16.861627521735652,44.0,52.0
0_277,131750844#7,1223050326,41.09588692434208,16.86204201283392,41.096023183819085,16.86206015013157,41.09577203818025,16.86132567064774,41.09575898407665,16.861403291409037,44.0,52.0
0_278,131750844#7,1226960836#1,41.09588692434208,16.86204201283392,41.096023183819085,16.86206015013157,41.09326327598272,16.856459442663375,41.09325705252129,16.85653261037847,44.0,52.0
0_279,131750844#7,131750844#8,41.09588692434208,16.86204201283392,41.096023183819085,16.86206015013157,41.096023183819085,16.86206015013157,41.09607053280287,16.862073156374553,44.0,52.0
0_280,131750844#7,131750844#9,41.09588692434208,16.86204201283392,41.096023183819085,16.86206015013157,41.09607053280287,16.862073156374553,41.09624619327664,16.862345189534487,44.0,52.0
0_281,131750844#7,131750850#0,41.09588692434208,16.86204201283392,41.096023183819085,16.86206015013157,41.09406666971318,16.861809974981103,41.09374076152227,16.861733142040123,44.0,52.0
0_282,131750844#7,131750853#0,41.09588692434208,16.86204201283392,41.096023183819085,16.86206015013157,41.09428507077666,16.861822930016572,41.094248634240174,16.861820234016683,44.0,52.0
0_283,131750844#7,131750853#2,41.09588692434208,16.86204201283392,41.096023183819085,16.86206015013157,41.09422326217536,16.861818445841735,41.09406666971318,16.861809974981103,44.0,52.0
0_284,131750844#7,131752095#2,41.09588692434208,16.86204201283392,41.096023183819085,16.86206015013157,41.09606913880409,16.857384087393385,41.09607773810893,16.85711333011326,44.0,52.0
0_285,131750844#7,25817423#3,41.09588692434208,16.86204201283392,41.096023183819085,16.86206015013157,41.093433790346566,16.855687830843742,41.09352569242476,16.85465158647345,44.0,52.0
0_286,131750844#7,25817735#2,41.09588692434208,16.86204201283392,41.096023183819085,16.86206015013157,41.09257525037648,16.866055037799217,41.08991586912939,16.865878687144406,44.0,52.0
0_287,131750844#7,25819014#1,41.09588692434208,16.86204201283392,41.096023183819085,16.86206015013157,41.09637979984023,16.861535604961926,41.096390396588056,16.86145398483175,44.0,52.0
0_288,131750844#7,25819014#2,41.09588692434208,16.86204201283392,41.096023183819085,16.86206015013157,41.096390396588056,16.86145398483175,41.09617566373433,16.86105237527639,44.0,52.0
0_289,131750844#7,25819177#2,41.09588692434208,16.86204201283392,41.096023183819085,16.86206015013157,41.09333584930795,16.855672929401177,41.09331846638719,16.855846153569416,44.0,52.0
0_290,131750844#7,25819177#3,41.09588692434208,16.86204201283392,41.096023183819085,16.86206015013157,41.09331846638719,16.855846153569416,41.09330344191395,16.855984796607544,44.0,52.0
0_291,131750844#7,25819177#5,41.09588692434208,16.86204201283392,41.096023183819085,16.86206015013157,41.09328897220411,16.85615607855325,41.093276282258536,16.856306336332803,44.0,52.0
0_292,131750844#7,28279138#5,41.09588692434208,16.86204201283392,41.096023183819085,16.86206015013157,41.09309962997091,16.8641768999245,41.09122003932151,16.863954806076606,44.0,52.0
0_293,131750844#7,28921528#2,41.09588692434208,16.86204201283392,41.096023183819085,16.86206015013157,41.09590934506375,16.85589778274809,41.09589464404242,16.856597607978603,44.0,52.0
0_294,131750844#7,28921528#8,41.09588692434208,16.86204201283392,41.096023183819085,16.86206015013157,41.095864883749904,16.858939789299576,41.09579879841287,16.860483307032734,44.0,52.0
0_295,131750844#7,30672980#0,41.09588692434208,16.86204201283392,41.096023183819085,16.86206015013157,41.09410258065408,16.854547680343014,41.0940220774019,16.854495884667088,44.0,52.0
0_296,131750844#7,30672980#6,41.09588692434208,16.86204201283392,41.096023183819085,16.86206015013157,41.09290701188394,16.85345153155061,41.09274366748828,16.853398004520955,44.0,52.0
0_297,131750844#7,30673346,41.09588692434208,16.86204201283392,41.096023183819085,16.86206015013157,41.09289989869124,16.857979997773366,41.0924620240455,16.857540225068156,44.0,52.0
0_298,131750844#7,30674315#11,41.09588692434208,16.86204201283392,41.096023183819085,16.86206015013157,41.09762167433529,16.86078183182401,41.0975908593457,16.860854905020272,44.0,52.0
0_299,131750844#7,30674315#8,41.09588692434208,16.86204201283392,41.096023183819085,16.86206015013157,41.09783406893447,16.85935956518292,41.09781757948696,16.860074005211207,44.0,52.0
0_300,131750844#7,30674315#9,41.09588692434208,16.86204201283392,41.096023183819085,16.86206015013157,41.09781757948696,16.860074005211207,41.09773009884011,16.860532461562137,44.0,52.0
0_301,131750844#7,30674359#4,41.09588692434208,16.86204201283392,41.096023183819085,16.86206015013157,41.09788351207976,16.86008527251128,41.097886790174485,16.85993247707892,44.0,52.0
0_302,131750844#7,30674359#5,41.09588692434208,16.86204201283392,41.096023183819085,16.86206015013157,41.097886790174485,16.85993247707892,41.097887056561405,16.859358083149928,44.0,52.0
0_303,131750844#7,30674385#2,41.09588692434208,16.86204201283392,41.096023183819085,16.86206015013157,41.09752079197923,16.86113857805688,41.097541272342,16.861158803055236,44.0,52.0
0_304,131750844#7,30674948,41.09588692434208,16.86204201283392,41.096023183819085,16.86206015013157,41.09346290764322,16.859512259912492,41.0937563740557,16.85923859402608,44.0,52.0
0_305,131750844#7,30675059#0,41.09588692434208,16.86204201283392,41.096023183819085,16.86206015013157,41.09575898407665,16.861403291409037,41.09556026737646,16.861799770540163,44.0,52.0
0_306,131750844#7,30675059#1,41.09588692434208,16.86204201283392,41.096023183819085,16.86206015013157,41.09556026737646,16.861799770540163,41.09428507077666,16.861822930016572,44.0,52.0
0_307,131750844#7,33831688,41.09588692434208,16.86204201283392,41.096023183819085,16.86206015013157,41.09717022441964,16.862141610446756,41.09717150257013,16.862346685598727,44.0,52.0
0_308,131750844#7,48563895#1,41.09588692434208,16.86204201283392,41.096023183819085,16.86206015013157,41.094497059549575,16.854662484304253,41.09459493177244,16.85467607291383,44.0,52.0
0_309,131750844#7,48563902#0,41.09588692434208,16.86204201283392,41.096023183819085,16.86206015013157,41.093159424293006,16.861119861413044,41.092910609638544,16.861550868324073,44.0,52.0
0_310,131750844#7,48874527#2,41.09588692434208,16.86204201283392,41.096023183819085,16.86206015013157,41.094611131446,16.86076995428607,41.09433377805168,16.860614722600705,44.0,52.0
0_311,131750844#7,50077954,41.09588692434208,16.86204201283392,41.096023183819085,16.86206015013157,41.094481033476846,16.855484180652265,41.09590934506375,16.85589778274809,44.0,52.0
0_312,131750844#7,96606465,41.09588692434208,16.86204201283392,41.096023183819085,16.86206015013157,41.09320904205983,16.86036794969964,41.093226008438016,16.859824905081403,44.0,52.0
0_313,131750850#0,-131752097#1,41.09406666971318,16.861809974981103,41.09374076152227,16.861733142040123,41.09628587040379,16.863506396736675,41.09627339570725,16.863759660301465,44.0,52.0
0_314,131750850#0,-25654991#0,41.09406666971318,16.861809974981103,41.09374076152227,16.861733142040123,41.09267829914716,16.854073630954087,41.09207574955028,16.85389154719994,44.0,52.0
0_315,131750850#0,-33831688,41.09406666971318,16.861809974981103,41.09374076152227,16.861733142040123,41.09717150257013,16.862346685598727,41.09717022441964,16.862141610446756,44.0,52.0
0_316,131750850#0,-48874524,41.09406666971318,16.861809974981103,41.09374076152227,16.861733142040123,41.09782874807601,16.858422322289133,41.09720965467912,16.86010828803053,44.0,52.0
0_317,131750850#0,-50077954,41.09406666971318,16.861809974981103,41.09374076152227,16.861733142040123,41.09590934506375,16.85589778274809,41.094481033476846,16.855484180652265,44.0,52.0
0_318,131750850#0,-50370694#0,41.09406666971318,16.861809974981103,41.09374076152227,16.861733142040123,41.09390877175432,16.860555577386883,41.09389978504193,16.86089441913475,44.0,52.0
0_319,131750850#0,114953453#6,41.09406666971318,16.861809974981103,41.09374076152227,16.861733142040123,41.09289989869124,16.857979997773366,41.09252833667128,16.85806965698529,44.0,52.0
0_320,131750850#0,1223050325#0,41.09406666971318,16.861809974981103,41.09374076152227,16.861733142040123,41.09575898407665,16.861403291409037,41.09578940828096,16.861627521735652,44.0,52.0
0_321,131750850#0,1223050326,41.09406666971318,16.861809974981103,41.09374076152227,16.861733142040123,41.09577203818025,16.86132567064774,41.09575898407665,16.861403291409037,44.0,52.0
0_322,131750850#0,1226960836#1,41.09406666971318,16.861809974981103,41.09374076152227,16.861733142040123,41.09326327598272,16.856459442663375,41.09325705252129,16.85653261037847,44.0,52.0
0_323,131750850#0,131750844#7,41.09406666971318,16.861809974981103,41.09374076152227,16.861733142040123,41.09588692434208,16.86204201283392,41.096023183819085,16.86206015013157,44.0,52.0
0_324,131750850#0,131750844#8,41.09406666971318,16.861809974981103,41.09374076152227,16.861733142040123,41.096023183819085,16.86206015013157,41.09607053280287,16.862073156374553,44.0,52.0
0_325,131750850#0,131750844#9,41.09406666971318,16.861809974981103,41.09374076152227,16.861733142040123,41.09607053280287,16.862073156374553,41.09624619327664,16.862345189534487,44.0,52.0
0_326,131750850#0,131750853#0,41.09406666971318,16.861809974981103,41.09374076152227,16.861733142040123,41.09428507077666,16.861822930016572,41.094248634240174,16.861820234016683,44.0,52.0
0_327,131750850#0,131750853#2,41.09406666971318,16.861809974981103,41.09374076152227,16.861733142040123,41.09422326217536,16.861818445841735,41.09406666971318,16.861809974981103,44.0,52.0
0_328,131750850#0,131752095#2,41.09406666971318,16.861809974981103,41.09374076152227,16.861733142040123,41.09606913880409,16.857384087393385,41.09607773810893,16.85711333011326,44.0,52.0
0_329,131750850#0,25817423#3,41.09406666971318,16.861809974981103,41.09374076152227,16.861733142040123,41.093433790346566,16.855687830843742,41.09352569242476,16.85465158647345,44.0,52.0
0_330,131750850#0,25817735#2,41.09406666971318,16.861809974981103,41.09374076152227,16.861733142040123,41.09257525037648,16.866055037799217,41.08991586912939,16.865878687144406,44.0,52.0
0_331,131750850#0,25819014#1,41.09406666971318,16.861809974981103,41.09374076152227,16.861733142040123,41.09637979984023,16.861535604961926,41.096390396588056,16.86145398483175,44.0,52.0
0_332,131750850#0,25819014#2,41.09406666971318,16.861809974981103,41.09374076152227,16.861733142040123,41.096390396588056,16.86145398483175,41.09617566373433,16.86105237527639,44.0,52.0
0_333,131750850#0,25819177#2,41.09406666971318,16.861809974981103,41.09374076152227,16.861733142040123,41.09333584930795,16.855672929401177,41.09331846638719,16.855846153569416,44.0,52.0
0_334,131750850#0,25819177#3,41.09406666971318,16.861809974981103,41.09374076152227,16.861733142040123,41.09331846638719,16.855846153569416,41.09330344191395,16.855984796607544,44.0,52.0
0_335,131750850#0,25819177#5,41.09406666971318,16.861809974981103,41.09374076152227,16.861733142040123,41.09328897220411,16.85615607855325,41.093276282258536,16.856306336332803,44.0,52.0
0_336,131750850#0,28279138#5,41.09406666971318,16.861809974981103,41.09374076152227,16.861733142040123,41.09309962997091,16.8641768999245,41.09122003932151,16.863954806076606,44.0,52.0
0_337,131750850#0,28921528#2,41.09406666971318,16.861809974981103,41.09374076152227,16.861733142040123,41.09590934506375,16.85589778274809,41.09589464404242,16.856597607978603,44.0,52.0
0_338,131750850#0,28921528#8,41.09406666971318,16.861809974981103,41.09374076152227,16.861733142040123,41.095864883749904,16.858939789299576,41.09579879841287,16.860483307032734,44.0,52.0
0_339,131750850#0,30672980#0,41.09406666971318,16.861809974981103,41.09374076152227,16.861733142040123,41.09410258065408,16.854547680343014,41.0940220774019,16.854495884667088,44.0,52.0
0_340,131750850#0,30672980#6,41.09406666971318,16.861809974981103,41.09374076152227,16.861733142040123,41.09290701188394,16.85345153155061,41.09274366748828,16.853398004520955,44.0,52.0
0_341,131750850#0,30673346,41.09406666971318,16.861809974981103,41.09374076152227,16.861733142040123,41.09289989869124,16.857979997773366,41.0924620240455,16.857540225068156,44.0,52.0
0_342,131750850#0,30674315#11,41.09406666971318,16.861809974981103,41.09374076152227,16.861733142040123,41.09762167433529,16.86078183182401,41.0975908593457,16.860854905020272,44.0,52.0
0_343,131750850#0,30674315#8,41.09406666971318,16.861809974981103,41.09374076152227,16.861733142040123,41.09783406893447,16.85935956518292,41.09781757948696,16.860074005211207,44.0,52.0
0_344,131750850#0,30674315#9,41.09406666971318,16.861809974981103,41.09374076152227,16.861733142040123,41.09781757948696,16.860074005211207,41.09773009884011,16.860532461562137,44.0,52.0
0_345,131750850#0,30674359#4,41.09406666971318,16.861809974981103,41.09374076152227,16.861733142040123,41.09788351207976,16.86008527251128,41.097886790174485,16.85993247707892,44.0,52.0
0_346,131750850#0,30674359#5,41.09406666971318,16.861809974981103,41.09374076152227,16.861733142040123,41.097886790174485,16.85993247707892,41.097887056561405,16.859358083149928,44.0,52.0
0_347,131750850#0,30674385#2,41.09406666971318,16.861809974981103,41.09374076152227,16.861733142040123,41.09752079197923,16.86113857805688,41.097541272342,16.861158803055236,44.0,52.0
0_348,131750850#0,30674948,41.09406666971318,16.861809974981103,41.09374076152227,16.861733142040123,41.09346290764322,16.859512259912492,41.0937563740557,16.85923859402608,44.0,52.0
0_349,131750850#0,30675059#0,41.09406666971318,16.861809974981103,41.09374076152227,16.861733142040123,41.09575898407665,16.861403291409037,41.09556026737646,16.861799770540163,44.0,52.0
0_350,131750850#0,30675059#1,41.09406666971318,16.861809974981103,41.09374076152227,16.861733142040123,41.09556026737646,16.861799770540163,41.09428507077666,16.861822930016572,44.0,52.0
0_351,131750850#0,33831688,41.09406666971318,16.861809974981103,41.09374076152227,16.861733142040123,41.09717022441964,16.862141610446756,41.09717150257013,16.862346685598727,44.0,52.0
0_352,131750850#0,48563895#1,41.09406666971318,16.861809974981103,41.09374076152227,16.861733142040123,41.094497059549575,16.854662484304253,41.09459493177244,16.85467607291383,44.0,52.0
0_353,131750850#0,48563902#0,41.09406666971318,16.861809974981103,41.09374076152227,16.861733142040123,41.093159424293006,16.861119861413044,41.092910609638544,16.861550868324073,44.0,52.0
0_354,131750850#0,48874527#2,41.09406666971318,16.861809974981103,41.09374076152227,16.861733142040123,41.094611131446,16.86076995428607,41.09433377805168,16.860614722600705,44.0,52.0
0_355,131750850#0,50077954,41.09406666971318,16.861809974981103,41.09374076152227,16.861733142040123,41.094481033476846,16.855484180652265,41.09590934506375,16.85589778274809,44.0,52.0
0_356,131750850#0,96606465,41.09406666971318,16.861809974981103,41.09374076152227,16.861733142040123,41.09320904205983,16.86036794969964,41.093226008438016,16.859824905081403,44.0,52.0
0_357,131750853#0,-131752097#1,41.09428507077666,16.861822930016572,41.094248634240174,16.861820234016683,41.09628587040379,16.863506396736675,41.09627339570725,16.863759660301465,44.0,52.0
0_358,131750853#0,-25654991#0,41.09428507077666,16.861822930016572,41.094248634240174,16.861820234016683,41.09267829914716,16.854073630954087,41.09207574955028,16.85389154719994,44.0,52.0
0_359,131750853#0,-33831688,41.09428507077666,16.861822930016572,41.094248634240174,16.861820234016683,41.09717150257013,16.862346685598727,41.09717022441964,16.862141610446756,44.0,52.0
0_360,131750853#0,-48874524,41.09428507077666,16.861822930016572,41.094248634240174,16.861820234016683,41.09782874807601,16.858422322289133,41.09720965467912,16.86010828803053,44.0,52.0
0_361,131750853#0,-50077954,41.09428507077666,16.861822930016572,41.094248634240174,16.861820234016683,41.09590934506375,16.85589778274809,41.094481033476846,16.855484180652265,44.0,52.0
0_362,131750853#0,-50370694#0,41.09428507077666,16.861822930016572,41.094248634240174,16.861820234016683,41.09390877175432,16.860555577386883,41.09389978504193,16.86089441913475,44.0,52.0
0_363,131750853#0,114953453#6,41.09428507077666,16.861822930016572,41.094248634240174,16.861820234016683,41.09289989869124,16.857979997773366,41.09252833667128,16.85806965698529,44.0,52.0
0_364,131750853#0,1223050325#0,41.09428507077666,16.861822930016572,41.094248634240174,16.861820234016683,41.09575898407665,16.861403291409037,41.09578940828096,16.861627521735652,44.0,52.0
0_365,131750853#0,1223050326,41.09428507077666,16.861822930016572,41.094248634240174,16.861820234016683,41.09577203818025,16.86132567064774,41.09575898407665,16.861403291409037,44.0,52.0
0_366,131750853#0,1226960836#1,41.09428507077666,16.861822930016572,41.094248634240174,16.861820234016683,41.09326327598272,16.856459442663375,41.09325705252129,16.85653261037847,44.0,52.0
0_367,131750853#0,131750844#7,41.09428507077666,16.861822930016572,41.094248634240174,16.861820234016683,41.09588692434208,16.86204201283392,41.096023183819085,16.86206015013157,44.0,52.0
0_368,131750853#0,131750844#8,41.09428507077666,16.861822930016572,41.094248634240174,16.861820234016683,41.096023183819085,16.86206015013157,41.09607053280287,16.862073156374553,44.0,52.0
0_369,131750853#0,131750844#9,41.09428507077666,16.861822930016572,41.094248634240174,16.861820234016683,41.09607053280287,16.862073156374553,41.09624619327664,16.862345189534487,44.0,52.0
0_370,131750853#0,131750850#0,41.09428507077666,16.861822930016572,41.094248634240174,16.861820234016683,41.09406666971318,16.861809974981103,41.09374076152227,16.861733142040123,44.0,52.0
0_371,131750853#0,131750853#2,41.09428507077666,16.861822930016572,41.094248634240174,16.861820234016683,41.09422326217536,16.861818445841735,41.09406666971318,16.861809974981103,44.0,52.0
0_372,131750853#0,131752095#2,41.09428507077666,16.861822930016572,41.094248634240174,16.861820234016683,41.09606913880409,16.857384087393385,41.09607773810893,16.85711333011326,44.0,52.0
0_373,131750853#0,25817423#3,41.09428507077666,16.861822930016572,41.094248634240174,16.861820234016683,41.093433790346566,16.855687830843742,41.09352569242476,16.85465158647345,44.0,52.0
0_374,131750853#0,25817735#2,41.09428507077666,16.861822930016572,41.094248634240174,16.861820234016683,41.09257525037648,16.866055037799217,41.08991586912939,16.865878687144406,44.0,52.0
0_375,131750853#0,25819014#1,41.09428507077666,16.861822930016572,41.094248634240174,16.861820234016683,41.09637979984023,16.861535604961926,41.096390396588056,16.86145398483175,44.0,52.0
0_376,131750853#0,25819014#2,41.09428507077666,16.861822930016572,41.094248634240174,16.861820234016683,41.096390396588056,16.86145398483175,41.09617566373433,16.86105237527639,44.0,52.0
0_377,131750853#0,25819177#2,41.09428507077666,16.861822930016572,41.094248634240174,16.861820234016683,41.09333584930795,16.855672929401177,41.09331846638719,16.855846153569416,44.0,52.0
0_378,131750853#0,25819177#3,41.09428507077666,16.861822930016572,41.094248634240174,16.861820234016683,41.09331846638719,16.855846153569416,41.09330344191395,16.855984796607544,44.0,52.0
0_379,131750853#0,25819177#5,41.09428507077666,16.861822930016572,41.094248634240174,16.861820234016683,41.09328897220411,16.85615607855325,41.093276282258536,16.856306336332803,44.0,52.0
0_380,131750853#0,28279138#5,41.09428507077666,16.861822930016572,41.094248634240174,16.861820234016683,41.09309962997091,16.8641768999245,41.09122003932151,16.863954806076606,44.0,52.0
0_381,131750853#0,28921528#2,41.09428507077666,16.861822930016572,41.094248634240174,16.861820234016683,41.09590934506375,16.85589778274809,41.09589464404242,16.856597607978603,44.0,52.0
0_382,131750853#0,28921528#8,41.09428507077666,16.861822930016572,41.094248634240174,16.861820234016683,41.095864883749904,16.858939789299576,41.09579879841287,16.860483307032734,44.0,52.0
0_383,131750853#0,30672980#0,41.09428507077666,16.861822930016572,41.094248634240174,16.861820234016683,41.09410258065408,16.854547680343014,41.0940220774019,16.854495884667088,44.0,52.0
0_384,131750853#0,30672980#6,41.09428507077666,16.861822930016572,41.094248634240174,16.861820234016683,41.09290701188394,16.85345153155061,41.09274366748828,16.853398004520955,44.0,52.0
0_385,131750853#0,30673346,41.09428507077666,16.861822930016572,41.094248634240174,16.861820234016683,41.09289989869124,16.857979997773366,41.0924620240455,16.857540225068156,44.0,52.0
0_386,131750853#0,30674315#11,41.09428507077666,16.861822930016572,41.094248634240174,16.861820234016683,41.09762167433529,16.86078183182401,41.0975908593457,16.860854905020272,44.0,52.0
0_387,131750853#0,30674315#8,41.09428507077666,16.861822930016572,41.094248634240174,16.861820234016683,41.09783406893447,16.85935956518292,41.09781757948696,16.860074005211207,44.0,52.0
0_388,131750853#0,30674315#9,41.09428507077666,16.861822930016572,41.094248634240174,16.861820234016683,41.09781757948696,16.860074005211207,41.09773009884011,16.860532461562137,44.0,52.0
0_389,131750853#0,30674359#4,41.09428507077666,16.861822930016572,41.094248634240174,16.861820234016683,41.09788351207976,16.86008527251128,41.097886790174485,16.85993247707892,44.0,52.0
0_390,131750853#0,30674359#5,41.09428507077666,16.861822930016572,41.094248634240174,16.861820234016683,41.097886790174485,16.85993247707892,41.097887056561405,16.859358083149928,44.0,52.0
0_391,131750853#0,30674385#2,41.09428507077666,16.861822930016572,41.094248634240174,16.861820234016683,41.09752079197923,16.86113857805688,41.097541272342,16.861158803055236,44.0,52.0
0_392,131750853#0,30674948,41.09428507077666,16.861822930016572,41.094248634240174,16.861820234016683,41.09346290764322,16.859512259912492,41.0937563740557,16.85923859402608,44.0,52.0
0_393,131750853#0,30675059#0,41.09428507077666,16.861822930016572,41.094248634240174,16.861820234016683,41.09575898407665,16.861403291409037,41.09556026737646,16.861799770540163,44.0,52.0
0_394,131750853#0,30675059#1,41.09428507077666,16.861822930016572,41.094248634240174,16.861820234016683,41.09556026737646,16.861799770540163,41.09428507077666,16.861822930016572,44.0,52.0
0_395,131750853#0,33831688,41.09428507077666,16.861822930016572,41.094248634240174,16.861820234016683,41.09717022441964,16.862141610446756,41.09717150257013,16.862346685598727,44.0,52.0
0_396,131750853#0,48563895#1,41.09428507077666,16.861822930016572,41.094248634240174,16.861820234016683,41.094497059549575,16.854662484304253,41.09459493177244,16.85467607291383,44.0,52.0
0_397,131750853#0,48563902#0,41.09428507077666,16.861822930016572,41.094248634240174,16.861820234016683,41.093159424293006,16.861119861413044,41.092910609638544,16.861550868324073,44.0,52.0
0_398,131750853#0,48874527#2,41.09428507077666,16.861822930016572,41.094248634240174,16.861820234016683,41.094611131446,16.86076995428607,41.09433377805168,16.860614722600705,44.0,52.0
0_399,131750853#0,50077954,41.09428507077666,16.861822930016572,41.094248634240174,16.861820234016683,41.094481033476846,16.855484180652265,41.09590934506375,16.85589778274809,44.0,52.0
0_400,131750853#0,96606465,41.09428507077666,16.861822930016572,41.094248634240174,16.861820234016683,41.09320904205983,16.86036794969964,41.093226008438016,16.859824905081403,44.0,52.0
0_401,131750853#2,-131752097#1,41.09422326217536,16.861818445841735,41.09406666971318,16.861809974981103,41.09628587040379,16.863506396736675,41.09627339570725,16.863759660301465,44.0,52.0
0_402,131750853#2,-25654991#0,41.09422326217536,16.861818445841735,41.09406666971318,16.861809974981103,41.09267829914716,16.854073630954087,41.09207574955028,16.85389154719994,44.0,52.0
0_403,131750853#2,-33831688,41.09422326217536,16.861818445841735,41.09406666971318,16.861809974981103,41.09717150257013,16.862346685598727,41.09717022441964,16.862141610446756,44.0,52.0
0_404,131750853#2,-48874524,41.09422326217536,16.861818445841735,41.09406666971318,16.861809974981103,41.09782874807601,16.858422322289133,41.09720965467912,16.86010828803053,44.0,52.0
0_405,131750853#2,-50077954,41.09422326217536,16.861818445841735,41.09406666971318,16.861809974981103,41.09590934506375,16.85589778274809,41.094481033476846,16.855484180652265,44.0,52.0
0_406,131750853#2,-50370694#0,41.09422326217536,16.861818445841735,41.09406666971318,16.861809974981103,41.09390877175432,16.860555577386883,41.09389978504193,16.86089441913475,44.0,52.0
0_407,131750853#2,114953453#6,41.09422326217536,16.861818445841735,41.09406666971318,16.861809974981103,41.09289989869124,16.857979997773366,41.09252833667128,16.85806965698529,44.0,52.0
0_408,131750853#2,1223050325#0,41.09422326217536,16.861818445841735,41.09406666971318,16.861809974981103,41.09575898407665,16.861403291409037,41.09578940828096,16.861627521735652,44.0,52.0
0_409,131750853#2,1223050326,41.09422326217536,16.861818445841735,41.09406666971318,16.861809974981103,41.09577203818025,16.86132567064774,41.09575898407665,16.861403291409037,44.0,52.0
0_410,131750853#2,1226960836#1,41.09422326217536,16.861818445841735,41.09406666971318,16.861809974981103,41.09326327598272,16.856459442663375,41.09325705252129,16.85653261037847,44.0,52.0
0_411,131750853#2,131750844#7,41.09422326217536,16.861818445841735,41.09406666971318,16.861809974981103,41.09588692434208,16.86204201283392,41.096023183819085,16.86206015013157,44.0,52.0
0_412,131750853#2,131750844#8,41.09422326217536,16.861818445841735,41.09406666971318,16.861809974981103,41.096023183819085,16.86206015013157,41.09607053280287,16.862073156374553,44.0,52.0
0_413,131750853#2,131750844#9,41.09422326217536,16.861818445841735,41.09406666971318,16.861809974981103,41.09607053280287,16.862073156374553,41.09624619327664,16.862345189534487,44.0,52.0
0_414,131750853#2,131750850#0,41.09422326217536,16.861818445841735,41.09406666971318,16.861809974981103,41.09406666971318,16.861809974981103,41.09374076152227,16.861733142040123,44.0,52.0
0_415,131750853#2,131750853#0,41.09422326217536,16.861818445841735,41.09406666971318,16.861809974981103,41.09428507077666,16.861822930016572,41.094248634240174,16.861820234016683,44.0,52.0
0_416,131750853#2,131752095#2,41.09422326217536,16.861818445841735,41.09406666971318,16.861809974981103,41.09606913880409,16.857384087393385,41.09607773810893,16.85711333011326,44.0,52.0
0_417,131750853#2,25817423#3,41.09422326217536,16.861818445841735,41.09406666971318,16.861809974981103,41.093433790346566,16.855687830843742,41.09352569242476,16.85465158647345,44.0,52.0
0_418,131750853#2,25817735#2,41.09422326217536,16.861818445841735,41.09406666971318,16.861809974981103,41.09257525037648,16.866055037799217,41.08991586912939,16.865878687144406,44.0,52.0
0_419,131750853#2,25819014#1,41.09422326217536,16.861818445841735,41.09406666971318,16.861809974981103,41.09637979984023,16.861535604961926,41.096390396588056,16.86145398483175,44.0,52.0
0_420,131750853#2,25819014#2,41.09422326217536,16.861818445841735,41.09406666971318,16.861809974981103,41.096390396588056,16.86145398483175,41.09617566373433,16.86105237527639,44.0,52.0
0_421,131750853#2,25819177#2,41.09422326217536,16.861818445841735,41.09406666971318,16.861809974981103,41.09333584930795,16.855672929401177,41.09331846638719,16.855846153569416,44.0,52.0
0_422,131750853#2,25819177#3,41.09422326217536,16.861818445841735,41.09406666971318,16.861809974981103,41.09331846638719,16.855846153569416,41.09330344191395,16.855984796607544,44.0,52.0
0_423,131750853#2,25819177#5,41.09422326217536,16.861818445841735,41.09406666971318,16.861809974981103,41.09328897220411,16.85615607855325,41.093276282258536,16.856306336332803,44.0,52.0
0_424,131750853#2,28279138#5,41.09422326217536,16.861818445841735,41.09406666971318,16.861809974981103,41.09309962997091,16.8641768999245,41.09122003932151,16.863954806076606,44.0,52.0
0_425,131750853#2,28921528#2,41.09422326217536,16.861818445841735,41.09406666971318,16.861809974981103,41.09590934506375,16.85589778274809,41.09589464404242,16.856597607978603,44.0,52.0
0_426,131750853#2,28921528#8,41.09422326217536,16.861818445841735,41.09406666971318,16.861809974981103,41.095864883749904,16.858939789299576,41.09579879841287,16.860483307032734,44.0,52.0
0_427,131750853#2,30672980#0,41.09422326217536,16.861818445841735,41.09406666971318,16.861809974981103,41.09410258065408,16.854547680343014,41.0940220774019,16.854495884667088,44.0,52.0
0_428,131750853#2,30672980#6,41.09422326217536,16.861818445841735,41.09406666971318,16.861809974981103,41.09290701188394,16.85345153155061,41.09274366748828,16.853398004520955,44.0,52.0
0_429,131750853#2,30673346,41.09422326217536,16.861818445841735,41.09406666971318,16.861809974981103,41.09289989869124,16.857979997773366,41.0924620240455,16.857540225068156,44.0,52.0
0_430,131750853#2,30674315#11,41.09422326217536,16.861818445841735,41.09406666971318,16.861809974981103,41.09762167433529,16.86078183182401,41.0975908593457,16.860854905020272,44.0,52.0
0_431,131750853#2,30674315#8,41.09422326217536,16.861818445841735,41.09406666971318,16.861809974981103,41.09783406893447,16.85935956518292,41.09781757948696,16.860074005211207,44.0,52.0
0_432,131750853#2,30674315#9,41.09422326217536,16.861818445841735,41.09406666971318,16.861809974981103,41.09781757948696,16.860074005211207,41.09773009884011,16.860532461562137,44.0,52.0
0_433,131750853#2,30674359#4,41.09422326217536,16.861818445841735,41.09406666971318,16.861809974981103,41.09788351207976,16.86008527251128,41.097886790174485,16.85993247707892,44.0,52.0
0_434,131750853#2,30674359#5,41.09422326217536,16.861818445841735,41.09406666971318,16.861809974981103,41.097886790174485,16.85993247707892,41.097887056561405,16.859358083149928,44.0,52.0
0_435,131750853#2,30674385#2,41.09422326217536,16.861818445841735,41.09406666971318,16.861809974981103,41.09752079197923,16.86113857805688,41.097541272342,16.861158803055236,44.0,52.0
0_436,131750853#2,30674948,41.09422326217536,16.861818445841735,41.09406666971318,16.861809974981103,41.09346290764322,16.859512259912492,41.0937563740557,16.85923859402608,44.0,52.0
0_437,131750853#2,30675059#0,41.09422326217536,16.861818445841735,41.09406666971318,16.861809974981103,41.09575898407665,16.861403291409037,41.09556026737646,16.861799770540163,44.0,52.0
0_438,131750853#2,30675059#1,41.09422326217536,16.861818445841735,41.09406666971318,16.861809974981103,41.09556026737646,16.861799770540163,41.09428507077666,16.861822930016572,44.0,52.0
0_439,131750853#2,33831688,41.09422326217536,16.861818445841735,41.09406666971318,16.861809974981103,41.09717022441964,16.862141610446756,41.09717150257013,16.862346685598727,44.0,52.0
0_440,131750853#2,48563895#1,41.09422326217536,16.861818445841735,41.09406666971318,16.861809974981103,41.094497059549575,16.854662484304253,41.09459493177244,16.85467607291383,44.0,52.0
0_441,131750853#2,48563902#0,41.09422326217536,16.861818445841735,41.09406666971318,16.861809974981103,41.093159424293006,16.861119861413044,41.092910609638544,16.861550868324073,44.0,52.0
0_442,131750853#2,48874527#2,41.09422326217536,16.861818445841735,41.09406666971318,16.861809974981103,41.094611131446,16.86076995428607,41.09433377805168,16.860614722600705,44.0,52.0
0_443,131750853#2,50077954,41.09422326217536,16.861818445841735,41.09406666971318,16.861809974981103,41.094481033476846,16.855484180652265,41.09590934506375,16.85589778274809,44.0,52.0
0_444,131750853#2,96606465,41.09422326217536,16.861818445841735,41.09406666971318,16.861809974981103,41.09320904205983,16.86036794969964,41.093226008438016,16.859824905081403,44.0,52.0
0_445,131752095#2,-131752097#1,41.09606913880409,16.857384087393385,41.09607773810893,16.85711333011326,41.09628587040379,16.863506396736675,41.09627339570725,16.863759660301465,44.0,52.0
0_446,131752095#2,-25654991#0,41.09606913880409,16.857384087393385,41.09607773810893,16.85711333011326,41.09267829914716,16.854073630954087,41.09207574955028,16.85389154719994,44.0,52.0
0_447,131752095#2,-33831688,41.09606913880409,16.857384087393385,41.09607773810893,16.85711333011326,41.09717150257013,16.862346685598727,41.09717022441964,16.862141610446756,44.0,52.0
0_448,131752095#2,-48874524,41.09606913880409,16.857384087393385,41.09607773810893,16.85711333011326,41.09782874807601,16.858422322289133,41.09720965467912,16.86010828803053,44.0,52.0
0_449,131752095#2,-50077954,41.09606913880409,16.857384087393385,41.09607773810893,16.85711333011326,41.09590934506375,16.85589778274809,41.094481033476846,16.855484180652265,44.0,52.0
0_450,131752095#2,-50370694#0,41.09606913880409,16.857384087393385,41.09607773810893,16.85711333011326,41.09390877175432,16.860555577386883,41.09389978504193,16.86089441913475,44.0,52.0
0_451,131752095#2,114953453#6,41.09606913880409,16.857384087393385,41.09607773810893,16.85711333011326,41.09289989869124,16.857979997773366,41.09252833667128,16.85806965698529,44.0,52.0
0_452,131752095#2,1223050325#0,41.09606913880409,16.857384087393385,41.09607773810893,16.85711333011326,41.09575898407665,16.861403291409037,41.09578940828096,16.861627521735652,44.0,52.0
0_453,131752095#2,1223050326,41.09606913880409,16.857384087393385,41.09607773810893,16.85711333011326,41.09577203818025,16.86132567064774,41.09575898407665,16.861403291409037,44.0,52.0
0_454,131752095#2,1226960836#1,41.09606913880409,16.857384087393385,41.09607773810893,16.85711333011326,41.09326327598272,16.856459442663375,41.09325705252129,16.85653261037847,44.0,52.0
0_455,131752095#2,131750844#7,41.09606913880409,16.857384087393385,41.09607773810893,16.85711333011326,41.09588692434208,16.86204201283392,41.096023183819085,16.86206015013157,44.0,52.0
0_456,131752095#2,131750844#8,41.09606913880409,16.857384087393385,41.09607773810893,16.85711333011326,41.096023183819085,16.86206015013157,41.09607053280287,16.862073156374553,44.0,52.0
0_457,131752095#2,131750844#9,41.09606913880409,16.857384087393385,41.09607773810893,16.85711333011326,41.09607053280287,16.862073156374553,41.09624619327664,16.862345189534487,44.0,52.0
0_458,131752095#2,131750850#0,41.09606913880409,16.857384087393385,41.09607773810893,16.85711333011326,41.09406666971318,16.861809974981103,41.09374076152227,16.861733142040123,44.0,52.0
0_459,131752095#2,131750853#0,41.09606913880409,16.857384087393385,41.09607773810893,16.85711333011326,41.09428507077666,16.861822930016572,41.094248634240174,16.861820234016683,44.0,52.0
0_460,131752095#2,131750853#2,41.09606913880409,16.857384087393385,41.09607773810893,16.85711333011326,41.09422326217536,16.861818445841735,41.09406666971318,16.861809974981103,44.0,52.0
0_461,131752095#2,25817423#3,41.09606913880409,16.857384087393385,41.09607773810893,16.85711333011326,41.093433790346566,16.855687830843742,41.09352569242476,16.85465158647345,44.0,52.0
0_462,131752095#2,25817735#2,41.09606913880409,16.857384087393385,41.09607773810893,16.85711333011326,41.09257525037648,16.866055037799217,41.08991586912939,16.865878687144406,44.0,52.0
0_463,131752095#2,25819014#1,41.09606913880409,16.857384087393385,41.09607773810893,16.85711333011326,41.09637979984023,16.861535604961926,41.096390396588056,16.86145398483175,44.0,52.0
0_464,131752095#2,25819014#2,41.09606913880409,16.857384087393385,41.09607773810893,16.85711333011326,41.096390396588056,16.86145398483175,41.09617566373433,16.86105237527639,44.0,52.0
0_465,131752095#2,25819177#2,41.09606913880409,16.857384087393385,41.09607773810893,16.85711333011326,41.09333584930795,16.855672929401177,41.09331846638719,16.855846153569416,44.0,52.0
0_466,131752095#2,25819177#3,41.09606913880409,16.857384087393385,41.09607773810893,16.85711333011326,41.09331846638719,16.855846153569416,41.09330344191395,16.855984796607544,44.0,52.0
0_467,131752095#2,25819177#5,41.09606913880409,16.857384087393385,41.09607773810893,16.85711333011326,41.09328897220411,16.85615607855325,41.093276282258536,16.856306336332803,44.0,52.0
0_468,131752095#2,28279138#5,41.09606913880409,16.857384087393385,41.09607773810893,16.85711333011326,41.09309962997091,16.8641768999245,41.09122003932151,16.863954806076606,44.0,52.0
0_469,131752095#2,28921528#2,41.09606913880409,16.857384087393385,41.09607773810893,16.85711333011326,41.09590934506375,16.85589778274809,41.09589464404242,16.856597607978603,44.0,52.0
0_470,131752095#2,28921528#8,41.09606913880409,16.857384087393385,41.09607773810893,16.85711333011326,41.095864883749904,16.858939789299576,41.09579879841287,16.860483307032734,44.0,52.0
0_471,131752095#2,30672980#0,41.09606913880409,16.857384087393385,41.09607773810893,16.85711333011326,41.09410258065408,16.854547680343014,41.0940220774019,16.854495884667088,44.0,52.0
0_472,131752095#2,30672980#6,41.09606913880409,16.857384087393385,41.09607773810893,16.85711333011326,41.09290701188394,16.85345153155061,41.09274366748828,16.853398004520955,44.0,52.0
0_473,131752095#2,30673346,41.09606913880409,16.857384087393385,41.09607773810893,16.85711333011326,41.09289989869124,16.857979997773366,41.0924620240455,16.857540225068156,44.0,52.0
0_474,131752095#2,30674315#11,41.09606913880409,16.857384087393385,41.09607773810893,16.85711333011326,41.09762167433529,16.86078183182401,41.0975908593457,16.860854905020272,44.0,52.0
0_475,131752095#2,30674315#8,41.09606913880409,16.857384087393385,41.09607773810893,16.85711333011326,41.09783406893447,16.85935956518292,41.09781757948696,16.860074005211207,44.0,52.0
0_476,131752095#2,30674315#9,41.09606913880409,16.857384087393385,41.09607773810893,16.85711333011326,41.09781757948696,16.860074005211207,41.09773009884011,16.860532461562137,44.0,52.0
0_477,131752095#2,30674359#4,41.09606913880409,16.857384087393385,41.09607773810893,16.85711333011326,41.09788351207976,16.86008527251128,41.097886790174485,16.85993247707892,44.0,52.0
0_478,131752095#2,30674359#5,41.09606913880409,16.857384087393385,41.09607773810893,16.85711333011326,41.097886790174485,16.85993247707892,41.097887056561405,16.859358083149928,44.0,52.0
0_479,131752095#2,30674385#2,41.09606913880409,16.857384087393385,41.09607773810893,16.85711333011326,41.09752079197923,16.86113857805688,41.097541272342,16.861158803055236,44.0,52.0
0_480,131752095#2,30674948,41.09606913880409,16.857384087393385,41.09607773810893,16.85711333011326,41.09346290764322,16.859512259912492,41.0937563740557,16.85923859402608,44.0,52.0
0_481,131752095#2,30675059#0,41.09606913880409,16.857384087393385,41.09607773810893,16.85711333011326,41.09575898407665,16.861403291409037,41.09556026737646,16.861799770540163,44.0,52.0
0_482,131752095#2,30675059#1,41.09606913880409,16.857384087393385,41.09607773810893,16.85711333011326,41.09556026737646,16.861799770540163,41.09428507077666,16.861822930016572,44.0,52.0
0_483,131752095#2,33831688,41.09606913880409,16.857384087393385,41.09607773810893,16.85711333011326,41.09717022441964,16.862141610446756,41.09717150257013,16.862346685598727,44.0,52.0
0_484,131752095#2,48563895#1,41.09606913880409,16.857384087393385,41.09607773810893,16.85711333011326,41.094497059549575,16.854662484304253,41.09459493177244,16.85467607291383,44.0,52.0
0_485,131752095#2,48563902#0,41.09606913880409,16.857384087393385,41.09607773810893,16.85711333011326,41.093159424293006,16.861119861413044,41.092910609638544,16.861550868324073,44.0,52.0
0_486,131752095#2,48874527#2,41.09606913880409,16.857384087393385,41.09607773810893,16.85711333011326,41.094611131446,16.86076995428607,41.09433377805168,16.860614722600705,44.0,52.0
0_487,131752095#2,50077954,41.09606913880409,16.857384087393385,41.09607773810893,16.85711333011326,41.094481033476846,16.855484180652265,41.09590934506375,16.85589778274809,44.0,52.0
0_488,131752095#2,96606465,41.09606913880409,16.857384087393385,41.09607773810893,16.85711333011326,41.09320904205983,16.86036794969964,41.093226008438016,16.859824905081403,44.0,52.0
0_489,151503388#1,-131752097#1,41.09650060831593,16.862977371210153,41.09631375807188,16.862834804014337,41.09628587040379,16.863506396736675,41.09627339570725,16.863759660301465,45.0,0.0
0_490,151503388#1,-25654991#0,41.09650060831593,16.862977371210153,41.09631375807188,16.862834804014337,41.09267829914716,16.854073630954087,41.09207574955028,16.85389154719994,45.0,0.0
0_491,151503388#1,-33831688,41.09650060831593,16.862977371210153,41.09631375807188,16.862834804014337,41.09717150257013,16.862346685598727,41.09717022441964,16.862141610446756,45.0,0.0
0_492,151503388#1,-48874524,41.09650060831593,16.862977371210153,41.09631375807188,16.862834804014337,41.09782874807601,16.858422322289133,41.09720965467912,16.86010828803053,45.0,0.0
0_493,151503388#1,-50077954,41.09650060831593,16.862977371210153,41.09631375807188,16.862834804014337,41.09590934506375,16.85589778274809,41.094481033476846,16.855484180652265,45.0,0.0
0_494,151503388#1,-50370694#0,41.09650060831593,16.862977371210153,41.09631375807188,16.862834804014337,41.09390877175432,16.860555577386883,41.09389978504193,16.86089441913475,45.0,0.0
0_495,151503388#1,114953453#6,41.09650060831593,16.862977371210153,41.09631375807188,16.862834804014337,41.09289989869124,16.857979997773366,41.09252833667128,16.85806965698529,45.0,0.0
0_496,151503388#1,1223050325#0,41.09650060831593,16.862977371210153,41.09631375807188,16.862834804014337,41.09575898407665,16.861403291409037,41.09578940828096,16.861627521735652,45.0,0.0
0_497,151503388#1,1223050326,41.09650060831593,16.862977371210153,41.09631375807188,16.862834804014337,41.09577203818025,16.86132567064774,41.09575898407665,16.861403291409037,45.0,0.0
0_498,151503388#1,1226960836#1,41.09650060831593,16.862977371210153,41.09631375807188,16.862834804014337,41.09326327598272,16.856459442663375,41.09325705252129,16.85653261037847,45.0,0.0
0_499,151503388#1,131750844#7,41.09650060831593,16.862977371210153,41.09631375807188,16.862834804014337,41.09588692434208,16.86204201283392,41.096023183819085,16.86206015013157,45.0,0.0
0_500,151503388#1,131750844#8,41.09650060831593,16.862977371210153,41.09631375807188,16.862834804014337,41.096023183819085,16.86206015013157,41.09607053280287,16.862073156374553,45.0,0.0
0_501,151503388#1,131750844#9,41.09650060831593,16.862977371210153,41.09631375807188,16.862834804014337,41.09607053280287,16.862073156374553,41.09624619327664,16.862345189534487,45.0,0.0
0_502,151503388#1,131750850#0,41.09650060831593,16.862977371210153,41.09631375807188,16.862834804014337,41.09406666971318,16.861809974981103,41.09374076152227,16.861733142040123,45.0,0.0
0_503,151503388#1,131750853#0,41.09650060831593,16.862977371210153,41.09631375807188,16.862834804014337,41.09428507077666,16.861822930016572,41.094248634240174,16.861820234016683,45.0,0.0
0_504,151503388#1,131750853#2,41.09650060831593,16.862977371210153,41.09631375807188,16.862834804014337,41.09422326217536,16.861818445841735,41.09406666971318,16.861809974981103,45.0,0.0
0_505,151503388#1,131752095#2,41.09650060831593,16.862977371210153,41.09631375807188,16.862834804014337,41.09606913880409,16.857384087393385,41.09607773810893,16.85711333011326,45.0,0.0
0_506,151503388#1,25817423#3,41.09650060831593,16.862977371210153,41.09631375807188,16.862834804014337,41.093433790346566,16.855687830843742,41.09352569242476,16.85465158647345,45.0,0.0
0_507,151503388#1,25817735#2,41.09650060831593,16.862977371210153,41.09631375807188,16.862834804014337,41.09257525037648,16.866055037799217,41.08991586912939,16.865878687144406,45.0,0.0
0_508,151503388#1,25819014#1,41.09650060831593,16.862977371210153,41.09631375807188,16.862834804014337,41.09637979984023,16.861535604961926,41.096390396588056,16.86145398483175,45.0,0.0
0_509,151503388#1,25819014#2,41.09650060831593,16.862977371210153,41.09631375807188,16.862834804014337,41.096390396588056,16.86145398483175,41.09617566373433,16.86105237527639,45.0,0.0
0_510,151503388#1,25819177#2,41.09650060831593,16.862977371210153,41.09631375807188,16.862834804014337,41.09333584930795,16.855672929401177,41.09331846638719,16.855846153569416,45.0,0.0
0_511,151503388#1,25819177#3,41.09650060831593,16.862977371210153,41.09631375807188,16.862834804014337,41.09331846638719,16.855846153569416,41.09330344191395,16.855984796607544,45.0,0.0
0_512,151503388#1,25819177#5,41.09650060831593,16.862977371210153,41.09631375807188,16.862834804014337,41.09328897220411,16.85615607855325,41.093276282258536,16.856306336332803,45.0,0.0
0_513,151503388#1,28279138#5,41.09650060831593,16.862977371210153,41.09631375807188,16.862834804014337,41.09309962997091,16.8641768999245,41.09122003932151,16.863954806076606,45.0,0.0
0_514,151503388#1,28921528#2,41.09650060831593,16.862977371210153,41.09631375807188,16.862834804014337,41.09590934506375,16.85589778274809,41.09589464404242,16.856597607978603,45.0,0.0
0_515,151503388#1,28921528#8,41.09650060831593,16.862977371210153,41.09631375807188,16.862834804014337,41.095864883749904,16.858939789299576,41.09579879841287,16.860483307032734,45.0,0.0
0_516,151503388#1,30672980#0,41.09650060831593,16.862977371210153,41.09631375807188,16.862834804014337,41.09410258065408,16.854547680343014,41.0940220774019,16.854495884667088,45.0,0.0
0_517,151503388#1,30672980#6,41.09650060831593,16.862977371210153,41.09631375807188,16.862834804014337,41.09290701188394,16.85345153155061,41.09274366748828,16.853398004520955,45.0,0.0
0_518,151503388#1,30673346,41.09650060831593,16.862977371210153,41.09631375807188,16.862834804014337,41.09289989869124,16.857979997773366,41.0924620240455,16.857540225068156,45.0,0.0
0_519,151503388#1,30674315#11,41.09650060831593,16.862977371210153,41.09631375807188,16.862834804014337,41.09762167433529,16.86078183182401,41.0975908593457,16.860854905020272,45.0,0.0
0_520,151503388#1,30674315#8,41.09650060831593,16.862977371210153,41.09631375807188,16.862834804014337,41.09783406893447,16.85935956518292,41.09781757948696,16.860074005211207,45.0,0.0
0_521,151503388#1,30674315#9,41.09650060831593,16.862977371210153,41.09631375807188,16.862834804014337,41.09781757948696,16.860074005211207,41.09773009884011,16.860532461562137,45.0,0.0
0_522,151503388#1,30674359#4,41.09650060831593,16.862977371210153,41.09631375807188,16.862834804014337,41.09788351207976,16.86008527251128,41.097886790174485,16.85993247707892,45.0,0.0
0_523,151503388#1,30674359#5,41.09650060831593,16.862977371210153,41.09631375807188,16.862834804014337,41.097886790174485,16.85993247707892,41.097887056561405,16.859358083149928,45.0,0.0
0_524,151503388#1,30674385#2,41.09650060831593,16.862977371210153,41.09631375807188,16.862834804014337,41.09752079197923,16.86113857805688,41.097541272342,16.861158803055236,45.0,0.0
0_525,151503388#1,30674948,41.09650060831593,16.862977371210153,41.09631375807188,16.862834804014337,41.09346290764322,16.859512259912492,41.0937563740557,16.85923859402608,45.0,0.0
0_526,151503388#1,30675059#0,41.09650060831593,16.862977371210153,41.09631375807188,16.862834804014337,41.09575898407665,16.861403291409037,41.09556026737646,16.861799770540163,45.0,0.0
0_527,151503388#1,30675059#1,41.09650060831593,16.862977371210153,41.09631375807188,16.862834804014337,41.09556026737646,16.861799770540163,41.09428507077666,16.861822930016572,45.0,0.0
0_528,151503388#1,33831688,41.09650060831593,16.862977371210153,41.09631375807188,16.862834804014337,41.09717022441964,16.862141610446756,41.09717150257013,16.862346685598727,45.0,0.0
0_529,151503388#1,48563895#1,41.09650060831593,16.862977371210153,41.09631375807188,16.862834804014337,41.094497059549575,16.854662484304253,41.09459493177244,16.85467607291383,45.0,0.0
0_530,151503388#1,48563902#0,41.09650060831593,16.862977371210153,41.09631375807188,16.862834804014337,41.093159424293006,16.861119861413044,41.092910609638544,16.861550868324073,45.0,0.0
0_531,151503388#1,48874527#2,41.09650060831593,16.862977371210153,41.09631375807188,16.862834804014337,41.094611131446,16.86076995428607,41.09433377805168,16.860614722600705,45.0,0.0
0_532,151503388#1,50077954,41.09650060831593,16.862977371210153,41.09631375807188,16.862834804014337,41.094481033476846,16.855484180652265,41.09590934506375,16.85589778274809,45.0,0.0
0_533,151503388#1,96606465,41.09650060831593,16.862977371210153,41.09631375807188,16.862834804014337,41.09320904205983,16.86036794969964,41.093226008438016,16.859824905081403,45.0,0.0
0_534,25654991#0,-131752097#1,41.09207574955028,16.85389154719994,41.09267829914716,16.854073630954087,41.09628587040379,16.863506396736675,41.09627339570725,16.863759660301465,45.0,0.0
0_535,25654991#0,-25654991#0,41.09207574955028,16.85389154719994,41.09267829914716,16.854073630954087,41.09267829914716,16.854073630954087,41.09207574955028,16.85389154719994,45.0,0.0
0_536,25654991#0,-33831688,41.09207574955028,16.85389154719994,41.09267829914716,16.854073630954087,41.09717150257013,16.862346685598727,41.09717022441964,16.862141610446756,45.0,0.0
0_537,25654991#0,-48874524,41.09207574955028,16.85389154719994,41.09267829914716,16.854073630954087,41.09782874807601,16.858422322289133,41.09720965467912,16.86010828803053,45.0,0.0
0_538,25654991#0,-50077954,41.09207574955028,16.85389154719994,41.09267829914716,16.854073630954087,41.09590934506375,16.85589778274809,41.094481033476846,16.855484180652265,45.0,0.0
0_539,25654991#0,-50370694#0,41.09207574955028,16.85389154719994,41.09267829914716,16.854073630954087,41.09390877175432,16.860555577386883,41.09389978504193,16.86089441913475,45.0,0.0
0_540,25654991#0,114953453#6,41.09207574955028,16.85389154719994,41.09267829914716,16.854073630954087,41.09289989869124,16.857979997773366,41.09252833667128,16.85806965698529,45.0,0.0
0_541,25654991#0,1223050325#0,41.09207574955028,16.85389154719994,41.09267829914716,16.854073630954087,41.09575898407665,16.861403291409037,41.09578940828096,16.861627521735652,45.0,0.0
0_542,25654991#0,1223050326,41.09207574955028,16.85389154719994,41.09267829914716,16.854073630954087,41.09577203818025,16.86132567064774,41.09575898407665,16.861403291409037,45.0,0.0
0_543,25654991#0,1226960836#1,41.09207574955028,16.85389154719994,41.09267829914716,16.854073630954087,41.09326327598272,16.856459442663375,41.09325705252129,16.85653261037847,45.0,0.0
0_544,25654991#0,131750844#7,41.09207574955028,16.85389154719994,41.09267829914716,16.854073630954087,41.09588692434208,16.86204201283392,41.096023183819085,16.86206015013157,45.0,0.0
0_545,25654991#0,131750844#8,41.09207574955028,16.85389154719994,41.09267829914716,16.854073630954087,41.096023183819085,16.86206015013157,41.09607053280287,16.862073156374553,45.0,0.0
0_546,25654991#0,131750844#9,41.09207574955028,16.85389154719994,41.09267829914716,16.854073630954087,41.09607053280287,16.862073156374553,41.09624619327664,16.862345189534487,45.0,0.0
0_547,25654991#0,131750850#0,41.09207574955028,16.85389154719994,41.09267829914716,16.854073630954087,41.09406666971318,16.861809974981103,41.09374076152227,16.861733142040123,45.0,0.0
0_548,25654991#0,131750853#0,41.09207574955028,16.85389154719994,41.09267829914716,16.854073630954087,41.09428507077666,16.861822930016572,41.094248634240174,16.861820234016683,45.0,0.0
0_549,25654991#0,131750853#2,41.09207574955028,16.85389154719994,41.09267829914716,16.854073630954087,41.09422326217536,16.861818445841735,41.09406666971318,16.861809974981103,45.0,0.0
0_550,25654991#0,131752095#2,41.09207574955028,16.85389154719994,41.09267829914716,16.854073630954087,41.09606913880409,16.857384087393385,41.09607773810893,16.85711333011326,45.0,0.0
0_551,25654991#0,25817423#3,41.09207574955028,16.85389154719994,41.09267829914716,16.854073630954087,41.093433790346566,16.855687830843742,41.09352569242476,16.85465158647345,45.0,0.0
0_552,25654991#0,25817735#2,41.09207574955028,16.85389154719994,41.09267829914716,16.854073630954087,41.09257525037648,16.866055037799217,41.08991586912939,16.865878687144406,45.0,0.0
0_553,25654991#0,25819014#1,41.09207574955028,16.85389154719994,41.09267829914716,16.854073630954087,41.09637979984023,16.861535604961926,41.096390396588056,16.86145398483175,45.0,0.0
0_554,25654991#0,25819014#2,41.09207574955028,16.85389154719994,41.09267829914716,16.854073630954087,41.096390396588056,16.86145398483175,41.09617566373433,16.86105237527639,45.0,0.0
0_555,25654991#0,25819177#2,41.09207574955028,16.85389154719994,41.09267829914716,16.854073630954087,41.09333584930795,16.855672929401177,41.09331846638719,16.855846153569416,45.0,0.0
0_556,25654991#0,25819177#3,41.09207574955028,16.85389154719994,41.09267829914716,16.854073630954087,41.09331846638719,16.855846153569416,41.09330344191395,16.855984796607544,45.0,0.0
0_557,25654991#0,25819177#5,41.09207574955028,16.85389154719994,41.09267829914716,16.854073630954087,41.09328897220411,16.85615607855325,41.093276282258536,16.856306336332803,45.0,0.0
0_558,25654991#0,28279138#5,41.09207574955028,16.85389154719994,41.09267829914716,16.854073630954087,41.09309962997091,16.8641768999245,41.09122003932151,16.863954806076606,45.0,0.0
0_559,25654991#0,28921528#2,41.09207574955028,16.85389154719994,41.09267829914716,16.854073630954087,41.09590934506375,16.85589778274809,41.09589464404242,16.856597607978603,45.0,0.0
0_560,25654991#0,28921528#8,41.09207574955028,16.85389154719994,41.09267829914716,16.854073630954087,41.095864883749904,16.858939789299576,41.09579879841287,16.860483307032734,45.0,0.0
0_561,25654991#0,30672980#0,41.09207574955028,16.85389154719994,41.09267829914716,16.854073630954087,41.09410258065408,16.854547680343014,41.0940220774019,16.854495884667088,45.0,0.0
0_562,25654991#0,30672980#6,41.09207574955028,16.85389154719994,41.09267829914716,16.854073630954087,41.09290701188394,16.85345153155061,41.09274366748828,16.853398004520955,45.0,0.0
0_563,25654991#0,30673346,41.09207574955028,16.85389154719994,41.09267829914716,16.854073630954087,41.09289989869124,16.857979997773366,41.0924620240455,16.857540225068156,45.0,0.0
0_564,25654991#0,30674315#11,41.09207574955028,16.85389154719994,41.09267829914716,16.854073630954087,41.09762167433529,16.86078183182401,41.0975908593457,16.860854905020272,45.0,0.0
0_565,25654991#0,30674315#8,41.09207574955028,16.85389154719994,41.09267829914716,16.854073630954087,41.09783406893447,16.85935956518292,41.09781757948696,16.860074005211207,45.0,0.0
0_566,25654991#0,30674315#9,41.09207574955028,16.85389154719994,41.09267829914716,16.854073630954087,41.09781757948696,16.860074005211207,41.09773009884011,16.860532461562137,45.0,0.0
0_567,25654991#0,30674359#4,41.09207574955028,16.85389154719994,41.09267829914716,16.854073630954087,41.09788351207976,16.86008527251128,41.097886790174485,16.85993247707892,45.0,0.0
0_568,25654991#0,30674359#5,41.09207574955028,16.85389154719994,41.09267829914716,16.854073630954087,41.097886790174485,16.85993247707892,41.097887056561405,16.859358083149928,45.0,0.0
0_569,25654991#0,30674385#2,41.09207574955028,16.85389154719994,41.09267829914716,16.854073630954087,41.09752079197923,16.86113857805688,41.097541272342,16.861158803055236,45.0,0.0
0_570,25654991#0,30674948,41.09207574955028,16.85389154719994,41.09267829914716,16.854073630954087,41.09346290764322,16.859512259912492,41.0937563740557,16.85923859402608,45.0,0.0
0_571,25654991#0,30675059#0,41.09207574955028,16.85389154719994,41.09267829914716,16.854073630954087,41.09575898407665,16.861403291409037,41.09556026737646,16.861799770540163,45.0,0.0
0_572,25654991#0,30675059#1,41.09207574955028,16.85389154719994,41.09267829914716,16.854073630954087,41.09556026737646,16.861799770540163,41.09428507077666,16.861822930016572,45.0,0.0
0_573,25654991#0,33831688,41.09207574955028,16.85389154719994,41.09267829914716,16.854073630954087,41.09717022441964,16.862141610446756,41.09717150257013,16.862346685598727,45.0,0.0
0_574,25654991#0,48563895#1,41.09207574955028,16.85389154719994,41.09267829914716,16.854073630954087,41.094497059549575,16.854662484304253,41.09459493177244,16.85467607291383,45.0,0.0
0_575,25654991#0,48563902#0,41.09207574955028,16.85389154719994,41.09267829914716,16.854073630954087,41.093159424293006,16.861119861413044,41.092910609638544,16.861550868324073,45.0,0.0
0_576,25654991#0,48874527#2,41.09207574955028,16.85389154719994,41.09267829914716,16.854073630954087,41.094611131446,16.86076995428607,41.09433377805168,16.860614722600705,45.0,0.0
0_577,25654991#0,50077954,41.09207574955028,16.85389154719994,41.09267829914716,16.854073630954087,41.094481033476846,16.855484180652265,41.09590934506375,16.85589778274809,45.0,0.0
0_578,25654991#0,96606465,41.09207574955028,16.85389154719994,41.09267829914716,16.854073630954087,41.09320904205983,16.86036794969964,41.093226008438016,16.859824905081403,45.0,0.0
0_579,25756821#0,-131752097#1,41.09109506695307,16.864135338448545,41.09309962997091,16.8641768999245,41.09628587040379,16.863506396736675,41.09627339570725,16.863759660301465,45.0,0.0
0_580,25756821#0,-25654991#0,41.09109506695307,16.864135338448545,41.09309962997091,16.8641768999245,41.09267829914716,16.854073630954087,41.09207574955028,16.85389154719994,45.0,0.0
0_581,25756821#0,-33831688,41.09109506695307,16.864135338448545,41.09309962997091,16.8641768999245,41.09717150257013,16.862346685598727,41.09717022441964,16.862141610446756,45.0,0.0
0_582,25756821#0,-48874524,41.09109506695307,16.864135338448545,41.09309962997091,16.8641768999245,41.09782874807601,16.858422322289133,41.09720965467912,16.86010828803053,45.0,0.0
0_583,25756821#0,-50077954,41.09109506695307,16.864135338448545,41.09309962997091,16.8641768999245,41.09590934506375,16.85589778274809,41.094481033476846,16.855484180652265,45.0,0.0
0_584,25756821#0,-50370694#0,41.09109506695307,16.864135338448545,41.09309962997091,16.8641768999245,41.09390877175432,16.860555577386883,41.09389978504193,16.86089441913475,45.0,0.0
0_585,25756821#0,114953453#6,41.09109506695307,16.864135338448545,41.09309962997091,16.8641768999245,41.09289989869124,16.857979997773366,41.09252833667128,16.85806965698529,45.0,0.0
0_586,25756821#0,1223050325#0,41.09109506695307,16.864135338448545,41.09309962997091,16.8641768999245,41.09575898407665,16.861403291409037,41.09578940828096,16.861627521735652,45.0,0.0
0_587,25756821#0,1223050326,41.09109506695307,16.864135338448545,41.09309962997091,16.8641768999245,41.09577203818025,16.86132567064774,41.09575898407665,16.861403291409037,45.0,0.0
0_588,25756821#0,1226960836#1,41.09109506695307,16.864135338448545,41.09309962997091,16.8641768999245,41.09326327598272,16.856459442663375,41.09325705252129,16.85653261037847,45.0,0.0
0_589,25756821#0,131750844#7,41.09109506695307,16.864135338448545,41.09309962997091,16.8641768999245,41.09588692434208,16.86204201283392,41.096023183819085,16.86206015013157,45.0,0.0
0_590,25756821#0,131750844#8,41.09109506695307,16.864135338448545,41.09309962997091,16.8641768999245,41.096023183819085,16.86206015013157,41.09607053280287,16.862073156374553,45.0,0.0
0_591,25756821#0,131750844#9,41.09109506695307,16.864135338448545,41.09309962997091,16.8641768999245,41.09607053280287,16.862073156374553,41.09624619327664,16.862345189534487,45.0,0.0
0_592,25756821#0,131750850#0,41.09109506695307,16.864135338448545,41.09309962997091,16.8641768999245,41.09406666971318,16.861809974981103,41.09374076152227,16.861733142040123,45.0,0.0
0_593,25756821#0,131750853#0,41.09109506695307,16.864135338448545,41.09309962997091,16.8641768999245,41.09428507077666,16.861822930016572,41.094248634240174,16.861820234016683,45.0,0.0
0_594,25756821#0,131750853#2,41.09109506695307,16.864135338448545,41.09309962997091,16.8641768999245,41.09422326217536,16.861818445841735,41.09406666971318,16.861809974981103,45.0,0.0
0_595,25756821#0,131752095#2,41.09109506695307,16.864135338448545,41.09309962997091,16.8641768999245,41.09606913880409,16.857384087393385,41.09607773810893,16.85711333011326,45.0,0.0
0_596,25756821#0,25817423#3,41.09109506695307,16.864135338448545,41.09309962997091,16.8641768999245,41.093433790346566,16.855687830843742,41.09352569242476,16.85465158647345,45.0,0.0
0_597,25756821#0,25817735#2,41.09109506695307,16.864135338448545,41.09309962997091,16.8641768999245,41.09257525037648,16.866055037799217,41.08991586912939,16.865878687144406,45.0,0.0
0_598,25756821#0,25819014#1,41.09109506695307,16.864135338448545,41.09309962997091,16.8641768999245,41.09637979984023,16.861535604961926,41.096390396588056,16.86145398483175,45.0,0.0
0_599,25756821#0,25819014#2,41.09109506695307,16.864135338448545,41.09309962997091,16.8641768999245,41.096390396588056,16.86145398483175,41.09617566373433,16.86105237527639,45.0,0.0
0_600,25756821#0,25819177#2,41.09109506695307,16.864135338448545,41.09309962997091,16.8641768999245,41.09333584930795,16.855672929401177,41.09331846638719,16.855846153569416,45.0,0.0
0_601,25756821#0,25819177#3,41.09109506695307,16.864135338448545,41.09309962997091,16.8641768999245,41.09331846638719,16.855846153569416,41.09330344191395,16.855984796607544,45.0,0.0
0_602,25756821#0,25819177#5,41.09109506695307,16.864135338448545,41.09309962997091,16.8641768999245,41.09328897220411,16.85615607855325,41.093276282258536,16.856306336332803,45.0,0.0
0_603,25756821#0,28279138#5,41.09109506695307,16.864135338448545,41.09309962997091,16.8641768999245,41.09309962997091,16.8641768999245,41.09122003932151,16.863954806076606,45.0,0.0
0_604,25756821#0,28921528#2,41.09109506695307,16.864135338448545,41.09309962997091,16.8641768999245,41.09590934506375,16.85589778274809,41.09589464404242,16.856597607978603,45.0,0.0
0_605,25756821#0,28921528#8,41.09109506695307,16.864135338448545,41.09309962997091,16.8641768999245,41.095864883749904,16.858939789299576,41.09579879841287,16.860483307032734,45.0,0.0
0_606,25756821#0,30672980#0,41.09109506695307,16.864135338448545,41.09309962997091,16.8641768999245,41.09410258065408,16.854547680343014,41.0940220774019,16.854495884667088,45.0,0.0
0_607,25756821#0,30672980#6,41.09109506695307,16.864135338448545,41.09309962997091,16.8641768999245,41.09290701188394,16.85345153155061,41.09274366748828,16.853398004520955,45.0,0.0
0_608,25756821#0,30673346,41.09109506695307,16.864135338448545,41.09309962997091,16.8641768999245,41.09289989869124,16.857979997773366,41.0924620240455,16.857540225068156,45.0,0.0
0_609,25756821#0,30674315#11,41.09109506695307,16.864135338448545,41.09309962997091,16.8641768999245,41.09762167433529,16.86078183182401,41.0975908593457,16.860854905020272,45.0,0.0
0_610,25756821#0,30674315#8,41.09109506695307,16.864135338448545,41.09309962997091,16.8641768999245,41.09783406893447,16.85935956518292,41.09781757948696,16.860074005211207,45.0,0.0
0_611,25756821#0,30674315#9,41.09109506695307,16.864135338448545,41.09309962997091,16.8641768999245,41.09781757948696,16.860074005211207,41.09773009884011,16.860532461562137,45.0,0.0
0_612,25756821#0,30674359#4,41.09109506695307,16.864135338448545,41.09309962997091,16.8641768999245,41.09788351207976,16.86008527251128,41.097886790174485,16.85993247707892,45.0,0.0
0_613,25756821#0,30674359#5,41.09109506695307,16.864135338448545,41.09309962997091,16.8641768999245,41.097886790174485,16.85993247707892,41.097887056561405,16.859358083149928,45.0,0.0
0_614,25756821#0,30674385#2,41.09109506695307,16.864135338448545,41.09309962997091,16.8641768999245,41.09752079197923,16.86113857805688,41.097541272342,16.861158803055236,45.0,0.0
0_615,25756821#0,30674948,41.09109506695307,16.864135338448545,41.09309962997091,16.8641768999245,41.09346290764322,16.859512259912492,41.0937563740557,16.85923859402608,45.0,0.0
0_616,25756821#0,30675059#0,41.09109506695307,16.864135338448545,41.09309962997091,16.8641768999245,41.09575898407665,16.861403291409037,41.09556026737646,16.861799770540163,45.0,0.0
0_617,25756821#0,30675059#1,41.09109506695307,16.864135338448545,41.09309962997091,16.8641768999245,41.09556026737646,16.861799770540163,41.09428507077666,16.861822930016572,45.0,0.0
0_618,25756821#0,33831688,41.09109506695307,16.864135338448545,41.09309962997091,16.8641768999245,41.09717022441964,16.862141610446756,41.09717150257013,16.862346685598727,45.0,0.0
0_619,25756821#0,48563895#1,41.09109506695307,16.864135338448545,41.09309962997091,16.8641768999245,41.094497059549575,16.854662484304253,41.09459493177244,16.85467607291383,45.0,0.0
0_620,25756821#0,48563902#0,41.09109506695307,16.864135338448545,41.09309962997091,16.8641768999245,41.093159424293006,16.861119861413044,41.092910609638544,16.861550868324073,45.0,0.0
0_621,25756821#0,48874527#2,41.09109506695307,16.864135338448545,41.09309962997091,16.8641768999245,41.094611131446,16.86076995428607,41.09433377805168,16.860614722600705,45.0,0.0
0_622,25756821#0,50077954,41.09109506695307,16.864135338448545,41.09309962997091,16.8641768999245,41.094481033476846,16.855484180652265,41.09590934506375,16.85589778274809,45.0,0.0
0_623,25756821#0,96606465,41.09109506695307,16.864135338448545,41.09309962997091,16.8641768999245,41.09320904205983,16.86036794969964,41.093226008438016,16.859824905081403,45.0,0.0
0_624,25817423#1,-131752097#1,41.09340387400641,16.856063110440175,41.093407826966825,16.856002261200675,41.09628587040379,16.863506396736675,41.09627339570725,16.863759660301465,45.0,0.0
0_625,25817423#1,-25654991#0,41.09340387400641,16.856063110440175,41.093407826966825,16.856002261200675,41.09267829914716,16.854073630954087,41.09207574955028,16.85389154719994,45.0,0.0
0_626,25817423#1,-33831688,41.09340387400641,16.856063110440175,41.093407826966825,16.856002261200675,41.09717150257013,16.862346685598727,41.09717022441964,16.862141610446756,45.0,0.0
0_627,25817423#1,-48874524,41.09340387400641,16.856063110440175,41.093407826966825,16.856002261200675,41.09782874807601,16.858422322289133,41.09720965467912,16.86010828803053,45.0,0.0
0_628,25817423#1,-50077954,41.09340387400641,16.856063110440175,41.093407826966825,16.856002261200675,41.09590934506375,16.85589778274809,41.094481033476846,16.855484180652265,45.0,0.0
0_629,25817423#1,-50370694#0,41.09340387400641,16.856063110440175,41.093407826966825,16.856002261200675,41.09390877175432,16.860555577386883,41.09389978504193,16.86089441913475,45.0,0.0
0_630,25817423#1,114953453#6,41.09340387400641,16.856063110440175,41.093407826966825,16.856002261200675,41.09289989869124,16.857979997773366,41.09252833667128,16.85806965698529,45.0,0.0
0_631,25817423#1,1223050325#0,41.09340387400641,16.856063110440175,41.093407826966825,16.856002261200675,41.09575898407665,16.861403291409037,41.09578940828096,16.861627521735652,45.0,0.0
0_632,25817423#1,1223050326,41.09340387400641,16.856063110440175,41.093407826966825,16.856002261200675,41.09577203818025,16.86132567064774,41.09575898407665,16.861403291409037,45.0,0.0
0_633,25817423#1,1226960836#1,41.09340387400641,16.856063110440175,41.093407826966825,16.856002261200675,41.09326327598272,16.856459442663375,41.09325705252129,16.85653261037847,45.0,0.0
0_634,25817423#1,131750844#7,41.09340387400641,16.856063110440175,41.093407826966825,16.856002261200675,41.09588692434208,16.86204201283392,41.096023183819085,16.86206015013157,45.0,0.0
0_635,25817423#1,131750844#8,41.09340387400641,16.856063110440175,41.093407826966825,16.856002261200675,41.096023183819085,16.86206015013157,41.09607053280287,16.862073156374553,45.0,0.0
0_636,25817423#1,131750844#9,41.09340387400641,16.856063110440175,41.093407826966825,16.856002261200675,41.09607053280287,16.862073156374553,41.09624619327664,16.862345189534487,45.0,0.0
0_637,25817423#1,131750850#0,41.09340387400641,16.856063110440175,41.093407826966825,16.856002261200675,41.09406666971318,16.861809974981103,41.09374076152227,16.861733142040123,45.0,0.0
0_638,25817423#1,131750853#0,41.09340387400641,16.856063110440175,41.093407826966825,16.856002261200675,41.09428507077666,16.861822930016572,41.094248634240174,16.861820234016683,45.0,0.0
0_639,25817423#1,131750853#2,41.09340387400641,16.856063110440175,41.093407826966825,16.856002261200675,41.09422326217536,16.861818445841735,41.09406666971318,16.861809974981103,45.0,0.0
0_640,25817423#1,131752095#2,41.09340387400641,16.856063110440175,41.093407826966825,16.856002261200675,41.09606913880409,16.857384087393385,41.09607773810893,16.85711333011326,45.0,0.0
0_641,25817423#1,25817423#3,41.09340387400641,16.856063110440175,41.093407826966825,16.856002261200675,41.093433790346566,16.855687830843742,41.09352569242476,16.85465158647345,45.0,0.0
0_642,25817423#1,25817735#2,41.09340387400641,16.856063110440175,41.093407826966825,16.856002261200675,41.09257525037648,16.866055037799217,41.08991586912939,16.865878687144406,45.0,0.0
0_643,25817423#1,25819014#1,41.09340387400641,16.856063110440175,41.093407826966825,16.856002261200675,41.09637979984023,16.861535604961926,41.096390396588056,16.86145398483175,45.0,0.0
0_644,25817423#1,25819014#2,41.09340387400641,16.856063110440175,41.093407826966825,16.856002261200675,41.096390396588056,16.86145398483175,41.09617566373433,16.86105237527639,45.0,0.0
0_645,25817423#1,25819177#2,41.09340387400641,16.856063110440175,41.093407826966825,16.856002261200675,41.09333584930795,16.855672929401177,41.09331846638719,16.855846153569416,45.0,0.0
0_646,25817423#1,25819177#3,41.09340387400641,16.856063110440175,41.093407826966825,16.856002261200675,41.09331846638719,16.855846153569416,41.09330344191395,16.855984796607544,45.0,0.0
0_647,25817423#1,25819177#5,41.09340387400641,16.856063110440175,41.093407826966825,16.856002261200675,41.09328897220411,16.85615607855325,41.093276282258536,16.856306336332803,45.0,0.0
0_648,25817423#1,28279138#5,41.09340387400641,16.856063110440175,41.093407826966825,16.856002261200675,41.09309962997091,16.8641768999245,41.09122003932151,16.863954806076606,45.0,0.0
0_649,25817423#1,28921528#2,41.09340387400641,16.856063110440175,41.093407826966825,16.856002261200675,41.09590934506375,16.85589778274809,41.09589464404242,16.856597607978603,45.0,0.0
0_650,25817423#1,28921528#8,41.09340387400641,16.856063110440175,41.093407826966825,16.856002261200675,41.095864883749904,16.858939789299576,41.09579879841287,16.860483307032734,45.0,0.0
0_651,25817423#1,30672980#0,41.09340387400641,16.856063110440175,41.093407826966825,16.856002261200675,41.09410258065408,16.854547680343014,41.0940220774019,16.854495884667088,45.0,0.0
0_652,25817423#1,30672980#6,41.09340387400641,16.856063110440175,41.093407826966825,16.856002261200675,41.09290701188394,16.85345153155061,41.09274366748828,16.853398004520955,45.0,0.0
0_653,25817423#1,30673346,41.09340387400641,16.856063110440175,41.093407826966825,16.856002261200675,41.09289989869124,16.857979997773366,41.0924620240455,16.857540225068156,45.0,0.0
0_654,25817423#1,30674315#11,41.09340387400641,16.856063110440175,41.093407826966825,16.856002261200675,41.09762167433529,16.86078183182401,41.0975908593457,16.860854905020272,45.0,0.0
0_655,25817423#1,30674315#8,41.09340387400641,16.856063110440175,41.093407826966825,16.856002261200675,41.09783406893447,16.85935956518292,41.09781757948696,16.860074005211207,45.0,0.0
0_656,25817423#1,30674315#9,41.09340387400641,16.856063110440175,41.093407826966825,16.856002261200675,41.09781757948696,16.860074005211207,41.09773009884011,16.860532461562137,45.0,0.0
0_657,25817423#1,30674359#4,41.09340387400641,16.856063110440175,41.093407826966825,16.856002261200675,41.09788351207976,16.86008527251128,41.097886790174485,16.85993247707892,45.0,0.0
0_658,25817423#1,30674359#5,41.09340387400641,16.856063110440175,41.093407826966825,16.856002261200675,41.097886790174485,16.85993247707892,41.097887056561405,16.859358083149928,45.0,0.0
0_659,25817423#1,30674385#2,41.09340387400641,16.856063110440175,41.093407826966825,16.856002261200675,41.09752079197923,16.86113857805688,41.097541272342,16.861158803055236,45.0,0.0
0_660,25817423#1,30674948,41.09340387400641,16.856063110440175,41.093407826966825,16.856002261200675,41.09346290764322,16.859512259912492,41.0937563740557,16.85923859402608,45.0,0.0
0_661,25817423#1,30675059#0,41.09340387400641,16.856063110440175,41.093407826966825,16.856002261200675,41.09575898407665,16.861403291409037,41.09556026737646,16.861799770540163,45.0,0.0
0_662,25817423#1,30675059#1,41.09340387400641,16.856063110440175,41.093407826966825,16.856002261200675,41.09556026737646,16.861799770540163,41.09428507077666,16.861822930016572,45.0,0.0
0_663,25817423#1,33831688,41.09340387400641,16.856063110440175,41.093407826966825,16.856002261200675,41.09717022441964,16.862141610446756,41.09717150257013,16.862346685598727,45.0,0.0
0_664,25817423#1,48563895#1,41.09340387400641,16.856063110440175,41.093407826966825,16.856002261200675,41.094497059549575,16.854662484304253,41.09459493177244,16.85467607291383,45.0,0.0
0_665,25817423#1,48563902#0,41.09340387400641,16.856063110440175,41.093407826966825,16.856002261200675,41.093159424293006,16.861119861413044,41.092910609638544,16.861550868324073,45.0,0.0
0_666,25817423#1,48874527#2,41.09340387400641,16.856063110440175,41.093407826966825,16.856002261200675,41.094611131446,16.86076995428607,41.09433377805168,16.860614722600705,45.0,0.0
0_667,25817423#1,50077954,41.09340387400641,16.856063110440175,41.093407826966825,16.856002261200675,41.094481033476846,16.855484180652265,41.09590934506375,16.85589778274809,45.0,0.0
0_668,25817423#1,96606465,41.09340387400641,16.856063110440175,41.093407826966825,16.856002261200675,41.09320904205983,16.86036794969964,41.093226008438016,16.859824905081403,45.0,0.0
0_669,25817423#2,-131752097#1,41.093407826966825,16.856002261200675,41.093433790346566,16.855687830843742,41.09628587040379,16.863506396736675,41.09627339570725,16.863759660301465,45.0,0.0
0_670,25817423#2,-25654991#0,41.093407826966825,16.856002261200675,41.093433790346566,16.855687830843742,41.09267829914716,16.854073630954087,41.09207574955028,16.85389154719994,45.0,0.0
0_671,25817423#2,-33831688,41.093407826966825,16.856002261200675,41.093433790346566,16.855687830843742,41.09717150257013,16.862346685598727,41.09717022441964,16.862141610446756,45.0,0.0
0_672,25817423#2,-48874524,41.093407826966825,16.856002261200675,41.093433790346566,16.855687830843742,41.09782874807601,16.858422322289133,41.09720965467912,16.86010828803053,45.0,0.0
0_673,25817423#2,-50077954,41.093407826966825,16.856002261200675,41.093433790346566,16.855687830843742,41.09590934506375,16.85589778274809,41.094481033476846,16.855484180652265,45.0,0.0
0_674,25817423#2,-50370694#0,41.093407826966825,16.856002261200675,41.093433790346566,16.855687830843742,41.09390877175432,16.860555577386883,41.09389978504193,16.86089441913475,45.0,0.0
0_675,25817423#2,114953453#6,41.093407826966825,16.856002261200675,41.093433790346566,16.855687830843742,41.09289989869124,16.857979997773366,41.09252833667128,16.85806965698529,45.0,0.0
0_676,25817423#2,1223050325#0,41.093407826966825,16.856002261200675,41.093433790346566,16.855687830843742,41.09575898407665,16.861403291409037,41.09578940828096,16.861627521735652,45.0,0.0
0_677,25817423#2,1223050326,41.093407826966825,16.856002261200675,41.093433790346566,16.855687830843742,41.09577203818025,16.86132567064774,41.09575898407665,16.861403291409037,45.0,0.0
0_678,25817423#2,1226960836#1,41.093407826966825,16.856002261200675,41.093433790346566,16.855687830843742,41.09326327598272,16.856459442663375,41.09325705252129,16.85653261037847,45.0,0.0
0_679,25817423#2,131750844#7,41.093407826966825,16.856002261200675,41.093433790346566,16.855687830843742,41.09588692434208,16.86204201283392,41.096023183819085,16.86206015013157,45.0,0.0
0_680,25817423#2,131750844#8,41.093407826966825,16.856002261200675,41.093433790346566,16.855687830843742,41.096023183819085,16.86206015013157,41.09607053280287,16.862073156374553,45.0,0.0
0_681,25817423#2,131750844#9,41.093407826966825,16.856002261200675,41.093433790346566,16.855687830843742,41.09607053280287,16.862073156374553,41.09624619327664,16.862345189534487,45.0,0.0
0_682,25817423#2,131750850#0,41.093407826966825,16.856002261200675,41.093433790346566,16.855687830843742,41.09406666971318,16.861809974981103,41.09374076152227,16.861733142040123,45.0,0.0
0_683,25817423#2,131750853#0,41.093407826966825,16.856002261200675,41.093433790346566,16.855687830843742,41.09428507077666,16.861822930016572,41.094248634240174,16.861820234016683,45.0,0.0
0_684,25817423#2,131750853#2,41.093407826966825,16.856002261200675,41.093433790346566,16.855687830843742,41.09422326217536,16.861818445841735,41.09406666971318,16.861809974981103,45.0,0.0
0_685,25817423#2,131752095#2,41.093407826966825,16.856002261200675,41.093433790346566,16.855687830843742,41.09606913880409,16.857384087393385,41.09607773810893,16.85711333011326,45.0,0.0
0_686,25817423#2,25817423#3,41.093407826966825,16.856002261200675,41.093433790346566,16.855687830843742,41.093433790346566,16.855687830843742,41.09352569242476,16.85465158647345,45.0,0.0
0_687,25817423#2,25817735#2,41.093407826966825,16.856002261200675,41.093433790346566,16.855687830843742,41.09257525037648,16.866055037799217,41.08991586912939,16.865878687144406,45.0,0.0
0_688,25817423#2,25819014#1,41.093407826966825,16.856002261200675,41.093433790346566,16.855687830843742,41.09637979984023,16.861535604961926,41.096390396588056,16.86145398483175,45.0,0.0
0_689,25817423#2,25819014#2,41.093407826966825,16.856002261200675,41.093433790346566,16.855687830843742,41.096390396588056,16.86145398483175,41.09617566373433,16.86105237527639,45.0,0.0
0_690,25817423#2,25819177#2,41.093407826966825,16.856002261200675,41.093433790346566,16.855687830843742,41.09333584930795,16.855672929401177,41.09331846638719,16.855846153569416,45.0,0.0
0_691,25817423#2,25819177#3,41.093407826966825,16.856002261200675,41.093433790346566,16.855687830843742,41.09331846638719,16.855846153569416,41.09330344191395,16.855984796607544,45.0,0.0
0_692,25817423#2,25819177#5,41.093407826966825,16.856002261200675,41.093433790346566,16.855687830843742,41.09328897220411,16.85615607855325,41.093276282258536,16.856306336332803,45.0,0.0
0_693,25817423#2,28279138#5,41.093407826966825,16.856002261200675,41.093433790346566,16.855687830843742,41.09309962997091,16.8641768999245,41.09122003932151,16.863954806076606,45.0,0.0
0_694,25817423#2,28921528#2,41.093407826966825,16.856002261200675,41.093433790346566,16.855687830843742,41.09590934506375,16.85589778274809,41.09589464404242,16.856597607978603,45.0,0.0
0_695,25817423#2,28921528#8,41.093407826966825,16.856002261200675,41.093433790346566,16.855687830843742,41.095864883749904,16.858939789299576,41.09579879841287,16.860483307032734,45.0,0.0
0_696,25817423#2,30672980#0,41.093407826966825,16.856002261200675,41.093433790346566,16.855687830843742,41.09410258065408,16.854547680343014,41.0940220774019,16.854495884667088,45.0,0.0
0_697,25817423#2,30672980#6,41.093407826966825,16.856002261200675,41.093433790346566,16.855687830843742,41.09290701188394,16.85345153155061,41.09274366748828,16.853398004520955,45.0,0.0
0_698,25817423#2,30673346,41.093407826966825,16.856002261200675,41.093433790346566,16.855687830843742,41.09289989869124,16.857979997773366,41.0924620240455,16.857540225068156,45.0,0.0
0_699,25817423#2,30674315#11,41.093407826966825,16.856002261200675,41.093433790346566,16.855687830843742,41.09762167433529,16.86078183182401,41.0975908593457,16.860854905020272,45.0,0.0
0_700,25817423#2,30674315#8,41.093407826966825,16.856002261200675,41.093433790346566,16.855687830843742,41.09783406893447,16.85935956518292,41.09781757948696,16.860074005211207,45.0,0.0
0_701,25817423#2,30674315#9,41.093407826966825,16.856002261200675,41.093433790346566,16.855687830843742,41.09781757948696,16.860074005211207,41.09773009884011,16.860532461562137,45.0,0.0
0_702,25817423#2,30674359#4,41.093407826966825,16.856002261200675,41.093433790346566,16.855687830843742,41.09788351207976,16.86008527251128,41.097886790174485,16.85993247707892,45.0,0.0
0_703,25817423#2,30674359#5,41.093407826966825,16.856002261200675,41.093433790346566,16.855687830843742,41.097886790174485,16.85993247707892,41.097887056561405,16.859358083149928,45.0,0.0
0_704,25817423#2,30674385#2,41.093407826966825,16.856002261200675,41.093433790346566,16.855687830843742,41.09752079197923,16.86113857805688,41.097541272342,16.861158803055236,45.0,0.0
0_705,25817423#2,30674948,41.093407826966825,16.856002261200675,41.093433790346566,16.855687830843742,41.09346290764322,16.859512259912492,41.0937563740557,16.85923859402608,45.0,0.0
0_706,25817423#2,30675059#0,41.093407826966825,16.856002261200675,41.093433790346566,16.855687830843742,41.09575898407665,16.861403291409037,41.09556026737646,16.861799770540163,45.0,0.0
0_707,25817423#2,30675059#1,41.093407826966825,16.856002261200675,41.093433790346566,16.855687830843742,41.09556026737646,16.861799770540163,41.09428507077666,16.861822930016572,45.0,0.0
0_708,25817423#2,33831688,41.093407826966825,16.856002261200675,41.093433790346566,16.855687830843742,41.09717022441964,16.862141610446756,41.09717150257013,16.862346685598727,45.0,0.0
0_709,25817423#2,48563895#1,41.093407826966825,16.856002261200675,41.093433790346566,16.855687830843742,41.094497059549575,16.854662484304253,41.09459493177244,16.85467607291383,45.0,0.0
0_710,25817423#2,48563902#0,41.093407826966825,16.856002261200675,41.093433790346566,16.855687830843742,41.093159424293006,16.861119861413044,41.092910609638544,16.861550868324073,45.0,0.0
0_711,25817423#2,48874527#2,41.093407826966825,16.856002261200675,41.093433790346566,16.855687830843742,41.094611131446,16.86076995428607,41.09433377805168,16.860614722600705,45.0,0.0
0_712,25817423#2,50077954,41.093407826966825,16.856002261200675,41.093433790346566,16.855687830843742,41.094481033476846,16.855484180652265,41.09590934506375,16.85589778274809,45.0,0.0
0_713,25817423#2,96606465,41.093407826966825,16.856002261200675,41.093433790346566,16.855687830843742,41.09320904205983,16.86036794969964,41.093226008438016,16.859824905081403,45.0,0.0
0_714,25819014#0,-131752097#1,41.09637137649532,16.8615997833262,41.09637979984023,16.861535604961926,41.09628587040379,16.863506396736675,41.09627339570725,16.863759660301465,45.0,0.0
0_715,25819014#0,-25654991#0,41.09637137649532,16.8615997833262,41.09637979984023,16.861535604961926,41.09267829914716,16.854073630954087,41.09207574955028,16.85389154719994,45.0,0.0
0_716,25819014#0,-33831688,41.09637137649532,16.8615997833262,41.09637979984023,16.861535604961926,41.09717150257013,16.862346685598727,41.09717022441964,16.862141610446756,45.0,0.0
0_717,25819014#0,-48874524,41.09637137649532,16.8615997833262,41.09637979984023,16.861535604961926,41.09782874807601,16.858422322289133,41.09720965467912,16.86010828803053,45.0,0.0
0_718,25819014#0,-50077954,41.09637137649532,16.8615997833262,41.09637979984023,16.861535604961926,41.09590934506375,16.85589778274809,41.094481033476846,16.855484180652265,45.0,0.0
0_719,25819014#0,-50370694#0,41.09637137649532,16.8615997833262,41.09637979984023,16.861535604961926,41.09390877175432,16.860555577386883,41.09389978504193,16.86089441913475,45.0,0.0
0_720,25819014#0,114953453#6,41.09637137649532,16.8615997833262,41.09637979984023,16.861535604961926,41.09289989869124,16.857979997773366,41.09252833667128,16.85806965698529,45.0,0.0
0_721,25819014#0,1223050325#0,41.09637137649532,16.8615997833262,41.09637979984023,16.861535604961926,41.09575898407665,16.861403291409037,41.09578940828096,16.861627521735652,45.0,0.0
0_722,25819014#0,1223050326,41.09637137649532,16.8615997833262,41.09637979984023,16.861535604961926,41.09577203818025,16.86132567064774,41.09575898407665,16.861403291409037,45.0,0.0
0_723,25819014#0,1226960836#1,41.09637137649532,16.8615997833262,41.09637979984023,16.861535604961926,41.09326327598272,16.856459442663375,41.09325705252129,16.85653261037847,45.0,0.0
0_724,25819014#0,131750844#7,41.09637137649532,16.8615997833262,41.09637979984023,16.861535604961926,41.09588692434208,16.86204201283392,41.096023183819085,16.86206015013157,45.0,0.0
0_725,25819014#0,131750844#8,41.09637137649532,16.8615997833262,41.09637979984023,16.861535604961926,41.096023183819085,16.86206015013157,41.09607053280287,16.862073156374553,45.0,0.0
0_726,25819014#0,131750844#9,41.09637137649532,16.8615997833262,41.09637979984023,16.861535604961926,41.09607053280287,16.862073156374553,41.09624619327664,16.862345189534487,45.0,0.0
0_727,25819014#0,131750850#0,41.09637137649532,16.8615997833262,41.09637979984023,16.861535604961926,41.09406666971318,16.861809974981103,41.09374076152227,16.861733142040123,45.0,0.0
0_728,25819014#0,131750853#0,41.09637137649532,16.8615997833262,41.09637979984023,16.861535604961926,41.09428507077666,16.861822930016572,41.094248634240174,16.861820234016683,45.0,0.0
0_729,25819014#0,131750853#2,41.09637137649532,16.8615997833262,41.09637979984023,16.861535604961926,41.09422326217536,16.861818445841735,41.09406666971318,16.861809974981103,45.0,0.0
0_730,25819014#0,131752095#2,41.09637137649532,16.8615997833262,41.09637979984023,16.861535604961926,41.09606913880409,16.857384087393385,41.09607773810893,16.85711333011326,45.0,0.0
0_731,25819014#0,25817423#3,41.09637137649532,16.8615997833262,41.09637979984023,16.861535604961926,41.093433790346566,16.855687830843742,41.09352569242476,16.85465158647345,45.0,0.0
0_732,25819014#0,25817735#2,41.09637137649532,16.8615997833262,41.09637979984023,16.861535604961926,41.09257525037648,16.866055037799217,41.08991586912939,16.865878687144406,45.0,0.0
0_733,25819014#0,25819014#1,41.09637137649532,16.8615997833262,41.09637979984023,16.861535604961926,41.09637979984023,16.861535604961926,41.096390396588056,16.86145398483175,45.0,0.0
0_734,25819014#0,25819014#2,41.09637137649532,16.8615997833262,41.09637979984023,16.861535604961926,41.096390396588056,16.86145398483175,41.09617566373433,16.86105237527639,45.0,0.0
0_735,25819014#0,25819177#2,41.09637137649532,16.8615997833262,41.09637979984023,16.861535604961926,41.09333584930795,16.855672929401177,41.09331846638719,16.855846153569416,45.0,0.0
0_736,25819014#0,25819177#3,41.09637137649532,16.8615997833262,41.09637979984023,16.861535604961926,41.09331846638719,16.855846153569416,41.09330344191395,16.855984796607544,45.0,0.0
0_737,25819014#0,25819177#5,41.09637137649532,16.8615997833262,41.09637979984023,16.861535604961926,41.09328897220411,16.85615607855325,41.093276282258536,16.856306336332803,45.0,0.0
0_738,25819014#0,28279138#5,41.09637137649532,16.8615997833262,41.09637979984023,16.861535604961926,41.09309962997091,16.8641768999245,41.09122003932151,16.863954806076606,45.0,0.0
0_739,25819014#0,28921528#2,41.09637137649532,16.8615997833262,41.09637979984023,16.861535604961926,41.09590934506375,16.85589778274809,41.09589464404242,16.856597607978603,45.0,0.0
0_740,25819014#0,28921528#8,41.09637137649532,16.8615997833262,41.09637979984023,16.861535604961926,41.095864883749904,16.858939789299576,41.09579879841287,16.860483307032734,45.0,0.0
0_741,25819014#0,30672980#0,41.09637137649532,16.8615997833262,41.09637979984023,16.861535604961926,41.09410258065408,16.854547680343014,41.0940220774019,16.854495884667088,45.0,0.0
0_742,25819014#0,30672980#6,41.09637137649532,16.8615997833262,41.09637979984023,16.861535604961926,41.09290701188394,16.85345153155061,41.09274366748828,16.853398004520955,45.0,0.0
0_743,25819014#0,30673346,41.09637137649532,16.8615997833262,41.09637979984023,16.861535604961926,41.09289989869124,16.857979997773366,41.0924620240455,16.857540225068156,45.0,0.0
0_744,25819014#0,30674315#11,41.09637137649532,16.8615997833262,41.09637979984023,16.861535604961926,41.09762167433529,16.86078183182401,41.0975908593457,16.860854905020272,45.0,0.0
0_745,25819014#0,30674315#8,41.09637137649532,16.8615997833262,41.09637979984023,16.861535604961926,41.09783406893447,16.85935956518292,41.09781757948696,16.860074005211207,45.0,0.0
0_746,25819014#0,30674315#9,41.09637137649532,16.8615997833262,41.09637979984023,16.861535604961926,41.09781757948696,16.860074005211207,41.09773009884011,16.860532461562137,45.0,0.0
0_747,25819014#0,30674359#4,41.09637137649532,16.8615997833262,41.09637979984023,16.861535604961926,41.09788351207976,16.86008527251128,41.097886790174485,16.85993247707892,45.0,0.0
0_748,25819014#0,30674359#5,41.09637137649532,16.8615997833262,41.09637979984023,16.861535604961926,41.097886790174485,16.85993247707892,41.097887056561405,16.859358083149928,45.0,0.0
0_749,25819014#0,30674385#2,41.09637137649532,16.8615997833262,41.09637979984023,16.861535604961926,41.09752079197923,16.86113857805688,41.097541272342,16.861158803055236,45.0,0.0
0_750,25819014#0,30674948,41.09637137649532,16.8615997833262,41.09637979984023,16.861535604961926,41.09346290764322,16.859512259912492,41.0937563740557,16.85923859402608,45.0,0.0
0_751,25819014#0,30675059#0,41.09637137649532,16.8615997833262,41.09637979984023,16.861535604961926,41.09575898407665,16.861403291409037,41.09556026737646,16.861799770540163,45.0,0.0
0_752,25819014#0,30675059#1,41.09637137649532,16.8615997833262,41.09637979984023,16.861535604961926,41.09556026737646,16.861799770540163,41.09428507077666,16.861822930016572,45.0,0.0
0_753,25819014#0,33831688,41.09637137649532,16.8615997833262,41.09637979984023,16.861535604961926,41.09717022441964,16.862141610446756,41.09717150257013,16.862346685598727,45.0,0.0
0_754,25819014#0,48563895#1,41.09637137649532,16.8615997833262,41.09637979984023,16.861535604961926,41.094497059549575,16.854662484304253,41.09459493177244,16.85467607291383,45.0,0.0
0_755,25819014#0,48563902#0,41.09637137649532,16.8615997833262,41.09637979984023,16.861535604961926,41.093159424293006,16.861119861413044,41.092910609638544,16.861550868324073,45.0,0.0
0_756,25819014#0,48874527#2,41.09637137649532,16.8615997833262,41.09637979984023,16.861535604961926,41.094611131446,16.86076995428607,41.09433377805168,16.860614722600705,45.0,0.0
0_757,25819014#0,50077954,41.09637137649532,16.8615997833262,41.09637979984023,16.861535604961926,41.094481033476846,16.855484180652265,41.09590934506375,16.85589778274809,45.0,0.0
0_758,25819014#0,96606465,41.09637137649532,16.8615997833262,41.09637979984023,16.861535604961926,41.09320904205983,16.86036794969964,41.093226008438016,16.859824905081403,45.0,0.0
0_759,25819014#5,-131752097#1,41.095786241509785,16.861249392050773,41.09577203818025,16.86132567064774,41.09628587040379,16.863506396736675,41.09627339570725,16.863759660301465,45.0,0.0
0_760,25819014#5,-25654991#0,41.095786241509785,16.861249392050773,41.09577203818025,16.86132567064774,41.09267829914716,16.854073630954087,41.09207574955028,16.85389154719994,45.0,0.0
0_761,25819014#5,-33831688,41.095786241509785,16.861249392050773,41.09577203818025,16.86132567064774,41.09717150257013,16.862346685598727,41.09717022441964,16.862141610446756,45.0,0.0
0_762,25819014#5,-48874524,41.095786241509785,16.861249392050773,41.09577203818025,16.86132567064774,41.09782874807601,16.858422322289133,41.09720965467912,16.86010828803053,45.0,0.0
0_763,25819014#5,-50077954,41.095786241509785,16.861249392050773,41.09577203818025,16.86132567064774,41.09590934506375,16.85589778274809,41.094481033476846,16.855484180652265,45.0,0.0
0_764,25819014#5,-50370694#0,41.095786241509785,16.861249392050773,41.09577203818025,16.86132567064774,41.09390877175432,16.860555577386883,41.09389978504193,16.86089441913475,45.0,0.0
0_765,25819014#5,114953453#6,41.095786241509785,16.861249392050773,41.09577203818025,16.86132567064774,41.09289989869124,16.857979997773366,41.09252833667128,16.85806965698529,45.0,0.0
0_766,25819014#5,1223050325#0,41.095786241509785,16.861249392050773,41.09577203818025,16.86132567064774,41.09575898407665,16.861403291409037,41.09578940828096,16.861627521735652,45.0,0.0
0_767,25819014#5,1223050326,41.095786241509785,16.861249392050773,41.09577203818025,16.86132567064774,41.09577203818025,16.86132567064774,41.09575898407665,16.861403291409037,45.0,0.0
0_768,25819014#5,1226960836#1,41.095786241509785,16.861249392050773,41.09577203818025,16.86132567064774,41.09326327598272,16.856459442663375,41.09325705252129,16.85653261037847,45.0,0.0
0_769,25819014#5,131750844#7,41.095786241509785,16.861249392050773,41.09577203818025,16.86132567064774,41.09588692434208,16.86204201283392,41.096023183819085,16.86206015013157,45.0,0.0
0_770,25819014#5,131750844#8,41.095786241509785,16.861249392050773,41.09577203818025,16.86132567064774,41.096023183819085,16.86206015013157,41.09607053280287,16.862073156374553,45.0,0.0
0_771,25819014#5,131750844#9,41.095786241509785,16.861249392050773,41.09577203818025,16.86132567064774,41.09607053280287,16.862073156374553,41.09624619327664,16.862345189534487,45.0,0.0
0_772,25819014#5,131750850#0,41.095786241509785,16.861249392050773,41.09577203818025,16.86132567064774,41.09406666971318,16.861809974981103,41.09374076152227,16.861733142040123,45.0,0.0
0_773,25819014#5,131750853#0,41.095786241509785,16.861249392050773,41.09577203818025,16.86132567064774,41.09428507077666,16.861822930016572,41.094248634240174,16.861820234016683,45.0,0.0
0_774,25819014#5,131750853#2,41.095786241509785,16.861249392050773,41.09577203818025,16.86132567064774,41.09422326217536,16.861818445841735,41.09406666971318,16.861809974981103,45.0,0.0
0_775,25819014#5,131752095#2,41.095786241509785,16.861249392050773,41.09577203818025,16.86132567064774,41.09606913880409,16.857384087393385,41.09607773810893,16.85711333011326,45.0,0.0
0_776,25819014#5,25817423#3,41.095786241509785,16.861249392050773,41.09577203818025,16.86132567064774,41.093433790346566,16.855687830843742,41.09352569242476,16.85465158647345,45.0,0.0
0_777,25819014#5,25817735#2,41.095786241509785,16.861249392050773,41.09577203818025,16.86132567064774,41.09257525037648,16.866055037799217,41.08991586912939,16.865878687144406,45.0,0.0
0_778,25819014#5,25819014#1,41.095786241509785,16.861249392050773,41.09577203818025,16.86132567064774,41.09637979984023,16.861535604961926,41.096390396588056,16.86145398483175,45.0,0.0
0_779,25819014#5,25819014#2,41.095786241509785,16.861249392050773,41.09577203818025,16.86132567064774,41.096390396588056,16.86145398483175,41.09617566373433,16.86105237527639,45.0,0.0
0_780,25819014#5,25819177#2,41.095786241509785,16.861249392050773,41.09577203818025,16.86132567064774,41.09333584930795,16.855672929401177,41.09331846638719,16.855846153569416,45.0,0.0
0_781,25819014#5,25819177#3,41.095786241509785,16.861249392050773,41.09577203818025,16.86132567064774,41.09331846638719,16.855846153569416,41.09330344191395,16.855984796607544,45.0,0.0
0_782,25819014#5,25819177#5,41.095786241509785,16.861249392050773,41.09577203818025,16.86132567064774,41.09328897220411,16.85615607855325,41.093276282258536,16.856306336332803,45.0,0.0
0_783,25819014#5,28279138#5,41.095786241509785,16.861249392050773,41.09577203818025,16.86132567064774,41.09309962997091,16.8641768999245,41.09122003932151,16.863954806076606,45.0,0.0
0_784,25819014#5,28921528#2,41.095786241509785,16.861249392050773,41.09577203818025,16.86132567064774,41.09590934506375,16.85589778274809,41.09589464404242,16.856597607978603,45.0,0.0
0_785,25819014#5,28921528#8,41.095786241509785,16.861249392050773,41.09577203818025,16.86132567064774,41.095864883749904,16.858939789299576,41.09579879841287,16.860483307032734,45.0,0.0
0_786,25819014#5,30672980#0,41.095786241509785,16.861249392050773,41.09577203818025,16.86132567064774,41.09410258065408,16.854547680343014,41.0940220774019,16.854495884667088,45.0,0.0
0_787,25819014#5,30672980#6,41.095786241509785,16.861249392050773,41.09577203818025,16.86132567064774,41.09290701188394,16.85345153155061,41.09274366748828,16.853398004520955,45.0,0.0
0_788,25819014#5,30673346,41.095786241509785,16.861249392050773,41.09577203818025,16.86132567064774,41.09289989869124,16.857979997773366,41.0924620240455,16.857540225068156,45.0,0.0
0_789,25819014#5,30674315#11,41.095786241509785,16.861249392050773,41.09577203818025,16.86132567064774,41.09762167433529,16.86078183182401,41.0975908593457,16.860854905020272,45.0,0.0
0_790,25819014#5,30674315#8,41.095786241509785,16.861249392050773,41.09577203818025,16.86132567064774,41.09783406893447,16.85935956518292,41.09781757948696,16.860074005211207,45.0,0.0
0_791,25819014#5,30674315#9,41.095786241509785,16.861249392050773,41.09577203818025,16.86132567064774,41.09781757948696,16.860074005211207,41.09773009884011,16.860532461562137,45.0,0.0
0_792,25819014#5,30674359#4,41.095786241509785,16.861249392050773,41.09577203818025,16.86132567064774,41.09788351207976,16.86008527251128,41.097886790174485,16.85993247707892,45.0,0.0
0_793,25819014#5,30674359#5,41.095786241509785,16.861249392050773,41.09577203818025,16.86132567064774,41.097886790174485,16.85993247707892,41.097887056561405,16.859358083149928,45.0,0.0
0_794,25819014#5,30674385#2,41.095786241509785,16.861249392050773,41.09577203818025,16.86132567064774,41.09752079197923,16.86113857805688,41.097541272342,16.861158803055236,45.0,0.0
0_795,25819014#5,30674948,41.095786241509785,16.861249392050773,41.09577203818025,16.86132567064774,41.09346290764322,16.859512259912492,41.0937563740557,16.85923859402608,45.0,0.0
0_796,25819014#5,30675059#0,41.095786241509785,16.861249392050773,41.09577203818025,16.86132567064774,41.09575898407665,16.861403291409037,41.09556026737646,16.861799770540163,45.0,0.0
0_797,25819014#5,30675059#1,41.095786241509785,16.861249392050773,41.09577203818025,16.86132567064774,41.09556026737646,16.861799770540163,41.09428507077666,16.861822930016572,45.0,0.0
0_798,25819014#5,33831688,41.095786241509785,16.861249392050773,41.09577203818025,16.86132567064774,41.09717022441964,16.862141610446756,41.09717150257013,16.862346685598727,45.0,0.0
0_799,25819014#5,48563895#1,41.095786241509785,16.861249392050773,41.09577203818025,16.86132567064774,41.094497059549575,16.854662484304253,41.09459493177244,16.85467607291383,45.0,0.0
0_800,25819014#5,48563902#0,41.095786241509785,16.861249392050773,41.09577203818025,16.86132567064774,41.093159424293006,16.861119861413044,41.092910609638544,16.861550868324073,45.0,0.0
0_801,25819014#5,48874527#2,41.095786241509785,16.861249392050773,41.09577203818025,16.86132567064774,41.094611131446,16.86076995428607,41.09433377805168,16.860614722600705,45.0,0.0
0_802,25819014#5,50077954,41.095786241509785,16.861249392050773,41.09577203818025,16.86132567064774,41.094481033476846,16.855484180652265,41.09590934506375,16.85589778274809,45.0,0.0
0_803,25819014#5,96606465,41.095786241509785,16.861249392050773,41.09577203818025,16.86132567064774,41.09320904205983,16.86036794969964,41.093226008438016,16.859824905081403,45.0,0.0
0_804,25819177#0,-131752097#1,41.093427760772734,16.854641687479678,41.0933558792264,16.855508709402194,41.09628587040379,16.863506396736675,41.09627339570725,16.863759660301465,45.0,0.0
0_805,25819177#0,-25654991#0,41.093427760772734,16.854641687479678,41.0933558792264,16.855508709402194,41.09267829914716,16.854073630954087,41.09207574955028,16.85389154719994,45.0,0.0
0_806,25819177#0,-33831688,41.093427760772734,16.854641687479678,41.0933558792264,16.855508709402194,41.09717150257013,16.862346685598727,41.09717022441964,16.862141610446756,45.0,0.0
0_807,25819177#0,-48874524,41.093427760772734,16.854641687479678,41.0933558792264,16.855508709402194,41.09782874807601,16.858422322289133,41.09720965467912,16.86010828803053,45.0,0.0
0_808,25819177#0,-50077954,41.093427760772734,16.854641687479678,41.0933558792264,16.855508709402194,41.09590934506375,16.85589778274809,41.094481033476846,16.855484180652265,45.0,0.0
0_809,25819177#0,-50370694#0,41.093427760772734,16.854641687479678,41.0933558792264,16.855508709402194,41.09390877175432,16.860555577386883,41.09389978504193,16.86089441913475,45.0,0.0
0_810,25819177#0,114953453#6,41.093427760772734,16.854641687479678,41.0933558792264,16.855508709402194,41.09289989869124,16.857979997773366,41.09252833667128,16.85806965698529,45.0,0.0
0_811,25819177#0,1223050325#0,41.093427760772734,16.854641687479678,41.0933558792264,16.855508709402194,41.09575898407665,16.861403291409037,41.09578940828096,16.861627521735652,45.0,0.0
0_812,25819177#0,1223050326,41.093427760772734,16.854641687479678,41.0933558792264,16.855508709402194,41.09577203818025,16.86132567064774,41.09575898407665,16.861403291409037,45.0,0.0
0_813,25819177#0,1226960836#1,41.093427760772734,16.854641687479678,41.0933558792264,16.855508709402194,41.09326327598272,16.856459442663375,41.09325705252129,16.85653261037847,45.0,0.0
0_814,25819177#0,131750844#7,41.093427760772734,16.854641687479678,41.0933558792264,16.855508709402194,41.09588692434208,16.86204201283392,41.096023183819085,16.86206015013157,45.0,0.0
0_815,25819177#0,131750844#8,41.093427760772734,16.854641687479678,41.0933558792264,16.855508709402194,41.096023183819085,16.86206015013157,41.09607053280287,16.862073156374553,45.0,0.0
0_816,25819177#0,131750844#9,41.093427760772734,16.854641687479678,41.0933558792264,16.855508709402194,41.09607053280287,16.862073156374553,41.09624619327664,16.862345189534487,45.0,0.0
0_817,25819177#0,131750850#0,41.093427760772734,16.854641687479678,41.0933558792264,16.855508709402194,41.09406666971318,16.861809974981103,41.09374076152227,16.861733142040123,45.0,0.0
0_818,25819177#0,131750853#0,41.093427760772734,16.854641687479678,41.0933558792264,16.855508709402194,41.09428507077666,16.861822930016572,41.094248634240174,16.861820234016683,45.0,0.0
0_819,25819177#0,131750853#2,41.093427760772734,16.854641687479678,41.0933558792264,16.855508709402194,41.09422326217536,16.861818445841735,41.09406666971318,16.861809974981103,45.0,0.0
0_820,25819177#0,131752095#2,41.093427760772734,16.854641687479678,41.0933558792264,16.855508709402194,41.09606913880409,16.857384087393385,41.09607773810893,16.85711333011326,45.0,0.0
0_821,25819177#0,25817423#3,41.093427760772734,16.854641687479678,41.0933558792264,16.855508709402194,41.093433790346566,16.855687830843742,41.09352569242476,16.85465158647345,45.0,0.0
0_822,25819177#0,25817735#2,41.093427760772734,16.854641687479678,41.0933558792264,16.855508709402194,41.09257525037648,16.866055037799217,41.08991586912939,16.865878687144406,45.0,0.0
0_823,25819177#0,25819014#1,41.093427760772734,16.854641687479678,41.0933558792264,16.855508709402194,41.09637979984023,16.861535604961926,41.096390396588056,16.86145398483175,45.0,0.0
0_824,25819177#0,25819014#2,41.093427760772734,16.854641687479678,41.0933558792264,16.855508709402194,41.096390396588056,16.86145398483175,41.09617566373433,16.86105237527639,45.0,0.0
0_825,25819177#0,25819177#2,41.093427760772734,16.854641687479678,41.0933558792264,16.855508709402194,41.09333584930795,16.855672929401177,41.09331846638719,16.855846153569416,45.0,0.0
0_826,25819177#0,25819177#3,41.093427760772734,16.854641687479678,41.0933558792264,16.855508709402194,41.09331846638719,16.855846153569416,41.09330344191395,16.855984796607544,45.0,0.0
0_827,25819177#0,25819177#5,41.093427760772734,16.854641687479678,41.0933558792264,16.855508709402194,41.09328897220411,16.85615607855325,41.093276282258536,16.856306336332803,45.0,0.0
0_828,25819177#0,28279138#5,41.093427760772734,16.854641687479678,41.0933558792264,16.855508709402194,41.09309962997091,16.8641768999245,41.09122003932151,16.863954806076606,45.0,0.0
0_829,25819177#0,28921528#2,41.093427760772734,16.854641687479678,41.0933558792264,16.855508709402194,41.09590934506375,16.85589778274809,41.09589464404242,16.856597607978603,45.0,0.0
0_830,25819177#0,28921528#8,41.093427760772734,16.854641687479678,41.0933558792264,16.855508709402194,41.095864883749904,16.858939789299576,41.09579879841287,16.860483307032734,45.0,0.0
0_831,25819177#0,30672980#0,41.093427760772734,16.854641687479678,41.0933558792264,16.855508709402194,41.09410258065408,16.854547680343014,41.0940220774019,16.854495884667088,45.0,0.0
0_832,25819177#0,30672980#6,41.093427760772734,16.854641687479678,41.0933558792264,16.855508709402194,41.09290701188394,16.85345153155061,41.09274366748828,16.853398004520955,45.0,0.0
0_833,25819177#0,30673346,41.093427760772734,16.854641687479678,41.0933558792264,16.855508709402194,41.09289989869124,16.857979997773366,41.0924620240455,16.857540225068156,45.0,0.0
0_834,25819177#0,30674315#11,41.093427760772734,16.854641687479678,41.0933558792264,16.855508709402194,41.09762167433529,16.86078183182401,41.0975908593457,16.860854905020272,45.0,0.0
0_835,25819177#0,30674315#8,41.093427760772734,16.854641687479678,41.0933558792264,16.855508709402194,41.09783406893447,16.85935956518292,41.09781757948696,16.860074005211207,45.0,0.0
0_836,25819177#0,30674315#9,41.093427760772734,16.854641687479678,41.0933558792264,16.855508709402194,41.09781757948696,16.860074005211207,41.09773009884011,16.860532461562137,45.0,0.0
0_837,25819177#0,30674359#4,41.093427760772734,16.854641687479678,41.0933558792264,16.855508709402194,41.09788351207976,16.86008527251128,41.097886790174485,16.85993247707892,45.0,0.0
0_838,25819177#0,30674359#5,41.093427760772734,16.854641687479678,41.0933558792264,16.855508709402194,41.097886790174485,16.85993247707892,41.097887056561405,16.859358083149928,45.0,0.0
0_839,25819177#0,30674385#2,41.093427760772734,16.854641687479678,41.0933558792264,16.855508709402194,41.09752079197923,16.86113857805688,41.097541272342,16.861158803055236,45.0,0.0
0_840,25819177#0,30674948,41.093427760772734,16.854641687479678,41.0933558792264,16.855508709402194,41.09346290764322,16.859512259912492,41.0937563740557,16.85923859402608,45.0,0.0
0_841,25819177#0,30675059#0,41.093427760772734,16.854641687479678,41.0933558792264,16.855508709402194,41.09575898407665,16.861403291409037,41.09556026737646,16.861799770540163,45.0,0.0
0_842,25819177#0,30675059#1,41.093427760772734,16.854641687479678,41.0933558792264,16.855508709402194,41.09556026737646,16.861799770540163,41.09428507077666,16.861822930016572,45.0,0.0
0_843,25819177#0,33831688,41.093427760772734,16.854641687479678,41.0933558792264,16.855508709402194,41.09717022441964,16.862141610446756,41.09717150257013,16.862346685598727,45.0,0.0
0_844,25819177#0,48563895#1,41.093427760772734,16.854641687479678,41.0933558792264,16.855508709402194,41.094497059549575,16.854662484304253,41.09459493177244,16.85467607291383,45.0,0.0
0_845,25819177#0,48563902#0,41.093427760772734,16.854641687479678,41.0933558792264,16.855508709402194,41.093159424293006,16.861119861413044,41.092910609638544,16.861550868324073,45.0,0.0
0_846,25819177#0,48874527#2,41.093427760772734,16.854641687479678,41.0933558792264,16.855508709402194,41.094611131446,16.86076995428607,41.09433377805168,16.860614722600705,45.0,0.0
0_847,25819177#0,50077954,41.093427760772734,16.854641687479678,41.0933558792264,16.855508709402194,41.094481033476846,16.855484180652265,41.09590934506375,16.85589778274809,45.0,0.0
0_848,25819177#0,96606465,41.093427760772734,16.854641687479678,41.0933558792264,16.855508709402194,41.09320904205983,16.86036794969964,41.093226008438016,16.859824905081403,45.0,0.0
0_849,25819177#5,-131752097#1,41.09328897220411,16.85615607855325,41.093276282258536,16.856306336332803,41.09628587040379,16.863506396736675,41.09627339570725,16.863759660301465,44.0,52.0
0_850,25819177#5,-25654991#0,41.09328897220411,16.85615607855325,41.093276282258536,16.856306336332803,41.09267829914716,16.854073630954087,41.09207574955028,16.85389154719994,44.0,52.0
0_851,25819177#5,-33831688,41.09328897220411,16.85615607855325,41.093276282258536,16.856306336332803,41.09717150257013,16.862346685598727,41.09717022441964,16.862141610446756,44.0,52.0
0_852,25819177#5,-48874524,41.09328897220411,16.85615607855325,41.093276282258536,16.856306336332803,41.09782874807601,16.858422322289133,41.09720965467912,16.86010828803053,44.0,52.0
0_853,25819177#5,-50077954,41.09328897220411,16.85615607855325,41.093276282258536,16.856306336332803,41.09590934506375,16.85589778274809,41.094481033476846,16.855484180652265,44.0,52.0
0_854,25819177#5,-50370694#0,41.09328897220411,16.85615607855325,41.093276282258536,16.856306336332803,41.09390877175432,16.860555577386883,41.09389978504193,16.86089441913475,44.0,52.0
0_855,25819177#5,114953453#6,41.09328897220411,16.85615607855325,41.093276282258536,16.856306336332803,41.09289989869124,16.857979997773366,41.09252833667128,16.85806965698529,44.0,52.0
0_856,25819177#5,1223050325#0,41.09328897220411,16.85615607855325,41.093276282258536,16.856306336332803,41.09575898407665,16.861403291409037,41.09578940828096,16.861627521735652,44.0,52.0
0_857,25819177#5,1223050326,41.09328897220411,16.85615607855325,41.093276282258536,16.856306336332803,41.09577203818025,16.86132567064774,41.09575898407665,16.861403291409037,44.0,52.0
0_858,25819177#5,1226960836#1,41.09328897220411,16.85615607855325,41.093276282258536,16.856306336332803,41.09326327598272,16.856459442663375,41.09325705252129,16.85653261037847,44.0,52.0
0_859,25819177#5,131750844#7,41.09328897220411,16.85615607855325,41.093276282258536,16.856306336332803,41.09588692434208,16.86204201283392,41.096023183819085,16.86206015013157,44.0,52.0
0_860,25819177#5,131750844#8,41.09328897220411,16.85615607855325,41.093276282258536,16.856306336332803,41.096023183819085,16.86206015013157,41.09607053280287,16.862073156374553,44.0,52.0
0_861,25819177#5,131750844#9,41.09328897220411,16.85615607855325,41.093276282258536,16.856306336332803,41.09607053280287,16.862073156374553,41.09624619327664,16.862345189534487,44.0,52.0
0_862,25819177#5,131750850#0,41.09328897220411,16.85615607855325,41.093276282258536,16.856306336332803,41.09406666971318,16.861809974981103,41.09374076152227,16.861733142040123,44.0,52.0
0_863,25819177#5,131750853#0,41.09328897220411,16.85615607855325,41.093276282258536,16.856306336332803,41.09428507077666,16.861822930016572,41.094248634240174,16.861820234016683,44.0,52.0
0_864,25819177#5,131750853#2,41.09328897220411,16.85615607855325,41.093276282258536,16.856306336332803,41.09422326217536,16.861818445841735,41.09406666971318,16.861809974981103,44.0,52.0
0_865,25819177#5,131752095#2,41.09328897220411,16.85615607855325,41.093276282258536,16.856306336332803,41.09606913880409,16.857384087393385,41.09607773810893,16.85711333011326,44.0,52.0
0_866,25819177#5,25817423#3,41.09328897220411,16.85615607855325,41.093276282258536,16.856306336332803,41.093433790346566,16.855687830843742,41.09352569242476,16.85465158647345,44.0,52.0
0_867,25819177#5,25817735#2,41.09328897220411,16.85615607855325,41.093276282258536,16.856306336332803,41.09257525037648,16.866055037799217,41.08991586912939,16.865878687144406,44.0,52.0
0_868,25819177#5,25819014#1,41.09328897220411,16.85615607855325,41.093276282258536,16.856306336332803,41.09637979984023,16.861535604961926,41.096390396588056,16.86145398483175,44.0,52.0
0_869,25819177#5,25819014#2,41.09328897220411,16.85615607855325,41.093276282258536,16.856306336332803,41.096390396588056,16.86145398483175,41.09617566373433,16.86105237527639,44.0,52.0
0_870,25819177#5,25819177#2,41.09328897220411,16.85615607855325,41.093276282258536,16.856306336332803,41.09333584930795,16.855672929401177,41.09331846638719,16.855846153569416,44.0,52.0
0_871,25819177#5,25819177#3,41.09328897220411,16.85615607855325,41.093276282258536,16.856306336332803,41.09331846638719,16.855846153569416,41.09330344191395,16.855984796607544,44.0,52.0
0_872,25819177#5,28279138#5,41.09328897220411,16.85615607855325,41.093276282258536,16.856306336332803,41.09309962997091,16.8641768999245,41.09122003932151,16.863954806076606,44.0,52.0
0_873,25819177#5,28921528#2,41.09328897220411,16.85615607855325,41.093276282258536,16.856306336332803,41.09590934506375,16.85589778274809,41.09589464404242,16.856597607978603,44.0,52.0
0_874,25819177#5,28921528#8,41.09328897220411,16.85615607855325,41.093276282258536,16.856306336332803,41.095864883749904,16.858939789299576,41.09579879841287,16.860483307032734,44.0,52.0
0_875,25819177#5,30672980#0,41.09328897220411,16.85615607855325,41.093276282258536,16.856306336332803,41.09410258065408,16.854547680343014,41.0940220774019,16.854495884667088,44.0,52.0
0_876,25819177#5,30672980#6,41.09328897220411,16.85615607855325,41.093276282258536,16.856306336332803,41.09290701188394,16.85345153155061,41.09274366748828,16.853398004520955,44.0,52.0
0_877,25819177#5,30673346,41.09328897220411,16.85615607855325,41.093276282258536,16.856306336332803,41.09289989869124,16.857979997773366,41.0924620240455,16.857540225068156,44.0,52.0
0_878,25819177#5,30674315#11,41.09328897220411,16.85615607855325,41.093276282258536,16.856306336332803,41.09762167433529,16.86078183182401,41.0975908593457,16.860854905020272,44.0,52.0
0_879,25819177#5,30674315#8,41.09328897220411,16.85615607855325,41.093276282258536,16.856306336332803,41.09783406893447,16.85935956518292,41.09781757948696,16.860074005211207,44.0,52.0
0_880,25819177#5,30674315#9,41.09328897220411,16.85615607855325,41.093276282258536,16.856306336332803,41.09781757948696,16.860074005211207,41.09773009884011,16.860532461562137,44.0,52.0
0_881,25819177#5,30674359#4,41.09328897220411,16.85615607855325,41.093276282258536,16.856306336332803,41.09788351207976,16.86008527251128,41.097886790174485,16.85993247707892,44.0,52.0
0_882,25819177#5,30674359#5,41.09328897220411,16.85615607855325,41.093276282258536,16.856306336332803,41.097886790174485,16.85993247707892,41.097887056561405,16.859358083149928,44.0,52.0
0_883,25819177#5,30674385#2,41.09328897220411,16.85615607855325,41.093276282258536,16.856306336332803,41.09752079197923,16.86113857805688,41.097541272342,16.861158803055236,44.0,52.0
0_884,25819177#5,30674948,41.09328897220411,16.85615607855325,41.093276282258536,16.856306336332803,41.09346290764322,16.859512259912492,41.0937563740557,16.85923859402608,44.0,52.0
0_885,25819177#5,30675059#0,41.09328897220411,16.85615607855325,41.093276282258536,16.856306336332803,41.09575898407665,16.861403291409037,41.09556026737646,16.861799770540163,44.0,52.0
0_886,25819177#5,30675059#1,41.09328897220411,16.85615607855325,41.093276282258536,16.856306336332803,41.09556026737646,16.861799770540163,41.09428507077666,16.861822930016572,44.0,52.0
0_887,25819177#5,33831688,41.09328897220411,16.85615607855325,41.093276282258536,16.856306336332803,41.09717022441964,16.862141610446756,41.09717150257013,16.862346685598727,44.0,52.0
0_888,25819177#5,48563895#1,41.09328897220411,16.85615607855325,41.093276282258536,16.856306336332803,41.094497059549575,16.854662484304253,41.09459493177244,16.85467607291383,44.0,52.0
0_889,25819177#5,48563902#0,41.09328897220411,16.85615607855325,41.093276282258536,16.856306336332803,41.093159424293006,16.861119861413044,41.092910609638544,16.861550868324073,44.0,52.0
0_890,25819177#5,48874527#2,41.09328897220411,16.85615607855325,41.093276282258536,16.856306336332803,41.094611131446,16.86076995428607,41.09433377805168,16.860614722600705,44.0,52.0
0_891,25819177#5,50077954,41.09328897220411,16.85615607855325,41.093276282258536,16.856306336332803,41.094481033476846,16.855484180652265,41.09590934506375,16.85589778274809,44.0,52.0
0_892,25819177#5,96606465,41.09328897220411,16.85615607855325,41.093276282258536,16.856306336332803,41.09320904205983,16.86036794969964,41.093226008438016,16.859824905081403,44.0,52.0
0_893,28921530#1,-131752097#1,41.09319629011202,16.857407442131418,41.09313477092999,16.860354304644414,41.09628587040379,16.863506396736675,41.09627339570725,16.863759660301465,45.0,0.0
0_894,28921530#1,-25654991#0,41.09319629011202,16.857407442131418,41.09313477092999,16.860354304644414,41.09267829914716,16.854073630954087,41.09207574955028,16.85389154719994,45.0,0.0
0_895,28921530#1,-33831688,41.09319629011202,16.857407442131418,41.09313477092999,16.860354304644414,41.09717150257013,16.862346685598727,41.09717022441964,16.862141610446756,45.0,0.0
0_896,28921530#1,-48874524,41.09319629011202,16.857407442131418,41.09313477092999,16.860354304644414,41.09782874807601,16.858422322289133,41.09720965467912,16.86010828803053,45.0,0.0
0_897,28921530#1,-50077954,41.09319629011202,16.857407442131418,41.09313477092999,16.860354304644414,41.09590934506375,16.85589778274809,41.094481033476846,16.855484180652265,45.0,0.0
0_898,28921530#1,-50370694#0,41.09319629011202,16.857407442131418,41.09313477092999,16.860354304644414,41.09390877175432,16.860555577386883,41.09389978504193,16.86089441913475,45.0,0.0
0_899,28921530#1,114953453#6,41.09319629011202,16.857407442131418,41.09313477092999,16.860354304644414,41.09289989869124,16.857979997773366,41.09252833667128,16.85806965698529,45.0,0.0
0_900,28921530#1,1223050325#0,41.09319629011202,16.857407442131418,41.09313477092999,16.860354304644414,41.09575898407665,16.861403291409037,41.09578940828096,16.861627521735652,45.0,0.0
0_901,28921530#1,1223050326,41.09319629011202,16.857407442131418,41.09313477092999,16.860354304644414,41.09577203818025,16.86132567064774,41.09575898407665,16.861403291409037,45.0,0.0
0_902,28921530#1,1226960836#1,41.09319629011202,16.857407442131418,41.09313477092999,16.860354304644414,41.09326327598272,16.856459442663375,41.09325705252129,16.85653261037847,45.0,0.0
0_903,28921530#1,131750844#7,41.09319629011202,16.857407442131418,41.09313477092999,16.860354304644414,41.09588692434208,16.86204201283392,41.096023183819085,16.86206015013157,45.0,0.0
0_904,28921530#1,131750844#8,41.09319629011202,16.857407442131418,41.09313477092999,16.860354304644414,41.096023183819085,16.86206015013157,41.09607053280287,16.862073156374553,45.0,0.0
0_905,28921530#1,131750844#9,41.09319629011202,16.857407442131418,41.09313477092999,16.860354304644414,41.09607053280287,16.862073156374553,41.09624619327664,16.862345189534487,45.0,0.0
0_906,28921530#1,131750850#0,41.09319629011202,16.857407442131418,41.09313477092999,16.860354304644414,41.09406666971318,16.861809974981103,41.09374076152227,16.861733142040123,45.0,0.0
0_907,28921530#1,131750853#0,41.09319629011202,16.857407442131418,41.09313477092999,16.860354304644414,41.09428507077666,16.861822930016572,41.094248634240174,16.861820234016683,45.0,0.0
0_908,28921530#1,131750853#2,41.09319629011202,16.857407442131418,41.09313477092999,16.860354304644414,41.09422326217536,16.861818445841735,41.09406666971318,16.861809974981103,45.0,0.0
0_909,28921530#1,131752095#2,41.09319629011202,16.857407442131418,41.09313477092999,16.860354304644414,41.09606913880409,16.857384087393385,41.09607773810893,16.85711333011326,45.0,0.0
0_910,28921530#1,25817423#3,41.09319629011202,16.857407442131418,41.09313477092999,16.860354304644414,41.093433790346566,16.855687830843742,41.09352569242476,16.85465158647345,45.0,0.0
0_911,28921530#1,25817735#2,41.09319629011202,16.857407442131418,41.09313477092999,16.860354304644414,41.09257525037648,16.866055037799217,41.08991586912939,16.865878687144406,45.0,0.0
0_912,28921530#1,25819014#1,41.09319629011202,16.857407442131418,41.09313477092999,16.860354304644414,41.09637979984023,16.861535604961926,41.096390396588056,16.86145398483175,45.0,0.0
0_913,28921530#1,25819014#2,41.09319629011202,16.857407442131418,41.09313477092999,16.860354304644414,41.096390396588056,16.86145398483175,41.09617566373433,16.86105237527639,45.0,0.0
0_914,28921530#1,25819177#2,41.09319629011202,16.857407442131418,41.09313477092999,16.860354304644414,41.09333584930795,16.855672929401177,41.09331846638719,16.855846153569416,45.0,0.0
0_915,28921530#1,25819177#3,41.09319629011202,16.857407442131418,41.09313477092999,16.860354304644414,41.09331846638719,16.855846153569416,41.09330344191395,16.855984796607544,45.0,0.0
0_916,28921530#1,25819177#5,41.09319629011202,16.857407442131418,41.09313477092999,16.860354304644414,41.09328897220411,16.85615607855325,41.093276282258536,16.856306336332803,45.0,0.0
0_917,28921530#1,28279138#5,41.09319629011202,16.857407442131418,41.09313477092999,16.860354304644414,41.09309962997091,16.8641768999245,41.09122003932151,16.863954806076606,45.0,0.0
0_918,28921530#1,28921528#2,41.09319629011202,16.857407442131418,41.09313477092999,16.860354304644414,41.09590934506375,16.85589778274809,41.09589464404242,16.856597607978603,45.0,0.0
0_919,28921530#1,28921528#8,41.09319629011202,16.857407442131418,41.09313477092999,16.860354304644414,41.095864883749904,16.858939789299576,41.09579879841287,16.860483307032734,45.0,0.0
0_920,28921530#1,30672980#0,41.09319629011202,16.857407442131418,41.09313477092999,16.860354304644414,41.09410258065408,16.854547680343014,41.0940220774019,16.854495884667088,45.0,0.0
0_921,28921530#1,30672980#6,41.09319629011202,16.857407442131418,41.09313477092999,16.860354304644414,41.09290701188394,16.85345153155061,41.09274366748828,16.853398004520955,45.0,0.0
0_922,28921530#1,30673346,41.09319629011202,16.857407442131418,41.09313477092999,16.860354304644414,41.09289989869124,16.857979997773366,41.0924620240455,16.857540225068156,45.0,0.0
0_923,28921530#1,30674315#11,41.09319629011202,16.857407442131418,41.09313477092999,16.860354304644414,41.09762167433529,16.86078183182401,41.0975908593457,16.860854905020272,45.0,0.0
0_924,28921530#1,30674315#8,41.09319629011202,16.857407442131418,41.09313477092999,16.860354304644414,41.09783406893447,16.85935956518292,41.09781757948696,16.860074005211207,45.0,0.0
0_925,28921530#1,30674315#9,41.09319629011202,16.857407442131418,41.09313477092999,16.860354304644414,41.09781757948696,16.860074005211207,41.09773009884011,16.860532461562137,45.0,0.0
0_926,28921530#1,30674359#4,41.09319629011202,16.857407442131418,41.09313477092999,16.860354304644414,41.09788351207976,16.86008527251128,41.097886790174485,16.85993247707892,45.0,0.0
0_927,28921530#1,30674359#5,41.09319629011202,16.857407442131418,41.09313477092999,16.860354304644414,41.097886790174485,16.85993247707892,41.097887056561405,16.859358083149928,45.0,0.0
0_928,28921530#1,30674385#2,41.09319629011202,16.857407442131418,41.09313477092999,16.860354304644414,41.09752079197923,16.86113857805688,41.097541272342,16.861158803055236,45.0,0.0
0_929,28921530#1,30674948,41.09319629011202,16.857407442131418,41.09313477092999,16.860354304644414,41.09346290764322,16.859512259912492,41.0937563740557,16.85923859402608,45.0,0.0
0_930,28921530#1,30675059#0,41.09319629011202,16.857407442131418,41.09313477092999,16.860354304644414,41.09575898407665,16.861403291409037,41.09556026737646,16.861799770540163,45.0,0.0
0_931,28921530#1,30675059#1,41.09319629011202,16.857407442131418,41.09313477092999,16.860354304644414,41.09556026737646,16.861799770540163,41.09428507077666,16.861822930016572,45.0,0.0
0_932,28921530#1,33831688,41.09319629011202,16.857407442131418,41.09313477092999,16.860354304644414,41.09717022441964,16.862141610446756,41.09717150257013,16.862346685598727,45.0,0.0
0_933,28921530#1,48563895#1,41.09319629011202,16.857407442131418,41.09313477092999,16.860354304644414,41.094497059549575,16.854662484304253,41.09459493177244,16.85467607291383,45.0,0.0
0_934,28921530#1,48563902#0,41.09319629011202,16.857407442131418,41.09313477092999,16.860354304644414,41.093159424293006,16.861119861413044,41.092910609638544,16.861550868324073,45.0,0.0
0_935,28921530#1,48874527#2,41.09319629011202,16.857407442131418,41.09313477092999,16.860354304644414,41.094611131446,16.86076995428607,41.09433377805168,16.860614722600705,45.0,0.0
0_936,28921530#1,50077954,41.09319629011202,16.857407442131418,41.09313477092999,16.860354304644414,41.094481033476846,16.855484180652265,41.09590934506375,16.85589778274809,45.0,0.0
0_937,28921530#1,96606465,41.09319629011202,16.857407442131418,41.09313477092999,16.860354304644414,41.09320904205983,16.86036794969964,41.093226008438016,16.859824905081403,45.0,0.0
0_938,30655445#1,-131752097#1,41.09316010498916,16.865509972679483,41.09309962997091,16.8641768999245,41.09628587040379,16.863506396736675,41.09627339570725,16.863759660301465,45.0,0.0
0_939,30655445#1,-25654991#0,41.09316010498916,16.865509972679483,41.09309962997091,16.8641768999245,41.09267829914716,16.854073630954087,41.09207574955028,16.85389154719994,45.0,0.0
0_940,30655445#1,-33831688,41.09316010498916,16.865509972679483,41.09309962997091,16.8641768999245,41.09717150257013,16.862346685598727,41.09717022441964,16.862141610446756,45.0,0.0
0_941,30655445#1,-48874524,41.09316010498916,16.865509972679483,41.09309962997091,16.8641768999245,41.09782874807601,16.858422322289133,41.09720965467912,16.86010828803053,45.0,0.0
0_942,30655445#1,-50077954,41.09316010498916,16.865509972679483,41.09309962997091,16.8641768999245,41.09590934506375,16.85589778274809,41.094481033476846,16.855484180652265,45.0,0.0
0_943,30655445#1,-50370694#0,41.09316010498916,16.865509972679483,41.09309962997091,16.8641768999245,41.09390877175432,16.860555577386883,41.09389978504193,16.86089441913475,45.0,0.0
0_944,30655445#1,114953453#6,41.09316010498916,16.865509972679483,41.09309962997091,16.8641768999245,41.09289989869124,16.857979997773366,41.09252833667128,16.85806965698529,45.0,0.0
0_945,30655445#1,1223050325#0,41.09316010498916,16.865509972679483,41.09309962997091,16.8641768999245,41.09575898407665,16.861403291409037,41.09578940828096,16.861627521735652,45.0,0.0
0_946,30655445#1,1223050326,41.09316010498916,16.865509972679483,41.09309962997091,16.8641768999245,41.09577203818025,16.86132567064774,41.09575898407665,16.861403291409037,45.0,0.0
0_947,30655445#1,1226960836#1,41.09316010498916,16.865509972679483,41.09309962997091,16.8641768999245,41.09326327598272,16.856459442663375,41.09325705252129,16.85653261037847,45.0,0.0
0_948,30655445#1,131750844#7,41.09316010498916,16.865509972679483,41.09309962997091,16.8641768999245,41.09588692434208,16.86204201283392,41.096023183819085,16.86206015013157,45.0,0.0
0_949,30655445#1,131750844#8,41.09316010498916,16.865509972679483,41.09309962997091,16.8641768999245,41.096023183819085,16.86206015013157,41.09607053280287,16.862073156374553,45.0,0.0
0_950,30655445#1,131750844#9,41.09316010498916,16.865509972679483,41.09309962997091,16.8641768999245,41.09607053280287,16.862073156374553,41.09624619327664,16.862345189534487,45.0,0.0
0_951,30655445#1,131750850#0,41.09316010498916,16.865509972679483,41.09309962997091,16.8641768999245,41.09406666971318,16.861809974981103,41.09374076152227,16.861733142040123,45.0,0.0
0_952,30655445#1,131750853#0,41.09316010498916,16.865509972679483,41.09309962997091,16.8641768999245,41.09428507077666,16.861822930016572,41.094248634240174,16.861820234016683,45.0,0.0
0_953,30655445#1,131750853#2,41.09316010498916,16.865509972679483,41.09309962997091,16.8641768999245,41.09422326217536,16.861818445841735,41.09406666971318,16.861809974981103,45.0,0.0
0_954,30655445#1,131752095#2,41.09316010498916,16.865509972679483,41.09309962997091,16.8641768999245,41.09606913880409,16.857384087393385,41.09607773810893,16.85711333011326,45.0,0.0
0_955,30655445#1,25817423#3,41.09316010498916,16.865509972679483,41.09309962997091,16.8641768999245,41.093433790346566,16.855687830843742,41.09352569242476,16.85465158647345,45.0,0.0
0_956,30655445#1,25817735#2,41.09316010498916,16.865509972679483,41.09309962997091,16.8641768999245,41.09257525037648,16.866055037799217,41.08991586912939,16.865878687144406,45.0,0.0
0_957,30655445#1,25819014#1,41.09316010498916,16.865509972679483,41.09309962997091,16.8641768999245,41.09637979984023,16.861535604961926,41.096390396588056,16.86145398483175,45.0,0.0
0_958,30655445#1,25819014#2,41.09316010498916,16.865509972679483,41.09309962997091,16.8641768999245,41.096390396588056,16.86145398483175,41.09617566373433,16.86105237527639,45.0,0.0
0_959,30655445#1,25819177#2,41.09316010498916,16.865509972679483,41.09309962997091,16.8641768999245,41.09333584930795,16.855672929401177,41.09331846638719,16.855846153569416,45.0,0.0
0_960,30655445#1,25819177#3,41.09316010498916,16.865509972679483,41.09309962997091,16.8641768999245,41.09331846638719,16.855846153569416,41.09330344191395,16.855984796607544,45.0,0.0
0_961,30655445#1,25819177#5,41.09316010498916,16.865509972679483,41.09309962997091,16.8641768999245,41.09328897220411,16.85615607855325,41.093276282258536,16.856306336332803,45.0,0.0
0_962,30655445#1,28279138#5,41.09316010498916,16.865509972679483,41.09309962997091,16.8641768999245,41.09309962997091,16.8641768999245,41.09122003932151,16.863954806076606,45.0,0.0
0_963,30655445#1,28921528#2,41.09316010498916,16.865509972679483,41.09309962997091,16.8641768999245,41.09590934506375,16.85589778274809,41.09589464404242,16.856597607978603,45.0,0.0
0_964,30655445#1,28921528#8,41.09316010498916,16.865509972679483,41.09309962997091,16.8641768999245,41.095864883749904,16.858939789299576,41.09579879841287,16.860483307032734,45.0,0.0
0_965,30655445#1,30672980#0,41.09316010498916,16.865509972679483,41.09309962997091,16.8641768999245,41.09410258065408,16.854547680343014,41.0940220774019,16.854495884667088,45.0,0.0
0_966,30655445#1,30672980#6,41.09316010498916,16.865509972679483,41.09309962997091,16.8641768999245,41.09290701188394,16.85345153155061,41.09274366748828,16.853398004520955,45.0,0.0
0_967,30655445#1,30673346,41.09316010498916,16.865509972679483,41.09309962997091,16.8641768999245,41.09289989869124,16.857979997773366,41.0924620240455,16.857540225068156,45.0,0.0
0_968,30655445#1,30674315#11,41.09316010498916,16.865509972679483,41.09309962997091,16.8641768999245,41.09762167433529,16.86078183182401,41.0975908593457,16.860854905020272,45.0,0.0
0_969,30655445#1,30674315#8,41.09316010498916,16.865509972679483,41.09309962997091,16.8641768999245,41.09783406893447,16.85935956518292,41.09781757948696,16.860074005211207,45.0,0.0
0_970,30655445#1,30674315#9,41.09316010498916,16.865509972679483,41.09309962997091,16.8641768999245,41.09781757948696,16.860074005211207,41.09773009884011,16.860532461562137,45.0,0.0
0_971,30655445#1,30674359#4,41.09316010498916,16.865509972679483,41.09309962997091,16.8641768999245,41.09788351207976,16.86008527251128,41.097886790174485,16.85993247707892,45.0,0.0
0_972,30655445#1,30674359#5,41.09316010498916,16.865509972679483,41.09309962997091,16.8641768999245,41.097886790174485,16.85993247707892,41.097887056561405,16.859358083149928,45.0,0.0
0_973,30655445#1,30674385#2,41.09316010498916,16.865509972679483,41.09309962997091,16.8641768999245,41.09752079197923,16.86113857805688,41.097541272342,16.861158803055236,45.0,0.0
0_974,30655445#1,30674948,41.09316010498916,16.865509972679483,41.09309962997091,16.8641768999245,41.09346290764322,16.859512259912492,41.0937563740557,16.85923859402608,45.0,0.0
0_975,30655445#1,30675059#0,41.09316010498916,16.865509972679483,41.09309962997091,16.8641768999245,41.09575898407665,16.861403291409037,41.09556026737646,16.861799770540163,45.0,0.0
0_976,30655445#1,30675059#1,41.09316010498916,16.865509972679483,41.09309962997091,16.8641768999245,41.09556026737646,16.861799770540163,41.09428507077666,16.861822930016572,45.0,0.0
0_977,30655445#1,33831688,41.09316010498916,16.865509972679483,41.09309962997091,16.8641768999245,41.09717022441964,16.862141610446756,41.09717150257013,16.862346685598727,45.0,0.0
0_978,30655445#1,48563895#1,41.09316010498916,16.865509972679483,41.09309962997091,16.8641768999245,41.094497059549575,16.854662484304253,41.09459493177244,16.85467607291383,45.0,0.0
0_979,30655445#1,48563902#0,41.09316010498916,16.865509972679483,41.09309962997091,16.8641768999245,41.093159424293006,16.861119861413044,41.092910609638544,16.861550868324073,45.0,0.0
0_980,30655445#1,48874527#2,41.09316010498916,16.865509972679483,41.09309962997091,16.8641768999245,41.094611131446,16.86076995428607,41.09433377805168,16.860614722600705,45.0,0.0
0_981,30655445#1,50077954,41.09316010498916,16.865509972679483,41.09309962997091,16.8641768999245,41.094481033476846,16.855484180652265,41.09590934506375,16.85589778274809,45.0,0.0
0_982,30655445#1,96606465,41.09316010498916,16.865509972679483,41.09309962997091,16.8641768999245,41.09320904205983,16.86036794969964,41.093226008438016,16.859824905081403,45.0,0.0
0_983,30672530#0,-131752097#1,41.09231744208811,16.85425945763351,41.09318904605032,16.854441374933632,41.09628587040379,16.863506396736675,41.09627339570725,16.863759660301465,45.0,0.0
0_984,30672530#0,-25654991#0,41.09231744208811,16.85425945763351,41.09318904605032,16.854441374933632,41.09267829914716,16.854073630954087,41.09207574955028,16.85389154719994,45.0,0.0
0_985,30672530#0,-33831688,41.09231744208811,16.85425945763351,41.09318904605032,16.854441374933632,41.09717150257013,16.862346685598727,41.09717022441964,16.862141610446756,45.0,0.0
0_986,30672530#0,-48874524,41.09231744208811,16.85425945763351,41.09318904605032,16.854441374933632,41.09782874807601,16.858422322289133,41.09720965467912,16.86010828803053,45.0,0.0
0_987,30672530#0,-50077954,41.09231744208811,16.85425945763351,41.09318904605032,16.854441374933632,41.09590934506375,16.85589778274809,41.094481033476846,16.855484180652265,45.0,0.0
0_988,30672530#0,-50370694#0,41.09231744208811,16.85425945763351,41.09318904605032,16.854441374933632,41.09390877175432,16.860555577386883,41.09389978504193,16.86089441913475,45.0,0.0
0_989,30672530#0,114953453#6,41.09231744208811,16.85425945763351,41.09318904605032,16.854441374933632,41.09289989869124,16.857979997773366,41.09252833667128,16.85806965698529,45.0,0.0
0_990,30672530#0,1223050325#0,41.09231744208811,16.85425945763351,41.09318904605032,16.854441374933632,41.09575898407665,16.861403291409037,41.09578940828096,16.861627521735652,45.0,0.0
0_991,30672530#0,1223050326,41.09231744208811,16.85425945763351,41.09318904605032,16.854441374933632,41.09577203818025,16.86132567064774,41.09575898407665,16.861403291409037,45.0,0.0
0_992,30672530#0,1226960836#1,41.09231744208811,16.85425945763351,41.09318904605032,16.854441374933632,41.09326327598272,16.856459442663375,41.09325705252129,16.85653261037847,45.0,0.0
0_993,30672530#0,131750844#7,41.09231744208811,16.85425945763351,41.09318904605032,16.854441374933632,41.09588692434208,16.86204201283392,41.096023183819085,16.86206015013157,45.0,0.0
0_994,30672530#0,131750844#8,41.09231744208811,16.85425945763351,41.09318904605032,16.854441374933632,41.096023183819085,16.86206015013157,41.09607053280287,16.862073156374553,45.0,0.0
0_995,30672530#0,131750844#9,41.09231744208811,16.85425945763351,41.09318904605032,16.854441374933632,41.09607053280287,16.862073156374553,41.09624619327664,16.862345189534487,45.0,0.0
0_996,30672530#0,131750850#0,41.09231744208811,16.85425945763351,41.09318904605032,16.854441374933632,41.09406666971318,16.861809974981103,41.09374076152227,16.861733142040123,45.0,0.0
0_997,30672530#0,131750853#0,41.09231744208811,16.85425945763351,41.09318904605032,16.854441374933632,41.09428507077666,16.861822930016572,41.094248634240174,16.861820234016683,45.0,0.0
0_998,30672530#0,131750853#2,41.09231744208811,16.85425945763351,41.09318904605032,16.854441374933632,41.09422326217536,16.861818445841735,41.09406666971318,16.861809974981103,45.0,0.0
0_999,30672530#0,131752095#2,41.09231744208811,16.85425945763351,41.09318904605032,16.854441374933632,41.09606913880409,16.857384087393385,41.09607773810893,16.85711333011326,45.0,0.0
0_1000,30672530#0,25817423#3,41.09231744208811,16.85425945763351,41.09318904605032,16.854441374933632,41.093433790346566,16.855687830843742,41.09352569242476,16.85465158647345,45.0,0.0
0_1001,30672530#0,25817735#2,41.09231744208811,16.85425945763351,41.09318904605032,16.854441374933632,41.09257525037648,16.866055037799217,41.08991586912939,16.865878687144406,45.0,0.0
0_1002,30672530#0,25819014#1,41.09231744208811,16.85425945763351,41.09318904605032,16.854441374933632,41.09637979984023,16.861535604961926,41.096390396588056,16.86145398483175,45.0,0.0
0_1003,30672530#0,25819014#2,41.09231744208811,16.85425945763351,41.09318904605032,16.854441374933632,41.096390396588056,16.86145398483175,41.09617566373433,16.86105237527639,45.0,0.0
0_1004,30672530#0,25819177#2,41.09231744208811,16.85425945763351,41.09318904605032,16.854441374933632,41.09333584930795,16.855672929401177,41.09331846638719,16.855846153569416,45.0,0.0
0_1005,30672530#0,25819177#3,41.09231744208811,16.85425945763351,41.09318904605032,16.854441374933632,41.09331846638719,16.855846153569416,41.09330344191395,16.855984796607544,45.0,0.0
0_1006,30672530#0,25819177#5,41.09231744208811,16.85425945763351,41.09318904605032,16.854441374933632,41.09328897220411,16.85615607855325,41.093276282258536,16.856306336332803,45.0,0.0
0_1007,30672530#0,28279138#5,41.09231744208811,16.85425945763351,41.09318904605032,16.854441374933632,41.09309962997091,16.8641768999245,41.09122003932151,16.863954806076606,45.0,0.0
0_1008,30672530#0,28921528#2,41.09231744208811,16.85425945763351,41.09318904605032,16.854441374933632,41.09590934506375,16.85589778274809,41.09589464404242,16.856597607978603,45.0,0.0
0_1009,30672530#0,28921528#8,41.09231744208811,16.85425945763351,41.09318904605032,16.854441374933632,41.095864883749904,16.858939789299576,41.09579879841287,16.860483307032734,45.0,0.0
0_1010,30672530#0,30672980#0,41.09231744208811,16.85425945763351,41.09318904605032,16.854441374933632,41.09410258065408,16.854547680343014,41.0940220774019,16.854495884667088,45.0,0.0
0_1011,30672530#0,30672980#6,41.09231744208811,16.85425945763351,41.09318904605032,16.854441374933632,41.09290701188394,16.85345153155061,41.09274366748828,16.853398004520955,45.0,0.0
0_1012,30672530#0,30673346,41.09231744208811,16.85425945763351,41.09318904605032,16.854441374933632,41.09289989869124,16.857979997773366,41.0924620240455,16.857540225068156,45.0,0.0
0_1013,30672530#0,30674315#11,41.09231744208811,16.85425945763351,41.09318904605032,16.854441374933632,41.09762167433529,16.86078183182401,41.0975908593457,16.860854905020272,45.0,0.0
0_1014,30672530#0,30674315#8,41.09231744208811,16.85425945763351,41.09318904605032,16.854441374933632,41.09783406893447,16.85935956518292,41.09781757948696,16.860074005211207,45.0,0.0
0_1015,30672530#0,30674315#9,41.09231744208811,16.85425945763351,41.09318904605032,16.854441374933632,41.09781757948696,16.860074005211207,41.09773009884011,16.860532461562137,45.0,0.0
0_1016,30672530#0,30674359#4,41.09231744208811,16.85425945763351,41.09318904605032,16.854441374933632,41.09788351207976,16.86008527251128,41.097886790174485,16.85993247707892,45.0,0.0
0_1017,30672530#0,30674359#5,41.09231744208811,16.85425945763351,41.09318904605032,16.854441374933632,41.097886790174485,16.85993247707892,41.097887056561405,16.859358083149928,45.0,0.0
0_1018,30672530#0,30674385#2,41.09231744208811,16.85425945763351,41.09318904605032,16.854441374933632,41.09752079197923,16.86113857805688,41.097541272342,16.861158803055236,45.0,0.0
0_1019,30672530#0,30674948,41.09231744208811,16.85425945763351,41.09318904605032,16.854441374933632,41.09346290764322,16.859512259912492,41.0937563740557,16.85923859402608,45.0,0.0
0_1020,30672530#0,30675059#0,41.09231744208811,16.85425945763351,41.09318904605032,16.854441374933632,41.09575898407665,16.861403291409037,41.09556026737646,16.861799770540163,45.0,0.0
0_1021,30672530#0,30675059#1,41.09231744208811,16.85425945763351,41.09318904605032,16.854441374933632,41.09556026737646,16.861799770540163,41.09428507077666,16.861822930016572,45.0,0.0
0_1022,30672530#0,33831688,41.09231744208811,16.85425945763351,41.09318904605032,16.854441374933632,41.09717022441964,16.862141610446756,41.09717150257013,16.862346685598727,45.0,0.0
0_1023,30672530#0,48563895#1,41.09231744208811,16.85425945763351,41.09318904605032,16.854441374933632,41.094497059549575,16.854662484304253,41.09459493177244,16.85467607291383,45.0,0.0
0_1024,30672530#0,48563902#0,41.09231744208811,16.85425945763351,41.09318904605032,16.854441374933632,41.093159424293006,16.861119861413044,41.092910609638544,16.861550868324073,45.0,0.0
0_1025,30672530#0,48874527#2,41.09231744208811,16.85425945763351,41.09318904605032,16.854441374933632,41.094611131446,16.86076995428607,41.09433377805168,16.860614722600705,45.0,0.0
0_1026,30672530#0,50077954,41.09231744208811,16.85425945763351,41.09318904605032,16.854441374933632,41.094481033476846,16.855484180652265,41.09590934506375,16.85589778274809,45.0,0.0
0_1027,30672530#0,96606465,41.09231744208811,16.85425945763351,41.09318904605032,16.854441374933632,41.09320904205983,16.86036794969964,41.093226008438016,16.859824905081403,45.0,0.0
0_1028,30672530#1,-131752097#1,41.09318904605032,16.854441374933632,41.09334649944472,16.854480332551322,41.09628587040379,16.863506396736675,41.09627339570725,16.863759660301465,45.0,0.0
0_1029,30672530#1,-25654991#0,41.09318904605032,16.854441374933632,41.09334649944472,16.854480332551322,41.09267829914716,16.854073630954087,41.09207574955028,16.85389154719994,45.0,0.0
0_1030,30672530#1,-33831688,41.09318904605032,16.854441374933632,41.09334649944472,16.854480332551322,41.09717150257013,16.862346685598727,41.09717022441964,16.862141610446756,45.0,0.0
0_1031,30672530#1,-48874524,41.09318904605032,16.854441374933632,41.09334649944472,16.854480332551322,41.09782874807601,16.858422322289133,41.09720965467912,16.86010828803053,45.0,0.0
0_1032,30672530#1,-50077954,41.09318904605032,16.854441374933632,41.09334649944472,16.854480332551322,41.09590934506375,16.85589778274809,41.094481033476846,16.855484180652265,45.0,0.0
0_1033,30672530#1,-50370694#0,41.09318904605032,16.854441374933632,41.09334649944472,16.854480332551322,41.09390877175432,16.860555577386883,41.09389978504193,16.86089441913475,45.0,0.0
0_1034,30672530#1,114953453#6,41.09318904605032,16.854441374933632,41.09334649944472,16.854480332551322,41.09289989869124,16.857979997773366,41.09252833667128,16.85806965698529,45.0,0.0
0_1035,30672530#1,1223050325#0,41.09318904605032,16.854441374933632,41.09334649944472,16.854480332551322,41.09575898407665,16.861403291409037,41.09578940828096,16.861627521735652,45.0,0.0
0_1036,30672530#1,1223050326,41.09318904605032,16.854441374933632,41.09334649944472,16.854480332551322,41.09577203818025,16.86132567064774,41.09575898407665,16.861403291409037,45.0,0.0
0_1037,30672530#1,1226960836#1,41.09318904605032,16.854441374933632,41.09334649944472,16.854480332551322,41.09326327598272,16.856459442663375,41.09325705252129,16.85653261037847,45.0,0.0
0_1038,30672530#1,131750844#7,41.09318904605032,16.854441374933632,41.09334649944472,16.854480332551322,41.09588692434208,16.86204201283392,41.096023183819085,16.86206015013157,45.0,0.0
0_1039,30672530#1,131750844#8,41.09318904605032,16.854441374933632,41.09334649944472,16.854480332551322,41.096023183819085,16.86206015013157,41.09607053280287,16.862073156374553,45.0,0.0
0_1040,30672530#1,131750844#9,41.09318904605032,16.854441374933632,41.09334649944472,16.854480332551322,41.09607053280287,16.862073156374553,41.09624619327664,16.862345189534487,45.0,0.0
0_1041,30672530#1,131750850#0,41.09318904605032,16.854441374933632,41.09334649944472,16.854480332551322,41.09406666971318,16.861809974981103,41.09374076152227,16.861733142040123,45.0,0.0
0_1042,30672530#1,131750853#0,41.09318904605032,16.854441374933632,41.09334649944472,16.854480332551322,41.09428507077666,16.861822930016572,41.094248634240174,16.861820234016683,45.0,0.0
0_1043,30672530#1,131750853#2,41.09318904605032,16.854441374933632,41.09334649944472,16.854480332551322,41.09422326217536,16.861818445841735,41.09406666971318,16.861809974981103,45.0,0.0
0_1044,30672530#1,131752095#2,41.09318904605032,16.854441374933632,41.09334649944472,16.854480332551322,41.09606913880409,16.857384087393385,41.09607773810893,16.85711333011326,45.0,0.0
0_1045,30672530#1,25817423#3,41.09318904605032,16.854441374933632,41.09334649944472,16.854480332551322,41.093433790346566,16.855687830843742,41.09352569242476,16.85465158647345,45.0,0.0
0_1046,30672530#1,25817735#2,41.09318904605032,16.854441374933632,41.09334649944472,16.854480332551322,41.09257525037648,16.866055037799217,41.08991586912939,16.865878687144406,45.0,0.0
0_1047,30672530#1,25819014#1,41.09318904605032,16.854441374933632,41.09334649944472,16.854480332551322,41.09637979984023,16.861535604961926,41.096390396588056,16.86145398483175,45.0,0.0
0_1048,30672530#1,25819014#2,41.09318904605032,16.854441374933632,41.09334649944472,16.854480332551322,41.096390396588056,16.86145398483175,41.09617566373433,16.86105237527639,45.0,0.0
0_1049,30672530#1,25819177#2,41.09318904605032,16.854441374933632,41.09334649944472,16.854480332551322,41.09333584930795,16.855672929401177,41.09331846638719,16.855846153569416,45.0,0.0
0_1050,30672530#1,25819177#3,41.09318904605032,16.854441374933632,41.09334649944472,16.854480332551322,41.09331846638719,16.855846153569416,41.09330344191395,16.855984796607544,45.0,0.0
0_1051,30672530#1,25819177#5,41.09318904605032,16.854441374933632,41.09334649944472,16.854480332551322,41.09328897220411,16.85615607855325,41.093276282258536,16.856306336332803,45.0,0.0
0_1052,30672530#1,28279138#5,41.09318904605032,16.854441374933632,41.09334649944472,16.854480332551322,41.09309962997091,16.8641768999245,41.09122003932151,16.863954806076606,45.0,0.0
0_1053,30672530#1,28921528#2,41.09318904605032,16.854441374933632,41.09334649944472,16.854480332551322,41.09590934506375,16.85589778274809,41.09589464404242,16.856597607978603,45.0,0.0
0_1054,30672530#1,28921528#8,41.09318904605032,16.854441374933632,41.09334649944472,16.854480332551322,41.095864883749904,16.858939789299576,41.09579879841287,16.860483307032734,45.0,0.0
0_1055,30672530#1,30672980#0,41.09318904605032,16.854441374933632,41.09334649944472,16.854480332551322,41.09410258065408,16.854547680343014,41.0940220774019,16.854495884667088,45.0,0.0
0_1056,30672530#1,30672980#6,41.09318904605032,16.854441374933632,41.09334649944472,16.854480332551322,41.09290701188394,16.85345153155061,41.09274366748828,16.853398004520955,45.0,0.0
0_1057,30672530#1,30673346,41.09318904605032,16.854441374933632,41.09334649944472,16.854480332551322,41.09289989869124,16.857979997773366,41.0924620240455,16.857540225068156,45.0,0.0
0_1058,30672530#1,30674315#11,41.09318904605032,16.854441374933632,41.09334649944472,16.854480332551322,41.09762167433529,16.86078183182401,41.0975908593457,16.860854905020272,45.0,0.0
0_1059,30672530#1,30674315#8,41.09318904605032,16.854441374933632,41.09334649944472,16.854480332551322,41.09783406893447,16.85935956518292,41.09781757948696,16.860074005211207,45.0,0.0
0_1060,30672530#1,30674315#9,41.09318904605032,16.854441374933632,41.09334649944472,16.854480332551322,41.09781757948696,16.860074005211207,41.09773009884011,16.860532461562137,45.0,0.0
0_1061,30672530#1,30674359#4,41.09318904605032,16.854441374933632,41.09334649944472,16.854480332551322,41.09788351207976,16.86008527251128,41.097886790174485,16.85993247707892,45.0,0.0
0_1062,30672530#1,30674359#5,41.09318904605032,16.854441374933632,41.09334649944472,16.854480332551322,41.097886790174485,16.85993247707892,41.097887056561405,16.859358083149928,45.0,0.0
0_1063,30672530#1,30674385#2,41.09318904605032,16.854441374933632,41.09334649944472,16.854480332551322,41.09752079197923,16.86113857805688,41.097541272342,16.861158803055236,45.0,0.0
0_1064,30672530#1,30674948,41.09318904605032,16.854441374933632,41.09334649944472,16.854480332551322,41.09346290764322,16.859512259912492,41.0937563740557,16.85923859402608,45.0,0.0
0_1065,30672530#1,30675059#0,41.09318904605032,16.854441374933632,41.09334649944472,16.854480332551322,41.09575898407665,16.861403291409037,41.09556026737646,16.861799770540163,45.0,0.0
0_1066,30672530#1,30675059#1,41.09318904605032,16.854441374933632,41.09334649944472,16.854480332551322,41.09556026737646,16.861799770540163,41.09428507077666,16.861822930016572,45.0,0.0
0_1067,30672530#1,33831688,41.09318904605032,16.854441374933632,41.09334649944472,16.854480332551322,41.09717022441964,16.862141610446756,41.09717150257013,16.862346685598727,45.0,0.0
0_1068,30672530#1,48563895#1,41.09318904605032,16.854441374933632,41.09334649944472,16.854480332551322,41.094497059549575,16.854662484304253,41.09459493177244,16.85467607291383,45.0,0.0
0_1069,30672530#1,48563902#0,41.09318904605032,16.854441374933632,41.09334649944472,16.854480332551322,41.093159424293006,16.861119861413044,41.092910609638544,16.861550868324073,45.0,0.0
0_1070,30672530#1,48874527#2,41.09318904605032,16.854441374933632,41.09334649944472,16.854480332551322,41.094611131446,16.86076995428607,41.09433377805168,16.860614722600705,45.0,0.0
0_1071,30672530#1,50077954,41.09318904605032,16.854441374933632,41.09334649944472,16.854480332551322,41.094481033476846,16.855484180652265,41.09590934506375,16.85589778274809,45.0,0.0
0_1072,30672530#1,96606465,41.09318904605032,16.854441374933632,41.09334649944472,16.854480332551322,41.09320904205983,16.86036794969964,41.093226008438016,16.859824905081403,45.0,0.0
0_1073,30672980#1,-131752097#1,41.0940220774019,16.854495884667088,41.093874010675705,16.854416589648586,41.09628587040379,16.863506396736675,41.09627339570725,16.863759660301465,45.0,0.0
0_1074,30672980#1,-25654991#0,41.0940220774019,16.854495884667088,41.093874010675705,16.854416589648586,41.09267829914716,16.854073630954087,41.09207574955028,16.85389154719994,45.0,0.0
0_1075,30672980#1,-33831688,41.0940220774019,16.854495884667088,41.093874010675705,16.854416589648586,41.09717150257013,16.862346685598727,41.09717022441964,16.862141610446756,45.0,0.0
0_1076,30672980#1,-48874524,41.0940220774019,16.854495884667088,41.093874010675705,16.854416589648586,41.09782874807601,16.858422322289133,41.09720965467912,16.86010828803053,45.0,0.0
0_1077,30672980#1,-50077954,41.0940220774019,16.854495884667088,41.093874010675705,16.854416589648586,41.09590934506375,16.85589778274809,41.094481033476846,16.855484180652265,45.0,0.0
0_1078,30672980#1,-50370694#0,41.0940220774019,16.854495884667088,41.093874010675705,16.854416589648586,41.09390877175432,16.860555577386883,41.09389978504193,16.86089441913475,45.0,0.0
0_1079,30672980#1,114953453#6,41.0940220774019,16.854495884667088,41.093874010675705,16.854416589648586,41.09289989869124,16.857979997773366,41.09252833667128,16.85806965698529,45.0,0.0
0_1080,30672980#1,1223050325#0,41.0940220774019,16.854495884667088,41.093874010675705,16.854416589648586,41.09575898407665,16.861403291409037,41.09578940828096,16.861627521735652,45.0,0.0
0_1081,30672980#1,1223050326,41.0940220774019,16.854495884667088,41.093874010675705,16.854416589648586,41.09577203818025,16.86132567064774,41.09575898407665,16.861403291409037,45.0,0.0
0_1082,30672980#1,1226960836#1,41.0940220774019,16.854495884667088,41.093874010675705,16.854416589648586,41.09326327598272,16.856459442663375,41.09325705252129,16.85653261037847,45.0,0.0
0_1083,30672980#1,131750844#7,41.0940220774019,16.854495884667088,41.093874010675705,16.854416589648586,41.09588692434208,16.86204201283392,41.096023183819085,16.86206015013157,45.0,0.0
0_1084,30672980#1,131750844#8,41.0940220774019,16.854495884667088,41.093874010675705,16.854416589648586,41.096023183819085,16.86206015013157,41.09607053280287,16.862073156374553,45.0,0.0
0_1085,30672980#1,131750844#9,41.0940220774019,16.854495884667088,41.093874010675705,16.854416589648586,41.09607053280287,16.862073156374553,41.09624619327664,16.862345189534487,45.0,0.0
0_1086,30672980#1,131750850#0,41.0940220774019,16.854495884667088,41.093874010675705,16.854416589648586,41.09406666971318,16.861809974981103,41.09374076152227,16.861733142040123,45.0,0.0
0_1087,30672980#1,131750853#0,41.0940220774019,16.854495884667088,41.093874010675705,16.854416589648586,41.09428507077666,16.861822930016572,41.094248634240174,16.861820234016683,45.0,0.0
0_1088,30672980#1,131750853#2,41.0940220774019,16.854495884667088,41.093874010675705,16.854416589648586,41.09422326217536,16.861818445841735,41.09406666971318,16.861809974981103,45.0,0.0
0_1089,30672980#1,131752095#2,41.0940220774019,16.854495884667088,41.093874010675705,16.854416589648586,41.09606913880409,16.857384087393385,41.09607773810893,16.85711333011326,45.0,0.0
0_1090,30672980#1,25817423#3,41.0940220774019,16.854495884667088,41.093874010675705,16.854416589648586,41.093433790346566,16.855687830843742,41.09352569242476,16.85465158647345,45.0,0.0
0_1091,30672980#1,25817735#2,41.0940220774019,16.854495884667088,41.093874010675705,16.854416589648586,41.09257525037648,16.866055037799217,41.08991586912939,16.865878687144406,45.0,0.0
0_1092,30672980#1,25819014#1,41.0940220774019,16.854495884667088,41.093874010675705,16.854416589648586,41.09637979984023,16.861535604961926,41.096390396588056,16.86145398483175,45.0,0.0
0_1093,30672980#1,25819014#2,41.0940220774019,16.854495884667088,41.093874010675705,16.854416589648586,41.096390396588056,16.86145398483175,41.09617566373433,16.86105237527639,45.0,0.0
0_1094,30672980#1,25819177#2,41.0940220774019,16.854495884667088,41.093874010675705,16.854416589648586,41.09333584930795,16.855672929401177,41.09331846638719,16.855846153569416,45.0,0.0
0_1095,30672980#1,25819177#3,41.0940220774019,16.854495884667088,41.093874010675705,16.854416589648586,41.09331846638719,16.855846153569416,41.09330344191395,16.855984796607544,45.0,0.0
0_1096,30672980#1,25819177#5,41.0940220774019,16.854495884667088,41.093874010675705,16.854416589648586,41.09328897220411,16.85615607855325,41.093276282258536,16.856306336332803,45.0,0.0
0_1097,30672980#1,28279138#5,41.0940220774019,16.854495884667088,41.093874010675705,16.854416589648586,41.09309962997091,16.8641768999245,41.09122003932151,16.863954806076606,45.0,0.0
0_1098,30672980#1,28921528#2,41.0940220774019,16.854495884667088,41.093874010675705,16.854416589648586,41.09590934506375,16.85589778274809,41.09589464404242,16.856597607978603,45.0,0.0
0_1099,30672980#1,28921528#8,41.0940220774019,16.854495884667088,41.093874010675705,16.854416589648586,41.095864883749904,16.858939789299576,41.09579879841287,16.860483307032734,45.0,0.0
0_1100,30672980#1,30672980#0,41.0940220774019,16.854495884667088,41.093874010675705,16.854416589648586,41.09410258065408,16.854547680343014,41.0940220774019,16.854495884667088,45.0,0.0
0_1101,30672980#1,30672980#6,41.0940220774019,16.854495884667088,41.093874010675705,16.854416589648586,41.09290701188394,16.85345153155061,41.09274366748828,16.853398004520955,45.0,0.0
0_1102,30672980#1,30673346,41.0940220774019,16.854495884667088,41.093874010675705,16.854416589648586,41.09289989869124,16.857979997773366,41.0924620240455,16.857540225068156,45.0,0.0
0_1103,30672980#1,30674315#11,41.0940220774019,16.854495884667088,41.093874010675705,16.854416589648586,41.09762167433529,16.86078183182401,41.0975908593457,16.860854905020272,45.0,0.0
0_1104,30672980#1,30674315#8,41.0940220774019,16.854495884667088,41.093874010675705,16.854416589648586,41.09783406893447,16.85935956518292,41.09781757948696,16.860074005211207,45.0,0.0
0_1105,30672980#1,30674315#9,41.0940220774019,16.854495884667088,41.093874010675705,16.854416589648586,41.09781757948696,16.860074005211207,41.09773009884011,16.860532461562137,45.0,0.0
0_1106,30672980#1,30674359#4,41.0940220774019,16.854495884667088,41.093874010675705,16.854416589648586,41.09788351207976,16.86008527251128,41.097886790174485,16.85993247707892,45.0,0.0
0_1107,30672980#1,30674359#5,41.0940220774019,16.854495884667088,41.093874010675705,16.854416589648586,41.097886790174485,16.85993247707892,41.097887056561405,16.859358083149928,45.0,0.0
0_1108,30672980#1,30674385#2,41.0940220774019,16.854495884667088,41.093874010675705,16.854416589648586,41.09752079197923,16.86113857805688,41.097541272342,16.861158803055236,45.0,0.0
0_1109,30672980#1,30674948,41.0940220774019,16.854495884667088,41.093874010675705,16.854416589648586,41.09346290764322,16.859512259912492,41.0937563740557,16.85923859402608,45.0,0.0
0_1110,30672980#1,30675059#0,41.0940220774019,16.854495884667088,41.093874010675705,16.854416589648586,41.09575898407665,16.861403291409037,41.09556026737646,16.861799770540163,45.0,0.0
0_1111,30672980#1,30675059#1,41.0940220774019,16.854495884667088,41.093874010675705,16.854416589648586,41.09556026737646,16.861799770540163,41.09428507077666,16.861822930016572,45.0,0.0
0_1112,30672980#1,33831688,41.0940220774019,16.854495884667088,41.093874010675705,16.854416589648586,41.09717022441964,16.862141610446756,41.09717150257013,16.862346685598727,45.0,0.0
0_1113,30672980#1,48563895#1,41.0940220774019,16.854495884667088,41.093874010675705,16.854416589648586,41.094497059549575,16.854662484304253,41.09459493177244,16.85467607291383,45.0,0.0
0_1114,30672980#1,48563902#0,41.0940220774019,16.854495884667088,41.093874010675705,16.854416589648586,41.093159424293006,16.861119861413044,41.092910609638544,16.861550868324073,45.0,0.0
0_1115,30672980#1,48874527#2,41.0940220774019,16.854495884667088,41.093874010675705,16.854416589648586,41.094611131446,16.86076995428607,41.09433377805168,16.860614722600705,45.0,0.0
0_1116,30672980#1,50077954,41.0940220774019,16.854495884667088,41.093874010675705,16.854416589648586,41.094481033476846,16.855484180652265,41.09590934506375,16.85589778274809,45.0,0.0
0_1117,30672980#1,96606465,41.0940220774019,16.854495884667088,41.093874010675705,16.854416589648586,41.09320904205983,16.86036794969964,41.093226008438016,16.859824905081403,45.0,0.0
0_1118,30672980#3,-131752097#1,41.09350717781295,16.85412313696312,41.09319943662766,16.853728716859614,41.09628587040379,16.863506396736675,41.09627339570725,16.863759660301465,45.0,0.0
0_1119,30672980#3,-25654991#0,41.09350717781295,16.85412313696312,41.09319943662766,16.853728716859614,41.09267829914716,16.854073630954087,41.09207574955028,16.85389154719994,45.0,0.0
0_1120,30672980#3,-33831688,41.09350717781295,16.85412313696312,41.09319943662766,16.853728716859614,41.09717150257013,16.862346685598727,41.09717022441964,16.862141610446756,45.0,0.0
0_1121,30672980#3,-48874524,41.09350717781295,16.85412313696312,41.09319943662766,16.853728716859614,41.09782874807601,16.858422322289133,41.09720965467912,16.86010828803053,45.0,0.0
0_1122,30672980#3,-50077954,41.09350717781295,16.85412313696312,41.09319943662766,16.853728716859614,41.09590934506375,16.85589778274809,41.094481033476846,16.855484180652265,45.0,0.0
0_1123,30672980#3,-50370694#0,41.09350717781295,16.85412313696312,41.09319943662766,16.853728716859614,41.09390877175432,16.860555577386883,41.09389978504193,16.86089441913475,45.0,0.0
0_1124,30672980#3,114953453#6,41.09350717781295,16.85412313696312,41.09319943662766,16.853728716859614,41.09289989869124,16.857979997773366,41.09252833667128,16.85806965698529,45.0,0.0
0_1125,30672980#3,1223050325#0,41.09350717781295,16.85412313696312,41.09319943662766,16.853728716859614,41.09575898407665,16.861403291409037,41.09578940828096,16.861627521735652,45.0,0.0
0_1126,30672980#3,1223050326,41.09350717781295,16.85412313696312,41.09319943662766,16.853728716859614,41.09577203818025,16.86132567064774,41.09575898407665,16.861403291409037,45.0,0.0
0_1127,30672980#3,1226960836#1,41.09350717781295,16.85412313696312,41.09319943662766,16.853728716859614,41.09326327598272,16.856459442663375,41.09325705252129,16.85653261037847,45.0,0.0
0_1128,30672980#3,131750844#7,41.09350717781295,16.85412313696312,41.09319943662766,16.853728716859614,41.09588692434208,16.86204201283392,41.096023183819085,16.86206015013157,45.0,0.0
0_1129,30672980#3,131750844#8,41.09350717781295,16.85412313696312,41.09319943662766,16.853728716859614,41.096023183819085,16.86206015013157,41.09607053280287,16.862073156374553,45.0,0.0
0_1130,30672980#3,131750844#9,41.09350717781295,16.85412313696312,41.09319943662766,16.853728716859614,41.09607053280287,16.862073156374553,41.09624619327664,16.862345189534487,45.0,0.0
0_1131,30672980#3,131750850#0,41.09350717781295,16.85412313696312,41.09319943662766,16.853728716859614,41.09406666971318,16.861809974981103,41.09374076152227,16.861733142040123,45.0,0.0
0_1132,30672980#3,131750853#0,41.09350717781295,16.85412313696312,41.09319943662766,16.853728716859614,41.09428507077666,16.861822930016572,41.094248634240174,16.861820234016683,45.0,0.0
0_1133,30672980#3,131750853#2,41.09350717781295,16.85412313696312,41.09319943662766,16.853728716859614,41.09422326217536,16.861818445841735,41.09406666971318,16.861809974981103,45.0,0.0
0_1134,30672980#3,131752095#2,41.09350717781295,16.85412313696312,41.09319943662766,16.853728716859614,41.09606913880409,16.857384087393385,41.09607773810893,16.85711333011326,45.0,0.0
0_1135,30672980#3,25817423#3,41.09350717781295,16.85412313696312,41.09319943662766,16.853728716859614,41.093433790346566,16.855687830843742,41.09352569242476,16.85465158647345,45.0,0.0
0_1136,30672980#3,25817735#2,41.09350717781295,16.85412313696312,41.09319943662766,16.853728716859614,41.09257525037648,16.866055037799217,41.08991586912939,16.865878687144406,45.0,0.0
0_1137,30672980#3,25819014#1,41.09350717781295,16.85412313696312,41.09319943662766,16.853728716859614,41.09637979984023,16.861535604961926,41.096390396588056,16.86145398483175,45.0,0.0
0_1138,30672980#3,25819014#2,41.09350717781295,16.85412313696312,41.09319943662766,16.853728716859614,41.096390396588056,16.86145398483175,41.09617566373433,16.86105237527639,45.0,0.0
0_1139,30672980#3,25819177#2,41.09350717781295,16.85412313696312,41.09319943662766,16.853728716859614,41.09333584930795,16.855672929401177,41.09331846638719,16.855846153569416,45.0,0.0
0_1140,30672980#3,25819177#3,41.09350717781295,16.85412313696312,41.09319943662766,16.853728716859614,41.09331846638719,16.855846153569416,41.09330344191395,16.855984796607544,45.0,0.0
0_1141,30672980#3,25819177#5,41.09350717781295,16.85412313696312,41.09319943662766,16.853728716859614,41.09328897220411,16.85615607855325,41.093276282258536,16.856306336332803,45.0,0.0
0_1142,30672980#3,28279138#5,41.09350717781295,16.85412313696312,41.09319943662766,16.853728716859614,41.09309962997091,16.8641768999245,41.09122003932151,16.863954806076606,45.0,0.0
0_1143,30672980#3,28921528#2,41.09350717781295,16.85412313696312,41.09319943662766,16.853728716859614,41.09590934506375,16.85589778274809,41.09589464404242,16.856597607978603,45.0,0.0
0_1144,30672980#3,28921528#8,41.09350717781295,16.85412313696312,41.09319943662766,16.853728716859614,41.095864883749904,16.858939789299576,41.09579879841287,16.860483307032734,45.0,0.0
0_1145,30672980#3,30672980#0,41.09350717781295,16.85412313696312,41.09319943662766,16.853728716859614,41.09410258065408,16.854547680343014,41.0940220774019,16.854495884667088,45.0,0.0
0_1146,30672980#3,30672980#6,41.09350717781295,16.85412313696312,41.09319943662766,16.853728716859614,41.09290701188394,16.85345153155061,41.09274366748828,16.853398004520955,45.0,0.0
0_1147,30672980#3,30673346,41.09350717781295,16.85412313696312,41.09319943662766,16.853728716859614,41.09289989869124,16.857979997773366,41.0924620240455,16.857540225068156,45.0,0.0
0_1148,30672980#3,30674315#11,41.09350717781295,16.85412313696312,41.09319943662766,16.853728716859614,41.09762167433529,16.86078183182401,41.0975908593457,16.860854905020272,45.0,0.0
0_1149,30672980#3,30674315#8,41.09350717781295,16.85412313696312,41.09319943662766,16.853728716859614,41.09783406893447,16.85935956518292,41.09781757948696,16.860074005211207,45.0,0.0
0_1150,30672980#3,30674315#9,41.09350717781295,16.85412313696312,41.09319943662766,16.853728716859614,41.09781757948696,16.860074005211207,41.09773009884011,16.860532461562137,45.0,0.0
0_1151,30672980#3,30674359#4,41.09350717781295,16.85412313696312,41.09319943662766,16.853728716859614,41.09788351207976,16.86008527251128,41.097886790174485,16.85993247707892,45.0,0.0
0_1152,30672980#3,30674359#5,41.09350717781295,16.85412313696312,41.09319943662766,16.853728716859614,41.097886790174485,16.85993247707892,41.097887056561405,16.859358083149928,45.0,0.0
0_1153,30672980#3,30674385#2,41.09350717781295,16.85412313696312,41.09319943662766,16.853728716859614,41.09752079197923,16.86113857805688,41.097541272342,16.861158803055236,45.0,0.0
0_1154,30672980#3,30674948,41.09350717781295,16.85412313696312,41.09319943662766,16.853728716859614,41.09346290764322,16.859512259912492,41.0937563740557,16.85923859402608,45.0,0.0
0_1155,30672980#3,30675059#0,41.09350717781295,16.85412313696312,41.09319943662766,16.853728716859614,41.09575898407665,16.861403291409037,41.09556026737646,16.861799770540163,45.0,0.0
0_1156,30672980#3,30675059#1,41.09350717781295,16.85412313696312,41.09319943662766,16.853728716859614,41.09556026737646,16.861799770540163,41.09428507077666,16.861822930016572,45.0,0.0
0_1157,30672980#3,33831688,41.09350717781295,16.85412313696312,41.09319943662766,16.853728716859614,41.09717022441964,16.862141610446756,41.09717150257013,16.862346685598727,45.0,0.0
0_1158,30672980#3,48563895#1,41.09350717781295,16.85412313696312,41.09319943662766,16.853728716859614,41.094497059549575,16.854662484304253,41.09459493177244,16.85467607291383,45.0,0.0
0_1159,30672980#3,48563902#0,41.09350717781295,16.85412313696312,41.09319943662766,16.853728716859614,41.093159424293006,16.861119861413044,41.092910609638544,16.861550868324073,45.0,0.0
0_1160,30672980#3,48874527#2,41.09350717781295,16.85412313696312,41.09319943662766,16.853728716859614,41.094611131446,16.86076995428607,41.09433377805168,16.860614722600705,45.0,0.0
0_1161,30672980#3,50077954,41.09350717781295,16.85412313696312,41.09319943662766,16.853728716859614,41.094481033476846,16.855484180652265,41.09590934506375,16.85589778274809,45.0,0.0
0_1162,30672980#3,96606465,41.09350717781295,16.85412313696312,41.09319943662766,16.853728716859614,41.09320904205983,16.86036794969964,41.093226008438016,16.859824905081403,45.0,0.0
0_1163,30672980#4,-131752097#1,41.09319943662766,16.853728716859614,41.0929958887206,16.85348677259829,41.09628587040379,16.863506396736675,41.09627339570725,16.863759660301465,45.0,0.0
0_1164,30672980#4,-25654991#0,41.09319943662766,16.853728716859614,41.0929958887206,16.85348677259829,41.09267829914716,16.854073630954087,41.09207574955028,16.85389154719994,45.0,0.0
0_1165,30672980#4,-33831688,41.09319943662766,16.853728716859614,41.0929958887206,16.85348677259829,41.09717150257013,16.862346685598727,41.09717022441964,16.862141610446756,45.0,0.0
0_1166,30672980#4,-48874524,41.09319943662766,16.853728716859614,41.0929958887206,16.85348677259829,41.09782874807601,16.858422322289133,41.09720965467912,16.86010828803053,45.0,0.0
0_1167,30672980#4,-50077954,41.09319943662766,16.853728716859614,41.0929958887206,16.85348677259829,41.09590934506375,16.85589778274809,41.094481033476846,16.855484180652265,45.0,0.0
0_1168,30672980#4,-50370694#0,41.09319943662766,16.853728716859614,41.0929958887206,16.85348677259829,41.09390877175432,16.860555577386883,41.09389978504193,16.86089441913475,45.0,0.0
0_1169,30672980#4,114953453#6,41.09319943662766,16.853728716859614,41.0929958887206,16.85348677259829,41.09289989869124,16.857979997773366,41.09252833667128,16.85806965698529,45.0,0.0
0_1170,30672980#4,1223050325#0,41.09319943662766,16.853728716859614,41.0929958887206,16.85348677259829,41.09575898407665,16.861403291409037,41.09578940828096,16.861627521735652,45.0,0.0
0_1171,30672980#4,1223050326,41.09319943662766,16.853728716859614,41.0929958887206,16.85348677259829,41.09577203818025,16.86132567064774,41.09575898407665,16.861403291409037,45.0,0.0
0_1172,30672980#4,1226960836#1,41.09319943662766,16.853728716859614,41.0929958887206,16.85348677259829,41.09326327598272,16.856459442663375,41.09325705252129,16.85653261037847,45.0,0.0
0_1173,30672980#4,131750844#7,41.09319943662766,16.853728716859614,41.0929958887206,16.85348677259829,41.09588692434208,16.86204201283392,41.096023183819085,16.86206015013157,45.0,0.0
0_1174,30672980#4,131750844#8,41.09319943662766,16.853728716859614,41.0929958887206,16.85348677259829,41.096023183819085,16.86206015013157,41.09607053280287,16.862073156374553,45.0,0.0
0_1175,30672980#4,131750844#9,41.09319943662766,16.853728716859614,41.0929958887206,16.85348677259829,41.09607053280287,16.862073156374553,41.09624619327664,16.862345189534487,45.0,0.0
0_1176,30672980#4,131750850#0,41.09319943662766,16.853728716859614,41.0929958887206,16.85348677259829,41.09406666971318,16.861809974981103,41.09374076152227,16.861733142040123,45.0,0.0
0_1177,30672980#4,131750853#0,41.09319943662766,16.853728716859614,41.0929958887206,16.85348677259829,41.09428507077666,16.861822930016572,41.094248634240174,16.861820234016683,45.0,0.0
0_1178,30672980#4,131750853#2,41.09319943662766,16.853728716859614,41.0929958887206,16.85348677259829,41.09422326217536,16.861818445841735,41.09406666971318,16.861809974981103,45.0,0.0
0_1179,30672980#4,131752095#2,41.09319943662766,16.853728716859614,41.0929958887206,16.85348677259829,41.09606913880409,16.857384087393385,41.09607773810893,16.85711333011326,45.0,0.0
0_1180,30672980#4,25817423#3,41.09319943662766,16.853728716859614,41.0929958887206,16.85348677259829,41.093433790346566,16.855687830843742,41.09352569242476,16.85465158647345,45.0,0.0
0_1181,30672980#4,25817735#2,41.09319943662766,16.853728716859614,41.0929958887206,16.85348677259829,41.09257525037648,16.866055037799217,41.08991586912939,16.865878687144406,45.0,0.0
0_1182,30672980#4,25819014#1,41.09319943662766,16.853728716859614,41.0929958887206,16.85348677259829,41.09637979984023,16.861535604961926,41.096390396588056,16.86145398483175,45.0,0.0
0_1183,30672980#4,25819014#2,41.09319943662766,16.853728716859614,41.0929958887206,16.85348677259829,41.096390396588056,16.86145398483175,41.09617566373433,16.86105237527639,45.0,0.0
0_1184,30672980#4,25819177#2,41.09319943662766,16.853728716859614,41.0929958887206,16.85348677259829,41.09333584930795,16.855672929401177,41.09331846638719,16.855846153569416,45.0,0.0
0_1185,30672980#4,25819177#3,41.09319943662766,16.853728716859614,41.0929958887206,16.85348677259829,41.09331846638719,16.855846153569416,41.09330344191395,16.855984796607544,45.0,0.0
0_1186,30672980#4,25819177#5,41.09319943662766,16.853728716859614,41.0929958887206,16.85348677259829,41.09328897220411,16.85615607855325,41.093276282258536,16.856306336332803,45.0,0.0
0_1187,30672980#4,28279138#5,41.09319943662766,16.853728716859614,41.0929958887206,16.85348677259829,41.09309962997091,16.8641768999245,41.09122003932151,16.863954806076606,45.0,0.0
0_1188,30672980#4,28921528#2,41.09319943662766,16.853728716859614,41.0929958887206,16.85348677259829,41.09590934506375,16.85589778274809,41.09589464404242,16.856597607978603,45.0,0.0
0_1189,30672980#4,28921528#8,41.09319943662766,16.853728716859614,41.0929958887206,16.85348677259829,41.095864883749904,16.858939789299576,41.09579879841287,16.860483307032734,45.0,0.0
0_1190,30672980#4,30672980#0,41.09319943662766,16.853728716859614,41.0929958887206,16.85348677259829,41.09410258065408,16.854547680343014,41.0940220774019,16.854495884667088,45.0,0.0
0_1191,30672980#4,30672980#6,41.09319943662766,16.853728716859614,41.0929958887206,16.85348677259829,41.09290701188394,16.85345153155061,41.09274366748828,16.853398004520955,45.0,0.0
0_1192,30672980#4,30673346,41.09319943662766,16.853728716859614,41.0929958887206,16.85348677259829,41.09289989869124,16.857979997773366,41.0924620240455,16.857540225068156,45.0,0.0
0_1193,30672980#4,30674315#11,41.09319943662766,16.853728716859614,41.0929958887206,16.85348677259829,41.09762167433529,16.86078183182401,41.0975908593457,16.860854905020272,45.0,0.0
0_1194,30672980#4,30674315#8,41.09319943662766,16.853728716859614,41.0929958887206,16.85348677259829,41.09783406893447,16.85935956518292,41.09781757948696,16.860074005211207,45.0,0.0
0_1195,30672980#4,30674315#9,41.09319943662766,16.853728716859614,41.0929958887206,16.85348677259829,41.09781757948696,16.860074005211207,41.09773009884011,16.860532461562137,45.0,0.0
0_1196,30672980#4,30674359#4,41.09319943662766,16.853728716859614,41.0929958887206,16.85348677259829,41.09788351207976,16.86008527251128,41.097886790174485,16.85993247707892,45.0,0.0
0_1197,30672980#4,30674359#5,41.09319943662766,16.853728716859614,41.0929958887206,16.85348677259829,41.097886790174485,16.85993247707892,41.097887056561405,16.859358083149928,45.0,0.0
0_1198,30672980#4,30674385#2,41.09319943662766,16.853728716859614,41.0929958887206,16.85348677259829,41.09752079197923,16.86113857805688,41.097541272342,16.861158803055236,45.0,0.0
0_1199,30672980#4,30674948,41.09319943662766,16.853728716859614,41.0929958887206,16.85348677259829,41.09346290764322,16.859512259912492,41.0937563740557,16.85923859402608,45.0,0.0
0_1200,30672980#4,30675059#0,41.09319943662766,16.853728716859614,41.0929958887206,16.85348677259829,41.09575898407665,16.861403291409037,41.09556026737646,16.861799770540163,45.0,0.0
0_1201,30672980#4,30675059#1,41.09319943662766,16.853728716859614,41.0929958887206,16.85348677259829,41.09556026737646,16.861799770540163,41.09428507077666,16.861822930016572,45.0,0.0
0_1202,30672980#4,33831688,41.09319943662766,16.853728716859614,41.0929958887206,16.85348677259829,41.09717022441964,16.862141610446756,41.09717150257013,16.862346685598727,45.0,0.0
0_1203,30672980#4,48563895#1,41.09319943662766,16.853728716859614,41.0929958887206,16.85348677259829,41.094497059549575,16.854662484304253,41.09459493177244,16.85467607291383,45.0,0.0
0_1204,30672980#4,48563902#0,41.09319943662766,16.853728716859614,41.0929958887206,16.85348677259829,41.093159424293006,16.861119861413044,41.092910609638544,16.861550868324073,45.0,0.0
0_1205,30672980#4,48874527#2,41.09319943662766,16.853728716859614,41.0929958887206,16.85348677259829,41.094611131446,16.86076995428607,41.09433377805168,16.860614722600705,45.0,0.0
0_1206,30672980#4,50077954,41.09319943662766,16.853728716859614,41.0929958887206,16.85348677259829,41.094481033476846,16.855484180652265,41.09590934506375,16.85589778274809,45.0,0.0
0_1207,30672980#4,96606465,41.09319943662766,16.853728716859614,41.0929958887206,16.85348677259829,41.09320904205983,16.86036794969964,41.093226008438016,16.859824905081403,45.0,0.0
0_1208,30674192#0,-131752097#1,41.096145265720544,16.8609156599333,41.09599635065624,16.860621524839004,41.09628587040379,16.863506396736675,41.09627339570725,16.863759660301465,45.0,0.0
0_1209,30674192#0,-25654991#0,41.096145265720544,16.8609156599333,41.09599635065624,16.860621524839004,41.09267829914716,16.854073630954087,41.09207574955028,16.85389154719994,45.0,0.0
0_1210,30674192#0,-33831688,41.096145265720544,16.8609156599333,41.09599635065624,16.860621524839004,41.09717150257013,16.862346685598727,41.09717022441964,16.862141610446756,45.0,0.0
0_1211,30674192#0,-48874524,41.096145265720544,16.8609156599333,41.09599635065624,16.860621524839004,41.09782874807601,16.858422322289133,41.09720965467912,16.86010828803053,45.0,0.0
0_1212,30674192#0,-50077954,41.096145265720544,16.8609156599333,41.09599635065624,16.860621524839004,41.09590934506375,16.85589778274809,41.094481033476846,16.855484180652265,45.0,0.0
0_1213,30674192#0,-50370694#0,41.096145265720544,16.8609156599333,41.09599635065624,16.860621524839004,41.09390877175432,16.860555577386883,41.09389978504193,16.86089441913475,45.0,0.0
0_1214,30674192#0,114953453#6,41.096145265720544,16.8609156599333,41.09599635065624,16.860621524839004,41.09289989869124,16.857979997773366,41.09252833667128,16.85806965698529,45.0,0.0
0_1215,30674192#0,1223050325#0,41.096145265720544,16.8609156599333,41.09599635065624,16.860621524839004,41.09575898407665,16.861403291409037,41.09578940828096,16.861627521735652,45.0,0.0
0_1216,30674192#0,1223050326,41.096145265720544,16.8609156599333,41.09599635065624,16.860621524839004,41.09577203818025,16.86132567064774,41.09575898407665,16.861403291409037,45.0,0.0
0_1217,30674192#0,1226960836#1,41.096145265720544,16.8609156599333,41.09599635065624,16.860621524839004,41.09326327598272,16.856459442663375,41.09325705252129,16.85653261037847,45.0,0.0
0_1218,30674192#0,131750844#7,41.096145265720544,16.8609156599333,41.09599635065624,16.860621524839004,41.09588692434208,16.86204201283392,41.096023183819085,16.86206015013157,45.0,0.0
0_1219,30674192#0,131750844#8,41.096145265720544,16.8609156599333,41.09599635065624,16.860621524839004,41.096023183819085,16.86206015013157,41.09607053280287,16.862073156374553,45.0,0.0
0_1220,30674192#0,131750844#9,41.096145265720544,16.8609156599333,41.09599635065624,16.860621524839004,41.09607053280287,16.862073156374553,41.09624619327664,16.862345189534487,45.0,0.0
0_1221,30674192#0,131750850#0,41.096145265720544,16.8609156599333,41.09599635065624,16.860621524839004,41.09406666971318,16.861809974981103,41.09374076152227,16.861733142040123,45.0,0.0
0_1222,30674192#0,131750853#0,41.096145265720544,16.8609156599333,41.09599635065624,16.860621524839004,41.09428507077666,16.861822930016572,41.094248634240174,16.861820234016683,45.0,0.0
0_1223,30674192#0,131750853#2,41.096145265720544,16.8609156599333,41.09599635065624,16.860621524839004,41.09422326217536,16.861818445841735,41.09406666971318,16.861809974981103,45.0,0.0
0_1224,30674192#0,131752095#2,41.096145265720544,16.8609156599333,41.09599635065624,16.860621524839004,41.09606913880409,16.857384087393385,41.09607773810893,16.85711333011326,45.0,0.0
0_1225,30674192#0,25817423#3,41.096145265720544,16.8609156599333,41.09599635065624,16.860621524839004,41.093433790346566,16.855687830843742,41.09352569242476,16.85465158647345,45.0,0.0
0_1226,30674192#0,25817735#2,41.096145265720544,16.8609156599333,41.09599635065624,16.860621524839004,41.09257525037648,16.866055037799217,41.08991586912939,16.865878687144406,45.0,0.0
0_1227,30674192#0,25819014#1,41.096145265720544,16.8609156599333,41.09599635065624,16.860621524839004,41.09637979984023,16.861535604961926,41.096390396588056,16.86145398483175,45.0,0.0
0_1228,30674192#0,25819014#2,41.096145265720544,16.8609156599333,41.09599635065624,16.860621524839004,41.096390396588056,16.86145398483175,41.09617566373433,16.86105237527639,45.0,0.0
0_1229,30674192#0,25819177#2,41.096145265720544,16.8609156599333,41.09599635065624,16.860621524839004,41.09333584930795,16.855672929401177,41.09331846638719,16.855846153569416,45.0,0.0
0_1230,30674192#0,25819177#3,41.096145265720544,16.8609156599333,41.09599635065624,16.860621524839004,41.09331846638719,16.855846153569416,41.09330344191395,16.855984796607544,45.0,0.0
0_1231,30674192#0,25819177#5,41.096145265720544,16.8609156599333,41.09599635065624,16.860621524839004,41.09328897220411,16.85615607855325,41.093276282258536,16.856306336332803,45.0,0.0
0_1232,30674192#0,28279138#5,41.096145265720544,16.8609156599333,41.09599635065624,16.860621524839004,41.09309962997091,16.8641768999245,41.09122003932151,16.863954806076606,45.0,0.0
0_1233,30674192#0,28921528#2,41.096145265720544,16.8609156599333,41.09599635065624,16.860621524839004,41.09590934506375,16.85589778274809,41.09589464404242,16.856597607978603,45.0,0.0
0_1234,30674192#0,28921528#8,41.096145265720544,16.8609156599333,41.09599635065624,16.860621524839004,41.095864883749904,16.858939789299576,41.09579879841287,16.860483307032734,45.0,0.0
0_1235,30674192#0,30672980#0,41.096145265720544,16.8609156599333,41.09599635065624,16.860621524839004,41.09410258065408,16.854547680343014,41.0940220774019,16.854495884667088,45.0,0.0
0_1236,30674192#0,30672980#6,41.096145265720544,16.8609156599333,41.09599635065624,16.860621524839004,41.09290701188394,16.85345153155061,41.09274366748828,16.853398004520955,45.0,0.0
0_1237,30674192#0,30673346,41.096145265720544,16.8609156599333,41.09599635065624,16.860621524839004,41.09289989869124,16.857979997773366,41.0924620240455,16.857540225068156,45.0,0.0
0_1238,30674192#0,30674315#11,41.096145265720544,16.8609156599333,41.09599635065624,16.860621524839004,41.09762167433529,16.86078183182401,41.0975908593457,16.860854905020272,45.0,0.0
0_1239,30674192#0,30674315#8,41.096145265720544,16.8609156599333,41.09599635065624,16.860621524839004,41.09783406893447,16.85935956518292,41.09781757948696,16.860074005211207,45.0,0.0
0_1240,30674192#0,30674315#9,41.096145265720544,16.8609156599333,41.09599635065624,16.860621524839004,41.09781757948696,16.860074005211207,41.09773009884011,16.860532461562137,45.0,0.0
0_1241,30674192#0,30674359#4,41.096145265720544,16.8609156599333,41.09599635065624,16.860621524839004,41.09788351207976,16.86008527251128,41.097886790174485,16.85993247707892,45.0,0.0
0_1242,30674192#0,30674359#5,41.096145265720544,16.8609156599333,41.09599635065624,16.860621524839004,41.097886790174485,16.85993247707892,41.097887056561405,16.859358083149928,45.0,0.0
0_1243,30674192#0,30674385#2,41.096145265720544,16.8609156599333,41.09599635065624,16.860621524839004,41.09752079197923,16.86113857805688,41.097541272342,16.861158803055236,45.0,0.0
0_1244,30674192#0,30674948,41.096145265720544,16.8609156599333,41.09599635065624,16.860621524839004,41.09346290764322,16.859512259912492,41.0937563740557,16.85923859402608,45.0,0.0
0_1245,30674192#0,30675059#0,41.096145265720544,16.8609156599333,41.09599635065624,16.860621524839004,41.09575898407665,16.861403291409037,41.09556026737646,16.861799770540163,45.0,0.0
0_1246,30674192#0,30675059#1,41.096145265720544,16.8609156599333,41.09599635065624,16.860621524839004,41.09556026737646,16.861799770540163,41.09428507077666,16.861822930016572,45.0,0.0
0_1247,30674192#0,33831688,41.096145265720544,16.8609156599333,41.09599635065624,16.860621524839004,41.09717022441964,16.862141610446756,41.09717150257013,16.862346685598727,45.0,0.0
0_1248,30674192#0,48563895#1,41.096145265720544,16.8609156599333,41.09599635065624,16.860621524839004,41.094497059549575,16.854662484304253,41.09459493177244,16.85467607291383,45.0,0.0
0_1249,30674192#0,48563902#0,41.096145265720544,16.8609156599333,41.09599635065624,16.860621524839004,41.093159424293006,16.861119861413044,41.092910609638544,16.861550868324073,45.0,0.0
0_1250,30674192#0,48874527#2,41.096145265720544,16.8609156599333,41.09599635065624,16.860621524839004,41.094611131446,16.86076995428607,41.09433377805168,16.860614722600705,45.0,0.0
0_1251,30674192#0,50077954,41.096145265720544,16.8609156599333,41.09599635065624,16.860621524839004,41.094481033476846,16.855484180652265,41.09590934506375,16.85589778274809,45.0,0.0
0_1252,30674192#0,96606465,41.096145265720544,16.8609156599333,41.09599635065624,16.860621524839004,41.09320904205983,16.86036794969964,41.093226008438016,16.859824905081403,45.0,0.0
0_1253,30674192#1,-131752097#1,41.09599635065624,16.860621524839004,41.09600287001016,16.85976608478738,41.09628587040379,16.863506396736675,41.09627339570725,16.863759660301465,45.0,0.0
0_1254,30674192#1,-25654991#0,41.09599635065624,16.860621524839004,41.09600287001016,16.85976608478738,41.09267829914716,16.854073630954087,41.09207574955028,16.85389154719994,45.0,0.0
0_1255,30674192#1,-33831688,41.09599635065624,16.860621524839004,41.09600287001016,16.85976608478738,41.09717150257013,16.862346685598727,41.09717022441964,16.862141610446756,45.0,0.0
0_1256,30674192#1,-48874524,41.09599635065624,16.860621524839004,41.09600287001016,16.85976608478738,41.09782874807601,16.858422322289133,41.09720965467912,16.86010828803053,45.0,0.0
0_1257,30674192#1,-50077954,41.09599635065624,16.860621524839004,41.09600287001016,16.85976608478738,41.09590934506375,16.85589778274809,41.094481033476846,16.855484180652265,45.0,0.0
0_1258,30674192#1,-50370694#0,41.09599635065624,16.860621524839004,41.09600287001016,16.85976608478738,41.09390877175432,16.860555577386883,41.09389978504193,16.86089441913475,45.0,0.0
0_1259,30674192#1,114953453#6,41.09599635065624,16.860621524839004,41.09600287001016,16.85976608478738,41.09289989869124,16.857979997773366,41.09252833667128,16.85806965698529,45.0,0.0
0_1260,30674192#1,1223050325#0,41.09599635065624,16.860621524839004,41.09600287001016,16.85976608478738,41.09575898407665,16.861403291409037,41.09578940828096,16.861627521735652,45.0,0.0
0_1261,30674192#1,1223050326,41.09599635065624,16.860621524839004,41.09600287001016,16.85976608478738,41.09577203818025,16.86132567064774,41.09575898407665,16.861403291409037,45.0,0.0
0_1262,30674192#1,1226960836#1,41.09599635065624,16.860621524839004,41.09600287001016,16.85976608478738,41.09326327598272,16.856459442663375,41.09325705252129,16.85653261037847,45.0,0.0
0_1263,30674192#1,131750844#7,41.09599635065624,16.860621524839004,41.09600287001016,16.85976608478738,41.09588692434208,16.86204201283392,41.096023183819085,16.86206015013157,45.0,0.0
0_1264,30674192#1,131750844#8,41.09599635065624,16.860621524839004,41.09600287001016,16.85976608478738,41.096023183819085,16.86206015013157,41.09607053280287,16.862073156374553,45.0,0.0
0_1265,30674192#1,131750844#9,41.09599635065624,16.860621524839004,41.09600287001016,16.85976608478738,41.09607053280287,16.862073156374553,41.09624619327664,16.862345189534487,45.0,0.0
0_1266,30674192#1,131750850#0,41.09599635065624,16.860621524839004,41.09600287001016,16.85976608478738,41.09406666971318,16.861809974981103,41.09374076152227,16.861733142040123,45.0,0.0
0_1267,30674192#1,131750853#0,41.09599635065624,16.860621524839004,41.09600287001016,16.85976608478738,41.09428507077666,16.861822930016572,41.094248634240174,16.861820234016683,45.0,0.0
0_1268,30674192#1,131750853#2,41.09599635065624,16.860621524839004,41.09600287001016,16.85976608478738,41.09422326217536,16.861818445841735,41.09406666971318,16.861809974981103,45.0,0.0
0_1269,30674192#1,131752095#2,41.09599635065624,16.860621524839004,41.09600287001016,16.85976608478738,41.09606913880409,16.857384087393385,41.09607773810893,16.85711333011326,45.0,0.0
0_1270,30674192#1,25817423#3,41.09599635065624,16.860621524839004,41.09600287001016,16.85976608478738,41.093433790346566,16.855687830843742,41.09352569242476,16.85465158647345,45.0,0.0
0_1271,30674192#1,25817735#2,41.09599635065624,16.860621524839004,41.09600287001016,16.85976608478738,41.09257525037648,16.866055037799217,41.08991586912939,16.865878687144406,45.0,0.0
0_1272,30674192#1,25819014#1,41.09599635065624,16.860621524839004,41.09600287001016,16.85976608478738,41.09637979984023,16.861535604961926,41.096390396588056,16.86145398483175,45.0,0.0
0_1273,30674192#1,25819014#2,41.09599635065624,16.860621524839004,41.09600287001016,16.85976608478738,41.096390396588056,16.86145398483175,41.09617566373433,16.86105237527639,45.0,0.0
0_1274,30674192#1,25819177#2,41.09599635065624,16.860621524839004,41.09600287001016,16.85976608478738,41.09333584930795,16.855672929401177,41.09331846638719,16.855846153569416,45.0,0.0
0_1275,30674192#1,25819177#3,41.09599635065624,16.860621524839004,41.09600287001016,16.85976608478738,41.09331846638719,16.855846153569416,41.09330344191395,16.855984796607544,45.0,0.0
0_1276,30674192#1,25819177#5,41.09599635065624,16.860621524839004,41.09600287001016,16.85976608478738,41.09328897220411,16.85615607855325,41.093276282258536,16.856306336332803,45.0,0.0
0_1277,30674192#1,28279138#5,41.09599635065624,16.860621524839004,41.09600287001016,16.85976608478738,41.09309962997091,16.8641768999245,41.09122003932151,16.863954806076606,45.0,0.0
0_1278,30674192#1,28921528#2,41.09599635065624,16.860621524839004,41.09600287001016,16.85976608478738,41.09590934506375,16.85589778274809,41.09589464404242,16.856597607978603,45.0,0.0
0_1279,30674192#1,28921528#8,41.09599635065624,16.860621524839004,41.09600287001016,16.85976608478738,41.095864883749904,16.858939789299576,41.09579879841287,16.860483307032734,45.0,0.0
0_1280,30674192#1,30672980#0,41.09599635065624,16.860621524839004,41.09600287001016,16.85976608478738,41.09410258065408,16.854547680343014,41.0940220774019,16.854495884667088,45.0,0.0
0_1281,30674192#1,30672980#6,41.09599635065624,16.860621524839004,41.09600287001016,16.85976608478738,41.09290701188394,16.85345153155061,41.09274366748828,16.853398004520955,45.0,0.0
0_1282,30674192#1,30673346,41.09599635065624,16.860621524839004,41.09600287001016,16.85976608478738,41.09289989869124,16.857979997773366,41.0924620240455,16.857540225068156,45.0,0.0
0_1283,30674192#1,30674315#11,41.09599635065624,16.860621524839004,41.09600287001016,16.85976608478738,41.09762167433529,16.86078183182401,41.0975908593457,16.860854905020272,45.0,0.0
0_1284,30674192#1,30674315#8,41.09599635065624,16.860621524839004,41.09600287001016,16.85976608478738,41.09783406893447,16.85935956518292,41.09781757948696,16.860074005211207,45.0,0.0
0_1285,30674192#1,30674315#9,41.09599635065624,16.860621524839004,41.09600287001016,16.85976608478738,41.09781757948696,16.860074005211207,41.09773009884011,16.860532461562137,45.0,0.0
0_1286,30674192#1,30674359#4,41.09599635065624,16.860621524839004,41.09600287001016,16.85976608478738,41.09788351207976,16.86008527251128,41.097886790174485,16.85993247707892,45.0,0.0
0_1287,30674192#1,30674359#5,41.09599635065624,16.860621524839004,41.09600287001016,16.85976608478738,41.097886790174485,16.85993247707892,41.097887056561405,16.859358083149928,45.0,0.0
0_1288,30674192#1,30674385#2,41.09599635065624,16.860621524839004,41.09600287001016,16.85976608478738,41.09752079197923,16.86113857805688,41.097541272342,16.861158803055236,45.0,0.0
0_1289,30674192#1,30674948,41.09599635065624,16.860621524839004,41.09600287001016,16.85976608478738,41.09346290764322,16.859512259912492,41.0937563740557,16.85923859402608,45.0,0.0
0_1290,30674192#1,30675059#0,41.09599635065624,16.860621524839004,41.09600287001016,16.85976608478738,41.09575898407665,16.861403291409037,41.09556026737646,16.861799770540163,45.0,0.0
0_1291,30674192#1,30675059#1,41.09599635065624,16.860621524839004,41.09600287001016,16.85976608478738,41.09556026737646,16.861799770540163,41.09428507077666,16.861822930016572,45.0,0.0
0_1292,30674192#1,33831688,41.09599635065624,16.860621524839004,41.09600287001016,16.85976608478738,41.09717022441964,16.862141610446756,41.09717150257013,16.862346685598727,45.0,0.0
0_1293,30674192#1,48563895#1,41.09599635065624,16.860621524839004,41.09600287001016,16.85976608478738,41.094497059549575,16.854662484304253,41.09459493177244,16.85467607291383,45.0,0.0
0_1294,30674192#1,48563902#0,41.09599635065624,16.860621524839004,41.09600287001016,16.85976608478738,41.093159424293006,16.861119861413044,41.092910609638544,16.861550868324073,45.0,0.0
0_1295,30674192#1,48874527#2,41.09599635065624,16.860621524839004,41.09600287001016,16.85976608478738,41.094611131446,16.86076995428607,41.09433377805168,16.860614722600705,45.0,0.0
0_1296,30674192#1,50077954,41.09599635065624,16.860621524839004,41.09600287001016,16.85976608478738,41.094481033476846,16.855484180652265,41.09590934506375,16.85589778274809,45.0,0.0
0_1297,30674192#1,96606465,41.09599635065624,16.860621524839004,41.09600287001016,16.85976608478738,41.09320904205983,16.86036794969964,41.093226008438016,16.859824905081403,45.0,0.0
0_1298,30674315#11,-131752097#1,41.09762167433529,16.86078183182401,41.0975908593457,16.860854905020272,41.09628587040379,16.863506396736675,41.09627339570725,16.863759660301465,44.0,52.0
0_1299,30674315#11,-25654991#0,41.09762167433529,16.86078183182401,41.0975908593457,16.860854905020272,41.09267829914716,16.854073630954087,41.09207574955028,16.85389154719994,44.0,52.0
0_1300,30674315#11,-33831688,41.09762167433529,16.86078183182401,41.0975908593457,16.860854905020272,41.09717150257013,16.862346685598727,41.09717022441964,16.862141610446756,44.0,52.0
0_1301,30674315#11,-48874524,41.09762167433529,16.86078183182401,41.0975908593457,16.860854905020272,41.09782874807601,16.858422322289133,41.09720965467912,16.86010828803053,44.0,52.0
0_1302,30674315#11,-50077954,41.09762167433529,16.86078183182401,41.0975908593457,16.860854905020272,41.09590934506375,16.85589778274809,41.094481033476846,16.855484180652265,44.0,52.0
0_1303,30674315#11,-50370694#0,41.09762167433529,16.86078183182401,41.0975908593457,16.860854905020272,41.09390877175432,16.860555577386883,41.09389978504193,16.86089441913475,44.0,52.0
0_1304,30674315#11,114953453#6,41.09762167433529,16.86078183182401,41.0975908593457,16.860854905020272,41.09289989869124,16.857979997773366,41.09252833667128,16.85806965698529,44.0,52.0
0_1305,30674315#11,1223050325#0,41.09762167433529,16.86078183182401,41.0975908593457,16.860854905020272,41.09575898407665,16.861403291409037,41.09578940828096,16.861627521735652,44.0,52.0
0_1306,30674315#11,1223050326,41.09762167433529,16.86078183182401,41.0975908593457,16.860854905020272,41.09577203818025,16.86132567064774,41.09575898407665,16.861403291409037,44.0,52.0
0_1307,30674315#11,1226960836#1,41.09762167433529,16.86078183182401,41.0975908593457,16.860854905020272,41.09326327598272,16.856459442663375,41.09325705252129,16.85653261037847,44.0,52.0
0_1308,30674315#11,131750844#7,41.09762167433529,16.86078183182401,41.0975908593457,16.860854905020272,41.09588692434208,16.86204201283392,41.096023183819085,16.86206015013157,44.0,52.0
0_1309,30674315#11,131750844#8,41.09762167433529,16.86078183182401,41.0975908593457,16.860854905020272,41.096023183819085,16.86206015013157,41.09607053280287,16.862073156374553,44.0,52.0
0_1310,30674315#11,131750844#9,41.09762167433529,16.86078183182401,41.0975908593457,16.860854905020272,41.09607053280287,16.862073156374553,41.09624619327664,16.862345189534487,44.0,52.0
0_1311,30674315#11,131750850#0,41.09762167433529,16.86078183182401,41.0975908593457,16.860854905020272,41.09406666971318,16.861809974981103,41.09374076152227,16.861733142040123,44.0,52.0
0_1312,30674315#11,131750853#0,41.09762167433529,16.86078183182401,41.0975908593457,16.860854905020272,41.09428507077666,16.861822930016572,41.094248634240174,16.861820234016683,44.0,52.0
0_1313,30674315#11,131750853#2,41.09762167433529,16.86078183182401,41.0975908593457,16.860854905020272,41.09422326217536,16.861818445841735,41.09406666971318,16.861809974981103,44.0,52.0
0_1314,30674315#11,131752095#2,41.09762167433529,16.86078183182401,41.0975908593457,16.860854905020272,41.09606913880409,16.857384087393385,41.09607773810893,16.85711333011326,44.0,52.0
0_1315,30674315#11,25817423#3,41.09762167433529,16.86078183182401,41.0975908593457,16.860854905020272,41.093433790346566,16.855687830843742,41.09352569242476,16.85465158647345,44.0,52.0
0_1316,30674315#11,25817735#2,41.09762167433529,16.86078183182401,41.0975908593457,16.860854905020272,41.09257525037648,16.866055037799217,41.08991586912939,16.865878687144406,44.0,52.0
0_1317,30674315#11,25819014#1,41.09762167433529,16.86078183182401,41.0975908593457,16.860854905020272,41.09637979984023,16.861535604961926,41.096390396588056,16.86145398483175,44.0,52.0
0_1318,30674315#11,25819014#2,41.09762167433529,16.86078183182401,41.0975908593457,16.860854905020272,41.096390396588056,16.86145398483175,41.09617566373433,16.86105237527639,44.0,52.0
0_1319,30674315#11,25819177#2,41.09762167433529,16.86078183182401,41.0975908593457,16.860854905020272,41.09333584930795,16.855672929401177,41.09331846638719,16.855846153569416,44.0,52.0
0_1320,30674315#11,25819177#3,41.09762167433529,16.86078183182401,41.0975908593457,16.860854905020272,41.09331846638719,16.855846153569416,41.09330344191395,16.855984796607544,44.0,52.0
0_1321,30674315#11,25819177#5,41.09762167433529,16.86078183182401,41.0975908593457,16.860854905020272,41.09328897220411,16.85615607855325,41.093276282258536,16.856306336332803,44.0,52.0
0_1322,30674315#11,28279138#5,41.09762167433529,16.86078183182401,41.0975908593457,16.860854905020272,41.09309962997091,16.8641768999245,41.09122003932151,16.863954806076606,44.0,52.0
0_1323,30674315#11,28921528#2,41.09762167433529,16.86078183182401,41.0975908593457,16.860854905020272,41.09590934506375,16.85589778274809,41.09589464404242,16.856597607978603,44.0,52.0
0_1324,30674315#11,28921528#8,41.09762167433529,16.86078183182401,41.0975908593457,16.860854905020272,41.095864883749904,16.858939789299576,41.09579879841287,16.860483307032734,44.0,52.0
0_1325,30674315#11,30672980#0,41.09762167433529,16.86078183182401,41.0975908593457,16.860854905020272,41.09410258065408,16.854547680343014,41.0940220774019,16.854495884667088,44.0,52.0
0_1326,30674315#11,30672980#6,41.09762167433529,16.86078183182401,41.0975908593457,16.860854905020272,41.09290701188394,16.85345153155061,41.09274366748828,16.853398004520955,44.0,52.0
0_1327,30674315#11,30673346,41.09762167433529,16.86078183182401,41.0975908593457,16.860854905020272,41.09289989869124,16.857979997773366,41.0924620240455,16.857540225068156,44.0,52.0
0_1328,30674315#11,30674315#8,41.09762167433529,16.86078183182401,41.0975908593457,16.860854905020272,41.09783406893447,16.85935956518292,41.09781757948696,16.860074005211207,44.0,52.0
0_1329,30674315#11,30674315#9,41.09762167433529,16.86078183182401,41.0975908593457,16.860854905020272,41.09781757948696,16.860074005211207,41.09773009884011,16.860532461562137,44.0,52.0
0_1330,30674315#11,30674359#4,41.09762167433529,16.86078183182401,41.0975908593457,16.860854905020272,41.09788351207976,16.86008527251128,41.097886790174485,16.85993247707892,44.0,52.0
0_1331,30674315#11,30674359#5,41.09762167433529,16.86078183182401,41.0975908593457,16.860854905020272,41.097886790174485,16.85993247707892,41.097887056561405,16.859358083149928,44.0,52.0
0_1332,30674315#11,30674385#2,41.09762167433529,16.86078183182401,41.0975908593457,16.860854905020272,41.09752079197923,16.86113857805688,41.097541272342,16.861158803055236,44.0,52.0
0_1333,30674315#11,30674948,41.09762167433529,16.86078183182401,41.0975908593457,16.860854905020272,41.09346290764322,16.859512259912492,41.0937563740557,16.85923859402608,44.0,52.0
0_1334,30674315#11,30675059#0,41.09762167433529,16.86078183182401,41.0975908593457,16.860854905020272,41.09575898407665,16.861403291409037,41.09556026737646,16.861799770540163,44.0,52.0
0_1335,30674315#11,30675059#1,41.09762167433529,16.86078183182401,41.0975908593457,16.860854905020272,41.09556026737646,16.861799770540163,41.09428507077666,16.861822930016572,44.0,52.0
0_1336,30674315#11,33831688,41.09762167433529,16.86078183182401,41.0975908593457,16.860854905020272,41.09717022441964,16.862141610446756,41.09717150257013,16.862346685598727,44.0,52.0
0_1337,30674315#11,48563895#1,41.09762167433529,16.86078183182401,41.0975908593457,16.860854905020272,41.094497059549575,16.854662484304253,41.09459493177244,16.85467607291383,44.0,52.0
0_1338,30674315#11,48563902#0,41.09762167433529,16.86078183182401,41.0975908593457,16.860854905020272,41.093159424293006,16.861119861413044,41.092910609638544,16.861550868324073,44.0,52.0
0_1339,30674315#11,48874527#2,41.09762167433529,16.86078183182401,41.0975908593457,16.860854905020272,41.094611131446,16.86076995428607,41.09433377805168,16.860614722600705,44.0,52.0
0_1340,30674315#11,50077954,41.09762167433529,16.86078183182401,41.0975908593457,16.860854905020272,41.094481033476846,16.855484180652265,41.09590934506375,16.85589778274809,44.0,52.0
0_1341,30674315#11,96606465,41.09762167433529,16.86078183182401,41.0975908593457,16.860854905020272,41.09320904205983,16.86036794969964,41.093226008438016,16.859824905081403,44.0,52.0
0_1342,30674315#8,-131752097#1,41.09783406893447,16.85935956518292,41.09781757948696,16.860074005211207,41.09628587040379,16.863506396736675,41.09627339570725,16.863759660301465,44.0,52.0
0_1343,30674315#8,-25654991#0,41.09783406893447,16.85935956518292,41.09781757948696,16.860074005211207,41.09267829914716,16.854073630954087,41.09207574955028,16.85389154719994,44.0,52.0
0_1344,30674315#8,-33831688,41.09783406893447,16.85935956518292,41.09781757948696,16.860074005211207,41.09717150257013,16.862346685598727,41.09717022441964,16.862141610446756,44.0,52.0
0_1345,30674315#8,-48874524,41.09783406893447,16.85935956518292,41.09781757948696,16.860074005211207,41.09782874807601,16.858422322289133,41.09720965467912,16.86010828803053,44.0,52.0
0_1346,30674315#8,-50077954,41.09783406893447,16.85935956518292,41.09781757948696,16.860074005211207,41.09590934506375,16.85589778274809,41.094481033476846,16.855484180652265,44.0,52.0
0_1347,30674315#8,-50370694#0,41.09783406893447,16.85935956518292,41.09781757948696,16.860074005211207,41.09390877175432,16.860555577386883,41.09389978504193,16.86089441913475,44.0,52.0
0_1348,30674315#8,114953453#6,41.09783406893447,16.85935956518292,41.09781757948696,16.860074005211207,41.09289989869124,16.857979997773366,41.09252833667128,16.85806965698529,44.0,52.0
0_1349,30674315#8,1223050325#0,41.09783406893447,16.85935956518292,41.09781757948696,16.860074005211207,41.09575898407665,16.861403291409037,41.09578940828096,16.861627521735652,44.0,52.0
0_1350,30674315#8,1223050326,41.09783406893447,16.85935956518292,41.09781757948696,16.860074005211207,41.09577203818025,16.86132567064774,41.09575898407665,16.861403291409037,44.0,52.0
0_1351,30674315#8,1226960836#1,41.09783406893447,16.85935956518292,41.09781757948696,16.860074005211207,41.09326327598272,16.856459442663375,41.09325705252129,16.85653261037847,44.0,52.0
0_1352,30674315#8,131750844#7,41.09783406893447,16.85935956518292,41.09781757948696,16.860074005211207,41.09588692434208,16.86204201283392,41.096023183819085,16.86206015013157,44.0,52.0
0_1353,30674315#8,131750844#8,41.09783406893447,16.85935956518292,41.09781757948696,16.860074005211207,41.096023183819085,16.86206015013157,41.09607053280287,16.862073156374553,44.0,52.0
0_1354,30674315#8,131750844#9,41.09783406893447,16.85935956518292,41.09781757948696,16.860074005211207,41.09607053280287,16.862073156374553,41.09624619327664,16.862345189534487,44.0,52.0
0_1355,30674315#8,131750850#0,41.09783406893447,16.85935956518292,41.09781757948696,16.860074005211207,41.09406666971318,16.861809974981103,41.09374076152227,16.861733142040123,44.0,52.0
0_1356,30674315#8,131750853#0,41.09783406893447,16.85935956518292,41.09781757948696,16.860074005211207,41.09428507077666,16.861822930016572,41.094248634240174,16.861820234016683,44.0,52.0
0_1357,30674315#8,131750853#2,41.09783406893447,16.85935956518292,41.09781757948696,16.860074005211207,41.09422326217536,16.861818445841735,41.09406666971318,16.861809974981103,44.0,52.0
0_1358,30674315#8,131752095#2,41.09783406893447,16.85935956518292,41.09781757948696,16.860074005211207,41.09606913880409,16.857384087393385,41.09607773810893,16.85711333011326,44.0,52.0
0_1359,30674315#8,25817423#3,41.09783406893447,16.85935956518292,41.09781757948696,16.860074005211207,41.093433790346566,16.855687830843742,41.09352569242476,16.85465158647345,44.0,52.0
0_1360,30674315#8,25817735#2,41.09783406893447,16.85935956518292,41.09781757948696,16.860074005211207,41.09257525037648,16.866055037799217,41.08991586912939,16.865878687144406,44.0,52.0
0_1361,30674315#8,25819014#1,41.09783406893447,16.85935956518292,41.09781757948696,16.860074005211207,41.09637979984023,16.861535604961926,41.096390396588056,16.86145398483175,44.0,52.0
0_1362,30674315#8,25819014#2,41.09783406893447,16.85935956518292,41.09781757948696,16.860074005211207,41.096390396588056,16.86145398483175,41.09617566373433,16.86105237527639,44.0,52.0
0_1363,30674315#8,25819177#2,41.09783406893447,16.85935956518292,41.09781757948696,16.860074005211207,41.09333584930795,16.855672929401177,41.09331846638719,16.855846153569416,44.0,52.0
0_1364,30674315#8,25819177#3,41.09783406893447,16.85935956518292,41.09781757948696,16.860074005211207,41.09331846638719,16.855846153569416,41.09330344191395,16.855984796607544,44.0,52.0
0_1365,30674315#8,25819177#5,41.09783406893447,16.85935956518292,41.09781757948696,16.860074005211207,41.09328897220411,16.85615607855325,41.093276282258536,16.856306336332803,44.0,52.0
0_1366,30674315#8,28279138#5,41.09783406893447,16.85935956518292,41.09781757948696,16.860074005211207,41.09309962997091,16.8641768999245,41.09122003932151,16.863954806076606,44.0,52.0
0_1367,30674315#8,28921528#2,41.09783406893447,16.85935956518292,41.09781757948696,16.860074005211207,41.09590934506375,16.85589778274809,41.09589464404242,16.856597607978603,44.0,52.0
0_1368,30674315#8,28921528#8,41.09783406893447,16.85935956518292,41.09781757948696,16.860074005211207,41.095864883749904,16.858939789299576,41.09579879841287,16.860483307032734,44.0,52.0
0_1369,30674315#8,30672980#0,41.09783406893447,16.85935956518292,41.09781757948696,16.860074005211207,41.09410258065408,16.854547680343014,41.0940220774019,16.854495884667088,44.0,52.0
0_1370,30674315#8,30672980#6,41.09783406893447,16.85935956518292,41.09781757948696,16.860074005211207,41.09290701188394,16.85345153155061,41.09274366748828,16.853398004520955,44.0,52.0
0_1371,30674315#8,30673346,41.09783406893447,16.85935956518292,41.09781757948696,16.860074005211207,41.09289989869124,16.857979997773366,41.0924620240455,16.857540225068156,44.0,52.0
0_1372,30674315#8,30674315#11,41.09783406893447,16.85935956518292,41.09781757948696,16.860074005211207,41.09762167433529,16.86078183182401,41.0975908593457,16.860854905020272,44.0,52.0
0_1373,30674315#8,30674315#9,41.09783406893447,16.85935956518292,41.09781757948696,16.860074005211207,41.09781757948696,16.860074005211207,41.09773009884011,16.860532461562137,44.0,52.0
0_1374,30674315#8,30674359#4,41.09783406893447,16.85935956518292,41.09781757948696,16.860074005211207,41.09788351207976,16.86008527251128,41.097886790174485,16.85993247707892,44.0,52.0
0_1375,30674315#8,30674359#5,41.09783406893447,16.85935956518292,41.09781757948696,16.860074005211207,41.097886790174485,16.85993247707892,41.097887056561405,16.859358083149928,44.0,52.0
0_1376,30674315#8,30674385#2,41.09783406893447,16.85935956518292,41.09781757948696,16.860074005211207,41.09752079197923,16.86113857805688,41.097541272342,16.861158803055236,44.0,52.0
0_1377,30674315#8,30674948,41.09783406893447,16.85935956518292,41.09781757948696,16.860074005211207,41.09346290764322,16.859512259912492,41.0937563740557,16.85923859402608,44.0,52.0
0_1378,30674315#8,30675059#0,41.09783406893447,16.85935956518292,41.09781757948696,16.860074005211207,41.09575898407665,16.861403291409037,41.09556026737646,16.861799770540163,44.0,52.0
0_1379,30674315#8,30675059#1,41.09783406893447,16.85935956518292,41.09781757948696,16.860074005211207,41.09556026737646,16.861799770540163,41.09428507077666,16.861822930016572,44.0,52.0
0_1380,30674315#8,33831688,41.09783406893447,16.85935956518292,41.09781757948696,16.860074005211207,41.09717022441964,16.862141610446756,41.09717150257013,16.862346685598727,44.0,52.0
0_1381,30674315#8,48563895#1,41.09783406893447,16.85935956518292,41.09781757948696,16.860074005211207,41.094497059549575,16.854662484304253,41.09459493177244,16.85467607291383,44.0,52.0
0_1382,30674315#8,48563902#0,41.09783406893447,16.85935956518292,41.09781757948696,16.860074005211207,41.093159424293006,16.861119861413044,41.092910609638544,16.861550868324073,44.0,52.0
0_1383,30674315#8,48874527#2,41.09783406893447,16.85935956518292,41.09781757948696,16.860074005211207,41.094611131446,16.86076995428607,41.09433377805168,16.860614722600705,44.0,52.0
0_1384,30674315#8,50077954,41.09783406893447,16.85935956518292,41.09781757948696,16.860074005211207,41.094481033476846,16.855484180652265,41.09590934506375,16.85589778274809,44.0,52.0
0_1385,30674315#8,96606465,41.09783406893447,16.85935956518292,41.09781757948696,16.860074005211207,41.09320904205983,16.86036794969964,41.093226008438016,16.859824905081403,44.0,52.0
0_1386,30674359#2,-131752097#1,41.09784377269919,16.860855853590632,41.09785316035277,16.860676201531025,41.09628587040379,16.863506396736675,41.09627339570725,16.863759660301465,45.0,0.0
0_1387,30674359#2,-25654991#0,41.09784377269919,16.860855853590632,41.09785316035277,16.860676201531025,41.09267829914716,16.854073630954087,41.09207574955028,16.85389154719994,45.0,0.0
0_1388,30674359#2,-33831688,41.09784377269919,16.860855853590632,41.09785316035277,16.860676201531025,41.09717150257013,16.862346685598727,41.09717022441964,16.862141610446756,45.0,0.0
0_1389,30674359#2,-48874524,41.09784377269919,16.860855853590632,41.09785316035277,16.860676201531025,41.09782874807601,16.858422322289133,41.09720965467912,16.86010828803053,45.0,0.0
0_1390,30674359#2,-50077954,41.09784377269919,16.860855853590632,41.09785316035277,16.860676201531025,41.09590934506375,16.85589778274809,41.094481033476846,16.855484180652265,45.0,0.0
0_1391,30674359#2,-50370694#0,41.09784377269919,16.860855853590632,41.09785316035277,16.860676201531025,41.09390877175432,16.860555577386883,41.09389978504193,16.86089441913475,45.0,0.0
0_1392,30674359#2,114953453#6,41.09784377269919,16.860855853590632,41.09785316035277,16.860676201531025,41.09289989869124,16.857979997773366,41.09252833667128,16.85806965698529,45.0,0.0
0_1393,30674359#2,1223050325#0,41.09784377269919,16.860855853590632,41.09785316035277,16.860676201531025,41.09575898407665,16.861403291409037,41.09578940828096,16.861627521735652,45.0,0.0
0_1394,30674359#2,1223050326,41.09784377269919,16.860855853590632,41.09785316035277,16.860676201531025,41.09577203818025,16.86132567064774,41.09575898407665,16.861403291409037,45.0,0.0
0_1395,30674359#2,1226960836#1,41.09784377269919,16.860855853590632,41.09785316035277,16.860676201531025,41.09326327598272,16.856459442663375,41.09325705252129,16.85653261037847,45.0,0.0
0_1396,30674359#2,131750844#7,41.09784377269919,16.860855853590632,41.09785316035277,16.860676201531025,41.09588692434208,16.86204201283392,41.096023183819085,16.86206015013157,45.0,0.0
0_1397,30674359#2,131750844#8,41.09784377269919,16.860855853590632,41.09785316035277,16.860676201531025,41.096023183819085,16.86206015013157,41.09607053280287,16.862073156374553,45.0,0.0
0_1398,30674359#2,131750844#9,41.09784377269919,16.860855853590632,41.09785316035277,16.860676201531025,41.09607053280287,16.862073156374553,41.09624619327664,16.862345189534487,45.0,0.0
0_1399,30674359#2,131750850#0,41.09784377269919,16.860855853590632,41.09785316035277,16.860676201531025,41.09406666971318,16.861809974981103,41.09374076152227,16.861733142040123,45.0,0.0
0_1400,30674359#2,131750853#0,41.09784377269919,16.860855853590632,41.09785316035277,16.860676201531025,41.09428507077666,16.861822930016572,41.094248634240174,16.861820234016683,45.0,0.0
0_1401,30674359#2,131750853#2,41.09784377269919,16.860855853590632,41.09785316035277,16.860676201531025,41.09422326217536,16.861818445841735,41.09406666971318,16.861809974981103,45.0,0.0
0_1402,30674359#2,131752095#2,41.09784377269919,16.860855853590632,41.09785316035277,16.860676201531025,41.09606913880409,16.857384087393385,41.09607773810893,16.85711333011326,45.0,0.0
0_1403,30674359#2,25817423#3,41.09784377269919,16.860855853590632,41.09785316035277,16.860676201531025,41.093433790346566,16.855687830843742,41.09352569242476,16.85465158647345,45.0,0.0
0_1404,30674359#2,25817735#2,41.09784377269919,16.860855853590632,41.09785316035277,16.860676201531025,41.09257525037648,16.866055037799217,41.08991586912939,16.865878687144406,45.0,0.0
0_1405,30674359#2,25819014#1,41.09784377269919,16.860855853590632,41.09785316035277,16.860676201531025,41.09637979984023,16.861535604961926,41.096390396588056,16.86145398483175,45.0,0.0
0_1406,30674359#2,25819014#2,41.09784377269919,16.860855853590632,41.09785316035277,16.860676201531025,41.096390396588056,16.86145398483175,41.09617566373433,16.86105237527639,45.0,0.0
0_1407,30674359#2,25819177#2,41.09784377269919,16.860855853590632,41.09785316035277,16.860676201531025,41.09333584930795,16.855672929401177,41.09331846638719,16.855846153569416,45.0,0.0
0_1408,30674359#2,25819177#3,41.09784377269919,16.860855853590632,41.09785316035277,16.860676201531025,41.09331846638719,16.855846153569416,41.09330344191395,16.855984796607544,45.0,0.0
0_1409,30674359#2,25819177#5,41.09784377269919,16.860855853590632,41.09785316035277,16.860676201531025,41.09328897220411,16.85615607855325,41.093276282258536,16.856306336332803,45.0,0.0
0_1410,30674359#2,28279138#5,41.09784377269919,16.860855853590632,41.09785316035277,16.860676201531025,41.09309962997091,16.8641768999245,41.09122003932151,16.863954806076606,45.0,0.0
0_1411,30674359#2,28921528#2,41.09784377269919,16.860855853590632,41.09785316035277,16.860676201531025,41.09590934506375,16.85589778274809,41.09589464404242,16.856597607978603,45.0,0.0
0_1412,30674359#2,28921528#8,41.09784377269919,16.860855853590632,41.09785316035277,16.860676201531025,41.095864883749904,16.858939789299576,41.09579879841287,16.860483307032734,45.0,0.0
0_1413,30674359#2,30672980#0,41.09784377269919,16.860855853590632,41.09785316035277,16.860676201531025,41.09410258065408,16.854547680343014,41.0940220774019,16.854495884667088,45.0,0.0
0_1414,30674359#2,30672980#6,41.09784377269919,16.860855853590632,41.09785316035277,16.860676201531025,41.09290701188394,16.85345153155061,41.09274366748828,16.853398004520955,45.0,0.0
0_1415,30674359#2,30673346,41.09784377269919,16.860855853590632,41.09785316035277,16.860676201531025,41.09289989869124,16.857979997773366,41.0924620240455,16.857540225068156,45.0,0.0
0_1416,30674359#2,30674315#11,41.09784377269919,16.860855853590632,41.09785316035277,16.860676201531025,41.09762167433529,16.86078183182401,41.0975908593457,16.860854905020272,45.0,0.0
0_1417,30674359#2,30674315#8,41.09784377269919,16.860855853590632,41.09785316035277,16.860676201531025,41.09783406893447,16.85935956518292,41.09781757948696,16.860074005211207,45.0,0.0
0_1418,30674359#2,30674315#9,41.09784377269919,16.860855853590632,41.09785316035277,16.860676201531025,41.09781757948696,16.860074005211207,41.09773009884011,16.860532461562137,45.0,0.0
0_1419,30674359#2,30674359#4,41.09784377269919,16.860855853590632,41.09785316035277,16.860676201531025,41.09788351207976,16.86008527251128,41.097886790174485,16.85993247707892,45.0,0.0
0_1420,30674359#2,30674359#5,41.09784377269919,16.860855853590632,41.09785316035277,16.860676201531025,41.097886790174485,16.85993247707892,41.097887056561405,16.859358083149928,45.0,0.0
0_1421,30674359#2,30674385#2,41.09784377269919,16.860855853590632,41.09785316035277,16.860676201531025,41.09752079197923,16.86113857805688,41.097541272342,16.861158803055236,45.0,0.0
0_1422,30674359#2,30674948,41.09784377269919,16.860855853590632,41.09785316035277,16.860676201531025,41.09346290764322,16.859512259912492,41.0937563740557,16.85923859402608,45.0,0.0
0_1423,30674359#2,30675059#0,41.09784377269919,16.860855853590632,41.09785316035277,16.860676201531025,41.09575898407665,16.861403291409037,41.09556026737646,16.861799770540163,45.0,0.0
0_1424,30674359#2,30675059#1,41.09784377269919,16.860855853590632,41.09785316035277,16.860676201531025,41.09556026737646,16.861799770540163,41.09428507077666,16.861822930016572,45.0,0.0
0_1425,30674359#2,33831688,41.09784377269919,16.860855853590632,41.09785316035277,16.860676201531025,41.09717022441964,16.862141610446756,41.09717150257013,16.862346685598727,45.0,0.0
0_1426,30674359#2,48563895#1,41.09784377269919,16.860855853590632,41.09785316035277,16.860676201531025,41.094497059549575,16.854662484304253,41.09459493177244,16.85467607291383,45.0,0.0
0_1427,30674359#2,48563902#0,41.09784377269919,16.860855853590632,41.09785316035277,16.860676201531025,41.093159424293006,16.861119861413044,41.092910609638544,16.861550868324073,45.0,0.0
0_1428,30674359#2,48874527#2,41.09784377269919,16.860855853590632,41.09785316035277,16.860676201531025,41.094611131446,16.86076995428607,41.09433377805168,16.860614722600705,45.0,0.0
0_1429,30674359#2,50077954,41.09784377269919,16.860855853590632,41.09785316035277,16.860676201531025,41.094481033476846,16.855484180652265,41.09590934506375,16.85589778274809,45.0,0.0
0_1430,30674359#2,96606465,41.09784377269919,16.860855853590632,41.09785316035277,16.860676201531025,41.09320904205983,16.86036794969964,41.093226008438016,16.859824905081403,45.0,0.0
0_1431,30674359#3,-131752097#1,41.09785316035277,16.860676201531025,41.09788351207976,16.86008527251128,41.09628587040379,16.863506396736675,41.09627339570725,16.863759660301465,45.0,0.0
0_1432,30674359#3,-25654991#0,41.09785316035277,16.860676201531025,41.09788351207976,16.86008527251128,41.09267829914716,16.854073630954087,41.09207574955028,16.85389154719994,45.0,0.0
0_1433,30674359#3,-33831688,41.09785316035277,16.860676201531025,41.09788351207976,16.86008527251128,41.09717150257013,16.862346685598727,41.09717022441964,16.862141610446756,45.0,0.0
0_1434,30674359#3,-48874524,41.09785316035277,16.860676201531025,41.09788351207976,16.86008527251128,41.09782874807601,16.858422322289133,41.09720965467912,16.86010828803053,45.0,0.0
0_1435,30674359#3,-50077954,41.09785316035277,16.860676201531025,41.09788351207976,16.86008527251128,41.09590934506375,16.85589778274809,41.094481033476846,16.855484180652265,45.0,0.0
0_1436,30674359#3,-50370694#0,41.09785316035277,16.860676201531025,41.09788351207976,16.86008527251128,41.09390877175432,16.860555577386883,41.09389978504193,16.86089441913475,45.0,0.0
0_1437,30674359#3,114953453#6,41.09785316035277,16.860676201531025,41.09788351207976,16.86008527251128,41.09289989869124,16.857979997773366,41.09252833667128,16.85806965698529,45.0,0.0
0_1438,30674359#3,1223050325#0,41.09785316035277,16.860676201531025,41.09788351207976,16.86008527251128,41.09575898407665,16.861403291409037,41.09578940828096,16.861627521735652,45.0,0.0
0_1439,30674359#3,1223050326,41.09785316035277,16.860676201531025,41.09788351207976,16.86008527251128,41.09577203818025,16.86132567064774,41.09575898407665,16.861403291409037,45.0,0.0
0_1440,30674359#3,1226960836#1,41.09785316035277,16.860676201531025,41.09788351207976,16.86008527251128,41.09326327598272,16.856459442663375,41.09325705252129,16.85653261037847,45.0,0.0
0_1441,30674359#3,131750844#7,41.09785316035277,16.860676201531025,41.09788351207976,16.86008527251128,41.09588692434208,16.86204201283392,41.096023183819085,16.86206015013157,45.0,0.0
0_1442,30674359#3,131750844#8,41.09785316035277,16.860676201531025,41.09788351207976,16.86008527251128,41.096023183819085,16.86206015013157,41.09607053280287,16.862073156374553,45.0,0.0
0_1443,30674359#3,131750844#9,41.09785316035277,16.860676201531025,41.09788351207976,16.86008527251128,41.09607053280287,16.862073156374553,41.09624619327664,16.862345189534487,45.0,0.0
0_1444,30674359#3,131750850#0,41.09785316035277,16.860676201531025,41.09788351207976,16.86008527251128,41.09406666971318,16.861809974981103,41.09374076152227,16.861733142040123,45.0,0.0
0_1445,30674359#3,131750853#0,41.09785316035277,16.860676201531025,41.09788351207976,16.86008527251128,41.09428507077666,16.861822930016572,41.094248634240174,16.861820234016683,45.0,0.0
0_1446,30674359#3,131750853#2,41.09785316035277,16.860676201531025,41.09788351207976,16.86008527251128,41.09422326217536,16.861818445841735,41.09406666971318,16.861809974981103,45.0,0.0
0_1447,30674359#3,131752095#2,41.09785316035277,16.860676201531025,41.09788351207976,16.86008527251128,41.09606913880409,16.857384087393385,41.09607773810893,16.85711333011326,45.0,0.0
0_1448,30674359#3,25817423#3,41.09785316035277,16.860676201531025,41.09788351207976,16.86008527251128,41.093433790346566,16.855687830843742,41.09352569242476,16.85465158647345,45.0,0.0
0_1449,30674359#3,25817735#2,41.09785316035277,16.860676201531025,41.09788351207976,16.86008527251128,41.09257525037648,16.866055037799217,41.08991586912939,16.865878687144406,45.0,0.0
0_1450,30674359#3,25819014#1,41.09785316035277,16.860676201531025,41.09788351207976,16.86008527251128,41.09637979984023,16.861535604961926,41.096390396588056,16.86145398483175,45.0,0.0
0_1451,30674359#3,25819014#2,41.09785316035277,16.860676201531025,41.09788351207976,16.86008527251128,41.096390396588056,16.86145398483175,41.09617566373433,16.86105237527639,45.0,0.0
0_1452,30674359#3,25819177#2,41.09785316035277,16.860676201531025,41.09788351207976,16.86008527251128,41.09333584930795,16.855672929401177,41.09331846638719,16.855846153569416,45.0,0.0
0_1453,30674359#3,25819177#3,41.09785316035277,16.860676201531025,41.09788351207976,16.86008527251128,41.09331846638719,16.855846153569416,41.09330344191395,16.855984796607544,45.0,0.0
0_1454,30674359#3,25819177#5,41.09785316035277,16.860676201531025,41.09788351207976,16.86008527251128,41.09328897220411,16.85615607855325,41.093276282258536,16.856306336332803,45.0,0.0
0_1455,30674359#3,28279138#5,41.09785316035277,16.860676201531025,41.09788351207976,16.86008527251128,41.09309962997091,16.8641768999245,41.09122003932151,16.863954806076606,45.0,0.0
0_1456,30674359#3,28921528#2,41.09785316035277,16.860676201531025,41.09788351207976,16.86008527251128,41.09590934506375,16.85589778274809,41.09589464404242,16.856597607978603,45.0,0.0
0_1457,30674359#3,28921528#8,41.09785316035277,16.860676201531025,41.09788351207976,16.86008527251128,41.095864883749904,16.858939789299576,41.09579879841287,16.860483307032734,45.0,0.0
0_1458,30674359#3,30672980#0,41.09785316035277,16.860676201531025,41.09788351207976,16.86008527251128,41.09410258065408,16.854547680343014,41.0940220774019,16.854495884667088,45.0,0.0
0_1459,30674359#3,30672980#6,41.09785316035277,16.860676201531025,41.09788351207976,16.86008527251128,41.09290701188394,16.85345153155061,41.09274366748828,16.853398004520955,45.0,0.0
0_1460,30674359#3,30673346,41.09785316035277,16.860676201531025,41.09788351207976,16.86008527251128,41.09289989869124,16.857979997773366,41.0924620240455,16.857540225068156,45.0,0.0
0_1461,30674359#3,30674315#11,41.09785316035277,16.860676201531025,41.09788351207976,16.86008527251128,41.09762167433529,16.86078183182401,41.0975908593457,16.860854905020272,45.0,0.0
0_1462,30674359#3,30674315#8,41.09785316035277,16.860676201531025,41.09788351207976,16.86008527251128,41.09783406893447,16.85935956518292,41.09781757948696,16.860074005211207,45.0,0.0
0_1463,30674359#3,30674315#9,41.09785316035277,16.860676201531025,41.09788351207976,16.86008527251128,41.09781757948696,16.860074005211207,41.09773009884011,16.860532461562137,45.0,0.0
0_1464,30674359#3,30674359#4,41.09785316035277,16.860676201531025,41.09788351207976,16.86008527251128,41.09788351207976,16.86008527251128,41.097886790174485,16.85993247707892,45.0,0.0
0_1465,30674359#3,30674359#5,41.09785316035277,16.860676201531025,41.09788351207976,16.86008527251128,41.097886790174485,16.85993247707892,41.097887056561405,16.859358083149928,45.0,0.0
0_1466,30674359#3,30674385#2,41.09785316035277,16.860676201531025,41.09788351207976,16.86008527251128,41.09752079197923,16.86113857805688,41.097541272342,16.861158803055236,45.0,0.0
0_1467,30674359#3,30674948,41.09785316035277,16.860676201531025,41.09788351207976,16.86008527251128,41.09346290764322,16.859512259912492,41.0937563740557,16.85923859402608,45.0,0.0
0_1468,30674359#3,30675059#0,41.09785316035277,16.860676201531025,41.09788351207976,16.86008527251128,41.09575898407665,16.861403291409037,41.09556026737646,16.861799770540163,45.0,0.0
0_1469,30674359#3,30675059#1,41.09785316035277,16.860676201531025,41.09788351207976,16.86008527251128,41.09556026737646,16.861799770540163,41.09428507077666,16.861822930016572,45.0,0.0
0_1470,30674359#3,33831688,41.09785316035277,16.860676201531025,41.09788351207976,16.86008527251128,41.09717022441964,16.862141610446756,41.09717150257013,16.862346685598727,45.0,0.0
0_1471,30674359#3,48563895#1,41.09785316035277,16.860676201531025,41.09788351207976,16.86008527251128,41.094497059549575,16.854662484304253,41.09459493177244,16.85467607291383,45.0,0.0
0_1472,30674359#3,48563902#0,41.09785316035277,16.860676201531025,41.09788351207976,16.86008527251128,41.093159424293006,16.861119861413044,41.092910609638544,16.861550868324073,45.0,0.0
0_1473,30674359#3,48874527#2,41.09785316035277,16.860676201531025,41.09788351207976,16.86008527251128,41.094611131446,16.86076995428607,41.09433377805168,16.860614722600705,45.0,0.0
0_1474,30674359#3,50077954,41.09785316035277,16.860676201531025,41.09788351207976,16.86008527251128,41.094481033476846,16.855484180652265,41.09590934506375,16.85589778274809,45.0,0.0
0_1475,30674359#3,96606465,41.09785316035277,16.860676201531025,41.09788351207976,16.86008527251128,41.09320904205983,16.86036794969964,41.093226008438016,16.859824905081403,45.0,0.0
0_1476,30674359#4,-131752097#1,41.09788351207976,16.86008527251128,41.097886790174485,16.85993247707892,41.09628587040379,16.863506396736675,41.09627339570725,16.863759660301465,44.0,52.0
0_1477,30674359#4,-25654991#0,41.09788351207976,16.86008527251128,41.097886790174485,16.85993247707892,41.09267829914716,16.854073630954087,41.09207574955028,16.85389154719994,44.0,52.0
0_1478,30674359#4,-33831688,41.09788351207976,16.86008527251128,41.097886790174485,16.85993247707892,41.09717150257013,16.862346685598727,41.09717022441964,16.862141610446756,44.0,52.0
0_1479,30674359#4,-48874524,41.09788351207976,16.86008527251128,41.097886790174485,16.85993247707892,41.09782874807601,16.858422322289133,41.09720965467912,16.86010828803053,44.0,52.0
0_1480,30674359#4,-50077954,41.09788351207976,16.86008527251128,41.097886790174485,16.85993247707892,41.09590934506375,16.85589778274809,41.094481033476846,16.855484180652265,44.0,52.0
0_1481,30674359#4,-50370694#0,41.09788351207976,16.86008527251128,41.097886790174485,16.85993247707892,41.09390877175432,16.860555577386883,41.09389978504193,16.86089441913475,44.0,52.0
0_1482,30674359#4,114953453#6,41.09788351207976,16.86008527251128,41.097886790174485,16.85993247707892,41.09289989869124,16.857979997773366,41.09252833667128,16.85806965698529,44.0,52.0
0_1483,30674359#4,1223050325#0,41.09788351207976,16.86008527251128,41.097886790174485,16.85993247707892,41.09575898407665,16.861403291409037,41.09578940828096,16.861627521735652,44.0,52.0
0_1484,30674359#4,1223050326,41.09788351207976,16.86008527251128,41.097886790174485,16.85993247707892,41.09577203818025,16.86132567064774,41.09575898407665,16.861403291409037,44.0,52.0
0_1485,30674359#4,1226960836#1,41.09788351207976,16.86008527251128,41.097886790174485,16.85993247707892,41.09326327598272,16.856459442663375,41.09325705252129,16.85653261037847,44.0,52.0
0_1486,30674359#4,131750844#7,41.09788351207976,16.86008527251128,41.097886790174485,16.85993247707892,41.09588692434208,16.86204201283392,41.096023183819085,16.86206015013157,44.0,52.0
0_1487,30674359#4,131750844#8,41.09788351207976,16.86008527251128,41.097886790174485,16.85993247707892,41.096023183819085,16.86206015013157,41.09607053280287,16.862073156374553,44.0,52.0
0_1488,30674359#4,131750844#9,41.09788351207976,16.86008527251128,41.097886790174485,16.85993247707892,41.09607053280287,16.862073156374553,41.09624619327664,16.862345189534487,44.0,52.0
0_1489,30674359#4,131750850#0,41.09788351207976,16.86008527251128,41.097886790174485,16.85993247707892,41.09406666971318,16.861809974981103,41.09374076152227,16.861733142040123,44.0,52.0
0_1490,30674359#4,131750853#0,41.09788351207976,16.86008527251128,41.097886790174485,16.85993247707892,41.09428507077666,16.861822930016572,41.094248634240174,16.861820234016683,44.0,52.0
0_1491,30674359#4,131750853#2,41.09788351207976,16.86008527251128,41.097886790174485,16.85993247707892,41.09422326217536,16.861818445841735,41.09406666971318,16.861809974981103,44.0,52.0
0_1492,30674359#4,131752095#2,41.09788351207976,16.86008527251128,41.097886790174485,16.85993247707892,41.09606913880409,16.857384087393385,41.09607773810893,16.85711333011326,44.0,52.0
0_1493,30674359#4,25817423#3,41.09788351207976,16.86008527251128,41.097886790174485,16.85993247707892,41.093433790346566,16.855687830843742,41.09352569242476,16.85465158647345,44.0,52.0
0_1494,30674359#4,25817735#2,41.09788351207976,16.86008527251128,41.097886790174485,16.85993247707892,41.09257525037648,16.866055037799217,41.08991586912939,16.865878687144406,44.0,52.0
0_1495,30674359#4,25819014#1,41.09788351207976,16.86008527251128,41.097886790174485,16.85993247707892,41.09637979984023,16.861535604961926,41.096390396588056,16.86145398483175,44.0,52.0
0_1496,30674359#4,25819014#2,41.09788351207976,16.86008527251128,41.097886790174485,16.85993247707892,41.096390396588056,16.86145398483175,41.09617566373433,16.86105237527639,44.0,52.0
0_1497,30674359#4,25819177#2,41.09788351207976,16.86008527251128,41.097886790174485,16.85993247707892,41.09333584930795,16.855672929401177,41.09331846638719,16.855846153569416,44.0,52.0
0_1498,30674359#4,25819177#3,41.09788351207976,16.86008527251128,41.097886790174485,16.85993247707892,41.09331846638719,16.855846153569416,41.09330344191395,16.855984796607544,44.0,52.0
0_1499,30674359#4,25819177#5,41.09788351207976,16.86008527251128,41.097886790174485,16.85993247707892,41.09328897220411,16.85615607855325,41.093276282258536,16.856306336332803,44.0,52.0
0_1500,30674359#4,28279138#5,41.09788351207976,16.86008527251128,41.097886790174485,16.85993247707892,41.09309962997091,16.8641768999245,41.09122003932151,16.863954806076606,44.0,52.0
0_1501,30674359#4,28921528#2,41.09788351207976,16.86008527251128,41.097886790174485,16.85993247707892,41.09590934506375,16.85589778274809,41.09589464404242,16.856597607978603,44.0,52.0
0_1502,30674359#4,28921528#8,41.09788351207976,16.86008527251128,41.097886790174485,16.85993247707892,41.095864883749904,16.858939789299576,41.09579879841287,16.860483307032734,44.0,52.0
0_1503,30674359#4,30672980#0,41.09788351207976,16.86008527251128,41.097886790174485,16.85993247707892,41.09410258065408,16.854547680343014,41.0940220774019,16.854495884667088,44.0,52.0
0_1504,30674359#4,30672980#6,41.09788351207976,16.86008527251128,41.097886790174485,16.85993247707892,41.09290701188394,16.85345153155061,41.09274366748828,16.853398004520955,44.0,52.0
0_1505,30674359#4,30673346,41.09788351207976,16.86008527251128,41.097886790174485,16.85993247707892,41.09289989869124,16.857979997773366,41.0924620240455,16.857540225068156,44.0,52.0
0_1506,30674359#4,30674315#11,41.09788351207976,16.86008527251128,41.097886790174485,16.85993247707892,41.09762167433529,16.86078183182401,41.0975908593457,16.860854905020272,44.0,52.0
0_1507,30674359#4,30674315#8,41.09788351207976,16.86008527251128,41.097886790174485,16.85993247707892,41.09783406893447,16.85935956518292,41.09781757948696,16.860074005211207,44.0,52.0
0_1508,30674359#4,30674315#9,41.09788351207976,16.86008527251128,41.097886790174485,16.85993247707892,41.09781757948696,16.860074005211207,41.09773009884011,16.860532461562137,44.0,52.0
0_1509,30674359#4,30674359#5,41.09788351207976,16.86008527251128,41.097886790174485,16.85993247707892,41.097886790174485,16.85993247707892,41.097887056561405,16.859358083149928,44.0,52.0
0_1510,30674359#4,30674385#2,41.09788351207976,16.86008527251128,41.097886790174485,16.85993247707892,41.09752079197923,16.86113857805688,41.097541272342,16.861158803055236,44.0,52.0
0_1511,30674359#4,30674948,41.09788351207976,16.86008527251128,41.097886790174485,16.85993247707892,41.09346290764322,16.859512259912492,41.0937563740557,16.85923859402608,44.0,52.0
0_1512,30674359#4,30675059#0,41.09788351207976,16.86008527251128,41.097886790174485,16.85993247707892,41.09575898407665,16.861403291409037,41.09556026737646,16.861799770540163,44.0,52.0
0_1513,30674359#4,30675059#1,41.09788351207976,16.86008527251128,41.097886790174485,16.85993247707892,41.09556026737646,16.861799770540163,41.09428507077666,16.861822930016572,44.0,52.0
0_1514,30674359#4,33831688,41.09788351207976,16.86008527251128,41.097886790174485,16.85993247707892,41.09717022441964,16.862141610446756,41.09717150257013,16.862346685598727,44.0,52.0
0_1515,30674359#4,48563895#1,41.09788351207976,16.86008527251128,41.097886790174485,16.85993247707892,41.094497059549575,16.854662484304253,41.09459493177244,16.85467607291383,44.0,52.0
0_1516,30674359#4,48563902#0,41.09788351207976,16.86008527251128,41.097886790174485,16.85993247707892,41.093159424293006,16.861119861413044,41.092910609638544,16.861550868324073,44.0,52.0
0_1517,30674359#4,48874527#2,41.09788351207976,16.86008527251128,41.097886790174485,16.85993247707892,41.094611131446,16.86076995428607,41.09433377805168,16.860614722600705,44.0,52.0
0_1518,30674359#4,50077954,41.09788351207976,16.86008527251128,41.097886790174485,16.85993247707892,41.094481033476846,16.855484180652265,41.09590934506375,16.85589778274809,44.0,52.0
0_1519,30674359#4,96606465,41.09788351207976,16.86008527251128,41.097886790174485,16.85993247707892,41.09320904205983,16.86036794969964,41.093226008438016,16.859824905081403,44.0,52.0
0_1520,30674359#5,-131752097#1,41.097886790174485,16.85993247707892,41.097887056561405,16.859358083149928,41.09628587040379,16.863506396736675,41.09627339570725,16.863759660301465,44.0,52.0
0_1521,30674359#5,-25654991#0,41.097886790174485,16.85993247707892,41.097887056561405,16.859358083149928,41.09267829914716,16.854073630954087,41.09207574955028,16.85389154719994,44.0,52.0
0_1522,30674359#5,-33831688,41.097886790174485,16.85993247707892,41.097887056561405,16.859358083149928,41.09717150257013,16.862346685598727,41.09717022441964,16.862141610446756,44.0,52.0
0_1523,30674359#5,-48874524,41.097886790174485,16.85993247707892,41.097887056561405,16.859358083149928,41.09782874807601,16.858422322289133,41.09720965467912,16.86010828803053,44.0,52.0
0_1524,30674359#5,-50077954,41.097886790174485,16.85993247707892,41.097887056561405,16.859358083149928,41.09590934506375,16.85589778274809,41.094481033476846,16.855484180652265,44.0,52.0
0_1525,30674359#5,-50370694#0,41.097886790174485,16.85993247707892,41.097887056561405,16.859358083149928,41.09390877175432,16.860555577386883,41.09389978504193,16.86089441913475,44.0,52.0
0_1526,30674359#5,114953453#6,41.097886790174485,16.85993247707892,41.097887056561405,16.859358083149928,41.09289989869124,16.857979997773366,41.09252833667128,16.85806965698529,44.0,52.0
0_1527,30674359#5,1223050325#0,41.097886790174485,16.85993247707892,41.097887056561405,16.859358083149928,41.09575898407665,16.861403291409037,41.09578940828096,16.861627521735652,44.0,52.0
0_1528,30674359#5,1223050326,41.097886790174485,16.85993247707892,41.097887056561405,16.859358083149928,41.09577203818025,16.86132567064774,41.09575898407665,16.861403291409037,44.0,52.0
0_1529,30674359#5,1226960836#1,41.097886790174485,16.85993247707892,41.097887056561405,16.859358083149928,41.09326327598272,16.856459442663375,41.09325705252129,16.85653261037847,44.0,52.0
0_1530,30674359#5,131750844#7,41.097886790174485,16.85993247707892,41.097887056561405,16.859358083149928,41.09588692434208,16.86204201283392,41.096023183819085,16.86206015013157,44.0,52.0
0_1531,30674359#5,131750844#8,41.097886790174485,16.85993247707892,41.097887056561405,16.859358083149928,41.096023183819085,16.86206015013157,41.09607053280287,16.862073156374553,44.0,52.0
0_1532,30674359#5,131750844#9,41.097886790174485,16.85993247707892,41.097887056561405,16.859358083149928,41.09607053280287,16.862073156374553,41.09624619327664,16.862345189534487,44.0,52.0
0_1533,30674359#5,131750850#0,41.097886790174485,16.85993247707892,41.097887056561405,16.859358083149928,41.09406666971318,16.861809974981103,41.09374076152227,16.861733142040123,44.0,52.0
0_1534,30674359#5,131750853#0,41.097886790174485,16.85993247707892,41.097887056561405,16.859358083149928,41.09428507077666,16.861822930016572,41.094248634240174,16.861820234016683,44.0,52.0
0_1535,30674359#5,131750853#2,41.097886790174485,16.85993247707892,41.097887056561405,16.859358083149928,41.09422326217536,16.861818445841735,41.09406666971318,16.861809974981103,44.0,52.0
0_1536,30674359#5,131752095#2,41.097886790174485,16.85993247707892,41.097887056561405,16.859358083149928,41.09606913880409,16.857384087393385,41.09607773810893,16.85711333011326,44.0,52.0
0_1537,30674359#5,25817423#3,41.097886790174485,16.85993247707892,41.097887056561405,16.859358083149928,41.093433790346566,16.855687830843742,41.09352569242476,16.85465158647345,44.0,52.0
0_1538,30674359#5,25817735#2,41.097886790174485,16.85993247707892,41.097887056561405,16.859358083149928,41.09257525037648,16.866055037799217,41.08991586912939,16.865878687144406,44.0,52.0
0_1539,30674359#5,25819014#1,41.097886790174485,16.85993247707892,41.097887056561405,16.859358083149928,41.09637979984023,16.861535604961926,41.096390396588056,16.86145398483175,44.0,52.0
0_1540,30674359#5,25819014#2,41.097886790174485,16.85993247707892,41.097887056561405,16.859358083149928,41.096390396588056,16.86145398483175,41.09617566373433,16.86105237527639,44.0,52.0
0_1541,30674359#5,25819177#2,41.097886790174485,16.85993247707892,41.097887056561405,16.859358083149928,41.09333584930795,16.855672929401177,41.09331846638719,16.855846153569416,44.0,52.0
0_1542,30674359#5,25819177#3,41.097886790174485,16.85993247707892,41.097887056561405,16.859358083149928,41.09331846638719,16.855846153569416,41.09330344191395,16.855984796607544,44.0,52.0
0_1543,30674359#5,25819177#5,41.097886790174485,16.85993247707892,41.097887056561405,16.859358083149928,41.09328897220411,16.85615607855325,41.093276282258536,16.856306336332803,44.0,52.0
0_1544,30674359#5,28279138#5,41.097886790174485,16.85993247707892,41.097887056561405,16.859358083149928,41.09309962997091,16.8641768999245,41.09122003932151,16.863954806076606,44.0,52.0
0_1545,30674359#5,28921528#2,41.097886790174485,16.85993247707892,41.097887056561405,16.859358083149928,41.09590934506375,16.85589778274809,41.09589464404242,16.856597607978603,44.0,52.0
0_1546,30674359#5,28921528#8,41.097886790174485,16.85993247707892,41.097887056561405,16.859358083149928,41.095864883749904,16.858939789299576,41.09579879841287,16.860483307032734,44.0,52.0
0_1547,30674359#5,30672980#0,41.097886790174485,16.85993247707892,41.097887056561405,16.859358083149928,41.09410258065408,16.854547680343014,41.0940220774019,16.854495884667088,44.0,52.0
0_1548,30674359#5,30672980#6,41.097886790174485,16.85993247707892,41.097887056561405,16.859358083149928,41.09290701188394,16.85345153155061,41.09274366748828,16.853398004520955,44.0,52.0
0_1549,30674359#5,30673346,41.097886790174485,16.85993247707892,41.097887056561405,16.859358083149928,41.09289989869124,16.857979997773366,41.0924620240455,16.857540225068156,44.0,52.0
0_1550,30674359#5,30674315#11,41.097886790174485,16.85993247707892,41.097887056561405,16.859358083149928,41.09762167433529,16.86078183182401,41.0975908593457,16.860854905020272,44.0,52.0
0_1551,30674359#5,30674315#8,41.097886790174485,16.85993247707892,41.097887056561405,16.859358083149928,41.09783406893447,16.85935956518292,41.09781757948696,16.860074005211207,44.0,52.0
0_1552,30674359#5,30674315#9,41.097886790174485,16.85993247707892,41.097887056561405,16.859358083149928,41.09781757948696,16.860074005211207,41.09773009884011,16.860532461562137,44.0,52.0
0_1553,30674359#5,30674359#4,41.097886790174485,16.85993247707892,41.097887056561405,16.859358083149928,41.09788351207976,16.86008527251128,41.097886790174485,16.85993247707892,44.0,52.0
0_1554,30674359#5,30674385#2,41.097886790174485,16.85993247707892,41.097887056561405,16.859358083149928,41.09752079197923,16.86113857805688,41.097541272342,16.861158803055236,44.0,52.0
0_1555,30674359#5,30674948,41.097886790174485,16.85993247707892,41.097887056561405,16.859358083149928,41.09346290764322,16.859512259912492,41.0937563740557,16.85923859402608,44.0,52.0
0_1556,30674359#5,30675059#0,41.097886790174485,16.85993247707892,41.097887056561405,16.859358083149928,41.09575898407665,16.861403291409037,41.09556026737646,16.861799770540163,44.0,52.0
0_1557,30674359#5,30675059#1,41.097886790174485,16.85993247707892,41.097887056561405,16.859358083149928,41.09556026737646,16.861799770540163,41.09428507077666,16.861822930016572,44.0,52.0
0_1558,30674359#5,33831688,41.097886790174485,16.85993247707892,41.097887056561405,16.859358083149928,41.09717022441964,16.862141610446756,41.09717150257013,16.862346685598727,44.0,52.0
0_1559,30674359#5,48563895#1,41.097886790174485,16.85993247707892,41.097887056561405,16.859358083149928,41.094497059549575,16.854662484304253,41.09459493177244,16.85467607291383,44.0,52.0
0_1560,30674359#5,48563902#0,41.097886790174485,16.85993247707892,41.097887056561405,16.859358083149928,41.093159424293006,16.861119861413044,41.092910609638544,16.861550868324073,44.0,52.0
0_1561,30674359#5,48874527#2,41.097886790174485,16.85993247707892,41.097887056561405,16.859358083149928,41.094611131446,16.86076995428607,41.09433377805168,16.860614722600705,44.0,52.0
0_1562,30674359#5,50077954,41.097886790174485,16.85993247707892,41.097887056561405,16.859358083149928,41.094481033476846,16.855484180652265,41.09590934506375,16.85589778274809,44.0,52.0
0_1563,30674359#5,96606465,41.097886790174485,16.85993247707892,41.097887056561405,16.859358083149928,41.09320904205983,16.86036794969964,41.093226008438016,16.859824905081403,44.0,52.0
0_1564,30674359#7,-131752097#1,41.09788233251325,16.85858481793875,41.09788136204114,16.85827651417314,41.09628587040379,16.863506396736675,41.09627339570725,16.863759660301465,45.0,0.0
0_1565,30674359#7,-25654991#0,41.09788233251325,16.85858481793875,41.09788136204114,16.85827651417314,41.09267829914716,16.854073630954087,41.09207574955028,16.85389154719994,45.0,0.0
0_1566,30674359#7,-33831688,41.09788233251325,16.85858481793875,41.09788136204114,16.85827651417314,41.09717150257013,16.862346685598727,41.09717022441964,16.862141610446756,45.0,0.0
0_1567,30674359#7,-48874524,41.09788233251325,16.85858481793875,41.09788136204114,16.85827651417314,41.09782874807601,16.858422322289133,41.09720965467912,16.86010828803053,45.0,0.0
0_1568,30674359#7,-50077954,41.09788233251325,16.85858481793875,41.09788136204114,16.85827651417314,41.09590934506375,16.85589778274809,41.094481033476846,16.855484180652265,45.0,0.0
0_1569,30674359#7,-50370694#0,41.09788233251325,16.85858481793875,41.09788136204114,16.85827651417314,41.09390877175432,16.860555577386883,41.09389978504193,16.86089441913475,45.0,0.0
0_1570,30674359#7,114953453#6,41.09788233251325,16.85858481793875,41.09788136204114,16.85827651417314,41.09289989869124,16.857979997773366,41.09252833667128,16.85806965698529,45.0,0.0
0_1571,30674359#7,1223050325#0,41.09788233251325,16.85858481793875,41.09788136204114,16.85827651417314,41.09575898407665,16.861403291409037,41.09578940828096,16.861627521735652,45.0,0.0
0_1572,30674359#7,1223050326,41.09788233251325,16.85858481793875,41.09788136204114,16.85827651417314,41.09577203818025,16.86132567064774,41.09575898407665,16.861403291409037,45.0,0.0
0_1573,30674359#7,1226960836#1,41.09788233251325,16.85858481793875,41.09788136204114,16.85827651417314,41.09326327598272,16.856459442663375,41.09325705252129,16.85653261037847,45.0,0.0
0_1574,30674359#7,131750844#7,41.09788233251325,16.85858481793875,41.09788136204114,16.85827651417314,41.09588692434208,16.86204201283392,41.096023183819085,16.86206015013157,45.0,0.0
0_1575,30674359#7,131750844#8,41.09788233251325,16.85858481793875,41.09788136204114,16.85827651417314,41.096023183819085,16.86206015013157,41.09607053280287,16.862073156374553,45.0,0.0
0_1576,30674359#7,131750844#9,41.09788233251325,16.85858481793875,41.09788136204114,16.85827651417314,41.09607053280287,16.862073156374553,41.09624619327664,16.862345189534487,45.0,0.0
0_1577,30674359#7,131750850#0,41.09788233251325,16.85858481793875,41.09788136204114,16.85827651417314,41.09406666971318,16.861809974981103,41.09374076152227,16.861733142040123,45.0,0.0
0_1578,30674359#7,131750853#0,41.09788233251325,16.85858481793875,41.09788136204114,16.85827651417314,41.09428507077666,16.861822930016572,41.094248634240174,16.861820234016683,45.0,0.0
0_1579,30674359#7,131750853#2,41.09788233251325,16.85858481793875,41.09788136204114,16.85827651417314,41.09422326217536,16.861818445841735,41.09406666971318,16.861809974981103,45.0,0.0
0_1580,30674359#7,131752095#2,41.09788233251325,16.85858481793875,41.09788136204114,16.85827651417314,41.09606913880409,16.857384087393385,41.09607773810893,16.85711333011326,45.0,0.0
0_1581,30674359#7,25817423#3,41.09788233251325,16.85858481793875,41.09788136204114,16.85827651417314,41.093433790346566,16.855687830843742,41.09352569242476,16.85465158647345,45.0,0.0
0_1582,30674359#7,25817735#2,41.09788233251325,16.85858481793875,41.09788136204114,16.85827651417314,41.09257525037648,16.866055037799217,41.08991586912939,16.865878687144406,45.0,0.0
0_1583,30674359#7,25819014#1,41.09788233251325,16.85858481793875,41.09788136204114,16.85827651417314,41.09637979984023,16.861535604961926,41.096390396588056,16.86145398483175,45.0,0.0
0_1584,30674359#7,25819014#2,41.09788233251325,16.85858481793875,41.09788136204114,16.85827651417314,41.096390396588056,16.86145398483175,41.09617566373433,16.86105237527639,45.0,0.0
0_1585,30674359#7,25819177#2,41.09788233251325,16.85858481793875,41.09788136204114,16.85827651417314,41.09333584930795,16.855672929401177,41.09331846638719,16.855846153569416,45.0,0.0
0_1586,30674359#7,25819177#3,41.09788233251325,16.85858481793875,41.09788136204114,16.85827651417314,41.09331846638719,16.855846153569416,41.09330344191395,16.855984796607544,45.0,0.0
0_1587,30674359#7,25819177#5,41.09788233251325,16.85858481793875,41.09788136204114,16.85827651417314,41.09328897220411,16.85615607855325,41.093276282258536,16.856306336332803,45.0,0.0
0_1588,30674359#7,28279138#5,41.09788233251325,16.85858481793875,41.09788136204114,16.85827651417314,41.09309962997091,16.8641768999245,41.09122003932151,16.863954806076606,45.0,0.0
0_1589,30674359#7,28921528#2,41.09788233251325,16.85858481793875,41.09788136204114,16.85827651417314,41.09590934506375,16.85589778274809,41.09589464404242,16.856597607978603,45.0,0.0
0_1590,30674359#7,28921528#8,41.09788233251325,16.85858481793875,41.09788136204114,16.85827651417314,41.095864883749904,16.858939789299576,41.09579879841287,16.860483307032734,45.0,0.0
0_1591,30674359#7,30672980#0,41.09788233251325,16.85858481793875,41.09788136204114,16.85827651417314,41.09410258065408,16.854547680343014,41.0940220774019,16.854495884667088,45.0,0.0
0_1592,30674359#7,30672980#6,41.09788233251325,16.85858481793875,41.09788136204114,16.85827651417314,41.09290701188394,16.85345153155061,41.09274366748828,16.853398004520955,45.0,0.0
0_1593,30674359#7,30673346,41.09788233251325,16.85858481793875,41.09788136204114,16.85827651417314,41.09289989869124,16.857979997773366,41.0924620240455,16.857540225068156,45.0,0.0
0_1594,30674359#7,30674315#11,41.09788233251325,16.85858481793875,41.09788136204114,16.85827651417314,41.09762167433529,16.86078183182401,41.0975908593457,16.860854905020272,45.0,0.0
0_1595,30674359#7,30674315#8,41.09788233251325,16.85858481793875,41.09788136204114,16.85827651417314,41.09783406893447,16.85935956518292,41.09781757948696,16.860074005211207,45.0,0.0
0_1596,30674359#7,30674315#9,41.09788233251325,16.85858481793875,41.09788136204114,16.85827651417314,41.09781757948696,16.860074005211207,41.09773009884011,16.860532461562137,45.0,0.0
0_1597,30674359#7,30674359#4,41.09788233251325,16.85858481793875,41.09788136204114,16.85827651417314,41.09788351207976,16.86008527251128,41.097886790174485,16.85993247707892,45.0,0.0
0_1598,30674359#7,30674359#5,41.09788233251325,16.85858481793875,41.09788136204114,16.85827651417314,41.097886790174485,16.85993247707892,41.097887056561405,16.859358083149928,45.0,0.0
0_1599,30674359#7,30674385#2,41.09788233251325,16.85858481793875,41.09788136204114,16.85827651417314,41.09752079197923,16.86113857805688,41.097541272342,16.861158803055236,45.0,0.0
0_1600,30674359#7,30674948,41.09788233251325,16.85858481793875,41.09788136204114,16.85827651417314,41.09346290764322,16.859512259912492,41.0937563740557,16.85923859402608,45.0,0.0
0_1601,30674359#7,30675059#0,41.09788233251325,16.85858481793875,41.09788136204114,16.85827651417314,41.09575898407665,16.861403291409037,41.09556026737646,16.861799770540163,45.0,0.0
0_1602,30674359#7,30675059#1,41.09788233251325,16.85858481793875,41.09788136204114,16.85827651417314,41.09556026737646,16.861799770540163,41.09428507077666,16.861822930016572,45.0,0.0
0_1603,30674359#7,33831688,41.09788233251325,16.85858481793875,41.09788136204114,16.85827651417314,41.09717022441964,16.862141610446756,41.09717150257013,16.862346685598727,45.0,0.0
0_1604,30674359#7,48563895#1,41.09788233251325,16.85858481793875,41.09788136204114,16.85827651417314,41.094497059549575,16.854662484304253,41.09459493177244,16.85467607291383,45.0,0.0
0_1605,30674359#7,48563902#0,41.09788233251325,16.85858481793875,41.09788136204114,16.85827651417314,41.093159424293006,16.861119861413044,41.092910609638544,16.861550868324073,45.0,0.0
0_1606,30674359#7,48874527#2,41.09788233251325,16.85858481793875,41.09788136204114,16.85827651417314,41.094611131446,16.86076995428607,41.09433377805168,16.860614722600705,45.0,0.0
0_1607,30674359#7,50077954,41.09788233251325,16.85858481793875,41.09788136204114,16.85827651417314,41.094481033476846,16.855484180652265,41.09590934506375,16.85589778274809,45.0,0.0
0_1608,30674359#7,96606465,41.09788233251325,16.85858481793875,41.09788136204114,16.85827651417314,41.09320904205983,16.86036794969964,41.093226008438016,16.859824905081403,45.0,0.0
0_1609,30674359#8,-131752097#1,41.09788136204114,16.85827651417314,41.097878498918455,16.857945890667285,41.09628587040379,16.863506396736675,41.09627339570725,16.863759660301465,45.0,0.0
0_1610,30674359#8,-25654991#0,41.09788136204114,16.85827651417314,41.097878498918455,16.857945890667285,41.09267829914716,16.854073630954087,41.09207574955028,16.85389154719994,45.0,0.0
0_1611,30674359#8,-33831688,41.09788136204114,16.85827651417314,41.097878498918455,16.857945890667285,41.09717150257013,16.862346685598727,41.09717022441964,16.862141610446756,45.0,0.0
0_1612,30674359#8,-48874524,41.09788136204114,16.85827651417314,41.097878498918455,16.857945890667285,41.09782874807601,16.858422322289133,41.09720965467912,16.86010828803053,45.0,0.0
0_1613,30674359#8,-50077954,41.09788136204114,16.85827651417314,41.097878498918455,16.857945890667285,41.09590934506375,16.85589778274809,41.094481033476846,16.855484180652265,45.0,0.0
0_1614,30674359#8,-50370694#0,41.09788136204114,16.85827651417314,41.097878498918455,16.857945890667285,41.09390877175432,16.860555577386883,41.09389978504193,16.86089441913475,45.0,0.0
0_1615,30674359#8,114953453#6,41.09788136204114,16.85827651417314,41.097878498918455,16.857945890667285,41.09289989869124,16.857979997773366,41.09252833667128,16.85806965698529,45.0,0.0
0_1616,30674359#8,1223050325#0,41.09788136204114,16.85827651417314,41.097878498918455,16.857945890667285,41.09575898407665,16.861403291409037,41.09578940828096,16.861627521735652,45.0,0.0
0_1617,30674359#8,1223050326,41.09788136204114,16.85827651417314,41.097878498918455,16.857945890667285,41.09577203818025,16.86132567064774,41.09575898407665,16.861403291409037,45.0,0.0
0_1618,30674359#8,1226960836#1,41.09788136204114,16.85827651417314,41.097878498918455,16.857945890667285,41.09326327598272,16.856459442663375,41.09325705252129,16.85653261037847,45.0,0.0
0_1619,30674359#8,131750844#7,41.09788136204114,16.85827651417314,41.097878498918455,16.857945890667285,41.09588692434208,16.86204201283392,41.096023183819085,16.86206015013157,45.0,0.0
0_1620,30674359#8,131750844#8,41.09788136204114,16.85827651417314,41.097878498918455,16.857945890667285,41.096023183819085,16.86206015013157,41.09607053280287,16.862073156374553,45.0,0.0
0_1621,30674359#8,131750844#9,41.09788136204114,16.85827651417314,41.097878498918455,16.857945890667285,41.09607053280287,16.862073156374553,41.09624619327664,16.862345189534487,45.0,0.0
0_1622,30674359#8,131750850#0,41.09788136204114,16.85827651417314,41.097878498918455,16.857945890667285,41.09406666971318,16.861809974981103,41.09374076152227,16.861733142040123,45.0,0.0
0_1623,30674359#8,131750853#0,41.09788136204114,16.85827651417314,41.097878498918455,16.857945890667285,41.09428507077666,16.861822930016572,41.094248634240174,16.861820234016683,45.0,0.0
0_1624,30674359#8,131750853#2,41.09788136204114,16.85827651417314,41.097878498918455,16.857945890667285,41.09422326217536,16.861818445841735,41.09406666971318,16.861809974981103,45.0,0.0
0_1625,30674359#8,131752095#2,41.09788136204114,16.85827651417314,41.097878498918455,16.857945890667285,41.09606913880409,16.857384087393385,41.09607773810893,16.85711333011326,45.0,0.0
0_1626,30674359#8,25817423#3,41.09788136204114,16.85827651417314,41.097878498918455,16.857945890667285,41.093433790346566,16.855687830843742,41.09352569242476,16.85465158647345,45.0,0.0
0_1627,30674359#8,25817735#2,41.09788136204114,16.85827651417314,41.097878498918455,16.857945890667285,41.09257525037648,16.866055037799217,41.08991586912939,16.865878687144406,45.0,0.0
0_1628,30674359#8,25819014#1,41.09788136204114,16.85827651417314,41.097878498918455,16.857945890667285,41.09637979984023,16.861535604961926,41.096390396588056,16.86145398483175,45.0,0.0
0_1629,30674359#8,25819014#2,41.09788136204114,16.85827651417314,41.097878498918455,16.857945890667285,41.096390396588056,16.86145398483175,41.09617566373433,16.86105237527639,45.0,0.0
0_1630,30674359#8,25819177#2,41.09788136204114,16.85827651417314,41.097878498918455,16.857945890667285,41.09333584930795,16.855672929401177,41.09331846638719,16.855846153569416,45.0,0.0
0_1631,30674359#8,25819177#3,41.09788136204114,16.85827651417314,41.097878498918455,16.857945890667285,41.09331846638719,16.855846153569416,41.09330344191395,16.855984796607544,45.0,0.0
0_1632,30674359#8,25819177#5,41.09788136204114,16.85827651417314,41.097878498918455,16.857945890667285,41.09328897220411,16.85615607855325,41.093276282258536,16.856306336332803,45.0,0.0
0_1633,30674359#8,28279138#5,41.09788136204114,16.85827651417314,41.097878498918455,16.857945890667285,41.09309962997091,16.8641768999245,41.09122003932151,16.863954806076606,45.0,0.0
0_1634,30674359#8,28921528#2,41.09788136204114,16.85827651417314,41.097878498918455,16.857945890667285,41.09590934506375,16.85589778274809,41.09589464404242,16.856597607978603,45.0,0.0
0_1635,30674359#8,28921528#8,41.09788136204114,16.85827651417314,41.097878498918455,16.857945890667285,41.095864883749904,16.858939789299576,41.09579879841287,16.860483307032734,45.0,0.0
0_1636,30674359#8,30672980#0,41.09788136204114,16.85827651417314,41.097878498918455,16.857945890667285,41.09410258065408,16.854547680343014,41.0940220774019,16.854495884667088,45.0,0.0
0_1637,30674359#8,30672980#6,41.09788136204114,16.85827651417314,41.097878498918455,16.857945890667285,41.09290701188394,16.85345153155061,41.09274366748828,16.853398004520955,45.0,0.0
0_1638,30674359#8,30673346,41.09788136204114,16.85827651417314,41.097878498918455,16.857945890667285,41.09289989869124,16.857979997773366,41.0924620240455,16.857540225068156,45.0,0.0
0_1639,30674359#8,30674315#11,41.09788136204114,16.85827651417314,41.097878498918455,16.857945890667285,41.09762167433529,16.86078183182401,41.0975908593457,16.860854905020272,45.0,0.0
0_1640,30674359#8,30674315#8,41.09788136204114,16.85827651417314,41.097878498918455,16.857945890667285,41.09783406893447,16.85935956518292,41.09781757948696,16.860074005211207,45.0,0.0
0_1641,30674359#8,30674315#9,41.09788136204114,16.85827651417314,41.097878498918455,16.857945890667285,41.09781757948696,16.860074005211207,41.09773009884011,16.860532461562137,45.0,0.0
0_1642,30674359#8,30674359#4,41.09788136204114,16.85827651417314,41.097878498918455,16.857945890667285,41.09788351207976,16.86008527251128,41.097886790174485,16.85993247707892,45.0,0.0
0_1643,30674359#8,30674359#5,41.09788136204114,16.85827651417314,41.097878498918455,16.857945890667285,41.097886790174485,16.85993247707892,41.097887056561405,16.859358083149928,45.0,0.0
0_1644,30674359#8,30674385#2,41.09788136204114,16.85827651417314,41.097878498918455,16.857945890667285,41.09752079197923,16.86113857805688,41.097541272342,16.861158803055236,45.0,0.0
0_1645,30674359#8,30674948,41.09788136204114,16.85827651417314,41.097878498918455,16.857945890667285,41.09346290764322,16.859512259912492,41.0937563740557,16.85923859402608,45.0,0.0
0_1646,30674359#8,30675059#0,41.09788136204114,16.85827651417314,41.097878498918455,16.857945890667285,41.09575898407665,16.861403291409037,41.09556026737646,16.861799770540163,45.0,0.0
0_1647,30674359#8,30675059#1,41.09788136204114,16.85827651417314,41.097878498918455,16.857945890667285,41.09556026737646,16.861799770540163,41.09428507077666,16.861822930016572,45.0,0.0
0_1648,30674359#8,33831688,41.09788136204114,16.85827651417314,41.097878498918455,16.857945890667285,41.09717022441964,16.862141610446756,41.09717150257013,16.862346685598727,45.0,0.0
0_1649,30674359#8,48563895#1,41.09788136204114,16.85827651417314,41.097878498918455,16.857945890667285,41.094497059549575,16.854662484304253,41.09459493177244,16.85467607291383,45.0,0.0
0_1650,30674359#8,48563902#0,41.09788136204114,16.85827651417314,41.097878498918455,16.857945890667285,41.093159424293006,16.861119861413044,41.092910609638544,16.861550868324073,45.0,0.0
0_1651,30674359#8,48874527#2,41.09788136204114,16.85827651417314,41.097878498918455,16.857945890667285,41.094611131446,16.86076995428607,41.09433377805168,16.860614722600705,45.0,0.0
0_1652,30674359#8,50077954,41.09788136204114,16.85827651417314,41.097878498918455,16.857945890667285,41.094481033476846,16.855484180652265,41.09590934506375,16.85589778274809,45.0,0.0
0_1653,30674359#8,96606465,41.09788136204114,16.85827651417314,41.097878498918455,16.857945890667285,41.09320904205983,16.86036794969964,41.093226008438016,16.859824905081403,45.0,0.0
0_1654,30674378#0,-131752097#1,41.097541272342,16.861158803055236,41.09781030947246,16.860942307300732,41.09628587040379,16.863506396736675,41.09627339570725,16.863759660301465,45.0,0.0
0_1655,30674378#0,-25654991#0,41.097541272342,16.861158803055236,41.09781030947246,16.860942307300732,41.09267829914716,16.854073630954087,41.09207574955028,16.85389154719994,45.0,0.0
0_1656,30674378#0,-33831688,41.097541272342,16.861158803055236,41.09781030947246,16.860942307300732,41.09717150257013,16.862346685598727,41.09717022441964,16.862141610446756,45.0,0.0
0_1657,30674378#0,-48874524,41.097541272342,16.861158803055236,41.09781030947246,16.860942307300732,41.09782874807601,16.858422322289133,41.09720965467912,16.86010828803053,45.0,0.0
0_1658,30674378#0,-50077954,41.097541272342,16.861158803055236,41.09781030947246,16.860942307300732,41.09590934506375,16.85589778274809,41.094481033476846,16.855484180652265,45.0,0.0
0_1659,30674378#0,-50370694#0,41.097541272342,16.861158803055236,41.09781030947246,16.860942307300732,41.09390877175432,16.860555577386883,41.09389978504193,16.86089441913475,45.0,0.0
0_1660,30674378#0,114953453#6,41.097541272342,16.861158803055236,41.09781030947246,16.860942307300732,41.09289989869124,16.857979997773366,41.09252833667128,16.85806965698529,45.0,0.0
0_1661,30674378#0,1223050325#0,41.097541272342,16.861158803055236,41.09781030947246,16.860942307300732,41.09575898407665,16.861403291409037,41.09578940828096,16.861627521735652,45.0,0.0
0_1662,30674378#0,1223050326,41.097541272342,16.861158803055236,41.09781030947246,16.860942307300732,41.09577203818025,16.86132567064774,41.09575898407665,16.861403291409037,45.0,0.0
0_1663,30674378#0,1226960836#1,41.097541272342,16.861158803055236,41.09781030947246,16.860942307300732,41.09326327598272,16.856459442663375,41.09325705252129,16.85653261037847,45.0,0.0
0_1664,30674378#0,131750844#7,41.097541272342,16.861158803055236,41.09781030947246,16.860942307300732,41.09588692434208,16.86204201283392,41.096023183819085,16.86206015013157,45.0,0.0
0_1665,30674378#0,131750844#8,41.097541272342,16.861158803055236,41.09781030947246,16.860942307300732,41.096023183819085,16.86206015013157,41.09607053280287,16.862073156374553,45.0,0.0
0_1666,30674378#0,131750844#9,41.097541272342,16.861158803055236,41.09781030947246,16.860942307300732,41.09607053280287,16.862073156374553,41.09624619327664,16.862345189534487,45.0,0.0
0_1667,30674378#0,131750850#0,41.097541272342,16.861158803055236,41.09781030947246,16.860942307300732,41.09406666971318,16.861809974981103,41.09374076152227,16.861733142040123,45.0,0.0
0_1668,30674378#0,131750853#0,41.097541272342,16.861158803055236,41.09781030947246,16.860942307300732,41.09428507077666,16.861822930016572,41.094248634240174,16.861820234016683,45.0,0.0
0_1669,30674378#0,131750853#2,41.097541272342,16.861158803055236,41.09781030947246,16.860942307300732,41.09422326217536,16.861818445841735,41.09406666971318,16.861809974981103,45.0,0.0
0_1670,30674378#0,131752095#2,41.097541272342,16.861158803055236,41.09781030947246,16.860942307300732,41.09606913880409,16.857384087393385,41.09607773810893,16.85711333011326,45.0,0.0
0_1671,30674378#0,25817423#3,41.097541272342,16.861158803055236,41.09781030947246,16.860942307300732,41.093433790346566,16.855687830843742,41.09352569242476,16.85465158647345,45.0,0.0
0_1672,30674378#0,25817735#2,41.097541272342,16.861158803055236,41.09781030947246,16.860942307300732,41.09257525037648,16.866055037799217,41.08991586912939,16.865878687144406,45.0,0.0
0_1673,30674378#0,25819014#1,41.097541272342,16.861158803055236,41.09781030947246,16.860942307300732,41.09637979984023,16.861535604961926,41.096390396588056,16.86145398483175,45.0,0.0
0_1674,30674378#0,25819014#2,41.097541272342,16.861158803055236,41.09781030947246,16.860942307300732,41.096390396588056,16.86145398483175,41.09617566373433,16.86105237527639,45.0,0.0
0_1675,30674378#0,25819177#2,41.097541272342,16.861158803055236,41.09781030947246,16.860942307300732,41.09333584930795,16.855672929401177,41.09331846638719,16.855846153569416,45.0,0.0
0_1676,30674378#0,25819177#3,41.097541272342,16.861158803055236,41.09781030947246,16.860942307300732,41.09331846638719,16.855846153569416,41.09330344191395,16.855984796607544,45.0,0.0
0_1677,30674378#0,25819177#5,41.097541272342,16.861158803055236,41.09781030947246,16.860942307300732,41.09328897220411,16.85615607855325,41.093276282258536,16.856306336332803,45.0,0.0
0_1678,30674378#0,28279138#5,41.097541272342,16.861158803055236,41.09781030947246,16.860942307300732,41.09309962997091,16.8641768999245,41.09122003932151,16.863954806076606,45.0,0.0
0_1679,30674378#0,28921528#2,41.097541272342,16.861158803055236,41.09781030947246,16.860942307300732,41.09590934506375,16.85589778274809,41.09589464404242,16.856597607978603,45.0,0.0
0_1680,30674378#0,28921528#8,41.097541272342,16.861158803055236,41.09781030947246,16.860942307300732,41.095864883749904,16.858939789299576,41.09579879841287,16.860483307032734,45.0,0.0
0_1681,30674378#0,30672980#0,41.097541272342,16.861158803055236,41.09781030947246,16.860942307300732,41.09410258065408,16.854547680343014,41.0940220774019,16.854495884667088,45.0,0.0
0_1682,30674378#0,30672980#6,41.097541272342,16.861158803055236,41.09781030947246,16.860942307300732,41.09290701188394,16.85345153155061,41.09274366748828,16.853398004520955,45.0,0.0
0_1683,30674378#0,30673346,41.097541272342,16.861158803055236,41.09781030947246,16.860942307300732,41.09289989869124,16.857979997773366,41.0924620240455,16.857540225068156,45.0,0.0
0_1684,30674378#0,30674315#11,41.097541272342,16.861158803055236,41.09781030947246,16.860942307300732,41.09762167433529,16.86078183182401,41.0975908593457,16.860854905020272,45.0,0.0
0_1685,30674378#0,30674315#8,41.097541272342,16.861158803055236,41.09781030947246,16.860942307300732,41.09783406893447,16.85935956518292,41.09781757948696,16.860074005211207,45.0,0.0
0_1686,30674378#0,30674315#9,41.097541272342,16.861158803055236,41.09781030947246,16.860942307300732,41.09781757948696,16.860074005211207,41.09773009884011,16.860532461562137,45.0,0.0
0_1687,30674378#0,30674359#4,41.097541272342,16.861158803055236,41.09781030947246,16.860942307300732,41.09788351207976,16.86008527251128,41.097886790174485,16.85993247707892,45.0,0.0
0_1688,30674378#0,30674359#5,41.097541272342,16.861158803055236,41.09781030947246,16.860942307300732,41.097886790174485,16.85993247707892,41.097887056561405,16.859358083149928,45.0,0.0
0_1689,30674378#0,30674385#2,41.097541272342,16.861158803055236,41.09781030947246,16.860942307300732,41.09752079197923,16.86113857805688,41.097541272342,16.861158803055236,45.0,0.0
0_1690,30674378#0,30674948,41.097541272342,16.861158803055236,41.09781030947246,16.860942307300732,41.09346290764322,16.859512259912492,41.0937563740557,16.85923859402608,45.0,0.0
0_1691,30674378#0,30675059#0,41.097541272342,16.861158803055236,41.09781030947246,16.860942307300732,41.09575898407665,16.861403291409037,41.09556026737646,16.861799770540163,45.0,0.0
0_1692,30674378#0,30675059#1,41.097541272342,16.861158803055236,41.09781030947246,16.860942307300732,41.09556026737646,16.861799770540163,41.09428507077666,16.861822930016572,45.0,0.0
0_1693,30674378#0,33831688,41.097541272342,16.861158803055236,41.09781030947246,16.860942307300732,41.09717022441964,16.862141610446756,41.09717150257013,16.862346685598727,45.0,0.0
0_1694,30674378#0,48563895#1,41.097541272342,16.861158803055236,41.09781030947246,16.860942307300732,41.094497059549575,16.854662484304253,41.09459493177244,16.85467607291383,45.0,0.0
0_1695,30674378#0,48563902#0,41.097541272342,16.861158803055236,41.09781030947246,16.860942307300732,41.093159424293006,16.861119861413044,41.092910609638544,16.861550868324073,45.0,0.0
0_1696,30674378#0,48874527#2,41.097541272342,16.861158803055236,41.09781030947246,16.860942307300732,41.094611131446,16.86076995428607,41.09433377805168,16.860614722600705,45.0,0.0
0_1697,30674378#0,50077954,41.097541272342,16.861158803055236,41.09781030947246,16.860942307300732,41.094481033476846,16.855484180652265,41.09590934506375,16.85589778274809,45.0,0.0
0_1698,30674378#0,96606465,41.097541272342,16.861158803055236,41.09781030947246,16.860942307300732,41.09320904205983,16.86036794969964,41.093226008438016,16.859824905081403,45.0,0.0
0_1699,30674385#2,-131752097#1,41.09752079197923,16.86113857805688,41.097541272342,16.861158803055236,41.09628587040379,16.863506396736675,41.09627339570725,16.863759660301465,44.0,52.0
0_1700,30674385#2,-25654991#0,41.09752079197923,16.86113857805688,41.097541272342,16.861158803055236,41.09267829914716,16.854073630954087,41.09207574955028,16.85389154719994,44.0,52.0
0_1701,30674385#2,-33831688,41.09752079197923,16.86113857805688,41.097541272342,16.861158803055236,41.09717150257013,16.862346685598727,41.09717022441964,16.862141610446756,44.0,52.0
0_1702,30674385#2,-48874524,41.09752079197923,16.86113857805688,41.097541272342,16.861158803055236,41.09782874807601,16.858422322289133,41.09720965467912,16.86010828803053,44.0,52.0
0_1703,30674385#2,-50077954,41.09752079197923,16.86113857805688,41.097541272342,16.861158803055236,41.09590934506375,16.85589778274809,41.094481033476846,16.855484180652265,44.0,52.0
0_1704,30674385#2,-50370694#0,41.09752079197923,16.86113857805688,41.097541272342,16.861158803055236,41.09390877175432,16.860555577386883,41.09389978504193,16.86089441913475,44.0,52.0
0_1705,30674385#2,114953453#6,41.09752079197923,16.86113857805688,41.097541272342,16.861158803055236,41.09289989869124,16.857979997773366,41.09252833667128,16.85806965698529,44.0,52.0
0_1706,30674385#2,1223050325#0,41.09752079197923,16.86113857805688,41.097541272342,16.861158803055236,41.09575898407665,16.861403291409037,41.09578940828096,16.861627521735652,44.0,52.0
0_1707,30674385#2,1223050326,41.09752079197923,16.86113857805688,41.097541272342,16.861158803055236,41.09577203818025,16.86132567064774,41.09575898407665,16.861403291409037,44.0,52.0
0_1708,30674385#2,1226960836#1,41.09752079197923,16.86113857805688,41.097541272342,16.861158803055236,41.09326327598272,16.856459442663375,41.09325705252129,16.85653261037847,44.0,52.0
0_1709,30674385#2,131750844#7,41.09752079197923,16.86113857805688,41.097541272342,16.861158803055236,41.09588692434208,16.86204201283392,41.096023183819085,16.86206015013157,44.0,52.0
0_1710,30674385#2,131750844#8,41.09752079197923,16.86113857805688,41.097541272342,16.861158803055236,41.096023183819085,16.86206015013157,41.09607053280287,16.862073156374553,44.0,52.0
0_1711,30674385#2,131750844#9,41.09752079197923,16.86113857805688,41.097541272342,16.861158803055236,41.09607053280287,16.862073156374553,41.09624619327664,16.862345189534487,44.0,52.0
0_1712,30674385#2,131750850#0,41.09752079197923,16.86113857805688,41.097541272342,16.861158803055236,41.09406666971318,16.861809974981103,41.09374076152227,16.861733142040123,44.0,52.0
0_1713,30674385#2,131750853#0,41.09752079197923,16.86113857805688,41.097541272342,16.861158803055236,41.09428507077666,16.861822930016572,41.094248634240174,16.861820234016683,44.0,52.0
0_1714,30674385#2,131750853#2,41.09752079197923,16.86113857805688,41.097541272342,16.861158803055236,41.09422326217536,16.861818445841735,41.09406666971318,16.861809974981103,44.0,52.0
0_1715,30674385#2,131752095#2,41.09752079197923,16.86113857805688,41.097541272342,16.861158803055236,41.09606913880409,16.857384087393385,41.09607773810893,16.85711333011326,44.0,52.0
0_1716,30674385#2,25817423#3,41.09752079197923,16.86113857805688,41.097541272342,16.861158803055236,41.093433790346566,16.855687830843742,41.09352569242476,16.85465158647345,44.0,52.0
0_1717,30674385#2,25817735#2,41.09752079197923,16.86113857805688,41.097541272342,16.861158803055236,41.09257525037648,16.866055037799217,41.08991586912939,16.865878687144406,44.0,52.0
0_1718,30674385#2,25819014#1,41.09752079197923,16.86113857805688,41.097541272342,16.861158803055236,41.09637979984023,16.861535604961926,41.096390396588056,16.86145398483175,44.0,52.0
0_1719,30674385#2,25819014#2,41.09752079197923,16.86113857805688,41.097541272342,16.861158803055236,41.096390396588056,16.86145398483175,41.09617566373433,16.86105237527639,44.0,52.0
0_1720,30674385#2,25819177#2,41.09752079197923,16.86113857805688,41.097541272342,16.861158803055236,41.09333584930795,16.855672929401177,41.09331846638719,16.855846153569416,44.0,52.0
0_1721,30674385#2,25819177#3,41.09752079197923,16.86113857805688,41.097541272342,16.861158803055236,41.09331846638719,16.855846153569416,41.09330344191395,16.855984796607544,44.0,52.0
0_1722,30674385#2,25819177#5,41.09752079197923,16.86113857805688,41.097541272342,16.861158803055236,41.09328897220411,16.85615607855325,41.093276282258536,16.856306336332803,44.0,52.0
0_1723,30674385#2,28279138#5,41.09752079197923,16.86113857805688,41.097541272342,16.861158803055236,41.09309962997091,16.8641768999245,41.09122003932151,16.863954806076606,44.0,52.0
0_1724,30674385#2,28921528#2,41.09752079197923,16.86113857805688,41.097541272342,16.861158803055236,41.09590934506375,16.85589778274809,41.09589464404242,16.856597607978603,44.0,52.0
0_1725,30674385#2,28921528#8,41.09752079197923,16.86113857805688,41.097541272342,16.861158803055236,41.095864883749904,16.858939789299576,41.09579879841287,16.860483307032734,44.0,52.0
0_1726,30674385#2,30672980#0,41.09752079197923,16.86113857805688,41.097541272342,16.861158803055236,41.09410258065408,16.854547680343014,41.0940220774019,16.854495884667088,44.0,52.0
0_1727,30674385#2,30672980#6,41.09752079197923,16.86113857805688,41.097541272342,16.861158803055236,41.09290701188394,16.85345153155061,41.09274366748828,16.853398004520955,44.0,52.0
0_1728,30674385#2,30673346,41.09752079197923,16.86113857805688,41.097541272342,16.861158803055236,41.09289989869124,16.857979997773366,41.0924620240455,16.857540225068156,44.0,52.0
0_1729,30674385#2,30674315#11,41.09752079197923,16.86113857805688,41.097541272342,16.861158803055236,41.09762167433529,16.86078183182401,41.0975908593457,16.860854905020272,44.0,52.0
0_1730,30674385#2,30674315#8,41.09752079197923,16.86113857805688,41.097541272342,16.861158803055236,41.09783406893447,16.85935956518292,41.09781757948696,16.860074005211207,44.0,52.0
0_1731,30674385#2,30674315#9,41.09752079197923,16.86113857805688,41.097541272342,16.861158803055236,41.09781757948696,16.860074005211207,41.09773009884011,16.860532461562137,44.0,52.0
0_1732,30674385#2,30674359#4,41.09752079197923,16.86113857805688,41.097541272342,16.861158803055236,41.09788351207976,16.86008527251128,41.097886790174485,16.85993247707892,44.0,52.0
0_1733,30674385#2,30674359#5,41.09752079197923,16.86113857805688,41.097541272342,16.861158803055236,41.097886790174485,16.85993247707892,41.097887056561405,16.859358083149928,44.0,52.0
0_1734,30674385#2,30674948,41.09752079197923,16.86113857805688,41.097541272342,16.861158803055236,41.09346290764322,16.859512259912492,41.0937563740557,16.85923859402608,44.0,52.0
0_1735,30674385#2,30675059#0,41.09752079197923,16.86113857805688,41.097541272342,16.861158803055236,41.09575898407665,16.861403291409037,41.09556026737646,16.861799770540163,44.0,52.0
0_1736,30674385#2,30675059#1,41.09752079197923,16.86113857805688,41.097541272342,16.861158803055236,41.09556026737646,16.861799770540163,41.09428507077666,16.861822930016572,44.0,52.0
0_1737,30674385#2,33831688,41.09752079197923,16.86113857805688,41.097541272342,16.861158803055236,41.09717022441964,16.862141610446756,41.09717150257013,16.862346685598727,44.0,52.0
0_1738,30674385#2,48563895#1,41.09752079197923,16.86113857805688,41.097541272342,16.861158803055236,41.094497059549575,16.854662484304253,41.09459493177244,16.85467607291383,44.0,52.0
0_1739,30674385#2,48563902#0,41.09752079197923,16.86113857805688,41.097541272342,16.861158803055236,41.093159424293006,16.861119861413044,41.092910609638544,16.861550868324073,44.0,52.0
0_1740,30674385#2,48874527#2,41.09752079197923,16.86113857805688,41.097541272342,16.861158803055236,41.094611131446,16.86076995428607,41.09433377805168,16.860614722600705,44.0,52.0
0_1741,30674385#2,50077954,41.09752079197923,16.86113857805688,41.097541272342,16.861158803055236,41.094481033476846,16.855484180652265,41.09590934506375,16.85589778274809,44.0,52.0
0_1742,30674385#2,96606465,41.09752079197923,16.86113857805688,41.097541272342,16.861158803055236,41.09320904205983,16.86036794969964,41.093226008438016,16.859824905081403,44.0,52.0
0_1743,30674845#1,-131752097#1,41.093713925614296,16.861877642290583,41.09448834780094,16.86192451895768,41.09628587040379,16.863506396736675,41.09627339570725,16.863759660301465,45.0,0.0
0_1744,30674845#1,-25654991#0,41.093713925614296,16.861877642290583,41.09448834780094,16.86192451895768,41.09267829914716,16.854073630954087,41.09207574955028,16.85389154719994,45.0,0.0
0_1745,30674845#1,-33831688,41.093713925614296,16.861877642290583,41.09448834780094,16.86192451895768,41.09717150257013,16.862346685598727,41.09717022441964,16.862141610446756,45.0,0.0
0_1746,30674845#1,-48874524,41.093713925614296,16.861877642290583,41.09448834780094,16.86192451895768,41.09782874807601,16.858422322289133,41.09720965467912,16.86010828803053,45.0,0.0
0_1747,30674845#1,-50077954,41.093713925614296,16.861877642290583,41.09448834780094,16.86192451895768,41.09590934506375,16.85589778274809,41.094481033476846,16.855484180652265,45.0,0.0
0_1748,30674845#1,-50370694#0,41.093713925614296,16.861877642290583,41.09448834780094,16.86192451895768,41.09390877175432,16.860555577386883,41.09389978504193,16.86089441913475,45.0,0.0
0_1749,30674845#1,114953453#6,41.093713925614296,16.861877642290583,41.09448834780094,16.86192451895768,41.09289989869124,16.857979997773366,41.09252833667128,16.85806965698529,45.0,0.0
0_1750,30674845#1,1223050325#0,41.093713925614296,16.861877642290583,41.09448834780094,16.86192451895768,41.09575898407665,16.861403291409037,41.09578940828096,16.861627521735652,45.0,0.0
0_1751,30674845#1,1223050326,41.093713925614296,16.861877642290583,41.09448834780094,16.86192451895768,41.09577203818025,16.86132567064774,41.09575898407665,16.861403291409037,45.0,0.0
0_1752,30674845#1,1226960836#1,41.093713925614296,16.861877642290583,41.09448834780094,16.86192451895768,41.09326327598272,16.856459442663375,41.09325705252129,16.85653261037847,45.0,0.0
0_1753,30674845#1,131750844#7,41.093713925614296,16.861877642290583,41.09448834780094,16.86192451895768,41.09588692434208,16.86204201283392,41.096023183819085,16.86206015013157,45.0,0.0
0_1754,30674845#1,131750844#8,41.093713925614296,16.861877642290583,41.09448834780094,16.86192451895768,41.096023183819085,16.86206015013157,41.09607053280287,16.862073156374553,45.0,0.0
0_1755,30674845#1,131750844#9,41.093713925614296,16.861877642290583,41.09448834780094,16.86192451895768,41.09607053280287,16.862073156374553,41.09624619327664,16.862345189534487,45.0,0.0
0_1756,30674845#1,131750850#0,41.093713925614296,16.861877642290583,41.09448834780094,16.86192451895768,41.09406666971318,16.861809974981103,41.09374076152227,16.861733142040123,45.0,0.0
0_1757,30674845#1,131750853#0,41.093713925614296,16.861877642290583,41.09448834780094,16.86192451895768,41.09428507077666,16.861822930016572,41.094248634240174,16.861820234016683,45.0,0.0
0_1758,30674845#1,131750853#2,41.093713925614296,16.861877642290583,41.09448834780094,16.86192451895768,41.09422326217536,16.861818445841735,41.09406666971318,16.861809974981103,45.0,0.0
0_1759,30674845#1,131752095#2,41.093713925614296,16.861877642290583,41.09448834780094,16.86192451895768,41.09606913880409,16.857384087393385,41.09607773810893,16.85711333011326,45.0,0.0
0_1760,30674845#1,25817423#3,41.093713925614296,16.861877642290583,41.09448834780094,16.86192451895768,41.093433790346566,16.855687830843742,41.09352569242476,16.85465158647345,45.0,0.0
0_1761,30674845#1,25817735#2,41.093713925614296,16.861877642290583,41.09448834780094,16.86192451895768,41.09257525037648,16.866055037799217,41.08991586912939,16.865878687144406,45.0,0.0
0_1762,30674845#1,25819014#1,41.093713925614296,16.861877642290583,41.09448834780094,16.86192451895768,41.09637979984023,16.861535604961926,41.096390396588056,16.86145398483175,45.0,0.0
0_1763,30674845#1,25819014#2,41.093713925614296,16.861877642290583,41.09448834780094,16.86192451895768,41.096390396588056,16.86145398483175,41.09617566373433,16.86105237527639,45.0,0.0
0_1764,30674845#1,25819177#2,41.093713925614296,16.861877642290583,41.09448834780094,16.86192451895768,41.09333584930795,16.855672929401177,41.09331846638719,16.855846153569416,45.0,0.0
0_1765,30674845#1,25819177#3,41.093713925614296,16.861877642290583,41.09448834780094,16.86192451895768,41.09331846638719,16.855846153569416,41.09330344191395,16.855984796607544,45.0,0.0
0_1766,30674845#1,25819177#5,41.093713925614296,16.861877642290583,41.09448834780094,16.86192451895768,41.09328897220411,16.85615607855325,41.093276282258536,16.856306336332803,45.0,0.0
0_1767,30674845#1,28279138#5,41.093713925614296,16.861877642290583,41.09448834780094,16.86192451895768,41.09309962997091,16.8641768999245,41.09122003932151,16.863954806076606,45.0,0.0
0_1768,30674845#1,28921528#2,41.093713925614296,16.861877642290583,41.09448834780094,16.86192451895768,41.09590934506375,16.85589778274809,41.09589464404242,16.856597607978603,45.0,0.0
0_1769,30674845#1,28921528#8,41.093713925614296,16.861877642290583,41.09448834780094,16.86192451895768,41.095864883749904,16.858939789299576,41.09579879841287,16.860483307032734,45.0,0.0
0_1770,30674845#1,30672980#0,41.093713925614296,16.861877642290583,41.09448834780094,16.86192451895768,41.09410258065408,16.854547680343014,41.0940220774019,16.854495884667088,45.0,0.0
0_1771,30674845#1,30672980#6,41.093713925614296,16.861877642290583,41.09448834780094,16.86192451895768,41.09290701188394,16.85345153155061,41.09274366748828,16.853398004520955,45.0,0.0
0_1772,30674845#1,30673346,41.093713925614296,16.861877642290583,41.09448834780094,16.86192451895768,41.09289989869124,16.857979997773366,41.0924620240455,16.857540225068156,45.0,0.0
0_1773,30674845#1,30674315#11,41.093713925614296,16.861877642290583,41.09448834780094,16.86192451895768,41.09762167433529,16.86078183182401,41.0975908593457,16.860854905020272,45.0,0.0
0_1774,30674845#1,30674315#8,41.093713925614296,16.861877642290583,41.09448834780094,16.86192451895768,41.09783406893447,16.85935956518292,41.09781757948696,16.860074005211207,45.0,0.0
0_1775,30674845#1,30674315#9,41.093713925614296,16.861877642290583,41.09448834780094,16.86192451895768,41.09781757948696,16.860074005211207,41.09773009884011,16.860532461562137,45.0,0.0
0_1776,30674845#1,30674359#4,41.093713925614296,16.861877642290583,41.09448834780094,16.86192451895768,41.09788351207976,16.86008527251128,41.097886790174485,16.85993247707892,45.0,0.0
0_1777,30674845#1,30674359#5,41.093713925614296,16.861877642290583,41.09448834780094,16.86192451895768,41.097886790174485,16.85993247707892,41.097887056561405,16.859358083149928,45.0,0.0
0_1778,30674845#1,30674385#2,41.093713925614296,16.861877642290583,41.09448834780094,16.86192451895768,41.09752079197923,16.86113857805688,41.097541272342,16.861158803055236,45.0,0.0
0_1779,30674845#1,30674948,41.093713925614296,16.861877642290583,41.09448834780094,16.86192451895768,41.09346290764322,16.859512259912492,41.0937563740557,16.85923859402608,45.0,0.0
0_1780,30674845#1,30675059#0,41.093713925614296,16.861877642290583,41.09448834780094,16.86192451895768,41.09575898407665,16.861403291409037,41.09556026737646,16.861799770540163,45.0,0.0
0_1781,30674845#1,30675059#1,41.093713925614296,16.861877642290583,41.09448834780094,16.86192451895768,41.09556026737646,16.861799770540163,41.09428507077666,16.861822930016572,45.0,0.0
0_1782,30674845#1,33831688,41.093713925614296,16.861877642290583,41.09448834780094,16.86192451895768,41.09717022441964,16.862141610446756,41.09717150257013,16.862346685598727,45.0,0.0
0_1783,30674845#1,48563895#1,41.093713925614296,16.861877642290583,41.09448834780094,16.86192451895768,41.094497059549575,16.854662484304253,41.09459493177244,16.85467607291383,45.0,0.0
0_1784,30674845#1,48563902#0,41.093713925614296,16.861877642290583,41.09448834780094,16.86192451895768,41.093159424293006,16.861119861413044,41.092910609638544,16.861550868324073,45.0,0.0
0_1785,30674845#1,48874527#2,41.093713925614296,16.861877642290583,41.09448834780094,16.86192451895768,41.094611131446,16.86076995428607,41.09433377805168,16.860614722600705,45.0,0.0
0_1786,30674845#1,50077954,41.093713925614296,16.861877642290583,41.09448834780094,16.86192451895768,41.094481033476846,16.855484180652265,41.09590934506375,16.85589778274809,45.0,0.0
0_1787,30674845#1,96606465,41.093713925614296,16.861877642290583,41.09448834780094,16.86192451895768,41.09320904205983,16.86036794969964,41.093226008438016,16.859824905081403,45.0,0.0
0_1788,33831688,-131752097#1,41.09717022441964,16.862141610446756,41.09717150257013,16.862346685598727,41.09628587040379,16.863506396736675,41.09627339570725,16.863759660301465,44.0,52.0
0_1789,33831688,-25654991#0,41.09717022441964,16.862141610446756,41.09717150257013,16.862346685598727,41.09267829914716,16.854073630954087,41.09207574955028,16.85389154719994,44.0,52.0
0_1790,33831688,-33831688,41.09717022441964,16.862141610446756,41.09717150257013,16.862346685598727,41.09717150257013,16.862346685598727,41.09717022441964,16.862141610446756,44.0,52.0
0_1791,33831688,-48874524,41.09717022441964,16.862141610446756,41.09717150257013,16.862346685598727,41.09782874807601,16.858422322289133,41.09720965467912,16.86010828803053,44.0,52.0
0_1792,33831688,-50077954,41.09717022441964,16.862141610446756,41.09717150257013,16.862346685598727,41.09590934506375,16.85589778274809,41.094481033476846,16.855484180652265,44.0,52.0
0_1793,33831688,-50370694#0,41.09717022441964,16.862141610446756,41.09717150257013,16.862346685598727,41.09390877175432,16.860555577386883,41.09389978504193,16.86089441913475,44.0,52.0
0_1794,33831688,114953453#6,41.09717022441964,16.862141610446756,41.09717150257013,16.862346685598727,41.09289989869124,16.857979997773366,41.09252833667128,16.85806965698529,44.0,52.0
0_1795,33831688,1223050325#0,41.09717022441964,16.862141610446756,41.09717150257013,16.862346685598727,41.09575898407665,16.861403291409037,41.09578940828096,16.861627521735652,44.0,52.0
0_1796,33831688,1223050326,41.09717022441964,16.862141610446756,41.09717150257013,16.862346685598727,41.09577203818025,16.86132567064774,41.09575898407665,16.861403291409037,44.0,52.0
0_1797,33831688,1226960836#1,41.09717022441964,16.862141610446756,41.09717150257013,16.862346685598727,41.09326327598272,16.856459442663375,41.09325705252129,16.85653261037847,44.0,52.0
0_1798,33831688,131750844#7,41.09717022441964,16.862141610446756,41.09717150257013,16.862346685598727,41.09588692434208,16.86204201283392,41.096023183819085,16.86206015013157,44.0,52.0
0_1799,33831688,131750844#8,41.09717022441964,16.862141610446756,41.09717150257013,16.862346685598727,41.096023183819085,16.86206015013157,41.09607053280287,16.862073156374553,44.0,52.0
0_1800,33831688,131750844#9,41.09717022441964,16.862141610446756,41.09717150257013,16.862346685598727,41.09607053280287,16.862073156374553,41.09624619327664,16.862345189534487,44.0,52.0
0_1801,33831688,131750850#0,41.09717022441964,16.862141610446756,41.09717150257013,16.862346685598727,41.09406666971318,16.861809974981103,41.09374076152227,16.861733142040123,44.0,52.0
0_1802,33831688,131750853#0,41.09717022441964,16.862141610446756,41.09717150257013,16.862346685598727,41.09428507077666,16.861822930016572,41.094248634240174,16.861820234016683,44.0,52.0
0_1803,33831688,131750853#2,41.09717022441964,16.862141610446756,41.09717150257013,16.862346685598727,41.09422326217536,16.861818445841735,41.09406666971318,16.861809974981103,44.0,52.0
0_1804,33831688,131752095#2,41.09717022441964,16.862141610446756,41.09717150257013,16.862346685598727,41.09606913880409,16.857384087393385,41.09607773810893,16.85711333011326,44.0,52.0
0_1805,33831688,25817423#3,41.09717022441964,16.862141610446756,41.09717150257013,16.862346685598727,41.093433790346566,16.855687830843742,41.09352569242476,16.85465158647345,44.0,52.0
0_1806,33831688,25817735#2,41.09717022441964,16.862141610446756,41.09717150257013,16.862346685598727,41.09257525037648,16.866055037799217,41.08991586912939,16.865878687144406,44.0,52.0
0_1807,33831688,25819014#1,41.09717022441964,16.862141610446756,41.09717150257013,16.862346685598727,41.09637979984023,16.861535604961926,41.096390396588056,16.86145398483175,44.0,52.0
0_1808,33831688,25819014#2,41.09717022441964,16.862141610446756,41.09717150257013,16.862346685598727,41.096390396588056,16.86145398483175,41.09617566373433,16.86105237527639,44.0,52.0
0_1809,33831688,25819177#2,41.09717022441964,16.862141610446756,41.09717150257013,16.862346685598727,41.09333584930795,16.855672929401177,41.09331846638719,16.855846153569416,44.0,52.0
0_1810,33831688,25819177#3,41.09717022441964,16.862141610446756,41.09717150257013,16.862346685598727,41.09331846638719,16.855846153569416,41.09330344191395,16.855984796607544,44.0,52.0
0_1811,33831688,25819177#5,41.09717022441964,16.862141610446756,41.09717150257013,16.862346685598727,41.09328897220411,16.85615607855325,41.093276282258536,16.856306336332803,44.0,52.0
0_1812,33831688,28279138#5,41.09717022441964,16.862141610446756,41.09717150257013,16.862346685598727,41.09309962997091,16.8641768999245,41.09122003932151,16.863954806076606,44.0,52.0
0_1813,33831688,28921528#2,41.09717022441964,16.862141610446756,41.09717150257013,16.862346685598727,41.09590934506375,16.85589778274809,41.09589464404242,16.856597607978603,44.0,52.0
0_1814,33831688,28921528#8,41.09717022441964,16.862141610446756,41.09717150257013,16.862346685598727,41.095864883749904,16.858939789299576,41.09579879841287,16.860483307032734,44.0,52.0
0_1815,33831688,30672980#0,41.09717022441964,16.862141610446756,41.09717150257013,16.862346685598727,41.09410258065408,16.854547680343014,41.0940220774019,16.854495884667088,44.0,52.0
0_1816,33831688,30672980#6,41.09717022441964,16.862141610446756,41.09717150257013,16.862346685598727,41.09290701188394,16.85345153155061,41.09274366748828,16.853398004520955,44.0,52.0
0_1817,33831688,30673346,41.09717022441964,16.862141610446756,41.09717150257013,16.862346685598727,41.09289989869124,16.857979997773366,41.0924620240455,16.857540225068156,44.0,52.0
0_1818,33831688,30674315#11,41.09717022441964,16.862141610446756,41.09717150257013,16.862346685598727,41.09762167433529,16.86078183182401,41.0975908593457,16.860854905020272,44.0,52.0
0_1819,33831688,30674315#8,41.09717022441964,16.862141610446756,41.09717150257013,16.862346685598727,41.09783406893447,16.85935956518292,41.09781757948696,16.860074005211207,44.0,52.0
0_1820,33831688,30674315#9,41.09717022441964,16.862141610446756,41.09717150257013,16.862346685598727,41.09781757948696,16.860074005211207,41.09773009884011,16.860532461562137,44.0,52.0
0_1821,33831688,30674359#4,41.09717022441964,16.862141610446756,41.09717150257013,16.862346685598727,41.09788351207976,16.86008527251128,41.097886790174485,16.85993247707892,44.0,52.0
0_1822,33831688,30674359#5,41.09717022441964,16.862141610446756,41.09717150257013,16.862346685598727,41.097886790174485,16.85993247707892,41.097887056561405,16.859358083149928,44.0,52.0
0_1823,33831688,30674385#2,41.09717022441964,16.862141610446756,41.09717150257013,16.862346685598727,41.09752079197923,16.86113857805688,41.097541272342,16.861158803055236,44.0,52.0
0_1824,33831688,30674948,41.09717022441964,16.862141610446756,41.09717150257013,16.862346685598727,41.09346290764322,16.859512259912492,41.0937563740557,16.85923859402608,44.0,52.0
0_1825,33831688,30675059#0,41.09717022441964,16.862141610446756,41.09717150257013,16.862346685598727,41.09575898407665,16.861403291409037,41.09556026737646,16.861799770540163,44.0,52.0
0_1826,33831688,30675059#1,41.09717022441964,16.862141610446756,41.09717150257013,16.862346685598727,41.09556026737646,16.861799770540163,41.09428507077666,16.861822930016572,44.0,52.0
0_1827,33831688,48563895#1,41.09717022441964,16.862141610446756,41.09717150257013,16.862346685598727,41.094497059549575,16.854662484304253,41.09459493177244,16.85467607291383,44.0,52.0
0_1828,33831688,48563902#0,41.09717022441964,16.862141610446756,41.09717150257013,16.862346685598727,41.093159424293006,16.861119861413044,41.092910609638544,16.861550868324073,44.0,52.0
0_1829,33831688,48874527#2,41.09717022441964,16.862141610446756,41.09717150257013,16.862346685598727,41.094611131446,16.86076995428607,41.09433377805168,16.860614722600705,44.0,52.0
0_1830,33831688,50077954,41.09717022441964,16.862141610446756,41.09717150257013,16.862346685598727,41.094481033476846,16.855484180652265,41.09590934506375,16.85589778274809,44.0,52.0
0_1831,33831688,96606465,41.09717022441964,16.862141610446756,41.09717150257013,16.862346685598727,41.09320904205983,16.86036794969964,41.093226008438016,16.859824905081403,44.0,52.0
0_1832,48559286#0,-131752097#1,41.095015812491134,16.85898073620376,41.09510782615108,16.858949873370666,41.09628587040379,16.863506396736675,41.09627339570725,16.863759660301465,45.0,0.0
0_1833,48559286#0,-25654991#0,41.095015812491134,16.85898073620376,41.09510782615108,16.858949873370666,41.09267829914716,16.854073630954087,41.09207574955028,16.85389154719994,45.0,0.0
0_1834,48559286#0,-33831688,41.095015812491134,16.85898073620376,41.09510782615108,16.858949873370666,41.09717150257013,16.862346685598727,41.09717022441964,16.862141610446756,45.0,0.0
0_1835,48559286#0,-48874524,41.095015812491134,16.85898073620376,41.09510782615108,16.858949873370666,41.09782874807601,16.858422322289133,41.09720965467912,16.86010828803053,45.0,0.0
0_1836,48559286#0,-50077954,41.095015812491134,16.85898073620376,41.09510782615108,16.858949873370666,41.09590934506375,16.85589778274809,41.094481033476846,16.855484180652265,45.0,0.0
0_1837,48559286#0,-50370694#0,41.095015812491134,16.85898073620376,41.09510782615108,16.858949873370666,41.09390877175432,16.860555577386883,41.09389978504193,16.86089441913475,45.0,0.0
0_1838,48559286#0,114953453#6,41.095015812491134,16.85898073620376,41.09510782615108,16.858949873370666,41.09289989869124,16.857979997773366,41.09252833667128,16.85806965698529,45.0,0.0
0_1839,48559286#0,1223050325#0,41.095015812491134,16.85898073620376,41.09510782615108,16.858949873370666,41.09575898407665,16.861403291409037,41.09578940828096,16.861627521735652,45.0,0.0
0_1840,48559286#0,1223050326,41.095015812491134,16.85898073620376,41.09510782615108,16.858949873370666,41.09577203818025,16.86132567064774,41.09575898407665,16.861403291409037,45.0,0.0
0_1841,48559286#0,1226960836#1,41.095015812491134,16.85898073620376,41.09510782615108,16.858949873370666,41.09326327598272,16.856459442663375,41.09325705252129,16.85653261037847,45.0,0.0
0_1842,48559286#0,131750844#7,41.095015812491134,16.85898073620376,41.09510782615108,16.858949873370666,41.09588692434208,16.86204201283392,41.096023183819085,16.86206015013157,45.0,0.0
0_1843,48559286#0,131750844#8,41.095015812491134,16.85898073620376,41.09510782615108,16.858949873370666,41.096023183819085,16.86206015013157,41.09607053280287,16.862073156374553,45.0,0.0
0_1844,48559286#0,131750844#9,41.095015812491134,16.85898073620376,41.09510782615108,16.858949873370666,41.09607053280287,16.862073156374553,41.09624619327664,16.862345189534487,45.0,0.0
0_1845,48559286#0,131750850#0,41.095015812491134,16.85898073620376,41.09510782615108,16.858949873370666,41.09406666971318,16.861809974981103,41.09374076152227,16.861733142040123,45.0,0.0
0_1846,48559286#0,131750853#0,41.095015812491134,16.85898073620376,41.09510782615108,16.858949873370666,41.09428507077666,16.861822930016572,41.094248634240174,16.861820234016683,45.0,0.0
0_1847,48559286#0,131750853#2,41.095015812491134,16.85898073620376,41.09510782615108,16.858949873370666,41.09422326217536,16.861818445841735,41.09406666971318,16.861809974981103,45.0,0.0
0_1848,48559286#0,131752095#2,41.095015812491134,16.85898073620376,41.09510782615108,16.858949873370666,41.09606913880409,16.857384087393385,41.09607773810893,16.85711333011326,45.0,0.0
0_1849,48559286#0,25817423#3,41.095015812491134,16.85898073620376,41.09510782615108,16.858949873370666,41.093433790346566,16.855687830843742,41.09352569242476,16.85465158647345,45.0,0.0
0_1850,48559286#0,25817735#2,41.095015812491134,16.85898073620376,41.09510782615108,16.858949873370666,41.09257525037648,16.866055037799217,41.08991586912939,16.865878687144406,45.0,0.0
0_1851,48559286#0,25819014#1,41.095015812491134,16.85898073620376,41.09510782615108,16.858949873370666,41.09637979984023,16.861535604961926,41.096390396588056,16.86145398483175,45.0,0.0
0_1852,48559286#0,25819014#2,41.095015812491134,16.85898073620376,41.09510782615108,16.858949873370666,41.096390396588056,16.86145398483175,41.09617566373433,16.86105237527639,45.0,0.0
0_1853,48559286#0,25819177#2,41.095015812491134,16.85898073620376,41.09510782615108,16.858949873370666,41.09333584930795,16.855672929401177,41.09331846638719,16.855846153569416,45.0,0.0
0_1854,48559286#0,25819177#3,41.095015812491134,16.85898073620376,41.09510782615108,16.858949873370666,41.09331846638719,16.855846153569416,41.09330344191395,16.855984796607544,45.0,0.0
0_1855,48559286#0,25819177#5,41.095015812491134,16.85898073620376,41.09510782615108,16.858949873370666,41.09328897220411,16.85615607855325,41.093276282258536,16.856306336332803,45.0,0.0
0_1856,48559286#0,28279138#5,41.095015812491134,16.85898073620376,41.09510782615108,16.858949873370666,41.09309962997091,16.8641768999245,41.09122003932151,16.863954806076606,45.0,0.0
0_1857,48559286#0,28921528#2,41.095015812491134,16.85898073620376,41.09510782615108,16.858949873370666,41.09590934506375,16.85589778274809,41.09589464404242,16.856597607978603,45.0,0.0
0_1858,48559286#0,28921528#8,41.095015812491134,16.85898073620376,41.09510782615108,16.858949873370666,41.095864883749904,16.858939789299576,41.09579879841287,16.860483307032734,45.0,0.0
0_1859,48559286#0,30672980#0,41.095015812491134,16.85898073620376,41.09510782615108,16.858949873370666,41.09410258065408,16.854547680343014,41.0940220774019,16.854495884667088,45.0,0.0
0_1860,48559286#0,30672980#6,41.095015812491134,16.85898073620376,41.09510782615108,16.858949873370666,41.09290701188394,16.85345153155061,41.09274366748828,16.853398004520955,45.0,0.0
0_1861,48559286#0,30673346,41.095015812491134,16.85898073620376,41.09510782615108,16.858949873370666,41.09289989869124,16.857979997773366,41.0924620240455,16.857540225068156,45.0,0.0
0_1862,48559286#0,30674315#11,41.095015812491134,16.85898073620376,41.09510782615108,16.858949873370666,41.09762167433529,16.86078183182401,41.0975908593457,16.860854905020272,45.0,0.0
0_1863,48559286#0,30674315#8,41.095015812491134,16.85898073620376,41.09510782615108,16.858949873370666,41.09783406893447,16.85935956518292,41.09781757948696,16.860074005211207,45.0,0.0
0_1864,48559286#0,30674315#9,41.095015812491134,16.85898073620376,41.09510782615108,16.858949873370666,41.09781757948696,16.860074005211207,41.09773009884011,16.860532461562137,45.0,0.0
0_1865,48559286#0,30674359#4,41.095015812491134,16.85898073620376,41.09510782615108,16.858949873370666,41.09788351207976,16.86008527251128,41.097886790174485,16.85993247707892,45.0,0.0
0_1866,48559286#0,30674359#5,41.095015812491134,16.85898073620376,41.09510782615108,16.858949873370666,41.097886790174485,16.85993247707892,41.097887056561405,16.859358083149928,45.0,0.0
0_1867,48559286#0,30674385#2,41.095015812491134,16.85898073620376,41.09510782615108,16.858949873370666,41.09752079197923,16.86113857805688,41.097541272342,16.861158803055236,45.0,0.0
0_1868,48559286#0,30674948,41.095015812491134,16.85898073620376,41.09510782615108,16.858949873370666,41.09346290764322,16.859512259912492,41.0937563740557,16.85923859402608,45.0,0.0
0_1869,48559286#0,30675059#0,41.095015812491134,16.85898073620376,41.09510782615108,16.858949873370666,41.09575898407665,16.861403291409037,41.09556026737646,16.861799770540163,45.0,0.0
0_1870,48559286#0,30675059#1,41.095015812491134,16.85898073620376,41.09510782615108,16.858949873370666,41.09556026737646,16.861799770540163,41.09428507077666,16.861822930016572,45.0,0.0
0_1871,48559286#0,33831688,41.095015812491134,16.85898073620376,41.09510782615108,16.858949873370666,41.09717022441964,16.862141610446756,41.09717150257013,16.862346685598727,45.0,0.0
0_1872,48559286#0,48563895#1,41.095015812491134,16.85898073620376,41.09510782615108,16.858949873370666,41.094497059549575,16.854662484304253,41.09459493177244,16.85467607291383,45.0,0.0
0_1873,48559286#0,48563902#0,41.095015812491134,16.85898073620376,41.09510782615108,16.858949873370666,41.093159424293006,16.861119861413044,41.092910609638544,16.861550868324073,45.0,0.0
0_1874,48559286#0,48874527#2,41.095015812491134,16.85898073620376,41.09510782615108,16.858949873370666,41.094611131446,16.86076995428607,41.09433377805168,16.860614722600705,45.0,0.0
0_1875,48559286#0,50077954,41.095015812491134,16.85898073620376,41.09510782615108,16.858949873370666,41.094481033476846,16.855484180652265,41.09590934506375,16.85589778274809,45.0,0.0
0_1876,48559286#0,96606465,41.095015812491134,16.85898073620376,41.09510782615108,16.858949873370666,41.09320904205983,16.86036794969964,41.093226008438016,16.859824905081403,45.0,0.0
0_1877,48563895#1,-131752097#1,41.094497059549575,16.854662484304253,41.09459493177244,16.85467607291383,41.09628587040379,16.863506396736675,41.09627339570725,16.863759660301465,44.0,52.0
0_1878,48563895#1,-25654991#0,41.094497059549575,16.854662484304253,41.09459493177244,16.85467607291383,41.09267829914716,16.854073630954087,41.09207574955028,16.85389154719994,44.0,52.0
0_1879,48563895#1,-33831688,41.094497059549575,16.854662484304253,41.09459493177244,16.85467607291383,41.09717150257013,16.862346685598727,41.09717022441964,16.862141610446756,44.0,52.0
0_1880,48563895#1,-48874524,41.094497059549575,16.854662484304253,41.09459493177244,16.85467607291383,41.09782874807601,16.858422322289133,41.09720965467912,16.86010828803053,44.0,52.0
0_1881,48563895#1,-50077954,41.094497059549575,16.854662484304253,41.09459493177244,16.85467607291383,41.09590934506375,16.85589778274809,41.094481033476846,16.855484180652265,44.0,52.0
0_1882,48563895#1,-50370694#0,41.094497059549575,16.854662484304253,41.09459493177244,16.85467607291383,41.09390877175432,16.860555577386883,41.09389978504193,16.86089441913475,44.0,52.0
0_1883,48563895#1,114953453#6,41.094497059549575,16.854662484304253,41.09459493177244,16.85467607291383,41.09289989869124,16.857979997773366,41.09252833667128,16.85806965698529,44.0,52.0
0_1884,48563895#1,1223050325#0,41.094497059549575,16.854662484304253,41.09459493177244,16.85467607291383,41.09575898407665,16.861403291409037,41.09578940828096,16.861627521735652,44.0,52.0
0_1885,48563895#1,1223050326,41.094497059549575,16.854662484304253,41.09459493177244,16.85467607291383,41.09577203818025,16.86132567064774,41.09575898407665,16.861403291409037,44.0,52.0
0_1886,48563895#1,1226960836#1,41.094497059549575,16.854662484304253,41.09459493177244,16.85467607291383,41.09326327598272,16.856459442663375,41.09325705252129,16.85653261037847,44.0,52.0
0_1887,48563895#1,131750844#7,41.094497059549575,16.854662484304253,41.09459493177244,16.85467607291383,41.09588692434208,16.86204201283392,41.096023183819085,16.86206015013157,44.0,52.0
0_1888,48563895#1,131750844#8,41.094497059549575,16.854662484304253,41.09459493177244,16.85467607291383,41.096023183819085,16.86206015013157,41.09607053280287,16.862073156374553,44.0,52.0
0_1889,48563895#1,131750844#9,41.094497059549575,16.854662484304253,41.09459493177244,16.85467607291383,41.09607053280287,16.862073156374553,41.09624619327664,16.862345189534487,44.0,52.0
0_1890,48563895#1,131750850#0,41.094497059549575,16.854662484304253,41.09459493177244,16.85467607291383,41.09406666971318,16.861809974981103,41.09374076152227,16.861733142040123,44.0,52.0
0_1891,48563895#1,131750853#0,41.094497059549575,16.854662484304253,41.09459493177244,16.85467607291383,41.09428507077666,16.861822930016572,41.094248634240174,16.861820234016683,44.0,52.0
0_1892,48563895#1,131750853#2,41.094497059549575,16.854662484304253,41.09459493177244,16.85467607291383,41.09422326217536,16.861818445841735,41.09406666971318,16.861809974981103,44.0,52.0
0_1893,48563895#1,131752095#2,41.094497059549575,16.854662484304253,41.09459493177244,16.85467607291383,41.09606913880409,16.857384087393385,41.09607773810893,16.85711333011326,44.0,52.0
0_1894,48563895#1,25817423#3,41.094497059549575,16.854662484304253,41.09459493177244,16.85467607291383,41.093433790346566,16.855687830843742,41.09352569242476,16.85465158647345,44.0,52.0
0_1895,48563895#1,25817735#2,41.094497059549575,16.854662484304253,41.09459493177244,16.85467607291383,41.09257525037648,16.866055037799217,41.08991586912939,16.865878687144406,44.0,52.0
0_1896,48563895#1,25819014#1,41.094497059549575,16.854662484304253,41.09459493177244,16.85467607291383,41.09637979984023,16.861535604961926,41.096390396588056,16.86145398483175,44.0,52.0
0_1897,48563895#1,25819014#2,41.094497059549575,16.854662484304253,41.09459493177244,16.85467607291383,41.096390396588056,16.86145398483175,41.09617566373433,16.86105237527639,44.0,52.0
0_1898,48563895#1,25819177#2,41.094497059549575,16.854662484304253,41.09459493177244,16.85467607291383,41.09333584930795,16.855672929401177,41.09331846638719,16.855846153569416,44.0,52.0
0_1899,48563895#1,25819177#3,41.094497059549575,16.854662484304253,41.09459493177244,16.85467607291383,41.09331846638719,16.855846153569416,41.09330344191395,16.855984796607544,44.0,52.0
0_1900,48563895#1,25819177#5,41.094497059549575,16.854662484304253,41.09459493177244,16.85467607291383,41.09328897220411,16.85615607855325,41.093276282258536,16.856306336332803,44.0,52.0
0_1901,48563895#1,28279138#5,41.094497059549575,16.854662484304253,41.09459493177244,16.85467607291383,41.09309962997091,16.8641768999245,41.09122003932151,16.863954806076606,44.0,52.0
0_1902,48563895#1,28921528#2,41.094497059549575,16.854662484304253,41.09459493177244,16.85467607291383,41.09590934506375,16.85589778274809,41.09589464404242,16.856597607978603,44.0,52.0
0_1903,48563895#1,28921528#8,41.094497059549575,16.854662484304253,41.09459493177244,16.85467607291383,41.095864883749904,16.858939789299576,41.09579879841287,16.860483307032734,44.0,52.0
0_1904,48563895#1,30672980#0,41.094497059549575,16.854662484304253,41.09459493177244,16.85467607291383,41.09410258065408,16.854547680343014,41.0940220774019,16.854495884667088,44.0,52.0
0_1905,48563895#1,30672980#6,41.094497059549575,16.854662484304253,41.09459493177244,16.85467607291383,41.09290701188394,16.85345153155061,41.09274366748828,16.853398004520955,44.0,52.0
0_1906,48563895#1,30673346,41.094497059549575,16.854662484304253,41.09459493177244,16.85467607291383,41.09289989869124,16.857979997773366,41.0924620240455,16.857540225068156,44.0,52.0
0_1907,48563895#1,30674315#11,41.094497059549575,16.854662484304253,41.09459493177244,16.85467607291383,41.09762167433529,16.86078183182401,41.0975908593457,16.860854905020272,44.0,52.0
0_1908,48563895#1,30674315#8,41.094497059549575,16.854662484304253,41.09459493177244,16.85467607291383,41.09783406893447,16.85935956518292,41.09781757948696,16.860074005211207,44.0,52.0
0_1909,48563895#1,30674315#9,41.094497059549575,16.854662484304253,41.09459493177244,16.85467607291383,41.09781757948696,16.860074005211207,41.09773009884011,16.860532461562137,44.0,52.0
0_1910,48563895#1,30674359#4,41.094497059549575,16.854662484304253,41.09459493177244,16.85467607291383,41.09788351207976,16.86008527251128,41.097886790174485,16.85993247707892,44.0,52.0
0_1911,48563895#1,30674359#5,41.094497059549575,16.854662484304253,41.09459493177244,16.85467607291383,41.097886790174485,16.85993247707892,41.097887056561405,16.859358083149928,44.0,52.0
0_1912,48563895#1,30674385#2,41.094497059549575,16.854662484304253,41.09459493177244,16.85467607291383,41.09752079197923,16.86113857805688,41.097541272342,16.861158803055236,44.0,52.0
0_1913,48563895#1,30674948,41.094497059549575,16.854662484304253,41.09459493177244,16.85467607291383,41.09346290764322,16.859512259912492,41.0937563740557,16.85923859402608,44.0,52.0
0_1914,48563895#1,30675059#0,41.094497059549575,16.854662484304253,41.09459493177244,16.85467607291383,41.09575898407665,16.861403291409037,41.09556026737646,16.861799770540163,44.0,52.0
0_1915,48563895#1,30675059#1,41.094497059549575,16.854662484304253,41.09459493177244,16.85467607291383,41.09556026737646,16.861799770540163,41.09428507077666,16.861822930016572,44.0,52.0
0_1916,48563895#1,33831688,41.094497059549575,16.854662484304253,41.09459493177244,16.85467607291383,41.09717022441964,16.862141610446756,41.09717150257013,16.862346685598727,44.0,52.0
0_1917,48563895#1,48563902#0,41.094497059549575,16.854662484304253,41.09459493177244,16.85467607291383,41.093159424293006,16.861119861413044,41.092910609638544,16.861550868324073,44.0,52.0
0_1918,48563895#1,48874527#2,41.094497059549575,16.854662484304253,41.09459493177244,16.85467607291383,41.094611131446,16.86076995428607,41.09433377805168,16.860614722600705,44.0,52.0
0_1919,48563895#1,50077954,41.094497059549575,16.854662484304253,41.09459493177244,16.85467607291383,41.094481033476846,16.855484180652265,41.09590934506375,16.85589778274809,44.0,52.0
0_1920,48563895#1,96606465,41.094497059549575,16.854662484304253,41.09459493177244,16.85467607291383,41.09320904205983,16.86036794969964,41.093226008438016,16.859824905081403,44.0,52.0
0_1921,48563895#2,-131752097#1,41.09459493177244,16.85467607291383,41.09473989153562,16.854696582502296,41.09628587040379,16.863506396736675,41.09627339570725,16.863759660301465,45.0,0.0
0_1922,48563895#2,-25654991#0,41.09459493177244,16.85467607291383,41.09473989153562,16.854696582502296,41.09267829914716,16.854073630954087,41.09207574955028,16.85389154719994,45.0,0.0
0_1923,48563895#2,-33831688,41.09459493177244,16.85467607291383,41.09473989153562,16.854696582502296,41.09717150257013,16.862346685598727,41.09717022441964,16.862141610446756,45.0,0.0
0_1924,48563895#2,-48874524,41.09459493177244,16.85467607291383,41.09473989153562,16.854696582502296,41.09782874807601,16.858422322289133,41.09720965467912,16.86010828803053,45.0,0.0
0_1925,48563895#2,-50077954,41.09459493177244,16.85467607291383,41.09473989153562,16.854696582502296,41.09590934506375,16.85589778274809,41.094481033476846,16.855484180652265,45.0,0.0
0_1926,48563895#2,-50370694#0,41.09459493177244,16.85467607291383,41.09473989153562,16.854696582502296,41.09390877175432,16.860555577386883,41.09389978504193,16.86089441913475,45.0,0.0
0_1927,48563895#2,114953453#6,41.09459493177244,16.85467607291383,41.09473989153562,16.854696582502296,41.09289989869124,16.857979997773366,41.09252833667128,16.85806965698529,45.0,0.0
0_1928,48563895#2,1223050325#0,41.09459493177244,16.85467607291383,41.09473989153562,16.854696582502296,41.09575898407665,16.861403291409037,41.09578940828096,16.861627521735652,45.0,0.0
0_1929,48563895#2,1223050326,41.09459493177244,16.85467607291383,41.09473989153562,16.854696582502296,41.09577203818025,16.86132567064774,41.09575898407665,16.861403291409037,45.0,0.0
0_1930,48563895#2,1226960836#1,41.09459493177244,16.85467607291383,41.09473989153562,16.854696582502296,41.09326327598272,16.856459442663375,41.09325705252129,16.85653261037847,45.0,0.0
0_1931,48563895#2,131750844#7,41.09459493177244,16.85467607291383,41.09473989153562,16.854696582502296,41.09588692434208,16.86204201283392,41.096023183819085,16.86206015013157,45.0,0.0
0_1932,48563895#2,131750844#8,41.09459493177244,16.85467607291383,41.09473989153562,16.854696582502296,41.096023183819085,16.86206015013157,41.09607053280287,16.862073156374553,45.0,0.0
0_1933,48563895#2,131750844#9,41.09459493177244,16.85467607291383,41.09473989153562,16.854696582502296,41.09607053280287,16.862073156374553,41.09624619327664,16.862345189534487,45.0,0.0
0_1934,48563895#2,131750850#0,41.09459493177244,16.85467607291383,41.09473989153562,16.854696582502296,41.09406666971318,16.861809974981103,41.09374076152227,16.861733142040123,45.0,0.0
0_1935,48563895#2,131750853#0,41.09459493177244,16.85467607291383,41.09473989153562,16.854696582502296,41.09428507077666,16.861822930016572,41.094248634240174,16.861820234016683,45.0,0.0
0_1936,48563895#2,131750853#2,41.09459493177244,16.85467607291383,41.09473989153562,16.854696582502296,41.09422326217536,16.861818445841735,41.09406666971318,16.861809974981103,45.0,0.0
0_1937,48563895#2,131752095#2,41.09459493177244,16.85467607291383,41.09473989153562,16.854696582502296,41.09606913880409,16.857384087393385,41.09607773810893,16.85711333011326,45.0,0.0
0_1938,48563895#2,25817423#3,41.09459493177244,16.85467607291383,41.09473989153562,16.854696582502296,41.093433790346566,16.855687830843742,41.09352569242476,16.85465158647345,45.0,0.0
0_1939,48563895#2,25817735#2,41.09459493177244,16.85467607291383,41.09473989153562,16.854696582502296,41.09257525037648,16.866055037799217,41.08991586912939,16.865878687144406,45.0,0.0
0_1940,48563895#2,25819014#1,41.09459493177244,16.85467607291383,41.09473989153562,16.854696582502296,41.09637979984023,16.861535604961926,41.096390396588056,16.86145398483175,45.0,0.0
0_1941,48563895#2,25819014#2,41.09459493177244,16.85467607291383,41.09473989153562,16.854696582502296,41.096390396588056,16.86145398483175,41.09617566373433,16.86105237527639,45.0,0.0
0_1942,48563895#2,25819177#2,41.09459493177244,16.85467607291383,41.09473989153562,16.854696582502296,41.09333584930795,16.855672929401177,41.09331846638719,16.855846153569416,45.0,0.0
0_1943,48563895#2,25819177#3,41.09459493177244,16.85467607291383,41.09473989153562,16.854696582502296,41.09331846638719,16.855846153569416,41.09330344191395,16.855984796607544,45.0,0.0
0_1944,48563895#2,25819177#5,41.09459493177244,16.85467607291383,41.09473989153562,16.854696582502296,41.09328897220411,16.85615607855325,41.093276282258536,16.856306336332803,45.0,0.0
0_1945,48563895#2,28279138#5,41.09459493177244,16.85467607291383,41.09473989153562,16.854696582502296,41.09309962997091,16.8641768999245,41.09122003932151,16.863954806076606,45.0,0.0
0_1946,48563895#2,28921528#2,41.09459493177244,16.85467607291383,41.09473989153562,16.854696582502296,41.09590934506375,16.85589778274809,41.09589464404242,16.856597607978603,45.0,0.0
0_1947,48563895#2,28921528#8,41.09459493177244,16.85467607291383,41.09473989153562,16.854696582502296,41.095864883749904,16.858939789299576,41.09579879841287,16.860483307032734,45.0,0.0
0_1948,48563895#2,30672980#0,41.09459493177244,16.85467607291383,41.09473989153562,16.854696582502296,41.09410258065408,16.854547680343014,41.0940220774019,16.854495884667088,45.0,0.0
0_1949,48563895#2,30672980#6,41.09459493177244,16.85467607291383,41.09473989153562,16.854696582502296,41.09290701188394,16.85345153155061,41.09274366748828,16.853398004520955,45.0,0.0
0_1950,48563895#2,30673346,41.09459493177244,16.85467607291383,41.09473989153562,16.854696582502296,41.09289989869124,16.857979997773366,41.0924620240455,16.857540225068156,45.0,0.0
0_1951,48563895#2,30674315#11,41.09459493177244,16.85467607291383,41.09473989153562,16.854696582502296,41.09762167433529,16.86078183182401,41.0975908593457,16.860854905020272,45.0,0.0
0_1952,48563895#2,30674315#8,41.09459493177244,16.85467607291383,41.09473989153562,16.854696582502296,41.09783406893447,16.85935956518292,41.09781757948696,16.860074005211207,45.0,0.0
0_1953,48563895#2,30674315#9,41.09459493177244,16.85467607291383,41.09473989153562,16.854696582502296,41.09781757948696,16.860074005211207,41.09773009884011,16.860532461562137,45.0,0.0
0_1954,48563895#2,30674359#4,41.09459493177244,16.85467607291383,41.09473989153562,16.854696582502296,41.09788351207976,16.86008527251128,41.097886790174485,16.85993247707892,45.0,0.0
0_1955,48563895#2,30674359#5,41.09459493177244,16.85467607291383,41.09473989153562,16.854696582502296,41.097886790174485,16.85993247707892,41.097887056561405,16.859358083149928,45.0,0.0
0_1956,48563895#2,30674385#2,41.09459493177244,16.85467607291383,41.09473989153562,16.854696582502296,41.09752079197923,16.86113857805688,41.097541272342,16.861158803055236,45.0,0.0
0_1957,48563895#2,30674948,41.09459493177244,16.85467607291383,41.09473989153562,16.854696582502296,41.09346290764322,16.859512259912492,41.0937563740557,16.85923859402608,45.0,0.0
0_1958,48563895#2,30675059#0,41.09459493177244,16.85467607291383,41.09473989153562,16.854696582502296,41.09575898407665,16.861403291409037,41.09556026737646,16.861799770540163,45.0,0.0
0_1959,48563895#2,30675059#1,41.09459493177244,16.85467607291383,41.09473989153562,16.854696582502296,41.09556026737646,16.861799770540163,41.09428507077666,16.861822930016572,45.0,0.0
0_1960,48563895#2,33831688,41.09459493177244,16.85467607291383,41.09473989153562,16.854696582502296,41.09717022441964,16.862141610446756,41.09717150257013,16.862346685598727,45.0,0.0
0_1961,48563895#2,48563895#1,41.09459493177244,16.85467607291383,41.09473989153562,16.854696582502296,41.094497059549575,16.854662484304253,41.09459493177244,16.85467607291383,45.0,0.0
0_1962,48563895#2,48563902#0,41.09459493177244,16.85467607291383,41.09473989153562,16.854696582502296,41.093159424293006,16.861119861413044,41.092910609638544,16.861550868324073,45.0,0.0
0_1963,48563895#2,48874527#2,41.09459493177244,16.85467607291383,41.09473989153562,16.854696582502296,41.094611131446,16.86076995428607,41.09433377805168,16.860614722600705,45.0,0.0
0_1964,48563895#2,50077954,41.09459493177244,16.85467607291383,41.09473989153562,16.854696582502296,41.094481033476846,16.855484180652265,41.09590934506375,16.85589778274809,45.0,0.0
0_1965,48563895#2,96606465,41.09459493177244,16.85467607291383,41.09473989153562,16.854696582502296,41.09320904205983,16.86036794969964,41.093226008438016,16.859824905081403,45.0,0.0
0_1966,48563902#2,-131752097#1,41.09288177659644,16.861857949874747,41.093137399597694,16.86236547208206,41.09628587040379,16.863506396736675,41.09627339570725,16.863759660301465,45.0,0.0
0_1967,48563902#2,-25654991#0,41.09288177659644,16.861857949874747,41.093137399597694,16.86236547208206,41.09267829914716,16.854073630954087,41.09207574955028,16.85389154719994,45.0,0.0
0_1968,48563902#2,-33831688,41.09288177659644,16.861857949874747,41.093137399597694,16.86236547208206,41.09717150257013,16.862346685598727,41.09717022441964,16.862141610446756,45.0,0.0
0_1969,48563902#2,-48874524,41.09288177659644,16.861857949874747,41.093137399597694,16.86236547208206,41.09782874807601,16.858422322289133,41.09720965467912,16.86010828803053,45.0,0.0
0_1970,48563902#2,-50077954,41.09288177659644,16.861857949874747,41.093137399597694,16.86236547208206,41.09590934506375,16.85589778274809,41.094481033476846,16.855484180652265,45.0,0.0
0_1971,48563902#2,-50370694#0,41.09288177659644,16.861857949874747,41.093137399597694,16.86236547208206,41.09390877175432,16.860555577386883,41.09389978504193,16.86089441913475,45.0,0.0
0_1972,48563902#2,114953453#6,41.09288177659644,16.861857949874747,41.093137399597694,16.86236547208206,41.09289989869124,16.857979997773366,41.09252833667128,16.85806965698529,45.0,0.0
0_1973,48563902#2,1223050325#0,41.09288177659644,16.861857949874747,41.093137399597694,16.86236547208206,41.09575898407665,16.861403291409037,41.09578940828096,16.861627521735652,45.0,0.0
0_1974,48563902#2,1223050326,41.09288177659644,16.861857949874747,41.093137399597694,16.86236547208206,41.09577203818025,16.86132567064774,41.09575898407665,16.861403291409037,45.0,0.0
0_1975,48563902#2,1226960836#1,41.09288177659644,16.861857949874747,41.093137399597694,16.86236547208206,41.09326327598272,16.856459442663375,41.09325705252129,16.85653261037847,45.0,0.0
0_1976,48563902#2,131750844#7,41.09288177659644,16.861857949874747,41.093137399597694,16.86236547208206,41.09588692434208,16.86204201283392,41.096023183819085,16.86206015013157,45.0,0.0
0_1977,48563902#2,131750844#8,41.09288177659644,16.861857949874747,41.093137399597694,16.86236547208206,41.096023183819085,16.86206015013157,41.09607053280287,16.862073156374553,45.0,0.0
0_1978,48563902#2,131750844#9,41.09288177659644,16.861857949874747,41.093137399597694,16.86236547208206,41.09607053280287,16.862073156374553,41.09624619327664,16.862345189534487,45.0,0.0
0_1979,48563902#2,131750850#0,41.09288177659644,16.861857949874747,41.093137399597694,16.86236547208206,41.09406666971318,16.861809974981103,41.09374076152227,16.861733142040123,45.0,0.0
0_1980,48563902#2,131750853#0,41.09288177659644,16.861857949874747,41.093137399597694,16.86236547208206,41.09428507077666,16.861822930016572,41.094248634240174,16.861820234016683,45.0,0.0
0_1981,48563902#2,131750853#2,41.09288177659644,16.861857949874747,41.093137399597694,16.86236547208206,41.09422326217536,16.861818445841735,41.09406666971318,16.861809974981103,45.0,0.0
0_1982,48563902#2,131752095#2,41.09288177659644,16.861857949874747,41.093137399597694,16.86236547208206,41.09606913880409,16.857384087393385,41.09607773810893,16.85711333011326,45.0,0.0
0_1983,48563902#2,25817423#3,41.09288177659644,16.861857949874747,41.093137399597694,16.86236547208206,41.093433790346566,16.855687830843742,41.09352569242476,16.85465158647345,45.0,0.0
0_1984,48563902#2,25817735#2,41.09288177659644,16.861857949874747,41.093137399597694,16.86236547208206,41.09257525037648,16.866055037799217,41.08991586912939,16.865878687144406,45.0,0.0
0_1985,48563902#2,25819014#1,41.09288177659644,16.861857949874747,41.093137399597694,16.86236547208206,41.09637979984023,16.861535604961926,41.096390396588056,16.86145398483175,45.0,0.0
0_1986,48563902#2,25819014#2,41.09288177659644,16.861857949874747,41.093137399597694,16.86236547208206,41.096390396588056,16.86145398483175,41.09617566373433,16.86105237527639,45.0,0.0
0_1987,48563902#2,25819177#2,41.09288177659644,16.861857949874747,41.093137399597694,16.86236547208206,41.09333584930795,16.855672929401177,41.09331846638719,16.855846153569416,45.0,0.0
0_1988,48563902#2,25819177#3,41.09288177659644,16.861857949874747,41.093137399597694,16.86236547208206,41.09331846638719,16.855846153569416,41.09330344191395,16.855984796607544,45.0,0.0
0_1989,48563902#2,25819177#5,41.09288177659644,16.861857949874747,41.093137399597694,16.86236547208206,41.09328897220411,16.85615607855325,41.093276282258536,16.856306336332803,45.0,0.0
0_1990,48563902#2,28279138#5,41.09288177659644,16.861857949874747,41.093137399597694,16.86236547208206,41.09309962997091,16.8641768999245,41.09122003932151,16.863954806076606,45.0,0.0
0_1991,48563902#2,28921528#2,41.09288177659644,16.861857949874747,41.093137399597694,16.86236547208206,41.09590934506375,16.85589778274809,41.09589464404242,16.856597607978603,45.0,0.0
0_1992,48563902#2,28921528#8,41.09288177659644,16.861857949874747,41.093137399597694,16.86236547208206,41.095864883749904,16.858939789299576,41.09579879841287,16.860483307032734,45.0,0.0
0_1993,48563902#2,30672980#0,41.09288177659644,16.861857949874747,41.093137399597694,16.86236547208206,41.09410258065408,16.854547680343014,41.0940220774019,16.854495884667088,45.0,0.0
0_1994,48563902#2,30672980#6,41.09288177659644,16.861857949874747,41.093137399597694,16.86236547208206,41.09290701188394,16.85345153155061,41.09274366748828,16.853398004520955,45.0,0.0
0_1995,48563902#2,30673346,41.09288177659644,16.861857949874747,41.093137399597694,16.86236547208206,41.09289989869124,16.857979997773366,41.0924620240455,16.857540225068156,45.0,0.0
0_1996,48563902#2,30674315#11,41.09288177659644,16.861857949874747,41.093137399597694,16.86236547208206,41.09762167433529,16.86078183182401,41.0975908593457,16.860854905020272,45.0,0.0
0_1997,48563902#2,30674315#8,41.09288177659644,16.861857949874747,41.093137399597694,16.86236547208206,41.09783406893447,16.85935956518292,41.09781757948696,16.860074005211207,45.0,0.0
0_1998,48563902#2,30674315#9,41.09288177659644,16.861857949874747,41.093137399597694,16.86236547208206,41.09781757948696,16.860074005211207,41.09773009884011,16.860532461562137,45.0,0.0
0_1999,48563902#2,30674359#4,41.09288177659644,16.861857949874747,41.093137399597694,16.86236547208206,41.09788351207976,16.86008527251128,41.097886790174485,16.85993247707892,45.0,0.0
0_2000,48563902#2,30674359#5,41.09288177659644,16.861857949874747,41.093137399597694,16.86236547208206,41.097886790174485,16.85993247707892,41.097887056561405,16.859358083149928,45.0,0.0
0_2001,48563902#2,30674385#2,41.09288177659644,16.861857949874747,41.093137399597694,16.86236547208206,41.09752079197923,16.86113857805688,41.097541272342,16.861158803055236,45.0,0.0
0_2002,48563902#2,30674948,41.09288177659644,16.861857949874747,41.093137399597694,16.86236547208206,41.09346290764322,16.859512259912492,41.0937563740557,16.85923859402608,45.0,0.0
0_2003,48563902#2,30675059#0,41.09288177659644,16.861857949874747,41.093137399597694,16.86236547208206,41.09575898407665,16.861403291409037,41.09556026737646,16.861799770540163,45.0,0.0
0_2004,48563902#2,30675059#1,41.09288177659644,16.861857949874747,41.093137399597694,16.86236547208206,41.09556026737646,16.861799770540163,41.09428507077666,16.861822930016572,45.0,0.0
0_2005,48563902#2,33831688,41.09288177659644,16.861857949874747,41.093137399597694,16.86236547208206,41.09717022441964,16.862141610446756,41.09717150257013,16.862346685598727,45.0,0.0
0_2006,48563902#2,48563895#1,41.09288177659644,16.861857949874747,41.093137399597694,16.86236547208206,41.094497059549575,16.854662484304253,41.09459493177244,16.85467607291383,45.0,0.0
0_2007,48563902#2,48563902#0,41.09288177659644,16.861857949874747,41.093137399597694,16.86236547208206,41.093159424293006,16.861119861413044,41.092910609638544,16.861550868324073,45.0,0.0
0_2008,48563902#2,48874527#2,41.09288177659644,16.861857949874747,41.093137399597694,16.86236547208206,41.094611131446,16.86076995428607,41.09433377805168,16.860614722600705,45.0,0.0
0_2009,48563902#2,50077954,41.09288177659644,16.861857949874747,41.093137399597694,16.86236547208206,41.094481033476846,16.855484180652265,41.09590934506375,16.85589778274809,45.0,0.0
0_2010,48563902#2,96606465,41.09288177659644,16.861857949874747,41.093137399597694,16.86236547208206,41.09320904205983,16.86036794969964,41.093226008438016,16.859824905081403,45.0,0.0
0_2011,48874524,-131752097#1,41.09720965467912,16.86010828803053,41.09782874807601,16.858422322289133,41.09628587040379,16.863506396736675,41.09627339570725,16.863759660301465,45.0,0.0
0_2012,48874524,-25654991#0,41.09720965467912,16.86010828803053,41.09782874807601,16.858422322289133,41.09267829914716,16.854073630954087,41.09207574955028,16.85389154719994,45.0,0.0
0_2013,48874524,-33831688,41.09720965467912,16.86010828803053,41.09782874807601,16.858422322289133,41.09717150257013,16.862346685598727,41.09717022441964,16.862141610446756,45.0,0.0
0_2014,48874524,-48874524,41.09720965467912,16.86010828803053,41.09782874807601,16.858422322289133,41.09782874807601,16.858422322289133,41.09720965467912,16.86010828803053,45.0,0.0
0_2015,48874524,-50077954,41.09720965467912,16.86010828803053,41.09782874807601,16.858422322289133,41.09590934506375,16.85589778274809,41.094481033476846,16.855484180652265,45.0,0.0
0_2016,48874524,-50370694#0,41.09720965467912,16.86010828803053,41.09782874807601,16.858422322289133,41.09390877175432,16.860555577386883,41.09389978504193,16.86089441913475,45.0,0.0
0_2017,48874524,114953453#6,41.09720965467912,16.86010828803053,41.09782874807601,16.858422322289133,41.09289989869124,16.857979997773366,41.09252833667128,16.85806965698529,45.0,0.0
0_2018,48874524,1223050325#0,41.09720965467912,16.86010828803053,41.09782874807601,16.858422322289133,41.09575898407665,16.861403291409037,41.09578940828096,16.861627521735652,45.0,0.0
0_2019,48874524,1223050326,41.09720965467912,16.86010828803053,41.09782874807601,16.858422322289133,41.09577203818025,16.86132567064774,41.09575898407665,16.861403291409037,45.0,0.0
0_2020,48874524,1226960836#1,41.09720965467912,16.86010828803053,41.09782874807601,16.858422322289133,41.09326327598272,16.856459442663375,41.09325705252129,16.85653261037847,45.0,0.0
0_2021,48874524,131750844#7,41.09720965467912,16.86010828803053,41.09782874807601,16.858422322289133,41.09588692434208,16.86204201283392,41.096023183819085,16.86206015013157,45.0,0.0
0_2022,48874524,131750844#8,41.09720965467912,16.86010828803053,41.09782874807601,16.858422322289133,41.096023183819085,16.86206015013157,41.09607053280287,16.862073156374553,45.0,0.0
0_2023,48874524,131750844#9,41.09720965467912,16.86010828803053,41.09782874807601,16.858422322289133,41.09607053280287,16.862073156374553,41.09624619327664,16.862345189534487,45.0,0.0
0_2024,48874524,131750850#0,41.09720965467912,16.86010828803053,41.09782874807601,16.858422322289133,41.09406666971318,16.861809974981103,41.09374076152227,16.861733142040123,45.0,0.0
0_2025,48874524,131750853#0,41.09720965467912,16.86010828803053,41.09782874807601,16.858422322289133,41.09428507077666,16.861822930016572,41.094248634240174,16.861820234016683,45.0,0.0
0_2026,48874524,131750853#2,41.09720965467912,16.86010828803053,41.09782874807601,16.858422322289133,41.09422326217536,16.861818445841735,41.09406666971318,16.861809974981103,45.0,0.0
0_2027,48874524,131752095#2,41.09720965467912,16.86010828803053,41.09782874807601,16.858422322289133,41.09606913880409,16.857384087393385,41.09607773810893,16.85711333011326,45.0,0.0
0_2028,48874524,25817423#3,41.09720965467912,16.86010828803053,41.09782874807601,16.858422322289133,41.093433790346566,16.855687830843742,41.09352569242476,16.85465158647345,45.0,0.0
0_2029,48874524,25817735#2,41.09720965467912,16.86010828803053,41.09782874807601,16.858422322289133,41.09257525037648,16.866055037799217,41.08991586912939,16.865878687144406,45.0,0.0
0_2030,48874524,25819014#1,41.09720965467912,16.86010828803053,41.09782874807601,16.858422322289133,41.09637979984023,16.861535604961926,41.096390396588056,16.86145398483175,45.0,0.0
0_2031,48874524,25819014#2,41.09720965467912,16.86010828803053,41.09782874807601,16.858422322289133,41.096390396588056,16.86145398483175,41.09617566373433,16.86105237527639,45.0,0.0
0_2032,48874524,25819177#2,41.09720965467912,16.86010828803053,41.09782874807601,16.858422322289133,41.09333584930795,16.855672929401177,41.09331846638719,16.855846153569416,45.0,0.0
0_2033,48874524,25819177#3,41.09720965467912,16.86010828803053,41.09782874807601,16.858422322289133,41.09331846638719,16.855846153569416,41.09330344191395,16.855984796607544,45.0,0.0
0_2034,48874524,25819177#5,41.09720965467912,16.86010828803053,41.09782874807601,16.858422322289133,41.09328897220411,16.85615607855325,41.093276282258536,16.856306336332803,45.0,0.0
0_2035,48874524,28279138#5,41.09720965467912,16.86010828803053,41.09782874807601,16.858422322289133,41.09309962997091,16.8641768999245,41.09122003932151,16.863954806076606,45.0,0.0
0_2036,48874524,28921528#2,41.09720965467912,16.86010828803053,41.09782874807601,16.858422322289133,41.09590934506375,16.85589778274809,41.09589464404242,16.856597607978603,45.0,0.0
0_2037,48874524,28921528#8,41.09720965467912,16.86010828803053,41.09782874807601,16.858422322289133,41.095864883749904,16.858939789299576,41.09579879841287,16.860483307032734,45.0,0.0
0_2038,48874524,30672980#0,41.09720965467912,16.86010828803053,41.09782874807601,16.858422322289133,41.09410258065408,16.854547680343014,41.0940220774019,16.854495884667088,45.0,0.0
0_2039,48874524,30672980#6,41.09720965467912,16.86010828803053,41.09782874807601,16.858422322289133,41.09290701188394,16.85345153155061,41.09274366748828,16.853398004520955,45.0,0.0
0_2040,48874524,30673346,41.09720965467912,16.86010828803053,41.09782874807601,16.858422322289133,41.09289989869124,16.857979997773366,41.0924620240455,16.857540225068156,45.0,0.0
0_2041,48874524,30674315#11,41.09720965467912,16.86010828803053,41.09782874807601,16.858422322289133,41.09762167433529,16.86078183182401,41.0975908593457,16.860854905020272,45.0,0.0
0_2042,48874524,30674315#8,41.09720965467912,16.86010828803053,41.09782874807601,16.858422322289133,41.09783406893447,16.85935956518292,41.09781757948696,16.860074005211207,45.0,0.0
0_2043,48874524,30674315#9,41.09720965467912,16.86010828803053,41.09782874807601,16.858422322289133,41.09781757948696,16.860074005211207,41.09773009884011,16.860532461562137,45.0,0.0
0_2044,48874524,30674359#4,41.09720965467912,16.86010828803053,41.09782874807601,16.858422322289133,41.09788351207976,16.86008527251128,41.097886790174485,16.85993247707892,45.0,0.0
0_2045,48874524,30674359#5,41.09720965467912,16.86010828803053,41.09782874807601,16.858422322289133,41.097886790174485,16.85993247707892,41.097887056561405,16.859358083149928,45.0,0.0
0_2046,48874524,30674385#2,41.09720965467912,16.86010828803053,41.09782874807601,16.858422322289133,41.09752079197923,16.86113857805688,41.097541272342,16.861158803055236,45.0,0.0
0_2047,48874524,30674948,41.09720965467912,16.86010828803053,41.09782874807601,16.858422322289133,41.09346290764322,16.859512259912492,41.0937563740557,16.85923859402608,45.0,0.0
0_2048,48874524,30675059#0,41.09720965467912,16.86010828803053,41.09782874807601,16.858422322289133,41.09575898407665,16.861403291409037,41.09556026737646,16.861799770540163,45.0,0.0
0_2049,48874524,30675059#1,41.09720965467912,16.86010828803053,41.09782874807601,16.858422322289133,41.09556026737646,16.861799770540163,41.09428507077666,16.861822930016572,45.0,0.0
0_2050,48874524,33831688,41.09720965467912,16.86010828803053,41.09782874807601,16.858422322289133,41.09717022441964,16.862141610446756,41.09717150257013,16.862346685598727,45.0,0.0
0_2051,48874524,48563895#1,41.09720965467912,16.86010828803053,41.09782874807601,16.858422322289133,41.094497059549575,16.854662484304253,41.09459493177244,16.85467607291383,45.0,0.0
0_2052,48874524,48563902#0,41.09720965467912,16.86010828803053,41.09782874807601,16.858422322289133,41.093159424293006,16.861119861413044,41.092910609638544,16.861550868324073,45.0,0.0
0_2053,48874524,48874527#2,41.09720965467912,16.86010828803053,41.09782874807601,16.858422322289133,41.094611131446,16.86076995428607,41.09433377805168,16.860614722600705,45.0,0.0
0_2054,48874524,50077954,41.09720965467912,16.86010828803053,41.09782874807601,16.858422322289133,41.094481033476846,16.855484180652265,41.09590934506375,16.85589778274809,45.0,0.0
0_2055,48874524,96606465,41.09720965467912,16.86010828803053,41.09782874807601,16.858422322289133,41.09320904205983,16.86036794969964,41.093226008438016,16.859824905081403,45.0,0.0
0_2056,50077954,-131752097#1,41.094481033476846,16.855484180652265,41.09590934506375,16.85589778274809,41.09628587040379,16.863506396736675,41.09627339570725,16.863759660301465,44.0,52.0
0_2057,50077954,-25654991#0,41.094481033476846,16.855484180652265,41.09590934506375,16.85589778274809,41.09267829914716,16.854073630954087,41.09207574955028,16.85389154719994,44.0,52.0
0_2058,50077954,-33831688,41.094481033476846,16.855484180652265,41.09590934506375,16.85589778274809,41.09717150257013,16.862346685598727,41.09717022441964,16.862141610446756,44.0,52.0
0_2059,50077954,-48874524,41.094481033476846,16.855484180652265,41.09590934506375,16.85589778274809,41.09782874807601,16.858422322289133,41.09720965467912,16.86010828803053,44.0,52.0
0_2060,50077954,-50077954,41.094481033476846,16.855484180652265,41.09590934506375,16.85589778274809,41.09590934506375,16.85589778274809,41.094481033476846,16.855484180652265,44.0,52.0
0_2061,50077954,-50370694#0,41.094481033476846,16.855484180652265,41.09590934506375,16.85589778274809,41.09390877175432,16.860555577386883,41.09389978504193,16.86089441913475,44.0,52.0
0_2062,50077954,114953453#6,41.094481033476846,16.855484180652265,41.09590934506375,16.85589778274809,41.09289989869124,16.857979997773366,41.09252833667128,16.85806965698529,44.0,52.0
0_2063,50077954,1223050325#0,41.094481033476846,16.855484180652265,41.09590934506375,16.85589778274809,41.09575898407665,16.861403291409037,41.09578940828096,16.861627521735652,44.0,52.0
0_2064,50077954,1223050326,41.094481033476846,16.855484180652265,41.09590934506375,16.85589778274809,41.09577203818025,16.86132567064774,41.09575898407665,16.861403291409037,44.0,52.0
0_2065,50077954,1226960836#1,41.094481033476846,16.855484180652265,41.09590934506375,16.85589778274809,41.09326327598272,16.856459442663375,41.09325705252129,16.85653261037847,44.0,52.0
0_2066,50077954,131750844#7,41.094481033476846,16.855484180652265,41.09590934506375,16.85589778274809,41.09588692434208,16.86204201283392,41.096023183819085,16.86206015013157,44.0,52.0
0_2067,50077954,131750844#8,41.094481033476846,16.855484180652265,41.09590934506375,16.85589778274809,41.096023183819085,16.86206015013157,41.09607053280287,16.862073156374553,44.0,52.0
0_2068,50077954,131750844#9,41.094481033476846,16.855484180652265,41.09590934506375,16.85589778274809,41.09607053280287,16.862073156374553,41.09624619327664,16.862345189534487,44.0,52.0
0_2069,50077954,131750850#0,41.094481033476846,16.855484180652265,41.09590934506375,16.85589778274809,41.09406666971318,16.861809974981103,41.09374076152227,16.861733142040123,44.0,52.0
0_2070,50077954,131750853#0,41.094481033476846,16.855484180652265,41.09590934506375,16.85589778274809,41.09428507077666,16.861822930016572,41.094248634240174,16.861820234016683,44.0,52.0
0_2071,50077954,131750853#2,41.094481033476846,16.855484180652265,41.09590934506375,16.85589778274809,41.09422326217536,16.861818445841735,41.09406666971318,16.861809974981103,44.0,52.0
0_2072,50077954,131752095#2,41.094481033476846,16.855484180652265,41.09590934506375,16.85589778274809,41.09606913880409,16.857384087393385,41.09607773810893,16.85711333011326,44.0,52.0
0_2073,50077954,25817423#3,41.094481033476846,16.855484180652265,41.09590934506375,16.85589778274809,41.093433790346566,16.855687830843742,41.09352569242476,16.85465158647345,44.0,52.0
0_2074,50077954,25817735#2,41.094481033476846,16.855484180652265,41.09590934506375,16.85589778274809,41.09257525037648,16.866055037799217,41.08991586912939,16.865878687144406,44.0,52.0
0_2075,50077954,25819014#1,41.094481033476846,16.855484180652265,41.09590934506375,16.85589778274809,41.09637979984023,16.861535604961926,41.096390396588056,16.86145398483175,44.0,52.0
0_2076,50077954,25819014#2,41.094481033476846,16.855484180652265,41.09590934506375,16.85589778274809,41.096390396588056,16.86145398483175,41.09617566373433,16.86105237527639,44.0,52.0
0_2077,50077954,25819177#2,41.094481033476846,16.855484180652265,41.09590934506375,16.85589778274809,41.09333584930795,16.855672929401177,41.09331846638719,16.855846153569416,44.0,52.0
0_2078,50077954,25819177#3,41.094481033476846,16.855484180652265,41.09590934506375,16.85589778274809,41.09331846638719,16.855846153569416,41.09330344191395,16.855984796607544,44.0,52.0
0_2079,50077954,25819177#5,41.094481033476846,16.855484180652265,41.09590934506375,16.85589778274809,41.09328897220411,16.85615607855325,41.093276282258536,16.856306336332803,44.0,52.0
0_2080,50077954,28279138#5,41.094481033476846,16.855484180652265,41.09590934506375,16.85589778274809,41.09309962997091,16.8641768999245,41.09122003932151,16.863954806076606,44.0,52.0
0_2081,50077954,28921528#2,41.094481033476846,16.855484180652265,41.09590934506375,16.85589778274809,41.09590934506375,16.85589778274809,41.09589464404242,16.856597607978603,44.0,52.0
0_2082,50077954,28921528#8,41.094481033476846,16.855484180652265,41.09590934506375,16.85589778274809,41.095864883749904,16.858939789299576,41.09579879841287,16.860483307032734,44.0,52.0
0_2083,50077954,30672980#0,41.094481033476846,16.855484180652265,41.09590934506375,16.85589778274809,41.09410258065408,16.854547680343014,41.0940220774019,16.854495884667088,44.0,52.0
0_2084,50077954,30672980#6,41.094481033476846,16.855484180652265,41.09590934506375,16.85589778274809,41.09290701188394,16.85345153155061,41.09274366748828,16.853398004520955,44.0,52.0
0_2085,50077954,30673346,41.094481033476846,16.855484180652265,41.09590934506375,16.85589778274809,41.09289989869124,16.857979997773366,41.0924620240455,16.857540225068156,44.0,52.0
0_2086,50077954,30674315#11,41.094481033476846,16.855484180652265,41.09590934506375,16.85589778274809,41.09762167433529,16.86078183182401,41.0975908593457,16.860854905020272,44.0,52.0
0_2087,50077954,30674315#8,41.094481033476846,16.855484180652265,41.09590934506375,16.85589778274809,41.09783406893447,16.85935956518292,41.09781757948696,16.860074005211207,44.0,52.0
0_2088,50077954,30674315#9,41.094481033476846,16.855484180652265,41.09590934506375,16.85589778274809,41.09781757948696,16.860074005211207,41.09773009884011,16.860532461562137,44.0,52.0
0_2089,50077954,30674359#4,41.094481033476846,16.855484180652265,41.09590934506375,16.85589778274809,41.09788351207976,16.86008527251128,41.097886790174485,16.85993247707892,44.0,52.0
0_2090,50077954,30674359#5,41.094481033476846,16.855484180652265,41.09590934506375,16.85589778274809,41.097886790174485,16.85993247707892,41.097887056561405,16.859358083149928,44.0,52.0
0_2091,50077954,30674385#2,41.094481033476846,16.855484180652265,41.09590934506375,16.85589778274809,41.09752079197923,16.86113857805688,41.097541272342,16.861158803055236,44.0,52.0
0_2092,50077954,30674948,41.094481033476846,16.855484180652265,41.09590934506375,16.85589778274809,41.09346290764322,16.859512259912492,41.0937563740557,16.85923859402608,44.0,52.0
0_2093,50077954,30675059#0,41.094481033476846,16.855484180652265,41.09590934506375,16.85589778274809,41.09575898407665,16.861403291409037,41.09556026737646,16.861799770540163,44.0,52.0
0_2094,50077954,30675059#1,41.094481033476846,16.855484180652265,41.09590934506375,16.85589778274809,41.09556026737646,16.861799770540163,41.09428507077666,16.861822930016572,44.0,52.0
0_2095,50077954,33831688,41.094481033476846,16.855484180652265,41.09590934506375,16.85589778274809,41.09717022441964,16.862141610446756,41.09717150257013,16.862346685598727,44.0,52.0
0_2096,50077954,48563895#1,41.094481033476846,16.855484180652265,41.09590934506375,16.85589778274809,41.094497059549575,16.854662484304253,41.09459493177244,16.85467607291383,44.0,52.0
0_2097,50077954,48563902#0,41.094481033476846,16.855484180652265,41.09590934506375,16.85589778274809,41.093159424293006,16.861119861413044,41.092910609638544,16.861550868324073,44.0,52.0
0_2098,50077954,48874527#2,41.094481033476846,16.855484180652265,41.09590934506375,16.85589778274809,41.094611131446,16.86076995428607,41.09433377805168,16.860614722600705,44.0,52.0
0_2099,50077954,96606465,41.094481033476846,16.855484180652265,41.09590934506375,16.85589778274809,41.09320904205983,16.86036794969964,41.093226008438016,16.859824905081403,44.0,52.0
0_2100,50367869#1,-131752097#1,41.09633825612945,16.862333621430803,41.09635234466292,16.861941330534812,41.09628587040379,16.863506396736675,41.09627339570725,16.863759660301465,45.0,0.0
0_2101,50367869#1,-25654991#0,41.09633825612945,16.862333621430803,41.09635234466292,16.861941330534812,41.09267829914716,16.854073630954087,41.09207574955028,16.85389154719994,45.0,0.0
0_2102,50367869#1,-33831688,41.09633825612945,16.862333621430803,41.09635234466292,16.861941330534812,41.09717150257013,16.862346685598727,41.09717022441964,16.862141610446756,45.0,0.0
0_2103,50367869#1,-48874524,41.09633825612945,16.862333621430803,41.09635234466292,16.861941330534812,41.09782874807601,16.858422322289133,41.09720965467912,16.86010828803053,45.0,0.0
0_2104,50367869#1,-50077954,41.09633825612945,16.862333621430803,41.09635234466292,16.861941330534812,41.09590934506375,16.85589778274809,41.094481033476846,16.855484180652265,45.0,0.0
0_2105,50367869#1,-50370694#0,41.09633825612945,16.862333621430803,41.09635234466292,16.861941330534812,41.09390877175432,16.860555577386883,41.09389978504193,16.86089441913475,45.0,0.0
0_2106,50367869#1,114953453#6,41.09633825612945,16.862333621430803,41.09635234466292,16.861941330534812,41.09289989869124,16.857979997773366,41.09252833667128,16.85806965698529,45.0,0.0
0_2107,50367869#1,1223050325#0,41.09633825612945,16.862333621430803,41.09635234466292,16.861941330534812,41.09575898407665,16.861403291409037,41.09578940828096,16.861627521735652,45.0,0.0
0_2108,50367869#1,1223050326,41.09633825612945,16.862333621430803,41.09635234466292,16.861941330534812,41.09577203818025,16.86132567064774,41.09575898407665,16.861403291409037,45.0,0.0
0_2109,50367869#1,1226960836#1,41.09633825612945,16.862333621430803,41.09635234466292,16.861941330534812,41.09326327598272,16.856459442663375,41.09325705252129,16.85653261037847,45.0,0.0
0_2110,50367869#1,131750844#7,41.09633825612945,16.862333621430803,41.09635234466292,16.861941330534812,41.09588692434208,16.86204201283392,41.096023183819085,16.86206015013157,45.0,0.0
0_2111,50367869#1,131750844#8,41.09633825612945,16.862333621430803,41.09635234466292,16.861941330534812,41.096023183819085,16.86206015013157,41.09607053280287,16.862073156374553,45.0,0.0
0_2112,50367869#1,131750844#9,41.09633825612945,16.862333621430803,41.09635234466292,16.861941330534812,41.09607053280287,16.862073156374553,41.09624619327664,16.862345189534487,45.0,0.0
0_2113,50367869#1,131750850#0,41.09633825612945,16.862333621430803,41.09635234466292,16.861941330534812,41.09406666971318,16.861809974981103,41.09374076152227,16.861733142040123,45.0,0.0
0_2114,50367869#1,131750853#0,41.09633825612945,16.862333621430803,41.09635234466292,16.861941330534812,41.09428507077666,16.861822930016572,41.094248634240174,16.861820234016683,45.0,0.0
0_2115,50367869#1,131750853#2,41.09633825612945,16.862333621430803,41.09635234466292,16.861941330534812,41.09422326217536,16.861818445841735,41.09406666971318,16.861809974981103,45.0,0.0
0_2116,50367869#1,131752095#2,41.09633825612945,16.862333621430803,41.09635234466292,16.861941330534812,41.09606913880409,16.857384087393385,41.09607773810893,16.85711333011326,45.0,0.0
0_2117,50367869#1,25817423#3,41.09633825612945,16.862333621430803,41.09635234466292,16.861941330534812,41.093433790346566,16.855687830843742,41.09352569242476,16.85465158647345,45.0,0.0
0_2118,50367869#1,25817735#2,41.09633825612945,16.862333621430803,41.09635234466292,16.861941330534812,41.09257525037648,16.866055037799217,41.08991586912939,16.865878687144406,45.0,0.0
0_2119,50367869#1,25819014#1,41.09633825612945,16.862333621430803,41.09635234466292,16.861941330534812,41.09637979984023,16.861535604961926,41.096390396588056,16.86145398483175,45.0,0.0
0_2120,50367869#1,25819014#2,41.09633825612945,16.862333621430803,41.09635234466292,16.861941330534812,41.096390396588056,16.86145398483175,41.09617566373433,16.86105237527639,45.0,0.0
0_2121,50367869#1,25819177#2,41.09633825612945,16.862333621430803,41.09635234466292,16.861941330534812,41.09333584930795,16.855672929401177,41.09331846638719,16.855846153569416,45.0,0.0
0_2122,50367869#1,25819177#3,41.09633825612945,16.862333621430803,41.09635234466292,16.861941330534812,41.09331846638719,16.855846153569416,41.09330344191395,16.855984796607544,45.0,0.0
0_2123,50367869#1,25819177#5,41.09633825612945,16.862333621430803,41.09635234466292,16.861941330534812,41.09328897220411,16.85615607855325,41.093276282258536,16.856306336332803,45.0,0.0
0_2124,50367869#1,28279138#5,41.09633825612945,16.862333621430803,41.09635234466292,16.861941330534812,41.09309962997091,16.8641768999245,41.09122003932151,16.863954806076606,45.0,0.0
0_2125,50367869#1,28921528#2,41.09633825612945,16.862333621430803,41.09635234466292,16.861941330534812,41.09590934506375,16.85589778274809,41.09589464404242,16.856597607978603,45.0,0.0
0_2126,50367869#1,28921528#8,41.09633825612945,16.862333621430803,41.09635234466292,16.861941330534812,41.095864883749904,16.858939789299576,41.09579879841287,16.860483307032734,45.0,0.0
0_2127,50367869#1,30672980#0,41.09633825612945,16.862333621430803,41.09635234466292,16.861941330534812,41.09410258065408,16.854547680343014,41.0940220774019,16.854495884667088,45.0,0.0
0_2128,50367869#1,30672980#6,41.09633825612945,16.862333621430803,41.09635234466292,16.861941330534812,41.09290701188394,16.85345153155061,41.09274366748828,16.853398004520955,45.0,0.0
0_2129,50367869#1,30673346,41.09633825612945,16.862333621430803,41.09635234466292,16.861941330534812,41.09289989869124,16.857979997773366,41.0924620240455,16.857540225068156,45.0,0.0
0_2130,50367869#1,30674315#11,41.09633825612945,16.862333621430803,41.09635234466292,16.861941330534812,41.09762167433529,16.86078183182401,41.0975908593457,16.860854905020272,45.0,0.0
0_2131,50367869#1,30674315#8,41.09633825612945,16.862333621430803,41.09635234466292,16.861941330534812,41.09783406893447,16.85935956518292,41.09781757948696,16.860074005211207,45.0,0.0
0_2132,50367869#1,30674315#9,41.09633825612945,16.862333621430803,41.09635234466292,16.861941330534812,41.09781757948696,16.860074005211207,41.09773009884011,16.860532461562137,45.0,0.0
0_2133,50367869#1,30674359#4,41.09633825612945,16.862333621430803,41.09635234466292,16.861941330534812,41.09788351207976,16.86008527251128,41.097886790174485,16.85993247707892,45.0,0.0
0_2134,50367869#1,30674359#5,41.09633825612945,16.862333621430803,41.09635234466292,16.861941330534812,41.097886790174485,16.85993247707892,41.097887056561405,16.859358083149928,45.0,0.0
0_2135,50367869#1,30674385#2,41.09633825612945,16.862333621430803,41.09635234466292,16.861941330534812,41.09752079197923,16.86113857805688,41.097541272342,16.861158803055236,45.0,0.0
0_2136,50367869#1,30674948,41.09633825612945,16.862333621430803,41.09635234466292,16.861941330534812,41.09346290764322,16.859512259912492,41.0937563740557,16.85923859402608,45.0,0.0
0_2137,50367869#1,30675059#0,41.09633825612945,16.862333621430803,41.09635234466292,16.861941330534812,41.09575898407665,16.861403291409037,41.09556026737646,16.861799770540163,45.0,0.0
0_2138,50367869#1,30675059#1,41.09633825612945,16.862333621430803,41.09635234466292,16.861941330534812,41.09556026737646,16.861799770540163,41.09428507077666,16.861822930016572,45.0,0.0
0_2139,50367869#1,33831688,41.09633825612945,16.862333621430803,41.09635234466292,16.861941330534812,41.09717022441964,16.862141610446756,41.09717150257013,16.862346685598727,45.0,0.0
0_2140,50367869#1,48563895#1,41.09633825612945,16.862333621430803,41.09635234466292,16.861941330534812,41.094497059549575,16.854662484304253,41.09459493177244,16.85467607291383,45.0,0.0
0_2141,50367869#1,48563902#0,41.09633825612945,16.862333621430803,41.09635234466292,16.861941330534812,41.093159424293006,16.861119861413044,41.092910609638544,16.861550868324073,45.0,0.0
0_2142,50367869#1,48874527#2,41.09633825612945,16.862333621430803,41.09635234466292,16.861941330534812,41.094611131446,16.86076995428607,41.09433377805168,16.860614722600705,45.0,0.0
0_2143,50367869#1,50077954,41.09633825612945,16.862333621430803,41.09635234466292,16.861941330534812,41.094481033476846,16.855484180652265,41.09590934506375,16.85589778274809,45.0,0.0
0_2144,50367869#1,96606465,41.09633825612945,16.862333621430803,41.09635234466292,16.861941330534812,41.09320904205983,16.86036794969964,41.093226008438016,16.859824905081403,45.0,0.0
0_2145,50367869#2,-131752097#1,41.09635234466292,16.861941330534812,41.09637137649532,16.8615997833262,41.09628587040379,16.863506396736675,41.09627339570725,16.863759660301465,45.0,0.0
0_2146,50367869#2,-25654991#0,41.09635234466292,16.861941330534812,41.09637137649532,16.8615997833262,41.09267829914716,16.854073630954087,41.09207574955028,16.85389154719994,45.0,0.0
0_2147,50367869#2,-33831688,41.09635234466292,16.861941330534812,41.09637137649532,16.8615997833262,41.09717150257013,16.862346685598727,41.09717022441964,16.862141610446756,45.0,0.0
0_2148,50367869#2,-48874524,41.09635234466292,16.861941330534812,41.09637137649532,16.8615997833262,41.09782874807601,16.858422322289133,41.09720965467912,16.86010828803053,45.0,0.0
0_2149,50367869#2,-50077954,41.09635234466292,16.861941330534812,41.09637137649532,16.8615997833262,41.09590934506375,16.85589778274809,41.094481033476846,16.855484180652265,45.0,0.0
0_2150,50367869#2,-50370694#0,41.09635234466292,16.861941330534812,41.09637137649532,16.8615997833262,41.09390877175432,16.860555577386883,41.09389978504193,16.86089441913475,45.0,0.0
0_2151,50367869#2,114953453#6,41.09635234466292,16.861941330534812,41.09637137649532,16.8615997833262,41.09289989869124,16.857979997773366,41.09252833667128,16.85806965698529,45.0,0.0
0_2152,50367869#2,1223050325#0,41.09635234466292,16.861941330534812,41.09637137649532,16.8615997833262,41.09575898407665,16.861403291409037,41.09578940828096,16.861627521735652,45.0,0.0
0_2153,50367869#2,1223050326,41.09635234466292,16.861941330534812,41.09637137649532,16.8615997833262,41.09577203818025,16.86132567064774,41.09575898407665,16.861403291409037,45.0,0.0
0_2154,50367869#2,1226960836#1,41.09635234466292,16.861941330534812,41.09637137649532,16.8615997833262,41.09326327598272,16.856459442663375,41.09325705252129,16.85653261037847,45.0,0.0
0_2155,50367869#2,131750844#7,41.09635234466292,16.861941330534812,41.09637137649532,16.8615997833262,41.09588692434208,16.86204201283392,41.096023183819085,16.86206015013157,45.0,0.0
0_2156,50367869#2,131750844#8,41.09635234466292,16.861941330534812,41.09637137649532,16.8615997833262,41.096023183819085,16.86206015013157,41.09607053280287,16.862073156374553,45.0,0.0
0_2157,50367869#2,131750844#9,41.09635234466292,16.861941330534812,41.09637137649532,16.8615997833262,41.09607053280287,16.862073156374553,41.09624619327664,16.862345189534487,45.0,0.0
0_2158,50367869#2,131750850#0,41.09635234466292,16.861941330534812,41.09637137649532,16.8615997833262,41.09406666971318,16.861809974981103,41.09374076152227,16.861733142040123,45.0,0.0
0_2159,50367869#2,131750853#0,41.09635234466292,16.861941330534812,41.09637137649532,16.8615997833262,41.09428507077666,16.861822930016572,41.094248634240174,16.861820234016683,45.0,0.0
0_2160,50367869#2,131750853#2,41.09635234466292,16.861941330534812,41.09637137649532,16.8615997833262,41.09422326217536,16.861818445841735,41.09406666971318,16.861809974981103,45.0,0.0
0_2161,50367869#2,131752095#2,41.09635234466292,16.861941330534812,41.09637137649532,16.8615997833262,41.09606913880409,16.857384087393385,41.09607773810893,16.85711333011326,45.0,0.0
0_2162,50367869#2,25817423#3,41.09635234466292,16.861941330534812,41.09637137649532,16.8615997833262,41.093433790346566,16.855687830843742,41.09352569242476,16.85465158647345,45.0,0.0
0_2163,50367869#2,25817735#2,41.09635234466292,16.861941330534812,41.09637137649532,16.8615997833262,41.09257525037648,16.866055037799217,41.08991586912939,16.865878687144406,45.0,0.0
0_2164,50367869#2,25819014#1,41.09635234466292,16.861941330534812,41.09637137649532,16.8615997833262,41.09637979984023,16.861535604961926,41.096390396588056,16.86145398483175,45.0,0.0
0_2165,50367869#2,25819014#2,41.09635234466292,16.861941330534812,41.09637137649532,16.8615997833262,41.096390396588056,16.86145398483175,41.09617566373433,16.86105237527639,45.0,0.0
0_2166,50367869#2,25819177#2,41.09635234466292,16.861941330534812,41.09637137649532,16.8615997833262,41.09333584930795,16.855672929401177,41.09331846638719,16.855846153569416,45.0,0.0
0_2167,50367869#2,25819177#3,41.09635234466292,16.861941330534812,41.09637137649532,16.8615997833262,41.09331846638719,16.855846153569416,41.09330344191395,16.855984796607544,45.0,0.0
0_2168,50367869#2,25819177#5,41.09635234466292,16.861941330534812,41.09637137649532,16.8615997833262,41.09328897220411,16.85615607855325,41.093276282258536,16.856306336332803,45.0,0.0
0_2169,50367869#2,28279138#5,41.09635234466292,16.861941330534812,41.09637137649532,16.8615997833262,41.09309962997091,16.8641768999245,41.09122003932151,16.863954806076606,45.0,0.0
0_2170,50367869#2,28921528#2,41.09635234466292,16.861941330534812,41.09637137649532,16.8615997833262,41.09590934506375,16.85589778274809,41.09589464404242,16.856597607978603,45.0,0.0
0_2171,50367869#2,28921528#8,41.09635234466292,16.861941330534812,41.09637137649532,16.8615997833262,41.095864883749904,16.858939789299576,41.09579879841287,16.860483307032734,45.0,0.0
0_2172,50367869#2,30672980#0,41.09635234466292,16.861941330534812,41.09637137649532,16.8615997833262,41.09410258065408,16.854547680343014,41.0940220774019,16.854495884667088,45.0,0.0
0_2173,50367869#2,30672980#6,41.09635234466292,16.861941330534812,41.09637137649532,16.8615997833262,41.09290701188394,16.85345153155061,41.09274366748828,16.853398004520955,45.0,0.0
0_2174,50367869#2,30673346,41.09635234466292,16.861941330534812,41.09637137649532,16.8615997833262,41.09289989869124,16.857979997773366,41.0924620240455,16.857540225068156,45.0,0.0
0_2175,50367869#2,30674315#11,41.09635234466292,16.861941330534812,41.09637137649532,16.8615997833262,41.09762167433529,16.86078183182401,41.0975908593457,16.860854905020272,45.0,0.0
0_2176,50367869#2,30674315#8,41.09635234466292,16.861941330534812,41.09637137649532,16.8615997833262,41.09783406893447,16.85935956518292,41.09781757948696,16.860074005211207,45.0,0.0
0_2177,50367869#2,30674315#9,41.09635234466292,16.861941330534812,41.09637137649532,16.8615997833262,41.09781757948696,16.860074005211207,41.09773009884011,16.860532461562137,45.0,0.0
0_2178,50367869#2,30674359#4,41.09635234466292,16.861941330534812,41.09637137649532,16.8615997833262,41.09788351207976,16.86008527251128,41.097886790174485,16.85993247707892,45.0,0.0
0_2179,50367869#2,30674359#5,41.09635234466292,16.861941330534812,41.09637137649532,16.8615997833262,41.097886790174485,16.85993247707892,41.097887056561405,16.859358083149928,45.0,0.0
0_2180,50367869#2,30674385#2,41.09635234466292,16.861941330534812,41.09637137649532,16.8615997833262,41.09752079197923,16.86113857805688,41.097541272342,16.861158803055236,45.0,0.0
0_2181,50367869#2,30674948,41.09635234466292,16.861941330534812,41.09637137649532,16.8615997833262,41.09346290764322,16.859512259912492,41.0937563740557,16.85923859402608,45.0,0.0
0_2182,50367869#2,30675059#0,41.09635234466292,16.861941330534812,41.09637137649532,16.8615997833262,41.09575898407665,16.861403291409037,41.09556026737646,16.861799770540163,45.0,0.0
0_2183,50367869#2,30675059#1,41.09635234466292,16.861941330534812,41.09637137649532,16.8615997833262,41.09556026737646,16.861799770540163,41.09428507077666,16.861822930016572,45.0,0.0
0_2184,50367869#2,33831688,41.09635234466292,16.861941330534812,41.09637137649532,16.8615997833262,41.09717022441964,16.862141610446756,41.09717150257013,16.862346685598727,45.0,0.0
0_2185,50367869#2,48563895#1,41.09635234466292,16.861941330534812,41.09637137649532,16.8615997833262,41.094497059549575,16.854662484304253,41.09459493177244,16.85467607291383,45.0,0.0
0_2186,50367869#2,48563902#0,41.09635234466292,16.861941330534812,41.09637137649532,16.8615997833262,41.093159424293006,16.861119861413044,41.092910609638544,16.861550868324073,45.0,0.0
0_2187,50367869#2,48874527#2,41.09635234466292,16.861941330534812,41.09637137649532,16.8615997833262,41.094611131446,16.86076995428607,41.09433377805168,16.860614722600705,45.0,0.0
0_2188,50367869#2,50077954,41.09635234466292,16.861941330534812,41.09637137649532,16.8615997833262,41.094481033476846,16.855484180652265,41.09590934506375,16.85589778274809,45.0,0.0
0_2189,50367869#2,96606465,41.09635234466292,16.861941330534812,41.09637137649532,16.8615997833262,41.09320904205983,16.86036794969964,41.093226008438016,16.859824905081403,45.0,0.0
0_2190,50370694#0,-131752097#1,41.09389978504193,16.86089441913475,41.09390877175432,16.860555577386883,41.09628587040379,16.863506396736675,41.09627339570725,16.863759660301465,45.0,0.0
0_2191,50370694#0,-25654991#0,41.09389978504193,16.86089441913475,41.09390877175432,16.860555577386883,41.09267829914716,16.854073630954087,41.09207574955028,16.85389154719994,45.0,0.0
0_2192,50370694#0,-33831688,41.09389978504193,16.86089441913475,41.09390877175432,16.860555577386883,41.09717150257013,16.862346685598727,41.09717022441964,16.862141610446756,45.0,0.0
0_2193,50370694#0,-48874524,41.09389978504193,16.86089441913475,41.09390877175432,16.860555577386883,41.09782874807601,16.858422322289133,41.09720965467912,16.86010828803053,45.0,0.0
0_2194,50370694#0,-50077954,41.09389978504193,16.86089441913475,41.09390877175432,16.860555577386883,41.09590934506375,16.85589778274809,41.094481033476846,16.855484180652265,45.0,0.0
0_2195,50370694#0,-50370694#0,41.09389978504193,16.86089441913475,41.09390877175432,16.860555577386883,41.09390877175432,16.860555577386883,41.09389978504193,16.86089441913475,45.0,0.0
0_2196,50370694#0,114953453#6,41.09389978504193,16.86089441913475,41.09390877175432,16.860555577386883,41.09289989869124,16.857979997773366,41.09252833667128,16.85806965698529,45.0,0.0
0_2197,50370694#0,1223050325#0,41.09389978504193,16.86089441913475,41.09390877175432,16.860555577386883,41.09575898407665,16.861403291409037,41.09578940828096,16.861627521735652,45.0,0.0
0_2198,50370694#0,1223050326,41.09389978504193,16.86089441913475,41.09390877175432,16.860555577386883,41.09577203818025,16.86132567064774,41.09575898407665,16.861403291409037,45.0,0.0
0_2199,50370694#0,1226960836#1,41.09389978504193,16.86089441913475,41.09390877175432,16.860555577386883,41.09326327598272,16.856459442663375,41.09325705252129,16.85653261037847,45.0,0.0
0_2200,50370694#0,131750844#7,41.09389978504193,16.86089441913475,41.09390877175432,16.860555577386883,41.09588692434208,16.86204201283392,41.096023183819085,16.86206015013157,45.0,0.0
0_2201,50370694#0,131750844#8,41.09389978504193,16.86089441913475,41.09390877175432,16.860555577386883,41.096023183819085,16.86206015013157,41.09607053280287,16.862073156374553,45.0,0.0
0_2202,50370694#0,131750844#9,41.09389978504193,16.86089441913475,41.09390877175432,16.860555577386883,41.09607053280287,16.862073156374553,41.09624619327664,16.862345189534487,45.0,0.0
0_2203,50370694#0,131750850#0,41.09389978504193,16.86089441913475,41.09390877175432,16.860555577386883,41.09406666971318,16.861809974981103,41.09374076152227,16.861733142040123,45.0,0.0
0_2204,50370694#0,131750853#0,41.09389978504193,16.86089441913475,41.09390877175432,16.860555577386883,41.09428507077666,16.861822930016572,41.094248634240174,16.861820234016683,45.0,0.0
0_2205,50370694#0,131750853#2,41.09389978504193,16.86089441913475,41.09390877175432,16.860555577386883,41.09422326217536,16.861818445841735,41.09406666971318,16.861809974981103,45.0,0.0
0_2206,50370694#0,131752095#2,41.09389978504193,16.86089441913475,41.09390877175432,16.860555577386883,41.09606913880409,16.857384087393385,41.09607773810893,16.85711333011326,45.0,0.0
0_2207,50370694#0,25817423#3,41.09389978504193,16.86089441913475,41.09390877175432,16.860555577386883,41.093433790346566,16.855687830843742,41.09352569242476,16.85465158647345,45.0,0.0
0_2208,50370694#0,25817735#2,41.09389978504193,16.86089441913475,41.09390877175432,16.860555577386883,41.09257525037648,16.866055037799217,41.08991586912939,16.865878687144406,45.0,0.0
0_2209,50370694#0,25819014#1,41.09389978504193,16.86089441913475,41.09390877175432,16.860555577386883,41.09637979984023,16.861535604961926,41.096390396588056,16.86145398483175,45.0,0.0
0_2210,50370694#0,25819014#2,41.09389978504193,16.86089441913475,41.09390877175432,16.860555577386883,41.096390396588056,16.86145398483175,41.09617566373433,16.86105237527639,45.0,0.0
0_2211,50370694#0,25819177#2,41.09389978504193,16.86089441913475,41.09390877175432,16.860555577386883,41.09333584930795,16.855672929401177,41.09331846638719,16.855846153569416,45.0,0.0
0_2212,50370694#0,25819177#3,41.09389978504193,16.86089441913475,41.09390877175432,16.860555577386883,41.09331846638719,16.855846153569416,41.09330344191395,16.855984796607544,45.0,0.0
0_2213,50370694#0,25819177#5,41.09389978504193,16.86089441913475,41.09390877175432,16.860555577386883,41.09328897220411,16.85615607855325,41.093276282258536,16.856306336332803,45.0,0.0
0_2214,50370694#0,28279138#5,41.09389978504193,16.86089441913475,41.09390877175432,16.860555577386883,41.09309962997091,16.8641768999245,41.09122003932151,16.863954806076606,45.0,0.0
0_2215,50370694#0,28921528#2,41.09389978504193,16.86089441913475,41.09390877175432,16.860555577386883,41.09590934506375,16.85589778274809,41.09589464404242,16.856597607978603,45.0,0.0
0_2216,50370694#0,28921528#8,41.09389978504193,16.86089441913475,41.09390877175432,16.860555577386883,41.095864883749904,16.858939789299576,41.09579879841287,16.860483307032734,45.0,0.0
0_2217,50370694#0,30672980#0,41.09389978504193,16.86089441913475,41.09390877175432,16.860555577386883,41.09410258065408,16.854547680343014,41.0940220774019,16.854495884667088,45.0,0.0
0_2218,50370694#0,30672980#6,41.09389978504193,16.86089441913475,41.09390877175432,16.860555577386883,41.09290701188394,16.85345153155061,41.09274366748828,16.853398004520955,45.0,0.0
0_2219,50370694#0,30673346,41.09389978504193,16.86089441913475,41.09390877175432,16.860555577386883,41.09289989869124,16.857979997773366,41.0924620240455,16.857540225068156,45.0,0.0
0_2220,50370694#0,30674315#11,41.09389978504193,16.86089441913475,41.09390877175432,16.860555577386883,41.09762167433529,16.86078183182401,41.0975908593457,16.860854905020272,45.0,0.0
0_2221,50370694#0,30674315#8,41.09389978504193,16.86089441913475,41.09390877175432,16.860555577386883,41.09783406893447,16.85935956518292,41.09781757948696,16.860074005211207,45.0,0.0
0_2222,50370694#0,30674315#9,41.09389978504193,16.86089441913475,41.09390877175432,16.860555577386883,41.09781757948696,16.860074005211207,41.09773009884011,16.860532461562137,45.0,0.0
0_2223,50370694#0,30674359#4,41.09389978504193,16.86089441913475,41.09390877175432,16.860555577386883,41.09788351207976,16.86008527251128,41.097886790174485,16.85993247707892,45.0,0.0
0_2224,50370694#0,30674359#5,41.09389978504193,16.86089441913475,41.09390877175432,16.860555577386883,41.097886790174485,16.85993247707892,41.097887056561405,16.859358083149928,45.0,0.0
0_2225,50370694#0,30674385#2,41.09389978504193,16.86089441913475,41.09390877175432,16.860555577386883,41.09752079197923,16.86113857805688,41.097541272342,16.861158803055236,45.0,0.0
0_2226,50370694#0,30674948,41.09389978504193,16.86089441913475,41.09390877175432,16.860555577386883,41.09346290764322,16.859512259912492,41.0937563740557,16.85923859402608,45.0,0.0
0_2227,50370694#0,30675059#0,41.09389978504193,16.86089441913475,41.09390877175432,16.860555577386883,41.09575898407665,16.861403291409037,41.09556026737646,16.861799770540163,45.0,0.0
0_2228,50370694#0,30675059#1,41.09389978504193,16.86089441913475,41.09390877175432,16.860555577386883,41.09556026737646,16.861799770540163,41.09428507077666,16.861822930016572,45.0,0.0
0_2229,50370694#0,33831688,41.09389978504193,16.86089441913475,41.09390877175432,16.860555577386883,41.09717022441964,16.862141610446756,41.09717150257013,16.862346685598727,45.0,0.0
0_2230,50370694#0,48563895#1,41.09389978504193,16.86089441913475,41.09390877175432,16.860555577386883,41.094497059549575,16.854662484304253,41.09459493177244,16.85467607291383,45.0,0.0
0_2231,50370694#0,48563902#0,41.09389978504193,16.86089441913475,41.09390877175432,16.860555577386883,41.093159424293006,16.861119861413044,41.092910609638544,16.861550868324073,45.0,0.0
0_2232,50370694#0,48874527#2,41.09389978504193,16.86089441913475,41.09390877175432,16.860555577386883,41.094611131446,16.86076995428607,41.09433377805168,16.860614722600705,45.0,0.0
0_2233,50370694#0,50077954,41.09389978504193,16.86089441913475,41.09390877175432,16.860555577386883,41.094481033476846,16.855484180652265,41.09590934506375,16.85589778274809,45.0,0.0
0_2234,50370694#0,96606465,41.09389978504193,16.86089441913475,41.09390877175432,16.860555577386883,41.09320904205983,16.86036794969964,41.093226008438016,16.859824905081403,45.0,0.0
0_2235,50835386#2,-131752097#1,41.09306758362873,16.865583197526423,41.09308146146672,16.866222243461014,41.09628587040379,16.863506396736675,41.09627339570725,16.863759660301465,45.0,0.0
0_2236,50835386#2,-25654991#0,41.09306758362873,16.865583197526423,41.09308146146672,16.866222243461014,41.09267829914716,16.854073630954087,41.09207574955028,16.85389154719994,45.0,0.0
0_2237,50835386#2,-33831688,41.09306758362873,16.865583197526423,41.09308146146672,16.866222243461014,41.09717150257013,16.862346685598727,41.09717022441964,16.862141610446756,45.0,0.0
0_2238,50835386#2,-48874524,41.09306758362873,16.865583197526423,41.09308146146672,16.866222243461014,41.09782874807601,16.858422322289133,41.09720965467912,16.86010828803053,45.0,0.0
0_2239,50835386#2,-50077954,41.09306758362873,16.865583197526423,41.09308146146672,16.866222243461014,41.09590934506375,16.85589778274809,41.094481033476846,16.855484180652265,45.0,0.0
0_2240,50835386#2,-50370694#0,41.09306758362873,16.865583197526423,41.09308146146672,16.866222243461014,41.09390877175432,16.860555577386883,41.09389978504193,16.86089441913475,45.0,0.0
0_2241,50835386#2,114953453#6,41.09306758362873,16.865583197526423,41.09308146146672,16.866222243461014,41.09289989869124,16.857979997773366,41.09252833667128,16.85806965698529,45.0,0.0
0_2242,50835386#2,1223050325#0,41.09306758362873,16.865583197526423,41.09308146146672,16.866222243461014,41.09575898407665,16.861403291409037,41.09578940828096,16.861627521735652,45.0,0.0
0_2243,50835386#2,1223050326,41.09306758362873,16.865583197526423,41.09308146146672,16.866222243461014,41.09577203818025,16.86132567064774,41.09575898407665,16.861403291409037,45.0,0.0
0_2244,50835386#2,1226960836#1,41.09306758362873,16.865583197526423,41.09308146146672,16.866222243461014,41.09326327598272,16.856459442663375,41.09325705252129,16.85653261037847,45.0,0.0
0_2245,50835386#2,131750844#7,41.09306758362873,16.865583197526423,41.09308146146672,16.866222243461014,41.09588692434208,16.86204201283392,41.096023183819085,16.86206015013157,45.0,0.0
0_2246,50835386#2,131750844#8,41.09306758362873,16.865583197526423,41.09308146146672,16.866222243461014,41.096023183819085,16.86206015013157,41.09607053280287,16.862073156374553,45.0,0.0
0_2247,50835386#2,131750844#9,41.09306758362873,16.865583197526423,41.09308146146672,16.866222243461014,41.09607053280287,16.862073156374553,41.09624619327664,16.862345189534487,45.0,0.0
0_2248,50835386#2,131750850#0,41.09306758362873,16.865583197526423,41.09308146146672,16.866222243461014,41.09406666971318,16.861809974981103,41.09374076152227,16.861733142040123,45.0,0.0
0_2249,50835386#2,131750853#0,41.09306758362873,16.865583197526423,41.09308146146672,16.866222243461014,41.09428507077666,16.861822930016572,41.094248634240174,16.861820234016683,45.0,0.0
0_2250,50835386#2,131750853#2,41.09306758362873,16.865583197526423,41.09308146146672,16.866222243461014,41.09422326217536,16.861818445841735,41.09406666971318,16.861809974981103,45.0,0.0
0_2251,50835386#2,131752095#2,41.09306758362873,16.865583197526423,41.09308146146672,16.866222243461014,41.09606913880409,16.857384087393385,41.09607773810893,16.85711333011326,45.0,0.0
0_2252,50835386#2,25817423#3,41.09306758362873,16.865583197526423,41.09308146146672,16.866222243461014,41.093433790346566,16.855687830843742,41.09352569242476,16.85465158647345,45.0,0.0
0_2253,50835386#2,25817735#2,41.09306758362873,16.865583197526423,41.09308146146672,16.866222243461014,41.09257525037648,16.866055037799217,41.08991586912939,16.865878687144406,45.0,0.0
0_2254,50835386#2,25819014#1,41.09306758362873,16.865583197526423,41.09308146146672,16.866222243461014,41.09637979984023,16.861535604961926,41.096390396588056,16.86145398483175,45.0,0.0
0_2255,50835386#2,25819014#2,41.09306758362873,16.865583197526423,41.09308146146672,16.866222243461014,41.096390396588056,16.86145398483175,41.09617566373433,16.86105237527639,45.0,0.0
0_2256,50835386#2,25819177#2,41.09306758362873,16.865583197526423,41.09308146146672,16.866222243461014,41.09333584930795,16.855672929401177,41.09331846638719,16.855846153569416,45.0,0.0
0_2257,50835386#2,25819177#3,41.09306758362873,16.865583197526423,41.09308146146672,16.866222243461014,41.09331846638719,16.855846153569416,41.09330344191395,16.855984796607544,45.0,0.0
0_2258,50835386#2,25819177#5,41.09306758362873,16.865583197526423,41.09308146146672,16.866222243461014,41.09328897220411,16.85615607855325,41.093276282258536,16.856306336332803,45.0,0.0
0_2259,50835386#2,28279138#5,41.09306758362873,16.865583197526423,41.09308146146672,16.866222243461014,41.09309962997091,16.8641768999245,41.09122003932151,16.863954806076606,45.0,0.0
0_2260,50835386#2,28921528#2,41.09306758362873,16.865583197526423,41.09308146146672,16.866222243461014,41.09590934506375,16.85589778274809,41.09589464404242,16.856597607978603,45.0,0.0
0_2261,50835386#2,28921528#8,41.09306758362873,16.865583197526423,41.09308146146672,16.866222243461014,41.095864883749904,16.858939789299576,41.09579879841287,16.860483307032734,45.0,0.0
0_2262,50835386#2,30672980#0,41.09306758362873,16.865583197526423,41.09308146146672,16.866222243461014,41.09410258065408,16.854547680343014,41.0940220774019,16.854495884667088,45.0,0.0
0_2263,50835386#2,30672980#6,41.09306758362873,16.865583197526423,41.09308146146672,16.866222243461014,41.09290701188394,16.85345153155061,41.09274366748828,16.853398004520955,45.0,0.0
0_2264,50835386#2,30673346,41.09306758362873,16.865583197526423,41.09308146146672,16.866222243461014,41.09289989869124,16.857979997773366,41.0924620240455,16.857540225068156,45.0,0.0
0_2265,50835386#2,30674315#11,41.09306758362873,16.865583197526423,41.09308146146672,16.866222243461014,41.09762167433529,16.86078183182401,41.0975908593457,16.860854905020272,45.0,0.0
0_2266,50835386#2,30674315#8,41.09306758362873,16.865583197526423,41.09308146146672,16.866222243461014,41.09783406893447,16.85935956518292,41.09781757948696,16.860074005211207,45.0,0.0
0_2267,50835386#2,30674315#9,41.09306758362873,16.865583197526423,41.09308146146672,16.866222243461014,41.09781757948696,16.860074005211207,41.09773009884011,16.860532461562137,45.0,0.0
0_2268,50835386#2,30674359#4,41.09306758362873,16.865583197526423,41.09308146146672,16.866222243461014,41.09788351207976,16.86008527251128,41.097886790174485,16.85993247707892,45.0,0.0
0_2269,50835386#2,30674359#5,41.09306758362873,16.865583197526423,41.09308146146672,16.866222243461014,41.097886790174485,16.85993247707892,41.097887056561405,16.859358083149928,45.0,0.0
0_2270,50835386#2,30674385#2,41.09306758362873,16.865583197526423,41.09308146146672,16.866222243461014,41.09752079197923,16.86113857805688,41.097541272342,16.861158803055236,45.0,0.0
0_2271,50835386#2,30674948,41.09306758362873,16.865583197526423,41.09308146146672,16.866222243461014,41.09346290764322,16.859512259912492,41.0937563740557,16.85923859402608,45.0,0.0
0_2272,50835386#2,30675059#0,41.09306758362873,16.865583197526423,41.09308146146672,16.866222243461014,41.09575898407665,16.861403291409037,41.09556026737646,16.861799770540163,45.0,0.0
0_2273,50835386#2,30675059#1,41.09306758362873,16.865583197526423,41.09308146146672,16.866222243461014,41.09556026737646,16.861799770540163,41.09428507077666,16.861822930016572,45.0,0.0
0_2274,50835386#2,33831688,41.09306758362873,16.865583197526423,41.09308146146672,16.866222243461014,41.09717022441964,16.862141610446756,41.09717150257013,16.862346685598727,45.0,0.0
0_2275,50835386#2,48563895#1,41.09306758362873,16.865583197526423,41.09308146146672,16.866222243461014,41.094497059549575,16.854662484304253,41.09459493177244,16.85467607291383,45.0,0.0
0_2276,50835386#2,48563902#0,41.09306758362873,16.865583197526423,41.09308146146672,16.866222243461014,41.093159424293006,16.861119861413044,41.092910609638544,16.861550868324073,45.0,0.0
0_2277,50835386#2,48874527#2,41.09306758362873,16.865583197526423,41.09308146146672,16.866222243461014,41.094611131446,16.86076995428607,41.09433377805168,16.860614722600705,45.0,0.0
0_2278,50835386#2,50077954,41.09306758362873,16.865583197526423,41.09308146146672,16.866222243461014,41.094481033476846,16.855484180652265,41.09590934506375,16.85589778274809,45.0,0.0
0_2279,50835386#2,96606465,41.09306758362873,16.865583197526423,41.09308146146672,16.866222243461014,41.09320904205983,16.86036794969964,41.093226008438016,16.859824905081403,45.0,0.0
0_2280,51034170,-131752097#1,41.09274366748828,16.853398004520955,41.09267829914716,16.854073630954087,41.09628587040379,16.863506396736675,41.09627339570725,16.863759660301465,45.0,0.0
0_2281,51034170,-25654991#0,41.09274366748828,16.853398004520955,41.09267829914716,16.854073630954087,41.09267829914716,16.854073630954087,41.09207574955028,16.85389154719994,45.0,0.0
0_2282,51034170,-33831688,41.09274366748828,16.853398004520955,41.09267829914716,16.854073630954087,41.09717150257013,16.862346685598727,41.09717022441964,16.862141610446756,45.0,0.0
0_2283,51034170,-48874524,41.09274366748828,16.853398004520955,41.09267829914716,16.854073630954087,41.09782874807601,16.858422322289133,41.09720965467912,16.86010828803053,45.0,0.0
0_2284,51034170,-50077954,41.09274366748828,16.853398004520955,41.09267829914716,16.854073630954087,41.09590934506375,16.85589778274809,41.094481033476846,16.855484180652265,45.0,0.0
0_2285,51034170,-50370694#0,41.09274366748828,16.853398004520955,41.09267829914716,16.854073630954087,41.09390877175432,16.860555577386883,41.09389978504193,16.86089441913475,45.0,0.0
0_2286,51034170,114953453#6,41.09274366748828,16.853398004520955,41.09267829914716,16.854073630954087,41.09289989869124,16.857979997773366,41.09252833667128,16.85806965698529,45.0,0.0
0_2287,51034170,1223050325#0,41.09274366748828,16.853398004520955,41.09267829914716,16.854073630954087,41.09575898407665,16.861403291409037,41.09578940828096,16.861627521735652,45.0,0.0
0_2288,51034170,1223050326,41.09274366748828,16.853398004520955,41.09267829914716,16.854073630954087,41.09577203818025,16.86132567064774,41.09575898407665,16.861403291409037,45.0,0.0
0_2289,51034170,1226960836#1,41.09274366748828,16.853398004520955,41.09267829914716,16.854073630954087,41.09326327598272,16.856459442663375,41.09325705252129,16.85653261037847,45.0,0.0
0_2290,51034170,131750844#7,41.09274366748828,16.853398004520955,41.09267829914716,16.854073630954087,41.09588692434208,16.86204201283392,41.096023183819085,16.86206015013157,45.0,0.0
0_2291,51034170,131750844#8,41.09274366748828,16.853398004520955,41.09267829914716,16.854073630954087,41.096023183819085,16.86206015013157,41.09607053280287,16.862073156374553,45.0,0.0
0_2292,51034170,131750844#9,41.09274366748828,16.853398004520955,41.09267829914716,16.854073630954087,41.09607053280287,16.862073156374553,41.09624619327664,16.862345189534487,45.0,0.0
0_2293,51034170,131750850#0,41.09274366748828,16.853398004520955,41.09267829914716,16.854073630954087,41.09406666971318,16.861809974981103,41.09374076152227,16.861733142040123,45.0,0.0
0_2294,51034170,131750853#0,41.09274366748828,16.853398004520955,41.09267829914716,16.854073630954087,41.09428507077666,16.861822930016572,41.094248634240174,16.861820234016683,45.0,0.0
0_2295,51034170,131750853#2,41.09274366748828,16.853398004520955,41.09267829914716,16.854073630954087,41.09422326217536,16.861818445841735,41.09406666971318,16.861809974981103,45.0,0.0
0_2296,51034170,131752095#2,41.09274366748828,16.853398004520955,41.09267829914716,16.854073630954087,41.09606913880409,16.857384087393385,41.09607773810893,16.85711333011326,45.0,0.0
0_2297,51034170,25817423#3,41.09274366748828,16.853398004520955,41.09267829914716,16.854073630954087,41.093433790346566,16.855687830843742,41.09352569242476,16.85465158647345,45.0,0.0
0_2298,51034170,25817735#2,41.09274366748828,16.853398004520955,41.09267829914716,16.854073630954087,41.09257525037648,16.866055037799217,41.08991586912939,16.865878687144406,45.0,0.0
0_2299,51034170,25819014#1,41.09274366748828,16.853398004520955,41.09267829914716,16.854073630954087,41.09637979984023,16.861535604961926,41.096390396588056,16.86145398483175,45.0,0.0
0_2300,51034170,25819014#2,41.09274366748828,16.853398004520955,41.09267829914716,16.854073630954087,41.096390396588056,16.86145398483175,41.09617566373433,16.86105237527639,45.0,0.0
0_2301,51034170,25819177#2,41.09274366748828,16.853398004520955,41.09267829914716,16.854073630954087,41.09333584930795,16.855672929401177,41.09331846638719,16.855846153569416,45.0,0.0
0_2302,51034170,25819177#3,41.09274366748828,16.853398004520955,41.09267829914716,16.854073630954087,41.09331846638719,16.855846153569416,41.09330344191395,16.855984796607544,45.0,0.0
0_2303,51034170,25819177#5,41.09274366748828,16.853398004520955,41.09267829914716,16.854073630954087,41.09328897220411,16.85615607855325,41.093276282258536,16.856306336332803,45.0,0.0
0_2304,51034170,28279138#5,41.09274366748828,16.853398004520955,41.09267829914716,16.854073630954087,41.09309962997091,16.8641768999245,41.09122003932151,16.863954806076606,45.0,0.0
0_2305,51034170,28921528#2,41.09274366748828,16.853398004520955,41.09267829914716,16.854073630954087,41.09590934506375,16.85589778274809,41.09589464404242,16.856597607978603,45.0,0.0
0_2306,51034170,28921528#8,41.09274366748828,16.853398004520955,41.09267829914716,16.854073630954087,41.095864883749904,16.858939789299576,41.09579879841287,16.860483307032734,45.0,0.0
0_2307,51034170,30672980#0,41.09274366748828,16.853398004520955,41.09267829914716,16.854073630954087,41.09410258065408,16.854547680343014,41.0940220774019,16.854495884667088,45.0,0.0
0_2308,51034170,30672980#6,41.09274366748828,16.853398004520955,41.09267829914716,16.854073630954087,41.09290701188394,16.85345153155061,41.09274366748828,16.853398004520955,45.0,0.0
0_2309,51034170,30673346,41.09274366748828,16.853398004520955,41.09267829914716,16.854073630954087,41.09289989869124,16.857979997773366,41.0924620240455,16.857540225068156,45.0,0.0
0_2310,51034170,30674315#11,41.09274366748828,16.853398004520955,41.09267829914716,16.854073630954087,41.09762167433529,16.86078183182401,41.0975908593457,16.860854905020272,45.0,0.0
0_2311,51034170,30674315#8,41.09274366748828,16.853398004520955,41.09267829914716,16.854073630954087,41.09783406893447,16.85935956518292,41.09781757948696,16.860074005211207,45.0,0.0
0_2312,51034170,30674315#9,41.09274366748828,16.853398004520955,41.09267829914716,16.854073630954087,41.09781757948696,16.860074005211207,41.09773009884011,16.860532461562137,45.0,0.0
0_2313,51034170,30674359#4,41.09274366748828,16.853398004520955,41.09267829914716,16.854073630954087,41.09788351207976,16.86008527251128,41.097886790174485,16.85993247707892,45.0,0.0
0_2314,51034170,30674359#5,41.09274366748828,16.853398004520955,41.09267829914716,16.854073630954087,41.097886790174485,16.85993247707892,41.097887056561405,16.859358083149928,45.0,0.0
0_2315,51034170,30674385#2,41.09274366748828,16.853398004520955,41.09267829914716,16.854073630954087,41.09752079197923,16.86113857805688,41.097541272342,16.861158803055236,45.0,0.0
0_2316,51034170,30674948,41.09274366748828,16.853398004520955,41.09267829914716,16.854073630954087,41.09346290764322,16.859512259912492,41.0937563740557,16.85923859402608,45.0,0.0
0_2317,51034170,30675059#0,41.09274366748828,16.853398004520955,41.09267829914716,16.854073630954087,41.09575898407665,16.861403291409037,41.09556026737646,16.861799770540163,45.0,0.0
0_2318,51034170,30675059#1,41.09274366748828,16.853398004520955,41.09267829914716,16.854073630954087,41.09556026737646,16.861799770540163,41.09428507077666,16.861822930016572,45.0,0.0
0_2319,51034170,33831688,41.09274366748828,16.853398004520955,41.09267829914716,16.854073630954087,41.09717022441964,16.862141610446756,41.09717150257013,16.862346685598727,45.0,0.0
0_2320,51034170,48563895#1,41.09274366748828,16.853398004520955,41.09267829914716,16.854073630954087,41.094497059549575,16.854662484304253,41.09459493177244,16.85467607291383,45.0,0.0
0_2321,51034170,48563902#0,41.09274366748828,16.853398004520955,41.09267829914716,16.854073630954087,41.093159424293006,16.861119861413044,41.092910609638544,16.861550868324073,45.0,0.0
0_2322,51034170,48874527#2,41.09274366748828,16.853398004520955,41.09267829914716,16.854073630954087,41.094611131446,16.86076995428607,41.09433377805168,16.860614722600705,45.0,0.0
0_2323,51034170,50077954,41.09274366748828,16.853398004520955,41.09267829914716,16.854073630954087,41.094481033476846,16.855484180652265,41.09590934506375,16.85589778274809,45.0,0.0
0_2324,51034170,96606465,41.09274366748828,16.853398004520955,41.09267829914716,16.854073630954087,41.09320904205983,16.86036794969964,41.093226008438016,16.859824905081403,45.0,0.0
0_2325,564714858#2,-131752097#1,41.09628456505594,16.860940786798917,41.096145265720544,16.8609156599333,41.09628587040379,16.863506396736675,41.09627339570725,16.863759660301465,45.0,0.0
0_2326,564714858#2,-25654991#0,41.09628456505594,16.860940786798917,41.096145265720544,16.8609156599333,41.09267829914716,16.854073630954087,41.09207574955028,16.85389154719994,45.0,0.0
0_2327,564714858#2,-33831688,41.09628456505594,16.860940786798917,41.096145265720544,16.8609156599333,41.09717150257013,16.862346685598727,41.09717022441964,16.862141610446756,45.0,0.0
0_2328,564714858#2,-48874524,41.09628456505594,16.860940786798917,41.096145265720544,16.8609156599333,41.09782874807601,16.858422322289133,41.09720965467912,16.86010828803053,45.0,0.0
0_2329,564714858#2,-50077954,41.09628456505594,16.860940786798917,41.096145265720544,16.8609156599333,41.09590934506375,16.85589778274809,41.094481033476846,16.855484180652265,45.0,0.0
0_2330,564714858#2,-50370694#0,41.09628456505594,16.860940786798917,41.096145265720544,16.8609156599333,41.09390877175432,16.860555577386883,41.09389978504193,16.86089441913475,45.0,0.0
0_2331,564714858#2,114953453#6,41.09628456505594,16.860940786798917,41.096145265720544,16.8609156599333,41.09289989869124,16.857979997773366,41.09252833667128,16.85806965698529,45.0,0.0
0_2332,564714858#2,1223050325#0,41.09628456505594,16.860940786798917,41.096145265720544,16.8609156599333,41.09575898407665,16.861403291409037,41.09578940828096,16.861627521735652,45.0,0.0
0_2333,564714858#2,1223050326,41.09628456505594,16.860940786798917,41.096145265720544,16.8609156599333,41.09577203818025,16.86132567064774,41.09575898407665,16.861403291409037,45.0,0.0
0_2334,564714858#2,1226960836#1,41.09628456505594,16.860940786798917,41.096145265720544,16.8609156599333,41.09326327598272,16.856459442663375,41.09325705252129,16.85653261037847,45.0,0.0
0_2335,564714858#2,131750844#7,41.09628456505594,16.860940786798917,41.096145265720544,16.8609156599333,41.09588692434208,16.86204201283392,41.096023183819085,16.86206015013157,45.0,0.0
0_2336,564714858#2,131750844#8,41.09628456505594,16.860940786798917,41.096145265720544,16.8609156599333,41.096023183819085,16.86206015013157,41.09607053280287,16.862073156374553,45.0,0.0
0_2337,564714858#2,131750844#9,41.09628456505594,16.860940786798917,41.096145265720544,16.8609156599333,41.09607053280287,16.862073156374553,41.09624619327664,16.862345189534487,45.0,0.0
0_2338,564714858#2,131750850#0,41.09628456505594,16.860940786798917,41.096145265720544,16.8609156599333,41.09406666971318,16.861809974981103,41.09374076152227,16.861733142040123,45.0,0.0
0_2339,564714858#2,131750853#0,41.09628456505594,16.860940786798917,41.096145265720544,16.8609156599333,41.09428507077666,16.861822930016572,41.094248634240174,16.861820234016683,45.0,0.0
0_2340,564714858#2,131750853#2,41.09628456505594,16.860940786798917,41.096145265720544,16.8609156599333,41.09422326217536,16.861818445841735,41.09406666971318,16.861809974981103,45.0,0.0
0_2341,564714858#2,131752095#2,41.09628456505594,16.860940786798917,41.096145265720544,16.8609156599333,41.09606913880409,16.857384087393385,41.09607773810893,16.85711333011326,45.0,0.0
0_2342,564714858#2,25817423#3,41.09628456505594,16.860940786798917,41.096145265720544,16.8609156599333,41.093433790346566,16.855687830843742,41.09352569242476,16.85465158647345,45.0,0.0
0_2343,564714858#2,25817735#2,41.09628456505594,16.860940786798917,41.096145265720544,16.8609156599333,41.09257525037648,16.866055037799217,41.08991586912939,16.865878687144406,45.0,0.0
0_2344,564714858#2,25819014#1,41.09628456505594,16.860940786798917,41.096145265720544,16.8609156599333,41.09637979984023,16.861535604961926,41.096390396588056,16.86145398483175,45.0,0.0
0_2345,564714858#2,25819014#2,41.09628456505594,16.860940786798917,41.096145265720544,16.8609156599333,41.096390396588056,16.86145398483175,41.09617566373433,16.86105237527639,45.0,0.0
0_2346,564714858#2,25819177#2,41.09628456505594,16.860940786798917,41.096145265720544,16.8609156599333,41.09333584930795,16.855672929401177,41.09331846638719,16.855846153569416,45.0,0.0
0_2347,564714858#2,25819177#3,41.09628456505594,16.860940786798917,41.096145265720544,16.8609156599333,41.09331846638719,16.855846153569416,41.09330344191395,16.855984796607544,45.0,0.0
0_2348,564714858#2,25819177#5,41.09628456505594,16.860940786798917,41.096145265720544,16.8609156599333,41.09328897220411,16.85615607855325,41.093276282258536,16.856306336332803,45.0,0.0
0_2349,564714858#2,28279138#5,41.09628456505594,16.860940786798917,41.096145265720544,16.8609156599333,41.09309962997091,16.8641768999245,41.09122003932151,16.863954806076606,45.0,0.0
0_2350,564714858#2,28921528#2,41.09628456505594,16.860940786798917,41.096145265720544,16.8609156599333,41.09590934506375,16.85589778274809,41.09589464404242,16.856597607978603,45.0,0.0
0_2351,564714858#2,28921528#8,41.09628456505594,16.860940786798917,41.096145265720544,16.8609156599333,41.095864883749904,16.858939789299576,41.09579879841287,16.860483307032734,45.0,0.0
0_2352,564714858#2,30672980#0,41.09628456505594,16.860940786798917,41.096145265720544,16.8609156599333,41.09410258065408,16.854547680343014,41.0940220774019,16.854495884667088,45.0,0.0
0_2353,564714858#2,30672980#6,41.09628456505594,16.860940786798917,41.096145265720544,16.8609156599333,41.09290701188394,16.85345153155061,41.09274366748828,16.853398004520955,45.0,0.0
0_2354,564714858#2,30673346,41.09628456505594,16.860940786798917,41.096145265720544,16.8609156599333,41.09289989869124,16.857979997773366,41.0924620240455,16.857540225068156,45.0,0.0
0_2355,564714858#2,30674315#11,41.09628456505594,16.860940786798917,41.096145265720544,16.8609156599333,41.09762167433529,16.86078183182401,41.0975908593457,16.860854905020272,45.0,0.0
0_2356,564714858#2,30674315#8,41.09628456505594,16.860940786798917,41.096145265720544,16.8609156599333,41.09783406893447,16.85935956518292,41.09781757948696,16.860074005211207,45.0,0.0
0_2357,564714858#2,30674315#9,41.09628456505594,16.860940786798917,41.096145265720544,16.8609156599333,41.09781757948696,16.860074005211207,41.09773009884011,16.860532461562137,45.0,0.0
0_2358,564714858#2,30674359#4,41.09628456505594,16.860940786798917,41.096145265720544,16.8609156599333,41.09788351207976,16.86008527251128,41.097886790174485,16.85993247707892,45.0,0.0
0_2359,564714858#2,30674359#5,41.09628456505594,16.860940786798917,41.096145265720544,16.8609156599333,41.097886790174485,16.85993247707892,41.097887056561405,16.859358083149928,45.0,0.0
0_2360,564714858#2,30674385#2,41.09628456505594,16.860940786798917,41.096145265720544,16.8609156599333,41.09752079197923,16.86113857805688,41.097541272342,16.861158803055236,45.0,0.0
0_2361,564714858#2,30674948,41.09628456505594,16.860940786798917,41.096145265720544,16.8609156599333,41.09346290764322,16.859512259912492,41.0937563740557,16.85923859402608,45.0,0.0
0_2362,564714858#2,30675059#0,41.09628456505594,16.860940786798917,41.096145265720544,16.8609156599333,41.09575898407665,16.861403291409037,41.09556026737646,16.861799770540163,45.0,0.0
0_2363,564714858#2,30675059#1,41.09628456505594,16.860940786798917,41.096145265720544,16.8609156599333,41.09556026737646,16.861799770540163,41.09428507077666,16.861822930016572,45.0,0.0
0_2364,564714858#2,33831688,41.09628456505594,16.860940786798917,41.096145265720544,16.8609156599333,41.09717022441964,16.862141610446756,41.09717150257013,16.862346685598727,45.0,0.0
0_2365,564714858#2,48563895#1,41.09628456505594,16.860940786798917,41.096145265720544,16.8609156599333,41.094497059549575,16.854662484304253,41.09459493177244,16.85467607291383,45.0,0.0
0_2366,564714858#2,48563902#0,41.09628456505594,16.860940786798917,41.096145265720544,16.8609156599333,41.093159424293006,16.861119861413044,41.092910609638544,16.861550868324073,45.0,0.0
0_2367,564714858#2,48874527#2,41.09628456505594,16.860940786798917,41.096145265720544,16.8609156599333,41.094611131446,16.86076995428607,41.09433377805168,16.860614722600705,45.0,0.0
0_2368,564714858#2,50077954,41.09628456505594,16.860940786798917,41.096145265720544,16.8609156599333,41.094481033476846,16.855484180652265,41.09590934506375,16.85589778274809,45.0,0.0
0_2369,564714858#2,96606465,41.09628456505594,16.860940786798917,41.096145265720544,16.8609156599333,41.09320904205983,16.86036794969964,41.093226008438016,16.859824905081403,45.0,0.0
