Flow ID,Start Edge ID,End Edge ID,Flow Length,Start From Lat,Start From Lon,Start To Lat,Start To Lon,End From Lat,End From Lon,End To Lat,End To Lon,Random_const,Gamma,Gamma_agg,Gamma_norm,Start Count,End Count
5_1,-25654899,-1135075615#1,22,41.10450067190532,16.868197409823733,41.104613512551694,16.867304504076483,41.10593006633324,16.86024451803452,41.1061540374003,16.860263940525165,0.8248435885497917,0.037492890388626895,1.8613063037069157,0.02014332101812437,31.0,0.0
5_2,-25654899,-1296042207,15,41.10450067190532,16.868197409823733,41.104613512551694,16.867304504076483,41.10529931263373,16.864197719579735,41.105358063618205,16.8639291776279,0.6239601656416753,0.04159734437611169,1.8613063037069157,0.022348468005114367,31.0,0.0
5_3,-25654899,-25654678,19,41.10450067190532,16.868197409823733,41.104613512551694,16.867304504076483,41.1094627412817,16.866643418109717,41.109145712663846,16.866535828107896,0.879851203265998,0.04630795806663147,1.8613063037069157,0.02487927858752,31.0,0.0
5_4,-25654899,-96606441#0,20,41.10450067190532,16.868197409823733,41.104613512551694,16.867304504076483,41.10949006583287,16.860629422625397,41.11163796896053,16.862535602408425,0.5871374142205938,0.029356870711029694,1.8613063037069157,0.015772186798359584,31.0,0.0
5_5,-25654899,134805760#4,24,41.10450067190532,16.868197409823733,41.104613512551694,16.867304504076483,41.1084192109197,16.864915502792314,41.10833845965415,16.864946086143913,0.8250926985970637,0.03437886244154432,1.8613063037069157,0.018470287439029523,31.0,0.0
5_6,-25654899,138440000#1,12,41.10450067190532,16.868197409823733,41.104613512551694,16.867304504076483,41.104628432580256,16.864632211357712,41.10471595316798,16.864645286345713,0.8645640391347573,0.07204700326122977,1.8613063037069157,0.038707762992981516,31.0,0.0
5_7,-25654899,138440000#2,13,41.10450067190532,16.868197409823733,41.104613512551694,16.867304504076483,41.10471595316798,16.864645286345713,41.10482759798206,16.864586998125468,0.9026912881374949,0.06943779139519192,1.8613063037069157,0.037305945430315214,31.0,0.0
5_8,-25654899,138440000#5,16,41.10450067190532,16.868197409823733,41.104613512551694,16.867304504076483,41.10530898236287,16.864507375939425,41.10554708846225,16.864538287566845,0.5444789749537677,0.034029935934610483,1.8613063037069157,0.018282824200851623,31.0,0.0
5_9,-25654899,25634744#1,19,41.10450067190532,16.868197409823733,41.104613512551694,16.867304504076483,41.10912696164381,16.86880864147947,41.10856970665349,16.868667790168395,0.7665279910577916,0.04034357847672587,1.8613063037069157,0.021674873392078964,31.0,0.0
5_10,-25654899,25654663#3,22,41.10450067190532,16.868197409823733,41.104613512551694,16.867304504076483,41.10895239218255,16.86221911717674,41.10894268872457,16.86225659494897,0.7381794470763969,0.033553611230745316,1.8613063037069157,0.01802691537868918,31.0,0.0
5_11,-25654899,25654667#0,25,41.10450067190532,16.868197409823733,41.104613512551694,16.867304504076483,41.10833845965415,16.864946086143913,41.10833200545767,16.864777271379552,0.7726620908869233,0.030906483635476933,1.8613063037069157,0.016604727321840908,31.0,0.0
5_12,-25654899,25654667#2,17,41.10450067190532,16.868197409823733,41.104613512551694,16.867304504076483,41.10824709326599,16.86294433106446,41.10819079997804,16.86228690958613,0.9393491162149086,0.055255830365582854,1.8613063037069157,0.02968658638050985,31.0,0.0
5_13,-25654899,25654670#0,15,41.10450067190532,16.868197409823733,41.104613512551694,16.867304504076483,41.10782776217365,16.86523947757342,41.10785184362109,16.86547667119293,0.6521185496782935,0.0434745699785529,1.8613063037069157,0.023357020761155967,31.0,0.0
5_14,-25654899,25654670#2,17,41.10450067190532,16.868197409823733,41.104613512551694,16.867304504076483,41.10785321351032,16.86554780645669,41.107858556989214,16.86568502986514,0.749294606447688,0.044076153320452234,1.8613063037069157,0.02368022567412555,31.0,0.0
5_15,-25654899,25654899,2,41.10450067190532,16.868197409823733,41.104613512551694,16.867304504076483,41.104613512551694,16.867304504076483,41.10450067190532,16.868197409823733,0.6782795012568086,0.3391397506284043,1.8613063037069157,0.18220523400849437,31.0,0.0
5_16,-25654899,25654998#1,17,41.10450067190532,16.868197409823733,41.104613512551694,16.867304504076483,41.103272808734914,16.86478843229521,41.10326869322043,16.864875721506277,0.7582003534347306,0.04460002079027827,1.8613063037069157,0.023961677184165954,31.0,0.0
5_17,-25654899,25654998#2,18,41.10450067190532,16.868197409823733,41.104613512551694,16.867304504076483,41.10326869322043,16.864875721506277,41.10326306112503,16.86499547697651,0.631516863525198,0.03508427019584433,1.8613063037069157,0.018849272753211903,31.0,0.0
5_18,-25654899,25655001#4,8,41.10450067190532,16.868197409823733,41.104613512551694,16.867304504076483,41.10585670751274,16.866054557864008,41.10586778387464,16.865926854105435,0.6432418143879141,0.08040522679848926,1.8613063037069157,0.043198277810781,31.0,0.0
5_19,-25654899,25655018#2,5,41.10450067190532,16.868197409823733,41.104613512551694,16.867304504076483,41.10499011159529,16.86585948824938,41.10483199737708,16.8658838295608,0.6915264288185964,0.13830528576371928,1.8613063037069157,0.07430549474220072,31.0,0.0
5_20,-25654899,25655054#5,18,41.10450067190532,16.868197409823733,41.104613512551694,16.867304504076483,41.10641564822287,16.8613154812676,41.10710483419146,16.861363888027807,0.9249603308445096,0.051386685046917194,1.8613063037069157,0.027607860643128528,31.0,0.0
5_21,-25654899,295699555,18,41.10450067190532,16.868197409823733,41.104613512551694,16.867304504076483,41.10914574762715,16.86574982248076,41.10906564507099,16.86691322434958,0.6075144991360399,0.033750805507557775,1.8613063037069157,0.01813285940113177,31.0,0.0
5_22,-25654899,30002092#1,11,41.10450067190532,16.868197409823733,41.104613512551694,16.867304504076483,41.10593974387052,16.86510993658547,41.10637833713364,16.865208689087556,0.5307308948700002,0.04824826317000002,1.8613063037069157,0.02592172125238623,31.0,0.0
5_23,-25654899,30706585#8,22,41.10450067190532,16.868197409823733,41.104613512551694,16.867304504076483,41.10912734733775,16.863063779201443,41.10970529896603,16.86326757450766,0.8049782822634723,0.03658992192106693,1.8613063037069157,0.019658194810921587,31.0,0.0
5_24,-25654899,30706669,17,41.10450067190532,16.868197409823733,41.104613512551694,16.867304504076483,41.10724968510657,16.861006427195438,41.10834939661959,16.861073572647502,0.518122404006026,0.030477788470942707,1.8613063037069157,0.016374407807164332,31.0,0.0
5_25,-25654899,30706677#5,16,41.10450067190532,16.868197409823733,41.104613512551694,16.867304504076483,41.10789333241272,16.86291336901386,41.107812671096845,16.86345068308876,0.807740698494074,0.05048379365587963,1.8613063037069157,0.027122775845833533,31.0,0.0
5_26,-25654899,318933773#10,15,41.10450067190532,16.868197409823733,41.104613512551694,16.867304504076483,41.10708624166555,16.866809147339314,41.10707862373311,16.86759574699857,0.5058943675917013,0.03372629117278008,1.8613063037069157,0.018119688901075508,31.0,0.0
5_27,-25654899,50319918#2,13,41.10450067190532,16.868197409823733,41.104613512551694,16.867304504076483,41.10793919315882,16.86772898735496,41.10803228893905,16.867731507230168,0.5349593462509052,0.04115071894237733,1.8613063037069157,0.02210851532626464,31.0,0.0
5_28,-25654899,50319918#3,14,41.10450067190532,16.868197409823733,41.104613512551694,16.867304504076483,41.10803228893905,16.867731507230168,41.10843334313823,16.867723226014,0.8615688064669059,0.06154062903335042,1.8613063037069157,0.03306313899586981,31.0,0.0
5_29,-25654899,50319918#7,18,41.10450067190532,16.868197409823733,41.104613512551694,16.867304504076483,41.10928540564486,16.867758931986803,41.11040987403336,16.867987672581428,0.9016234894963812,0.050090193860910064,1.8613063037069157,0.026911311567124712,31.0,0.0
5_30,-25654899,565496546#1,7,41.10450067190532,16.868197409823733,41.104613512551694,16.867304504076483,41.1045372400796,16.865201946666215,41.10454196713804,16.86509359531177,0.8956610807230782,0.12795158296043974,1.8613063037069157,0.06874289454971254,31.0,0.0
5_31,-25654899,96606441#0,21,41.10450067190532,16.868197409823733,41.104613512551694,16.867304504076483,41.11163796896053,16.862535602408425,41.10949006583287,16.860629422625397,0.9684400363143666,0.04611619220544603,1.8613063037069157,0.024776251019836205,31.0,0.0
5_32,-25655018#2,-1135075614#0,20,41.10483199737708,16.8658838295608,41.10499011159529,16.86585948824938,41.10561139136639,16.860522875069222,41.10586594045665,16.860740368222224,0.8134603548305204,0.04067301774152602,2.1893438618133465,0.018577720225199424,32.0,0.0
5_33,-25655018#2,-1135075615#1,18,41.10483199737708,16.8658838295608,41.10499011159529,16.86585948824938,41.10593006633324,16.86024451803452,41.1061540374003,16.860263940525165,0.5899308786493018,0.03277393770273899,2.1893438618133465,0.014969753392504382,32.0,0.0
5_34,-25655018#2,-1296042207,14,41.10483199737708,16.8658838295608,41.10499011159529,16.86585948824938,41.10529931263373,16.864197719579735,41.105358063618205,16.8639291776279,0.6249720686544962,0.044640862046749726,2.1893438618133465,0.020390064267828387,32.0,0.0
5_35,-25655018#2,-25654678,16,41.10483199737708,16.8658838295608,41.10499011159529,16.86585948824938,41.1094627412817,16.866643418109717,41.109145712663846,16.866535828107896,0.9163268422811315,0.05727042764257072,2.1893438618133465,0.026158717523311253,32.0,0.0
5_36,-25655018#2,-96606441#0,16,41.10483199737708,16.8658838295608,41.10499011159529,16.86585948824938,41.10949006583287,16.860629422625397,41.11163796896053,16.862535602408425,0.5389052795291356,0.033681579970570974,2.1893438618133465,0.015384326125304893,32.0,0.0
5_37,-25655018#2,134805760#4,20,41.10483199737708,16.8658838295608,41.10499011159529,16.86585948824938,41.1084192109197,16.864915502792314,41.10833845965415,16.864946086143913,0.7312813038633988,0.036564065193169945,2.1893438618133465,0.01670092388451277,32.0,0.0
5_38,-25655018#2,138440000#1,11,41.10483199737708,16.8658838295608,41.10499011159529,16.86585948824938,41.104628432580256,16.864632211357712,41.10471595316798,16.864645286345713,0.9372687044469832,0.08520624585881666,2.1893438618133465,0.03891862185058664,32.0,0.0
5_39,-25655018#2,138440000#2,12,41.10483199737708,16.8658838295608,41.10499011159529,16.86585948824938,41.10471595316798,16.864645286345713,41.10482759798206,16.864586998125468,0.5895740963921219,0.049131174699343486,2.1893438618133465,0.02244104983063286,32.0,0.0
5_40,-25655018#2,138440000#5,15,41.10483199737708,16.8658838295608,41.10499011159529,16.86585948824938,41.10530898236287,16.864507375939425,41.10554708846225,16.864538287566845,0.9981016897669195,0.06654011265112797,2.1893438618133465,0.030392718938182437,32.0,0.0
5_41,-25655018#2,25634744#1,20,41.10483199737708,16.8658838295608,41.10499011159529,16.86585948824938,41.10912696164381,16.86880864147947,41.10856970665349,16.868667790168395,0.7714823528255974,0.038574117641279874,2.1893438618133465,0.01761903112347572,32.0,0.0
5_42,-25655018#2,25654663#3,18,41.10483199737708,16.8658838295608,41.10499011159529,16.86585948824938,41.10895239218255,16.86221911717674,41.10894268872457,16.86225659494897,0.8218882367682756,0.04566045759823753,2.1893438618133465,0.020855772542015757,32.0,0.0
5_43,-25655018#2,25654667#0,21,41.10483199737708,16.8658838295608,41.10499011159529,16.86585948824938,41.10833845965415,16.864946086143913,41.10833200545767,16.864777271379552,0.9540105033160603,0.04542907158647906,2.1893438618133465,0.020750085164261026,32.0,0.0
5_44,-25655018#2,25654667#2,13,41.10483199737708,16.8658838295608,41.10499011159529,16.86585948824938,41.10824709326599,16.86294433106446,41.10819079997804,16.86228690958613,0.8463151898967683,0.06510116845359756,2.1893438618133465,0.02973546987711508,32.0,0.0
5_45,-25655018#2,25654670#0,11,41.10483199737708,16.8658838295608,41.10499011159529,16.86585948824938,41.10782776217365,16.86523947757342,41.10785184362109,16.86547667119293,0.590667155495053,0.05369701413591391,2.1893438618133465,0.02452653284506839,32.0,0.0
5_46,-25655018#2,25654670#2,13,41.10483199737708,16.8658838295608,41.10499011159529,16.86585948824938,41.10785321351032,16.86554780645669,41.107858556989214,16.86568502986514,0.6992519103277712,0.053788608486751634,2.1893438618133465,0.024568369284028627,32.0,0.0
5_47,-25655018#2,25654899,5,41.10483199737708,16.8658838295608,41.10499011159529,16.86585948824938,41.104613512551694,16.867304504076483,41.10450067190532,16.868197409823733,0.6843002416099944,0.13686004832199888,2.1893438618133465,0.06251190172047398,32.0,0.0
5_48,-25655018#2,25654998#1,16,41.10483199737708,16.8658838295608,41.10499011159529,16.86585948824938,41.103272808734914,16.86478843229521,41.10326869322043,16.864875721506277,0.7917160888341337,0.049482255552133356,2.1893438618133465,0.022601408766893826,32.0,0.0
5_49,-25655018#2,25654998#2,17,41.10483199737708,16.8658838295608,41.10499011159529,16.86585948824938,41.10326869322043,16.864875721506277,41.10326306112503,16.86499547697651,0.7115784155904175,0.04185755385825985,2.1893438618133465,0.019118766397705524,32.0,0.0
5_50,-25655018#2,25655001#4,4,41.10483199737708,16.8658838295608,41.10499011159529,16.86585948824938,41.10585670751274,16.866054557864008,41.10586778387464,16.865926854105435,0.6487575179409345,0.16218937948523363,2.1893438618133465,0.07408127261968735,32.0,0.0
5_51,-25655018#2,25655018#2,2,41.10483199737708,16.8658838295608,41.10499011159529,16.86585948824938,41.10499011159529,16.86585948824938,41.10483199737708,16.8658838295608,0.5887008646088745,0.29435043230443725,2.1893438618133465,0.1344468712469125,32.0,0.0
5_52,-25655018#2,25655054#5,13,41.10483199737708,16.8658838295608,41.10499011159529,16.86585948824938,41.10641564822287,16.8613154812676,41.10710483419146,16.861363888027807,0.6452840255196237,0.04963723273227875,2.1893438618133465,0.022672195810833573,32.0,0.0
5_53,-25655018#2,295699555,15,41.10483199737708,16.8658838295608,41.10499011159529,16.86585948824938,41.10914574762715,16.86574982248076,41.10906564507099,16.86691322434958,0.69223906607772,0.046149271071848,2.1893438618133465,0.021079041934337527,32.0,0.0
5_54,-25655018#2,30002092#1,7,41.10483199737708,16.8658838295608,41.10499011159529,16.86585948824938,41.10593974387052,16.86510993658547,41.10637833713364,16.865208689087556,0.7632883185965869,0.10904118837094097,2.1893438618133465,0.04980541899920028,32.0,0.0
5_55,-25655018#2,30706585#8,18,41.10483199737708,16.8658838295608,41.10499011159529,16.86585948824938,41.10912734733775,16.863063779201443,41.10970529896603,16.86326757450766,0.672915217633411,0.03738417875741172,2.1893438618133465,0.01707551719465753,32.0,0.0
5_56,-25655018#2,30706669,13,41.10483199737708,16.8658838295608,41.10499011159529,16.86585948824938,41.10724968510657,16.861006427195438,41.10834939661959,16.861073572647502,0.8962427079982779,0.0689417467690983,2.1893438618133465,0.031489684179622925,32.0,0.0
5_57,-25655018#2,30706677#5,12,41.10483199737708,16.8658838295608,41.10499011159529,16.86585948824938,41.10789333241272,16.86291336901386,41.107812671096845,16.86345068308876,0.818802001387499,0.06823350011562491,2.1893438618133465,0.031166186959370474,32.0,0.0
5_58,-25655018#2,318933773#10,11,41.10483199737708,16.8658838295608,41.10499011159529,16.86585948824938,41.10708624166555,16.866809147339314,41.10707862373311,16.86759574699857,0.5225224946935478,0.047502044972140715,2.1893438618133465,0.0216969320355171,32.0,0.0
5_59,-25655018#2,50319918#2,14,41.10483199737708,16.8658838295608,41.10499011159529,16.86585948824938,41.10793919315882,16.86772898735496,41.10803228893905,16.867731507230168,0.990901637495413,0.0707786883925295,2.1893438618133465,0.032328721690116934,32.0,0.0
5_60,-25655018#2,50319918#3,15,41.10483199737708,16.8658838295608,41.10499011159529,16.86585948824938,41.10803228893905,16.867731507230168,41.10843334313823,16.867723226014,0.8800143994598982,0.05866762663065988,2.1893438618133465,0.026796899132175526,32.0,0.0
5_61,-25655018#2,50319918#7,19,41.10483199737708,16.8658838295608,41.10499011159529,16.86585948824938,41.10928540564486,16.867758931986803,41.11040987403336,16.867987672581428,0.9821404131641776,0.05169160069285145,2.1893438618133465,0.023610544508087163,32.0,0.0
5_62,-25655018#2,565496546#1,6,41.10483199737708,16.8658838295608,41.10499011159529,16.86585948824938,41.1045372400796,16.865201946666215,41.10454196713804,16.86509359531177,0.5688803906652911,0.09481339844421517,2.1893438618133465,0.04330676423103541,32.0,0.0
5_63,-25655018#2,96606441#0,17,41.10483199737708,16.8658838295608,41.10499011159529,16.86585948824938,41.11163796896053,16.862535602408425,41.10949006583287,16.860629422625397,0.9015415168577701,0.05303185393281,2.1893438618133465,0.024222715699344654,32.0,0.0
5_64,-295699555,-1135075614#0,29,41.10906564507099,16.86691322434958,41.10914574762715,16.86574982248076,41.10561139136639,16.860522875069222,41.10586594045665,16.860740368222224,0.7341367441767658,0.025315060144026406,1.9392969631844543,0.013053730617129104,32.0,0.0
5_65,-295699555,-1135075615#1,27,41.10906564507099,16.86691322434958,41.10914574762715,16.86574982248076,41.10593006633324,16.86024451803452,41.1061540374003,16.860263940525165,0.5819631284657406,0.021554189943175577,1.9392969631844543,0.011114434948519781,32.0,0.0
5_66,-295699555,-1296042207,39,41.10906564507099,16.86691322434958,41.10914574762715,16.86574982248076,41.10529931263373,16.864197719579735,41.105358063618205,16.8639291776279,0.7327176938369023,0.01878763317530519,1.9392969631844543,0.009687857781437789,32.0,0.0
5_67,-295699555,-25654678,3,41.10906564507099,16.86691322434958,41.10914574762715,16.86574982248076,41.1094627412817,16.866643418109717,41.109145712663846,16.866535828107896,0.9880782231175746,0.3293594077058582,1.9392969631844543,0.16983443689048436,32.0,0.0
5_68,-295699555,-96606441#0,25,41.10906564507099,16.86691322434958,41.10914574762715,16.86574982248076,41.10949006583287,16.860629422625397,41.11163796896053,16.862535602408425,0.8447661622709252,0.03379064649083701,1.9392969631844543,0.017424173364016683,32.0,0.0
5_69,-295699555,134805760#4,29,41.10906564507099,16.86691322434958,41.10914574762715,16.86574982248076,41.1084192109197,16.864915502792314,41.10833845965415,16.864946086143913,0.8098390207755848,0.027925483475020163,1.9392969631844543,0.01439979745503477,32.0,0.0
5_70,-295699555,138440000#1,36,41.10906564507099,16.86691322434958,41.10914574762715,16.86574982248076,41.104628432580256,16.864632211357712,41.10471595316798,16.864645286345713,0.6672106011467216,0.018533627809631154,1.9392969631844543,0.009556879715418987,32.0,0.0
5_71,-295699555,138440000#2,37,41.10906564507099,16.86691322434958,41.10914574762715,16.86574982248076,41.10471595316798,16.864645286345713,41.10482759798206,16.864586998125468,0.5937773209513051,0.016048035701386625,1.9392969631844543,0.008275182195425442,32.0,0.0
5_72,-295699555,138440000#5,40,41.10906564507099,16.86691322434958,41.10914574762715,16.86574982248076,41.10530898236287,16.864507375939425,41.10554708846225,16.864538287566845,0.5202084662894899,0.013005211657237248,1.9392969631844543,0.006706147590661838,32.0,0.0
5_73,-295699555,25634744#1,5,41.10906564507099,16.86691322434958,41.10914574762715,16.86574982248076,41.10912696164381,16.86880864147947,41.10856970665349,16.868667790168395,0.840984810567736,0.1681969621135472,1.9392969631844543,0.08673089542581278,32.0,0.0
5_74,-295699555,25654663#3,27,41.10906564507099,16.86691322434958,41.10914574762715,16.86574982248076,41.10895239218255,16.86221911717674,41.10894268872457,16.86225659494897,0.5938274696015581,0.02199360998524289,1.9392969631844543,0.011341022237836089,32.0,0.0
5_75,-295699555,25654667#0,30,41.10906564507099,16.86691322434958,41.10914574762715,16.86574982248076,41.10833845965415,16.864946086143913,41.10833200545767,16.864777271379552,0.8905787376569649,0.02968595792189883,1.9392969631844543,0.015307587484256417,32.0,0.0
5_76,-295699555,25654667#2,22,41.10906564507099,16.86691322434958,41.10914574762715,16.86574982248076,41.10824709326599,16.86294433106446,41.10819079997804,16.86228690958613,0.8977850552165749,0.04080841160075341,1.9392969631844543,0.02104288944677317,32.0,0.0
5_77,-295699555,25654670#0,21,41.10906564507099,16.86691322434958,41.10914574762715,16.86574982248076,41.10782776217365,16.86523947757342,41.10785184362109,16.86547667119293,0.9204149762876742,0.04382928458512734,1.9392969631844543,0.02260060497034799,32.0,0.0
5_78,-295699555,25654670#2,23,41.10906564507099,16.86691322434958,41.10914574762715,16.86574982248076,41.10785321351032,16.86554780645669,41.107858556989214,16.86568502986514,0.6586863656753377,0.02863853763805816,1.9392969631844543,0.014767484393432855,32.0,0.0
5_79,-295699555,25654899,26,41.10906564507099,16.86691322434958,41.10914574762715,16.86574982248076,41.104613512551694,16.867304504076483,41.10450067190532,16.868197409823733,0.8134929039713543,0.03128818861428286,1.9392969631844543,0.016133778997366954,32.0,0.0
5_80,-295699555,25654998#1,41,41.10906564507099,16.86691322434958,41.10914574762715,16.86574982248076,41.103272808734914,16.86478843229521,41.10326869322043,16.864875721506277,0.814123400314414,0.01985666830035156,1.9392969631844543,0.010239106582080958,32.0,0.0
5_81,-295699555,25654998#2,42,41.10906564507099,16.86691322434958,41.10914574762715,16.86574982248076,41.10326869322043,16.864875721506277,41.10326306112503,16.86499547697651,0.7570314884309084,0.01802455924835496,1.9392969631844543,0.009294378112549321,32.0,0.0
5_82,-295699555,25655001#4,26,41.10906564507099,16.86691322434958,41.10914574762715,16.86574982248076,41.10585670751274,16.866054557864008,41.10586778387464,16.865926854105435,0.67658038898321,0.026022322653200387,1.9392969631844543,0.013418431084669986,32.0,0.0
5_83,-295699555,25655018#2,27,41.10906564507099,16.86691322434958,41.10914574762715,16.86574982248076,41.10499011159529,16.86585948824938,41.10483199737708,16.8658838295608,0.8428787129802697,0.03121773011038036,1.9392969631844543,0.01609744701457108,32.0,0.0
5_84,-295699555,25655054#5,35,41.10906564507099,16.86691322434958,41.10914574762715,16.86574982248076,41.10641564822287,16.8613154812676,41.10710483419146,16.861363888027807,0.914704327703219,0.026134409362949113,1.9392969631844543,0.013476228684458247,32.0,0.0
5_85,-295699555,295699555,2,41.10906564507099,16.86691322434958,41.10914574762715,16.86574982248076,41.10914574762715,16.86574982248076,41.10906564507099,16.86691322434958,0.8749082529608178,0.4374541264804089,1.9392969631844543,0.22557356340211052,32.0,0.0
5_86,-295699555,30002092#1,29,41.10906564507099,16.86691322434958,41.10914574762715,16.86574982248076,41.10593974387052,16.86510993658547,41.10637833713364,16.865208689087556,0.6295308708097943,0.0217079610624067,1.9392969631844543,0.011193727146749504,32.0,0.0
5_87,-295699555,30706585#8,27,41.10906564507099,16.86691322434958,41.10914574762715,16.86574982248076,41.10912734733775,16.863063779201443,41.10970529896603,16.86326757450766,0.8280924910445281,0.030670092260908447,1.9392969631844543,0.01581505712799453,32.0,0.0
5_88,-295699555,30706669,22,41.10906564507099,16.86691322434958,41.10914574762715,16.86574982248076,41.10724968510657,16.861006427195438,41.10834939661959,16.861073572647502,0.6348329913520445,0.02885604506145657,1.9392969631844543,0.014879642266892961,32.0,0.0
5_89,-295699555,30706677#5,21,41.10906564507099,16.86691322434958,41.10914574762715,16.86574982248076,41.10789333241272,16.86291336901386,41.107812671096845,16.86345068308876,0.5351158355677359,0.02548170645560647,1.9392969631844543,0.013139661918391197,32.0,0.0
5_90,-295699555,318933773#10,21,41.10906564507099,16.86691322434958,41.10914574762715,16.86574982248076,41.10708624166555,16.866809147339314,41.10707862373311,16.86759574699857,0.7950165796029494,0.0378579323620452,1.9392969631844543,0.01952147251335864,32.0,0.0
5_91,-295699555,50319918#2,19,41.10906564507099,16.86691322434958,41.10914574762715,16.86574982248076,41.10793919315882,16.86772898735496,41.10803228893905,16.867731507230168,0.5152870632692599,0.027120371751013676,1.9392969631844543,0.013984640963125227,32.0,0.0
5_92,-295699555,50319918#3,20,41.10906564507099,16.86691322434958,41.10914574762715,16.86574982248076,41.10803228893905,16.867731507230168,41.10843334313823,16.867723226014,0.9315602097744282,0.046578010488721414,1.9392969631844543,0.024017987638281675,32.0,0.0
5_93,-295699555,50319918#7,4,41.10906564507099,16.86691322434958,41.10914574762715,16.86574982248076,41.10928540564486,16.867758931986803,41.11040987403336,16.867987672581428,0.9265005661436927,0.23162514153592317,1.9392969631844543,0.1194376858898285,32.0,0.0
5_94,-295699555,565496546#1,31,41.10906564507099,16.86691322434958,41.10914574762715,16.86574982248076,41.1045372400796,16.865201946666215,41.10454196713804,16.86509359531177,0.7786904440473021,0.025119046582171036,1.9392969631844543,0.012952656070230675,32.0,0.0
5_95,-295699555,96606441#0,26,41.10906564507099,16.86691322434958,41.10914574762715,16.86574982248076,41.11163796896053,16.862535602408425,41.10949006583287,16.860629422625397,0.9570753635863701,0.03681059090716808,1.9392969631844543,0.018981410070751954,32.0,0.0
5_96,1135075614#0,-1135075614#0,2,41.10586594045665,16.860740368222224,41.10561139136639,16.860522875069222,41.10561139136639,16.860522875069222,41.10586594045665,16.860740368222224,0.9987227864167765,0.49936139320838824,1.8957861318959652,0.2634059743379279,32.0,0.0
5_97,1135075614#0,-1135075615#1,4,41.10586594045665,16.860740368222224,41.10561139136639,16.860522875069222,41.10593006633324,16.86024451803452,41.1061540374003,16.860263940525165,0.5252934463685844,0.1313233615921461,1.8957861318959652,0.06927119013198517,32.0,0.0
5_98,1135075614#0,-1296042207,18,41.10586594045665,16.860740368222224,41.10561139136639,16.860522875069222,41.10529931263373,16.864197719579735,41.105358063618205,16.8639291776279,0.8056202054279828,0.044756678079332375,1.8957861318959652,0.02360850589964569,32.0,0.0
5_99,1135075614#0,-25654678,20,41.10586594045665,16.860740368222224,41.10561139136639,16.860522875069222,41.1094627412817,16.866643418109717,41.109145712663846,16.866535828107896,0.5537433196966083,0.027687165984830415,1.8957861318959652,0.014604583037613337,32.0,0.0
5_100,1135075614#0,-96606441#0,10,41.10586594045665,16.860740368222224,41.10561139136639,16.860522875069222,41.10949006583287,16.860629422625397,41.11163796896053,16.862535602408425,0.5036553576454488,0.05036553576454488,1.8957861318959652,0.026567097900528785,32.0,0.0
5_101,1135075614#0,134805760#4,21,41.10586594045665,16.860740368222224,41.10561139136639,16.860522875069222,41.1084192109197,16.864915502792314,41.10833845965415,16.864946086143913,0.6658514233698852,0.0317072106366612,1.8957861318959652,0.016725098946130067,32.0,0.0
5_102,1135075614#0,138440000#1,15,41.10586594045665,16.860740368222224,41.10561139136639,16.860522875069222,41.104628432580256,16.864632211357712,41.10471595316798,16.864645286345713,0.6399668782595996,0.04266445855063997,1.8957861318959652,0.022504890099587067,32.0,0.0
5_103,1135075614#0,138440000#2,16,41.10586594045665,16.860740368222224,41.10561139136639,16.860522875069222,41.10471595316798,16.864645286345713,41.10482759798206,16.864586998125468,0.9034178751639896,0.05646361719774935,1.8957861318959652,0.02978374841326664,32.0,0.0
5_104,1135075614#0,138440000#5,19,41.10586594045665,16.860740368222224,41.10561139136639,16.860522875069222,41.10530898236287,16.864507375939425,41.10554708846225,16.864538287566845,0.8884154700950155,0.046758708952369235,1.8957861318959652,0.024664548477103854,32.0,0.0
5_105,1135075614#0,25634744#1,25,41.10586594045665,16.860740368222224,41.10561139136639,16.860522875069222,41.10912696164381,16.86880864147947,41.10856970665349,16.868667790168395,0.6436364376405107,0.02574545750562043,1.8957861318959652,0.013580359657907477,32.0,0.0
5_106,1135075614#0,25654663#3,14,41.10586594045665,16.860740368222224,41.10561139136639,16.860522875069222,41.10895239218255,16.86221911717674,41.10894268872457,16.86225659494897,0.5368299257474174,0.0383449946962441,1.8957861318959652,0.020226434855230995,32.0,0.0
5_107,1135075614#0,25654667#0,22,41.10586594045665,16.860740368222224,41.10561139136639,16.860522875069222,41.10833845965415,16.864946086143913,41.10833200545767,16.864777271379552,0.7993715732163511,0.036335071509834144,1.8957861318959652,0.019166229195640143,32.0,0.0
5_108,1135075614#0,25654667#2,14,41.10586594045665,16.860740368222224,41.10561139136639,16.860522875069222,41.10824709326599,16.86294433106446,41.10819079997804,16.86228690958613,0.5738987672223919,0.0409927690873137,1.8957861318959652,0.02162309787882933,32.0,0.0
5_109,1135075614#0,25654670#0,15,41.10586594045665,16.860740368222224,41.10561139136639,16.860522875069222,41.10782776217365,16.86523947757342,41.10785184362109,16.86547667119293,0.6536045200459768,0.043573634669731784,1.8957861318959652,0.022984467465301073,32.0,0.0
5_110,1135075614#0,25654670#2,17,41.10586594045665,16.860740368222224,41.10561139136639,16.860522875069222,41.10785321351032,16.86554780645669,41.107858556989214,16.86568502986514,0.9594762297438029,0.056439778220223696,1.8957861318959652,0.029771173694460244,32.0,0.0
5_111,1135075614#0,25654899,29,41.10586594045665,16.860740368222224,41.10561139136639,16.860522875069222,41.104613512551694,16.867304504076483,41.10450067190532,16.868197409823733,0.8399822009749875,0.02896490348189612,1.8957861318959652,0.015278571245232436,32.0,0.0
5_112,1135075614#0,25654998#1,20,41.10586594045665,16.860740368222224,41.10561139136639,16.860522875069222,41.103272808734914,16.86478843229521,41.10326869322043,16.864875721506277,0.9294092787517844,0.04647046393758922,1.8957861318959652,0.024512503365089165,32.0,0.0
5_113,1135075614#0,25654998#2,21,41.10586594045665,16.860740368222224,41.10561139136639,16.860522875069222,41.10326869322043,16.864875721506277,41.10326306112503,16.86499547697651,0.5184941344312212,0.024690196877677196,1.8957861318959652,0.013023724808549299,32.0,0.0
5_114,1135075614#0,25655001#4,25,41.10586594045665,16.860740368222224,41.10561139136639,16.860522875069222,41.10585670751274,16.866054557864008,41.10586778387464,16.865926854105435,0.8730379894830483,0.034921519579321936,1.8957861318959652,0.018420600821885492,32.0,0.0
5_115,1135075614#0,25655018#2,30,41.10586594045665,16.860740368222224,41.10561139136639,16.860522875069222,41.10499011159529,16.86585948824938,41.10483199737708,16.8658838295608,0.9627626137584835,0.03209208712528278,1.8957861318959652,0.016928115774951714,32.0,0.0
5_116,1135075614#0,25655054#5,10,41.10586594045665,16.860740368222224,41.10561139136639,16.860522875069222,41.10641564822287,16.8613154812676,41.10710483419146,16.861363888027807,0.7714189664642382,0.07714189664642383,1.8957861318959652,0.04069124430680092,32.0,0.0
5_117,1135075614#0,295699555,19,41.10586594045665,16.860740368222224,41.10561139136639,16.860522875069222,41.10914574762715,16.86574982248076,41.10906564507099,16.86691322434958,0.6405947145068842,0.033715511289836006,1.8957861318959652,0.01778444874270565,32.0,0.0
5_118,1135075614#0,30002092#1,13,41.10586594045665,16.860740368222224,41.10561139136639,16.860522875069222,41.10593974387052,16.86510993658547,41.10637833713364,16.865208689087556,0.5691539576145384,0.0437810736626568,1.8957861318959652,0.023093888559503065,32.0,0.0
5_119,1135075614#0,30706585#8,19,41.10586594045665,16.860740368222224,41.10561139136639,16.860522875069222,41.10912734733775,16.863063779201443,41.10970529896603,16.86326757450766,0.7372170612867912,0.038800897962462694,1.8957861318959652,0.02046691729074847,32.0,0.0
5_120,1135075614#0,30706669,11,41.10586594045665,16.860740368222224,41.10561139136639,16.860522875069222,41.10724968510657,16.861006427195438,41.10834939661959,16.861073572647502,0.5974282208853792,0.05431165644412538,1.8957861318959652,0.02864861997371433,32.0,0.0
5_121,1135075614#0,30706677#5,13,41.10586594045665,16.860740368222224,41.10561139136639,16.860522875069222,41.10789333241272,16.86291336901386,41.107812671096845,16.86345068308876,0.7457249513123684,0.05736345779325911,1.8957861318959652,0.030258401424157606,32.0,0.0
5_122,1135075614#0,318933773#10,15,41.10586594045665,16.860740368222224,41.10561139136639,16.860522875069222,41.10708624166555,16.866809147339314,41.10707862373311,16.86759574699857,0.8375015132487138,0.05583343421658092,1.8957861318959652,0.02945133592719249,32.0,0.0
5_123,1135075614#0,50319918#2,19,41.10586594045665,16.860740368222224,41.10561139136639,16.860522875069222,41.10793919315882,16.86772898735496,41.10803228893905,16.867731507230168,0.9017758340892343,0.047461886004696544,1.8957861318959652,0.025035464289017758,32.0,0.0
5_124,1135075614#0,50319918#3,20,41.10586594045665,16.860740368222224,41.10561139136639,16.860522875069222,41.10803228893905,16.867731507230168,41.10843334313823,16.867723226014,0.8554617419469952,0.04277308709734976,1.8957861318959652,0.02256219010030031,32.0,0.0
5_125,1135075614#0,50319918#7,24,41.10586594045665,16.860740368222224,41.10561139136639,16.860522875069222,41.10928540564486,16.867758931986803,41.11040987403336,16.867987672581428,0.866601847603762,0.036108410316823415,1.8957861318959652,0.019046668666529168,32.0,0.0
5_126,1135075614#0,565496546#1,28,41.10586594045665,16.860740368222224,41.10561139136639,16.860522875069222,41.1045372400796,16.865201946666215,41.10454196713804,16.86509359531177,0.5591976282960641,0.019971343867716575,1.8957861318959652,0.01053459751166306,32.0,0.0
5_127,1135075614#0,96606441#0,11,41.10586594045665,16.860740368222224,41.10561139136639,16.860522875069222,41.11163796896053,16.862535602408425,41.10949006583287,16.860629422625397,0.5375091693030107,0.04886446993663734,1.8957861318959652,0.02577530720080131,32.0,0.0
5_128,1135075615#1,-1135075614#0,4,41.1061540374003,16.860263940525165,41.10593006633324,16.86024451803452,41.10561139136639,16.860522875069222,41.10586594045665,16.860740368222224,0.8388711682697056,0.2097177920674264,1.978619525716794,0.10599197538569322,32.0,0.0
5_129,1135075615#1,-1135075615#1,2,41.1061540374003,16.860263940525165,41.10593006633324,16.86024451803452,41.10593006633324,16.86024451803452,41.1061540374003,16.860263940525165,0.693024317267859,0.3465121586339295,1.978619525716794,0.17512824175148003,32.0,0.0
5_130,1135075615#1,-1296042207,18,41.1061540374003,16.860263940525165,41.10593006633324,16.86024451803452,41.10529931263373,16.864197719579735,41.105358063618205,16.8639291776279,0.6529992064038381,0.036277733689102115,1.978619525716794,0.018334870963107368,32.0,0.0
5_131,1135075615#1,-25654678,18,41.1061540374003,16.860263940525165,41.10593006633324,16.86024451803452,41.1094627412817,16.866643418109717,41.109145712663846,16.866535828107896,0.5854661573139595,0.032525897628553305,1.978619525716794,0.01643868222556338,32.0,0.0
5_132,1135075615#1,-96606441#0,8,41.1061540374003,16.860263940525165,41.10593006633324,16.86024451803452,41.10949006583287,16.860629422625397,41.11163796896053,16.862535602408425,0.6154526582101046,0.07693158227626308,1.978619525716794,0.03888144298403863,32.0,0.0
5_133,1135075615#1,134805760#4,19,41.1061540374003,16.860263940525165,41.10593006633324,16.86024451803452,41.1084192109197,16.864915502792314,41.10833845965415,16.864946086143913,0.6316823587742513,0.033246439935486906,1.978619525716794,0.016802846380201734,32.0,0.0
5_134,1135075615#1,138440000#1,15,41.1061540374003,16.860263940525165,41.10593006633324,16.86024451803452,41.104628432580256,16.864632211357712,41.10471595316798,16.864645286345713,0.5195766168987879,0.03463844112658586,1.978619525716794,0.017506367786417856,32.0,0.0
5_135,1135075615#1,138440000#2,16,41.1061540374003,16.860263940525165,41.10593006633324,16.86024451803452,41.10471595316798,16.864645286345713,41.10482759798206,16.864586998125468,0.5179885865622671,0.03237428666014169,1.978619525716794,0.016362057606003594,32.0,0.0
5_136,1135075615#1,138440000#5,19,41.1061540374003,16.860263940525165,41.10593006633324,16.86024451803452,41.10530898236287,16.864507375939425,41.10554708846225,16.864538287566845,0.8915356178617195,0.04692292725587997,1.978619525716794,0.023714982413751938,32.0,0.0
5_137,1135075615#1,25634744#1,23,41.1061540374003,16.860263940525165,41.10593006633324,16.86024451803452,41.10912696164381,16.86880864147947,41.10856970665349,16.868667790168395,0.8042893611840086,0.034969102660174285,1.978619525716794,0.017673485076675384,32.0,0.0
5_138,1135075615#1,25654663#3,12,41.1061540374003,16.860263940525165,41.10593006633324,16.86024451803452,41.10895239218255,16.86221911717674,41.10894268872457,16.86225659494897,0.8822794007596222,0.07352328339663518,1.978619525716794,0.037158878925952134,32.0,0.0
5_139,1135075615#1,25654667#0,20,41.1061540374003,16.860263940525165,41.10593006633324,16.86024451803452,41.10833845965415,16.864946086143913,41.10833200545767,16.864777271379552,0.9624460739753542,0.048122303698767716,1.978619525716794,0.024321150718117197,32.0,0.0
5_140,1135075615#1,25654667#2,12,41.1061540374003,16.860263940525165,41.10593006633324,16.86024451803452,41.10824709326599,16.86294433106446,41.10819079997804,16.86228690958613,0.6697218931274412,0.0558101577606201,1.978619525716794,0.02820661427588094,32.0,0.0
5_141,1135075615#1,25654670#0,13,41.1061540374003,16.860263940525165,41.10593006633324,16.86024451803452,41.10782776217365,16.86523947757342,41.10785184362109,16.86547667119293,0.7327358345270353,0.056364294963618104,1.978619525716794,0.028486676812308837,32.0,0.0
5_142,1135075615#1,25654670#2,15,41.1061540374003,16.860263940525165,41.10593006633324,16.86024451803452,41.10785321351032,16.86554780645669,41.107858556989214,16.86568502986514,0.819754516469532,0.0546503010979688,1.978619525716794,0.027620419382129894,32.0,0.0
5_143,1135075615#1,25654899,29,41.1061540374003,16.860263940525165,41.10593006633324,16.86024451803452,41.104613512551694,16.867304504076483,41.10450067190532,16.868197409823733,0.7392742743670555,0.025492216357484672,1.978619525716794,0.012883839478057112,32.0,0.0
5_144,1135075615#1,25654998#1,20,41.1061540374003,16.860263940525165,41.10593006633324,16.86024451803452,41.103272808734914,16.86478843229521,41.10326869322043,16.864875721506277,0.9243737843806403,0.04621868921903202,1.978619525716794,0.02335905848411578,32.0,0.0
5_145,1135075615#1,25654998#2,21,41.1061540374003,16.860263940525165,41.10593006633324,16.86024451803452,41.10326869322043,16.864875721506277,41.10326306112503,16.86499547697651,0.7336241387199638,0.03493448279618875,1.978619525716794,0.017655988097829492,32.0,0.0
5_146,1135075615#1,25655001#4,23,41.1061540374003,16.860263940525165,41.10593006633324,16.86024451803452,41.10585670751274,16.866054557864008,41.10586778387464,16.865926854105435,0.948947301426369,0.041258578322885604,1.978619525716794,0.020852204168933828,32.0,0.0
5_147,1135075615#1,25655018#2,30,41.1061540374003,16.860263940525165,41.10593006633324,16.86024451803452,41.10499011159529,16.86585948824938,41.10483199737708,16.8658838295608,0.6114277604363975,0.020380925347879914,1.978619525716794,0.010300578298648154,32.0,0.0
5_148,1135075615#1,25655054#5,10,41.1061540374003,16.860263940525165,41.10593006633324,16.86024451803452,41.10641564822287,16.8613154812676,41.10710483419146,16.861363888027807,0.9247059720385957,0.09247059720385958,1.978619525716794,0.04673490582802183,32.0,0.0
5_149,1135075615#1,295699555,17,41.1061540374003,16.860263940525165,41.10593006633324,16.86024451803452,41.10914574762715,16.86574982248076,41.10906564507099,16.86691322434958,0.6205214357160564,0.03650126092447391,1.978619525716794,0.018447842270863372,32.0,0.0
5_150,1135075615#1,30002092#1,13,41.1061540374003,16.860263940525165,41.10593006633324,16.86024451803452,41.10593974387052,16.86510993658547,41.10637833713364,16.865208689087556,0.808507653013013,0.062192896385616384,1.978619525716794,0.031432468737558714,32.0,0.0
5_151,1135075615#1,30706585#8,17,41.1061540374003,16.860263940525165,41.10593006633324,16.86024451803452,41.10912734733775,16.863063779201443,41.10970529896603,16.86326757450766,0.9897447822248275,0.058220281307342796,1.978619525716794,0.029424697649363056,32.0,0.0
5_152,1135075615#1,30706669,9,41.1061540374003,16.860263940525165,41.10593006633324,16.86024451803452,41.10724968510657,16.861006427195438,41.10834939661959,16.861073572647502,0.5601299056550094,0.06223665618388993,1.978619525716794,0.031454585065485735,32.0,0.0
5_153,1135075615#1,30706677#5,11,41.1061540374003,16.860263940525165,41.10593006633324,16.86024451803452,41.10789333241272,16.86291336901386,41.107812671096845,16.86345068308876,0.8668319851988175,0.07880290774534705,1.978619525716794,0.039827216259174,32.0,0.0
5_154,1135075615#1,318933773#10,13,41.1061540374003,16.860263940525165,41.10593006633324,16.86024451803452,41.10708624166555,16.866809147339314,41.10707862373311,16.86759574699857,0.579066134379559,0.04454354879842762,1.978619525716794,0.02251243769682847,32.0,0.0
5_155,1135075615#1,50319918#2,17,41.1061540374003,16.860263940525165,41.10593006633324,16.86024451803452,41.10793919315882,16.86772898735496,41.10803228893905,16.867731507230168,0.578220498509728,0.03401297050057223,1.978619525716794,0.017190253132799933,32.0,0.0
5_156,1135075615#1,50319918#3,18,41.1061540374003,16.860263940525165,41.10593006633324,16.86024451803452,41.10803228893905,16.867731507230168,41.10843334313823,16.867723226014,0.9569339461205935,0.05316299700669963,1.978619525716794,0.026868731616019145,32.0,0.0
5_157,1135075615#1,50319918#7,22,41.1061540374003,16.860263940525165,41.10593006633324,16.86024451803452,41.10928540564486,16.867758931986803,41.11040987403336,16.867987672581428,0.598287706412997,0.02719489574604532,1.978619525716794,0.01374437853896819,32.0,0.0
5_158,1135075615#1,565496546#1,28,41.1061540374003,16.860263940525165,41.10593006633324,16.86024451803452,41.1045372400796,16.865201946666215,41.10454196713804,16.86509359531177,0.660290937769628,0.02358181920605814,1.978619525716794,0.011918319262272093,32.0,0.0
5_159,1135075615#1,96606441#0,9,41.1061540374003,16.860263940525165,41.10593006633324,16.86024451803452,41.11163796896053,16.862535602408425,41.10949006583287,16.860629422625397,0.5834438983245365,0.06482709981383739,1.978619525716794,0.03276380272773892,32.0,0.0
5_160,1296042207,-1135075614#0,18,41.105358063618205,16.8639291776279,41.10529931263373,16.864197719579735,41.10561139136639,16.860522875069222,41.10586594045665,16.860740368222224,0.5605369782331009,0.03114094323517227,2.076832564396013,0.01499444094292152,32.0,0.0
5_161,1296042207,-1135075615#1,16,41.105358063618205,16.8639291776279,41.10529931263373,16.864197719579735,41.10593006633324,16.86024451803452,41.1061540374003,16.860263940525165,0.5525479574364272,0.0345342473397767,2.076832564396013,0.016628325235173682,32.0,0.0
5_162,1296042207,-1296042207,2,41.105358063618205,16.8639291776279,41.10529931263373,16.864197719579735,41.10529931263373,16.864197719579735,41.105358063618205,16.8639291776279,0.8483181314865338,0.4241590657432669,2.076832564396013,0.20423363588129279,32.0,0.0
5_163,1296042207,-25654678,16,41.105358063618205,16.8639291776279,41.10529931263373,16.864197719579735,41.1094627412817,16.866643418109717,41.109145712663846,16.866535828107896,0.6228997042188849,0.0389312315136803,2.076832564396013,0.018745483955276063,32.0,0.0
5_164,1296042207,-96606441#0,14,41.105358063618205,16.8639291776279,41.10529931263373,16.864197719579735,41.10949006583287,16.860629422625397,41.11163796896053,16.862535602408425,0.7544085755245012,0.053886326823178655,2.076832564396013,0.025946399217237785,32.0,0.0
5_165,1296042207,134805760#4,18,41.105358063618205,16.8639291776279,41.10529931263373,16.864197719579735,41.1084192109197,16.864915502792314,41.10833845965415,16.864946086143913,0.9756881414896101,0.05420489674942278,2.076832564396013,0.026099791422129745,32.0,0.0
5_166,1296042207,138440000#1,11,41.105358063618205,16.8639291776279,41.10529931263373,16.864197719579735,41.104628432580256,16.864632211357712,41.10471595316798,16.864645286345713,0.5420363833278823,0.0492760348479893,2.076832564396013,0.023726532264925177,32.0,0.0
5_167,1296042207,138440000#2,12,41.105358063618205,16.8639291776279,41.10529931263373,16.864197719579735,41.10471595316798,16.864645286345713,41.10482759798206,16.864586998125468,0.6656395277683695,0.055469960647364126,2.076832564396013,0.02670892280788941,32.0,0.0
5_168,1296042207,138440000#5,3,41.105358063618205,16.8639291776279,41.10529931263373,16.864197719579735,41.10530898236287,16.864507375939425,41.10554708846225,16.864538287566845,0.5489022004722137,0.18296740015740456,2.076832564396013,0.08809925426540842,32.0,0.0
5_169,1296042207,25634744#1,21,41.105358063618205,16.8639291776279,41.10529931263373,16.864197719579735,41.10912696164381,16.86880864147947,41.10856970665349,16.868667790168395,0.7468608712830893,0.035564803394432826,2.076832564396013,0.017124540516233588,32.0,0.0
5_170,1296042207,25654663#3,16,41.105358063618205,16.8639291776279,41.10529931263373,16.864197719579735,41.10895239218255,16.86221911717674,41.10894268872457,16.86225659494897,0.745160990799163,0.046572561924947686,2.076832564396013,0.02242480338731205,32.0,0.0
5_171,1296042207,25654667#0,19,41.105358063618205,16.8639291776279,41.10529931263373,16.864197719579735,41.10833845965415,16.864946086143913,41.10833200545767,16.864777271379552,0.7666041608647165,0.04034758741393245,2.076832564396013,0.019427462813145162,32.0,0.0
5_172,1296042207,25654667#2,11,41.105358063618205,16.8639291776279,41.10529931263373,16.864197719579735,41.10824709326599,16.86294433106446,41.10819079997804,16.86228690958613,0.7337053344383193,0.06670048494893813,2.076832564396013,0.03211644794694176,32.0,0.0
5_173,1296042207,25654670#0,11,41.105358063618205,16.8639291776279,41.10529931263373,16.864197719579735,41.10782776217365,16.86523947757342,41.10785184362109,16.86547667119293,0.506056934110754,0.046005175828250366,2.076832564396013,0.02215160558291306,32.0,0.0
5_174,1296042207,25654670#2,13,41.105358063618205,16.8639291776279,41.10529931263373,16.864197719579735,41.10785321351032,16.86554780645669,41.107858556989214,16.86568502986514,0.9140368035027324,0.07031052334636403,2.076832564396013,0.033854690335526315,32.0,0.0
5_175,1296042207,25654899,21,41.105358063618205,16.8639291776279,41.10529931263373,16.864197719579735,41.104613512551694,16.867304504076483,41.10450067190532,16.868197409823733,0.5180329011129582,0.02466823338633134,2.076832564396013,0.011877815192822433,32.0,0.0
5_176,1296042207,25654998#1,16,41.105358063618205,16.8639291776279,41.10529931263373,16.864197719579735,41.103272808734914,16.86478843229521,41.10326869322043,16.864875721506277,0.6863147299282524,0.042894670620515774,2.076832564396013,0.020653889656718886,32.0,0.0
5_177,1296042207,25654998#2,17,41.105358063618205,16.8639291776279,41.10529931263373,16.864197719579735,41.10326869322043,16.864875721506277,41.10326306112503,16.86499547697651,0.5223521889921097,0.030726599352477037,2.076832564396013,0.014794933341876303,32.0,0.0
5_178,1296042207,25655001#4,21,41.105358063618205,16.8639291776279,41.10529931263373,16.864197719579735,41.10585670751274,16.866054557864008,41.10586778387464,16.865926854105435,0.7912080568835655,0.037676574137312645,2.076832564396013,0.018141363335310468,32.0,0.0
5_179,1296042207,25655018#2,22,41.105358063618205,16.8639291776279,41.10529931263373,16.864197719579735,41.10499011159529,16.86585948824938,41.10483199737708,16.8658838295608,0.5433756327086118,0.02469889239584599,2.076832564396013,0.011892577581490761,32.0,0.0
5_180,1296042207,25655054#5,11,41.105358063618205,16.8639291776279,41.10529931263373,16.864197719579735,41.10641564822287,16.8613154812676,41.10710483419146,16.861363888027807,0.6970157310281657,0.06336506645710598,2.076832564396013,0.030510435719951205,32.0,0.0
5_181,1296042207,295699555,15,41.105358063618205,16.8639291776279,41.10529931263373,16.864197719579735,41.10914574762715,16.86574982248076,41.10906564507099,16.86691322434958,0.5300671170688024,0.03533780780458683,2.076832564396013,0.01701524158008559,32.0,0.0
5_182,1296042207,30002092#1,7,41.105358063618205,16.8639291776279,41.10529931263373,16.864197719579735,41.10593974387052,16.86510993658547,41.10637833713364,16.865208689087556,0.6933570071970295,0.09905100102814707,2.076832564396013,0.04769330119635966,32.0,0.0
5_183,1296042207,30706585#8,16,41.105358063618205,16.8639291776279,41.10529931263373,16.864197719579735,41.10912734733775,16.863063779201443,41.10970529896603,16.86326757450766,0.8989747956040203,0.05618592472525127,2.076832564396013,0.02705366127653691,32.0,0.0
5_184,1296042207,30706669,11,41.105358063618205,16.8639291776279,41.10529931263373,16.864197719579735,41.10724968510657,16.861006427195438,41.10834939661959,16.861073572647502,0.6526310244232486,0.05933009312938624,2.076832564396013,0.02856758611479144,32.0,0.0
5_185,1296042207,30706677#5,10,41.105358063618205,16.8639291776279,41.10529931263373,16.864197719579735,41.10789333241272,16.86291336901386,41.107812671096845,16.86345068308876,0.7023247493674787,0.07023247493674788,2.076832564396013,0.03381710983387482,32.0,0.0
5_186,1296042207,318933773#10,11,41.105358063618205,16.8639291776279,41.10529931263373,16.864197719579735,41.10708624166555,16.866809147339314,41.10707862373311,16.86759574699857,0.886435572401433,0.08058505203649391,2.076832564396013,0.038801901230747386,32.0,0.0
5_187,1296042207,50319918#2,15,41.105358063618205,16.8639291776279,41.10529931263373,16.864197719579735,41.10793919315882,16.86772898735496,41.10803228893905,16.867731507230168,0.7175180956084708,0.04783453970723139,2.076832564396013,0.02303244880077402,32.0,0.0
5_188,1296042207,50319918#3,16,41.105358063618205,16.8639291776279,41.10529931263373,16.864197719579735,41.10803228893905,16.867731507230168,41.10843334313823,16.867723226014,0.8547398635769028,0.053421241473556424,2.076832564396013,0.02572245947476871,32.0,0.0
5_189,1296042207,50319918#7,20,41.105358063618205,16.8639291776279,41.10529931263373,16.864197719579735,41.10928540564486,16.867758931986803,41.11040987403336,16.867987672581428,0.9254247373159381,0.04627123686579691,2.076832564396013,0.0222797146284412,32.0,0.0
5_190,1296042207,565496546#1,24,41.105358063618205,16.8639291776279,41.10529931263373,16.864197719579735,41.1045372400796,16.865201946666215,41.10454196713804,16.86509359531177,0.5977259747692543,0.024905248948718928,2.076832564396013,0.011991938770452544,32.0,0.0
5_191,1296042207,96606441#0,15,41.105358063618205,16.8639291776279,41.10529931263373,16.864197719579735,41.11163796896053,16.862535602408425,41.10949006583287,16.860629422625397,0.7436499521457935,0.049576663476386236,2.076832564396013,0.023871285690671065,32.0,0.0
5_192,134805760#0,-1135075614#0,20,41.1096446567625,16.864432254737565,41.10899710333518,16.864677718369947,41.10561139136639,16.860522875069222,41.10586594045665,16.860740368222224,0.8182965932549918,0.04091482966274959,1.8451684659994698,0.022174034738116615,32.0,0.0
5_193,134805760#0,-1135075615#1,18,41.1096446567625,16.864432254737565,41.10899710333518,16.864677718369947,41.10593006633324,16.86024451803452,41.1061540374003,16.860263940525165,0.8919843124251239,0.04955468402361799,1.8451684659994698,0.026856455080797068,32.0,0.0
5_194,134805760#0,-1296042207,18,41.1096446567625,16.864432254737565,41.10899710333518,16.864677718369947,41.10529931263373,16.864197719579735,41.105358063618205,16.8639291776279,0.5724352369621566,0.031801957609008696,1.8451684659994698,0.017235259649737496,32.0,0.0
5_195,134805760#0,-25654678,13,41.1096446567625,16.864432254737565,41.10899710333518,16.864677718369947,41.1094627412817,16.866643418109717,41.109145712663846,16.866535828107896,0.8263475457518465,0.06356519582706512,1.8451684659994698,0.03444953509577449,32.0,0.0
5_196,134805760#0,-96606441#0,16,41.1096446567625,16.864432254737565,41.10899710333518,16.864677718369947,41.10949006583287,16.860629422625397,41.11163796896053,16.862535602408425,0.5575220285147571,0.03484512678217232,1.8451684659994698,0.018884523242325087,32.0,0.0
5_197,134805760#0,134805760#4,5,41.1096446567625,16.864432254737565,41.10899710333518,16.864677718369947,41.1084192109197,16.864915502792314,41.10833845965415,16.864946086143913,0.8222818431666283,0.1644563686333257,1.8451684659994698,0.08912810492035199,32.0,0.0
5_198,134805760#0,138440000#1,15,41.1096446567625,16.864432254737565,41.10899710333518,16.864677718369947,41.104628432580256,16.864632211357712,41.10471595316798,16.864645286345713,0.7888503530793878,0.05259002353862585,1.8451684659994698,0.028501475343683313,32.0,0.0
5_199,134805760#0,138440000#2,16,41.1096446567625,16.864432254737565,41.10899710333518,16.864677718369947,41.10471595316798,16.864645286345713,41.10482759798206,16.864586998125468,0.9709585603113869,0.060684910019461684,1.8451684659994698,0.032888547109757034,32.0,0.0
5_200,134805760#0,138440000#5,19,41.1096446567625,16.864432254737565,41.10899710333518,16.864677718369947,41.10530898236287,16.864507375939425,41.10554708846225,16.864538287566845,0.5553880918125532,0.029230952200660694,1.8451684659994698,0.015841888011470653,32.0,0.0
5_201,134805760#0,25634744#1,18,41.1096446567625,16.864432254737565,41.10899710333518,16.864677718369947,41.10912696164381,16.86880864147947,41.10856970665349,16.868667790168395,0.7144570784719825,0.039692059915110135,1.8451684659994698,0.0215113474170556,32.0,0.0
5_202,134805760#0,25654663#3,13,41.1096446567625,16.864432254737565,41.10899710333518,16.864677718369947,41.10895239218255,16.86221911717674,41.10894268872457,16.86225659494897,0.8639375805373373,0.06645673696441057,1.8451684659994698,0.03601662297453855,32.0,0.0
5_203,134805760#0,25654667#0,6,41.1096446567625,16.864432254737565,41.10899710333518,16.864677718369947,41.10833845965415,16.864946086143913,41.10833200545767,16.864777271379552,0.6118434382428195,0.10197390637380324,1.8451684659994698,0.055265363706813175,32.0,0.0
5_204,134805760#0,25654667#2,8,41.1096446567625,16.864432254737565,41.10899710333518,16.864677718369947,41.10824709326599,16.86294433106446,41.10819079997804,16.86228690958613,0.5365339602618555,0.06706674503273194,1.8451684659994698,0.036347220467158804,32.0,0.0
5_205,134805760#0,25654670#0,8,41.1096446567625,16.864432254737565,41.10899710333518,16.864677718369947,41.10782776217365,16.86523947757342,41.10785184362109,16.86547667119293,0.8559198534043504,0.1069899816755438,1.8451684659994698,0.05798385548367297,32.0,0.0
5_206,134805760#0,25654670#2,10,41.1096446567625,16.864432254737565,41.10899710333518,16.864677718369947,41.10785321351032,16.86554780645669,41.107858556989214,16.86568502986514,0.7398422188729965,0.07398422188729965,1.8451684659994698,0.04009618809913095,32.0,0.0
5_207,134805760#0,25654899,22,41.1096446567625,16.864432254737565,41.10899710333518,16.864677718369947,41.104613512551694,16.867304504076483,41.10450067190532,16.868197409823733,0.941260845442176,0.042784583883735273,1.8451684659994698,0.02318735913393155,32.0,0.0
5_208,134805760#0,25654998#1,20,41.1096446567625,16.864432254737565,41.10899710333518,16.864677718369947,41.103272808734914,16.86478843229521,41.10326869322043,16.864875721506277,0.8590332044911893,0.042951660224559464,1.8451684659994698,0.02327790714832854,32.0,0.0
5_209,134805760#0,25654998#2,21,41.1096446567625,16.864432254737565,41.10899710333518,16.864677718369947,41.10326869322043,16.864875721506277,41.10326306112503,16.86499547697651,0.9553673681987824,0.04549368419994202,1.8451684659994698,0.02465557212701417,32.0,0.0
5_210,134805760#0,25655001#4,22,41.1096446567625,16.864432254737565,41.10899710333518,16.864677718369947,41.10585670751274,16.866054557864008,41.10586778387464,16.865926854105435,0.9685844904323905,0.04402656774692684,1.8451684659994698,0.023860459658939074,32.0,0.0
5_211,134805760#0,25655018#2,23,41.1096446567625,16.864432254737565,41.10899710333518,16.864677718369947,41.10499011159529,16.86585948824938,41.10483199737708,16.8658838295608,0.6630726363952848,0.028829245060664557,1.8451684659994698,0.015624180443084182,32.0,0.0
5_212,134805760#0,25655054#5,17,41.1096446567625,16.864432254737565,41.10899710333518,16.864677718369947,41.10641564822287,16.8613154812676,41.10710483419146,16.861363888027807,0.8143304292175888,0.04790178995397581,1.8451684659994698,0.025960659330923973,32.0,0.0
5_213,134805760#0,295699555,12,41.1096446567625,16.864432254737565,41.10899710333518,16.864677718369947,41.10914574762715,16.86574982248076,41.10906564507099,16.86691322434958,0.7796322266391719,0.06496935221993098,1.8451684659994698,0.03521052598562545,32.0,0.0
5_214,134805760#0,30002092#1,11,41.1096446567625,16.864432254737565,41.10899710333518,16.864677718369947,41.10593974387052,16.86510993658547,41.10637833713364,16.865208689087556,0.9075882974831253,0.08250802704392049,1.8451684659994698,0.04471571488689434,32.0,0.0
5_215,134805760#0,30706585#8,13,41.1096446567625,16.864432254737565,41.10899710333518,16.864677718369947,41.10912734733775,16.863063779201443,41.10970529896603,16.86326757450766,0.9919463769281073,0.07630356745600826,1.8451684659994698,0.04135317119387091,32.0,0.0
5_216,134805760#0,30706669,13,41.1096446567625,16.864432254737565,41.10899710333518,16.864677718369947,41.10724968510657,16.861006427195438,41.10834939661959,16.861073572647502,0.5260743161415,0.0404672550878077,1.8451684659994698,0.021931469041168477,32.0,0.0
5_217,134805760#0,30706677#5,11,41.1096446567625,16.864432254737565,41.10899710333518,16.864677718369947,41.10789333241272,16.86291336901386,41.107812671096845,16.86345068308876,0.5786184068017943,0.05260167334561767,1.8451684659994698,0.02850778902571641,32.0,0.0
5_218,134805760#0,318933773#10,12,41.1096446567625,16.864432254737565,41.10899710333518,16.864677718369947,41.10708624166555,16.866809147339314,41.10707862373311,16.86759574699857,0.911304402387606,0.0759420335323005,1.8451684659994698,0.04115723573845334,32.0,0.0
5_219,134805760#0,50319918#2,12,41.1096446567625,16.864432254737565,41.10899710333518,16.864677718369947,41.10793919315882,16.86772898735496,41.10803228893905,16.867731507230168,0.5232108877132219,0.04360090730943515,1.8451684659994698,0.02362977045882795,32.0,0.0
5_220,134805760#0,50319918#3,13,41.1096446567625,16.864432254737565,41.10899710333518,16.864677718369947,41.10803228893905,16.867731507230168,41.10843334313823,16.867723226014,0.9039488230458694,0.06953452484968227,1.8451684659994698,0.03768464838359223,32.0,0.0
5_221,134805760#0,50319918#7,17,41.1096446567625,16.864432254737565,41.10899710333518,16.864677718369947,41.10928540564486,16.867758931986803,41.11040987403336,16.867987672581428,0.7598580997454216,0.04469753527914245,1.8451684659994698,0.024224094494770806,32.0,0.0
5_222,134805760#0,565496546#1,28,41.1096446567625,16.864432254737565,41.10899710333518,16.864677718369947,41.1045372400796,16.865201946666215,41.10454196713804,16.86509359531177,0.706566495684699,0.025234517703024963,1.8451684659994698,0.013675996619287669,32.0,0.0
5_223,134805760#0,96606441#0,17,41.1096446567625,16.864432254737565,41.10899710333518,16.864677718369947,41.11163796896053,16.862535602408425,41.10949006583287,16.860629422625397,0.569735296272542,0.03351384095720836,1.8451684659994698,0.01816302498918708,32.0,0.0
5_224,134805760#2,-1135075614#0,18,41.10890984608721,16.864715144523014,41.10880075214051,16.8647605271244,41.10561139136639,16.860522875069222,41.10586594045665,16.860740368222224,0.50894254010481,0.02827458556137833,2.3470799938532516,0.012046707242798034,32.0,0.0
5_225,134805760#2,-1135075615#1,16,41.10890984608721,16.864715144523014,41.10880075214051,16.8647605271244,41.10593006633324,16.86024451803452,41.1061540374003,16.860263940525165,0.5532906731679839,0.03458066707299899,2.3470799938532516,0.014733484654788935,32.0,0.0
5_226,134805760#2,-1296042207,16,41.10890984608721,16.864715144523014,41.10880075214051,16.8647605271244,41.10529931263373,16.864197719579735,41.105358063618205,16.8639291776279,0.9619578318632649,0.060122364491454056,2.3470799938532516,0.025615813968381144,32.0,0.0
5_227,134805760#2,-25654678,11,41.10890984608721,16.864715144523014,41.10880075214051,16.8647605271244,41.1094627412817,16.866643418109717,41.109145712663846,16.866535828107896,0.8098004602632232,0.07361822366029301,2.3470799938532516,0.03136587753851218,32.0,0.0
5_228,134805760#2,-96606441#0,14,41.10890984608721,16.864715144523014,41.10880075214051,16.8647605271244,41.10949006583287,16.860629422625397,41.11163796896053,16.862535602408425,0.7681021595811692,0.054864439970083514,2.3470799938532516,0.023375615707077534,32.0,0.0
5_229,134805760#2,134805760#4,3,41.10890984608721,16.864715144523014,41.10880075214051,16.8647605271244,41.1084192109197,16.864915502792314,41.10833845965415,16.864946086143913,0.8634139844601629,0.28780466148672096,2.3470799938532516,0.12262243393512373,32.0,0.0
5_230,134805760#2,138440000#1,13,41.10890984608721,16.864715144523014,41.10880075214051,16.8647605271244,41.104628432580256,16.864632211357712,41.10471595316798,16.864645286345713,0.8924158898789847,0.06864737614453728,2.3470799938532516,0.029247991685122505,32.0,0.0
5_231,134805760#2,138440000#2,14,41.10890984608721,16.864715144523014,41.10880075214051,16.8647605271244,41.10471595316798,16.864645286345713,41.10482759798206,16.864586998125468,0.6627291465494869,0.04733779618210621,2.3470799938532516,0.020168803920649816,32.0,0.0
5_232,134805760#2,138440000#5,17,41.10890984608721,16.864715144523014,41.10880075214051,16.8647605271244,41.10530898236287,16.864507375939425,41.10554708846225,16.864538287566845,0.7360193633873151,0.04329525666984207,2.3470799938532516,0.018446434200465114,32.0,0.0
5_233,134805760#2,25634744#1,16,41.10890984608721,16.864715144523014,41.10880075214051,16.8647605271244,41.10912696164381,16.86880864147947,41.10856970665349,16.868667790168395,0.879716136592643,0.05498225853704019,2.3470799938532516,0.023425813641219206,32.0,0.0
5_234,134805760#2,25654663#3,11,41.10890984608721,16.864715144523014,41.10880075214051,16.8647605271244,41.10895239218255,16.86221911717674,41.10894268872457,16.86225659494897,0.7617685631814473,0.06925168756194976,2.3470799938532516,0.029505465405232217,32.0,0.0
5_235,134805760#2,25654667#0,4,41.10890984608721,16.864715144523014,41.10880075214051,16.8647605271244,41.10833845965415,16.864946086143913,41.10833200545767,16.864777271379552,0.627581777491882,0.1568954443729705,2.3470799938532516,0.0668470801096949,32.0,0.0
5_236,134805760#2,25654667#2,6,41.10890984608721,16.864715144523014,41.10880075214051,16.8647605271244,41.10824709326599,16.86294433106446,41.10819079997804,16.86228690958613,0.9744400053238225,0.1624066675539704,2.3470799938532516,0.06919519913223916,32.0,0.0
5_237,134805760#2,25654670#0,6,41.10890984608721,16.864715144523014,41.10880075214051,16.8647605271244,41.10782776217365,16.86523947757342,41.10785184362109,16.86547667119293,0.9993247653471831,0.16655412755786383,2.3470799938532516,0.07096227141556788,32.0,0.0
5_238,134805760#2,25654670#2,8,41.10890984608721,16.864715144523014,41.10880075214051,16.8647605271244,41.10785321351032,16.86554780645669,41.107858556989214,16.86568502986514,0.8143615331800748,0.10179519164750934,2.3470799938532516,0.043370993708821144,32.0,0.0
5_239,134805760#2,25654899,20,41.10890984608721,16.864715144523014,41.10880075214051,16.8647605271244,41.104613512551694,16.867304504076483,41.10450067190532,16.868197409823733,0.6803460202937563,0.03401730101468782,2.3470799938532516,0.0144934561684201,32.0,0.0
5_240,134805760#2,25654998#1,18,41.10890984608721,16.864715144523014,41.10880075214051,16.8647605271244,41.103272808734914,16.86478843229521,41.10326869322043,16.864875721506277,0.6788737866393504,0.037715210368852795,2.3470799938532516,0.016068992308581234,32.0,0.0
5_241,134805760#2,25654998#2,19,41.10890984608721,16.864715144523014,41.10880075214051,16.8647605271244,41.10326869322043,16.864875721506277,41.10326306112503,16.86499547697651,0.7576371016483253,0.039875636928859225,2.3470799938532516,0.016989466500199907,32.0,0.0
5_242,134805760#2,25655001#4,20,41.10890984608721,16.864715144523014,41.10880075214051,16.8647605271244,41.10585670751274,16.866054557864008,41.10586778387464,16.865926854105435,0.88429323073554,0.044214661536777,2.3470799938532516,0.018838157051557856,32.0,0.0
5_243,134805760#2,25655018#2,21,41.10890984608721,16.864715144523014,41.10880075214051,16.8647605271244,41.10499011159529,16.86585948824938,41.10483199737708,16.8658838295608,0.8860147840644284,0.0421911801935442,2.3470799938532516,0.01797602991974638,32.0,0.0
5_244,134805760#2,25655054#5,15,41.10890984608721,16.864715144523014,41.10880075214051,16.8647605271244,41.10641564822287,16.8613154812676,41.10710483419146,16.861363888027807,0.6119044036779576,0.04079362691186384,2.3470799938532516,0.01738058652397785,32.0,0.0
5_245,134805760#2,295699555,10,41.10890984608721,16.864715144523014,41.10880075214051,16.8647605271244,41.10914574762715,16.86574982248076,41.10906564507099,16.86691322434958,0.5701568460744744,0.05701568460744744,2.3470799938532516,0.02429217783661628,32.0,0.0
5_246,134805760#2,30002092#1,9,41.10890984608721,16.864715144523014,41.10880075214051,16.8647605271244,41.10593974387052,16.86510993658547,41.10637833713364,16.865208689087556,0.7597809818800412,0.08442010909778234,2.3470799938532516,0.03596814310499406,32.0,0.0
5_247,134805760#2,30706585#8,11,41.10890984608721,16.864715144523014,41.10880075214051,16.8647605271244,41.10912734733775,16.863063779201443,41.10970529896603,16.86326757450766,0.5210318215033156,0.04736652922757415,2.3470799938532516,0.02018104595992551,32.0,0.0
5_248,134805760#2,30706669,11,41.10890984608721,16.864715144523014,41.10880075214051,16.8647605271244,41.10724968510657,16.861006427195438,41.10834939661959,16.861073572647502,0.6115319767135556,0.0555938160648687,2.3470799938532516,0.023686374648696627,32.0,0.0
5_249,134805760#2,30706677#5,9,41.10890984608721,16.864715144523014,41.10880075214051,16.8647605271244,41.10789333241272,16.86291336901386,41.107812671096845,16.86345068308876,0.9665884781648533,0.1073987197960948,2.3470799938532516,0.045758440307684625,32.0,0.0
5_250,134805760#2,318933773#10,10,41.10890984608721,16.864715144523014,41.10880075214051,16.8647605271244,41.10708624166555,16.866809147339314,41.10707862373311,16.86759574699857,0.764573607521105,0.07645736075211051,2.3470799938532516,0.03257552403511771,32.0,0.0
5_251,134805760#2,50319918#2,10,41.10890984608721,16.864715144523014,41.10880075214051,16.8647605271244,41.10793919315882,16.86772898735496,41.10803228893905,16.867731507230168,0.710776259281396,0.0710776259281396,2.3470799938532516,0.030283427115515536,32.0,0.0
5_252,134805760#2,50319918#3,11,41.10890984608721,16.864715144523014,41.10880075214051,16.8647605271244,41.10803228893905,16.867731507230168,41.10843334313823,16.867723226014,0.740871725108194,0.06735197500983582,2.3470799938532516,0.02869607136792242,32.0,0.0
5_253,134805760#2,50319918#7,15,41.10890984608721,16.864715144523014,41.10880075214051,16.8647605271244,41.10928540564486,16.867758931986803,41.11040987403336,16.867987672581428,0.613171244572636,0.04087808297150907,2.3470799938532516,0.017416569984220538,32.0,0.0
5_254,134805760#2,565496546#1,26,41.10890984608721,16.864715144523014,41.10880075214051,16.8647605271244,41.1045372400796,16.865201946666215,41.10454196713804,16.86509359531177,0.8195268699972176,0.03152026423066222,2.3470799938532516,0.013429565380477178,32.0,0.0
5_255,134805760#2,96606441#0,15,41.10890984608721,16.864715144523014,41.10880075214051,16.8647605271244,41.11163796896053,16.862535602408425,41.10949006583287,16.860629422625397,0.8814219111288547,0.05876146074192365,2.3470799938532516,0.025035985520652705,32.0,0.0
5_256,138439992#1,-1135075614#0,18,41.104784527530384,16.86468807259823,41.10522435996747,16.864515580091552,41.10561139136639,16.860522875069222,41.10586594045665,16.860740368222224,0.6242430217012702,0.03468016787229279,1.8589523871834253,0.01865575907774493,32.0,0.0
5_257,138439992#1,-1135075615#1,16,41.104784527530384,16.86468807259823,41.10522435996747,16.864515580091552,41.10593006633324,16.86024451803452,41.1061540374003,16.860263940525165,0.6282296977240864,0.0392643561077554,1.8589523871834253,0.021121765343999174,32.0,0.0
5_258,138439992#1,-1296042207,14,41.104784527530384,16.86468807259823,41.10522435996747,16.864515580091552,41.10529931263373,16.864197719579735,41.105358063618205,16.8639291776279,0.7742535125740553,0.05530382232671823,1.8589523871834253,0.029749993979410798,32.0,0.0
5_259,138439992#1,-25654678,16,41.104784527530384,16.86468807259823,41.10522435996747,16.864515580091552,41.1094627412817,16.866643418109717,41.109145712663846,16.866535828107896,0.9373445752819634,0.05858403595512271,1.8589523871834253,0.031514543545618064,32.0,0.0
5_260,138439992#1,-96606441#0,14,41.104784527530384,16.86468807259823,41.10522435996747,16.864515580091552,41.10949006583287,16.860629422625397,41.11163796896053,16.862535602408425,0.8676401441858683,0.06197429601327631,1.8589523871834253,0.03333829120130188,32.0,0.0
5_261,138439992#1,134805760#4,18,41.104784527530384,16.86468807259823,41.10522435996747,16.864515580091552,41.1084192109197,16.864915502792314,41.10833845965415,16.864946086143913,0.88785140426165,0.04932507801453611,1.8589523871834253,0.026533803853508345,32.0,0.0
5_262,138439992#1,138440000#1,11,41.104784527530384,16.86468807259823,41.10522435996747,16.864515580091552,41.104628432580256,16.864632211357712,41.10471595316798,16.864645286345713,0.6634446593734977,0.060313150852136156,1.8589523871834253,0.03244469910470331,32.0,0.0
5_263,138439992#1,138440000#2,12,41.104784527530384,16.86468807259823,41.10522435996747,16.864515580091552,41.10471595316798,16.864645286345713,41.10482759798206,16.864586998125468,0.9014614330578178,0.07512178608815148,1.8589523871834253,0.04041081773050227,32.0,0.0
5_264,138439992#1,138440000#5,3,41.104784527530384,16.86468807259823,41.10522435996747,16.864515580091552,41.10530898236287,16.864507375939425,41.10554708846225,16.864538287566845,0.5455803969216948,0.18186013230723158,1.8589523871834253,0.09782936537862344,32.0,0.0
5_265,138439992#1,25634744#1,21,41.104784527530384,16.86468807259823,41.10522435996747,16.864515580091552,41.10912696164381,16.86880864147947,41.10856970665349,16.868667790168395,0.8777149359906751,0.041795949332889284,1.8589523871834253,0.022483604002475843,32.0,0.0
5_266,138439992#1,25654663#3,16,41.104784527530384,16.86468807259823,41.10522435996747,16.864515580091552,41.10895239218255,16.86221911717674,41.10894268872457,16.86225659494897,0.5091646213903741,0.03182278883689838,1.8589523871834253,0.017118668049973237,32.0,0.0
5_267,138439992#1,25654667#0,19,41.104784527530384,16.86468807259823,41.10522435996747,16.864515580091552,41.10833845965415,16.864946086143913,41.10833200545767,16.864777271379552,0.7185255408904232,0.037817133731074905,1.8589523871834253,0.020343250312275716,32.0,0.0
5_268,138439992#1,25654667#2,11,41.104784527530384,16.86468807259823,41.10522435996747,16.864515580091552,41.10824709326599,16.86294433106446,41.10819079997804,16.86228690958613,0.9149101762339898,0.08317365238490818,1.8589523871834253,0.044742217691184645,32.0,0.0
5_269,138439992#1,25654670#0,11,41.104784527530384,16.86468807259823,41.10522435996747,16.864515580091552,41.10782776217365,16.86523947757342,41.10785184362109,16.86547667119293,0.7841191715527083,0.0712835610502462,1.8589523871834253,0.038346092961665815,32.0,0.0
5_270,138439992#1,25654670#2,13,41.104784527530384,16.86468807259823,41.10522435996747,16.864515580091552,41.10785321351032,16.86554780645669,41.107858556989214,16.86568502986514,0.906743413189498,0.06974949332226908,1.8589523871834253,0.03752086056811245,32.0,0.0
5_271,138439992#1,25654899,21,41.104784527530384,16.86468807259823,41.10522435996747,16.864515580091552,41.104613512551694,16.867304504076483,41.10450067190532,16.868197409823733,0.5349393733857755,0.025473303494560735,1.8589523871834253,0.013703042461004813,32.0,0.0
5_272,138439992#1,25654998#1,16,41.104784527530384,16.86468807259823,41.10522435996747,16.864515580091552,41.103272808734914,16.86478843229521,41.10326869322043,16.864875721506277,0.7732927245950305,0.04833079528718941,1.8589523871834253,0.02599894199572124,32.0,0.0
5_273,138439992#1,25654998#2,17,41.104784527530384,16.86468807259823,41.10522435996747,16.864515580091552,41.10326869322043,16.864875721506277,41.10326306112503,16.86499547697651,0.6515995725226131,0.038329386618977244,1.8589523871834253,0.020618810295110174,32.0,0.0
5_274,138439992#1,25655001#4,21,41.104784527530384,16.86468807259823,41.10522435996747,16.864515580091552,41.10585670751274,16.866054557864008,41.10586778387464,16.865926854105435,0.916887718163077,0.043661319912527474,1.8589523871834253,0.02348705658818972,32.0,0.0
5_275,138439992#1,25655018#2,22,41.104784527530384,16.86468807259823,41.10522435996747,16.864515580091552,41.10499011159529,16.86585948824938,41.10483199737708,16.8658838295608,0.9719360822545423,0.04417891282975193,1.8589523871834253,0.02376548917247375,32.0,0.0
5_276,138439992#1,25655054#5,11,41.104784527530384,16.86468807259823,41.10522435996747,16.864515580091552,41.10641564822287,16.8613154812676,41.10710483419146,16.861363888027807,0.5195280914372584,0.047229826494296225,1.8589523871834253,0.02540668971401471,32.0,0.0
5_277,138439992#1,295699555,15,41.104784527530384,16.86468807259823,41.10522435996747,16.864515580091552,41.10914574762715,16.86574982248076,41.10906564507099,16.86691322434958,0.5441353038330645,0.0362756869222043,1.8589523871834253,0.01951404843518724,32.0,0.0
5_278,138439992#1,30002092#1,7,41.104784527530384,16.86468807259823,41.10522435996747,16.864515580091552,41.10593974387052,16.86510993658547,41.10637833713364,16.865208689087556,0.8069428335387215,0.11527754764838878,1.8589523871834253,0.06201210339929712,32.0,0.0
5_279,138439992#1,30706585#8,16,41.104784527530384,16.86468807259823,41.10522435996747,16.864515580091552,41.10912734733775,16.863063779201443,41.10970529896603,16.86326757450766,0.5723281898010207,0.035770511862563796,1.8589523871834253,0.019242295880832733,32.0,0.0
5_280,138439992#1,30706669,11,41.104784527530384,16.86468807259823,41.10522435996747,16.864515580091552,41.10724968510657,16.861006427195438,41.10834939661959,16.861073572647502,0.9886583681691556,0.08987803346992325,1.8589523871834253,0.04834875497058918,32.0,0.0
5_281,138439992#1,30706677#5,10,41.104784527530384,16.86468807259823,41.10522435996747,16.864515580091552,41.10789333241272,16.86291336901386,41.107812671096845,16.86345068308876,0.9204269945057244,0.09204269945057245,1.8589523871834253,0.04951320974391932,32.0,0.0
5_282,138439992#1,318933773#10,11,41.104784527530384,16.86468807259823,41.10522435996747,16.864515580091552,41.10708624166555,16.866809147339314,41.10707862373311,16.86759574699857,0.7998054134910874,0.07270958304464431,1.8589523871834253,0.03911320351502363,32.0,0.0
5_283,138439992#1,50319918#2,15,41.104784527530384,16.86468807259823,41.10522435996747,16.864515580091552,41.10793919315882,16.86772898735496,41.10803228893905,16.867731507230168,0.6283266052691261,0.04188844035127507,1.8589523871834253,0.022533358379738792,32.0,0.0
5_284,138439992#1,50319918#3,16,41.104784527530384,16.86468807259823,41.10522435996747,16.864515580091552,41.10803228893905,16.867731507230168,41.10843334313823,16.867723226014,0.6990824399006083,0.043692652493788016,1.8589523871834253,0.02350391155525427,32.0,0.0
5_285,138439992#1,50319918#7,20,41.104784527530384,16.86468807259823,41.10522435996747,16.864515580091552,41.10928540564486,16.867758931986803,41.11040987403336,16.867987672581428,0.7654192813808145,0.03827096406904073,1.8589523871834253,0.020587382620932338,32.0,0.0
5_286,138439992#1,565496546#1,24,41.104784527530384,16.86468807259823,41.10522435996747,16.864515580091552,41.1045372400796,16.865201946666215,41.10454196713804,16.86509359531177,0.7544542355000114,0.03143559314583381,1.8589523871834253,0.016910381009522874,32.0,0.0
5_287,138439992#1,96606441#0,15,41.104784527530384,16.86468807259823,41.10522435996747,16.864515580091552,41.11163796896053,16.862535602408425,41.10949006583287,16.860629422625397,0.9365658883857124,0.06243772589238083,1.8589523871834253,0.03358758746208814,32.0,0.0
5_288,138440000#4,-1135075614#0,17,41.10522435996747,16.864515580091552,41.10530898236287,16.864507375939425,41.10561139136639,16.860522875069222,41.10586594045665,16.860740368222224,0.5324449184747397,0.03132028932204351,2.195716082970574,0.01426427103438184,32.0,0.0
5_289,138440000#4,-1135075615#1,15,41.10522435996747,16.864515580091552,41.10530898236287,16.864507375939425,41.10593006633324,16.86024451803452,41.1061540374003,16.860263940525165,0.6543707844839124,0.04362471896559416,2.195716082970574,0.01986810558247334,32.0,0.0
5_290,138440000#4,-1296042207,13,41.10522435996747,16.864515580091552,41.10530898236287,16.864507375939425,41.10529931263373,16.864197719579735,41.105358063618205,16.8639291776279,0.9437605562254154,0.0725969658634935,2.195716082970574,0.03306300228273475,32.0,0.0
5_291,138440000#4,-25654678,15,41.10522435996747,16.864515580091552,41.10530898236287,16.864507375939425,41.1094627412817,16.866643418109717,41.109145712663846,16.866535828107896,0.9884948329750702,0.06589965553167135,2.195716082970574,0.030012830913237205,32.0,0.0
5_292,138440000#4,-96606441#0,13,41.10522435996747,16.864515580091552,41.10530898236287,16.864507375939425,41.10949006583287,16.860629422625397,41.11163796896053,16.862535602408425,0.7710856367617845,0.05931427975090651,2.195716082970574,0.02701363815246118,32.0,0.0
5_293,138440000#4,134805760#4,17,41.10522435996747,16.864515580091552,41.10530898236287,16.864507375939425,41.1084192109197,16.864915502792314,41.10833845965415,16.864946086143913,0.754846472314169,0.04440273366553935,2.195716082970574,0.02022243859755634,32.0,0.0
5_294,138440000#4,138440000#1,10,41.10522435996747,16.864515580091552,41.10530898236287,16.864507375939425,41.104628432580256,16.864632211357712,41.10471595316798,16.864645286345713,0.8000754409078655,0.08000754409078656,2.195716082970574,0.03643801888199713,32.0,0.0
5_295,138440000#4,138440000#2,11,41.10522435996747,16.864515580091552,41.10530898236287,16.864507375939425,41.10471595316798,16.864645286345713,41.10482759798206,16.864586998125468,0.9440256363105772,0.08582051239187066,2.195716082970574,0.03908543233684589,32.0,0.0
5_296,138440000#4,138440000#5,2,41.10522435996747,16.864515580091552,41.10530898236287,16.864507375939425,41.10530898236287,16.864507375939425,41.10554708846225,16.864538287566845,0.8147737821824905,0.40738689109124526,2.195716082970574,0.1855371440100277,32.0,0.0
5_297,138440000#4,25634744#1,20,41.10522435996747,16.864515580091552,41.10530898236287,16.864507375939425,41.10912696164381,16.86880864147947,41.10856970665349,16.868667790168395,0.7121135282901128,0.03560567641450564,2.195716082970574,0.016215974683910356,32.0,0.0
5_298,138440000#4,25654663#3,15,41.10522435996747,16.864515580091552,41.10530898236287,16.864507375939425,41.10895239218255,16.86221911717674,41.10894268872457,16.86225659494897,0.871307556386802,0.0580871704257868,2.195716082970574,0.026454772944597166,32.0,0.0
5_299,138440000#4,25654667#0,18,41.10522435996747,16.864515580091552,41.10530898236287,16.864507375939425,41.10833845965415,16.864946086143913,41.10833200545767,16.864777271379552,0.5163394058362512,0.028685522546458397,2.195716082970574,0.013064313172789575,32.0,0.0
5_300,138440000#4,25654667#2,10,41.10522435996747,16.864515580091552,41.10530898236287,16.864507375939425,41.10824709326599,16.86294433106446,41.10819079997804,16.86228690958613,0.9247411284187497,0.09247411284187497,2.195716082970574,0.042115696814848294,32.0,0.0
5_301,138440000#4,25654670#0,10,41.10522435996747,16.864515580091552,41.10530898236287,16.864507375939425,41.10782776217365,16.86523947757342,41.10785184362109,16.86547667119293,0.8813896896764114,0.08813896896764115,2.195716082970574,0.040141332320341866,32.0,0.0
5_302,138440000#4,25654670#2,12,41.10522435996747,16.864515580091552,41.10530898236287,16.864507375939425,41.10785321351032,16.86554780645669,41.107858556989214,16.86568502986514,0.5390243248595039,0.04491869373829199,2.195716082970574,0.020457423474132277,32.0,0.0
5_303,138440000#4,25654899,20,41.10522435996747,16.864515580091552,41.10530898236287,16.864507375939425,41.104613512551694,16.867304504076483,41.10450067190532,16.868197409823733,0.7243181996747148,0.03621590998373574,2.195716082970574,0.016493894754707725,32.0,0.0
5_304,138440000#4,25654998#1,15,41.10522435996747,16.864515580091552,41.10530898236287,16.864507375939425,41.103272808734914,16.86478843229521,41.10326869322043,16.864875721506277,0.6785442548220275,0.04523628365480183,2.195716082970574,0.020602064176531366,32.0,0.0
5_305,138440000#4,25654998#2,16,41.10522435996747,16.864515580091552,41.10530898236287,16.864507375939425,41.10326869322043,16.864875721506277,41.10326306112503,16.86499547697651,0.553067269243048,0.0345667043276905,2.195716082970574,0.015742793248991176,32.0,0.0
5_306,138440000#4,25655001#4,20,41.10522435996747,16.864515580091552,41.10530898236287,16.864507375939425,41.10585670751274,16.866054557864008,41.10586778387464,16.865926854105435,0.7162888685436017,0.03581444342718009,2.195716082970574,0.01631105392220241,32.0,0.0
5_307,138440000#4,25655018#2,21,41.10522435996747,16.864515580091552,41.10530898236287,16.864507375939425,41.10499011159529,16.86585948824938,41.10483199737708,16.8658838295608,0.7575410861016808,0.036073385052460986,2.195716082970574,0.016428984299125537,32.0,0.0
5_308,138440000#4,25655054#5,10,41.10522435996747,16.864515580091552,41.10530898236287,16.864507375939425,41.10641564822287,16.8613154812676,41.10710483419146,16.861363888027807,0.5312304705951478,0.05312304705951479,2.195716082970574,0.02419395088077365,32.0,0.0
5_309,138440000#4,295699555,14,41.10522435996747,16.864515580091552,41.10530898236287,16.864507375939425,41.10914574762715,16.86574982248076,41.10906564507099,16.86691322434958,0.7000693022949116,0.05000495016392226,2.195716082970574,0.022773868876649478,32.0,0.0
5_310,138440000#4,30002092#1,6,41.10522435996747,16.864515580091552,41.10530898236287,16.864507375939425,41.10593974387052,16.86510993658547,41.10637833713364,16.865208689087556,0.5636085467485346,0.09393475779142242,2.195716082970574,0.04278092168653177,32.0,0.0
5_311,138440000#4,30706585#8,15,41.10522435996747,16.864515580091552,41.10530898236287,16.864507375939425,41.10912734733775,16.863063779201443,41.10970529896603,16.86326757450766,0.8799346578191165,0.058662310521274436,2.195716082970574,0.026716710314345592,32.0,0.0
5_312,138440000#4,30706669,10,41.10522435996747,16.864515580091552,41.10530898236287,16.864507375939425,41.10724968510657,16.861006427195438,41.10834939661959,16.861073572647502,0.9129349512346132,0.09129349512346133,2.195716082970574,0.04157800538581053,32.0,0.0
5_313,138440000#4,30706677#5,9,41.10522435996747,16.864515580091552,41.10530898236287,16.864507375939425,41.10789333241272,16.86291336901386,41.107812671096845,16.86345068308876,0.7257310319588651,0.08063678132876279,2.195716082970574,0.03672459383713657,32.0,0.0
5_314,138440000#4,318933773#10,10,41.10522435996747,16.864515580091552,41.10530898236287,16.864507375939425,41.10708624166555,16.866809147339314,41.10707862373311,16.86759574699857,0.9912360803925182,0.09912360803925183,2.195716082970574,0.04514409162825276,32.0,0.0
5_315,138440000#4,50319918#2,14,41.10522435996747,16.864515580091552,41.10530898236287,16.864507375939425,41.10793919315882,16.86772898735496,41.10803228893905,16.867731507230168,0.7592419700022266,0.054231569285873325,2.195716082970574,0.024698807694892726,32.0,0.0
5_316,138440000#4,50319918#3,15,41.10522435996747,16.864515580091552,41.10530898236287,16.864507375939425,41.10803228893905,16.867731507230168,41.10843334313823,16.867723226014,0.7429219573860626,0.04952813049240417,2.195716082970574,0.022556709802570556,32.0,0.0
5_317,138440000#4,50319918#7,19,41.10522435996747,16.864515580091552,41.10530898236287,16.864507375939425,41.10928540564486,16.867758931986803,41.11040987403336,16.867987672581428,0.8834667594869055,0.04649825049931081,2.195716082970574,0.02117680462421332,32.0,0.0
5_318,138440000#4,565496546#1,23,41.10522435996747,16.864515580091552,41.10530898236287,16.864507375939425,41.1045372400796,16.865201946666215,41.10454196713804,16.86509359531177,0.6785690337124567,0.029503001465758984,2.195716082970574,0.013436619467597338,32.0,0.0
5_319,138440000#4,96606441#0,14,41.10522435996747,16.864515580091552,41.10530898236287,16.864507375939425,41.11163796896053,16.862535602408425,41.10949006583287,16.860629422625397,0.8818000680445301,0.06298571914603786,2.195716082970574,0.028685730197332605,32.0,0.0
5_320,138440000#5,-1135075614#0,16,41.10530898236287,16.864507375939425,41.10554708846225,16.864538287566845,41.10561139136639,16.860522875069222,41.10586594045665,16.860740368222224,0.509121639549182,0.031820102471823875,1.9073141045568553,0.016683199896546114,31.0,33.0
5_321,138440000#5,-1135075615#1,14,41.10530898236287,16.864507375939425,41.10554708846225,16.864538287566845,41.10593006633324,16.86024451803452,41.1061540374003,16.860263940525165,0.6614062018505575,0.047243300132182676,1.9073141045568553,0.02476954373656203,31.0,33.0
5_322,138440000#5,-1296042207,12,41.10530898236287,16.864507375939425,41.10554708846225,16.864538287566845,41.10529931263373,16.864197719579735,41.105358063618205,16.8639291776279,0.6119117816547499,0.050992648471229154,1.9073141045568553,0.02673531766445819,31.0,33.0
5_323,138440000#5,-25654678,14,41.10530898236287,16.864507375939425,41.10554708846225,16.864538287566845,41.1094627412817,16.866643418109717,41.109145712663846,16.866535828107896,0.9732521421007783,0.06951801015005558,1.9073141045568553,0.03644811831672968,31.0,33.0
5_324,138440000#5,-96606441#0,12,41.10530898236287,16.864507375939425,41.10554708846225,16.864538287566845,41.10949006583287,16.860629422625397,41.11163796896053,16.862535602408425,0.9355595637709111,0.07796329698090926,1.9073141045568553,0.040875961014834115,31.0,33.0
5_325,138440000#5,134805760#4,16,41.10530898236287,16.864507375939425,41.10554708846225,16.864538287566845,41.1084192109197,16.864915502792314,41.10833845965415,16.864946086143913,0.9281984539392325,0.05801240337120203,1.9073141045568553,0.030415757547538617,31.0,33.0
5_326,138440000#5,138440000#1,9,41.10530898236287,16.864507375939425,41.10554708846225,16.864538287566845,41.104628432580256,16.864632211357712,41.10471595316798,16.864645286345713,0.6874357076403508,0.0763817452933723,1.9073141045568553,0.040046757432813516,31.0,33.0
5_327,138440000#5,138440000#2,10,41.10530898236287,16.864507375939425,41.10554708846225,16.864538287566845,41.10471595316798,16.864645286345713,41.10482759798206,16.864586998125468,0.5527229395600868,0.05527229395600868,1.9073141045568553,0.028979125055466744,31.0,33.0
5_328,138440000#5,25634744#1,19,41.10530898236287,16.864507375939425,41.10554708846225,16.864538287566845,41.10912696164381,16.86880864147947,41.10856970665349,16.868667790168395,0.9813243489052141,0.051648649942379686,1.9073141045568553,0.027079257590023283,31.0,33.0
5_329,138440000#5,25654663#3,14,41.10530898236287,16.864507375939425,41.10554708846225,16.864538287566845,41.10895239218255,16.86221911717674,41.10894268872457,16.86225659494897,0.5125977978774237,0.036614128419815976,1.9073141045568553,0.01919669567395292,31.0,33.0
5_330,138440000#5,25654667#0,17,41.10530898236287,16.864507375939425,41.10554708846225,16.864538287566845,41.10833845965415,16.864946086143913,41.10833200545767,16.864777271379552,0.6096391200762565,0.03586112471036803,1.9073141045568553,0.018801897718205146,31.0,33.0
5_331,138440000#5,25654667#2,9,41.10530898236287,16.864507375939425,41.10554708846225,16.864538287566845,41.10824709326599,16.86294433106446,41.10819079997804,16.86228690958613,0.6085808167690372,0.06762009075211524,1.9073141045568553,0.035453043937839525,31.0,33.0
5_332,138440000#5,25654670#0,9,41.10530898236287,16.864507375939425,41.10554708846225,16.864538287566845,41.10782776217365,16.86523947757342,41.10785184362109,16.86547667119293,0.6702965838046872,0.0744773982005208,1.9073141045568553,0.03904831302960707,31.0,33.0
5_333,138440000#5,25654670#2,11,41.10530898236287,16.864507375939425,41.10554708846225,16.864538287566845,41.10785321351032,16.86554780645669,41.107858556989214,16.86568502986514,0.5610798471458684,0.05100725883144259,1.9073141045568553,0.02674297783966401,31.0,33.0
5_334,138440000#5,25654899,19,41.10530898236287,16.864507375939425,41.10554708846225,16.864538287566845,41.104613512551694,16.867304504076483,41.10450067190532,16.868197409823733,0.5507508674894024,0.028986887762600125,1.9073141045568553,0.0151977525323942,31.0,33.0
5_335,138440000#5,25654998#1,14,41.10530898236287,16.864507375939425,41.10554708846225,16.864538287566845,41.103272808734914,16.86478843229521,41.10326869322043,16.864875721506277,0.9035306125814324,0.06453790089867374,1.9073141045568553,0.0338370595301965,31.0,33.0
5_336,138440000#5,25654998#2,15,41.10530898236287,16.864507375939425,41.10554708846225,16.864538287566845,41.10326869322043,16.864875721506277,41.10326306112503,16.86499547697651,0.5715451372882505,0.038103009152550035,1.9073141045568553,0.019977312106860802,31.0,33.0
5_337,138440000#5,25655001#4,19,41.10530898236287,16.864507375939425,41.10554708846225,16.864538287566845,41.10585670751274,16.866054557864008,41.10586778387464,16.865926854105435,0.9752147556697295,0.05132709240366997,1.9073141045568553,0.026910665779192825,31.0,33.0
5_338,138440000#5,25655018#2,20,41.10530898236287,16.864507375939425,41.10554708846225,16.864538287566845,41.10499011159529,16.86585948824938,41.10483199737708,16.8658838295608,0.8858432504952529,0.044292162524762646,1.9073141045568553,0.023222269692727653,31.0,33.0
5_339,138440000#5,25655054#5,9,41.10530898236287,16.864507375939425,41.10554708846225,16.864538287566845,41.10641564822287,16.8613154812676,41.10710483419146,16.861363888027807,0.8953492528424265,0.09948325031582517,1.9073141045568553,0.052158818559641,31.0,33.0
5_340,138440000#5,295699555,13,41.10530898236287,16.864507375939425,41.10554708846225,16.864538287566845,41.10914574762715,16.86574982248076,41.10906564507099,16.86691322434958,0.9609372863339154,0.07391825279491657,1.9073141045568553,0.03875515449621797,31.0,33.0
5_341,138440000#5,30002092#1,5,41.10530898236287,16.864507375939425,41.10554708846225,16.864538287566845,41.10593974387052,16.86510993658547,41.10637833713364,16.865208689087556,0.8924303066674725,0.1784860613334945,1.9073141045568553,0.09357979417604312,31.0,33.0
5_342,138440000#5,30706585#8,14,41.10530898236287,16.864507375939425,41.10554708846225,16.864538287566845,41.10912734733775,16.863063779201443,41.10970529896603,16.86326757450766,0.993204057527624,0.07094314696625885,1.9073141045568553,0.037195313974119515,31.0,33.0
5_343,138440000#5,30706669,9,41.10530898236287,16.864507375939425,41.10554708846225,16.864538287566845,41.10724968510657,16.861006427195438,41.10834939661959,16.861073572647502,0.7581611095107301,0.08424012327897001,1.9073141045568553,0.04416688529577163,31.0,33.0
5_344,138440000#5,30706677#5,8,41.10530898236287,16.864507375939425,41.10554708846225,16.864538287566845,41.10789333241272,16.86291336901386,41.107812671096845,16.86345068308876,0.6366446460093393,0.07958058075116742,1.9073141045568553,0.041723898838181735,31.0,33.0
5_345,138440000#5,318933773#10,9,41.10530898236287,16.864507375939425,41.10554708846225,16.864538287566845,41.10708624166555,16.866809147339314,41.10707862373311,16.86759574699857,0.8525574421508479,0.09472860468342754,1.9073141045568553,0.049665969782904086,31.0,33.0
5_346,138440000#5,50319918#2,13,41.10530898236287,16.864507375939425,41.10554708846225,16.864538287566845,41.10793919315882,16.86772898735496,41.10803228893905,16.867731507230168,0.6784523258610871,0.052188640450852856,1.9073141045568553,0.027362373258901868,31.0,33.0
5_347,138440000#5,50319918#3,14,41.10530898236287,16.864507375939425,41.10554708846225,16.864538287566845,41.10803228893905,16.867731507230168,41.10843334313823,16.867723226014,0.6982261369264947,0.04987329549474962,1.9073141045568553,0.026148443707093103,31.0,33.0
5_348,138440000#5,50319918#7,18,41.10530898236287,16.864507375939425,41.10554708846225,16.864538287566845,41.10928540564486,16.867758931986803,41.11040987403336,16.867987672581428,0.6194279137563687,0.034412661875353814,1.9073141045568553,0.018042472287672428,31.0,33.0
5_349,138440000#5,565496546#1,22,41.10530898236287,16.864507375939425,41.10554708846225,16.864538287566845,41.1045372400796,16.865201946666215,41.10454196713804,16.86509359531177,0.5152934088194941,0.023422427673613373,1.9073141045568553,0.012280320067708685,31.0,33.0
5_350,138440000#5,96606441#0,13,41.10530898236287,16.864507375939425,41.10554708846225,16.864538287566845,41.11163796896053,16.862535602408425,41.10949006583287,16.860629422625397,0.7066482086630617,0.054357554512543205,1.9073141045568553,0.028499529460131904,31.0,33.0
5_351,138440000#7,-1135075614#0,14,41.10579004422088,16.864575648229195,41.10596845382712,16.86463297548126,41.10561139136639,16.860522875069222,41.10586594045665,16.860740368222224,0.7784209309009196,0.05560149506435139,2.4580010519381554,0.02262061483680372,32.0,0.0
5_352,138440000#7,-1135075615#1,12,41.10579004422088,16.864575648229195,41.10596845382712,16.86463297548126,41.10593006633324,16.86024451803452,41.1061540374003,16.860263940525165,0.5519933183663022,0.04599944319719185,2.4580010519381554,0.01871416741702404,32.0,0.0
5_353,138440000#7,-1296042207,10,41.10579004422088,16.864575648229195,41.10596845382712,16.86463297548126,41.10529931263373,16.864197719579735,41.105358063618205,16.8639291776279,0.6280047206767418,0.06280047206767418,2.4580010519381554,0.02554940813314765,32.0,0.0
5_354,138440000#7,-25654678,12,41.10579004422088,16.864575648229195,41.10596845382712,16.86463297548126,41.1094627412817,16.866643418109717,41.109145712663846,16.866535828107896,0.9812717801610202,0.08177264834675169,2.4580010519381554,0.033267946847408074,32.0,0.0
5_355,138440000#7,-96606441#0,10,41.10579004422088,16.864575648229195,41.10596845382712,16.86463297548126,41.10949006583287,16.860629422625397,41.11163796896053,16.862535602408425,0.8290974267832513,0.08290974267832513,2.4580010519381554,0.03373055622289098,32.0,0.0
5_356,138440000#7,134805760#4,14,41.10579004422088,16.864575648229195,41.10596845382712,16.86463297548126,41.1084192109197,16.864915502792314,41.10833845965415,16.864946086143913,0.6492379160727617,0.04637413686234012,2.4580010519381554,0.018866605783497817,32.0,0.0
5_357,138440000#7,138440000#1,7,41.10579004422088,16.864575648229195,41.10596845382712,16.86463297548126,41.104628432580256,16.864632211357712,41.10471595316798,16.864645286345713,0.9284185645570775,0.13263122350815393,2.4580010519381554,0.053958977521011656,32.0,0.0
5_358,138440000#7,138440000#2,8,41.10579004422088,16.864575648229195,41.10596845382712,16.86463297548126,41.10471595316798,16.864645286345713,41.10482759798206,16.864586998125468,0.674816541045176,0.084352067630647,2.4580010519381554,0.03431734399142533,32.0,0.0
5_359,138440000#7,138440000#5,11,41.10579004422088,16.864575648229195,41.10596845382712,16.86463297548126,41.10530898236287,16.864507375939425,41.10554708846225,16.864538287566845,0.6068396480110365,0.05516724072827605,2.4580010519381554,0.022443945125562983,32.0,0.0
5_360,138440000#7,25634744#1,17,41.10579004422088,16.864575648229195,41.10596845382712,16.86463297548126,41.10912696164381,16.86880864147947,41.10856970665349,16.868667790168395,0.7148751402609297,0.04205147883887821,2.4580010519381554,0.017107998715346462,32.0,0.0
5_361,138440000#7,25654663#3,12,41.10579004422088,16.864575648229195,41.10596845382712,16.86463297548126,41.10895239218255,16.86221911717674,41.10894268872457,16.86225659494897,0.9795977198081012,0.08163314331734176,2.4580010519381554,0.03321119136746231,32.0,0.0
5_362,138440000#7,25654667#0,15,41.10579004422088,16.864575648229195,41.10596845382712,16.86463297548126,41.10833845965415,16.864946086143913,41.10833200545767,16.864777271379552,0.6387504230527485,0.042583361536849905,2.4580010519381554,0.01732438702712212,32.0,0.0
5_363,138440000#7,25654667#2,7,41.10579004422088,16.864575648229195,41.10596845382712,16.86463297548126,41.10824709326599,16.86294433106446,41.10819079997804,16.86228690958613,0.7877441988082605,0.1125348855440372,2.4580010519381554,0.04578309088000693,32.0,0.0
5_364,138440000#7,25654670#0,7,41.10579004422088,16.864575648229195,41.10596845382712,16.86463297548126,41.10782776217365,16.86523947757342,41.10785184362109,16.86547667119293,0.7032840251196568,0.10046914644566525,2.4580010519381554,0.04087433012546697,32.0,0.0
5_365,138440000#7,25654670#2,9,41.10579004422088,16.864575648229195,41.10596845382712,16.86463297548126,41.10785321351032,16.86554780645669,41.107858556989214,16.86568502986514,0.6267172653221826,0.06963525170246473,2.4580010519381554,0.028330033320187853,32.0,0.0
5_366,138440000#7,25654899,17,41.10579004422088,16.864575648229195,41.10596845382712,16.86463297548126,41.104613512551694,16.867304504076483,41.10450067190532,16.868197409823733,0.7296715770943496,0.04292185747613821,2.4580010519381554,0.017462098904430474,32.0,0.0
5_367,138440000#7,25654998#1,12,41.10579004422088,16.864575648229195,41.10596845382712,16.86463297548126,41.103272808734914,16.86478843229521,41.10326869322043,16.864875721506277,0.6528028026011895,0.054400233550099125,2.4580010519381554,0.022131900027953226,32.0,0.0
5_368,138440000#7,25654998#2,13,41.10579004422088,16.864575648229195,41.10596845382712,16.86463297548126,41.10326869322043,16.864875721506277,41.10326306112503,16.86499547697651,0.9567904303787751,0.0735992638752904,2.4580010519381554,0.029942730828880944,32.0,0.0
5_369,138440000#7,25655001#4,17,41.10579004422088,16.864575648229195,41.10596845382712,16.86463297548126,41.10585670751274,16.866054557864008,41.10586778387464,16.865926854105435,0.659196890193052,0.03877628765841483,2.4580010519381554,0.01577553745464811,32.0,0.0
5_370,138440000#7,25655018#2,18,41.10579004422088,16.864575648229195,41.10596845382712,16.86463297548126,41.10499011159529,16.86585948824938,41.10483199737708,16.8658838295608,0.5211889169422408,0.028954939830124485,2.4580010519381554,0.011779872839067038,32.0,0.0
5_371,138440000#7,25655054#5,7,41.10579004422088,16.864575648229195,41.10596845382712,16.86463297548126,41.10641564822287,16.8613154812676,41.10710483419146,16.861363888027807,0.7174256921878224,0.10248938459826033,2.4580010519381554,0.04169623300911387,32.0,0.0
5_372,138440000#7,295699555,11,41.10579004422088,16.864575648229195,41.10596845382712,16.86463297548126,41.10914574762715,16.86574982248076,41.10906564507099,16.86691322434958,0.6219300971876114,0.05653909974432831,2.4580010519381554,0.02300206490951122,32.0,0.0
5_373,138440000#7,30002092#1,3,41.10579004422088,16.864575648229195,41.10596845382712,16.86463297548126,41.10593974387052,16.86510993658547,41.10637833713364,16.865208689087556,0.7595275378660225,0.2531758459553408,2.4580010519381554,0.10300070691821285,32.0,0.0
5_374,138440000#7,30706585#8,12,41.10579004422088,16.864575648229195,41.10596845382712,16.86463297548126,41.10912734733775,16.863063779201443,41.10970529896603,16.86326757450766,0.769523884622618,0.06412699038521816,2.4580010519381554,0.026089081749844437,32.0,0.0
5_375,138440000#7,30706669,7,41.10579004422088,16.864575648229195,41.10596845382712,16.86463297548126,41.10724968510657,16.861006427195438,41.10834939661959,16.861073572647502,0.9711326566730166,0.13873323666757378,2.4580010519381554,0.056441487914816554,32.0,0.0
5_376,138440000#7,30706677#5,6,41.10579004422088,16.864575648229195,41.10596845382712,16.86463297548126,41.10789333241272,16.86291336901386,41.107812671096845,16.86345068308876,0.8806313062663036,0.14677188437771727,2.4580010519381554,0.05971188835008282,32.0,0.0
5_377,138440000#7,318933773#10,7,41.10579004422088,16.864575648229195,41.10596845382712,16.86463297548126,41.10708624166555,16.866809147339314,41.10707862373311,16.86759574699857,0.8723489026709588,0.12462127181013696,2.4580010519381554,0.05070025161782254,32.0,0.0
5_378,138440000#7,50319918#2,11,41.10579004422088,16.864575648229195,41.10596845382712,16.86463297548126,41.10793919315882,16.86772898735496,41.10803228893905,16.867731507230168,0.5037288925437238,0.04579353568579307,2.4580010519381554,0.018630397106496138,32.0,0.0
5_379,138440000#7,50319918#3,12,41.10579004422088,16.864575648229195,41.10596845382712,16.86463297548126,41.10803228893905,16.867731507230168,41.10843334313823,16.867723226014,0.7082188159621209,0.05901823466351007,2.4580010519381554,0.024010662899014493,32.0,0.0
5_380,138440000#7,50319918#7,16,41.10579004422088,16.864575648229195,41.10596845382712,16.86463297548126,41.10928540564486,16.867758931986803,41.11040987403336,16.867987672581428,0.5976234037341154,0.03735146273338221,2.4580010519381554,0.015195869303607602,32.0,0.0
5_381,138440000#7,565496546#1,20,41.10579004422088,16.864575648229195,41.10596845382712,16.86463297548126,41.1045372400796,16.865201946666215,41.10454196713804,16.86509359531177,0.5308770920476718,0.02654385460238359,2.4580010519381554,0.010798959822028362,32.0,0.0
5_382,138440000#7,96606441#0,11,41.10579004422088,16.864575648229195,41.10596845382712,16.86463297548126,41.11163796896053,16.862535602408425,41.10949006583287,16.860629422625397,0.7443472394104473,0.06766793085549522,2.4580010519381554,0.027529659030104344,32.0,0.0
5_383,25634744#0,-1135075614#0,26,41.10972857700902,16.868968974942952,41.10912696164381,16.86880864147947,41.10561139136639,16.860522875069222,41.10586594045665,16.860740368222224,0.6325983869215012,0.02433070718928851,1.6852397183372985,0.014437534864947178,32.0,0.0
5_384,25634744#0,-1135075615#1,24,41.10972857700902,16.868968974942952,41.10912696164381,16.86880864147947,41.10593006633324,16.86024451803452,41.1061540374003,16.860263940525165,0.9645531188944767,0.04018971328726986,1.6852397183372985,0.023848069120351662,32.0,0.0
5_385,25634744#0,-1296042207,36,41.10972857700902,16.868968974942952,41.10912696164381,16.86880864147947,41.10529931263373,16.864197719579735,41.105358063618205,16.8639291776279,0.8222785571305349,0.022841071031403745,1.6852397183372985,0.013553603551392287,32.0,0.0
5_386,25634744#0,-25654678,7,41.10972857700902,16.868968974942952,41.10912696164381,16.86880864147947,41.1094627412817,16.866643418109717,41.109145712663846,16.866535828107896,0.713108114539047,0.10187258779129242,1.6852397183372985,0.060449909103615584,32.0,0.0
5_387,25634744#0,-96606441#0,22,41.10972857700902,16.868968974942952,41.10912696164381,16.86880864147947,41.10949006583287,16.860629422625397,41.11163796896053,16.862535602408425,0.7452099694626173,0.03387318043011897,1.6852397183372985,0.020099918166858265,32.0,0.0
5_388,25634744#0,134805760#4,26,41.10972857700902,16.868968974942952,41.10912696164381,16.86880864147947,41.1084192109197,16.864915502792314,41.10833845965415,16.864946086143913,0.9872166235217006,0.03796987013545002,1.6852397183372985,0.02253084218363432,32.0,0.0
5_389,25634744#0,138440000#1,33,41.10972857700902,16.868968974942952,41.10912696164381,16.86880864147947,41.104628432580256,16.864632211357712,41.10471595316798,16.864645286345713,0.5035733846137429,0.015259799533749785,1.6852397183372985,0.009054972635469036,32.0,0.0
5_390,25634744#0,138440000#2,34,41.10972857700902,16.868968974942952,41.10912696164381,16.86880864147947,41.10471595316798,16.864645286345713,41.10482759798206,16.864586998125468,0.6465376542334904,0.01901581335980854,1.6852397183372985,0.011283743881001118,32.0,0.0
5_391,25634744#0,138440000#5,37,41.10972857700902,16.868968974942952,41.10912696164381,16.86880864147947,41.10530898236287,16.864507375939425,41.10554708846225,16.864538287566845,0.7214129285993135,0.019497646718900367,1.6852397183372985,0.011569657720942665,32.0,0.0
5_392,25634744#0,25634744#1,2,41.10972857700902,16.868968974942952,41.10912696164381,16.86880864147947,41.10912696164381,16.86880864147947,41.10856970665349,16.868667790168395,0.8756466422550204,0.4378233211275102,1.6852397183372985,0.2597988383275693,32.0,0.0
5_393,25634744#0,25654663#3,24,41.10972857700902,16.868968974942952,41.10912696164381,16.86880864147947,41.10895239218255,16.86221911717674,41.10894268872457,16.86225659494897,0.5300172214834992,0.0220840508951458,1.6852397183372985,0.013104397347657164,32.0,0.0
5_394,25634744#0,25654667#0,27,41.10972857700902,16.868968974942952,41.10912696164381,16.86880864147947,41.10833845965415,16.864946086143913,41.10833200545767,16.864777271379552,0.7048676057721499,0.026106207621190737,1.6852397183372985,0.015491094434296745,32.0,0.0
5_395,25634744#0,25654667#2,19,41.10972857700902,16.868968974942952,41.10912696164381,16.86880864147947,41.10824709326599,16.86294433106446,41.10819079997804,16.86228690958613,0.623512487835886,0.032816446728204524,1.6852397183372985,0.0194728657122929,32.0,0.0
5_396,25634744#0,25654670#0,18,41.10972857700902,16.868968974942952,41.10912696164381,16.86880864147947,41.10782776217365,16.86523947757342,41.10785184362109,16.86547667119293,0.5416522089657861,0.030091789386988116,1.6852397183372985,0.017856088400692017,32.0,0.0
5_397,25634744#0,25654670#2,20,41.10972857700902,16.868968974942952,41.10912696164381,16.86880864147947,41.10785321351032,16.86554780645669,41.107858556989214,16.86568502986514,0.8084816269575983,0.04042408134787992,1.6852397183372985,0.02398714017241617,32.0,0.0
5_398,25634744#0,25654899,23,41.10972857700902,16.868968974942952,41.10912696164381,16.86880864147947,41.104613512551694,16.867304504076483,41.10450067190532,16.868197409823733,0.9184921741949639,0.03993444235630277,1.6852397183372985,0.02369659456857754,32.0,0.0
5_399,25634744#0,25654998#1,38,41.10972857700902,16.868968974942952,41.10912696164381,16.86880864147947,41.103272808734914,16.86478843229521,41.10326869322043,16.864875721506277,0.9966582472406942,0.026227848611597215,1.6852397183372985,0.01556327466425625,32.0,0.0
5_400,25634744#0,25654998#2,39,41.10972857700902,16.868968974942952,41.10912696164381,16.86880864147947,41.10326869322043,16.864875721506277,41.10326306112503,16.86499547697651,0.7469620639662635,0.019152873435032396,1.6852397183372985,0.011365073601475,32.0,0.0
5_401,25634744#0,25655001#4,23,41.10972857700902,16.868968974942952,41.10912696164381,16.86880864147947,41.10585670751274,16.866054557864008,41.10586778387464,16.865926854105435,0.7080754192191195,0.030785887792135633,1.6852397183372985,0.018267957642554136,32.0,0.0
5_402,25634744#0,25655018#2,24,41.10972857700902,16.868968974942952,41.10912696164381,16.86880864147947,41.10499011159529,16.86585948824938,41.10483199737708,16.8658838295608,0.9019227643522516,0.03758011518134381,1.6852397183372985,0.022299566508212455,32.0,0.0
5_403,25634744#0,25655054#5,32,41.10972857700902,16.868968974942952,41.10912696164381,16.86880864147947,41.10641564822287,16.8613154812676,41.10710483419146,16.861363888027807,0.9503274378790716,0.029697732433720987,1.6852397183372985,0.017622259973211138,32.0,0.0
5_404,25634744#0,295699555,6,41.10972857700902,16.868968974942952,41.10912696164381,16.86880864147947,41.10914574762715,16.86574982248076,41.10906564507099,16.86691322434958,0.7467464229341555,0.12445773715569258,1.6852397183372985,0.07385165196467469,32.0,0.0
5_405,25634744#0,30002092#1,26,41.10972857700902,16.868968974942952,41.10912696164381,16.86880864147947,41.10593974387052,16.86510993658547,41.10637833713364,16.865208689087556,0.8357040006265593,0.032142461562559975,1.6852397183372985,0.0190729314131479,32.0,0.0
5_406,25634744#0,30706585#8,24,41.10972857700902,16.868968974942952,41.10912696164381,16.86880864147947,41.10912734733775,16.863063779201443,41.10970529896603,16.86326757450766,0.9374594540369747,0.03906081058487394,1.6852397183372985,0.023178192490865546,32.0,0.0
5_407,25634744#0,30706669,19,41.10972857700902,16.868968974942952,41.10912696164381,16.86880864147947,41.10724968510657,16.861006427195438,41.10834939661959,16.861073572647502,0.8706353315558888,0.04582291218715204,1.6852397183372985,0.027190738319627383,32.0,0.0
5_408,25634744#0,30706677#5,18,41.10972857700902,16.868968974942952,41.10912696164381,16.86880864147947,41.10789333241272,16.86291336901386,41.107812671096845,16.86345068308876,0.5835304440868851,0.03241835800482695,1.6852397183372985,0.019236644883264296,32.0,0.0
5_409,25634744#0,318933773#10,18,41.10972857700902,16.868968974942952,41.10912696164381,16.86880864147947,41.10708624166555,16.866809147339314,41.10707862373311,16.86759574699857,0.8596648863983388,0.047759160355463265,1.6852397183372985,0.02833968356892496,32.0,0.0
5_410,25634744#0,50319918#2,16,41.10972857700902,16.868968974942952,41.10912696164381,16.86880864147947,41.10793919315882,16.86772898735496,41.10803228893905,16.867731507230168,0.5629716110603951,0.03518572569127469,1.6852397183372985,0.020878765975198974,32.0,0.0
5_411,25634744#0,50319918#3,17,41.10972857700902,16.868968974942952,41.10912696164381,16.86880864147947,41.10803228893905,16.867731507230168,41.10843334313823,16.867723226014,0.887945709974802,0.05223210058675306,1.6852397183372985,0.03099386990373489,32.0,0.0
5_412,25634744#0,50319918#7,6,41.10972857700902,16.868968974942952,41.10912696164381,16.86880864147947,41.10928540564486,16.867758931986803,41.11040987403336,16.867987672581428,0.7820093165860347,0.13033488609767244,1.6852397183372985,0.07733907804301232,32.0,0.0
5_413,25634744#0,565496546#1,28,41.10972857700902,16.868968974942952,41.10912696164381,16.86880864147947,41.1045372400796,16.865201946666215,41.10454196713804,16.86509359531177,0.5746202298755867,0.02052215106698524,1.6852397183372985,0.012177585683319243,32.0,0.0
5_414,25634744#0,96606441#0,23,41.10972857700902,16.868968974942952,41.10912696164381,16.86880864147947,41.11163796896053,16.862535602408425,41.10949006583287,16.860629422625397,0.8677492589433269,0.037728228649709865,1.6852397183372985,0.02238745517280682,32.0,0.0
5_415,25634744#1,-1135075614#0,24,41.10912696164381,16.86880864147947,41.10856970665349,16.868667790168395,41.10561139136639,16.860522875069222,41.10586594045665,16.860740368222224,0.9674558069777666,0.040310658624073605,1.4285066355703606,0.028218740900688044,31.0,33.0
5_416,25634744#1,-1135075615#1,22,41.10912696164381,16.86880864147947,41.10856970665349,16.868667790168395,41.10593006633324,16.86024451803452,41.1061540374003,16.860263940525165,0.563775791596864,0.025626172345312,1.4285066355703606,0.017939134272960674,31.0,33.0
5_417,25634744#1,-1296042207,34,41.10912696164381,16.86880864147947,41.10856970665349,16.868667790168395,41.10529931263373,16.864197719579735,41.105358063618205,16.8639291776279,0.9681631033996505,0.028475385394107367,1.4285066355703606,0.019933673869661786,31.0,33.0
5_418,25634744#1,-25654678,6,41.10912696164381,16.86880864147947,41.10856970665349,16.868667790168395,41.1094627412817,16.866643418109717,41.109145712663846,16.866535828107896,0.9730773617307374,0.16217956028845623,1.4285066355703606,0.11353084140466922,31.0,33.0
5_419,25634744#1,-96606441#0,20,41.10912696164381,16.86880864147947,41.10856970665349,16.868667790168395,41.10949006583287,16.860629422625397,41.11163796896053,16.862535602408425,0.5632938319256162,0.02816469159628081,1.4285066355703606,0.019716178346651837,31.0,33.0
5_420,25634744#1,134805760#4,24,41.10912696164381,16.86880864147947,41.10856970665349,16.868667790168395,41.1084192109197,16.864915502792314,41.10833845965415,16.864946086143913,0.9787811993009877,0.040782549970874486,1.4285066355703606,0.0285490798260039,31.0,33.0
5_421,25634744#1,138440000#1,31,41.10912696164381,16.86880864147947,41.10856970665349,16.868667790168395,41.104628432580256,16.864632211357712,41.10471595316798,16.864645286345713,0.6594169359128053,0.021271514061703394,1.4285066355703606,0.014890735213988211,31.0,33.0
5_422,25634744#1,138440000#2,32,41.10912696164381,16.86880864147947,41.10856970665349,16.868667790168395,41.10471595316798,16.864645286345713,41.10482759798206,16.864586998125468,0.5974643576403005,0.01867076117625939,1.4285066355703606,0.013070125620245863,31.0,33.0
5_423,25634744#1,138440000#5,35,41.10912696164381,16.86880864147947,41.10856970665349,16.868667790168395,41.10530898236287,16.864507375939425,41.10554708846225,16.864538287566845,0.689354527770752,0.019695843650592914,1.4285066355703606,0.013787715898658702,31.0,33.0
5_424,25634744#1,25654663#3,22,41.10912696164381,16.86880864147947,41.10856970665349,16.868667790168395,41.10895239218255,16.86221911717674,41.10894268872457,16.86225659494897,0.8110412877128981,0.036865513077859006,1.4285066355703606,0.02580702963493039,31.0,33.0
5_425,25634744#1,25654667#0,25,41.10912696164381,16.86880864147947,41.10856970665349,16.868667790168395,41.10833845965415,16.864946086143913,41.10833200545767,16.864777271379552,0.9071964079802539,0.03628785631921016,1.4285066355703606,0.025402651563268017,31.0,33.0
5_426,25634744#1,25654667#2,17,41.10912696164381,16.86880864147947,41.10856970665349,16.868667790168395,41.10824709326599,16.86294433106446,41.10819079997804,16.86228690958613,0.9683494832949602,0.05696173431146825,1.4285066355703606,0.039875022553693004,31.0,33.0
5_427,25634744#1,25654670#0,16,41.10912696164381,16.86880864147947,41.10856970665349,16.868667790168395,41.10782776217365,16.86523947757342,41.10785184362109,16.86547667119293,0.6129147708421976,0.03830717317763735,1.4285066355703606,0.026816237477498606,31.0,33.0
5_428,25634744#1,25654670#2,18,41.10912696164381,16.86880864147947,41.10856970665349,16.868667790168395,41.10785321351032,16.86554780645669,41.107858556989214,16.86568502986514,0.6461677372588115,0.03589820762548952,1.4285066355703606,0.02512988510631344,31.0,33.0
5_429,25634744#1,25654899,21,41.10912696164381,16.86880864147947,41.10856970665349,16.868667790168395,41.104613512551694,16.867304504076483,41.10450067190532,16.868197409823733,0.6619941790351114,0.0315235323350053,1.4285066355703606,0.022067473506987866,31.0,33.0
5_430,25634744#1,25654998#1,36,41.10912696164381,16.86880864147947,41.10856970665349,16.868667790168395,41.103272808734914,16.86478843229521,41.10326869322043,16.864875721506277,0.7353563239766476,0.02042656455490688,1.4285066355703606,0.014299243732074897,31.0,33.0
5_431,25634744#1,25654998#2,37,41.10912696164381,16.86880864147947,41.10856970665349,16.868667790168395,41.10326869322043,16.864875721506277,41.10326306112503,16.86499547697651,0.9831291671456099,0.02657105857150297,1.4285066355703606,0.018600584631442003,31.0,33.0
5_432,25634744#1,25655001#4,21,41.10912696164381,16.86880864147947,41.10856970665349,16.868667790168395,41.10585670751274,16.866054557864008,41.10586778387464,16.865926854105435,0.8683584758274228,0.04135040361082965,1.4285066355703606,0.028946595403331575,31.0,33.0
5_433,25634744#1,25655018#2,22,41.10912696164381,16.86880864147947,41.10856970665349,16.868667790168395,41.10499011159529,16.86585948824938,41.10483199737708,16.8658838295608,0.7866542888409096,0.03575701312913226,1.4285066355703606,0.025031044475936605,31.0,33.0
5_434,25634744#1,25655054#5,30,41.10912696164381,16.86880864147947,41.10856970665349,16.868667790168395,41.10641564822287,16.8613154812676,41.10710483419146,16.861363888027807,0.7564292528139802,0.025214308427132674,1.4285066355703606,0.0176508164535514,31.0,33.0
5_435,25634744#1,295699555,5,41.10912696164381,16.86880864147947,41.10856970665349,16.868667790168395,41.10914574762715,16.86574982248076,41.10906564507099,16.86691322434958,0.977573462552451,0.19551469251049022,1.4285066355703606,0.1368664923508927,31.0,33.0
5_436,25634744#1,30002092#1,24,41.10912696164381,16.86880864147947,41.10856970665349,16.868667790168395,41.10593974387052,16.86510993658547,41.10637833713364,16.865208689087556,0.5720921115692694,0.023837171315386225,1.4285066355703606,0.01668677675121106,31.0,33.0
5_437,25634744#1,30706585#8,22,41.10912696164381,16.86880864147947,41.10856970665349,16.868667790168395,41.10912734733775,16.863063779201443,41.10970529896603,16.86326757450766,0.7074547935547763,0.03215703607067165,1.4285066355703606,0.0225109462357046,31.0,33.0
5_438,25634744#1,30706669,17,41.10912696164381,16.86880864147947,41.10856970665349,16.868667790168395,41.10724968510657,16.861006427195438,41.10834939661959,16.861073572647502,0.5149813590133541,0.030293021118432593,1.4285066355703606,0.021206076586642864,31.0,33.0
5_439,25634744#1,30706677#5,16,41.10912696164381,16.86880864147947,41.10856970665349,16.868667790168395,41.10789333241272,16.86291336901386,41.107812671096845,16.86345068308876,0.670631393435948,0.04191446208974675,1.4285066355703606,0.0293414542474362,31.0,33.0
5_440,25634744#1,318933773#10,16,41.10912696164381,16.86880864147947,41.10856970665349,16.868667790168395,41.10708624166555,16.866809147339314,41.10707862373311,16.86759574699857,0.8212654563064234,0.051329091019151465,1.4285066355703606,0.035931993412587314,31.0,33.0
5_441,25634744#1,50319918#2,14,41.10912696164381,16.86880864147947,41.10856970665349,16.868667790168395,41.10793919315882,16.86772898735496,41.10803228893905,16.867731507230168,0.5097075664528445,0.036407683318060324,1.4285066355703606,0.025486534266971613,31.0,33.0
5_442,25634744#1,50319918#3,15,41.10912696164381,16.86880864147947,41.10856970665349,16.868667790168395,41.10803228893905,16.867731507230168,41.10843334313823,16.867723226014,0.5483467684884548,0.03655645123256365,1.4285066355703606,0.025590676530506798,31.0,33.0
5_443,25634744#1,50319918#7,5,41.10912696164381,16.86880864147947,41.10856970665349,16.868667790168395,41.10928540564486,16.867758931986803,41.11040987403336,16.867987672581428,0.8122622074501562,0.16245244149003124,1.4285066355703606,0.11372186690975276,31.0,33.0
5_444,25634744#1,565496546#1,26,41.10912696164381,16.86880864147947,41.10856970665349,16.868667790168395,41.1045372400796,16.865201946666215,41.10454196713804,16.86509359531177,0.5589292428244304,0.0214972785701704,1.4285066355703606,0.01504877753794064,31.0,33.0
5_445,25634744#1,96606441#0,21,41.10912696164381,16.86880864147947,41.10856970665349,16.868667790168395,41.11163796896053,16.862535602408425,41.10949006583287,16.860629422625397,0.550342896344258,0.02620680458782181,1.4285066355703606,0.018345595277797364,31.0,33.0
5_446,25654663#1,-1135075614#0,25,41.10902994174104,16.861985388308245,41.10900494329293,16.86206078143169,41.10561139136639,16.860522875069222,41.10586594045665,16.860740368222224,0.515972399696407,0.02063889598785628,1.5979048798883577,0.012916223141704328,32.0,0.0
5_447,25654663#1,-1135075615#1,23,41.10902994174104,16.861985388308245,41.10900494329293,16.86206078143169,41.10593006633324,16.86024451803452,41.1061540374003,16.860263940525165,0.9403893487121437,0.04088649342226712,1.5979048798883577,0.02558756402641675,32.0,0.0
5_448,25654663#1,-1296042207,23,41.10902994174104,16.861985388308245,41.10900494329293,16.86206078143169,41.10529931263373,16.864197719579735,41.105358063618205,16.8639291776279,0.9889618390459753,0.04299834082808588,1.5979048798883577,0.02690919927041595,32.0,0.0
5_449,25654663#1,-25654678,18,41.10902994174104,16.861985388308245,41.10900494329293,16.86206078143169,41.1094627412817,16.866643418109717,41.109145712663846,16.866535828107896,0.7709152376899389,0.04282862431610771,1.5979048798883577,0.026802987371250822,32.0,0.0
5_450,25654663#1,-96606441#0,21,41.10902994174104,16.861985388308245,41.10900494329293,16.86206078143169,41.10949006583287,16.860629422625397,41.11163796896053,16.862535602408425,0.6904619778590199,0.032879141802810465,1.5979048798883577,0.020576407404868595,32.0,0.0
5_451,25654663#1,134805760#4,10,41.10902994174104,16.861985388308245,41.10900494329293,16.86206078143169,41.1084192109197,16.864915502792314,41.10833845965415,16.864946086143913,0.5222052012690039,0.0522205201269004,1.5979048798883577,0.03268061871777307,32.0,0.0
5_452,25654663#1,138440000#1,20,41.10902994174104,16.861985388308245,41.10900494329293,16.86206078143169,41.104628432580256,16.864632211357712,41.10471595316798,16.864645286345713,0.5021642812158016,0.02510821406079008,1.5979048798883577,0.015713209451206096,32.0,0.0
5_453,25654663#1,138440000#2,21,41.10902994174104,16.861985388308245,41.10900494329293,16.86206078143169,41.10471595316798,16.864645286345713,41.10482759798206,16.864586998125468,0.6219036061516429,0.029614457435792517,1.5979048798883577,0.018533304334023698,32.0,0.0
5_454,25654663#1,138440000#5,24,41.10902994174104,16.861985388308245,41.10900494329293,16.86206078143169,41.10530898236287,16.864507375939425,41.10554708846225,16.864538287566845,0.8243531245866891,0.03434804685777871,1.5979048798883577,0.021495676801599438,32.0,0.0
5_455,25654663#1,25634744#1,23,41.10902994174104,16.861985388308245,41.10900494329293,16.86206078143169,41.10912696164381,16.86880864147947,41.10856970665349,16.868667790168395,0.8137512498372808,0.03538048912336003,1.5979048798883577,0.022141799282715747,32.0,0.0
5_456,25654663#1,25654663#3,3,41.10902994174104,16.861985388308245,41.10900494329293,16.86206078143169,41.10895239218255,16.86221911717674,41.10894268872457,16.86225659494897,0.976821610114007,0.32560720337133564,1.5979048798883577,0.20377133049001336,32.0,0.0
5_457,25654663#1,25654667#0,11,41.10902994174104,16.861985388308245,41.10900494329293,16.86206078143169,41.10833845965415,16.864946086143913,41.10833200545767,16.864777271379552,0.6576831040179902,0.05978937309254457,1.5979048798883577,0.037417354340091837,32.0,0.0
5_458,25654663#1,25654667#2,13,41.10902994174104,16.861985388308245,41.10900494329293,16.86206078143169,41.10824709326599,16.86294433106446,41.10819079997804,16.86228690958613,0.6575139407221251,0.05057799544016347,1.5979048798883577,0.03165269477348191,32.0,0.0
5_459,25654663#1,25654670#0,13,41.10902994174104,16.861985388308245,41.10900494329293,16.86206078143169,41.10782776217365,16.86523947757342,41.10785184362109,16.86547667119293,0.8795369186701678,0.06765668605155137,1.5979048798883577,0.04234087204006687,32.0,0.0
5_460,25654663#1,25654670#2,15,41.10902994174104,16.861985388308245,41.10900494329293,16.86206078143169,41.10785321351032,16.86554780645669,41.107858556989214,16.86568502986514,0.6470911921542899,0.04313941281028599,1.5979048798883577,0.026997484864868835,32.0,0.0
5_461,25654663#1,25654899,27,41.10902994174104,16.861985388308245,41.10900494329293,16.86206078143169,41.104613512551694,16.867304504076483,41.10450067190532,16.868197409823733,0.7497033623027902,0.027766791196399635,1.5979048798883577,0.0173769988100541,32.0,0.0
5_462,25654663#1,25654998#1,25,41.10902994174104,16.861985388308245,41.10900494329293,16.86206078143169,41.103272808734914,16.86478843229521,41.10326869322043,16.864875721506277,0.5492543129064278,0.021970172516257113,1.5979048798883577,0.013749361925593546,32.0,0.0
5_463,25654663#1,25654998#2,26,41.10902994174104,16.861985388308245,41.10900494329293,16.86206078143169,41.10326869322043,16.864875721506277,41.10326306112503,16.86499547697651,0.5743160053494923,0.02208907712882663,1.5979048798883577,0.01382377474832541,32.0,0.0
5_464,25654663#1,25655001#4,27,41.10902994174104,16.861985388308245,41.10900494329293,16.86206078143169,41.10585670751274,16.866054557864008,41.10586778387464,16.865926854105435,0.8879006781497403,0.03288521030184223,1.5979048798883577,0.020580205189773156,32.0,0.0
5_465,25654663#1,25655018#2,28,41.10902994174104,16.861985388308245,41.10900494329293,16.86206078143169,41.10499011159529,16.86585948824938,41.10483199737708,16.8658838295608,0.8683322748421503,0.031011866958648222,1.5979048798883577,0.01940783043407124,32.0,0.0
5_466,25654663#1,25655054#5,22,41.10902994174104,16.861985388308245,41.10900494329293,16.86206078143169,41.10641564822287,16.8613154812676,41.10710483419146,16.861363888027807,0.8257475256794812,0.03753397843997642,1.5979048798883577,0.02348949484564991,32.0,0.0
5_467,25654663#1,295699555,17,41.10902994174104,16.861985388308245,41.10900494329293,16.86206078143169,41.10914574762715,16.86574982248076,41.10906564507099,16.86691322434958,0.9056067616408803,0.05327098597887531,1.5979048798883577,0.033338020710342434,32.0,0.0
5_468,25654663#1,30002092#1,16,41.10902994174104,16.861985388308245,41.10900494329293,16.86206078143169,41.10593974387052,16.86510993658547,41.10637833713364,16.865208689087556,0.7084492430921554,0.04427807769325971,1.5979048798883577,0.02771008352909801,32.0,0.0
5_469,25654663#1,30706585#8,8,41.10902994174104,16.861985388308245,41.10900494329293,16.86206078143169,41.10912734733775,16.863063779201443,41.10970529896603,16.86326757450766,0.9603314653850407,0.12004143317313008,1.5979048798883577,0.07512426721014653,32.0,0.0
5_470,25654663#1,30706669,18,41.10902994174104,16.861985388308245,41.10900494329293,16.86206078143169,41.10724968510657,16.861006427195438,41.10834939661959,16.861073572647502,0.5267232181001857,0.029262401005565875,1.5979048798883577,0.018312980562153598,32.0,0.0
5_471,25654663#1,30706677#5,16,41.10902994174104,16.861985388308245,41.10900494329293,16.86206078143169,41.10789333241272,16.86291336901386,41.107812671096845,16.86345068308876,0.9471807497539602,0.05919879685962251,1.5979048798883577,0.03704776022948163,32.0,0.0
5_472,25654663#1,318933773#10,17,41.10902994174104,16.861985388308245,41.10900494329293,16.86206078143169,41.10708624166555,16.866809147339314,41.10707862373311,16.86759574699857,0.6549651329403136,0.038527360761194916,1.5979048798883577,0.02411117285272121,32.0,0.0
5_473,25654663#1,50319918#2,17,41.10902994174104,16.861985388308245,41.10900494329293,16.86206078143169,41.10793919315882,16.86772898735496,41.10803228893905,16.867731507230168,0.7680571031157747,0.045179829595045566,1.5979048798883577,0.02827441743478635,32.0,0.0
5_474,25654663#1,50319918#3,18,41.10902994174104,16.861985388308245,41.10900494329293,16.86206078143169,41.10803228893905,16.867731507230168,41.10843334313823,16.867723226014,0.7525104805363625,0.041806137807575694,1.5979048798883577,0.026163095396827752,32.0,0.0
5_475,25654663#1,50319918#7,22,41.10902994174104,16.861985388308245,41.10900494329293,16.86206078143169,41.10928540564486,16.867758931986803,41.11040987403336,16.867987672581428,0.9647752550357105,0.043853420683441384,1.5979048798883577,0.027444324900306537,32.0,0.0
5_476,25654663#1,565496546#1,33,41.10902994174104,16.861985388308245,41.10900494329293,16.86206078143169,41.1045372400796,16.865201946666215,41.10454196713804,16.86509359531177,0.6053447669655155,0.018343780817136834,1.5979048798883577,0.011479895360491344,32.0,0.0
5_477,25654663#1,96606441#0,22,41.10902994174104,16.861985388308245,41.10900494329293,16.86206078143169,41.11163796896053,16.862535602408425,41.10949006583287,16.860629422625397,0.598656613366445,0.02721166424392932,1.5979048798883577,0.017029589549679917,32.0,0.0
5_478,25654663#3,-1135075614#0,23,41.10895239218255,16.86221911717674,41.10894268872457,16.86225659494897,41.10561139136639,16.860522875069222,41.10586594045665,16.860740368222224,0.5645450171354676,0.024545435527629025,1.497477196483763,0.016391191522157626,31.0,33.0
5_479,25654663#3,-1135075615#1,21,41.10895239218255,16.86221911717674,41.10894268872457,16.86225659494897,41.10593006633324,16.86024451803452,41.1061540374003,16.860263940525165,0.624121530143281,0.02972007286396576,1.497477196483763,0.019846761562547784,31.0,33.0
5_480,25654663#3,-1296042207,21,41.10895239218255,16.86221911717674,41.10894268872457,16.86225659494897,41.10529931263373,16.864197719579735,41.105358063618205,16.8639291776279,0.7232350189744359,0.03443976280830647,1.497477196483763,0.022998522374280374,31.0,33.0
5_481,25654663#3,-25654678,16,41.10895239218255,16.86221911717674,41.10894268872457,16.86225659494897,41.1094627412817,16.866643418109717,41.109145712663846,16.866535828107896,0.8501397528296737,0.053133734551854606,1.497477196483763,0.035482166056764214,31.0,33.0
5_482,25654663#3,-96606441#0,19,41.10895239218255,16.86221911717674,41.10894268872457,16.86225659494897,41.10949006583287,16.860629422625397,41.11163796896053,16.862535602408425,0.5550330324742356,0.029212264867065033,1.497477196483763,0.019507652561026347,31.0,33.0
5_483,25654663#3,134805760#4,8,41.10895239218255,16.86221911717674,41.10894268872457,16.86225659494897,41.1084192109197,16.864915502792314,41.10833845965415,16.864946086143913,0.5800424629094136,0.0725053078636767,1.497477196483763,0.04841830515611653,31.0,33.0
5_484,25654663#3,138440000#1,18,41.10895239218255,16.86221911717674,41.10894268872457,16.86225659494897,41.104628432580256,16.864632211357712,41.10471595316798,16.864645286345713,0.6673670222939858,0.03707594568299921,1.497477196483763,0.024758938413257648,31.0,33.0
5_485,25654663#3,138440000#2,19,41.10895239218255,16.86221911717674,41.10894268872457,16.86225659494897,41.10471595316798,16.864645286345713,41.10482759798206,16.864586998125468,0.9995695282323863,0.05260892253854665,1.497477196483763,0.03513170194649911,31.0,33.0
5_486,25654663#3,138440000#5,22,41.10895239218255,16.86221911717674,41.10894268872457,16.86225659494897,41.10530898236287,16.864507375939425,41.10554708846225,16.864538287566845,0.9163543080233343,0.0416524685465152,1.497477196483763,0.02781509370848495,31.0,33.0
5_487,25654663#3,25634744#1,21,41.10895239218255,16.86221911717674,41.10894268872457,16.86225659494897,41.10912696164381,16.86880864147947,41.10856970665349,16.868667790168395,0.8778827678682498,0.041803941327059516,1.497477196483763,0.02791624568655847,31.0,33.0
5_488,25654663#3,25654667#0,9,41.10895239218255,16.86221911717674,41.10894268872457,16.86225659494897,41.10833845965415,16.864946086143913,41.10833200545767,16.864777271379552,0.8727953980310383,0.09697726644789315,1.497477196483763,0.06476042952480757,31.0,33.0
5_489,25654663#3,25654667#2,11,41.10895239218255,16.86221911717674,41.10894268872457,16.86225659494897,41.10824709326599,16.86294433106446,41.10819079997804,16.86228690958613,0.9819488144250406,0.08926807403864005,1.497477196483763,0.059612309455029475,31.0,33.0
5_490,25654663#3,25654670#0,11,41.10895239218255,16.86221911717674,41.10894268872457,16.86225659494897,41.10782776217365,16.86523947757342,41.10785184362109,16.86547667119293,0.8909926451878105,0.08099933138071005,1.497477196483763,0.054090527435679936,31.0,33.0
5_491,25654663#3,25654670#2,13,41.10895239218255,16.86221911717674,41.10894268872457,16.86225659494897,41.10785321351032,16.86554780645669,41.107858556989214,16.86568502986514,0.6526972927923568,0.050207484060950526,1.497477196483763,0.03352804582189504,31.0,33.0
5_492,25654663#3,25654899,25,41.10895239218255,16.86221911717674,41.10894268872457,16.86225659494897,41.104613512551694,16.867304504076483,41.10450067190532,16.868197409823733,0.9198968716690361,0.03679587486676145,1.497477196483763,0.02457190997843714,31.0,33.0
5_493,25654663#3,25654998#1,23,41.10895239218255,16.86221911717674,41.10894268872457,16.86225659494897,41.103272808734914,16.86478843229521,41.10326869322043,16.864875721506277,0.900104681440057,0.039134986149567695,1.497477196483763,0.026133944637995715,31.0,33.0
5_494,25654663#3,25654998#2,24,41.10895239218255,16.86221911717674,41.10894268872457,16.86225659494897,41.10326869322043,16.864875721506277,41.10326306112503,16.86499547697651,0.977334674077708,0.04072227808657117,1.497477196483763,0.027193922005751704,31.0,33.0
5_495,25654663#3,25655001#4,25,41.10895239218255,16.86221911717674,41.10894268872457,16.86225659494897,41.10585670751274,16.866054557864008,41.10586778387464,16.865926854105435,0.8248760096762995,0.03299504038705198,1.497477196483763,0.02203375147516628,31.0,33.0
5_496,25654663#3,25655018#2,26,41.10895239218255,16.86221911717674,41.10894268872457,16.86225659494897,41.10499011159529,16.86585948824938,41.10483199737708,16.8658838295608,0.7045806805948129,0.027099256945954345,1.497477196483763,0.018096607420524536,31.0,33.0
5_497,25654663#3,25655054#5,20,41.10895239218255,16.86221911717674,41.10894268872457,16.86225659494897,41.10641564822287,16.8613154812676,41.10710483419146,16.861363888027807,0.9164339391730989,0.04582169695865495,1.497477196483763,0.03059926192281873,31.0,33.0
5_498,25654663#3,295699555,15,41.10895239218255,16.86221911717674,41.10894268872457,16.86225659494897,41.10914574762715,16.86574982248076,41.10906564507099,16.86691322434958,0.6767182229375756,0.04511454819583837,1.497477196483763,0.030127035190767624,31.0,33.0
5_499,25654663#3,30002092#1,14,41.10895239218255,16.86221911717674,41.10894268872457,16.86225659494897,41.10593974387052,16.86510993658547,41.10637833713364,16.865208689087556,0.9728421349852151,0.06948872392751536,1.497477196483763,0.04640386116775757,31.0,33.0
5_500,25654663#3,30706585#8,6,41.10895239218255,16.86221911717674,41.10894268872457,16.86225659494897,41.10912734733775,16.863063779201443,41.10970529896603,16.86326757450766,0.5609860401366937,0.09349767335611561,1.497477196483763,0.06243679274426227,31.0,33.0
5_501,25654663#3,30706669,16,41.10895239218255,16.86221911717674,41.10894268872457,16.86225659494897,41.10724968510657,16.861006427195438,41.10834939661959,16.861073572647502,0.6274924677261651,0.03921827923288532,1.497477196483763,0.02618956690958236,31.0,33.0
5_502,25654663#3,30706677#5,14,41.10895239218255,16.86221911717674,41.10894268872457,16.86225659494897,41.10789333241272,16.86291336901386,41.107812671096845,16.86345068308876,0.5160833115915247,0.0368630936851089,1.497477196483763,0.024616798019807845,31.0,33.0
5_503,25654663#3,318933773#10,15,41.10895239218255,16.86221911717674,41.10894268872457,16.86225659494897,41.10708624166555,16.866809147339314,41.10707862373311,16.86759574699857,0.6518610712905377,0.043457404752702516,1.497477196483763,0.029020411699587256,31.0,33.0
5_504,25654663#3,50319918#2,15,41.10895239218255,16.86221911717674,41.10894268872457,16.86225659494897,41.10793919315882,16.86772898735496,41.10803228893905,16.867731507230168,0.7365401231030605,0.049102674873537366,1.497477196483763,0.032790265513782585,31.0,33.0
5_505,25654663#3,50319918#3,16,41.10895239218255,16.86221911717674,41.10894268872457,16.86225659494897,41.10803228893905,16.867731507230168,41.10843334313823,16.867723226014,0.7397627697296867,0.04623517310810542,1.497477196483763,0.030875377078643042,31.0,33.0
5_506,25654663#3,50319918#7,20,41.10895239218255,16.86221911717674,41.10894268872457,16.86225659494897,41.10928540564486,16.867758931986803,41.11040987403336,16.867987672581428,0.7952730450494176,0.03976365225247089,1.497477196483763,0.0265537614501511,31.0,33.0
5_507,25654663#3,565496546#1,31,41.10895239218255,16.86221911717674,41.10894268872457,16.86225659494897,41.1045372400796,16.865201946666215,41.10454196713804,16.86509359531177,0.9712105031285777,0.0313293710686638,1.497477196483763,0.020921434491442355,31.0,33.0
5_508,25654663#3,96606441#0,20,41.10895239218255,16.86221911717674,41.10894268872457,16.86225659494897,41.11163796896053,16.862535602408425,41.10949006583287,16.860629422625397,0.9337491226089196,0.04668745613044598,1.497477196483763,0.03117740706841689,31.0,33.0
5_509,25654670#2,-1135075614#0,26,41.10785321351032,16.86554780645669,41.107858556989214,16.86568502986514,41.10561139136639,16.860522875069222,41.10586594045665,16.860740368222224,0.678055338149774,0.026079051467299004,1.600804709584912,0.016291213607224637,31.0,33.0
5_510,25654670#2,-1135075615#1,24,41.10785321351032,16.86554780645669,41.107858556989214,16.86568502986514,41.10593006633324,16.86024451803452,41.1061540374003,16.860263940525165,0.7053632397306147,0.02939013498877561,1.600804709584912,0.01835960052641053,31.0,33.0
5_511,25654670#2,-1296042207,36,41.10785321351032,16.86554780645669,41.107858556989214,16.86568502986514,41.10529931263373,16.864197719579735,41.105358063618205,16.8639291776279,0.8837825553256669,0.024549515425712966,1.600804709584912,0.01533573413341509,31.0,33.0
5_512,25654670#2,-25654678,9,41.10785321351032,16.86554780645669,41.107858556989214,16.86568502986514,41.1094627412817,16.866643418109717,41.109145712663846,16.866535828107896,0.8173889674432429,0.09082099638258254,1.600804709584912,0.05673458844716441,31.0,33.0
5_513,25654670#2,-96606441#0,22,41.10785321351032,16.86554780645669,41.107858556989214,16.86568502986514,41.10949006583287,16.860629422625397,41.11163796896053,16.862535602408425,0.6920968295795632,0.031458946799071054,1.600804709584912,0.019651957925104022,31.0,33.0
5_514,25654670#2,134805760#4,26,41.10785321351032,16.86554780645669,41.107858556989214,16.86568502986514,41.1084192109197,16.864915502792314,41.10833845965415,16.864946086143913,0.9924156627286448,0.038169833181870956,1.600804709584912,0.023844153476889993,31.0,33.0
5_515,25654670#2,138440000#1,33,41.10785321351032,16.86554780645669,41.107858556989214,16.86568502986514,41.104628432580256,16.864632211357712,41.10471595316798,16.864645286345713,0.7459321968210795,0.022604005964275135,1.600804709584912,0.014120401963420225,31.0,33.0
5_516,25654670#2,138440000#2,34,41.10785321351032,16.86554780645669,41.107858556989214,16.86568502986514,41.10471595316798,16.864645286345713,41.10482759798206,16.864586998125468,0.9708222351159966,0.028553595150470488,1.600804709584912,0.01783702595294989,31.0,33.0
5_517,25654670#2,138440000#5,37,41.10785321351032,16.86554780645669,41.107858556989214,16.86568502986514,41.10530898236287,16.864507375939425,41.10554708846225,16.864538287566845,0.9690562502571386,0.026190709466409154,1.600804709584912,0.0163609647757723,31.0,33.0
5_518,25654670#2,25634744#1,9,41.10785321351032,16.86554780645669,41.107858556989214,16.86568502986514,41.10912696164381,16.86880864147947,41.10856970665349,16.868667790168395,0.9021263698396307,0.10023626331551451,1.600804709584912,0.06261617217599624,31.0,33.0
5_519,25654670#2,25654663#3,24,41.10785321351032,16.86554780645669,41.107858556989214,16.86568502986514,41.10895239218255,16.86221911717674,41.10894268872457,16.86225659494897,0.559319438641077,0.023304976610044874,1.600804709584912,0.014558288384901018,31.0,33.0
5_520,25654670#2,25654667#0,27,41.10785321351032,16.86554780645669,41.107858556989214,16.86568502986514,41.10833845965415,16.864946086143913,41.10833200545767,16.864777271379552,0.9601966206706316,0.03556283780261598,1.600804709584912,0.022215600435007095,31.0,33.0
5_521,25654670#2,25654667#2,19,41.10785321351032,16.86554780645669,41.107858556989214,16.86568502986514,41.10824709326599,16.86294433106446,41.10819079997804,16.86228690958613,0.7636899458063389,0.04019420767401783,1.600804709584912,0.025108751513131276,31.0,33.0
5_522,25654670#2,25654670#0,18,41.10785321351032,16.86554780645669,41.107858556989214,16.86568502986514,41.10782776217365,16.86523947757342,41.10785184362109,16.86547667119293,0.5264884709009301,0.029249359494496113,1.600804709584912,0.01827166007156517,31.0,33.0
5_523,25654670#2,25654899,23,41.10785321351032,16.86554780645669,41.107858556989214,16.86568502986514,41.104613512551694,16.867304504076483,41.10450067190532,16.868197409823733,0.658976961541025,0.02865117224091413,1.600804709584912,0.01789798097754433,31.0,33.0
5_524,25654670#2,25654998#1,38,41.10785321351032,16.86554780645669,41.107858556989214,16.86568502986514,41.103272808734914,16.86478843229521,41.10326869322043,16.864875721506277,0.7775809802083348,0.020462657373903546,1.600804709584912,0.012782731866905555,31.0,33.0
5_525,25654670#2,25654998#2,39,41.10785321351032,16.86554780645669,41.107858556989214,16.86568502986514,41.10326869322043,16.864875721506277,41.10326306112503,16.86499547697651,0.960877157461751,0.024637875832352586,1.600804709584912,0.015390931626345087,31.0,33.0
5_526,25654670#2,25655001#4,23,41.10785321351032,16.86554780645669,41.107858556989214,16.86568502986514,41.10585670751274,16.866054557864008,41.10586778387464,16.865926854105435,0.9060018903724163,0.039391386537931145,1.600804709584912,0.024607240534759118,31.0,33.0
5_527,25654670#2,25655018#2,24,41.10785321351032,16.86554780645669,41.107858556989214,16.86568502986514,41.10499011159529,16.86585948824938,41.10483199737708,16.8658838295608,0.5946850530077612,0.024778543875323383,1.600804709584912,0.015478804957881745,31.0,33.0
5_528,25654670#2,25655054#5,32,41.10785321351032,16.86554780645669,41.107858556989214,16.86568502986514,41.10641564822287,16.8613154812676,41.10710483419146,16.861363888027807,0.583176236162019,0.018224257380063093,1.600804709584912,0.01138443513499447,31.0,33.0
5_529,25654670#2,295699555,8,41.10785321351032,16.86554780645669,41.107858556989214,16.86568502986514,41.10914574762715,16.86574982248076,41.10906564507099,16.86691322434958,0.9147963086024022,0.11434953857530028,1.600804709584912,0.07143253508102876,31.0,33.0
5_530,25654670#2,30002092#1,26,41.10785321351032,16.86554780645669,41.107858556989214,16.86568502986514,41.10593974387052,16.86510993658547,41.10637833713364,16.865208689087556,0.5346358885508257,0.020562918790416374,1.600804709584912,0.012845363751927198,31.0,33.0
5_531,25654670#2,30706585#8,24,41.10785321351032,16.86554780645669,41.107858556989214,16.86568502986514,41.10912734733775,16.863063779201443,41.10970529896603,16.86326757450766,0.6404625225367822,0.026685938439032587,1.600804709584912,0.016670327291798286,31.0,33.0
5_532,25654670#2,30706669,19,41.10785321351032,16.86554780645669,41.107858556989214,16.86568502986514,41.10724968510657,16.861006427195438,41.10834939661959,16.861073572647502,0.5257213409396826,0.027669544259983293,1.600804709584912,0.01728477189897698,31.0,33.0
5_533,25654670#2,30706677#5,18,41.10785321351032,16.86554780645669,41.107858556989214,16.86568502986514,41.10789333241272,16.86291336901386,41.107812671096845,16.86345068308876,0.7263457922568383,0.04035254401426879,1.600804709584912,0.02520766197941296,31.0,33.0
5_534,25654670#2,318933773#10,18,41.10785321351032,16.86554780645669,41.107858556989214,16.86568502986514,41.10708624166555,16.866809147339314,41.10707862373311,16.86759574699857,0.8235670673377762,0.045753725963209785,1.600804709584912,0.028581703745158088,31.0,33.0
5_535,25654670#2,50319918#2,3,41.10785321351032,16.86554780645669,41.107858556989214,16.86568502986514,41.10793919315882,16.86772898735496,41.10803228893905,16.867731507230168,0.6675014306321636,0.22250047687738786,1.600804709584912,0.13899289247786017,31.0,33.0
5_536,25654670#2,50319918#3,4,41.10785321351032,16.86554780645669,41.107858556989214,16.86568502986514,41.10803228893905,16.867731507230168,41.10843334313823,16.867723226014,0.9195919364071146,0.22989798410177864,1.600804709584912,0.14361401033196053,31.0,33.0
5_537,25654670#2,50319918#7,8,41.10785321351032,16.86554780645669,41.107858556989214,16.86568502986514,41.10928540564486,16.867758931986803,41.11040987403336,16.867987672581428,0.9460357721801318,0.11825447152251647,1.600804709584912,0.07387189131469997,31.0,33.0
5_538,25654670#2,565496546#1,28,41.10785321351032,16.86554780645669,41.107858556989214,16.86568502986514,41.1045372400796,16.865201946666215,41.10454196713804,16.86509359531177,0.6073703844931367,0.021691799446183452,1.600804709584912,0.013550559488176498,31.0,33.0
5_539,25654670#2,96606441#0,23,41.10785321351032,16.86554780645669,41.107858556989214,16.86568502986514,41.11163796896053,16.862535602408425,41.10949006583287,16.860629422625397,0.7032351345173782,0.030575440631190356,1.600804709584912,0.019100044151618315,31.0,33.0
5_540,25654678,-1135075614#0,28,41.109145712663846,16.866535828107896,41.1094627412817,16.866643418109717,41.10561139136639,16.860522875069222,41.10586594045665,16.860740368222224,0.8842058148118309,0.03157877910042253,1.60892042281721,0.019627309500570747,32.0,0.0
5_541,25654678,-1135075615#1,26,41.109145712663846,16.866535828107896,41.1094627412817,16.866643418109717,41.10593006633324,16.86024451803452,41.1061540374003,16.860263940525165,0.6765703436292427,0.026021936293432413,1.60892042281721,0.016173538432602004,32.0,0.0
5_542,25654678,-1296042207,38,41.109145712663846,16.866535828107896,41.1094627412817,16.866643418109717,41.10529931263373,16.864197719579735,41.105358063618205,16.8639291776279,0.5681918951481423,0.014952418293372164,1.60892042281721,0.009293448004837038,32.0,0.0
5_543,25654678,-25654678,2,41.109145712663846,16.866535828107896,41.1094627412817,16.866643418109717,41.1094627412817,16.866643418109717,41.109145712663846,16.866535828107896,0.718983423436157,0.3594917117180785,1.60892042281721,0.22343660172366428,32.0,0.0
5_544,25654678,-96606441#0,24,41.109145712663846,16.866535828107896,41.1094627412817,16.866643418109717,41.10949006583287,16.860629422625397,41.11163796896053,16.862535602408425,0.9809911566820749,0.04087463152841979,1.60892042281721,0.025405005088348965,32.0,0.0
5_545,25654678,134805760#4,28,41.109145712663846,16.866535828107896,41.1094627412817,16.866643418109717,41.1084192109197,16.864915502792314,41.10833845965415,16.864946086143913,0.5965821392102153,0.021306504971793403,1.60892042281721,0.013242733866530104,32.0,0.0
5_546,25654678,138440000#1,35,41.109145712663846,16.866535828107896,41.1094627412817,16.866643418109717,41.104628432580256,16.864632211357712,41.10471595316798,16.864645286345713,0.5500321157364685,0.015715203306756242,1.60892042281721,0.00976754541982817,32.0,0.0
5_547,25654678,138440000#2,36,41.109145712663846,16.866535828107896,41.1094627412817,16.866643418109717,41.10471595316798,16.864645286345713,41.10482759798206,16.864586998125468,0.8930648815778254,0.024807357821606257,1.60892042281721,0.015418635670102765,32.0,0.0
5_548,25654678,138440000#5,39,41.109145712663846,16.866535828107896,41.1094627412817,16.866643418109717,41.10530898236287,16.864507375939425,41.10554708846225,16.864538287566845,0.5991900022164752,0.015363846210678852,1.60892042281721,0.0095491647646419,32.0,0.0
5_549,25654678,25634744#1,4,41.109145712663846,16.866535828107896,41.1094627412817,16.866643418109717,41.10912696164381,16.86880864147947,41.10856970665349,16.868667790168395,0.5113715422790246,0.12784288556975615,1.60892042281721,0.0794587996750666,32.0,0.0
5_550,25654678,25654663#3,26,41.109145712663846,16.866535828107896,41.1094627412817,16.866643418109717,41.10895239218255,16.86221911717674,41.10894268872457,16.86225659494897,0.5413338647642285,0.020820533260162637,1.60892042281721,0.01294068554596753,32.0,0.0
5_551,25654678,25654667#0,29,41.109145712663846,16.866535828107896,41.1094627412817,16.866643418109717,41.10833845965415,16.864946086143913,41.10833200545767,16.864777271379552,0.5583791307549841,0.019254452784654624,1.60892042281721,0.011967312063166053,32.0,0.0
5_552,25654678,25654667#2,21,41.109145712663846,16.866535828107896,41.1094627412817,16.866643418109717,41.10824709326599,16.86294433106446,41.10819079997804,16.86228690958613,0.5541707641384881,0.02638908400659467,1.60892042281721,0.016401733505494037,32.0,0.0
5_553,25654678,25654670#0,20,41.109145712663846,16.866535828107896,41.1094627412817,16.866643418109717,41.10782776217365,16.86523947757342,41.10785184362109,16.86547667119293,0.5631783617685009,0.028158918088425047,1.60892042281721,0.01750174694104445,32.0,0.0
5_554,25654678,25654670#2,22,41.109145712663846,16.866535828107896,41.1094627412817,16.866643418109717,41.10785321351032,16.86554780645669,41.107858556989214,16.86568502986514,0.5366208326368577,0.024391856028948077,1.60892042281721,0.01516038685508018,32.0,0.0
5_555,25654678,25654899,25,41.109145712663846,16.866535828107896,41.1094627412817,16.866643418109717,41.104613512551694,16.867304504076483,41.10450067190532,16.868197409823733,0.936029507017349,0.03744118028069396,1.60892042281721,0.023270995724657826,32.0,0.0
5_556,25654678,25654998#1,40,41.109145712663846,16.866535828107896,41.1094627412817,16.866643418109717,41.103272808734914,16.86478843229521,41.10326869322043,16.864875721506277,0.8727449070583309,0.021818622676458274,1.60892042281721,0.013561032831104224,32.0,0.0
5_557,25654678,25654998#2,41,41.109145712663846,16.866535828107896,41.1094627412817,16.866643418109717,41.10326869322043,16.864875721506277,41.10326306112503,16.86499547697651,0.7285030416192675,0.01776836686876262,1.60892042281721,0.011043657981325339,32.0,0.0
5_558,25654678,25655001#4,25,41.109145712663846,16.866535828107896,41.1094627412817,16.866643418109717,41.10585670751274,16.866054557864008,41.10586778387464,16.865926854105435,0.9674567774388971,0.038698271097555886,1.60892042281721,0.02405232138814886,32.0,0.0
5_559,25654678,25655018#2,26,41.109145712663846,16.866535828107896,41.1094627412817,16.866643418109717,41.10499011159529,16.86585948824938,41.10483199737708,16.8658838295608,0.6991122138246637,0.026888931300948604,1.60892042281721,0.016712405983302918,32.0,0.0
5_560,25654678,25655054#5,34,41.109145712663846,16.866535828107896,41.1094627412817,16.866643418109717,41.10641564822287,16.8613154812676,41.10710483419146,16.861363888027807,0.6001953134342641,0.017652803336301887,1.60892042281721,0.010971831226675546,32.0,0.0
5_561,25654678,295699555,8,41.109145712663846,16.866535828107896,41.1094627412817,16.866643418109717,41.10914574762715,16.86574982248076,41.10906564507099,16.86691322434958,0.9609296835531582,0.12011621044414478,1.60892042281721,0.0746564023557001,32.0,0.0
5_562,25654678,30002092#1,28,41.109145712663846,16.866535828107896,41.1094627412817,16.866643418109717,41.10593974387052,16.86510993658547,41.10637833713364,16.865208689087556,0.8762685485766453,0.03129530530630876,1.60892042281721,0.019451120678492518,32.0,0.0
5_563,25654678,30706585#8,26,41.109145712663846,16.866535828107896,41.1094627412817,16.866643418109717,41.10912734733775,16.863063779201443,41.10970529896603,16.86326757450766,0.8324749147010593,0.032018265950040745,1.60892042281721,0.019900465862678872,32.0,0.0
5_564,25654678,30706669,21,41.109145712663846,16.866535828107896,41.1094627412817,16.866643418109717,41.10724968510657,16.861006427195438,41.10834939661959,16.861073572647502,0.8535763330204573,0.040646492048593205,1.60892042281721,0.025263208467092138,32.0,0.0
5_565,25654678,30706677#5,20,41.109145712663846,16.866535828107896,41.1094627412817,16.866643418109717,41.10789333241272,16.86291336901386,41.107812671096845,16.86345068308876,0.6647819380495329,0.033239096902476645,1.60892042281721,0.020659254759334326,32.0,0.0
5_566,25654678,318933773#10,20,41.109145712663846,16.866535828107896,41.1094627412817,16.866643418109717,41.10708624166555,16.866809147339314,41.10707862373311,16.86759574699857,0.5292910313930503,0.02646455156965252,1.60892042281721,0.016448639220647873,32.0,0.0
5_567,25654678,50319918#2,18,41.109145712663846,16.866535828107896,41.1094627412817,16.866643418109717,41.10793919315882,16.86772898735496,41.10803228893905,16.867731507230168,0.9399588055320958,0.052219933640671984,1.60892042281721,0.03245650493343555,32.0,0.0
5_568,25654678,50319918#3,19,41.109145712663846,16.866535828107896,41.1094627412817,16.866643418109717,41.10803228893905,16.867731507230168,41.10843334313823,16.867723226014,0.6548373167024838,0.03446512193170967,1.60892042281721,0.02142127195536585,32.0,0.0
5_569,25654678,50319918#7,3,41.109145712663846,16.866535828107896,41.1094627412817,16.866643418109717,41.10928540564486,16.867758931986803,41.11040987403336,16.867987672581428,0.7153342644318874,0.23844475481062913,1.60892042281721,0.14820170807025607,32.0,0.0
5_570,25654678,565496546#1,30,41.109145712663846,16.866535828107896,41.1094627412817,16.866643418109717,41.1045372400796,16.865201946666215,41.10454196713804,16.86509359531177,0.5706624256048114,0.019022080853493713,1.60892042281721,0.011822884826203004,32.0,0.0
5_571,25654678,96606441#0,25,41.109145712663846,16.866535828107896,41.1094627412817,16.866643418109717,41.11163796896053,16.862535602408425,41.10949006583287,16.860629422625397,0.5937578703916573,0.023750314815666293,1.60892042281721,0.014761646678634133,32.0,0.0
5_572,25654915#0,-1135075614#0,30,41.10478739403432,16.868751657815455,41.10402789318045,16.868612584926364,41.10561139136639,16.860522875069222,41.10586594045665,16.860740368222224,0.9335270839224953,0.031117569464083176,1.6618391324051824,0.018724778383962273,32.0,0.0
5_573,25654915#0,-1135075615#1,28,41.10478739403432,16.868751657815455,41.10402789318045,16.868612584926364,41.10593006633324,16.86024451803452,41.1061540374003,16.860263940525165,0.5625711234874273,0.02009182583883669,1.6618391324051824,0.01209011476926636,32.0,0.0
5_574,25654915#0,-1296042207,14,41.10478739403432,16.868751657815455,41.10402789318045,16.868612584926364,41.10529931263373,16.864197719579735,41.105358063618205,16.8639291776279,0.9982359674957783,0.0713025691068413,1.6618391324051824,0.04290581905099621,32.0,0.0
5_575,25654915#0,-25654678,22,41.10478739403432,16.868751657815455,41.10402789318045,16.868612584926364,41.1094627412817,16.866643418109717,41.109145712663846,16.866535828107896,0.5136953923820713,0.023349790562821424,1.6618391324051824,0.014050572108641607,32.0,0.0
5_576,25654915#0,-96606441#0,26,41.10478739403432,16.868751657815455,41.10402789318045,16.868612584926364,41.10949006583287,16.860629422625397,41.11163796896053,16.862535602408425,0.7982895504358514,0.030703444247532748,1.6618391324051824,0.01847558144999005,32.0,0.0
5_577,25654915#0,134805760#4,30,41.10478739403432,16.868751657815455,41.10402789318045,16.868612584926364,41.1084192109197,16.864915502792314,41.10833845965415,16.864946086143913,0.9990514474482284,0.033301714914940946,1.6618391324051824,0.02003907253450177,32.0,0.0
5_578,25654915#0,138440000#1,11,41.10478739403432,16.868751657815455,41.10402789318045,16.868612584926364,41.104628432580256,16.864632211357712,41.10471595316798,16.864645286345713,0.7813140486346186,0.07102854987587442,1.6618391324051824,0.0427409299076227,32.0,0.0
5_579,25654915#0,138440000#2,12,41.10478739403432,16.868751657815455,41.10402789318045,16.868612584926364,41.10471595316798,16.864645286345713,41.10482759798206,16.864586998125468,0.9752115305013278,0.08126762754177731,1.6618391324051824,0.0489022228187385,32.0,0.0
5_580,25654915#0,138440000#5,15,41.10478739403432,16.868751657815455,41.10402789318045,16.868612584926364,41.10530898236287,16.864507375939425,41.10554708846225,16.864538287566845,0.9796814453664031,0.06531209635776021,1.6618391324051824,0.039301094242036476,32.0,0.0
5_581,25654915#0,25634744#1,22,41.10478739403432,16.868751657815455,41.10402789318045,16.868612584926364,41.10912696164381,16.86880864147947,41.10856970665349,16.868667790168395,0.685477662503916,0.031158075568359818,1.6618391324051824,0.018749152647082445,32.0,0.0
5_582,25654915#0,25654663#3,28,41.10478739403432,16.868751657815455,41.10402789318045,16.868612584926364,41.10895239218255,16.86221911717674,41.10894268872457,16.86225659494897,0.683508252358497,0.024411009012803464,1.6618391324051824,0.014689152840848905,32.0,0.0
5_583,25654915#0,25654667#0,31,41.10478739403432,16.868751657815455,41.10402789318045,16.868612584926364,41.10833845965415,16.864946086143913,41.10833200545767,16.864777271379552,0.7422024569043388,0.02394201473884964,1.6618391324051824,0.01440693883781538,32.0,0.0
5_584,25654915#0,25654667#2,23,41.10478739403432,16.868751657815455,41.10402789318045,16.868612584926364,41.10824709326599,16.86294433106446,41.10819079997804,16.86228690958613,0.6341454275033678,0.02757154032623338,1.6618391324051824,0.016590980311270587,32.0,0.0
5_585,25654915#0,25654670#0,15,41.10478739403432,16.868751657815455,41.10402789318045,16.868612584926364,41.10782776217365,16.86523947757342,41.10785184362109,16.86547667119293,0.6610443459339316,0.04406962306226211,1.6618391324051824,0.026518585465297156,32.0,0.0
5_586,25654915#0,25654670#2,17,41.10478739403432,16.868751657815455,41.10402789318045,16.868612584926364,41.10785321351032,16.86554780645669,41.107858556989214,16.86568502986514,0.5258556681918882,0.030932686364228718,1.6618391324051824,0.018613526280043598,32.0,0.0
5_587,25654915#0,25654899,5,41.10478739403432,16.868751657815455,41.10402789318045,16.868612584926364,41.104613512551694,16.867304504076483,41.10450067190532,16.868197409823733,0.979999059455009,0.1959998118910018,1.6618391324051824,0.11794150713452689,32.0,0.0
5_588,25654915#0,25654998#1,16,41.10478739403432,16.868751657815455,41.10402789318045,16.868612584926364,41.103272808734914,16.86478843229521,41.10326869322043,16.864875721506277,0.6614534699677124,0.04134084187298202,1.6618391324051824,0.024876560592931373,32.0,0.0
5_589,25654915#0,25654998#2,17,41.10478739403432,16.868751657815455,41.10402789318045,16.868612584926364,41.10326869322043,16.864875721506277,41.10326306112503,16.86499547697651,0.6372245823699288,0.03748379896293699,1.6618391324051824,0.02255561217209191,32.0,0.0
5_590,25654915#0,25655001#4,8,41.10478739403432,16.868751657815455,41.10402789318045,16.868612584926364,41.10585670751274,16.866054557864008,41.10586778387464,16.865926854105435,0.8203190986800902,0.10253988733501128,1.6618391324051824,0.061702655410818937,32.0,0.0
5_591,25654915#0,25655018#2,6,41.10478739403432,16.868751657815455,41.10402789318045,16.868612584926364,41.10499011159529,16.86585948824938,41.10483199737708,16.8658838295608,0.6949322684960142,0.11582204474933569,1.6618391324051824,0.0696951001398711,32.0,0.0
5_592,25654915#0,25655054#5,17,41.10478739403432,16.868751657815455,41.10402789318045,16.868612584926364,41.10641564822287,16.8613154812676,41.10710483419146,16.861363888027807,0.8331623538941609,0.04900955022906829,1.6618391324051824,0.029491151865064513,32.0,0.0
5_593,25654915#0,295699555,21,41.10478739403432,16.868751657815455,41.10402789318045,16.868612584926364,41.10914574762715,16.86574982248076,41.10906564507099,16.86691322434958,0.7783569285435317,0.03706461564493008,1.6618391324051824,0.02230337156117295,32.0,0.0
5_594,25654915#0,30002092#1,11,41.10478739403432,16.868751657815455,41.10402789318045,16.868612584926364,41.10593974387052,16.86510993658547,41.10637833713364,16.865208689087556,0.9597566419815065,0.08725060381650059,1.6618391324051824,0.05250243667702219,32.0,0.0
5_595,25654915#0,30706585#8,28,41.10478739403432,16.868751657815455,41.10402789318045,16.868612584926364,41.10912734733775,16.863063779201443,41.10970529896603,16.86326757450766,0.8167714945937028,0.02917041052120367,1.6618391324051824,0.017553089196416558,32.0,0.0
5_596,25654915#0,30706669,23,41.10478739403432,16.868751657815455,41.10402789318045,16.868612584926364,41.10724968510657,16.861006427195438,41.10834939661959,16.861073572647502,0.8817837380761999,0.038338423394617384,1.6618391324051824,0.023069876408031216,32.0,0.0
5_597,25654915#0,30706677#5,22,41.10478739403432,16.868751657815455,41.10402789318045,16.868612584926364,41.10789333241272,16.86291336901386,41.107812671096845,16.86345068308876,0.9935470070504099,0.04516122759320045,1.6618391324051824,0.027175450807827913,32.0,0.0
5_598,25654915#0,318933773#10,15,41.10478739403432,16.868751657815455,41.10402789318045,16.868612584926364,41.10708624166555,16.866809147339314,41.10707862373311,16.86759574699857,0.6462640336912907,0.043084268912752716,1.6618391324051824,0.025925655541879547,32.0,0.0
5_599,25654915#0,50319918#2,16,41.10478739403432,16.868751657815455,41.10402789318045,16.868612584926364,41.10793919315882,16.86772898735496,41.10803228893905,16.867731507230168,0.5875765467238349,0.03672353417023968,1.6618391324051824,0.02209812818469959,32.0,0.0
5_600,25654915#0,50319918#3,17,41.10478739403432,16.868751657815455,41.10402789318045,16.868612584926364,41.10803228893905,16.867731507230168,41.10843334313823,16.867723226014,0.6063457878925029,0.03566739928779429,1.6618391324051824,0.02146260645347351,32.0,0.0
5_601,25654915#0,50319918#7,21,41.10478739403432,16.868751657815455,41.10402789318045,16.868612584926364,41.10928540564486,16.867758931986803,41.11040987403336,16.867987672581428,0.7790640562901716,0.03709828839477008,1.6618391324051824,0.02232363390136184,32.0,0.0
5_602,25654915#0,565496546#1,6,41.10478739403432,16.868751657815455,41.10402789318045,16.868612584926364,41.1045372400796,16.865201946666215,41.10454196713804,16.86509359531177,0.5511669315337735,0.0918611552556289,1.6618391324051824,0.05527680355118254,32.0,0.0
5_603,25654915#0,96606441#0,27,41.10478739403432,16.868751657815455,41.10402789318045,16.868612584926364,41.11163796896053,16.862535602408425,41.10949006583287,16.860629422625397,0.773904601530086,0.028663133390003183,1.6618391324051824,0.017247838753513395,32.0,0.0
5_604,25654998#2,-1135075614#0,32,41.10326869322043,16.864875721506277,41.10326306112503,16.86499547697651,41.10561139136639,16.860522875069222,41.10586594045665,16.860740368222224,0.748871909034175,0.02340224715731797,1.0971826773407674,0.021329399051430345,31.0,33.0
5_605,25654998#2,-1135075615#1,30,41.10326869322043,16.864875721506277,41.10326306112503,16.86499547697651,41.10593006633324,16.86024451803452,41.1061540374003,16.860263940525165,0.8725032046467134,0.029083440154890446,1.0971826773407674,0.026507381820299734,31.0,33.0
5_606,25654998#2,-1296042207,16,41.10326869322043,16.864875721506277,41.10326306112503,16.86499547697651,41.10529931263373,16.864197719579735,41.105358063618205,16.8639291776279,0.571012314129471,0.035688269633091935,1.0971826773407674,0.03252719020281044,31.0,33.0
5_607,25654998#2,-25654678,30,41.10326869322043,16.864875721506277,41.10326306112503,16.86499547697651,41.1094627412817,16.866643418109717,41.109145712663846,16.866535828107896,0.5977770702978442,0.019925902343261474,1.0971826773407674,0.0181609705974904,31.0,33.0
5_608,25654998#2,-96606441#0,28,41.10326869322043,16.864875721506277,41.10326306112503,16.86499547697651,41.10949006583287,16.860629422625397,41.11163796896053,16.862535602408425,0.9978904887015294,0.03563894602505462,1.0971826773407674,0.032482235420843907,31.0,33.0
5_609,25654998#2,134805760#4,32,41.10326869322043,16.864875721506277,41.10326306112503,16.86499547697651,41.1084192109197,16.864915502792314,41.10833845965415,16.864946086143913,0.6158452287601561,0.01924516339875488,1.0971826773407674,0.017540527932321373,31.0,33.0
5_610,25654998#2,138440000#1,13,41.10326869322043,16.864875721506277,41.10326306112503,16.86499547697651,41.104628432580256,16.864632211357712,41.10471595316798,16.864645286345713,0.5057307160450176,0.03890236277269367,1.0971826773407674,0.035456595857839286,31.0,33.0
5_611,25654998#2,138440000#2,14,41.10326869322043,16.864875721506277,41.10326306112503,16.86499547697651,41.10471595316798,16.864645286345713,41.10482759798206,16.864586998125468,0.5478365383262719,0.039131181309019415,1.0971826773407674,0.0356651468503507,31.0,33.0
5_612,25654998#2,138440000#5,17,41.10326869322043,16.864875721506277,41.10326306112503,16.86499547697651,41.10530898236287,16.864507375939425,41.10554708846225,16.864538287566845,0.683177435198474,0.04018690795285141,1.0971826773407674,0.03662736277449448,31.0,33.0
5_613,25654998#2,25634744#1,26,41.10326869322043,16.864875721506277,41.10326306112503,16.86499547697651,41.10912696164381,16.86880864147947,41.10856970665349,16.868667790168395,0.9087710078794979,0.034952731072288384,1.0971826773407674,0.031856801783457823,31.0,33.0
5_614,25654998#2,25654663#3,30,41.10326869322043,16.864875721506277,41.10326306112503,16.86499547697651,41.10895239218255,16.86221911717674,41.10894268872457,16.86225659494897,0.5060915720038589,0.016869719066795297,1.0971826773407674,0.015375487979524337,31.0,33.0
5_615,25654998#2,25654667#0,33,41.10326869322043,16.864875721506277,41.10326306112503,16.86499547697651,41.10833845965415,16.864946086143913,41.10833200545767,16.864777271379552,0.7930695452735955,0.024032410462836228,1.0971826773407674,0.021903745802005718,31.0,33.0
5_616,25654998#2,25654667#2,25,41.10326869322043,16.864875721506277,41.10326306112503,16.86499547697651,41.10824709326599,16.86294433106446,41.10819079997804,16.86228690958613,0.9866389029426359,0.039465556117705435,1.0971826773407674,0.03596990449517284,31.0,33.0
5_617,25654998#2,25654670#0,25,41.10326869322043,16.864875721506277,41.10326306112503,16.86499547697651,41.10782776217365,16.86523947757342,41.10785184362109,16.86547667119293,0.5439939539898466,0.021759758159593866,1.0971826773407674,0.019832393100055877,31.0,33.0
5_618,25654998#2,25654670#2,27,41.10326869322043,16.864875721506277,41.10326306112503,16.86499547697651,41.10785321351032,16.86554780645669,41.107858556989214,16.86568502986514,0.8644428475556163,0.03201640176131912,1.0971826773407674,0.029180557096396206,31.0,33.0
5_619,25654998#2,25654899,9,41.10326869322043,16.864875721506277,41.10326306112503,16.86499547697651,41.104613512551694,16.867304504076483,41.10450067190532,16.868197409823733,0.604218038607869,0.06713533762309656,1.0971826773407674,0.061188842122272595,31.0,33.0
5_620,25654998#2,25654998#1,18,41.10326869322043,16.864875721506277,41.10326306112503,16.86499547697651,41.103272808734914,16.86478843229521,41.10326869322043,16.864875721506277,0.5943252434003562,0.033018069077797564,1.0971826773407674,0.03009350198439442,31.0,33.0
5_621,25654998#2,25655001#4,12,41.10326869322043,16.864875721506277,41.10326306112503,16.86499547697651,41.10585670751274,16.866054557864008,41.10586778387464,16.865926854105435,0.74146840928267,0.061789034106889164,1.0971826773407674,0.0563160860839024,31.0,33.0
5_622,25654998#2,25655018#2,10,41.10326869322043,16.864875721506277,41.10326306112503,16.86499547697651,41.10499011159529,16.86585948824938,41.10483199737708,16.8658838295608,0.8125558990222466,0.08125558990222466,1.0971826773407674,0.07405839663743431,31.0,33.0
5_623,25654998#2,25655054#5,19,41.10326869322043,16.864875721506277,41.10326306112503,16.86499547697651,41.10641564822287,16.8613154812676,41.10710483419146,16.861363888027807,0.6015641214949519,0.03166126955236589,1.0971826773407674,0.02885688063277033,31.0,33.0
5_624,25654998#2,295699555,29,41.10326869322043,16.864875721506277,41.10326306112503,16.86499547697651,41.10914574762715,16.86574982248076,41.10906564507099,16.86691322434958,0.8921196416034938,0.03076274626218944,1.0971826773407674,0.028037943815107304,31.0,33.0
5_625,25654998#2,30002092#1,21,41.10326869322043,16.864875721506277,41.10326306112503,16.86499547697651,41.10593974387052,16.86510993658547,41.10637833713364,16.865208689087556,0.5884389414147135,0.028020901972129215,1.0971826773407674,0.0255389576875596,31.0,33.0
5_626,25654998#2,30706585#8,30,41.10326869322043,16.864875721506277,41.10326306112503,16.86499547697651,41.10912734733775,16.863063779201443,41.10970529896603,16.86326757450766,0.5363514647617648,0.017878382158725493,1.0971826773407674,0.016294808993938165,31.0,33.0
5_627,25654998#2,30706669,25,41.10326869322043,16.864875721506277,41.10326306112503,16.86499547697651,41.10724968510657,16.861006427195438,41.10834939661959,16.861073572647502,0.8308497943577735,0.03323399177431094,1.0971826773407674,0.03029029938283376,31.0,33.0
5_628,25654998#2,30706677#5,24,41.10326869322043,16.864875721506277,41.10326306112503,16.86499547697651,41.10789333241272,16.86291336901386,41.107812671096845,16.86345068308876,0.9630188286413903,0.04012578452672459,1.0971826773407674,0.03657165334033265,31.0,33.0
5_629,25654998#2,318933773#10,25,41.10326869322043,16.864875721506277,41.10326306112503,16.86499547697651,41.10708624166555,16.866809147339314,41.10707862373311,16.86759574699857,0.7086714422848674,0.028346857691394698,1.0971826773407674,0.02583604196167109,31.0,33.0
5_630,25654998#2,50319918#2,20,41.10326869322043,16.864875721506277,41.10326306112503,16.86499547697651,41.10793919315882,16.86772898735496,41.10803228893905,16.867731507230168,0.8369462050421431,0.04184731025210716,1.0971826773407674,0.03814069536126121,31.0,33.0
5_631,25654998#2,50319918#3,21,41.10326869322043,16.864875721506277,41.10326306112503,16.86499547697651,41.10803228893905,16.867731507230168,41.10843334313823,16.867723226014,0.5047430367352255,0.0240353827016774,1.0971826773407674,0.021906454775545457,31.0,33.0
5_632,25654998#2,50319918#7,25,41.10326869322043,16.864875721506277,41.10326306112503,16.86499547697651,41.10928540564486,16.867758931986803,41.11040987403336,16.867987672581428,0.5159787288518332,0.020639149154073326,1.0971826773407674,0.018811041752952447,31.0,33.0
5_633,25654998#2,565496546#1,8,41.10326869322043,16.864875721506277,41.10326306112503,16.86499547697651,41.1045372400796,16.865201946666215,41.10454196713804,16.86509359531177,0.7151028091229653,0.08938785114037066,1.0971826773407674,0.0814703448991915,31.0,33.0
5_634,25654998#2,96606441#0,29,41.10326869322043,16.864875721506277,41.10326306112503,16.86499547697651,41.11163796896053,16.862535602408425,41.10949006583287,16.860629422625397,0.5145766396592764,0.017744022057216424,1.0971826773407674,0.016172349804339296,31.0,33.0
5_635,25654998#3,-1135075614#0,31,41.10326306112503,16.86499547697651,41.10325782621505,16.865107384302533,41.10561139136639,16.860522875069222,41.10586594045665,16.860740368222224,0.5355034578597161,0.017274305092248907,1.2868764069216871,0.013423437557279061,32.0,0.0
5_636,25654998#3,-1135075615#1,29,41.10326306112503,16.86499547697651,41.10325782621505,16.865107384302533,41.10593006633324,16.86024451803452,41.1061540374003,16.860263940525165,0.5096666029426473,0.017574710446298183,1.2868764069216871,0.01365687516825203,32.0,0.0
5_637,25654998#3,-1296042207,15,41.10326306112503,16.86499547697651,41.10325782621505,16.865107384302533,41.10529931263373,16.864197719579735,41.105358063618205,16.8639291776279,0.7179500492214711,0.04786333661476474,1.2868764069216871,0.03719342149512068,32.0,0.0
5_638,25654998#3,-25654678,29,41.10326306112503,16.86499547697651,41.10325782621505,16.865107384302533,41.1094627412817,16.866643418109717,41.109145712663846,16.866535828107896,0.6872129545168145,0.023696998431614293,1.2868764069216871,0.01841435455973541,32.0,0.0
5_639,25654998#3,-96606441#0,27,41.10326306112503,16.86499547697651,41.10325782621505,16.865107384302533,41.10949006583287,16.860629422625397,41.11163796896053,16.862535602408425,0.9138713933319453,0.0338470886419239,1.2868764069216871,0.026301739980522983,32.0,0.0
5_640,25654998#3,134805760#4,31,41.10326306112503,16.86499547697651,41.10325782621505,16.865107384302533,41.1084192109197,16.864915502792314,41.10833845965415,16.864946086143913,0.6078003333768182,0.019606462366994135,1.2868764069216871,0.01523569960684444,32.0,0.0
5_641,25654998#3,138440000#1,12,41.10326306112503,16.86499547697651,41.10325782621505,16.865107384302533,41.104628432580256,16.864632211357712,41.10471595316798,16.864645286345713,0.9184061447436234,0.07653384539530195,1.2868764069216871,0.05947256860383129,32.0,0.0
5_642,25654998#3,138440000#2,13,41.10326306112503,16.86499547697651,41.10325782621505,16.865107384302533,41.10471595316798,16.864645286345713,41.10482759798206,16.864586998125468,0.8263235952479628,0.06356335348061252,1.2868764069216871,0.04939351839751358,32.0,0.0
5_643,25654998#3,138440000#5,16,41.10326306112503,16.86499547697651,41.10325782621505,16.865107384302533,41.10530898236287,16.864507375939425,41.10554708846225,16.864538287566845,0.5786110939638828,0.03616319337274267,1.2868764069216871,0.028101527993078967,32.0,0.0
5_644,25654998#3,25634744#1,25,41.10326306112503,16.86499547697651,41.10325782621505,16.865107384302533,41.10912696164381,16.86880864147947,41.10856970665349,16.868667790168395,0.5055712200736691,0.020222848802946763,1.2868764069216871,0.0157146783437591,32.0,0.0
5_645,25654998#3,25654663#3,29,41.10326306112503,16.86499547697651,41.10325782621505,16.865107384302533,41.10895239218255,16.86221911717674,41.10894268872457,16.86225659494897,0.5799536498588828,0.019998401719271818,1.2868764069216871,0.015540266036199714,32.0,0.0
5_646,25654998#3,25654667#0,32,41.10326306112503,16.86499547697651,41.10325782621505,16.865107384302533,41.10833845965415,16.864946086143913,41.10833200545767,16.864777271379552,0.8265296188930069,0.025829050590406466,1.2868764069216871,0.02007111984607104,32.0,0.0
5_647,25654998#3,25654667#2,24,41.10326306112503,16.86499547697651,41.10325782621505,16.865107384302533,41.10824709326599,16.86294433106446,41.10819079997804,16.86228690958613,0.7116635447021036,0.02965264769592098,1.2868764069216871,0.023042343100261292,32.0,0.0
5_648,25654998#3,25654670#0,24,41.10326306112503,16.86499547697651,41.10325782621505,16.865107384302533,41.10782776217365,16.86523947757342,41.10785184362109,16.86547667119293,0.8453628164679903,0.03522345068616626,1.2868764069216871,0.02737127706803143,32.0,0.0
5_649,25654998#3,25654670#2,26,41.10326306112503,16.86499547697651,41.10325782621505,16.865107384302533,41.10785321351032,16.86554780645669,41.107858556989214,16.86568502986514,0.7047438677809408,0.02710553337619003,1.2868764069216871,0.021063043218756856,32.0,0.0
5_650,25654998#3,25654899,8,41.10326306112503,16.86499547697651,41.10325782621505,16.865107384302533,41.104613512551694,16.867304504076483,41.10450067190532,16.868197409823733,0.8391146546449696,0.1048893318306212,1.2868764069216871,0.0815069195972945,32.0,0.0
5_651,25654998#3,25654998#1,17,41.10326306112503,16.86499547697651,41.10325782621505,16.865107384302533,41.103272808734914,16.86478843229521,41.10326869322043,16.864875721506277,0.8026923937200858,0.04721719963059328,1.2868764069216871,0.03669132433901765,32.0,0.0
5_652,25654998#3,25654998#2,18,41.10326306112503,16.86499547697651,41.10325782621505,16.865107384302533,41.10326869322043,16.864875721506277,41.10326306112503,16.86499547697651,0.8480941509155234,0.04711634171752908,1.2868764069216871,0.036612950135775035,32.0,0.0
5_653,25654998#3,25655001#4,11,41.10326306112503,16.86499547697651,41.10325782621505,16.865107384302533,41.10585670751274,16.866054557864008,41.10586778387464,16.865926854105435,0.9142821007584839,0.08311655461440763,1.2868764069216871,0.0645878300102099,32.0,0.0
5_654,25654998#3,25655018#2,9,41.10326306112503,16.86499547697651,41.10325782621505,16.865107384302533,41.10499011159529,16.86585948824938,41.10483199737708,16.8658838295608,0.7300967645254781,0.08112186272505312,1.2868764069216871,0.06303780401033476,32.0,0.0
5_655,25654998#3,25655054#5,18,41.10326306112503,16.86499547697651,41.10325782621505,16.865107384302533,41.10641564822287,16.8613154812676,41.10710483419146,16.861363888027807,0.5685375192013467,0.031585417733408144,1.2868764069216871,0.024544251152263354,32.0,0.0
5_656,25654998#3,295699555,28,41.10326306112503,16.86499547697651,41.10325782621505,16.865107384302533,41.10914574762715,16.86574982248076,41.10906564507099,16.86691322434958,0.8882679025289829,0.03172385366174939,1.2868764069216871,0.02465182630679773,32.0,0.0
5_657,25654998#3,30002092#1,20,41.10326306112503,16.86499547697651,41.10325782621505,16.865107384302533,41.10593974387052,16.86510993658547,41.10637833713364,16.865208689087556,0.5487197445620764,0.027435987228103823,1.2868764069216871,0.021319830778258598,32.0,0.0
5_658,25654998#3,30706585#8,29,41.10326306112503,16.86499547697651,41.10325782621505,16.865107384302533,41.10912734733775,16.863063779201443,41.10970529896603,16.86326757450766,0.5205892480798984,0.017951353382065462,1.2868764069216871,0.013949555128612979,32.0,0.0
5_659,25654998#3,30706669,24,41.10326306112503,16.86499547697651,41.10325782621505,16.865107384302533,41.10724968510657,16.861006427195438,41.10834939661959,16.861073572647502,0.5624753566421565,0.023436473193423187,1.2868764069216871,0.018211906805786528,32.0,0.0
5_660,25654998#3,30706677#5,23,41.10326306112503,16.86499547697651,41.10325782621505,16.865107384302533,41.10789333241272,16.86291336901386,41.107812671096845,16.86345068308876,0.9430425263414317,0.04100184897136659,1.2868764069216871,0.03186152823288318,32.0,0.0
5_661,25654998#3,318933773#10,24,41.10326306112503,16.86499547697651,41.10325782621505,16.865107384302533,41.10708624166555,16.866809147339314,41.10707862373311,16.86759574699857,0.7219977550962731,0.030083239795678042,1.2868764069216871,0.023376945628865473,32.0,0.0
5_662,25654998#3,50319918#2,19,41.10326306112503,16.86499547697651,41.10325782621505,16.865107384302533,41.10793919315882,16.86772898735496,41.10803228893905,16.867731507230168,0.807250376939878,0.042486861944204105,1.2868764069216871,0.033015495284303274,32.0,0.0
5_663,25654998#3,50319918#3,20,41.10326306112503,16.86499547697651,41.10325782621505,16.865107384302533,41.10803228893905,16.867731507230168,41.10843334313823,16.867723226014,0.7740057020949827,0.038700285104749134,1.2868764069216871,0.03007303956820792,32.0,0.0
5_664,25654998#3,50319918#7,24,41.10326306112503,16.86499547697651,41.10325782621505,16.865107384302533,41.10928540564486,16.867758931986803,41.11040987403336,16.867987672581428,0.72096412747092,0.030040171977955,1.2868764069216871,0.02334347868713634,32.0,0.0
5_665,25654998#3,565496546#1,7,41.10326306112503,16.86499547697651,41.10325782621505,16.865107384302533,41.1045372400796,16.865201946666215,41.10454196713804,16.86509359531177,0.6235608589259496,0.08908012270370708,1.2868764069216871,0.0692219720748428,32.0,0.0
5_666,25654998#3,96606441#0,28,41.10326306112503,16.86499547697651,41.10325782621505,16.865107384302533,41.11163796896053,16.862535602408425,41.10949006583287,16.860629422625397,0.720559671822742,0.025734273993669357,1.2868764069216871,0.019997471284152166,32.0,0.0
5_667,25655001#6,-1135075614#0,15,41.105909683406615,16.8653642871669,41.10593974387052,16.86510993658547,41.10561139136639,16.860522875069222,41.10586594045665,16.860740368222224,0.7069520770254201,0.04713013846836134,2.7325807130912274,0.0172474826608307,32.0,0.0
5_668,25655001#6,-1135075615#1,13,41.105909683406615,16.8653642871669,41.10593974387052,16.86510993658547,41.10593006633324,16.86024451803452,41.1061540374003,16.860263940525165,0.6182964618855177,0.047561266298885976,2.7325807130912274,0.017405255797579854,32.0,0.0
5_669,25655001#6,-1296042207,9,41.105909683406615,16.8653642871669,41.10593974387052,16.86510993658547,41.10529931263373,16.864197719579735,41.105358063618205,16.8639291776279,0.667838405155875,0.07420426723954167,2.7325807130912274,0.027155379851743964,32.0,0.0
5_670,25655001#6,-25654678,11,41.105909683406615,16.8653642871669,41.10593974387052,16.86510993658547,41.1094627412817,16.866643418109717,41.109145712663846,16.866535828107896,0.9728103937531352,0.08843730852301229,2.7325807130912274,0.032364024271754346,32.0,0.0
5_671,25655001#6,-96606441#0,11,41.105909683406615,16.8653642871669,41.10593974387052,16.86510993658547,41.10949006583287,16.860629422625397,41.11163796896053,16.862535602408425,0.6073534321032944,0.05521394837302677,2.7325807130912274,0.02020578865557683,32.0,0.0
5_672,25655001#6,134805760#4,15,41.105909683406615,16.8653642871669,41.10593974387052,16.86510993658547,41.1084192109197,16.864915502792314,41.10833845965415,16.864946086143913,0.5007444451273497,0.03338296300848998,2.7325807130912274,0.012216642988278124,32.0,0.0
5_673,25655001#6,138440000#1,6,41.105909683406615,16.8653642871669,41.10593974387052,16.86510993658547,41.104628432580256,16.864632211357712,41.10471595316798,16.864645286345713,0.7535447606720267,0.12559079344533777,2.7325807130912274,0.04596050643395759,32.0,0.0
5_674,25655001#6,138440000#2,7,41.105909683406615,16.8653642871669,41.10593974387052,16.86510993658547,41.10471595316798,16.864645286345713,41.10482759798206,16.864586998125468,0.5151852100961494,0.07359788715659277,2.7325807130912274,0.026933472377961447,32.0,0.0
5_675,25655001#6,138440000#5,10,41.105909683406615,16.8653642871669,41.10593974387052,16.86510993658547,41.10530898236287,16.864507375939425,41.10554708846225,16.864538287566845,0.7827777987648965,0.07827777987648965,2.7325807130912274,0.028646099821124055,32.0,0.0
5_676,25655001#6,25634744#1,16,41.105909683406615,16.8653642871669,41.10593974387052,16.86510993658547,41.10912696164381,16.86880864147947,41.10856970665349,16.868667790168395,0.5618693022543123,0.03511683139089452,2.7325807130912274,0.012851159792886287,32.0,0.0
5_677,25655001#6,25654663#3,13,41.105909683406615,16.8653642871669,41.10593974387052,16.86510993658547,41.10895239218255,16.86221911717674,41.10894268872457,16.86225659494897,0.7959420577243329,0.06122631213264099,2.7325807130912274,0.022406039770140523,32.0,0.0
5_678,25655001#6,25654667#0,16,41.105909683406615,16.8653642871669,41.10593974387052,16.86510993658547,41.10833845965415,16.864946086143913,41.10833200545767,16.864777271379552,0.7719576122793945,0.04824735076746216,2.7325807130912274,0.017656331443868835,32.0,0.0
5_679,25655001#6,25654667#2,8,41.105909683406615,16.8653642871669,41.10593974387052,16.86510993658547,41.10824709326599,16.86294433106446,41.10819079997804,16.86228690958613,0.919611056896009,0.11495138211200112,2.7325807130912274,0.04206696679124349,32.0,0.0
5_680,25655001#6,25654670#0,6,41.105909683406615,16.8653642871669,41.10593974387052,16.86510993658547,41.10782776217365,16.86523947757342,41.10785184362109,16.86547667119293,0.617896710651444,0.102982785108574,2.7325807130912274,0.03768700577267666,32.0,0.0
5_681,25655001#6,25654670#2,8,41.105909683406615,16.8653642871669,41.10593974387052,16.86510993658547,41.10785321351032,16.86554780645669,41.107858556989214,16.86568502986514,0.9263005930883026,0.11578757413603782,2.7325807130912274,0.04237297496148003,32.0,0.0
5_682,25655001#6,25654899,16,41.105909683406615,16.8653642871669,41.10593974387052,16.86510993658547,41.104613512551694,16.867304504076483,41.10450067190532,16.868197409823733,0.6259186888004549,0.03911991805002843,2.7325807130912274,0.014316107064143803,32.0,0.0
5_683,25655001#6,25654998#1,11,41.105909683406615,16.8653642871669,41.10593974387052,16.86510993658547,41.103272808734914,16.86478843229521,41.10326869322043,16.864875721506277,0.9161008195082017,0.0832818926825638,2.7325807130912274,0.030477377039066958,32.0,0.0
5_684,25655001#6,25654998#2,12,41.105909683406615,16.8653642871669,41.10593974387052,16.86510993658547,41.10326869322043,16.864875721506277,41.10326306112503,16.86499547697651,0.7118951733029577,0.05932459777524647,2.7325807130912274,0.021710098988489024,32.0,0.0
5_685,25655001#6,25655001#4,16,41.105909683406615,16.8653642871669,41.10593974387052,16.86510993658547,41.10585670751274,16.866054557864008,41.10586778387464,16.865926854105435,0.890074042907361,0.055629627681710064,2.7325807130912274,0.02035790833741893,32.0,0.0
5_686,25655001#6,25655018#2,17,41.105909683406615,16.8653642871669,41.10593974387052,16.86510993658547,41.10499011159529,16.86585948824938,41.10483199737708,16.8658838295608,0.6855539543706426,0.04032670319827309,2.7325807130912274,0.014757735427567142,32.0,0.0
5_687,25655001#6,25655054#5,8,41.105909683406615,16.8653642871669,41.10593974387052,16.86510993658547,41.10641564822287,16.8613154812676,41.10710483419146,16.861363888027807,0.6496139493649241,0.08120174367061551,2.7325807130912274,0.0297161373062449,32.0,0.0
5_688,25655001#6,295699555,10,41.105909683406615,16.8653642871669,41.10593974387052,16.86510993658547,41.10914574762715,16.86574982248076,41.10906564507099,16.86691322434958,0.5933212176086224,0.05933212176086225,2.7325807130912274,0.021712852424308773,32.0,0.0
5_689,25655001#6,30002092#1,2,41.105909683406615,16.8653642871669,41.10593974387052,16.86510993658547,41.10593974387052,16.86510993658547,41.10637833713364,16.865208689087556,0.9818390875670379,0.49091954378351893,2.7325807130912274,0.1796541787152435,32.0,0.0
5_690,25655001#6,30706585#8,13,41.105909683406615,16.8653642871669,41.10593974387052,16.86510993658547,41.10912734733775,16.863063779201443,41.10970529896603,16.86326757450766,0.9219078512077024,0.07091598855443865,2.7325807130912274,0.02595201972065998,32.0,0.0
5_691,25655001#6,30706669,8,41.105909683406615,16.8653642871669,41.10593974387052,16.86510993658547,41.10724968510657,16.861006427195438,41.10834939661959,16.861073572647502,0.7746461355925465,0.09683076694906831,2.7325807130912274,0.035435647512687254,32.0,0.0
5_692,25655001#6,30706677#5,7,41.105909683406615,16.8653642871669,41.10593974387052,16.86510993658547,41.10789333241272,16.86291336901386,41.107812671096845,16.86345068308876,0.9136870114421365,0.1305267159203052,2.7325807130912274,0.04776682909858025,32.0,0.0
5_693,25655001#6,318933773#10,6,41.105909683406615,16.8653642871669,41.10593974387052,16.86510993658547,41.10708624166555,16.866809147339314,41.10707862373311,16.86759574699857,0.9112055059364965,0.1518675843227494,2.7325807130912274,0.05557661429548387,32.0,0.0
5_694,25655001#6,50319918#2,10,41.105909683406615,16.8653642871669,41.10593974387052,16.86510993658547,41.10793919315882,16.86772898735496,41.10803228893905,16.867731507230168,0.7387533509788399,0.07387533509788399,2.7325807130912274,0.027035005679416014,32.0,0.0
5_695,25655001#6,50319918#3,11,41.105909683406615,16.8653642871669,41.10593974387052,16.86510993658547,41.10803228893905,16.867731507230168,41.10843334313823,16.867723226014,0.5578165381080844,0.05071059437346222,2.7325807130912274,0.018557766338069458,32.0,0.0
5_696,25655001#6,50319918#7,15,41.105909683406615,16.8653642871669,41.10593974387052,16.86510993658547,41.10928540564486,16.867758931986803,41.11040987403336,16.867987672581428,0.8596742599710413,0.057311617331402755,2.7325807130912274,0.020973439890296628,32.0,0.0
5_697,25655001#6,565496546#1,19,41.105909683406615,16.8653642871669,41.10593974387052,16.86510993658547,41.1045372400796,16.865201946666215,41.10454196713804,16.86509359531177,0.7164892566354522,0.03770996087555011,2.7325807130912274,0.013800126998953595,32.0,0.0
5_698,25655001#6,96606441#0,12,41.105909683406615,16.8653642871669,41.10593974387052,16.86510993658547,41.11163796896053,16.862535602408425,41.10949006583287,16.860629422625397,0.623848956314393,0.051987413026199414,2.7325807130912274,0.019025023772267183,32.0,0.0
5_699,30002088#7,-1135075614#0,9,41.107240967667735,16.861373092686122,41.10724968510657,16.861006427195438,41.10561139136639,16.860522875069222,41.10586594045665,16.860740368222224,0.5759473000959185,0.06399414445510206,2.532077539558368,0.025273374711211882,32.0,0.0
5_700,30002088#7,-1135075615#1,7,41.107240967667735,16.861373092686122,41.10724968510657,16.861006427195438,41.10593006633324,16.86024451803452,41.1061540374003,16.860263940525165,0.5623936984095091,0.08034195691564416,2.532077539558368,0.03172965900943815,32.0,0.0
5_701,30002088#7,-1296042207,18,41.107240967667735,16.861373092686122,41.10724968510657,16.861006427195438,41.10529931263373,16.864197719579735,41.105358063618205,16.8639291776279,0.8089931292889869,0.04494406273827705,2.532077539558368,0.01774987615352252,32.0,0.0
5_702,30002088#7,-25654678,15,41.107240967667735,16.861373092686122,41.10724968510657,16.861006427195438,41.1094627412817,16.866643418109717,41.109145712663846,16.866535828107896,0.8965404769835794,0.05976936513223863,2.532077539558368,0.02360487157224391,32.0,0.0
5_703,30002088#7,-96606441#0,5,41.107240967667735,16.861373092686122,41.10724968510657,16.861006427195438,41.10949006583287,16.860629422625397,41.11163796896053,16.862535602408425,0.7757255229723783,0.15514510459447567,2.532077539558368,0.06127186161192176,32.0,0.0
5_704,30002088#7,134805760#4,15,41.107240967667735,16.861373092686122,41.10724968510657,16.861006427195438,41.1084192109197,16.864915502792314,41.10833845965415,16.864946086143913,0.5630122340766346,0.037534148938442306,2.532077539558368,0.014823459531570594,32.0,0.0
5_705,30002088#7,138440000#1,15,41.107240967667735,16.861373092686122,41.10724968510657,16.861006427195438,41.104628432580256,16.864632211357712,41.10471595316798,16.864645286345713,0.840566685181421,0.05603777901209473,2.532077539558368,0.02213114651373139,32.0,0.0
5_706,30002088#7,138440000#2,16,41.107240967667735,16.861373092686122,41.10724968510657,16.861006427195438,41.10471595316798,16.864645286345713,41.10482759798206,16.864586998125468,0.8577563426644881,0.053609771416530505,2.532077539558368,0.021172247128688187,32.0,0.0
5_707,30002088#7,138440000#5,19,41.107240967667735,16.861373092686122,41.10724968510657,16.861006427195438,41.10530898236287,16.864507375939425,41.10554708846225,16.864538287566845,0.6309249662882489,0.03320657717306573,2.532077539558368,0.013114360304644324,32.0,0.0
5_708,30002088#7,25634744#1,20,41.107240967667735,16.861373092686122,41.10724968510657,16.861006427195438,41.10912696164381,16.86880864147947,41.10856970665349,16.868667790168395,0.8650468176336668,0.04325234088168334,2.532077539558368,0.017081760019571592,32.0,0.0
5_709,30002088#7,25654663#3,7,41.107240967667735,16.861373092686122,41.10724968510657,16.861006427195438,41.10895239218255,16.86221911717674,41.10894268872457,16.86225659494897,0.7953720580964436,0.11362457972806336,2.532077539558368,0.04487405221716914,32.0,0.0
5_710,30002088#7,25654667#0,16,41.107240967667735,16.861373092686122,41.10724968510657,16.861006427195438,41.10833845965415,16.864946086143913,41.10833200545767,16.864777271379552,0.6126148510571232,0.0382884281910702,2.532077539558368,0.01512134900803562,32.0,0.0
5_711,30002088#7,25654667#2,8,41.107240967667735,16.861373092686122,41.10724968510657,16.861006427195438,41.10824709326599,16.86294433106446,41.10819079997804,16.86228690958613,0.8863770402676854,0.11079713003346067,2.532077539558368,0.04375740012005531,32.0,0.0
5_712,30002088#7,25654670#0,10,41.107240967667735,16.861373092686122,41.10724968510657,16.861006427195438,41.10782776217365,16.86523947757342,41.10785184362109,16.86547667119293,0.7112789155643611,0.0711278915564361,2.532077539558368,0.028090724097194066,32.0,0.0
5_713,30002088#7,25654670#2,12,41.107240967667735,16.861373092686122,41.10724968510657,16.861006427195438,41.10785321351032,16.86554780645669,41.107858556989214,16.86568502986514,0.7108349379116048,0.059236244825967066,2.532077539558368,0.02339432497643763,32.0,0.0
5_714,30002088#7,25654899,20,41.107240967667735,16.861373092686122,41.10724968510657,16.861006427195438,41.104613512551694,16.867304504076483,41.10450067190532,16.868197409823733,0.8769052373721262,0.043845261868606315,2.532077539558368,0.017315923854469947,32.0,0.0
5_715,30002088#7,25654998#1,20,41.107240967667735,16.861373092686122,41.10724968510657,16.861006427195438,41.103272808734914,16.86478843229521,41.10326869322043,16.864875721506277,0.5590337375616174,0.027951686878080875,2.532077539558368,0.011039032747376318,32.0,0.0
5_716,30002088#7,25654998#2,21,41.107240967667735,16.861373092686122,41.10724968510657,16.861006427195438,41.10326869322043,16.864875721506277,41.10326306112503,16.86499547697651,0.5073919123560715,0.024161519636003402,2.532077539558368,0.009542172093283341,32.0,0.0
5_717,30002088#7,25655001#4,20,41.107240967667735,16.861373092686122,41.10724968510657,16.861006427195438,41.10585670751274,16.866054557864008,41.10586778387464,16.865926854105435,0.7864570922969031,0.03932285461484516,2.532077539558368,0.01552987773893514,32.0,0.0
5_718,30002088#7,25655018#2,21,41.107240967667735,16.861373092686122,41.10724968510657,16.861006427195438,41.10499011159529,16.86585948824938,41.10483199737708,16.8658838295608,0.7035997852253185,0.03350475167739612,2.532077539558368,0.013232119140885332,32.0,0.0
5_719,30002088#7,25655054#5,7,41.107240967667735,16.861373092686122,41.10724968510657,16.861006427195438,41.10641564822287,16.8613154812676,41.10710483419146,16.861363888027807,0.8305156440812786,0.11864509201161123,2.532077539558368,0.046856816253859554,32.0,0.0
5_720,30002088#7,295699555,14,41.107240967667735,16.861373092686122,41.10724968510657,16.861006427195438,41.10914574762715,16.86574982248076,41.10906564507099,16.86691322434958,0.9793072868162565,0.06995052048687546,2.532077539558368,0.027625741863764517,32.0,0.0
5_721,30002088#7,30002092#1,11,41.107240967667735,16.861373092686122,41.10724968510657,16.861006427195438,41.10593974387052,16.86510993658547,41.10637833713364,16.865208689087556,0.586149937196712,0.053286357926973824,2.532077539558368,0.02104452059405249,32.0,0.0
5_722,30002088#7,30706585#8,13,41.107240967667735,16.861373092686122,41.10724968510657,16.861006427195438,41.10912734733775,16.863063779201443,41.10970529896603,16.86326757450766,0.9031764453645053,0.06947511118188503,2.532077539558368,0.027437987224515455,32.0,0.0
5_723,30002088#7,30706669,2,41.107240967667735,16.861373092686122,41.10724968510657,16.861006427195438,41.10724968510657,16.861006427195438,41.10834939661959,16.861073572647502,0.9308849148534881,0.46544245742674406,2.532077539558368,0.1838184060934896,32.0,0.0
5_724,30002088#7,30706677#5,7,41.107240967667735,16.861373092686122,41.10724968510657,16.861006427195438,41.10789333241272,16.86291336901386,41.107812671096845,16.86345068308876,0.9743388571206844,0.1391912653029549,2.532077539558368,0.054971170166942016,32.0,0.0
5_725,30002088#7,318933773#10,10,41.107240967667735,16.861373092686122,41.10724968510657,16.861006427195438,41.10708624166555,16.866809147339314,41.10707862373311,16.86759574699857,0.9257016218678839,0.09257016218678839,2.532077539558368,0.03655897607422165,32.0,0.0
5_726,30002088#7,50319918#2,14,41.107240967667735,16.861373092686122,41.10724968510657,16.861006427195438,41.10793919315882,16.86772898735496,41.10803228893905,16.867731507230168,0.9365741346670591,0.0668981524762185,2.532077539558368,0.026420262188292437,32.0,0.0
5_727,30002088#7,50319918#3,15,41.107240967667735,16.861373092686122,41.10724968510657,16.861006427195438,41.10803228893905,16.867731507230168,41.10843334313823,16.867723226014,0.6501185797577619,0.04334123865051746,2.532077539558368,0.017116868647741656,32.0,0.0
5_728,30002088#7,50319918#7,19,41.107240967667735,16.861373092686122,41.10724968510657,16.861006427195438,41.10928540564486,16.867758931986803,41.11040987403336,16.867987672581428,0.6387241354625771,0.03361705976118827,2.532077539558368,0.013276473265922017,32.0,0.0
5_729,30002088#7,565496546#1,28,41.107240967667735,16.861373092686122,41.10724968510657,16.861006427195438,41.1045372400796,16.865201946666215,41.10454196713804,16.86509359531177,0.7299904112045905,0.02607108611444966,2.532077539558368,0.010296322173055114,32.0,0.0
5_730,30002088#7,96606441#0,6,41.107240967667735,16.861373092686122,41.10724968510657,16.861006427195438,41.11163796896053,16.862535602408425,41.10949006583287,16.860629422625397,0.9833606145880669,0.1638934357646778,2.532077539558368,0.06472686290375738,32.0,0.0
5_731,30706669,-1135075614#0,10,41.10724968510657,16.861006427195438,41.10834939661959,16.861073572647502,41.10561139136639,16.860522875069222,41.10586594045665,16.860740368222224,0.8982689219625875,0.08982689219625875,2.038769297575308,0.04405937067185049,31.0,33.0
5_732,30706669,-1135075615#1,8,41.10724968510657,16.861006427195438,41.10834939661959,16.861073572647502,41.10593006633324,16.86024451803452,41.1061540374003,16.860263940525165,0.5658639837044614,0.07073299796305768,2.038769297575308,0.03469396858544999,31.0,33.0
5_733,30706669,-1296042207,19,41.10724968510657,16.861006427195438,41.10834939661959,16.861073572647502,41.10529931263373,16.864197719579735,41.105358063618205,16.8639291776279,0.9651204581469066,0.05079581358667929,2.038769297575308,0.024914939442677673,31.0,33.0
5_734,30706669,-25654678,14,41.10724968510657,16.861006427195438,41.10834939661959,16.861073572647502,41.1094627412817,16.866643418109717,41.109145712663846,16.866535828107896,0.8709395977929022,0.06220997127092158,2.038769297575308,0.030513492303865575,31.0,33.0
5_735,30706669,-96606441#0,6,41.10724968510657,16.861006427195438,41.10834939661959,16.861073572647502,41.10949006583287,16.860629422625397,41.11163796896053,16.862535602408425,0.5202028440669573,0.08670047401115955,2.038769297575308,0.04252588760987903,31.0,33.0
5_736,30706669,134805760#4,14,41.10724968510657,16.861006427195438,41.10834939661959,16.861073572647502,41.1084192109197,16.864915502792314,41.10833845965415,16.864946086143913,0.7242662235219025,0.05173330168013589,2.038769297575308,0.025374769838677626,31.0,33.0
5_737,30706669,138440000#1,16,41.10724968510657,16.861006427195438,41.10834939661959,16.861073572647502,41.104628432580256,16.864632211357712,41.10471595316798,16.864645286345713,0.9564903871111995,0.05978064919444997,2.038769297575308,0.029321929296044737,31.0,33.0
5_738,30706669,138440000#2,17,41.10724968510657,16.861006427195438,41.10834939661959,16.861073572647502,41.10471595316798,16.864645286345713,41.10482759798206,16.864586998125468,0.614212069377842,0.03613012172810835,2.038769297575308,0.017721535129589024,31.0,33.0
5_739,30706669,138440000#5,20,41.10724968510657,16.861006427195438,41.10834939661959,16.861073572647502,41.10530898236287,16.864507375939425,41.10554708846225,16.864538287566845,0.9422172736161738,0.04711086368080869,2.038769297575308,0.023107501048224174,31.0,33.0
5_740,30706669,25634744#1,19,41.10724968510657,16.861006427195438,41.10834939661959,16.861073572647502,41.10912696164381,16.86880864147947,41.10856970665349,16.868667790168395,0.8318267838981974,0.043780357047273545,2.038769297575308,0.02147391423803624,31.0,33.0
5_741,30706669,25654663#3,6,41.10724968510657,16.861006427195438,41.10834939661959,16.861073572647502,41.10895239218255,16.86221911717674,41.10894268872457,16.86225659494897,0.838729733300736,0.13978828888345599,2.038769297575308,0.06856503531307102,31.0,33.0
5_742,30706669,25654667#0,15,41.10724968510657,16.861006427195438,41.10834939661959,16.861073572647502,41.10833845965415,16.864946086143913,41.10833200545767,16.864777271379552,0.7601133152795677,0.05067422101863785,2.038769297575308,0.02485529926260136,31.0,33.0
5_743,30706669,25654667#2,7,41.10724968510657,16.861006427195438,41.10834939661959,16.861073572647502,41.10824709326599,16.86294433106446,41.10819079997804,16.86228690958613,0.8504723409695052,0.1214960487099293,2.038769297575308,0.059592838117791744,31.0,33.0
5_744,30706669,25654670#0,9,41.10724968510657,16.861006427195438,41.10834939661959,16.861073572647502,41.10782776217365,16.86523947757342,41.10785184362109,16.86547667119293,0.9423775433325604,0.10470861592584003,2.038769297575308,0.05135873688620344,31.0,33.0
5_745,30706669,25654670#2,11,41.10724968510657,16.861006427195438,41.10834939661959,16.861073572647502,41.10785321351032,16.86554780645669,41.107858556989214,16.86568502986514,0.8874659230567847,0.08067872027788953,2.038769297575308,0.039572265667253324,31.0,33.0
5_746,30706669,25654899,23,41.10724968510657,16.861006427195438,41.10834939661959,16.861073572647502,41.104613512551694,16.867304504076483,41.10450067190532,16.868197409823733,0.8053381422660566,0.035014701837654635,2.038769297575308,0.017174430613261314,31.0,33.0
5_747,30706669,25654998#1,21,41.10724968510657,16.861006427195438,41.10834939661959,16.861073572647502,41.103272808734914,16.86478843229521,41.10326869322043,16.864875721506277,0.6226068333339083,0.029647944444471823,2.038769297575308,0.014542079125741146,31.0,33.0
5_748,30706669,25654998#2,22,41.10724968510657,16.861006427195438,41.10834939661959,16.861073572647502,41.10326869322043,16.864875721506277,41.10326306112503,16.86499547697651,0.8783285303000579,0.03992402410454809,2.038769297575308,0.019582413837617337,31.0,33.0
5_749,30706669,25655001#4,23,41.10724968510657,16.861006427195438,41.10834939661959,16.861073572647502,41.10585670751274,16.866054557864008,41.10586778387464,16.865926854105435,0.8361990485795833,0.03635648037302536,2.038769297575308,0.017832562230686834,31.0,33.0
5_750,30706669,25655018#2,24,41.10724968510657,16.861006427195438,41.10834939661959,16.861073572647502,41.10499011159529,16.86585948824938,41.10483199737708,16.8658838295608,0.7116505201978245,0.029652105008242686,2.038769297575308,0.014544119848924397,31.0,33.0
5_751,30706669,25655054#5,8,41.10724968510657,16.861006427195438,41.10834939661959,16.861073572647502,41.10641564822287,16.8613154812676,41.10710483419146,16.861363888027807,0.5387561417554807,0.06734451771943509,2.038769297575308,0.03303194618416482,31.0,33.0
5_752,30706669,295699555,13,41.10724968510657,16.861006427195438,41.10834939661959,16.861073572647502,41.10914574762715,16.86574982248076,41.10906564507099,16.86691322434958,0.9577847225220988,0.0736757478863153,2.038769297575308,0.03613736383706449,31.0,33.0
5_753,30706669,30002092#1,12,41.10724968510657,16.861006427195438,41.10834939661959,16.861073572647502,41.10593974387052,16.86510993658547,41.10637833713364,16.865208689087556,0.7224635035333933,0.060205291961116104,2.038769297575308,0.029530213169640027,31.0,33.0
5_754,30706669,30706585#8,12,41.10724968510657,16.861006427195438,41.10834939661959,16.861073572647502,41.10912734733775,16.863063779201443,41.10970529896603,16.86326757450766,0.7795233523327186,0.06496027936105989,2.038769297575308,0.031862496378730364,31.0,33.0
5_755,30706669,30706677#5,6,41.10724968510657,16.861006427195438,41.10834939661959,16.861073572647502,41.10789333241272,16.86291336901386,41.107812671096845,16.86345068308876,0.7503743466448467,0.12506239110747444,2.038769297575308,0.06134210048003477,31.0,33.0
5_756,30706669,318933773#10,13,41.10724968510657,16.861006427195438,41.10834939661959,16.861073572647502,41.10708624166555,16.866809147339314,41.10707862373311,16.86759574699857,0.932068037166776,0.07169754132052124,2.038769297575308,0.03516706937160107,31.0,33.0
5_757,30706669,50319918#2,13,41.10724968510657,16.861006427195438,41.10834939661959,16.861073572647502,41.10793919315882,16.86772898735496,41.10803228893905,16.867731507230168,0.5319567234234865,0.04091974795565281,2.038769297575308,0.02007080840599196,31.0,33.0
5_758,30706669,50319918#3,14,41.10724968510657,16.861006427195438,41.10834939661959,16.861073572647502,41.10803228893905,16.867731507230168,41.10843334313823,16.867723226014,0.7596051923823139,0.05425751374159385,2.038769297575308,0.026612875623603847,31.0,33.0
5_759,30706669,50319918#7,18,41.10724968510657,16.861006427195438,41.10834939661959,16.861073572647502,41.10928540564486,16.867758931986803,41.11040987403336,16.867987672581428,0.9888854296699856,0.05493807942611031,2.038769297575308,0.026946687637217085,31.0,33.0
5_760,30706669,565496546#1,29,41.10724968510657,16.861006427195438,41.10834939661959,16.861073572647502,41.1045372400796,16.865201946666215,41.10454196713804,16.86509359531177,0.8629326688295361,0.029756298925156417,2.038769297575308,0.014595226130070405,31.0,33.0
5_761,30706669,96606441#0,7,41.10724968510657,16.861006427195438,41.10834939661959,16.861073572647502,41.11163796896053,16.862535602408425,41.10949006583287,16.860629422625397,0.904465066598265,0.12920929522832356,2.038769297575308,0.06337612371443456,31.0,33.0
5_762,30706677#4,-1135075614#0,15,41.10801703154833,16.86224329394429,41.10789333241272,16.86291336901386,41.10561139136639,16.860522875069222,41.10586594045665,16.860740368222224,0.9959524557836394,0.06639683038557596,2.8648369746263467,0.02317647774503327,32.0,0.0
5_763,30706677#4,-1135075615#1,13,41.10801703154833,16.86224329394429,41.10789333241272,16.86291336901386,41.10593006633324,16.86024451803452,41.1061540374003,16.860263940525165,0.9680414366202972,0.07446472589386902,2.8648369746263467,0.025992657367032643,32.0,0.0
5_764,30706677#4,-1296042207,15,41.10801703154833,16.86224329394429,41.10789333241272,16.86291336901386,41.10529931263373,16.864197719579735,41.105358063618205,16.8639291776279,0.8375478447474729,0.05583652298316486,2.8648369746263467,0.019490296822368917,32.0,0.0
5_765,30706677#4,-25654678,10,41.10801703154833,16.86224329394429,41.10789333241272,16.86291336901386,41.1094627412817,16.866643418109717,41.109145712663846,16.866535828107896,0.761549558444985,0.0761549558444985,2.8648369746263467,0.02658264903692511,32.0,0.0
5_766,30706677#4,-96606441#0,11,41.10801703154833,16.86224329394429,41.10789333241272,16.86291336901386,41.10949006583287,16.860629422625397,41.11163796896053,16.862535602408425,0.5931430424278608,0.05392209476616916,2.8648369746263467,0.018822046505177516,32.0,0.0
5_767,30706677#4,134805760#4,10,41.10801703154833,16.86224329394429,41.10789333241272,16.86291336901386,41.1084192109197,16.864915502792314,41.10833845965415,16.864946086143913,0.6960017576778754,0.06960017576778754,2.8648369746263467,0.024294637490451028,32.0,0.0
5_768,30706677#4,138440000#1,12,41.10801703154833,16.86224329394429,41.10789333241272,16.86291336901386,41.104628432580256,16.864632211357712,41.10471595316798,16.864645286345713,0.6709709558869293,0.055914246323910774,2.8648369746263467,0.019517426931842614,32.0,0.0
5_769,30706677#4,138440000#2,13,41.10801703154833,16.86224329394429,41.10789333241272,16.86291336901386,41.10471595316798,16.864645286345713,41.10482759798206,16.864586998125468,0.7066615289807099,0.0543585791523623,2.8648369746263467,0.018974405745880933,32.0,0.0
5_770,30706677#4,138440000#5,16,41.10801703154833,16.86224329394429,41.10789333241272,16.86291336901386,41.10530898236287,16.864507375939425,41.10554708846225,16.864538287566845,0.8327021215509992,0.05204388259693745,2.8648369746263467,0.01816643776168988,32.0,0.0
5_771,30706677#4,25634744#1,15,41.10801703154833,16.86224329394429,41.10789333241272,16.86291336901386,41.10912696164381,16.86880864147947,41.10856970665349,16.868667790168395,0.6089974696284207,0.04059983130856138,2.8648369746263467,0.014171777196451716,32.0,0.0
5_772,30706677#4,25654663#3,8,41.10801703154833,16.86224329394429,41.10789333241272,16.86291336901386,41.10895239218255,16.86221911717674,41.10894268872457,16.86225659494897,0.7130129001547465,0.08912661251934331,2.8648369746263467,0.03111053554136981,32.0,0.0
5_773,30706677#4,25654667#0,11,41.10801703154833,16.86224329394429,41.10789333241272,16.86291336901386,41.10833845965415,16.864946086143913,41.10833200545767,16.864777271379552,0.5345319229620382,0.04859381117836711,2.8648369746263467,0.016962155825535265,32.0,0.0
5_774,30706677#4,25654667#2,3,41.10801703154833,16.86224329394429,41.10789333241272,16.86291336901386,41.10824709326599,16.86294433106446,41.10819079997804,16.86228690958613,0.9491683647231721,0.316389454907724,2.8648369746263467,0.11043890375262623,32.0,0.0
5_775,30706677#4,25654670#0,5,41.10801703154833,16.86224329394429,41.10789333241272,16.86291336901386,41.10782776217365,16.86523947757342,41.10785184362109,16.86547667119293,0.8627318181919368,0.17254636363838738,2.8648369746263467,0.060229034031122196,32.0,0.0
5_776,30706677#4,25654670#2,7,41.10801703154833,16.86224329394429,41.10789333241272,16.86291336901386,41.10785321351032,16.86554780645669,41.107858556989214,16.86568502986514,0.5959738296157999,0.08513911851654284,2.8648369746263467,0.02971866087690638,32.0,0.0
5_777,30706677#4,25654899,19,41.10801703154833,16.86224329394429,41.10789333241272,16.86291336901386,41.104613512551694,16.867304504076483,41.10450067190532,16.868197409823733,0.6789885999344882,0.03573624210181517,2.8648369746263467,0.012474092738375159,32.0,0.0
5_778,30706677#4,25654998#1,17,41.10801703154833,16.86224329394429,41.10789333241272,16.86291336901386,41.103272808734914,16.86478843229521,41.10326869322043,16.864875721506277,0.9881692070409758,0.05812760041417504,2.8648369746263467,0.020290020314945312,32.0,0.0
5_779,30706677#4,25654998#2,18,41.10801703154833,16.86224329394429,41.10789333241272,16.86291336901386,41.10326869322043,16.864875721506277,41.10326306112503,16.86499547697651,0.5222404189736627,0.029013356609647926,2.8648369746263467,0.010127402315251137,32.0,0.0
5_780,30706677#4,25655001#4,19,41.10801703154833,16.86224329394429,41.10789333241272,16.86291336901386,41.10585670751274,16.866054557864008,41.10586778387464,16.865926854105435,0.9975525851638718,0.05250276764020378,2.8648369746263467,0.018326616175795337,32.0,0.0
5_781,30706677#4,25655018#2,20,41.10801703154833,16.86224329394429,41.10789333241272,16.86291336901386,41.10499011159529,16.86585948824938,41.10483199737708,16.8658838295608,0.5794130706735992,0.02897065353367996,2.8648369746263467,0.010112496379469735,32.0,0.0
5_782,30706677#4,25655054#5,13,41.10801703154833,16.86224329394429,41.10789333241272,16.86291336901386,41.10641564822287,16.8613154812676,41.10710483419146,16.861363888027807,0.9854721016618594,0.0758055462816815,2.8648369746263467,0.0264606841342407,32.0,0.0
5_783,30706677#4,295699555,9,41.10801703154833,16.86224329394429,41.10789333241272,16.86291336901386,41.10914574762715,16.86574982248076,41.10906564507099,16.86691322434958,0.5444523798379797,0.06049470887088663,2.8648369746263467,0.021116283197502642,32.0,0.0
5_784,30706677#4,30002092#1,8,41.10801703154833,16.86224329394429,41.10789333241272,16.86291336901386,41.10593974387052,16.86510993658547,41.10637833713364,16.865208689087556,0.9888250244794211,0.12360312805992764,2.8648369746263467,0.04314490812380306,32.0,0.0
5_785,30706677#4,30706585#8,8,41.10801703154833,16.86224329394429,41.10789333241272,16.86291336901386,41.10912734733775,16.863063779201443,41.10970529896603,16.86326757450766,0.7393068991865197,0.09241336239831496,2.8648369746263467,0.032257808460590745,32.0,0.0
5_786,30706677#4,30706669,8,41.10801703154833,16.86224329394429,41.10789333241272,16.86291336901386,41.10724968510657,16.861006427195438,41.10834939661959,16.861073572647502,0.6730918211656589,0.08413647764570736,2.8648369746263467,0.029368679052559726,32.0,0.0
5_787,30706677#4,30706677#5,2,41.10801703154833,16.86224329394429,41.10789333241272,16.86291336901386,41.10789333241272,16.86291336901386,41.107812671096845,16.86345068308876,0.9613154048700303,0.48065770243501516,2.8648369746263467,0.16777837855772093,32.0,0.0
5_788,30706677#4,318933773#10,9,41.10801703154833,16.86224329394429,41.10789333241272,16.86291336901386,41.10708624166555,16.866809147339314,41.10707862373311,16.86759574699857,0.9411447077292132,0.10457163419213479,2.8648369746263467,0.036501774836864426,32.0,0.0
5_789,30706677#4,50319918#2,9,41.10801703154833,16.86224329394429,41.10789333241272,16.86291336901386,41.10793919315882,16.86772898735496,41.10803228893905,16.867731507230168,0.8632674536332156,0.09591860595924617,2.8648369746263467,0.0334813487848664,32.0,0.0
5_790,30706677#4,50319918#3,10,41.10801703154833,16.86224329394429,41.10789333241272,16.86291336901386,41.10803228893905,16.867731507230168,41.10843334313823,16.867723226014,0.9514722173932944,0.09514722173932944,2.8648369746263467,0.03321208940754447,32.0,0.0
5_791,30706677#4,50319918#7,14,41.10801703154833,16.86224329394429,41.10789333241272,16.86291336901386,41.10928540564486,16.867758931986803,41.11040987403336,16.867987672581428,0.8009724651183089,0.05721231893702206,2.8648369746263467,0.019970532160729363,32.0,0.0
5_792,30706677#4,565496546#1,25,41.10801703154833,16.86224329394429,41.10789333241272,16.86291336901386,41.1045372400796,16.865201946666215,41.10454196713804,16.86509359531177,0.7152930866696179,0.028611723466784717,2.8648369746263467,0.009987208249613041,32.0,0.0
5_793,30706677#4,96606441#0,12,41.10801703154833,16.86224329394429,41.10789333241272,16.86291336901386,41.11163796896053,16.862535602408425,41.10949006583287,16.860629422625397,0.6099206226908719,0.050826718557572655,2.8648369746263467,0.017741574479714278,32.0,0.0
5_794,318933773#10,-1135075614#0,16,41.10708624166555,16.866809147339314,41.10707862373311,16.86759574699857,41.10561139136639,16.860522875069222,41.10586594045665,16.860740368222224,0.6739988582326146,0.042124928639538414,1.8292469230395823,0.023028563344275686,31.0,33.0
5_795,318933773#10,-1135075615#1,14,41.10708624166555,16.866809147339314,41.10707862373311,16.86759574699857,41.10593006633324,16.86024451803452,41.1061540374003,16.860263940525165,0.6387445913558607,0.04562461366827576,1.8292469230395823,0.024941746843265573,31.0,33.0
5_796,318933773#10,-1296042207,24,41.10708624166555,16.866809147339314,41.10707862373311,16.86759574699857,41.10529931263373,16.864197719579735,41.105358063618205,16.8639291776279,0.9500962693241568,0.039587344555173196,1.8292469230395823,0.02164133450578262,31.0,33.0
5_797,318933773#10,-25654678,12,41.10708624166555,16.866809147339314,41.10707862373311,16.86759574699857,41.1094627412817,16.866643418109717,41.109145712663846,16.866535828107896,0.5836687863111487,0.04863906552592906,1.8292469230395823,0.026589666443230957,31.0,33.0
5_798,318933773#10,-96606441#0,12,41.10708624166555,16.866809147339314,41.10707862373311,16.86759574699857,41.10949006583287,16.860629422625397,41.11163796896053,16.862535602408425,0.6805452306923752,0.05671210255769793,1.8292469230395823,0.03100297824388947,31.0,33.0
5_799,318933773#10,134805760#4,16,41.10708624166555,16.866809147339314,41.10707862373311,16.86759574699857,41.1084192109197,16.864915502792314,41.10833845965415,16.864946086143913,0.5480483754940595,0.03425302346837872,1.8292469230395823,0.018725204911899985,31.0,33.0
5_800,318933773#10,138440000#1,21,41.10708624166555,16.866809147339314,41.10707862373311,16.86759574699857,41.104628432580256,16.864632211357712,41.10471595316798,16.864645286345713,0.87678802504659,0.04175181071650429,1.8292469230395823,0.022824589830183817,31.0,33.0
5_801,318933773#10,138440000#2,22,41.10708624166555,16.866809147339314,41.10707862373311,16.86759574699857,41.10471595316798,16.864645286345713,41.10482759798206,16.864586998125468,0.8850487115424333,0.04022948688829242,1.8292469230395823,0.02199237641545122,31.0,33.0
5_802,318933773#10,138440000#5,25,41.10708624166555,16.866809147339314,41.10707862373311,16.86759574699857,41.10530898236287,16.864507375939425,41.10554708846225,16.864538287566845,0.6650568765684215,0.02660227506273686,1.8292469230395823,0.014542746923708355,31.0,33.0
5_803,318933773#10,25634744#1,12,41.10708624166555,16.866809147339314,41.10707862373311,16.86759574699857,41.10912696164381,16.86880864147947,41.10856970665349,16.868667790168395,0.9929463321494258,0.08274552767911882,1.8292469230395823,0.04523475023351362,31.0,33.0
5_804,318933773#10,25654663#3,14,41.10708624166555,16.866809147339314,41.10707862373311,16.86759574699857,41.10895239218255,16.86221911717674,41.10894268872457,16.86225659494897,0.7966087815112801,0.05690062725080572,1.8292469230395823,0.03110603961342537,31.0,33.0
5_805,318933773#10,25654667#0,17,41.10708624166555,16.866809147339314,41.10707862373311,16.86759574699857,41.10833845965415,16.864946086143913,41.10833200545767,16.864777271379552,0.6925998837157719,0.04074116963033952,1.8292469230395823,0.022272099582183055,31.0,33.0
5_806,318933773#10,25654667#2,9,41.10708624166555,16.866809147339314,41.10707862373311,16.86759574699857,41.10824709326599,16.86294433106446,41.10819079997804,16.86228690958613,0.5934696947905601,0.06594107719895112,1.8292469230395823,0.036048209986533485,31.0,33.0
5_807,318933773#10,25654670#0,8,41.10708624166555,16.866809147339314,41.10707862373311,16.86759574699857,41.10782776217365,16.86523947757342,41.10785184362109,16.86547667119293,0.9471793889711293,0.11839742362139116,1.8292469230395823,0.06472468103139141,31.0,33.0
5_808,318933773#10,25654670#2,10,41.10708624166555,16.866809147339314,41.10707862373311,16.86759574699857,41.10785321351032,16.86554780645669,41.107858556989214,16.86568502986514,0.7119360968750439,0.07119360968750439,1.8292469230395823,0.03891962795771988,31.0,33.0
5_809,318933773#10,25654899,11,41.10708624166555,16.866809147339314,41.10707862373311,16.86759574699857,41.104613512551694,16.867304504076483,41.10450067190532,16.868197409823733,0.6059684149283255,0.05508803772075687,1.8292469230395823,0.030115145761305646,31.0,33.0
5_810,318933773#10,25654998#1,26,41.10708624166555,16.866809147339314,41.10707862373311,16.86759574699857,41.103272808734914,16.86478843229521,41.10326869322043,16.864875721506277,0.8117419585492535,0.031220844559586673,1.8292469230395823,0.01706759441076895,31.0,33.0
5_811,318933773#10,25654998#2,27,41.10708624166555,16.866809147339314,41.10707862373311,16.86759574699857,41.10326869322043,16.864875721506277,41.10326306112503,16.86499547697651,0.9890755311136441,0.03663242707828311,1.8292469230395823,0.02002596074750398,31.0,33.0
5_812,318933773#10,25655001#4,11,41.10708624166555,16.866809147339314,41.10707862373311,16.86759574699857,41.10585670751274,16.866054557864008,41.10586778387464,16.865926854105435,0.906467904230603,0.082406173111873,1.8292469230395823,0.04504923423620806,31.0,33.0
5_813,318933773#10,25655018#2,12,41.10708624166555,16.866809147339314,41.10707862373311,16.86759574699857,41.10499011159529,16.86585948824938,41.10483199737708,16.8658838295608,0.5392504700856305,0.04493753917380254,1.8292469230395823,0.02456614173177437,31.0,33.0
5_814,318933773#10,25655054#5,20,41.10708624166555,16.866809147339314,41.10707862373311,16.86759574699857,41.10641564822287,16.8613154812676,41.10710483419146,16.861363888027807,0.7478326718604524,0.037391633593022625,1.8292469230395823,0.02044099849072892,31.0,33.0
5_815,318933773#10,295699555,11,41.10708624166555,16.866809147339314,41.10707862373311,16.86759574699857,41.10914574762715,16.86574982248076,41.10906564507099,16.86691322434958,0.9732971294756109,0.08848155722505553,1.8292469230395823,0.04837048301714755,31.0,33.0
5_816,318933773#10,30002092#1,14,41.10708624166555,16.866809147339314,41.10707862373311,16.86759574699857,41.10593974387052,16.86510993658547,41.10637833713364,16.865208689087556,0.8949425777146006,0.06392446983675719,1.8292469230395823,0.03494578508326071,31.0,33.0
5_817,318933773#10,30706585#8,14,41.10708624166555,16.866809147339314,41.10707862373311,16.86759574699857,41.10912734733775,16.863063779201443,41.10970529896603,16.86326757450766,0.7776737434504086,0.05554812453217204,1.8292469230395823,0.03036666282311962,31.0,33.0
5_818,318933773#10,30706669,9,41.10708624166555,16.866809147339314,41.10707862373311,16.86759574699857,41.10724968510657,16.861006427195438,41.10834939661959,16.861073572647502,0.5488624213353803,0.06098471348170892,1.8292469230395823,0.03333869950174534,31.0,33.0
5_819,318933773#10,30706677#5,8,41.10708624166555,16.866809147339314,41.10707862373311,16.86759574699857,41.10789333241272,16.86291336901386,41.107812671096845,16.86345068308876,0.9703264576645007,0.12129080720806258,1.8292469230395823,0.06630641587004492,31.0,33.0
5_820,318933773#10,50319918#2,6,41.10708624166555,16.866809147339314,41.10707862373311,16.86759574699857,41.10793919315882,16.86772898735496,41.10803228893905,16.867731507230168,0.5785117195019982,0.0964186199169997,1.8292469230395823,0.05270946131033254,31.0,33.0
5_821,318933773#10,50319918#3,7,41.10708624166555,16.866809147339314,41.10707862373311,16.86759574699857,41.10803228893905,16.867731507230168,41.10843334313823,16.867723226014,0.693259176635088,0.09903702523358399,1.8292469230395823,0.054140872938585216,31.0,33.0
5_822,318933773#10,50319918#7,11,41.10708624166555,16.866809147339314,41.10707862373311,16.86759574699857,41.10928540564486,16.867758931986803,41.11040987403336,16.867987672581428,0.535378517404161,0.04867077430946918,1.8292469230395823,0.02660700078073386,31.0,33.0
5_823,318933773#10,565496546#1,16,41.10708624166555,16.866809147339314,41.10707862373311,16.86759574699857,41.1045372400796,16.865201946666215,41.10454196713804,16.86509359531177,0.8289302027200118,0.05180813767000074,1.8292469230395823,0.028322112787219206,31.0,33.0
5_824,318933773#10,96606441#0,13,41.10708624166555,16.866809147339314,41.10707862373311,16.86759574699857,41.11163796896053,16.862535602408425,41.10949006583287,16.860629422625397,0.5715053790915334,0.04396195223781026,1.8292469230395823,0.024032814643066638,31.0,33.0
5_825,318933773#9,-1135075614#0,17,41.10709266966386,16.86613457574556,41.10708624166555,16.866809147339314,41.10561139136639,16.860522875069222,41.10586594045665,16.860740368222224,0.7813200842413166,0.045960004955371565,1.9575132641718762,0.023478770640573358,32.0,0.0
5_826,318933773#9,-1135075615#1,15,41.10709266966386,16.86613457574556,41.10708624166555,16.866809147339314,41.10593006633324,16.86024451803452,41.1061540374003,16.860263940525165,0.9769691997529568,0.06513127998353045,1.9575132641718762,0.03327245908143778,32.0,0.0
5_827,318933773#9,-1296042207,25,41.10709266966386,16.86613457574556,41.10708624166555,16.866809147339314,41.10529931263373,16.864197719579735,41.105358063618205,16.8639291776279,0.8631108000401075,0.0345244320016043,1.9575132641718762,0.017636882790783962,32.0,0.0
5_828,318933773#9,-25654678,13,41.10709266966386,16.86613457574556,41.10708624166555,16.866809147339314,41.1094627412817,16.866643418109717,41.109145712663846,16.866535828107896,0.9571699569890072,0.07362845822992363,1.9575132641718762,0.03761326146674775,32.0,0.0
5_829,318933773#9,-96606441#0,13,41.10709266966386,16.86613457574556,41.10708624166555,16.866809147339314,41.10949006583287,16.860629422625397,41.11163796896053,16.862535602408425,0.5286502173501142,0.04066540133462417,1.9575132641718762,0.020774010617919173,32.0,0.0
5_830,318933773#9,134805760#4,17,41.10709266966386,16.86613457574556,41.10708624166555,16.866809147339314,41.1084192109197,16.864915502792314,41.10833845965415,16.864946086143913,0.9838562813771283,0.05787389890453696,1.9575132641718762,0.02956500983354534,32.0,0.0
5_831,318933773#9,138440000#1,22,41.10709266966386,16.86613457574556,41.10708624166555,16.866809147339314,41.104628432580256,16.864632211357712,41.10471595316798,16.864645286345713,0.5090597538610679,0.023139079720957634,1.9575132641718762,0.01182065028343325,32.0,0.0
5_832,318933773#9,138440000#2,23,41.10709266966386,16.86613457574556,41.10708624166555,16.866809147339314,41.10471595316798,16.864645286345713,41.10482759798206,16.864586998125468,0.5096561665537117,0.022158963763204857,1.9575132641718762,0.011319955868896338,32.0,0.0
5_833,318933773#9,138440000#5,26,41.10709266966386,16.86613457574556,41.10708624166555,16.866809147339314,41.10530898236287,16.864507375939425,41.10554708846225,16.864538287566845,0.6902521073382736,0.026548157974548986,1.9575132641718762,0.013562185483213139,32.0,0.0
5_834,318933773#9,25634744#1,13,41.10709266966386,16.86613457574556,41.10708624166555,16.866809147339314,41.10912696164381,16.86880864147947,41.10856970665349,16.868667790168395,0.7622919941112376,0.05863784570086444,1.9575132641718762,0.029955273751706153,32.0,0.0
5_835,318933773#9,25654663#3,15,41.10709266966386,16.86613457574556,41.10708624166555,16.866809147339314,41.10895239218255,16.86221911717674,41.10894268872457,16.86225659494897,0.916835429872252,0.061122361991483465,1.9575132641718762,0.03122449441860677,32.0,0.0
5_836,318933773#9,25654667#0,18,41.10709266966386,16.86613457574556,41.10708624166555,16.866809147339314,41.10833845965415,16.864946086143913,41.10833200545767,16.864777271379552,0.6387457057179919,0.03548587253988844,1.9575132641718762,0.018128036825794232,32.0,0.0
5_837,318933773#9,25654667#2,10,41.10709266966386,16.86613457574556,41.10708624166555,16.866809147339314,41.10824709326599,16.86294433106446,41.10819079997804,16.86228690958613,0.865711247339293,0.0865711247339293,1.9575132641718762,0.04422505140497892,32.0,0.0
5_838,318933773#9,25654670#0,9,41.10709266966386,16.86613457574556,41.10708624166555,16.866809147339314,41.10782776217365,16.86523947757342,41.10785184362109,16.86547667119293,0.9435745783005433,0.10484161981117146,1.9575132641718762,0.053558574406659044,32.0,0.0
5_839,318933773#9,25654670#2,11,41.10709266966386,16.86613457574556,41.10708624166555,16.866809147339314,41.10785321351032,16.86554780645669,41.107858556989214,16.86568502986514,0.8198011230376789,0.07452737482160718,1.9575132641718762,0.03807247500472795,32.0,0.0
5_840,318933773#9,25654899,12,41.10709266966386,16.86613457574556,41.10708624166555,16.866809147339314,41.104613512551694,16.867304504076483,41.10450067190532,16.868197409823733,0.5651776520648593,0.047098137672071605,1.9575132641718762,0.024060188267483552,32.0,0.0
5_841,318933773#9,25654998#1,27,41.10709266966386,16.86613457574556,41.10708624166555,16.866809147339314,41.103272808734914,16.86478843229521,41.10326869322043,16.864875721506277,0.6677010352702022,0.02472966797297045,1.9575132641718762,0.012633205825776261,32.0,0.0
5_842,318933773#9,25654998#2,28,41.10709266966386,16.86613457574556,41.10708624166555,16.866809147339314,41.10326869322043,16.864875721506277,41.10326306112503,16.86499547697651,0.5727792883065737,0.020456403153806202,1.9575132641718762,0.010450198999014323,32.0,0.0
5_843,318933773#9,25655001#4,12,41.10709266966386,16.86613457574556,41.10708624166555,16.866809147339314,41.10585670751274,16.866054557864008,41.10586778387464,16.865926854105435,0.6181687783907386,0.05151406486589488,1.9575132641718762,0.026316074485292364,32.0,0.0
5_844,318933773#9,25655018#2,13,41.10709266966386,16.86613457574556,41.10708624166555,16.866809147339314,41.10499011159529,16.86585948824938,41.10483199737708,16.8658838295608,0.5201984092784782,0.04001526225219063,1.9575132641718762,0.020441885623247127,32.0,0.0
5_845,318933773#9,25655054#5,21,41.10709266966386,16.86613457574556,41.10708624166555,16.866809147339314,41.10641564822287,16.8613154812676,41.10710483419146,16.861363888027807,0.6409682862701808,0.030522299346199083,1.9575132641718762,0.015592384432251348,32.0,0.0
5_846,318933773#9,295699555,12,41.10709266966386,16.86613457574556,41.10708624166555,16.866809147339314,41.10914574762715,16.86574982248076,41.10906564507099,16.86691322434958,0.8631835723416592,0.07193196436180493,1.9575132641718762,0.03674660380512705,32.0,0.0
5_847,318933773#9,30002092#1,15,41.10709266966386,16.86613457574556,41.10708624166555,16.866809147339314,41.10593974387052,16.86510993658547,41.10637833713364,16.865208689087556,0.8454787059315254,0.05636524706210169,1.9575132641718762,0.028794311688072748,32.0,0.0
5_848,318933773#9,30706585#8,15,41.10709266966386,16.86613457574556,41.10708624166555,16.866809147339314,41.10912734733775,16.863063779201443,41.10970529896603,16.86326757450766,0.6495138203566824,0.04330092135711216,1.9575132641718762,0.022120371876729307,32.0,0.0
5_849,318933773#9,30706669,10,41.10709266966386,16.86613457574556,41.10708624166555,16.866809147339314,41.10724968510657,16.861006427195438,41.10834939661959,16.861073572647502,0.7643957858468844,0.07643957858468844,1.9575132641718762,0.03904932854543191,32.0,0.0
5_850,318933773#9,30706677#5,9,41.10709266966386,16.86613457574556,41.10708624166555,16.866809147339314,41.10789333241272,16.86291336901386,41.107812671096845,16.86345068308876,0.5556175055248376,0.061735278391648614,1.9575132641718762,0.031537604123344554,32.0,0.0
5_851,318933773#9,318933773#10,2,41.10709266966386,16.86613457574556,41.10708624166555,16.866809147339314,41.10708624166555,16.866809147339314,41.10707862373311,16.86759574699857,0.5921248915944648,0.2960624457972324,1.9575132641718762,0.151244158196027,32.0,0.0
5_852,318933773#9,50319918#2,7,41.10709266966386,16.86613457574556,41.10708624166555,16.866809147339314,41.10793919315882,16.86772898735496,41.10803228893905,16.867731507230168,0.5304017184356848,0.07577167406224068,1.9575132641718762,0.03870812803625921,32.0,0.0
5_853,318933773#9,50319918#3,8,41.10709266966386,16.86613457574556,41.10708624166555,16.866809147339314,41.10803228893905,16.867731507230168,41.10843334313823,16.867723226014,0.9202913491088283,0.11503641863860353,1.9575132641718762,0.05876661003738821,32.0,0.0
5_854,318933773#9,50319918#7,12,41.10709266966386,16.86613457574556,41.10708624166555,16.866809147339314,41.10928540564486,16.867758931986803,41.11040987403336,16.867987672581428,0.5709331906373105,0.04757776588644254,1.9575132641718762,0.024305207406382638,32.0,0.0
5_855,318933773#9,565496546#1,17,41.10709266966386,16.86613457574556,41.10708624166555,16.866809147339314,41.1045372400796,16.865201946666215,41.10454196713804,16.86509359531177,0.5598678641712618,0.0329334037747801,1.9575132641718762,0.016824102486331066,32.0,0.0
5_856,318933773#9,96606441#0,14,41.10709266966386,16.86613457574556,41.10708624166555,16.866809147339314,41.11163796896053,16.862535602408425,41.10949006583287,16.860629422625397,0.7728959633477808,0.05520685452484148,1.9575132641718762,0.028202544286818246,32.0,0.0
5_857,49195709#1,-1135075614#0,29,41.10773626939936,16.865332635383478,41.10782776217365,16.86523947757342,41.10561139136639,16.860522875069222,41.10586594045665,16.860740368222224,0.8470935985724302,0.02921012408870449,1.9567524721972116,0.014927858532819343,32.0,0.0
5_858,49195709#1,-1135075615#1,27,41.10773626939936,16.865332635383478,41.10782776217365,16.86523947757342,41.10593006633324,16.86024451803452,41.1061540374003,16.860263940525165,0.797539206894508,0.029538489144241033,1.9567524721972116,0.015095669771186057,32.0,0.0
5_859,49195709#1,-1296042207,39,41.10773626939936,16.865332635383478,41.10782776217365,16.86523947757342,41.10529931263373,16.864197719579735,41.105358063618205,16.8639291776279,0.6326762948996869,0.016222469099991973,1.9567524721972116,0.008290506505289336,32.0,0.0
5_860,49195709#1,-25654678,7,41.10773626939936,16.865332635383478,41.10782776217365,16.86523947757342,41.1094627412817,16.866643418109717,41.109145712663846,16.866535828107896,0.9068281727388416,0.1295468818198345,1.9567524721972116,0.06620504313167828,32.0,0.0
5_861,49195709#1,-96606441#0,25,41.10773626939936,16.865332635383478,41.10782776217365,16.86523947757342,41.10949006583287,16.860629422625397,41.11163796896053,16.862535602408425,0.5814602920909677,0.023258411683638708,1.9567524721972116,0.01188623089231217,32.0,0.0
5_862,49195709#1,134805760#4,29,41.10773626939936,16.865332635383478,41.10782776217365,16.86523947757342,41.1084192109197,16.864915502792314,41.10833845965415,16.864946086143913,0.5590728359499086,0.019278373653445126,1.9567524721972116,0.009852229102742716,32.0,0.0
5_863,49195709#1,138440000#1,36,41.10773626939936,16.865332635383478,41.10782776217365,16.86523947757342,41.104628432580256,16.864632211357712,41.10471595316798,16.864645286345713,0.9743225548842275,0.02706451541345076,1.9567524721972116,0.013831343411085804,32.0,0.0
5_864,49195709#1,138440000#2,37,41.10773626939936,16.865332635383478,41.10782776217365,16.86523947757342,41.10471595316798,16.864645286345713,41.10482759798206,16.864586998125468,0.5866692076753919,0.01585592453176735,1.9567524721972116,0.008103183594786999,32.0,0.0
5_865,49195709#1,138440000#5,40,41.10773626939936,16.865332635383478,41.10782776217365,16.86523947757342,41.10530898236287,16.864507375939425,41.10554708846225,16.864538287566845,0.587882099457298,0.01469705248643245,1.9567524721972116,0.007510941059361138,32.0,0.0
5_866,49195709#1,25634744#1,12,41.10773626939936,16.865332635383478,41.10782776217365,16.86523947757342,41.10912696164381,16.86880864147947,41.10856970665349,16.868667790168395,0.5632543897780478,0.04693786581483731,1.9567524721972116,0.023987635882289905,32.0,0.0
5_867,49195709#1,25654663#3,27,41.10773626939936,16.865332635383478,41.10782776217365,16.86523947757342,41.10895239218255,16.86221911717674,41.10894268872457,16.86225659494897,0.9626373841414555,0.03565323644968354,1.9567524721972116,0.018220616534930956,32.0,0.0
5_868,49195709#1,25654667#0,30,41.10773626939936,16.865332635383478,41.10782776217365,16.86523947757342,41.10833845965415,16.864946086143913,41.10833200545767,16.864777271379552,0.7820200290797097,0.02606733430265699,1.9567524721972116,0.013321733164024739,32.0,0.0
5_869,49195709#1,25654667#2,22,41.10773626939936,16.865332635383478,41.10782776217365,16.86523947757342,41.10824709326599,16.86294433106446,41.10819079997804,16.86228690958613,0.5477087535739096,0.02489585243517771,1.9567524721972116,0.012723046368364868,32.0,0.0
5_870,49195709#1,25654670#0,2,41.10773626939936,16.865332635383478,41.10782776217365,16.86523947757342,41.10782776217365,16.86523947757342,41.10785184362109,16.86547667119293,0.9416882926232446,0.4708441463116223,1.9567524721972116,0.24062529778379052,32.0,0.0
5_871,49195709#1,25654670#2,4,41.10773626939936,16.865332635383478,41.10782776217365,16.86523947757342,41.10785321351032,16.86554780645669,41.107858556989214,16.86568502986514,0.8666563968927566,0.21666409922318916,1.9567524721972116,0.11072637050505417,32.0,0.0
5_872,49195709#1,25654899,26,41.10773626939936,16.865332635383478,41.10782776217365,16.86523947757342,41.104613512551694,16.867304504076483,41.10450067190532,16.868197409823733,0.5378636527466455,0.020687063567178674,1.9567524721972116,0.010572141270351606,32.0,0.0
5_873,49195709#1,25654998#1,41,41.10773626939936,16.865332635383478,41.10782776217365,16.86523947757342,41.103272808734914,16.86478843229521,41.10326869322043,16.864875721506277,0.6982959716969989,0.01703160906578046,1.9567524721972116,0.008704018166720848,32.0,0.0
5_874,49195709#1,25654998#2,42,41.10773626939936,16.865332635383478,41.10782776217365,16.86523947757342,41.10326869322043,16.864875721506277,41.10326306112503,16.86499547697651,0.6590603065862296,0.015691912061576895,1.9567524721972116,0.008019364883672105,32.0,0.0
5_875,49195709#1,25655001#4,26,41.10773626939936,16.865332635383478,41.10782776217365,16.86523947757342,41.10585670751274,16.866054557864008,41.10586778387464,16.865926854105435,0.690738151701322,0.026566851988512385,1.9567524721972116,0.013577012098357447,32.0,0.0
5_876,49195709#1,25655018#2,27,41.10773626939936,16.865332635383478,41.10782776217365,16.86523947757342,41.10499011159529,16.86585948824938,41.10483199737708,16.8658838295608,0.9963588578077922,0.036902179918807114,1.9567524721972116,0.018858890147393115,32.0,0.0
5_877,49195709#1,25655054#5,35,41.10773626939936,16.865332635383478,41.10782776217365,16.86523947757342,41.10641564822287,16.8613154812676,41.10710483419146,16.861363888027807,0.6075123343498303,0.01735749526713801,1.9567524721972116,0.008870562584570293,32.0,0.0
5_878,49195709#1,295699555,6,41.10773626939936,16.865332635383478,41.10782776217365,16.86523947757342,41.10914574762715,16.86574982248076,41.10906564507099,16.86691322434958,0.8276884557414838,0.13794807595691394,1.9567524721972116,0.07049848047566991,32.0,0.0
5_879,49195709#1,30002092#1,29,41.10773626939936,16.865332635383478,41.10782776217365,16.86523947757342,41.10593974387052,16.86510993658547,41.10637833713364,16.865208689087556,0.5144746338573525,0.017740504615770775,1.9567524721972116,0.009066299834976161,32.0,0.0
5_880,49195709#1,30706585#8,27,41.10773626939936,16.865332635383478,41.10782776217365,16.86523947757342,41.10912734733775,16.863063779201443,41.10970529896603,16.86326757450766,0.7020967984460107,0.026003585127630024,1.9567524721972116,0.013289154094401599,32.0,0.0
5_881,49195709#1,30706669,22,41.10773626939936,16.865332635383478,41.10782776217365,16.86523947757342,41.10724968510657,16.861006427195438,41.10834939661959,16.861073572647502,0.6491129769864126,0.02950513531756421,1.9567524721972116,0.015078624269953409,32.0,0.0
5_882,49195709#1,30706677#5,21,41.10773626939936,16.865332635383478,41.10782776217365,16.86523947757342,41.10789333241272,16.86291336901386,41.107812671096845,16.86345068308876,0.793599058696265,0.03779043136648881,1.9567524721972116,0.019312831798318584,32.0,0.0
5_883,49195709#1,318933773#10,21,41.10773626939936,16.865332635383478,41.10782776217365,16.86523947757342,41.10708624166555,16.866809147339314,41.10707862373311,16.86759574699857,0.6896013831089142,0.03283816110042448,1.9567524721972116,0.016781969905243527,32.0,0.0
5_884,49195709#1,50319918#2,6,41.10773626939936,16.865332635383478,41.10782776217365,16.86523947757342,41.10793919315882,16.86772898735496,41.10803228893905,16.867731507230168,0.9903727382504613,0.16506212304174356,1.9567524721972116,0.08435513708915746,32.0,0.0
5_885,49195709#1,50319918#3,7,41.10773626939936,16.865332635383478,41.10782776217365,16.86523947757342,41.10803228893905,16.867731507230168,41.10843334313823,16.867723226014,0.8343285064094554,0.1191897866299222,1.9567524721972116,0.06091204090627036,32.0,0.0
5_886,49195709#1,50319918#7,11,41.10773626939936,16.865332635383478,41.10782776217365,16.86523947757342,41.10928540564486,16.867758931986803,41.11040987403336,16.867987672581428,0.712286107013226,0.06475328245574782,1.9567524721972116,0.033092219570847,32.0,0.0
5_887,49195709#1,565496546#1,31,41.10773626939936,16.865332635383478,41.10782776217365,16.86523947757342,41.1045372400796,16.865201946666215,41.10454196713804,16.86509359531177,0.9081946227471964,0.02929660073378053,1.9567524721972116,0.014972052495164992,32.0,0.0
5_888,49195709#1,96606441#0,26,41.10773626939936,16.865332635383478,41.10782776217365,16.86523947757342,41.11163796896053,16.862535602408425,41.10949006583287,16.860629422625397,0.9529753356125151,0.03665289752355828,1.9567524721972116,0.018731494169214578,32.0,0.0
5_889,49195709#4,-1135075614#0,30,41.1083835874477,16.865507803568516,41.10893936039052,16.865684789570597,41.10561139136639,16.860522875069222,41.10586594045665,16.860740368222224,0.6403775346763148,0.021345917822543824,1.3677263506518555,0.015606863033947108,32.0,0.0
5_890,49195709#4,-1135075615#1,28,41.1083835874477,16.865507803568516,41.10893936039052,16.865684789570597,41.10593006633324,16.86024451803452,41.1061540374003,16.860263940525165,0.9220168650559171,0.03292917375199703,1.3677263506518555,0.024075849482831896,32.0,0.0
5_891,49195709#4,-1296042207,40,41.1083835874477,16.865507803568516,41.10893936039052,16.865684789570597,41.10529931263373,16.864197719579735,41.105358063618205,16.8639291776279,0.7859042594070813,0.019647606485177035,1.3677263506518555,0.014365158992376675,32.0,0.0
5_892,49195709#4,-25654678,4,41.1083835874477,16.865507803568516,41.10893936039052,16.865684789570597,41.1094627412817,16.866643418109717,41.109145712663846,16.866535828107896,0.5660766491045273,0.14151916227613182,1.3677263506518555,0.10347037783448719,32.0,0.0
5_893,49195709#4,-96606441#0,26,41.1083835874477,16.865507803568516,41.10893936039052,16.865684789570597,41.10949006583287,16.860629422625397,41.11163796896053,16.862535602408425,0.9239779771703913,0.035537614506553517,1.3677263506518555,0.025982985916456435,32.0,0.0
5_894,49195709#4,134805760#4,30,41.1083835874477,16.865507803568516,41.10893936039052,16.865684789570597,41.1084192109197,16.864915502792314,41.10833845965415,16.864946086143913,0.5384459502154695,0.01794819834051565,1.3677263506518555,0.013122653030675014,32.0,0.0
5_895,49195709#4,138440000#1,37,41.1083835874477,16.865507803568516,41.10893936039052,16.865684789570597,41.104628432580256,16.864632211357712,41.10471595316798,16.864645286345713,0.7903553619379644,0.021360955728053094,1.3677263506518555,0.015617857854294105,32.0,0.0
5_896,49195709#4,138440000#2,38,41.1083835874477,16.865507803568516,41.10893936039052,16.865684789570597,41.10471595316798,16.864645286345713,41.10482759798206,16.864586998125468,0.8692992602260148,0.02287629632173723,1.3677263506518555,0.01672578459195031,32.0,0.0
5_897,49195709#4,138440000#5,41,41.1083835874477,16.865507803568516,41.10893936039052,16.865684789570597,41.10530898236287,16.864507375939425,41.10554708846225,16.864538287566845,0.6479837912067796,0.015804482712360478,1.3677263506518555,0.011555295914879533,32.0,0.0
5_898,49195709#4,25634744#1,6,41.1083835874477,16.865507803568516,41.10893936039052,16.865684789570597,41.10912696164381,16.86880864147947,41.10856970665349,16.868667790168395,0.8088227991575958,0.13480379985959928,1.3677263506518555,0.0985605050274509,32.0,0.0
5_899,49195709#4,25654663#3,28,41.1083835874477,16.865507803568516,41.10893936039052,16.865684789570597,41.10895239218255,16.86221911717674,41.10894268872457,16.86225659494897,0.6485823559185552,0.023163655568519827,1.3677263506518555,0.016935884548455234,32.0,0.0
5_900,49195709#4,25654667#0,31,41.1083835874477,16.865507803568516,41.10893936039052,16.865684789570597,41.10833845965415,16.864946086143913,41.10833200545767,16.864777271379552,0.5294065050591761,0.017077629195457293,1.3677263506518555,0.012486144752068372,32.0,0.0
5_901,49195709#4,25654667#2,23,41.1083835874477,16.865507803568516,41.10893936039052,16.865684789570597,41.10824709326599,16.86294433106446,41.10819079997804,16.86228690958613,0.9259784152949305,0.040259931099779586,1.3677263506518555,0.02943566239006201,32.0,0.0
5_902,49195709#4,25654670#0,22,41.1083835874477,16.865507803568516,41.10893936039052,16.865684789570597,41.10782776217365,16.86523947757342,41.10785184362109,16.86547667119293,0.5775732555273666,0.026253329796698484,1.3677263506518555,0.019194870219606575,32.0,0.0
5_903,49195709#4,25654670#2,24,41.1083835874477,16.865507803568516,41.10893936039052,16.865684789570597,41.10785321351032,16.86554780645669,41.107858556989214,16.86568502986514,0.7752719532929393,0.03230299805387247,1.3677263506518555,0.023618027128363014,32.0,0.0
5_904,49195709#4,25654899,27,41.1083835874477,16.865507803568516,41.10893936039052,16.865684789570597,41.104613512551694,16.867304504076483,41.10450067190532,16.868197409823733,0.7396396850089575,0.027394062407739166,1.3677263506518555,0.020028905924553704,32.0,0.0
5_905,49195709#4,25654998#1,42,41.1083835874477,16.865507803568516,41.10893936039052,16.865684789570597,41.103272808734914,16.86478843229521,41.10326869322043,16.864875721506277,0.7640153773586285,0.018190842318062582,1.3677263506518555,0.013300059847054102,32.0,0.0
5_906,49195709#4,25654998#2,43,41.1083835874477,16.865507803568516,41.10893936039052,16.865684789570597,41.10326869322043,16.864875721506277,41.10326306112503,16.86499547697651,0.6035079866399009,0.014035069456741881,1.3677263506518555,0.010261606387895354,32.0,0.0
5_907,49195709#4,25655001#4,27,41.1083835874477,16.865507803568516,41.10893936039052,16.865684789570597,41.10585670751274,16.866054557864008,41.10586778387464,16.865926854105435,0.7233352102493331,0.02679019297219752,1.3677263506518555,0.019587392579977252,32.0,0.0
5_908,49195709#4,25655018#2,28,41.1083835874477,16.865507803568516,41.10893936039052,16.865684789570597,41.10499011159529,16.86585948824938,41.10483199737708,16.8658838295608,0.6664120882927251,0.02380043172474018,1.3677263506518555,0.01740145732616539,32.0,0.0
5_909,49195709#4,25655054#5,36,41.1083835874477,16.865507803568516,41.10893936039052,16.865684789570597,41.10641564822287,16.8613154812676,41.10710483419146,16.861363888027807,0.5038224641907327,0.013995068449742576,1.3677263506518555,0.010232360035377365,32.0,0.0
5_910,49195709#4,295699555,3,41.1083835874477,16.865507803568516,41.10893936039052,16.865684789570597,41.10914574762715,16.86574982248076,41.10906564507099,16.86691322434958,0.5630622703141195,0.18768742343803982,1.3677263506518555,0.13722585906792567,32.0,0.0
5_911,49195709#4,30002092#1,30,41.1083835874477,16.865507803568516,41.10893936039052,16.865684789570597,41.10593974387052,16.86510993658547,41.10637833713364,16.865208689087556,0.5684600283413197,0.018948667611377323,1.3677263506518555,0.01385413654006624,32.0,0.0
5_912,49195709#4,30706585#8,28,41.1083835874477,16.865507803568516,41.10893936039052,16.865684789570597,41.10912734733775,16.863063779201443,41.10970529896603,16.86326757450766,0.6342248845282061,0.02265088873315022,1.3677263506518555,0.016560979996002017,32.0,0.0
5_913,49195709#4,30706669,23,41.1083835874477,16.865507803568516,41.10893936039052,16.865684789570597,41.10724968510657,16.861006427195438,41.10834939661959,16.861073572647502,0.5383663645031642,0.023407233239268008,1.3677263506518555,0.017113974025661033,32.0,0.0
5_914,49195709#4,30706677#5,22,41.1083835874477,16.865507803568516,41.10893936039052,16.865684789570597,41.10789333241272,16.86291336901386,41.107812671096845,16.86345068308876,0.565405679661495,0.02570025816643159,1.3677263506518555,0.01879049720302815,32.0,0.0
5_915,49195709#4,318933773#10,22,41.1083835874477,16.865507803568516,41.10893936039052,16.865684789570597,41.10708624166555,16.866809147339314,41.10707862373311,16.86759574699857,0.8757215151700088,0.03980552341681858,1.3677263506518555,0.029103426572023968,32.0,0.0
5_916,49195709#4,50319918#2,20,41.1083835874477,16.865507803568516,41.10893936039052,16.865684789570597,41.10793919315882,16.86772898735496,41.10803228893905,16.867731507230168,0.8197708194237662,0.040988540971188314,1.3677263506518555,0.029968378507625636,32.0,0.0
5_917,49195709#4,50319918#3,21,41.1083835874477,16.865507803568516,41.10893936039052,16.865684789570597,41.10803228893905,16.867731507230168,41.10843334313823,16.867723226014,0.931158441045173,0.044340878145008235,1.3677263506518555,0.03241940767162632,32.0,0.0
5_918,49195709#4,50319918#7,5,41.1083835874477,16.865507803568516,41.10893936039052,16.865684789570597,41.10928540564486,16.867758931986803,41.11040987403336,16.867987672581428,0.9823565343295775,0.19647130686591552,1.3677263506518555,0.1436481111680547,32.0,0.0
5_919,49195709#4,565496546#1,32,41.1083835874477,16.865507803568516,41.10893936039052,16.865684789570597,41.1045372400796,16.865201946666215,41.10454196713804,16.86509359531177,0.6523494419964717,0.02038592006238974,1.3677263506518555,0.014904969881346406,32.0,0.0
5_920,49195709#4,96606441#0,27,41.1083835874477,16.865507803568516,41.10893936039052,16.865684789570597,41.11163796896053,16.862535602408425,41.10949006583287,16.860629422625397,0.548188861159289,0.02030329115404774,1.3677263506518555,0.014844556547712365,32.0,0.0
5_921,49195709#5,-1135075614#0,29,41.10893936039052,16.865684789570597,41.10914574762715,16.86574982248076,41.10561139136639,16.860522875069222,41.10586594045665,16.860740368222224,0.542199278278221,0.018696526837180035,1.9015614993956527,0.009832196772558813,32.0,0.0
5_922,49195709#5,-1135075615#1,27,41.10893936039052,16.865684789570597,41.10914574762715,16.86574982248076,41.10593006633324,16.86024451803452,41.1061540374003,16.860263940525165,0.9705346224077863,0.03594572675584393,1.9015614993956527,0.01890326806010117,32.0,0.0
5_923,49195709#5,-1296042207,39,41.10893936039052,16.865684789570597,41.10914574762715,16.86574982248076,41.10529931263373,16.864197719579735,41.105358063618205,16.8639291776279,0.5114320387662208,0.013113642019646687,1.9015614993956527,0.006896249226656312,32.0,0.0
5_924,49195709#5,-25654678,3,41.10893936039052,16.865684789570597,41.10914574762715,16.86574982248076,41.1094627412817,16.866643418109717,41.109145712663846,16.866535828107896,0.7797296298698594,0.25990987662328646,1.9015614993956527,0.1366823406478781,32.0,0.0
5_925,49195709#5,-96606441#0,25,41.10893936039052,16.865684789570597,41.10914574762715,16.86574982248076,41.10949006583287,16.860629422625397,41.11163796896053,16.862535602408425,0.5236897609535285,0.02094759043814114,1.9015614993956527,0.011015994194665082,32.0,0.0
5_926,49195709#5,134805760#4,29,41.10893936039052,16.865684789570597,41.10914574762715,16.86574982248076,41.1084192109197,16.864915502792314,41.10833845965415,16.864946086143913,0.6962560338207792,0.02400882875244066,1.9015614993956527,0.012625849208700881,32.0,0.0
5_927,49195709#5,138440000#1,36,41.10893936039052,16.865684789570597,41.10914574762715,16.86574982248076,41.104628432580256,16.864632211357712,41.10471595316798,16.864645286345713,0.5669728621388257,0.015749246170522934,1.9015614993956527,0.008282270216097823,32.0,0.0
5_928,49195709#5,138440000#2,37,41.10893936039052,16.865684789570597,41.10914574762715,16.86574982248076,41.10471595316798,16.864645286345713,41.10482759798206,16.864586998125468,0.7491941412177143,0.02024849030318147,1.9015614993956527,0.01064834890147743,32.0,0.0
5_929,49195709#5,138440000#5,40,41.10893936039052,16.865684789570597,41.10914574762715,16.86574982248076,41.10530898236287,16.864507375939425,41.10554708846225,16.864538287566845,0.9409962629864036,0.023524906574660092,1.9015614993956527,0.012371362473491755,32.0,0.0
5_930,49195709#5,25634744#1,5,41.10893936039052,16.865684789570597,41.10914574762715,16.86574982248076,41.10912696164381,16.86880864147947,41.10856970665349,16.868667790168395,0.8478105830000451,0.16956211660000903,1.9015614993956527,0.089169935683857,32.0,0.0
5_931,49195709#5,25654663#3,27,41.10893936039052,16.865684789570597,41.10914574762715,16.86574982248076,41.10895239218255,16.86221911717674,41.10894268872457,16.86225659494897,0.579994184140586,0.021481266079280963,1.9015614993956527,0.011296645460116888,32.0,0.0
5_932,49195709#5,25654667#0,30,41.10893936039052,16.865684789570597,41.10914574762715,16.86574982248076,41.10833845965415,16.864946086143913,41.10833200545767,16.864777271379552,0.6281428152661276,0.020938093842204252,1.9015614993956527,0.011011000090640623,32.0,0.0
5_933,49195709#5,25654667#2,22,41.10893936039052,16.865684789570597,41.10914574762715,16.86574982248076,41.10824709326599,16.86294433106446,41.10819079997804,16.86228690958613,0.9482370394486237,0.04310168361130108,1.9015614993956527,0.022666468386638824,32.0,0.0
5_934,49195709#5,25654670#0,21,41.10893936039052,16.865684789570597,41.10914574762715,16.86574982248076,41.10782776217365,16.86523947757342,41.10785184362109,16.86547667119293,0.9419044661542224,0.04485259362639154,1.9015614993956527,0.023587243242275586,32.0,0.0
5_935,49195709#5,25654670#2,23,41.10893936039052,16.865684789570597,41.10914574762715,16.86574982248076,41.10785321351032,16.86554780645669,41.107858556989214,16.86568502986514,0.536062988237258,0.02330708644509817,1.9015614993956527,0.01225681444039835,32.0,0.0
5_936,49195709#5,25654899,26,41.10893936039052,16.865684789570597,41.10914574762715,16.86574982248076,41.104613512551694,16.867304504076483,41.10450067190532,16.868197409823733,0.944369053838159,0.036321886686083035,1.9015614993956527,0.01910108439702146,32.0,0.0
5_937,49195709#5,25654998#1,41,41.10893936039052,16.865684789570597,41.10914574762715,16.86574982248076,41.103272808734914,16.86478843229521,41.10326869322043,16.864875721506277,0.9950563528752794,0.0242696671432995,1.9015614993956527,0.012763019839754221,32.0,0.0
5_938,49195709#5,25654998#2,42,41.10893936039052,16.865684789570597,41.10914574762715,16.86574982248076,41.10326869322043,16.864875721506277,41.10326306112503,16.86499547697651,0.6000637487678386,0.014287232113519966,1.9015614993956527,0.00751342100587369,32.0,0.0
5_939,49195709#5,25655001#4,26,41.10893936039052,16.865684789570597,41.10914574762715,16.86574982248076,41.10585670751274,16.866054557864008,41.10586778387464,16.865926854105435,0.6645779188717607,0.02556068918737541,1.9015614993956527,0.01344194715527161,32.0,0.0
5_940,49195709#5,25655018#2,27,41.10893936039052,16.865684789570597,41.10914574762715,16.86574982248076,41.10499011159529,16.86585948824938,41.10483199737708,16.8658838295608,0.6864657733264428,0.02542465827134973,1.9015614993956527,0.013370410727936016,32.0,0.0
5_941,49195709#5,25655054#5,35,41.10893936039052,16.865684789570597,41.10914574762715,16.86574982248076,41.10641564822287,16.8613154812676,41.10710483419146,16.861363888027807,0.9811566073648461,0.028033045924709888,1.9015614993956527,0.014742119007783471,32.0,0.0
5_942,49195709#5,295699555,2,41.10893936039052,16.865684789570597,41.10914574762715,16.86574982248076,41.10914574762715,16.86574982248076,41.10906564507099,16.86691322434958,0.9114440139237381,0.45572200696186904,1.9015614993956527,0.23965672796104937,32.0,0.0
5_943,49195709#5,30002092#1,29,41.10893936039052,16.865684789570597,41.10914574762715,16.86574982248076,41.10593974387052,16.86510993658547,41.10637833713364,16.865208689087556,0.6805963999602065,0.023468841377938154,1.9015614993956527,0.012341878706209047,32.0,0.0
5_944,49195709#5,30706585#8,27,41.10893936039052,16.865684789570597,41.10914574762715,16.86574982248076,41.10912734733775,16.863063779201443,41.10970529896603,16.86326757450766,0.8659093717263842,0.03207071747134756,1.9015614993956527,0.016865464241645697,32.0,0.0
5_945,49195709#5,30706669,22,41.10893936039052,16.865684789570597,41.10914574762715,16.86574982248076,41.10724968510657,16.861006427195438,41.10834939661959,16.861073572647502,0.9408678274513382,0.04276671942960628,1.9015614993956527,0.022490316218117715,32.0,0.0
5_946,49195709#5,30706677#5,21,41.10893936039052,16.865684789570597,41.10914574762715,16.86574982248076,41.10789333241272,16.86291336901386,41.107812671096845,16.86345068308876,0.5687687041676346,0.027084224007982598,1.9015614993956527,0.014243149125910683,32.0,0.0
5_947,49195709#5,318933773#10,21,41.10893936039052,16.865684789570597,41.10914574762715,16.86574982248076,41.10708624166555,16.866809147339314,41.10707862373311,16.86759574699857,0.5376214668603212,0.025601022231443865,1.9015614993956527,0.013463157641538435,32.0,0.0
5_948,49195709#5,50319918#2,19,41.10893936039052,16.865684789570597,41.10914574762715,16.86574982248076,41.10793919315882,16.86772898735496,41.10803228893905,16.867731507230168,0.9308034333236399,0.04898965438545473,1.9015614993956527,0.025762855632607436,32.0,0.0
5_949,49195709#5,50319918#3,20,41.10893936039052,16.865684789570597,41.10914574762715,16.86574982248076,41.10803228893905,16.867731507230168,41.10843334313823,16.867723226014,0.9874180660263433,0.049370903301317166,1.9015614993956527,0.025963348183589145,32.0,0.0
5_950,49195709#5,50319918#7,4,41.10893936039052,16.865684789570597,41.10914574762715,16.86574982248076,41.10928540564486,16.867758931986803,41.11040987403336,16.867987672581428,0.9444299469779298,0.23610748674448245,1.9015614993956527,0.12416505425647358,32.0,0.0
5_951,49195709#5,565496546#1,31,41.10893936039052,16.865684789570597,41.10914574762715,16.86574982248076,41.1045372400796,16.865201946666215,41.10454196713804,16.86509359531177,0.5182929667480913,0.01671912795961585,1.9015614993956527,0.008792315139389108,32.0,0.0
5_952,49195709#5,96606441#0,26,41.10893936039052,16.865684789570597,41.10914574762715,16.86574982248076,41.11163796896053,16.862535602408425,41.10949006583287,16.860629422625397,0.8937744794957958,0.03437594151906907,1.9015614993956527,0.01807774375427474,32.0,0.0
5_953,50319918#2,-1135075614#0,24,41.10793919315882,16.86772898735496,41.10803228893905,16.867731507230168,41.10561139136639,16.860522875069222,41.10586594045665,16.860740368222224,0.8763169375742265,0.036513205732259434,1.5397360732004686,0.023713937971436703,31.0,33.0
5_954,50319918#2,-1135075615#1,22,41.10793919315882,16.86772898735496,41.10803228893905,16.867731507230168,41.10593006633324,16.86024451803452,41.1061540374003,16.860263940525165,0.6797256307303807,0.03089661957865367,1.5397360732004686,0.020066178948728853,31.0,33.0
5_955,50319918#2,-1296042207,34,41.10793919315882,16.86772898735496,41.10803228893905,16.867731507230168,41.10529931263373,16.864197719579735,41.105358063618205,16.8639291776279,0.7642222985345474,0.02247712642748669,1.5397360732004686,0.014598038468220158,31.0,33.0
5_956,50319918#2,-25654678,7,41.10793919315882,16.86772898735496,41.10803228893905,16.867731507230168,41.1094627412817,16.866643418109717,41.109145712663846,16.866535828107896,0.7797319353309204,0.11139027647584578,1.5397360732004686,0.07234374670738986,31.0,33.0
5_957,50319918#2,-96606441#0,20,41.10793919315882,16.86772898735496,41.10803228893905,16.867731507230168,41.10949006583287,16.860629422625397,41.11163796896053,16.862535602408425,0.9251236126023654,0.04625618063011827,1.5397360732004686,0.030041629494313906,31.0,33.0
5_958,50319918#2,134805760#4,24,41.10793919315882,16.86772898735496,41.10803228893905,16.867731507230168,41.1084192109197,16.864915502792314,41.10833845965415,16.864946086143913,0.6319613056929256,0.026331721070538567,1.5397360732004686,0.01710145104011619,31.0,33.0
5_959,50319918#2,138440000#1,31,41.10793919315882,16.86772898735496,41.10803228893905,16.867731507230168,41.104628432580256,16.864632211357712,41.10471595316798,16.864645286345713,0.6931903259506969,0.022360978256474092,1.5397360732004686,0.014522604650026126,31.0,33.0
5_960,50319918#2,138440000#2,32,41.10793919315882,16.86772898735496,41.10803228893905,16.867731507230168,41.10471595316798,16.864645286345713,41.10482759798206,16.864586998125468,0.7029074984748374,0.021965859327338667,1.5397360732004686,0.01426598993792541,31.0,33.0
5_961,50319918#2,138440000#5,35,41.10793919315882,16.86772898735496,41.10803228893905,16.867731507230168,41.10530898236287,16.864507375939425,41.10554708846225,16.864538287566845,0.6821931231447836,0.01949123208985096,1.5397360732004686,0.012658813694828118,31.0,33.0
5_962,50319918#2,25634744#1,7,41.10793919315882,16.86772898735496,41.10803228893905,16.867731507230168,41.10912696164381,16.86880864147947,41.10856970665349,16.868667790168395,0.6978540232063065,0.09969343188661521,1.5397360732004686,0.06474709115530052,31.0,33.0
5_963,50319918#2,25654663#3,22,41.10793919315882,16.86772898735496,41.10803228893905,16.867731507230168,41.10895239218255,16.86221911717674,41.10894268872457,16.86225659494897,0.5774324706134143,0.026246930482427922,1.5397360732004686,0.01704638277901193,31.0,33.0
5_964,50319918#2,25654667#0,25,41.10793919315882,16.86772898735496,41.10803228893905,16.867731507230168,41.10833845965415,16.864946086143913,41.10833200545767,16.864777271379552,0.6057820968910592,0.02423128387564237,1.5397360732004686,0.015737296993552696,31.0,33.0
5_965,50319918#2,25654667#2,17,41.10793919315882,16.86772898735496,41.10803228893905,16.867731507230168,41.10824709326599,16.86294433106446,41.10819079997804,16.86228690958613,0.8738092660013883,0.05140054505890519,1.5397360732004686,0.03338269847251478,31.0,33.0
5_966,50319918#2,25654670#0,16,41.10793919315882,16.86772898735496,41.10803228893905,16.867731507230168,41.10782776217365,16.86523947757342,41.10785184362109,16.86547667119293,0.9622832630503491,0.060142703940646816,1.5397360732004686,0.0390603980691543,31.0,33.0
5_967,50319918#2,25654670#2,18,41.10793919315882,16.86772898735496,41.10803228893905,16.867731507230168,41.10785321351032,16.86554780645669,41.107858556989214,16.86568502986514,0.8890696831433824,0.04939276017463235,1.5397360732004686,0.03207871857672687,31.0,33.0
5_968,50319918#2,25654899,21,41.10793919315882,16.86772898735496,41.10803228893905,16.867731507230168,41.104613512551694,16.867304504076483,41.10450067190532,16.868197409823733,0.5860982862785469,0.027909442203740326,1.5397360732004686,0.01812612089143839,31.0,33.0
5_969,50319918#2,25654998#1,36,41.10793919315882,16.86772898735496,41.10803228893905,16.867731507230168,41.103272808734914,16.86478843229521,41.10326869322043,16.864875721506277,0.5955505055178199,0.016543069597717217,1.5397360732004686,0.010744094319574574,31.0,33.0
5_970,50319918#2,25654998#2,37,41.10793919315882,16.86772898735496,41.10803228893905,16.867731507230168,41.10326869322043,16.864875721506277,41.10326306112503,16.86499547697651,0.8358930344193121,0.02259170363295438,1.5397360732004686,0.014672452004060449,31.0,33.0
5_971,50319918#2,25655001#4,21,41.10793919315882,16.86772898735496,41.10803228893905,16.867731507230168,41.10585670751274,16.866054557864008,41.10586778387464,16.865926854105435,0.6539466820844921,0.031140318194499625,1.5397360732004686,0.020224451928161885,31.0,33.0
5_972,50319918#2,25655018#2,22,41.10793919315882,16.86772898735496,41.10803228893905,16.867731507230168,41.10499011159529,16.86585948824938,41.10483199737708,16.8658838295608,0.8570386950619242,0.03895630432099655,1.5397360732004686,0.025300637556683762,31.0,33.0
5_973,50319918#2,25655054#5,30,41.10793919315882,16.86772898735496,41.10803228893905,16.867731507230168,41.10641564822287,16.8613154812676,41.10710483419146,16.861363888027807,0.9985404189897507,0.03328468063299169,1.5397360732004686,0.021617133749296875,31.0,33.0
5_974,50319918#2,295699555,6,41.10793919315882,16.86772898735496,41.10803228893905,16.867731507230168,41.10914574762715,16.86574982248076,41.10906564507099,16.86691322434958,0.7286671800126308,0.12144453000210512,1.5397360732004686,0.07887360185676019,31.0,33.0
5_975,50319918#2,30002092#1,24,41.10793919315882,16.86772898735496,41.10803228893905,16.867731507230168,41.10593974387052,16.86510993658547,41.10637833713364,16.865208689087556,0.8301862148451997,0.03459109228521665,1.5397360732004686,0.022465598414744034,31.0,33.0
5_976,50319918#2,30706585#8,22,41.10793919315882,16.86772898735496,41.10803228893905,16.867731507230168,41.10912734733775,16.863063779201443,41.10970529896603,16.86326757450766,0.6974394624899327,0.0317017937495424,1.5397360732004686,0.02058910893972082,31.0,33.0
5_977,50319918#2,30706669,17,41.10793919315882,16.86772898735496,41.10803228893905,16.867731507230168,41.10724968510657,16.861006427195438,41.10834939661959,16.861073572647502,0.659414210000506,0.03878907117650036,1.5397360732004686,0.025192025991749398,31.0,33.0
5_978,50319918#2,30706677#5,16,41.10793919315882,16.86772898735496,41.10803228893905,16.867731507230168,41.10789333241272,16.86291336901386,41.107812671096845,16.86345068308876,0.5752201335227789,0.03595125834517368,1.5397360732004686,0.023348974522916788,31.0,33.0
5_979,50319918#2,318933773#10,16,41.10793919315882,16.86772898735496,41.10803228893905,16.867731507230168,41.10708624166555,16.866809147339314,41.10707862373311,16.86759574699857,0.7313789598428094,0.04571118499017559,1.5397360732004686,0.029687675560631063,31.0,33.0
5_980,50319918#2,50319918#3,2,41.10793919315882,16.86772898735496,41.10803228893905,16.867731507230168,41.10803228893905,16.867731507230168,41.10843334313823,16.867723226014,0.5240869199344692,0.2620434599672346,1.5397360732004686,0.1701872577568152,31.0,33.0
5_981,50319918#2,50319918#7,6,41.10793919315882,16.86772898735496,41.10803228893905,16.867731507230168,41.10928540564486,16.867758931986803,41.11040987403336,16.867987672581428,0.5005565201589545,0.08342608669315907,1.5397360732004686,0.05418206934630755,31.0,33.0
5_982,50319918#2,565496546#1,26,41.10793919315882,16.86772898735496,41.10803228893905,16.867731507230168,41.1045372400796,16.865201946666215,41.10454196713804,16.86509359531177,0.534481294597803,0.020556972869146272,1.5397360732004686,0.013350971784675349,31.0,33.0
5_983,50319918#2,96606441#0,21,41.10793919315882,16.86772898735496,41.10803228893905,16.867731507230168,41.11163796896053,16.862535602408425,41.10949006583287,16.860629422625397,0.9723892401694622,0.04630424953187915,1.5397360732004686,0.030072848417217336,31.0,33.0
5_984,565496546#0,-1135075614#0,26,41.10453097009263,16.865355506086438,41.1045372400796,16.865201946666215,41.10561139136639,16.860522875069222,41.10586594045665,16.860740368222224,0.5998715995335122,0.02307198459744278,1.8111007783070872,0.012739205279901179,32.0,0.0
5_985,565496546#0,-1135075615#1,24,41.10453097009263,16.865355506086438,41.1045372400796,16.865201946666215,41.10593006633324,16.86024451803452,41.1061540374003,16.860263940525165,0.9166060647216981,0.03819191936340409,1.8111007783070872,0.021087683148755365,32.0,0.0
5_986,565496546#0,-1296042207,10,41.10453097009263,16.865355506086438,41.1045372400796,16.865201946666215,41.10529931263373,16.864197719579735,41.105358063618205,16.8639291776279,0.7945955975907149,0.07945955975907149,1.8111007783070872,0.04387362686318633,32.0,0.0
5_987,565496546#0,-25654678,24,41.10453097009263,16.865355506086438,41.1045372400796,16.865201946666215,41.1094627412817,16.866643418109717,41.109145712663846,16.866535828107896,0.7136938808962427,0.029737245037343447,1.8111007783070872,0.016419431427300315,32.0,0.0
5_988,565496546#0,-96606441#0,22,41.10453097009263,16.865355506086438,41.1045372400796,16.865201946666215,41.10949006583287,16.860629422625397,41.11163796896053,16.862535602408425,0.8663716051854962,0.03938052750843164,1.8111007783070872,0.02174397359888625,32.0,0.0
5_989,565496546#0,134805760#4,26,41.10453097009263,16.865355506086438,41.1045372400796,16.865201946666215,41.1084192109197,16.864915502792314,41.10833845965415,16.864946086143913,0.9424840014777416,0.03624938467222083,1.8111007783070872,0.020015111862579326,32.0,0.0
5_990,565496546#0,138440000#1,7,41.10453097009263,16.865355506086438,41.1045372400796,16.865201946666215,41.104628432580256,16.864632211357712,41.10471595316798,16.864645286345713,0.58823991735159,0.08403427390736999,1.8111007783070872,0.04639955706160118,32.0,0.0
5_991,565496546#0,138440000#2,8,41.10453097009263,16.865355506086438,41.1045372400796,16.865201946666215,41.10471595316798,16.864645286345713,41.10482759798206,16.864586998125468,0.8659865994101619,0.10824832492627023,1.8111007783070872,0.059769354760840276,32.0,0.0
5_992,565496546#0,138440000#5,11,41.10453097009263,16.865355506086438,41.1045372400796,16.865201946666215,41.10530898236287,16.864507375939425,41.10554708846225,16.864538287566845,0.7696689056496213,0.06996990051360194,1.8111007783070872,0.03863390781544789,32.0,0.0
5_993,565496546#0,25634744#1,29,41.10453097009263,16.865355506086438,41.1045372400796,16.865201946666215,41.10912696164381,16.86880864147947,41.10856970665349,16.868667790168395,0.5706249594749062,0.01967672274051401,1.8111007783070872,0.010864510123454685,32.0,0.0
5_994,565496546#0,25654663#3,24,41.10453097009263,16.865355506086438,41.1045372400796,16.865201946666215,41.10895239218255,16.86221911717674,41.10894268872457,16.86225659494897,0.6459088236357675,0.026912867651490313,1.8111007783070872,0.014859950353865406,32.0,0.0
5_995,565496546#0,25654667#0,27,41.10453097009263,16.865355506086438,41.1045372400796,16.865201946666215,41.10833845965415,16.864946086143913,41.10833200545767,16.864777271379552,0.8308112876156337,0.030770788430208654,1.8111007783070872,0.01699010281414125,32.0,0.0
5_996,565496546#0,25654667#2,19,41.10453097009263,16.865355506086438,41.1045372400796,16.865201946666215,41.10824709326599,16.86294433106446,41.10819079997804,16.86228690958613,0.9461809051779122,0.0497989950093638,1.8111007783070872,0.027496534486564042,32.0,0.0
5_997,565496546#0,25654670#0,19,41.10453097009263,16.865355506086438,41.1045372400796,16.865201946666215,41.10782776217365,16.86523947757342,41.10785184362109,16.86547667119293,0.5703531466997627,0.03001858666840856,1.8111007783070872,0.016574774318449694,32.0,0.0
5_998,565496546#0,25654670#2,21,41.10453097009263,16.865355506086438,41.1045372400796,16.865201946666215,41.10785321351032,16.86554780645669,41.107858556989214,16.86568502986514,0.7609001603219117,0.036233340967710075,1.8111007783070872,0.02000625332488616,32.0,0.0
5_999,565496546#0,25654899,21,41.10453097009263,16.865355506086438,41.1045372400796,16.865201946666215,41.104613512551694,16.867304504076483,41.10450067190532,16.868197409823733,0.890237420598714,0.042392258123748285,1.8111007783070872,0.023406901830926342,32.0,0.0
5_1000,565496546#0,25654998#1,12,41.10453097009263,16.865355506086438,41.1045372400796,16.865201946666215,41.103272808734914,16.86478843229521,41.10326869322043,16.864875721506277,0.76140744775698,0.06345062064641499,1.8111007783070872,0.03503428489811869,32.0,0.0
5_1001,565496546#0,25654998#2,13,41.10453097009263,16.865355506086438,41.1045372400796,16.865201946666215,41.10326869322043,16.864875721506277,41.10326306112503,16.86499547697651,0.6279059812534191,0.04830046009641686,1.8111007783070872,0.0266691178508384,32.0,0.0
5_1002,565496546#0,25655001#4,24,41.10453097009263,16.865355506086438,41.1045372400796,16.865201946666215,41.10585670751274,16.866054557864008,41.10586778387464,16.865926854105435,0.7051848570822776,0.029382702378428233,1.8111007783070872,0.016223670560118413,32.0,0.0
5_1003,565496546#0,25655018#2,22,41.10453097009263,16.865355506086438,41.1045372400796,16.865201946666215,41.10499011159529,16.86585948824938,41.10483199737708,16.8658838295608,0.8398948239451566,0.03817703745205257,1.8111007783070872,0.021079466095607485,32.0,0.0
5_1004,565496546#0,25655054#5,13,41.10453097009263,16.865355506086438,41.1045372400796,16.865201946666215,41.10641564822287,16.8613154812676,41.10710483419146,16.861363888027807,0.8561159734766427,0.06585507488281868,1.8111007783070872,0.03636190524106351,32.0,0.0
5_1005,565496546#0,295699555,23,41.10453097009263,16.865355506086438,41.1045372400796,16.865201946666215,41.10914574762715,16.86574982248076,41.10906564507099,16.86691322434958,0.8083556162821571,0.035145896360093784,1.8111007783070872,0.01940582036133083,32.0,0.0
5_1006,565496546#0,30002092#1,15,41.10453097009263,16.865355506086438,41.1045372400796,16.865201946666215,41.10593974387052,16.86510993658547,41.10637833713364,16.865208689087556,0.7439438405724331,0.04959625603816221,1.8111007783070872,0.02738459208466684,32.0,0.0
5_1007,565496546#0,30706585#8,24,41.10453097009263,16.865355506086438,41.1045372400796,16.865201946666215,41.10912734733775,16.863063779201443,41.10970529896603,16.86326757450766,0.6271531642629379,0.02613138184428908,1.8111007783070872,0.014428452661102157,32.0,0.0
5_1008,565496546#0,30706669,19,41.10453097009263,16.865355506086438,41.1045372400796,16.865201946666215,41.10724968510657,16.861006427195438,41.10834939661959,16.861073572647502,0.5548285378369968,0.029201501991420884,1.8111007783070872,0.016123620695871362,32.0,0.0
5_1009,565496546#0,30706677#5,18,41.10453097009263,16.865355506086438,41.1045372400796,16.865201946666215,41.10789333241272,16.86291336901386,41.107812671096845,16.86345068308876,0.9228437182324354,0.05126909545735752,1.8111007783070872,0.028308251021393144,32.0,0.0
5_1010,565496546#0,318933773#10,19,41.10453097009263,16.865355506086438,41.1045372400796,16.865201946666215,41.10708624166555,16.866809147339314,41.10707862373311,16.86759574699857,0.7564721747344028,0.03981432498602119,1.8111007783070872,0.021983495045061675,32.0,0.0
5_1011,565496546#0,50319918#2,23,41.10453097009263,16.865355506086438,41.1045372400796,16.865201946666215,41.10793919315882,16.86772898735496,41.10803228893905,16.867731507230168,0.6857711770472975,0.029816138132491194,1.8111007783070872,0.016462992280507772,32.0,0.0
5_1012,565496546#0,50319918#3,24,41.10453097009263,16.865355506086438,41.1045372400796,16.865201946666215,41.10803228893905,16.867731507230168,41.10843334313823,16.867723226014,0.5365769498027159,0.022357372908446492,1.8111007783070872,0.01234463215754613,32.0,0.0
5_1013,565496546#0,50319918#7,28,41.10453097009263,16.865355506086438,41.1045372400796,16.865201946666215,41.10928540564486,16.867758931986803,41.11040987403336,16.867987672581428,0.7704101619662993,0.027514648641653545,1.8111007783070872,0.01519222396192257,32.0,0.0
5_1014,565496546#0,565496546#1,2,41.10453097009263,16.865355506086438,41.1045372400796,16.865201946666215,41.1045372400796,16.865201946666215,41.10454196713804,16.86509359531177,0.9587539945015837,0.47937699725079186,1.8111007783070872,0.2646881957054239,32.0,0.0
5_1015,565496546#0,96606441#0,23,41.10453097009263,16.865355506086438,41.1045372400796,16.865201946666215,41.11163796896053,16.862535602408425,41.10949006583287,16.860629422625397,0.7259855553634422,0.03156458936362792,1.8111007783070872,0.017428400308641404,32.0,0.0
5_1016,565496546#3,-1135075614#0,23,41.10454700136579,16.864977393116394,41.10455272708942,16.86484072808952,41.10561139136639,16.860522875069222,41.10586594045665,16.860740368222224,0.877956101007625,0.038172004391635865,1.7411484545013816,0.021923463385876137,32.0,0.0
5_1017,565496546#3,-1135075615#1,21,41.10454700136579,16.864977393116394,41.10455272708942,16.86484072808952,41.10593006633324,16.86024451803452,41.1061540374003,16.860263940525165,0.9968893746338792,0.04747092260161329,1.7411484545013816,0.027264144237033307,32.0,0.0
5_1018,565496546#3,-1296042207,7,41.10454700136579,16.864977393116394,41.10455272708942,16.86484072808952,41.10529931263373,16.864197719579735,41.105358063618205,16.8639291776279,0.5538018807109972,0.07911455438728532,1.7411484545013816,0.045438144106983464,32.0,0.0
5_1019,565496546#3,-25654678,21,41.10454700136579,16.864977393116394,41.10455272708942,16.86484072808952,41.1094627412817,16.866643418109717,41.109145712663846,16.866535828107896,0.9773930537886901,0.04654252637089,1.7411484545013816,0.026730935119612494,32.0,0.0
5_1020,565496546#3,-96606441#0,19,41.10454700136579,16.864977393116394,41.10455272708942,16.86484072808952,41.10949006583287,16.860629422625397,41.11163796896053,16.862535602408425,0.5801437749291644,0.030533882891008647,1.7411484545013816,0.017536633830429315,32.0,0.0
5_1021,565496546#3,134805760#4,23,41.10454700136579,16.864977393116394,41.10455272708942,16.86484072808952,41.1084192109197,16.864915502792314,41.10833845965415,16.864946086143913,0.6102718054402074,0.026533556758269888,1.7411484545013816,0.015239112259309554,32.0,0.0
5_1022,565496546#3,138440000#1,4,41.10454700136579,16.864977393116394,41.10455272708942,16.86484072808952,41.104628432580256,16.864632211357712,41.10471595316798,16.864645286345713,0.9841143158454333,0.24602857896135832,1.7411484545013816,0.14130247097845217,32.0,0.0
5_1023,565496546#3,138440000#2,5,41.10454700136579,16.864977393116394,41.10455272708942,16.86484072808952,41.10471595316798,16.864645286345713,41.10482759798206,16.864586998125468,0.555363454396782,0.11107269087935641,1.7411484545013816,0.06379277458633742,32.0,0.0
5_1024,565496546#3,138440000#5,8,41.10454700136579,16.864977393116394,41.10455272708942,16.86484072808952,41.10530898236287,16.864507375939425,41.10554708846225,16.864538287566845,0.5847932462133139,0.07309915577666423,1.7411484545013816,0.04198329877482956,32.0,0.0
5_1025,565496546#3,25634744#1,26,41.10454700136579,16.864977393116394,41.10455272708942,16.86484072808952,41.10912696164381,16.86880864147947,41.10856970665349,16.868667790168395,0.9813135952595871,0.037742830586907195,1.7411484545013816,0.021676974464371983,32.0,0.0
5_1026,565496546#3,25654663#3,21,41.10454700136579,16.864977393116394,41.10455272708942,16.86484072808952,41.10895239218255,16.86221911717674,41.10894268872457,16.86225659494897,0.6264422343739984,0.029830582589238017,1.7411484545013816,0.01713270486047136,32.0,0.0
5_1027,565496546#3,25654667#0,24,41.10454700136579,16.864977393116394,41.10455272708942,16.86484072808952,41.10833845965415,16.864946086143913,41.10833200545767,16.864777271379552,0.8704273278127147,0.03626780532552978,1.7411484545013816,0.0208298179467505,32.0,0.0
5_1028,565496546#3,25654667#2,16,41.10454700136579,16.864977393116394,41.10455272708942,16.86484072808952,41.10824709326599,16.86294433106446,41.10819079997804,16.86228690958613,0.9067021252960583,0.056668882831003645,1.7411484545013816,0.032546841531230664,32.0,0.0
5_1029,565496546#3,25654670#0,16,41.10454700136579,16.864977393116394,41.10455272708942,16.86484072808952,41.10782776217365,16.86523947757342,41.10785184362109,16.86547667119293,0.5351976603397202,0.03344985377123251,1.7411484545013816,0.0192113737830653,32.0,0.0
5_1030,565496546#3,25654670#2,18,41.10454700136579,16.864977393116394,41.10455272708942,16.86484072808952,41.10785321351032,16.86554780645669,41.107858556989214,16.86568502986514,0.9690688809923012,0.05383716005512784,1.7411484545013816,0.030920488092754484,32.0,0.0
5_1031,565496546#3,25654899,18,41.10454700136579,16.864977393116394,41.10455272708942,16.86484072808952,41.104613512551694,16.867304504076483,41.10450067190532,16.868197409823733,0.7801641185413021,0.04334245103007234,1.7411484545013816,0.0248930244391392,32.0,0.0
5_1032,565496546#3,25654998#1,9,41.10454700136579,16.864977393116394,41.10455272708942,16.86484072808952,41.103272808734914,16.86478843229521,41.10326869322043,16.864875721506277,0.7285640413568415,0.08095156015076016,1.7411484545013816,0.04649319817702881,32.0,0.0
5_1033,565496546#3,25654998#2,10,41.10454700136579,16.864977393116394,41.10455272708942,16.86484072808952,41.10326869322043,16.864875721506277,41.10326306112503,16.86499547697651,0.6756375201157385,0.06756375201157386,1.7411484545013816,0.038804130593747856,32.0,0.0
5_1034,565496546#3,25655001#4,21,41.10454700136579,16.864977393116394,41.10455272708942,16.86484072808952,41.10585670751274,16.866054557864008,41.10586778387464,16.865926854105435,0.6591262457918727,0.03138696408532727,1.7411484545013816,0.018026586994453416,32.0,0.0
5_1035,565496546#3,25655018#2,19,41.10454700136579,16.864977393116394,41.10455272708942,16.86484072808952,41.10499011159529,16.86585948824938,41.10483199737708,16.8658838295608,0.9100830159216196,0.047899106101137866,1.7411484545013816,0.027510064393018625,32.0,0.0
5_1036,565496546#3,25655054#5,10,41.10454700136579,16.864977393116394,41.10455272708942,16.86484072808952,41.10641564822287,16.8613154812676,41.10710483419146,16.861363888027807,0.6775859826899227,0.06775859826899226,1.7411484545013816,0.03891603733950217,32.0,0.0
5_1037,565496546#3,295699555,20,41.10454700136579,16.864977393116394,41.10455272708942,16.86484072808952,41.10914574762715,16.86574982248076,41.10906564507099,16.86691322434958,0.9346397537988824,0.046731987689944125,1.7411484545013816,0.026839749114515865,32.0,0.0
5_1038,565496546#3,30002092#1,12,41.10454700136579,16.864977393116394,41.10455272708942,16.86484072808952,41.10593974387052,16.86510993658547,41.10637833713364,16.865208689087556,0.7883377493766444,0.0656948124480537,1.7411484545013816,0.03773073587046139,32.0,0.0
5_1039,565496546#3,30706585#8,21,41.10454700136579,16.864977393116394,41.10455272708942,16.86484072808952,41.10912734733775,16.863063779201443,41.10970529896603,16.86326757450766,0.5988786077007322,0.028518028938130102,1.7411484545013816,0.016378861242074216,32.0,0.0
5_1040,565496546#3,30706669,16,41.10454700136579,16.864977393116394,41.10455272708942,16.86484072808952,41.10724968510657,16.861006427195438,41.10834939661959,16.861073572647502,0.5423217033138047,0.03389510645711279,1.7411484545013816,0.01946709734571108,32.0,0.0
5_1041,565496546#3,30706677#5,15,41.10454700136579,16.864977393116394,41.10455272708942,16.86484072808952,41.10789333241272,16.86291336901386,41.107812671096845,16.86345068308876,0.6628812504020279,0.04419208336013519,1.7411484545013816,0.025380996804658235,32.0,0.0
5_1042,565496546#3,318933773#10,16,41.10454700136579,16.864977393116394,41.10455272708942,16.86484072808952,41.10708624166555,16.866809147339314,41.10707862373311,16.86759574699857,0.6767154551921646,0.042294715949510286,1.7411484545013816,0.024291275014583617,32.0,0.0
5_1043,565496546#3,50319918#2,20,41.10454700136579,16.864977393116394,41.10455272708942,16.86484072808952,41.10793919315882,16.86772898735496,41.10803228893905,16.867731507230168,0.5142955729907799,0.025714778649538996,1.7411484545013816,0.014768860508739918,32.0,0.0
5_1044,565496546#3,50319918#3,21,41.10454700136579,16.864977393116394,41.10455272708942,16.86484072808952,41.10803228893905,16.867731507230168,41.10843334313823,16.867723226014,0.808708491129631,0.038509928149030044,1.7411484545013816,0.022117544342339413,32.0,0.0
5_1045,565496546#3,50319918#7,25,41.10454700136579,16.864977393116394,41.10455272708942,16.86484072808952,41.10928540564486,16.867758931986803,41.11040987403336,16.867987672581428,0.9209303072333327,0.03683721228933331,1.7411484545013816,0.021156847478512396,32.0,0.0
5_1046,565496546#3,565496546#1,17,41.10454700136579,16.864977393116394,41.10455272708942,16.86484072808952,41.1045372400796,16.865201946666215,41.10454196713804,16.86509359531177,0.972407704332768,0.05720045319604518,1.7411484545013816,0.03285214023431785,32.0,0.0
5_1047,565496546#3,96606441#0,20,41.10454700136579,16.864977393116394,41.10455272708942,16.86484072808952,41.11163796896053,16.862535602408425,41.10949006583287,16.860629422625397,0.7258385509912642,0.03629192754956321,1.7411484545013816,0.020843672149688262,32.0,0.0
5_1048,96606441#0,-1135075614#0,10,41.11163796896053,16.862535602408425,41.10949006583287,16.860629422625397,41.10561139136639,16.860522875069222,41.10586594045665,16.860740368222224,0.6123838114477723,0.06123838114477723,2.0964102369274404,0.02921106759835803,31.0,33.0
5_1049,96606441#0,-1135075615#1,8,41.11163796896053,16.862535602408425,41.10949006583287,16.860629422625397,41.10593006633324,16.86024451803452,41.1061540374003,16.860263940525165,0.5279981294132174,0.06599976617665218,2.0964102369274404,0.03148227623300645,31.0,33.0
5_1050,96606441#0,-1296042207,25,41.11163796896053,16.862535602408425,41.10949006583287,16.860629422625397,41.10529931263373,16.864197719579735,41.105358063618205,16.8639291776279,0.6911833509609704,0.027647334038438817,2.0964102369274404,0.013187940772012042,31.0,33.0
5_1051,96606441#0,-25654678,20,41.11163796896053,16.862535602408425,41.10949006583287,16.860629422625397,41.1094627412817,16.866643418109717,41.109145712663846,16.866535828107896,0.9769319534719703,0.048846597673598516,2.0964102369274404,0.023300114077476317,31.0,33.0
5_1052,96606441#0,-96606441#0,2,41.11163796896053,16.862535602408425,41.10949006583287,16.860629422625397,41.10949006583287,16.860629422625397,41.11163796896053,16.862535602408425,0.7835274956005632,0.3917637478002816,2.0964102369274404,0.18687360942029263,31.0,33.0
5_1053,96606441#0,134805760#4,12,41.11163796896053,16.862535602408425,41.10949006583287,16.860629422625397,41.1084192109197,16.864915502792314,41.10833845965415,16.864946086143913,0.9627723007641424,0.08023102506367853,2.0964102369274404,0.03827067033467049,31.0,33.0
5_1054,96606441#0,138440000#1,22,41.11163796896053,16.862535602408425,41.10949006583287,16.860629422625397,41.104628432580256,16.864632211357712,41.10471595316798,16.864645286345713,0.7711355447989656,0.03505161567268026,2.0964102369274404,0.0167198266137323,31.0,33.0
5_1055,96606441#0,138440000#2,23,41.11163796896053,16.862535602408425,41.10949006583287,16.860629422625397,41.10471595316798,16.864645286345713,41.10482759798206,16.864586998125468,0.9118477707194086,0.03964555524866994,2.0964102369274404,0.018911162782135435,31.0,33.0
5_1056,96606441#0,138440000#5,26,41.11163796896053,16.862535602408425,41.10949006583287,16.860629422625397,41.10530898236287,16.864507375939425,41.10554708846225,16.864538287566845,0.932184992110218,0.03585326892731608,2.0964102369274404,0.017102219926126514,31.0,33.0
5_1057,96606441#0,25634744#1,25,41.11163796896053,16.862535602408425,41.10949006583287,16.860629422625397,41.10912696164381,16.86880864147947,41.10856970665349,16.868667790168395,0.5512723835283262,0.02205089534113305,2.0964102369274404,0.010518406632783611,31.0,33.0
5_1058,96606441#0,25654663#3,5,41.11163796896053,16.862535602408425,41.10949006583287,16.860629422625397,41.10895239218255,16.86221911717674,41.10894268872457,16.86225659494897,0.9833392104340055,0.1966678420868011,2.0964102369274404,0.09381171615296212,31.0,33.0
5_1059,96606441#0,25654667#0,13,41.11163796896053,16.862535602408425,41.10949006583287,16.860629422625397,41.10833845965415,16.864946086143913,41.10833200545767,16.864777271379552,0.6725442634716825,0.05173417411320635,2.0964102369274404,0.02467750500447348,31.0,33.0
5_1060,96606441#0,25654667#2,9,41.11163796896053,16.862535602408425,41.10949006583287,16.860629422625397,41.10824709326599,16.86294433106446,41.10819079997804,16.86228690958613,0.8074922868515498,0.08972136520572775,2.0964102369274404,0.04279761834078142,31.0,33.0
5_1061,96606441#0,25654670#0,15,41.11163796896053,16.862535602408425,41.10949006583287,16.860629422625397,41.10782776217365,16.86523947757342,41.10785184362109,16.86547667119293,0.9837138135702962,0.06558092090468641,2.0964102369274404,0.03128248457744783,31.0,33.0
5_1062,96606441#0,25654670#2,17,41.11163796896053,16.862535602408425,41.10949006583287,16.860629422625397,41.10785321351032,16.86554780645669,41.107858556989214,16.86568502986514,0.7687651584308673,0.04522147990769808,2.0964102369274404,0.021570911604579832,31.0,33.0
5_1063,96606441#0,25654899,29,41.11163796896053,16.862535602408425,41.10949006583287,16.860629422625397,41.104613512551694,16.867304504076483,41.10450067190532,16.868197409823733,0.5469801760610722,0.018861385381416282,2.0964102369274404,0.008996991642752172,31.0,33.0
5_1064,96606441#0,25654998#1,27,41.11163796896053,16.862535602408425,41.10949006583287,16.860629422625397,41.103272808734914,16.86478843229521,41.10326869322043,16.864875721506277,0.9123557808159811,0.03379095484503634,2.0964102369274404,0.016118483992217734,31.0,33.0
5_1065,96606441#0,25654998#2,28,41.11163796896053,16.862535602408425,41.10949006583287,16.860629422625397,41.10326869322043,16.864875721506277,41.10326306112503,16.86499547697651,0.7114712749319718,0.025409688390427565,2.0964102369274404,0.012120570651128254,31.0,33.0
5_1066,96606441#0,25655001#4,29,41.11163796896053,16.862535602408425,41.10949006583287,16.860629422625397,41.10585670751274,16.866054557864008,41.10586778387464,16.865926854105435,0.8740660517555536,0.030140208681225987,2.0964102369274404,0.014377056622944348,31.0,33.0
5_1067,96606441#0,25655018#2,30,41.11163796896053,16.862535602408425,41.10949006583287,16.860629422625397,41.10499011159529,16.86585948824938,41.10483199737708,16.8658838295608,0.6961997938879513,0.02320665979626504,2.0964102369274404,0.011069713068315003,31.0,33.0
5_1068,96606441#0,25655054#5,8,41.11163796896053,16.862535602408425,41.10949006583287,16.860629422625397,41.10641564822287,16.8613154812676,41.10710483419146,16.861363888027807,0.7892717284949448,0.0986589660618681,2.0964102369274404,0.047060906460018787,31.0,33.0
5_1069,96606441#0,295699555,19,41.11163796896053,16.862535602408425,41.10949006583287,16.860629422625397,41.10914574762715,16.86574982248076,41.10906564507099,16.86691322434958,0.9975167790956931,0.052500883110299636,2.0964102369274404,0.0250432297007128,31.0,33.0
5_1070,96606441#0,30002092#1,18,41.11163796896053,16.862535602408425,41.10949006583287,16.860629422625397,41.10593974387052,16.86510993658547,41.10637833713364,16.865208689087556,0.5541014568993045,0.03078341427218358,2.0964102369274404,0.014683869468840528,31.0,33.0
5_1071,96606441#0,30706585#8,10,41.11163796896053,16.862535602408425,41.10949006583287,16.860629422625397,41.10912734733775,16.863063779201443,41.10970529896603,16.86326757450766,0.8745271566348707,0.08745271566348707,2.0964102369274404,0.04171545918019381,31.0,33.0
5_1072,96606441#0,30706669,5,41.11163796896053,16.862535602408425,41.10949006583287,16.860629422625397,41.10724968510657,16.861006427195438,41.10834939661959,16.861073572647502,0.9231380188135111,0.18462760376270224,2.0964102369274404,0.08806845173266173,31.0,33.0
5_1073,96606441#0,30706677#5,8,41.11163796896053,16.862535602408425,41.10949006583287,16.860629422625397,41.10789333241272,16.86291336901386,41.107812671096845,16.86345068308876,0.871185000653986,0.10889812508174825,2.0964102369274404,0.05194504547037153,31.0,33.0
5_1074,96606441#0,318933773#10,19,41.11163796896053,16.862535602408425,41.10949006583287,16.860629422625397,41.10708624166555,16.866809147339314,41.10707862373311,16.86759574699857,0.7617972968295554,0.0400945945699766,2.0964102369274404,0.019125357176627986,31.0,33.0
5_1075,96606441#0,50319918#2,19,41.11163796896053,16.862535602408425,41.10949006583287,16.860629422625397,41.10793919315882,16.86772898735496,41.10803228893905,16.867731507230168,0.5310245508065472,0.027948660568765642,2.0964102369274404,0.013331675297354018,31.0,33.0
5_1076,96606441#0,50319918#3,20,41.11163796896053,16.862535602408425,41.10949006583287,16.860629422625397,41.10803228893905,16.867731507230168,41.10843334313823,16.867723226014,0.5686079976380465,0.028430399881902324,2.0964102369274404,0.013561467780070918,31.0,33.0
5_1077,96606441#0,50319918#7,24,41.11163796896053,16.862535602408425,41.10949006583287,16.860629422625397,41.10928540564486,16.867758931986803,41.11040987403336,16.867987672581428,0.7320693108263687,0.030502887951098696,2.0964102369274404,0.014550056765513896,31.0,33.0
5_1078,96606441#0,565496546#1,35,41.11163796896053,16.862535602408425,41.10949006583287,16.860629422625397,41.1045372400796,16.865201946666215,41.10454196713804,16.86509359531177,0.6247191861291864,0.01784911960369104,2.0964102369274404,0.00851413491943792,31.0,33.0
