<?xml version="1.0" encoding="UTF-8"?>
<osm version="0.6" generator="CGImap 0.9.3 (987920 spike-08.openstreetmap.org)" copyright="OpenStreetMap and contributors" attribution="http://www.openstreetmap.org/copyright" license="http://opendatacommons.org/licenses/odbl/1-0/">
 <bounds minlat="40.5911600" minlon="17.1105100" maxlat="40.5937600" maxlon="17.1168700"/>
 <node id="298890463" visible="true" version="4" changeset="9314359" timestamp="2011-09-16T09:14:11Z" user="noperante" uid="68842" lat="40.5927454" lon="17.1110813">
  <tag k="highway" v="mini_roundabout"/>
 </node>
 <node id="298890591" visible="true" version="3" changeset="56657467" timestamp="2018-02-25T10:50:32Z" user="corfede" uid="1960233" lat="40.5968936" lon="17.1117984"/>
 <node id="298890593" visible="true" version="3" changeset="58509907" timestamp="2018-04-28T17:59:04Z" user="corfede" uid="1960233" lat="40.5954677" lon="17.1115247"/>
 <node id="298890595" visible="true" version="2" changeset="39914094" timestamp="2016-06-09T18:25:55Z" user="mcheckimport" uid="893327" lat="40.5942244" lon="17.1111524"/>
 <node id="298890597" visible="true" version="1" changeset="674698" timestamp="2008-09-21T21:57:01Z" user="Diego Guidotti" uid="1700" lat="40.5932063" lon="17.1110346"/>
 <node id="1093589732" visible="true" version="3" changeset="16136852" timestamp="2013-05-15T10:20:01Z" user="mcheckimport" uid="893327" lat="40.5941598" lon="17.1173721"/>
 <node id="1093590440" visible="true" version="3" changeset="58509907" timestamp="2018-04-28T17:59:04Z" user="corfede" uid="1960233" lat="40.5930789" lon="17.1160310"/>
 <node id="1093591033" visible="true" version="2" changeset="16136852" timestamp="2013-05-15T10:20:01Z" user="mcheckimport" uid="893327" lat="40.5933845" lon="17.1162808"/>
 <node id="1093591811" visible="true" version="4" changeset="58509907" timestamp="2018-04-28T17:59:04Z" user="corfede" uid="1960233" lat="40.5918296" lon="17.1150847"/>
 <node id="1093591881" visible="true" version="4" changeset="9314359" timestamp="2011-09-16T09:14:09Z" user="noperante" uid="68842" lat="40.5923046" lon="17.1130748"/>
 <node id="1093592100" visible="true" version="2" changeset="8330385" timestamp="2011-06-03T16:45:22Z" user="rogh" uid="460936" lat="40.5932858" lon="17.1134444"/>
 <node id="1300889525" visible="true" version="2" changeset="8359572" timestamp="2011-06-06T13:36:47Z" user="rogh" uid="460936" lat="40.5917114" lon="17.1141567">
  <tag k="addr:street" v="Viale Marconi"/>
  <tag k="amenity" v="school"/>
  <tag k="name" v="Scuola elementare Edmondo De Amicis"/>
 </node>
 <node id="1300912738" visible="true" version="2" changeset="8359572" timestamp="2011-06-06T13:36:47Z" user="rogh" uid="460936" lat="40.5936503" lon="17.1160235">
  <tag k="addr:street" v="Via Frappietri"/>
  <tag k="amenity" v="school"/>
  <tag k="name" v="Scuola media Alessandro Manzoni"/>
 </node>
 <node id="1307041456" visible="true" version="4" changeset="58057499" timestamp="2018-04-13T08:42:11Z" user="DodoIt" uid="7974909" lat="40.5913542" lon="17.1120958">
  <tag k="addr:city" v="Massafra"/>
  <tag k="addr:housenumber" v="10"/>
  <tag k="addr:postcode" v="74016"/>
  <tag k="addr:street" v="Piazza dei Martiri"/>
  <tag k="amenity" v="cinema"/>
  <tag k="amenity_1" v="theatre"/>
  <tag k="name" v="Cinema Teatro Spadaro"/>
  <tag k="phone" v="+39 0998801200"/>
 </node>
 <node id="1307592944" visible="true" version="3" changeset="39914094" timestamp="2016-06-09T18:25:04Z" user="mcheckimport" uid="893327" lat="40.5944641" lon="17.1186081"/>
 <node id="1307592946" visible="true" version="3" changeset="58509907" timestamp="2018-04-28T17:59:04Z" user="corfede" uid="1960233" lat="40.5924508" lon="17.1155455"/>
 <node id="1307592948" visible="true" version="4" changeset="58509907" timestamp="2018-04-28T17:59:05Z" user="corfede" uid="1960233" lat="40.5927551" lon="17.1157634"/>
 <node id="1307592949" visible="true" version="1" changeset="8309007" timestamp="2011-06-01T10:17:40Z" user="rogh" uid="460936" lat="40.5923893" lon="17.1157919"/>
 <node id="1307592950" visible="true" version="3" changeset="39914094" timestamp="2016-06-09T18:25:04Z" user="mcheckimport" uid="893327" lat="40.5927244" lon="17.1175055"/>
 <node id="1307592952" visible="true" version="3" changeset="39914094" timestamp="2016-06-09T18:25:04Z" user="mcheckimport" uid="893327" lat="40.5942643" lon="17.1185415"/>
 <node id="1307592954" visible="true" version="2" changeset="9314359" timestamp="2011-09-16T09:14:09Z" user="noperante" uid="68842" lat="40.5917185" lon="17.1155502"/>
 <node id="1307592956" visible="true" version="3" changeset="39914094" timestamp="2016-06-09T18:25:04Z" user="mcheckimport" uid="893327" lat="40.5930431" lon="17.1177517"/>
 <node id="1307592957" visible="true" version="3" changeset="39914094" timestamp="2016-06-09T18:25:04Z" user="mcheckimport" uid="893327" lat="40.5933481" lon="17.1180001"/>
 <node id="1307592958" visible="true" version="3" changeset="39914094" timestamp="2016-06-09T18:25:04Z" user="mcheckimport" uid="893327" lat="40.5923986" lon="17.1172351"/>
 <node id="1307592959" visible="true" version="2" changeset="16136852" timestamp="2013-05-15T10:20:07Z" user="mcheckimport" uid="893327" lat="40.5918174" lon="17.1166950"/>
 <node id="1307592960" visible="true" version="1" changeset="8309007" timestamp="2011-06-01T10:17:40Z" user="rogh" uid="460936" lat="40.5920760" lon="17.1156787"/>
 <node id="1307594082" visible="true" version="3" changeset="58509907" timestamp="2018-04-28T17:59:05Z" user="corfede" uid="1960233" lat="40.5939444" lon="17.1170645"/>
 <node id="1307602506" visible="true" version="2" changeset="16136852" timestamp="2013-05-15T10:20:07Z" user="mcheckimport" uid="893327" lat="40.5933108" lon="17.1165931"/>
 <node id="1307602508" visible="true" version="3" changeset="58509907" timestamp="2018-04-28T17:59:05Z" user="corfede" uid="1960233" lat="40.5945944" lon="17.1179686"/>
 <node id="1307602510" visible="true" version="3" changeset="39914094" timestamp="2016-06-09T18:25:04Z" user="mcheckimport" uid="893327" lat="40.5939296" lon="17.1183784"/>
 <node id="1307602511" visible="true" version="3" changeset="39914094" timestamp="2016-06-09T18:25:04Z" user="mcheckimport" uid="893327" lat="40.5918359" lon="17.1166196"/>
 <node id="1309942324" visible="true" version="3" changeset="39914094" timestamp="2016-06-09T18:25:04Z" user="mcheckimport" uid="893327" lat="40.5941748" lon="17.1111419"/>
 <node id="1309942327" visible="true" version="2" changeset="39914094" timestamp="2016-06-09T18:25:04Z" user="mcheckimport" uid="893327" lat="40.5934442" lon="17.1110650"/>
 <node id="1309942330" visible="true" version="1" changeset="8327086" timestamp="2011-06-03T08:34:08Z" user="rogh" uid="460936" lat="40.5935473" lon="17.1139954"/>
 <node id="1309949550" visible="true" version="3" changeset="39914094" timestamp="2016-06-09T18:25:04Z" user="mcheckimport" uid="893327" lat="40.5948599" lon="17.1183396"/>
 <node id="1309949552" visible="true" version="2" changeset="16136852" timestamp="2013-05-15T10:20:07Z" user="mcheckimport" uid="893327" lat="40.5957812" lon="17.1123265"/>
 <node id="1309949568" visible="true" version="2" changeset="16136852" timestamp="2013-05-15T10:20:07Z" user="mcheckimport" uid="893327" lat="40.5959363" lon="17.1133372"/>
 <node id="1309949570" visible="true" version="3" changeset="39914094" timestamp="2016-06-09T18:25:04Z" user="mcheckimport" uid="893327" lat="40.5948626" lon="17.1113549"/>
 <node id="1309949571" visible="true" version="3" changeset="39914094" timestamp="2016-06-09T18:25:04Z" user="mcheckimport" uid="893327" lat="40.5945101" lon="17.1112449"/>
 <node id="1309961706" visible="true" version="1" changeset="8327086" timestamp="2011-06-03T09:11:15Z" user="rogh" uid="460936" lat="40.5962846" lon="17.1134589"/>
 <node id="1309963389" visible="true" version="3" changeset="16136852" timestamp="2013-05-15T10:20:07Z" user="mcheckimport" uid="893327" lat="40.5971525" lon="17.1143537"/>
 <node id="1310598407" visible="true" version="2" changeset="16136852" timestamp="2013-05-15T10:20:07Z" user="mcheckimport" uid="893327" lat="40.5966631" lon="17.1166264"/>
 <node id="1310623978" visible="true" version="2" changeset="16136852" timestamp="2013-05-15T10:20:07Z" user="mcheckimport" uid="893327" lat="40.5968533" lon="17.1157838"/>
 <node id="1310623981" visible="true" version="1" changeset="8330385" timestamp="2011-06-03T15:58:22Z" user="rogh" uid="460936" lat="40.5924357" lon="17.1140553"/>
 <node id="1310630781" visible="true" version="4" changeset="58509907" timestamp="2018-04-28T17:59:05Z" user="corfede" uid="1960233" lat="40.5919047" lon="17.1147572"/>
 <node id="1310644391" visible="true" version="2" changeset="16136852" timestamp="2013-05-15T10:20:07Z" user="mcheckimport" uid="893327" lat="40.5967620" lon="17.1161915"/>
 <node id="1310644392" visible="true" version="3" changeset="39914094" timestamp="2016-06-09T18:25:05Z" user="mcheckimport" uid="893327" lat="40.5925677" lon="17.1150207"/>
 <node id="1310658015" visible="true" version="2" changeset="39914094" timestamp="2016-06-09T18:25:05Z" user="mcheckimport" uid="893327" lat="40.5924200" lon="17.1141090"/>
 <node id="1310658018" visible="true" version="2" changeset="16136852" timestamp="2013-05-15T10:20:07Z" user="mcheckimport" uid="893327" lat="40.5969495" lon="17.1152965"/>
 <node id="1310658029" visible="true" version="4" changeset="9314359" timestamp="2011-09-16T09:14:09Z" user="noperante" uid="68842" lat="40.5921750" lon="17.1136160"/>
 <node id="1310658031" visible="true" version="1" changeset="8330385" timestamp="2011-06-03T16:22:01Z" user="rogh" uid="460936" lat="40.5908180" lon="17.1130302"/>
 <node id="1310658033" visible="true" version="3" changeset="39914094" timestamp="2016-06-09T18:25:05Z" user="mcheckimport" uid="893327" lat="40.5912077" lon="17.1131580"/>
 <node id="1310713744" visible="true" version="2" changeset="39914094" timestamp="2016-06-09T18:25:05Z" user="mcheckimport" uid="893327" lat="40.5940037" lon="17.1136807"/>
 <node id="1310713750" visible="true" version="2" changeset="39914094" timestamp="2016-06-09T18:25:05Z" user="mcheckimport" uid="893327" lat="40.5937991" lon="17.1110893"/>
 <node id="1310713751" visible="true" version="3" changeset="39914094" timestamp="2016-06-09T18:25:05Z" user="mcheckimport" uid="893327" lat="40.5934143" lon="17.1129662"/>
 <node id="1310713757" visible="true" version="2" changeset="39914094" timestamp="2016-06-09T18:25:05Z" user="mcheckimport" uid="893327" lat="40.5940464" lon="17.1134933"/>
 <node id="1310713764" visible="true" version="2" changeset="9314359" timestamp="2011-09-16T09:14:09Z" user="noperante" uid="68842" lat="40.5923976" lon="17.1126403"/>
 <node id="1310713770" visible="true" version="2" changeset="39914094" timestamp="2016-06-09T18:25:05Z" user="mcheckimport" uid="893327" lat="40.5940060" lon="17.1134791"/>
 <node id="1310713771" visible="true" version="2" changeset="39914094" timestamp="2016-06-09T18:25:05Z" user="mcheckimport" uid="893327" lat="40.5929011" lon="17.1120207"/>
 <node id="1310713775" visible="true" version="2" changeset="39914094" timestamp="2016-06-09T18:25:05Z" user="mcheckimport" uid="893327" lat="40.5933542" lon="17.1132337"/>
 <node id="1313935115" visible="true" version="3" changeset="16136852" timestamp="2013-05-15T10:20:07Z" user="mcheckimport" uid="893327" lat="40.5956856" lon="17.1127548"/>
 <node id="1313976393" visible="true" version="5" changeset="58509907" timestamp="2018-04-28T17:59:05Z" user="corfede" uid="1960233" lat="40.5962666" lon="17.1116922"/>
 <node id="1313976395" visible="true" version="3" changeset="39914094" timestamp="2016-06-09T18:25:05Z" user="mcheckimport" uid="893327" lat="40.5966099" lon="17.1117506"/>
 <node id="1314037100" visible="true" version="2" changeset="39914094" timestamp="2016-06-09T18:25:05Z" user="mcheckimport" uid="893327" lat="40.5949595" lon="17.1108753"/>
 <node id="1314037104" visible="true" version="4" changeset="58509907" timestamp="2018-04-28T17:59:05Z" user="corfede" uid="1960233" lat="40.5959144" lon="17.1116279"/>
 <node id="1314073259" visible="true" version="2" changeset="39914094" timestamp="2016-06-09T18:25:05Z" user="mcheckimport" uid="893327" lat="40.5933353" lon="17.1096394"/>
 <node id="1314073260" visible="true" version="3" changeset="39914094" timestamp="2016-06-09T18:25:05Z" user="mcheckimport" uid="893327" lat="40.5937081" lon="17.1096717"/>
 <node id="1314073265" visible="true" version="2" changeset="39914094" timestamp="2016-06-09T18:25:05Z" user="mcheckimport" uid="893327" lat="40.5928520" lon="17.1091506"/>
 <node id="1314073266" visible="true" version="2" changeset="39914094" timestamp="2016-06-09T18:25:05Z" user="mcheckimport" uid="893327" lat="40.5932747" lon="17.1110403"/>
 <node id="1314073268" visible="true" version="2" changeset="39914094" timestamp="2016-06-09T18:25:05Z" user="mcheckimport" uid="893327" lat="40.5939199" lon="17.1111046"/>
 <node id="1314085135" visible="true" version="2" changeset="39914094" timestamp="2016-06-09T18:25:05Z" user="mcheckimport" uid="893327" lat="40.5912443" lon="17.1095439"/>
 <node id="1314085139" visible="true" version="1" changeset="8359572" timestamp="2011-06-06T13:21:14Z" user="rogh" uid="460936" lat="40.5927965" lon="17.1105485"/>
 <node id="1314085152" visible="true" version="2" changeset="39914094" timestamp="2016-06-09T18:25:06Z" user="mcheckimport" uid="893327" lat="40.5912165" lon="17.1103050"/>
 <node id="1314085153" visible="true" version="2" changeset="39914094" timestamp="2016-06-09T18:25:06Z" user="mcheckimport" uid="893327" lat="40.5942890" lon="17.1106497"/>
 <node id="1314085157" visible="true" version="1" changeset="8359572" timestamp="2011-06-06T13:21:14Z" user="rogh" uid="460936" lat="40.5916258" lon="17.1103661"/>
 <node id="1314085158" visible="true" version="1" changeset="8359572" timestamp="2011-06-06T13:21:14Z" user="rogh" uid="460936" lat="40.5920913" lon="17.1104386"/>
 <node id="1314093165" visible="true" version="2" changeset="39914094" timestamp="2016-06-09T18:25:06Z" user="mcheckimport" uid="893327" lat="40.5911808" lon="17.1108951"/>
 <node id="1314093169" visible="true" version="1" changeset="8359572" timestamp="2011-06-06T13:31:44Z" user="rogh" uid="460936" lat="40.5909001" lon="17.1108200"/>
 <node id="1314093171" visible="true" version="2" changeset="39914094" timestamp="2016-06-09T18:25:06Z" user="mcheckimport" uid="893327" lat="40.5903688" lon="17.1106978"/>
 <node id="1314093172" visible="true" version="1" changeset="8359572" timestamp="2011-06-06T13:31:44Z" user="rogh" uid="460936" lat="40.5914456" lon="17.1107985"/>
 <node id="1314093177" visible="true" version="2" changeset="39914094" timestamp="2016-06-09T18:25:06Z" user="mcheckimport" uid="893327" lat="40.5912379" lon="17.1107875"/>
 <node id="1314093178" visible="true" version="3" changeset="39914094" timestamp="2016-06-09T18:25:06Z" user="mcheckimport" uid="893327" lat="40.5901907" lon="17.1107236"/>
 <node id="1314093190" visible="true" version="2" changeset="9367371" timestamp="2011-09-22T10:38:53Z" user="rogh" uid="460936" lat="40.5907181" lon="17.1107470"/>
 <node id="1314093213" visible="true" version="1" changeset="8359572" timestamp="2011-06-06T13:31:45Z" user="rogh" uid="460936" lat="40.5923336" lon="17.1109273"/>
 <node id="1314093215" visible="true" version="4" changeset="39914094" timestamp="2016-06-09T18:25:06Z" user="mcheckimport" uid="893327" lat="40.5904319" lon="17.1106991"/>
 <node id="1314097956" visible="true" version="1" changeset="8359572" timestamp="2011-06-06T13:36:46Z" user="rogh" uid="460936" lat="40.5909245" lon="17.1113028"/>
 <node id="1314097959" visible="true" version="3" changeset="39914094" timestamp="2016-06-09T18:25:06Z" user="mcheckimport" uid="893327" lat="40.5894251" lon="17.1116510"/>
 <node id="1314097975" visible="true" version="1" changeset="8359572" timestamp="2011-06-06T13:36:46Z" user="rogh" uid="460936" lat="40.5903705" lon="17.1114315"/>
 <node id="1314097979" visible="true" version="2" changeset="39914094" timestamp="2016-06-09T18:25:06Z" user="mcheckimport" uid="893327" lat="40.5900649" lon="17.1115780"/>
 <node id="1314097983" visible="true" version="4" changeset="9314700" timestamp="2011-09-16T10:07:06Z" user="rogh" uid="460936" lat="40.5885963" lon="17.1119396"/>
 <node id="1314097985" visible="true" version="1" changeset="8359572" timestamp="2011-06-06T13:36:46Z" user="rogh" uid="460936" lat="40.5887411" lon="17.1116783"/>
 <node id="1424583047" visible="true" version="2" changeset="39914094" timestamp="2016-06-09T18:25:08Z" user="mcheckimport" uid="893327" lat="40.5897159" lon="17.1073407"/>
 <node id="1424583117" visible="true" version="2" changeset="39914094" timestamp="2016-06-09T18:25:08Z" user="mcheckimport" uid="893327" lat="40.5963319" lon="17.1111346"/>
 <node id="1424583140" visible="true" version="2" changeset="39914094" timestamp="2016-06-09T18:25:08Z" user="mcheckimport" uid="893327" lat="40.5957655" lon="17.1111646"/>
 <node id="1424590502" visible="true" version="2" changeset="39914094" timestamp="2016-06-09T18:25:08Z" user="mcheckimport" uid="893327" lat="40.5912629" lon="17.1162396"/>
 <node id="1424590511" visible="true" version="2" changeset="39914094" timestamp="2016-06-09T18:25:08Z" user="mcheckimport" uid="893327" lat="40.5864815" lon="17.1109958"/>
 <node id="1424590537" visible="true" version="3" changeset="39914094" timestamp="2016-06-09T18:25:08Z" user="mcheckimport" uid="893327" lat="40.5912040" lon="17.1154898"/>
 <node id="1431505187" visible="true" version="2" changeset="9314359" timestamp="2011-09-16T09:14:10Z" user="noperante" uid="68842" lat="40.5916178" lon="17.1159817"/>
 <node id="1431505190" visible="true" version="1" changeset="9285176" timestamp="2011-09-13T01:00:46Z" user="noperante" uid="68842" lat="40.5919788" lon="17.1161130"/>
 <node id="1431505191" visible="true" version="4" changeset="58027853" timestamp="2018-04-12T08:04:48Z" user="DodoIt" uid="7974909" lat="40.5919961" lon="17.1143462"/>
 <node id="1431505192" visible="true" version="3" changeset="39914094" timestamp="2016-06-09T18:25:11Z" user="mcheckimport" uid="893327" lat="40.5920824" lon="17.1139877"/>
 <node id="1431505195" visible="true" version="3" changeset="39914094" timestamp="2016-06-09T18:25:11Z" user="mcheckimport" uid="893327" lat="40.5921621" lon="17.1167715"/>
 <node id="1431505196" visible="true" version="1" changeset="9285176" timestamp="2011-09-13T01:00:47Z" user="noperante" uid="68842" lat="40.5922961" lon="17.1162400"/>
 <node id="1431505197" visible="true" version="2" changeset="16136852" timestamp="2013-05-15T10:20:09Z" user="mcheckimport" uid="893327" lat="40.5923282" lon="17.1144746"/>
 <node id="1431505198" visible="true" version="3" changeset="39914094" timestamp="2016-06-09T18:25:11Z" user="mcheckimport" uid="893327" lat="40.5924796" lon="17.1168989"/>
 <node id="1431505199" visible="true" version="2" changeset="39914094" timestamp="2016-06-09T18:25:11Z" user="mcheckimport" uid="893327" lat="40.5925400" lon="17.1135957"/>
 <node id="1431505200" visible="true" version="3" changeset="39914094" timestamp="2016-06-09T18:25:11Z" user="mcheckimport" uid="893327" lat="40.5925646" lon="17.1119053"/>
 <node id="1431505201" visible="true" version="1" changeset="9285176" timestamp="2011-09-13T01:00:47Z" user="noperante" uid="68842" lat="40.5926297" lon="17.1132021"/>
 <node id="1431505202" visible="true" version="2" changeset="16136852" timestamp="2013-05-15T10:20:09Z" user="mcheckimport" uid="893327" lat="40.5926142" lon="17.1163279"/>
 <node id="1431505203" visible="true" version="2" changeset="16136852" timestamp="2013-05-15T10:20:09Z" user="mcheckimport" uid="893327" lat="40.5926558" lon="17.1146008"/>
 <node id="1431505204" visible="true" version="1" changeset="9285176" timestamp="2011-09-13T01:00:47Z" user="noperante" uid="68842" lat="40.5927324" lon="17.1127504"/>
 <node id="1431505205" visible="true" version="1" changeset="9285176" timestamp="2011-09-13T01:00:47Z" user="noperante" uid="68842" lat="40.5927621" lon="17.1141838"/>
 <node id="1431505206" visible="true" version="1" changeset="9285176" timestamp="2011-09-13T01:00:47Z" user="noperante" uid="68842" lat="40.5928121" lon="17.1100947"/>
 <node id="1431505207" visible="true" version="2" changeset="39914094" timestamp="2016-06-09T18:25:11Z" user="mcheckimport" uid="893327" lat="40.5928629" lon="17.1121775"/>
 <node id="1431505208" visible="true" version="3" changeset="39914094" timestamp="2016-06-09T18:25:11Z" user="mcheckimport" uid="893327" lat="40.5928322" lon="17.1170413"/>
 <node id="1431505209" visible="true" version="2" changeset="39914094" timestamp="2016-06-09T18:25:11Z" user="mcheckimport" uid="893327" lat="40.5928711" lon="17.1137207"/>
 <node id="1431505210" visible="true" version="2" changeset="16136852" timestamp="2013-05-15T10:20:09Z" user="mcheckimport" uid="893327" lat="40.5929074" lon="17.1151682"/>
 <node id="1431505211" visible="true" version="1" changeset="9285176" timestamp="2011-09-13T01:00:47Z" user="noperante" uid="68842" lat="40.5929564" lon="17.1133228"/>
 <node id="1431505212" visible="true" version="1" changeset="9285176" timestamp="2011-09-13T01:00:47Z" user="noperante" uid="68842" lat="40.5929565" lon="17.1117745"/>
 <node id="1431505213" visible="true" version="2" changeset="16136852" timestamp="2013-05-15T10:20:09Z" user="mcheckimport" uid="893327" lat="40.5929798" lon="17.1164683"/>
 <node id="1431505214" visible="true" version="1" changeset="9285176" timestamp="2011-09-13T01:00:47Z" user="noperante" uid="68842" lat="40.5929940" lon="17.1116146"/>
 <node id="1431505215" visible="true" version="2" changeset="16136852" timestamp="2013-05-15T10:20:09Z" user="mcheckimport" uid="893327" lat="40.5929999" lon="17.1147334"/>
 <node id="1431505216" visible="true" version="1" changeset="9285176" timestamp="2011-09-13T01:00:47Z" user="noperante" uid="68842" lat="40.5930561" lon="17.1113501"/>
 <node id="1431505217" visible="true" version="2" changeset="39914094" timestamp="2016-06-09T18:25:11Z" user="mcheckimport" uid="893327" lat="40.5930661" lon="17.1128414"/>
 <node id="1431505218" visible="true" version="1" changeset="9285176" timestamp="2011-09-13T01:00:47Z" user="noperante" uid="68842" lat="40.5931057" lon="17.1143191"/>
 <node id="1431505219" visible="true" version="1" changeset="9285176" timestamp="2011-09-13T01:00:47Z" user="noperante" uid="68842" lat="40.5931282" lon="17.1110431"/>
 <node id="1431505220" visible="true" version="2" changeset="39914094" timestamp="2016-06-09T18:25:11Z" user="mcheckimport" uid="893327" lat="40.5931850" lon="17.1123089"/>
 <node id="1431505221" visible="true" version="2" changeset="39914094" timestamp="2016-06-09T18:25:11Z" user="mcheckimport" uid="893327" lat="40.5932035" lon="17.1138520"/>
 <node id="1431505222" visible="true" version="3" changeset="39914094" timestamp="2016-06-09T18:25:11Z" user="mcheckimport" uid="893327" lat="40.5931799" lon="17.1171643"/>
 <node id="1431505223" visible="true" version="2" changeset="16136852" timestamp="2013-05-15T10:20:09Z" user="mcheckimport" uid="893327" lat="40.5932464" lon="17.1152999"/>
 <node id="1431505224" visible="true" version="1" changeset="9285176" timestamp="2011-09-13T01:00:48Z" user="noperante" uid="68842" lat="40.5932789" lon="17.1118936"/>
 <node id="1431505225" visible="true" version="2" changeset="39914094" timestamp="2016-06-09T18:25:11Z" user="mcheckimport" uid="893327" lat="40.5932988" lon="17.1105569"/>
 <node id="1431505226" visible="true" version="2" changeset="39914094" timestamp="2016-06-09T18:25:11Z" user="mcheckimport" uid="893327" lat="40.5933189" lon="17.1101067"/>
 <node id="1431505227" visible="true" version="2" changeset="16136852" timestamp="2013-05-15T10:20:09Z" user="mcheckimport" uid="893327" lat="40.5933390" lon="17.1148641"/>
 <node id="1431505228" visible="true" version="2" changeset="39914094" timestamp="2016-06-09T18:25:11Z" user="mcheckimport" uid="893327" lat="40.5933622" lon="17.1114386"/>
 <node id="1431505229" visible="true" version="1" changeset="9285176" timestamp="2011-09-13T01:00:48Z" user="noperante" uid="68842" lat="40.5934442" lon="17.1144524"/>
 <node id="1431505230" visible="true" version="2" changeset="39914094" timestamp="2016-06-09T18:25:11Z" user="mcheckimport" uid="893327" lat="40.5935245" lon="17.1124356"/>
 <node id="1431505231" visible="true" version="3" changeset="39914094" timestamp="2016-06-09T18:25:11Z" user="mcheckimport" uid="893327" lat="40.5935176" lon="17.1173038"/>
 <node id="1431505232" visible="true" version="1" changeset="9285176" timestamp="2011-09-13T01:00:48Z" user="noperante" uid="68842" lat="40.5936068" lon="17.1120143"/>
 <node id="1431505233" visible="true" version="2" changeset="16136852" timestamp="2013-05-15T10:20:09Z" user="mcheckimport" uid="893327" lat="40.5936144" lon="17.1154427"/>
 <node id="1431505234" visible="true" version="3" changeset="39914094" timestamp="2016-06-09T18:25:11Z" user="mcheckimport" uid="893327" lat="40.5936428" lon="17.1182528"/>
 <node id="1431505235" visible="true" version="2" changeset="39914094" timestamp="2016-06-09T18:25:11Z" user="mcheckimport" uid="893327" lat="40.5936675" lon="17.1105861"/>
 <node id="1431505236" visible="true" version="4" changeset="58509907" timestamp="2018-04-28T17:59:05Z" user="corfede" uid="1960233" lat="40.5936600" lon="17.1166754"/>
 <node id="1431505237" visible="true" version="2" changeset="39914094" timestamp="2016-06-09T18:25:11Z" user="mcheckimport" uid="893327" lat="40.5936983" lon="17.1115704"/>
 <node id="1431505238" visible="true" version="2" changeset="39914094" timestamp="2016-06-09T18:25:11Z" user="mcheckimport" uid="893327" lat="40.5936866" lon="17.1101333"/>
 <node id="1431505239" visible="true" version="2" changeset="16136852" timestamp="2013-05-15T10:20:09Z" user="mcheckimport" uid="893327" lat="40.5937041" lon="17.1150047"/>
 <node id="1431505240" visible="true" version="2" changeset="39914094" timestamp="2016-06-09T18:25:11Z" user="mcheckimport" uid="893327" lat="40.5937568" lon="17.1130856"/>
 <node id="1431505241" visible="true" version="1" changeset="9285176" timestamp="2011-09-13T01:00:48Z" user="noperante" uid="68842" lat="40.5938055" lon="17.1145946"/>
 <node id="1431505242" visible="true" version="2" changeset="39914094" timestamp="2016-06-09T18:25:11Z" user="mcheckimport" uid="893327" lat="40.5938544" lon="17.1125547"/>
 <node id="1431505243" visible="true" version="3" changeset="39914094" timestamp="2016-06-09T18:25:11Z" user="mcheckimport" uid="893327" lat="40.5938389" lon="17.1174254"/>
 <node id="1431505244" visible="true" version="1" changeset="9285176" timestamp="2011-09-13T01:00:48Z" user="noperante" uid="68842" lat="40.5939060" lon="17.1141334"/>
 <node id="1431505245" visible="true" version="2" changeset="39914094" timestamp="2016-06-09T18:25:11Z" user="mcheckimport" uid="893327" lat="40.5939469" lon="17.1121365"/>
 <node id="1431505246" visible="true" version="2" changeset="39914094" timestamp="2016-06-09T18:25:11Z" user="mcheckimport" uid="893327" lat="40.5939525" lon="17.1106111"/>
 <node id="1431505248" visible="true" version="3" changeset="39914094" timestamp="2016-06-09T18:25:11Z" user="mcheckimport" uid="893327" lat="40.5940501" lon="17.1151287"/>
 <node id="1431505249" visible="true" version="2" changeset="39914094" timestamp="2016-06-09T18:25:11Z" user="mcheckimport" uid="893327" lat="40.5940425" lon="17.1117038"/>
 <node id="1431505250" visible="true" version="2" changeset="39914094" timestamp="2016-06-09T18:25:11Z" user="mcheckimport" uid="893327" lat="40.5940988" lon="17.1132222"/>
 <node id="1431505251" visible="true" version="2" changeset="16136852" timestamp="2013-05-15T10:20:09Z" user="mcheckimport" uid="893327" lat="40.5941254" lon="17.1175220"/>
 <node id="1431505252" visible="true" version="2" changeset="39914094" timestamp="2016-06-09T18:25:11Z" user="mcheckimport" uid="893327" lat="40.5941401" lon="17.1147092"/>
 <node id="1431505254" visible="true" version="2" changeset="39914094" timestamp="2016-06-09T18:25:11Z" user="mcheckimport" uid="893327" lat="40.5942119" lon="17.1126828"/>
 <node id="1431505256" visible="true" version="2" changeset="16136852" timestamp="2013-05-15T10:20:09Z" user="mcheckimport" uid="893327" lat="40.5942645" lon="17.1156951"/>
 <node id="1431505257" visible="true" version="2" changeset="39914094" timestamp="2016-06-09T18:25:11Z" user="mcheckimport" uid="893327" lat="40.5942424" lon="17.1142455"/>
 <node id="1431505258" visible="true" version="2" changeset="39914094" timestamp="2016-06-09T18:25:11Z" user="mcheckimport" uid="893327" lat="40.5943018" lon="17.1122595"/>
 <node id="1431505261" visible="true" version="2" changeset="16136852" timestamp="2013-05-15T10:20:09Z" user="mcheckimport" uid="893327" lat="40.5943572" lon="17.1152564"/>
 <node id="1431505262" visible="true" version="2" changeset="39914094" timestamp="2016-06-09T18:25:11Z" user="mcheckimport" uid="893327" lat="40.5943961" lon="17.1118188"/>
 <node id="1431505264" visible="true" version="2" changeset="39914094" timestamp="2016-06-09T18:25:11Z" user="mcheckimport" uid="893327" lat="40.5944324" lon="17.1133424"/>
 <node id="1431505265" visible="true" version="1" changeset="9285176" timestamp="2011-09-13T01:00:49Z" user="noperante" uid="68842" lat="40.5944600" lon="17.1148523"/>
 <node id="1431505266" visible="true" version="2" changeset="16136852" timestamp="2013-05-15T10:20:09Z" user="mcheckimport" uid="893327" lat="40.5945393" lon="17.1157938"/>
 <node id="1431505267" visible="true" version="2" changeset="39914094" timestamp="2016-06-09T18:25:11Z" user="mcheckimport" uid="893327" lat="40.5945601" lon="17.1143714"/>
 <node id="1431505268" visible="true" version="2" changeset="39914094" timestamp="2016-06-09T18:25:11Z" user="mcheckimport" uid="893327" lat="40.5945454" lon="17.1128070"/>
 <node id="1431505269" visible="true" version="2" changeset="16136852" timestamp="2013-05-15T10:20:09Z" user="mcheckimport" uid="893327" lat="40.5946450" lon="17.1153598"/>
 <node id="1431505271" visible="true" version="2" changeset="39914094" timestamp="2016-06-09T18:25:11Z" user="mcheckimport" uid="893327" lat="40.5946221" lon="17.1107646"/>
 <node id="1431505272" visible="true" version="2" changeset="39914094" timestamp="2016-06-09T18:25:11Z" user="mcheckimport" uid="893327" lat="40.5946322" lon="17.1123663"/>
 <node id="1431505273" visible="true" version="2" changeset="16136852" timestamp="2013-05-15T10:20:09Z" user="mcheckimport" uid="893327" lat="40.5947433" lon="17.1149561"/>
 <node id="1431505275" visible="true" version="2" changeset="39914094" timestamp="2016-06-09T18:25:11Z" user="mcheckimport" uid="893327" lat="40.5947553" lon="17.1134679"/>
 <node id="1431505276" visible="true" version="2" changeset="39914094" timestamp="2016-06-09T18:25:11Z" user="mcheckimport" uid="893327" lat="40.5947210" lon="17.1119399"/>
 <node id="1431505278" visible="true" version="2" changeset="16136852" timestamp="2013-05-15T10:20:09Z" user="mcheckimport" uid="893327" lat="40.5948563" lon="17.1144916"/>
 <node id="1431505279" visible="true" version="2" changeset="39914094" timestamp="2016-06-09T18:25:11Z" user="mcheckimport" uid="893327" lat="40.5948676" lon="17.1129373"/>
 <node id="1431505283" visible="true" version="2" changeset="39914094" timestamp="2016-06-09T18:25:12Z" user="mcheckimport" uid="893327" lat="40.5949667" lon="17.1124953"/>
 <node id="1431505284" visible="true" version="2" changeset="16136852" timestamp="2013-05-15T10:20:09Z" user="mcheckimport" uid="893327" lat="40.5950250" lon="17.1159904"/>
 <node id="1431505286" visible="true" version="2" changeset="39914094" timestamp="2016-06-09T18:25:12Z" user="mcheckimport" uid="893327" lat="40.5950612" lon="17.1120736"/>
 <node id="1431505287" visible="true" version="3" changeset="39914094" timestamp="2016-06-09T18:25:12Z" user="mcheckimport" uid="893327" lat="40.5950646" lon="17.1135784"/>
 <node id="1431505288" visible="true" version="2" changeset="16136852" timestamp="2013-05-15T10:20:09Z" user="mcheckimport" uid="893327" lat="40.5951099" lon="17.1155464"/>
 <node id="1431505290" visible="true" version="3" changeset="39914094" timestamp="2016-06-09T18:25:12Z" user="mcheckimport" uid="893327" lat="40.5951154" lon="17.1186379"/>
 <node id="1431505291" visible="true" version="2" changeset="39914094" timestamp="2016-06-09T18:25:12Z" user="mcheckimport" uid="893327" lat="40.5951993" lon="17.1151199"/>
 <node id="1431505292" visible="true" version="2" changeset="16136852" timestamp="2013-05-15T10:20:09Z" user="mcheckimport" uid="893327" lat="40.5952031" lon="17.1130671"/>
 <node id="1431505293" visible="true" version="2" changeset="39914094" timestamp="2016-06-09T18:25:12Z" user="mcheckimport" uid="893327" lat="40.5951877" lon="17.1114516"/>
 <node id="1431505296" visible="true" version="2" changeset="39914094" timestamp="2016-06-09T18:25:12Z" user="mcheckimport" uid="893327" lat="40.5952964" lon="17.1146450"/>
 <node id="1431505297" visible="true" version="2" changeset="16136852" timestamp="2013-05-15T10:20:09Z" user="mcheckimport" uid="893327" lat="40.5953154" lon="17.1126274"/>
 <node id="1431505298" visible="true" version="2" changeset="16136852" timestamp="2013-05-15T10:20:09Z" user="mcheckimport" uid="893327" lat="40.5953369" lon="17.1161115"/>
 <node id="1431505301" visible="true" version="2" changeset="16136852" timestamp="2013-05-15T10:20:09Z" user="mcheckimport" uid="893327" lat="40.5954259" lon="17.1156682"/>
 <node id="1431505302" visible="true" version="2" changeset="16136852" timestamp="2013-05-15T10:20:09Z" user="mcheckimport" uid="893327" lat="40.5954411" lon="17.1122150"/>
 <node id="1431505304" visible="true" version="2" changeset="16136852" timestamp="2013-05-15T10:20:09Z" user="mcheckimport" uid="893327" lat="40.5954883" lon="17.1137387"/>
 <node id="1431505305" visible="true" version="3" changeset="39914094" timestamp="2016-06-09T18:25:12Z" user="mcheckimport" uid="893327" lat="40.5955203" lon="17.1152473"/>
 <node id="1431505308" visible="true" version="2" changeset="16136852" timestamp="2013-05-15T10:20:10Z" user="mcheckimport" uid="893327" lat="40.5955921" lon="17.1132047"/>
 <node id="1431505310" visible="true" version="3" changeset="39914094" timestamp="2016-06-09T18:25:12Z" user="mcheckimport" uid="893327" lat="40.5956200" lon="17.1147712"/>
 <node id="1431505311" visible="true" version="2" changeset="16136852" timestamp="2013-05-15T10:20:10Z" user="mcheckimport" uid="893327" lat="40.5956497" lon="17.1162329"/>
 <node id="1431505314" visible="true" version="2" changeset="16136852" timestamp="2013-05-15T10:20:10Z" user="mcheckimport" uid="893327" lat="40.5957412" lon="17.1157897"/>
 <node id="1431505316" visible="true" version="2" changeset="16136852" timestamp="2013-05-15T10:20:10Z" user="mcheckimport" uid="893327" lat="40.5958206" lon="17.1138783"/>
 <node id="1431505317" visible="true" version="2" changeset="16136852" timestamp="2013-05-15T10:20:10Z" user="mcheckimport" uid="893327" lat="40.5958397" lon="17.1153952"/>
 <node id="1431505319" visible="true" version="2" changeset="16136852" timestamp="2013-05-15T10:20:10Z" user="mcheckimport" uid="893327" lat="40.5959445" lon="17.1149174"/>
 <node id="1431505320" visible="true" version="2" changeset="16136852" timestamp="2013-05-15T10:20:10Z" user="mcheckimport" uid="893327" lat="40.5959680" lon="17.1163565"/>
 <node id="1431505321" visible="true" version="2" changeset="16136852" timestamp="2013-05-15T10:20:10Z" user="mcheckimport" uid="893327" lat="40.5960621" lon="17.1159133"/>
 <node id="1431505323" visible="true" version="1" changeset="9285176" timestamp="2011-09-13T01:00:51Z" user="noperante" uid="68842" lat="40.5961636" lon="17.1140019"/>
 <node id="1431505324" visible="true" version="2" changeset="16136852" timestamp="2013-05-15T10:20:10Z" user="mcheckimport" uid="893327" lat="40.5961633" lon="17.1155184"/>
 <node id="1431505325" visible="true" version="2" changeset="16136852" timestamp="2013-05-15T10:20:10Z" user="mcheckimport" uid="893327" lat="40.5962713" lon="17.1150389"/>
 <node id="1431505326" visible="true" version="2" changeset="16136852" timestamp="2013-05-15T10:20:10Z" user="mcheckimport" uid="893327" lat="40.5963201" lon="17.1164932"/>
 <node id="1431505329" visible="true" version="2" changeset="16136852" timestamp="2013-05-15T10:20:10Z" user="mcheckimport" uid="893327" lat="40.5964284" lon="17.1160545"/>
 <node id="1431505331" visible="true" version="2" changeset="16136852" timestamp="2013-05-15T10:20:10Z" user="mcheckimport" uid="893327" lat="40.5964802" lon="17.1141119"/>
 <node id="1431505332" visible="true" version="1" changeset="9285176" timestamp="2011-09-13T01:00:52Z" user="noperante" uid="68842" lat="40.5965260" lon="17.1156659"/>
 <node id="1431505333" visible="true" version="1" changeset="9285176" timestamp="2011-09-13T01:00:52Z" user="noperante" uid="68842" lat="40.5966324" lon="17.1151827"/>
 <node id="1431505335" visible="true" version="1" changeset="9285176" timestamp="2011-09-13T01:00:52Z" user="noperante" uid="68842" lat="40.5968339" lon="17.1142464"/>
 <node id="1431900479" visible="true" version="3" changeset="39914094" timestamp="2016-06-09T18:25:12Z" user="mcheckimport" uid="893327" lat="40.5913942" lon="17.1122933"/>
 <node id="1431900480" visible="true" version="3" changeset="39914094" timestamp="2016-06-09T18:25:12Z" user="mcheckimport" uid="893327" lat="40.5914281" lon="17.1121684"/>
 <node id="1431900482" visible="true" version="1" changeset="9289637" timestamp="2011-09-13T13:31:35Z" user="rogh" uid="460936" lat="40.5920692" lon="17.1121042"/>
 <node id="1431900483" visible="true" version="2" changeset="9306301" timestamp="2011-09-15T09:30:16Z" user="rogh" uid="460936" lat="40.5920719" lon="17.1124984"/>
 <node id="1431900485" visible="true" version="2" changeset="9306301" timestamp="2011-09-15T09:30:16Z" user="rogh" uid="460936" lat="40.5923840" lon="17.1120525"/>
 <node id="1431900486" visible="true" version="2" changeset="9314359" timestamp="2011-09-16T09:14:10Z" user="noperante" uid="68842" lat="40.5925313" lon="17.1120410"/>
 <node id="1432722491" visible="true" version="3" changeset="39914094" timestamp="2016-06-09T18:25:12Z" user="mcheckimport" uid="893327" lat="40.5921145" lon="17.1170019"/>
 <node id="1432722492" visible="true" version="2" changeset="39914094" timestamp="2016-06-09T18:25:12Z" user="mcheckimport" uid="893327" lat="40.5936354" lon="17.1110703"/>
 <node id="1432722493" visible="true" version="3" changeset="39914094" timestamp="2016-06-09T18:25:12Z" user="mcheckimport" uid="893327" lat="40.5936986" lon="17.1133743"/>
 <node id="1432722497" visible="true" version="3" changeset="39914094" timestamp="2016-06-09T18:25:12Z" user="mcheckimport" uid="893327" lat="40.5939488" lon="17.1155814"/>
 <node id="1432722499" visible="true" version="2" changeset="39914094" timestamp="2016-06-09T18:25:12Z" user="mcheckimport" uid="893327" lat="40.5953165" lon="17.1114955"/>
 <node id="1432722501" visible="true" version="4" changeset="58509907" timestamp="2018-04-28T17:59:05Z" user="corfede" uid="1960233" lat="40.5956353" lon="17.1115628"/>
 <node id="1433282056" visible="true" version="2" changeset="39914094" timestamp="2016-06-09T18:25:12Z" user="mcheckimport" uid="893327" lat="40.5908503" lon="17.1142528"/>
 <node id="1433282059" visible="true" version="2" changeset="39914094" timestamp="2016-06-09T18:25:12Z" user="mcheckimport" uid="893327" lat="40.5909887" lon="17.1142711"/>
 <node id="1433282061" visible="true" version="1" changeset="9306301" timestamp="2011-09-15T09:30:12Z" user="rogh" uid="460936" lat="40.5910148" lon="17.1142649"/>
 <node id="1433282065" visible="true" version="2" changeset="39914094" timestamp="2016-06-09T18:25:12Z" user="mcheckimport" uid="893327" lat="40.5912524" lon="17.1145537"/>
 <node id="1433282066" visible="true" version="1" changeset="9306301" timestamp="2011-09-15T09:30:12Z" user="rogh" uid="460936" lat="40.5912069" lon="17.1117438"/>
 <node id="1433282068" visible="true" version="1" changeset="9306301" timestamp="2011-09-15T09:30:12Z" user="rogh" uid="460936" lat="40.5912198" lon="17.1132309"/>
 <node id="1433282075" visible="true" version="1" changeset="9306301" timestamp="2011-09-15T09:30:12Z" user="rogh" uid="460936" lat="40.5912424" lon="17.1144970"/>
 <node id="1433282076" visible="true" version="1" changeset="9306301" timestamp="2011-09-15T09:30:12Z" user="rogh" uid="460936" lat="40.5914484" lon="17.1122757"/>
 <node id="1433282077" visible="true" version="1" changeset="9306301" timestamp="2011-09-15T09:30:12Z" user="rogh" uid="460936" lat="40.5914624" lon="17.1121885"/>
 <node id="1433282078" visible="true" version="2" changeset="58509907" timestamp="2018-04-28T17:59:05Z" user="corfede" uid="1960233" lat="40.5914676" lon="17.1147618"/>
 <node id="1433282079" visible="true" version="2" changeset="39914094" timestamp="2016-06-09T18:25:12Z" user="mcheckimport" uid="893327" lat="40.5915262" lon="17.1117191"/>
 <node id="1433282080" visible="true" version="1" changeset="9306301" timestamp="2011-09-15T09:30:12Z" user="rogh" uid="460936" lat="40.5915007" lon="17.1133389"/>
 <node id="1433282082" visible="true" version="1" changeset="9306301" timestamp="2011-09-15T09:30:12Z" user="rogh" uid="460936" lat="40.5915496" lon="17.1132809"/>
 <node id="1433282084" visible="true" version="1" changeset="9306301" timestamp="2011-09-15T09:30:12Z" user="rogh" uid="460936" lat="40.5917209" lon="17.1116935"/>
 <node id="1433282095" visible="true" version="1" changeset="9306301" timestamp="2011-09-15T09:30:12Z" user="rogh" uid="460936" lat="40.5917344" lon="17.1123923"/>
 <node id="1433282096" visible="true" version="1" changeset="9306301" timestamp="2011-09-15T09:30:12Z" user="rogh" uid="460936" lat="40.5917349" lon="17.1121369"/>
 <node id="1433282098" visible="true" version="1" changeset="9306301" timestamp="2011-09-15T09:30:12Z" user="rogh" uid="460936" lat="40.5918583" lon="17.1133924"/>
 <node id="1433282099" visible="true" version="1" changeset="9306301" timestamp="2011-09-15T09:30:12Z" user="rogh" uid="460936" lat="40.5920357" lon="17.1121388"/>
 <node id="1433282100" visible="true" version="1" changeset="9306301" timestamp="2011-09-15T09:30:12Z" user="rogh" uid="460936" lat="40.5920428" lon="17.1124505"/>
 <node id="1433282101" visible="true" version="1" changeset="9306301" timestamp="2011-09-15T09:30:13Z" user="rogh" uid="460936" lat="40.5920546" lon="17.1116459"/>
 <node id="1433282102" visible="true" version="2" changeset="9306495" timestamp="2011-09-15T09:58:10Z" user="rogh" uid="460936" lat="40.5919692" lon="17.1129438"/>
 <node id="1433282112" visible="true" version="4" changeset="39914094" timestamp="2016-06-09T18:25:12Z" user="mcheckimport" uid="893327" lat="40.5922109" lon="17.1134801"/>
 <node id="1433282115" visible="true" version="1" changeset="9306301" timestamp="2011-09-15T09:30:13Z" user="rogh" uid="460936" lat="40.5923663" lon="17.1116140"/>
 <node id="1433282119" visible="true" version="2" changeset="9314359" timestamp="2011-09-16T09:14:10Z" user="noperante" uid="68842" lat="40.5926293" lon="17.1115920"/>
 <node id="1433282121" visible="true" version="2" changeset="9314359" timestamp="2011-09-16T09:14:10Z" user="noperante" uid="68842" lat="40.5926513" lon="17.1115035"/>
 <node id="1433298737" visible="true" version="2" changeset="39914094" timestamp="2016-06-09T18:25:12Z" user="mcheckimport" uid="893327" lat="40.5905601" lon="17.1136465"/>
 <node id="1433298738" visible="true" version="2" changeset="39914094" timestamp="2016-06-09T18:25:12Z" user="mcheckimport" uid="893327" lat="40.5905944" lon="17.1136100"/>
 <node id="1433298739" visible="true" version="1" changeset="9306495" timestamp="2011-09-15T09:58:07Z" user="rogh" uid="460936" lat="40.5906633" lon="17.1134299"/>
 <node id="1433298740" visible="true" version="2" changeset="39914094" timestamp="2016-06-09T18:25:12Z" user="mcheckimport" uid="893327" lat="40.5909059" lon="17.1127004"/>
 <node id="1433298741" visible="true" version="1" changeset="9306495" timestamp="2011-09-15T09:58:07Z" user="rogh" uid="460936" lat="40.5909327" lon="17.1126109"/>
 <node id="1433298742" visible="true" version="2" changeset="39914094" timestamp="2016-06-09T18:25:12Z" user="mcheckimport" uid="893327" lat="40.5910739" lon="17.1121912"/>
 <node id="1433298744" visible="true" version="2" changeset="39914094" timestamp="2016-06-09T18:25:12Z" user="mcheckimport" uid="893327" lat="40.5912899" lon="17.1114698"/>
 <node id="1433298746" visible="true" version="2" changeset="39914094" timestamp="2016-06-09T18:25:12Z" user="mcheckimport" uid="893327" lat="40.5912942" lon="17.1127249"/>
 <node id="1433298748" visible="true" version="2" changeset="39914094" timestamp="2016-06-09T18:25:12Z" user="mcheckimport" uid="893327" lat="40.5913728" lon="17.1110333"/>
 <node id="1433298749" visible="true" version="1" changeset="9306495" timestamp="2011-09-15T09:58:08Z" user="rogh" uid="460936" lat="40.5916337" lon="17.1128465"/>
 <node id="1433298750" visible="true" version="1" changeset="9306495" timestamp="2011-09-15T09:58:08Z" user="rogh" uid="460936" lat="40.5922999" lon="17.1130585"/>
 <node id="1433380252" visible="true" version="2" changeset="39914094" timestamp="2016-06-09T18:25:13Z" user="mcheckimport" uid="893327" lat="40.5906004" lon="17.1117307"/>
 <node id="1433380262" visible="true" version="3" changeset="39914094" timestamp="2016-06-09T18:25:13Z" user="mcheckimport" uid="893327" lat="40.5906244" lon="17.1117139"/>
 <node id="1433380277" visible="true" version="2" changeset="39914094" timestamp="2016-06-09T18:25:13Z" user="mcheckimport" uid="893327" lat="40.5906728" lon="17.1116868"/>
 <node id="1433380282" visible="true" version="1" changeset="9306911" timestamp="2011-09-15T10:47:46Z" user="rogh" uid="460936" lat="40.5908170" lon="17.1116468"/>
 <node id="1433380285" visible="true" version="2" changeset="39914094" timestamp="2016-06-09T18:25:13Z" user="mcheckimport" uid="893327" lat="40.5908689" lon="17.1115630"/>
 <node id="1433380298" visible="true" version="1" changeset="9306911" timestamp="2011-09-15T10:47:46Z" user="rogh" uid="460936" lat="40.5909359" lon="17.1115301"/>
 <node id="1433380300" visible="true" version="2" changeset="39914094" timestamp="2016-06-09T18:25:13Z" user="mcheckimport" uid="893327" lat="40.5911752" lon="17.1114575"/>
 <node id="1433380301" visible="true" version="1" changeset="9306911" timestamp="2011-09-15T10:47:46Z" user="rogh" uid="460936" lat="40.5914374" lon="17.1114797"/>
 <node id="1433380302" visible="true" version="1" changeset="9306911" timestamp="2011-09-15T10:47:46Z" user="rogh" uid="460936" lat="40.5914817" lon="17.1114771"/>
 <node id="1433570813" visible="true" version="1" changeset="9308891" timestamp="2011-09-15T15:11:28Z" user="rogh" uid="460936" lat="40.5888585" lon="17.1116853"/>
 <node id="1433570814" visible="true" version="2" changeset="39914094" timestamp="2016-06-09T18:25:13Z" user="mcheckimport" uid="893327" lat="40.5889894" lon="17.1116882"/>
 <node id="1433570815" visible="true" version="1" changeset="9308891" timestamp="2011-09-15T15:11:28Z" user="rogh" uid="460936" lat="40.5891098" lon="17.1116836"/>
 <node id="1433570820" visible="true" version="2" changeset="39914094" timestamp="2016-06-09T18:25:13Z" user="mcheckimport" uid="893327" lat="40.5893891" lon="17.1116552"/>
 <node id="1433570826" visible="true" version="2" changeset="39914094" timestamp="2016-06-09T18:25:13Z" user="mcheckimport" uid="893327" lat="40.5897634" lon="17.1116027"/>
 <node id="1433570830" visible="true" version="3" changeset="39914094" timestamp="2016-06-09T18:25:13Z" user="mcheckimport" uid="893327" lat="40.5901673" lon="17.1115609"/>
 <node id="1433570831" visible="true" version="2" changeset="39914094" timestamp="2016-06-09T18:25:13Z" user="mcheckimport" uid="893327" lat="40.5905153" lon="17.1113976"/>
 <node id="1433570832" visible="true" version="2" changeset="39914094" timestamp="2016-06-09T18:25:13Z" user="mcheckimport" uid="893327" lat="40.5913061" lon="17.1112449"/>
 <node id="1433570833" visible="true" version="2" changeset="39914094" timestamp="2016-06-09T18:25:13Z" user="mcheckimport" uid="893327" lat="40.5913546" lon="17.1112379"/>
 <node id="1433570834" visible="true" version="1" changeset="9308891" timestamp="2011-09-15T15:11:29Z" user="rogh" uid="460936" lat="40.5920449" lon="17.1111776"/>
 <node id="1433570835" visible="true" version="1" changeset="9308891" timestamp="2011-09-15T15:11:29Z" user="rogh" uid="460936" lat="40.5923528" lon="17.1111358"/>
 <node id="1433584077" visible="true" version="2" changeset="9314359" timestamp="2011-09-16T09:14:11Z" user="noperante" uid="68842" lat="40.5922060" lon="17.1134747"/>
 <node id="1446949168" visible="true" version="2" changeset="43034294" timestamp="2016-10-20T14:49:38Z" user="corfede" uid="1960233" lat="40.5912819" lon="17.1174179"/>
 <node id="1446949172" visible="true" version="2" changeset="43034294" timestamp="2016-10-20T14:49:38Z" user="corfede" uid="1960233" lat="40.5914935" lon="17.1165592"/>
 <node id="1448733392" visible="true" version="3" changeset="58027853" timestamp="2018-04-12T08:04:48Z" user="DodoIt" uid="7974909" lat="40.5920333" lon="17.1146501">
  <tag k="addr:housenumber" v="71"/>
  <tag k="addr:street" v="Viale Guglielmo Marconi"/>
  <tag k="amenity" v="pharmacy"/>
  <tag k="dispensing" v="no"/>
  <tag k="name" v="Farmacia Benegiano"/>
 </node>
 <node id="1448733393" visible="true" version="1" changeset="9426477" timestamp="2011-09-29T11:13:03Z" user="rogh" uid="460936" lat="40.5927885" lon="17.1111038">
  <tag k="name" v="Fruscìo"/>
  <tag k="shop" v="clothes"/>
 </node>
 <node id="1448733394" visible="true" version="1" changeset="9426477" timestamp="2011-09-29T11:13:03Z" user="rogh" uid="460936" lat="40.5915850" lon="17.1162848">
  <tag k="name" v="Marconi"/>
  <tag k="shop" v="bakery"/>
 </node>
 <node id="1448733403" visible="true" version="2" changeset="22238048" timestamp="2014-05-09T19:27:59Z" user="Jumpmad" uid="2068322" lat="40.5924574" lon="17.1109227">
  <tag k="amenity" v="fast_food"/>
  <tag k="cuisine" v="pizza"/>
  <tag k="name" v="Benny's Pizza"/>
 </node>
 <node id="1448733405" visible="true" version="1" changeset="9426477" timestamp="2011-09-29T11:13:03Z" user="rogh" uid="460936" lat="40.5923998" lon="17.1123506">
  <tag k="amenity" v="bar"/>
  <tag k="name" v="Tic-Tac"/>
 </node>
 <node id="1448733415" visible="true" version="1" changeset="9426477" timestamp="2011-09-29T11:13:04Z" user="rogh" uid="460936" lat="40.5921695" lon="17.1133847">
  <tag k="shop" v="butcher"/>
 </node>
 <node id="1448733418" visible="true" version="1" changeset="9426477" timestamp="2011-09-29T11:13:04Z" user="rogh" uid="460936" lat="40.5926123" lon="17.1118510">
  <tag k="shop" v="butcher"/>
 </node>
 <node id="1448733419" visible="true" version="1" changeset="9426477" timestamp="2011-09-29T11:13:04Z" user="rogh" uid="460936" lat="40.5926492" lon="17.1111707">
  <tag k="shop" v="newsagent"/>
 </node>
 <node id="1448733420" visible="true" version="1" changeset="9426477" timestamp="2011-09-29T11:13:04Z" user="rogh" uid="460936" lat="40.5926922" lon="17.1109557">
  <tag k="operator" v="Renault"/>
  <tag k="shop" v="car"/>
 </node>
 <node id="1449396442" visible="true" version="1" changeset="9433584" timestamp="2011-09-30T09:04:06Z" user="rogh" uid="460936" lat="40.5932048" lon="17.1109768">
  <tag k="amenity" v="bar"/>
  <tag k="name" v="Bar Italia"/>
 </node>
 <node id="1489455624" visible="true" version="2" changeset="16136852" timestamp="2013-05-15T10:20:11Z" user="mcheckimport" uid="893327" lat="40.5862082" lon="17.1096813"/>
 <node id="1489455625" visible="true" version="2" changeset="16136852" timestamp="2013-05-15T10:20:11Z" user="mcheckimport" uid="893327" lat="40.5862225" lon="17.1095212"/>
 <node id="1489455627" visible="true" version="2" changeset="16136852" timestamp="2013-05-15T10:20:11Z" user="mcheckimport" uid="893327" lat="40.5862337" lon="17.1095907"/>
 <node id="1489455628" visible="true" version="2" changeset="16136852" timestamp="2013-05-15T10:20:11Z" user="mcheckimport" uid="893327" lat="40.5862417" lon="17.1099676"/>
 <node id="1489455629" visible="true" version="2" changeset="16136852" timestamp="2013-05-15T10:20:11Z" user="mcheckimport" uid="893327" lat="40.5862609" lon="17.1098455"/>
 <node id="1489455630" visible="true" version="2" changeset="16136852" timestamp="2013-05-15T10:20:11Z" user="mcheckimport" uid="893327" lat="40.5862929" lon="17.1093760"/>
 <node id="1489455631" visible="true" version="2" changeset="16136852" timestamp="2013-05-15T10:20:11Z" user="mcheckimport" uid="893327" lat="40.5863137" lon="17.1097591"/>
 <node id="1489455637" visible="true" version="2" changeset="16136852" timestamp="2013-05-15T10:20:11Z" user="mcheckimport" uid="893327" lat="40.5863856" lon="17.1106118"/>
 <node id="1489455638" visible="true" version="2" changeset="16136852" timestamp="2013-05-15T10:20:11Z" user="mcheckimport" uid="893327" lat="40.5864000" lon="17.1094518"/>
 <node id="1489455641" visible="true" version="2" changeset="16136852" timestamp="2013-05-15T10:20:11Z" user="mcheckimport" uid="893327" lat="40.5864640" lon="17.1106581"/>
 <node id="1489455643" visible="true" version="2" changeset="16136852" timestamp="2013-05-15T10:20:11Z" user="mcheckimport" uid="893327" lat="40.5864704" lon="17.1093002"/>
 <node id="1489455644" visible="true" version="2" changeset="16136852" timestamp="2013-05-15T10:20:11Z" user="mcheckimport" uid="893327" lat="40.5864863" lon="17.1107276"/>
 <node id="1489455646" visible="true" version="2" changeset="16136852" timestamp="2013-05-15T10:20:11Z" user="mcheckimport" uid="893327" lat="40.5865167" lon="17.1108413"/>
 <node id="1489455647" visible="true" version="2" changeset="16136852" timestamp="2013-05-15T10:20:11Z" user="mcheckimport" uid="893327" lat="40.5865439" lon="17.1093739"/>
 <node id="1489455648" visible="true" version="2" changeset="16136852" timestamp="2013-05-15T10:20:11Z" user="mcheckimport" uid="893327" lat="40.5865852" lon="17.1110087"/>
 <node id="1489455649" visible="true" version="2" changeset="16136852" timestamp="2013-05-15T10:20:11Z" user="mcheckimport" uid="893327" lat="40.5866213" lon="17.1094907"/>
 <node id="1489455650" visible="true" version="2" changeset="16136852" timestamp="2013-05-15T10:20:11Z" user="mcheckimport" uid="893327" lat="40.5866334" lon="17.1109739"/>
 <node id="1489455652" visible="true" version="2" changeset="16136852" timestamp="2013-05-15T10:20:12Z" user="mcheckimport" uid="893327" lat="40.5866739" lon="17.1110460"/>
 <node id="1489455653" visible="true" version="2" changeset="16136852" timestamp="2013-05-15T10:20:12Z" user="mcheckimport" uid="893327" lat="40.5867151" lon="17.1095856"/>
 <node id="1489455654" visible="true" version="2" changeset="16136852" timestamp="2013-05-15T10:20:12Z" user="mcheckimport" uid="893327" lat="40.5867372" lon="17.1094907"/>
 <node id="1489455656" visible="true" version="2" changeset="16136852" timestamp="2013-05-15T10:20:12Z" user="mcheckimport" uid="893327" lat="40.5867773" lon="17.1111955"/>
 <node id="1489455657" visible="true" version="2" changeset="16136852" timestamp="2013-05-15T10:20:12Z" user="mcheckimport" uid="893327" lat="40.5868616" lon="17.1093754"/>
 <node id="1489455658" visible="true" version="2" changeset="16136852" timestamp="2013-05-15T10:20:12Z" user="mcheckimport" uid="893327" lat="40.5868960" lon="17.1094163"/>
 <node id="1489455661" visible="true" version="2" changeset="16136852" timestamp="2013-05-15T10:20:12Z" user="mcheckimport" uid="893327" lat="40.5869696" lon="17.1091237"/>
 <node id="1489455662" visible="true" version="3" changeset="39914094" timestamp="2016-06-09T18:25:22Z" user="mcheckimport" uid="893327" lat="40.5868498" lon="17.1113242"/>
 <node id="1489455663" visible="true" version="2" changeset="16136852" timestamp="2013-05-15T10:20:12Z" user="mcheckimport" uid="893327" lat="40.5869935" lon="17.1092527"/>
 <node id="1489455665" visible="true" version="3" changeset="39914094" timestamp="2016-06-09T18:25:22Z" user="mcheckimport" uid="893327" lat="40.5869416" lon="17.1114078"/>
 <node id="1489455667" visible="true" version="3" changeset="39914094" timestamp="2016-06-09T18:25:22Z" user="mcheckimport" uid="893327" lat="40.5870686" lon="17.1114373"/>
 <node id="1489455669" visible="true" version="3" changeset="39914094" timestamp="2016-06-09T18:25:22Z" user="mcheckimport" uid="893327" lat="40.5871498" lon="17.1114774"/>
 <node id="1489455670" visible="true" version="2" changeset="16136852" timestamp="2013-05-15T10:20:12Z" user="mcheckimport" uid="893327" lat="40.5872394" lon="17.1088474"/>
 <node id="1489455672" visible="true" version="2" changeset="16136852" timestamp="2013-05-15T10:20:12Z" user="mcheckimport" uid="893327" lat="40.5872995" lon="17.1089529"/>
 <node id="1489455673" visible="true" version="2" changeset="16136852" timestamp="2013-05-15T10:20:12Z" user="mcheckimport" uid="893327" lat="40.5873588" lon="17.1089920"/>
 <node id="1489455675" visible="true" version="3" changeset="39914094" timestamp="2016-06-09T18:25:22Z" user="mcheckimport" uid="893327" lat="40.5874553" lon="17.1089528"/>
 <node id="1489455677" visible="true" version="4" changeset="58508579" timestamp="2018-04-28T16:57:41Z" user="corfede" uid="1960233" lat="40.5875042" lon="17.1117738"/>
 <node id="1489455678" visible="true" version="3" changeset="39914094" timestamp="2016-06-09T18:25:22Z" user="mcheckimport" uid="893327" lat="40.5874951" lon="17.1088980"/>
 <node id="1489455681" visible="true" version="3" changeset="39914094" timestamp="2016-06-09T18:25:22Z" user="mcheckimport" uid="893327" lat="40.5875836" lon="17.1087759"/>
 <node id="1489455683" visible="true" version="2" changeset="16136852" timestamp="2013-05-15T10:20:12Z" user="mcheckimport" uid="893327" lat="40.5876678" lon="17.1086104"/>
 <node id="1489455685" visible="true" version="2" changeset="16136852" timestamp="2013-05-15T10:20:12Z" user="mcheckimport" uid="893327" lat="40.5877742" lon="17.1085349"/>
 <node id="1489455687" visible="true" version="2" changeset="16136852" timestamp="2013-05-15T10:20:12Z" user="mcheckimport" uid="893327" lat="40.5878143" lon="17.1085446"/>
 <node id="1489455690" visible="true" version="2" changeset="16136852" timestamp="2013-05-15T10:20:12Z" user="mcheckimport" uid="893327" lat="40.5879697" lon="17.1084801"/>
 <node id="1489455697" visible="true" version="2" changeset="16136852" timestamp="2013-05-15T10:20:12Z" user="mcheckimport" uid="893327" lat="40.5881860" lon="17.1082751"/>
 <node id="1489455698" visible="true" version="3" changeset="39914094" timestamp="2016-06-09T18:25:22Z" user="mcheckimport" uid="893327" lat="40.5883091" lon="17.1128073"/>
 <node id="1489455703" visible="true" version="2" changeset="16136852" timestamp="2013-05-15T10:20:12Z" user="mcheckimport" uid="893327" lat="40.5883420" lon="17.1080158"/>
 <node id="1489455704" visible="true" version="2" changeset="16136852" timestamp="2013-05-15T10:20:12Z" user="mcheckimport" uid="893327" lat="40.5883831" lon="17.1128347"/>
 <node id="1489455706" visible="true" version="2" changeset="16136852" timestamp="2013-05-15T10:20:12Z" user="mcheckimport" uid="893327" lat="40.5884808" lon="17.1080631"/>
 <node id="1489455710" visible="true" version="3" changeset="39914094" timestamp="2016-06-09T18:25:23Z" user="mcheckimport" uid="893327" lat="40.5885630" lon="17.1128362"/>
 <node id="1489455712" visible="true" version="2" changeset="16136852" timestamp="2013-05-15T10:20:12Z" user="mcheckimport" uid="893327" lat="40.5886687" lon="17.1083105"/>
 <node id="1489455714" visible="true" version="1" changeset="9721332" timestamp="2011-11-02T12:13:24Z" user="rogh" uid="460936" lat="40.5886755" lon="17.1140131"/>
 <node id="1489455716" visible="true" version="2" changeset="16136852" timestamp="2013-05-15T10:20:12Z" user="mcheckimport" uid="893327" lat="40.5886881" lon="17.1131208"/>
 <node id="1489455717" visible="true" version="2" changeset="16136852" timestamp="2013-05-15T10:20:12Z" user="mcheckimport" uid="893327" lat="40.5887206" lon="17.1082394"/>
 <node id="1489455718" visible="true" version="3" changeset="39914094" timestamp="2016-06-09T18:25:23Z" user="mcheckimport" uid="893327" lat="40.5887188" lon="17.1130024"/>
 <node id="1489455719" visible="true" version="3" changeset="39914094" timestamp="2016-06-09T18:25:23Z" user="mcheckimport" uid="893327" lat="40.5887433" lon="17.1132609"/>
 <node id="1489455720" visible="true" version="3" changeset="39914094" timestamp="2016-06-09T18:25:23Z" user="mcheckimport" uid="893327" lat="40.5888458" lon="17.1133641"/>
 <node id="1489455721" visible="true" version="3" changeset="39914094" timestamp="2016-06-09T18:25:23Z" user="mcheckimport" uid="893327" lat="40.5889349" lon="17.1134797"/>
 <node id="1489455722" visible="true" version="2" changeset="16136852" timestamp="2013-05-15T10:20:12Z" user="mcheckimport" uid="893327" lat="40.5889524" lon="17.1085579"/>
 <node id="1489455723" visible="true" version="2" changeset="16136852" timestamp="2013-05-15T10:20:13Z" user="mcheckimport" uid="893327" lat="40.5889601" lon="17.1076798"/>
 <node id="1489455724" visible="true" version="2" changeset="16136852" timestamp="2013-05-15T10:20:13Z" user="mcheckimport" uid="893327" lat="40.5890002" lon="17.1075633"/>
 <node id="1489455725" visible="true" version="2" changeset="16136852" timestamp="2013-05-15T10:20:13Z" user="mcheckimport" uid="893327" lat="40.5890240" lon="17.1078113"/>
 <node id="1489455726" visible="true" version="2" changeset="16136852" timestamp="2013-05-15T10:20:13Z" user="mcheckimport" uid="893327" lat="40.5890322" lon="17.1135703"/>
 <node id="1489455727" visible="true" version="2" changeset="16136852" timestamp="2013-05-15T10:20:13Z" user="mcheckimport" uid="893327" lat="40.5890464" lon="17.1082500"/>
 <node id="1489455728" visible="true" version="3" changeset="39914094" timestamp="2016-06-09T18:25:23Z" user="mcheckimport" uid="893327" lat="40.5890176" lon="17.1073102"/>
 <node id="1489455729" visible="true" version="2" changeset="16136852" timestamp="2013-05-15T10:20:13Z" user="mcheckimport" uid="893327" lat="40.5890805" lon="17.1077908"/>
 <node id="1489455730" visible="true" version="3" changeset="39914094" timestamp="2016-06-09T18:25:23Z" user="mcheckimport" uid="893327" lat="40.5890936" lon="17.1136292"/>
 <node id="1489455731" visible="true" version="2" changeset="16136852" timestamp="2013-05-15T10:20:13Z" user="mcheckimport" uid="893327" lat="40.5891021" lon="17.1136923"/>
 <node id="1489455732" visible="true" version="2" changeset="16136852" timestamp="2013-05-15T10:20:13Z" user="mcheckimport" uid="893327" lat="40.5891023" lon="17.1082815"/>
 <node id="1489455733" visible="true" version="2" changeset="16136852" timestamp="2013-05-15T10:20:13Z" user="mcheckimport" uid="893327" lat="40.5891323" lon="17.1081579"/>
 <node id="1489455734" visible="true" version="3" changeset="39914094" timestamp="2016-06-09T18:25:23Z" user="mcheckimport" uid="893327" lat="40.5890599" lon="17.1072080"/>
 <node id="1489455736" visible="true" version="4" changeset="62516093" timestamp="2018-09-12T10:48:28Z" user="Max Tenerelli" uid="616103" lat="40.5891140" lon="17.1071809"/>
 <node id="1489455737" visible="true" version="2" changeset="16136852" timestamp="2013-05-15T10:20:13Z" user="mcheckimport" uid="893327" lat="40.5892006" lon="17.1139158"/>
 <node id="1489455738" visible="true" version="2" changeset="16136852" timestamp="2013-05-15T10:20:13Z" user="mcheckimport" uid="893327" lat="40.5892122" lon="17.1081947"/>
 <node id="1489455739" visible="true" version="3" changeset="39914094" timestamp="2016-06-09T18:25:23Z" user="mcheckimport" uid="893327" lat="40.5892353" lon="17.1138482"/>
 <node id="1489455740" visible="true" version="2" changeset="16136852" timestamp="2013-05-15T10:20:13Z" user="mcheckimport" uid="893327" lat="40.5892384" lon="17.1081012"/>
 <node id="1489455743" visible="true" version="3" changeset="39914094" timestamp="2016-06-09T18:25:23Z" user="mcheckimport" uid="893327" lat="40.5893273" lon="17.1141406"/>
 <node id="1489455747" visible="true" version="3" changeset="39914094" timestamp="2016-06-09T18:25:23Z" user="mcheckimport" uid="893327" lat="40.5894039" lon="17.1140540"/>
 <node id="1489455748" visible="true" version="2" changeset="16136852" timestamp="2013-05-15T10:20:13Z" user="mcheckimport" uid="893327" lat="40.5894183" lon="17.1140266"/>
 <node id="1489455749" visible="true" version="1" changeset="9721332" timestamp="2011-11-02T12:13:25Z" user="rogh" uid="460936" lat="40.5894333" lon="17.1150910"/>
 <node id="1489455750" visible="true" version="3" changeset="62516093" timestamp="2018-09-12T10:48:28Z" user="Max Tenerelli" uid="616103" lat="40.5895168" lon="17.1075382"/>
 <node id="1489455755" visible="true" version="1" changeset="9721332" timestamp="2011-11-02T12:13:26Z" user="rogh" uid="460936" lat="40.5895164" lon="17.1147015"/>
 <node id="1489455756" visible="true" version="2" changeset="16136852" timestamp="2013-05-15T10:20:13Z" user="mcheckimport" uid="893327" lat="40.5895291" lon="17.1140064"/>
 <node id="1489455757" visible="true" version="4" changeset="62516093" timestamp="2018-09-12T10:48:28Z" user="Max Tenerelli" uid="616103" lat="40.5895075" lon="17.1073956"/>
 <node id="1489455761" visible="true" version="1" changeset="9721332" timestamp="2011-11-02T12:13:26Z" user="rogh" uid="460936" lat="40.5896027" lon="17.1151752"/>
 <node id="1489455762" visible="true" version="3" changeset="39914094" timestamp="2016-06-09T18:25:23Z" user="mcheckimport" uid="893327" lat="40.5896525" lon="17.1073521"/>
 <node id="1489455763" visible="true" version="1" changeset="9721332" timestamp="2011-11-02T12:13:26Z" user="rogh" uid="460936" lat="40.5896171" lon="17.1152215"/>
 <node id="1489455764" visible="true" version="3" changeset="39914094" timestamp="2016-06-09T18:25:23Z" user="mcheckimport" uid="893327" lat="40.5896661" lon="17.1141516"/>
 <node id="1489455768" visible="true" version="3" changeset="39914094" timestamp="2016-06-09T18:25:23Z" user="mcheckimport" uid="893327" lat="40.5897220" lon="17.1143712"/>
 <node id="1489455770" visible="true" version="1" changeset="9721332" timestamp="2011-11-02T12:13:26Z" user="rogh" uid="460936" lat="40.5899225" lon="17.1157120"/>
 <node id="1489455771" visible="true" version="3" changeset="39914094" timestamp="2016-06-09T18:25:23Z" user="mcheckimport" uid="893327" lat="40.5899358" lon="17.1075482"/>
 <node id="1489455780" visible="true" version="3" changeset="39914094" timestamp="2016-06-09T18:25:23Z" user="mcheckimport" uid="893327" lat="40.5899104" lon="17.1147283"/>
 <node id="1489455782" visible="true" version="3" changeset="39914094" timestamp="2016-06-09T18:25:23Z" user="mcheckimport" uid="893327" lat="40.5901008" lon="17.1076587"/>
 <node id="1489455784" visible="true" version="3" changeset="39914094" timestamp="2016-06-09T18:25:23Z" user="mcheckimport" uid="893327" lat="40.5901047" lon="17.1077356"/>
 <node id="1489455786" visible="true" version="3" changeset="39914094" timestamp="2016-06-09T18:25:23Z" user="mcheckimport" uid="893327" lat="40.5901908" lon="17.1077804"/>
 <node id="1489455788" visible="true" version="3" changeset="39914094" timestamp="2016-06-09T18:25:23Z" user="mcheckimport" uid="893327" lat="40.5902560" lon="17.1151741"/>
 <node id="1489455790" visible="true" version="4" changeset="62516093" timestamp="2018-09-12T10:48:28Z" user="Max Tenerelli" uid="616103" lat="40.5903099" lon="17.1077986"/>
 <node id="1489455793" visible="true" version="3" changeset="39914094" timestamp="2016-06-09T18:25:23Z" user="mcheckimport" uid="893327" lat="40.5904228" lon="17.1152158"/>
 <node id="1489455796" visible="true" version="3" changeset="39914094" timestamp="2016-06-09T18:25:23Z" user="mcheckimport" uid="893327" lat="40.5904932" lon="17.1079124"/>
 <node id="1489455799" visible="true" version="3" changeset="39914094" timestamp="2016-06-09T18:25:23Z" user="mcheckimport" uid="893327" lat="40.5906845" lon="17.1152757"/>
 <node id="1489455803" visible="true" version="1" changeset="9721332" timestamp="2011-11-02T12:13:27Z" user="rogh" uid="460936" lat="40.5906246" lon="17.1164619"/>
 <node id="1489455804" visible="true" version="1" changeset="9721332" timestamp="2011-11-02T12:13:27Z" user="rogh" uid="460936" lat="40.5906260" lon="17.1163153"/>
 <node id="1489455805" visible="true" version="1" changeset="9721332" timestamp="2011-11-02T12:13:27Z" user="rogh" uid="460936" lat="40.5906836" lon="17.1167577"/>
 <node id="1489455806" visible="true" version="1" changeset="9721332" timestamp="2011-11-02T12:13:27Z" user="rogh" uid="460936" lat="40.5907078" lon="17.1164990"/>
 <node id="1489455808" visible="true" version="3" changeset="39914094" timestamp="2016-06-09T18:25:23Z" user="mcheckimport" uid="893327" lat="40.5907726" lon="17.1152235"/>
 <node id="1489455809" visible="true" version="3" changeset="39914094" timestamp="2016-06-09T18:25:23Z" user="mcheckimport" uid="893327" lat="40.5906890" lon="17.1080413"/>
 <node id="1489455810" visible="true" version="3" changeset="39914094" timestamp="2016-06-09T18:25:23Z" user="mcheckimport" uid="893327" lat="40.5908183" lon="17.1081659"/>
 <node id="1489455812" visible="true" version="1" changeset="9721332" timestamp="2011-11-02T12:13:27Z" user="rogh" uid="460936" lat="40.5908307" lon="17.1168233"/>
 <node id="1489455813" visible="true" version="3" changeset="39914094" timestamp="2016-06-09T18:25:23Z" user="mcheckimport" uid="893327" lat="40.5908920" lon="17.1152229"/>
 <node id="1489455814" visible="true" version="3" changeset="39914094" timestamp="2016-06-09T18:25:23Z" user="mcheckimport" uid="893327" lat="40.5909259" lon="17.1082048"/>
 <node id="1489455817" visible="true" version="1" changeset="9721332" timestamp="2011-11-02T12:13:27Z" user="rogh" uid="460936" lat="40.5910954" lon="17.1171585"/>
 <node id="1489455819" visible="true" version="3" changeset="39914094" timestamp="2016-06-09T18:25:23Z" user="mcheckimport" uid="893327" lat="40.5909921" lon="17.1082623"/>
 <node id="1489455823" visible="true" version="3" changeset="39914094" timestamp="2016-06-09T18:25:23Z" user="mcheckimport" uid="893327" lat="40.5912297" lon="17.1083518"/>
 <node id="1489455824" visible="true" version="4" changeset="62516093" timestamp="2018-09-12T10:48:28Z" user="Max Tenerelli" uid="616103" lat="40.5913059" lon="17.1082823"/>
 <node id="1489455825" visible="true" version="3" changeset="39914094" timestamp="2016-06-09T18:25:23Z" user="mcheckimport" uid="893327" lat="40.5912949" lon="17.1164290"/>
 <node id="1489455828" visible="true" version="2" changeset="16136852" timestamp="2013-05-15T10:20:14Z" user="mcheckimport" uid="893327" lat="40.5913976" lon="17.1158843"/>
 <node id="1489455830" visible="true" version="3" changeset="39914094" timestamp="2016-06-09T18:25:23Z" user="mcheckimport" uid="893327" lat="40.5914368" lon="17.1165145"/>
 <node id="1489455831" visible="true" version="2" changeset="16136852" timestamp="2013-05-15T10:20:14Z" user="mcheckimport" uid="893327" lat="40.5914424" lon="17.1158725"/>
 <node id="1489455832" visible="true" version="3" changeset="39914094" timestamp="2016-06-09T18:25:23Z" user="mcheckimport" uid="893327" lat="40.5915138" lon="17.1165994"/>
 <node id="1489455835" visible="true" version="3" changeset="39914094" timestamp="2016-06-09T18:25:23Z" user="mcheckimport" uid="893327" lat="40.5915699" lon="17.1167187"/>
 <node id="1489455836" visible="true" version="2" changeset="16136852" timestamp="2013-05-15T10:20:14Z" user="mcheckimport" uid="893327" lat="40.5915345" lon="17.1156232"/>
 <node id="1489455837" visible="true" version="4" changeset="62516093" timestamp="2018-09-12T10:48:28Z" user="Max Tenerelli" uid="616103" lat="40.5915166" lon="17.1085360"/>
 <node id="1489455840" visible="true" version="4" changeset="62516093" timestamp="2018-09-12T10:48:28Z" user="Max Tenerelli" uid="616103" lat="40.5915413" lon="17.1083700"/>
 <node id="1489455846" visible="true" version="3" changeset="39914094" timestamp="2016-06-09T18:25:23Z" user="mcheckimport" uid="893327" lat="40.5915917" lon="17.1167685"/>
 <node id="1489455851" visible="true" version="3" changeset="39914094" timestamp="2016-06-09T18:25:23Z" user="mcheckimport" uid="893327" lat="40.5919462" lon="17.1169863"/>
 <node id="1489455854" visible="true" version="3" changeset="39914094" timestamp="2016-06-09T18:25:24Z" user="mcheckimport" uid="893327" lat="40.5919416" lon="17.1170274"/>
 <node id="1489455858" visible="true" version="2" changeset="39914094" timestamp="2016-06-09T18:25:24Z" user="mcheckimport" uid="893327" lat="40.5919554" lon="17.1178037"/>
 <node id="1489455862" visible="true" version="1" changeset="9721332" timestamp="2011-11-02T12:13:29Z" user="rogh" uid="460936" lat="40.5920554" lon="17.1181283"/>
 <node id="1489455871" visible="true" version="3" changeset="39914094" timestamp="2016-06-09T18:25:24Z" user="mcheckimport" uid="893327" lat="40.5921183" lon="17.1172278"/>
 <node id="1489455875" visible="true" version="3" changeset="39914094" timestamp="2016-06-09T18:25:24Z" user="mcheckimport" uid="893327" lat="40.5924715" lon="17.1175672"/>
 <node id="1489455884" visible="true" version="3" changeset="39914094" timestamp="2016-06-09T18:25:24Z" user="mcheckimport" uid="893327" lat="40.5926727" lon="17.1176639"/>
 <node id="1489455887" visible="true" version="4" changeset="62516093" timestamp="2018-09-12T10:48:28Z" user="Max Tenerelli" uid="616103" lat="40.5928595" lon="17.1089330"/>
 <node id="1489455888" visible="true" version="3" changeset="39914094" timestamp="2016-06-09T18:25:24Z" user="mcheckimport" uid="893327" lat="40.5928689" lon="17.1176563"/>
 <node id="1489455890" visible="true" version="2" changeset="16136852" timestamp="2013-05-15T10:20:14Z" user="mcheckimport" uid="893327" lat="40.5929902" lon="17.1178160"/>
 <node id="1489455891" visible="true" version="2" changeset="16136852" timestamp="2013-05-15T10:20:14Z" user="mcheckimport" uid="893327" lat="40.5930120" lon="17.1177537"/>
 <node id="1489455893" visible="true" version="3" changeset="39914094" timestamp="2016-06-09T18:25:24Z" user="mcheckimport" uid="893327" lat="40.5930717" lon="17.1180940"/>
 <node id="1489455895" visible="true" version="4" changeset="62516093" timestamp="2018-09-12T10:48:28Z" user="Max Tenerelli" uid="616103" lat="40.5929541" lon="17.1087112"/>
 <node id="1489455896" visible="true" version="3" changeset="39914094" timestamp="2016-06-09T18:25:24Z" user="mcheckimport" uid="893327" lat="40.5932226" lon="17.1182700"/>
 <node id="1489455898" visible="true" version="3" changeset="39914094" timestamp="2016-06-09T18:25:24Z" user="mcheckimport" uid="893327" lat="40.5937434" lon="17.1185108"/>
 <node id="1489455902" visible="true" version="3" changeset="39914094" timestamp="2016-06-09T18:25:24Z" user="mcheckimport" uid="893327" lat="40.5939836" lon="17.1187597"/>
 <node id="1489455903" visible="true" version="3" changeset="39914094" timestamp="2016-06-09T18:25:24Z" user="mcheckimport" uid="893327" lat="40.5942020" lon="17.1190292"/>
 <node id="1489455904" visible="true" version="3" changeset="39914094" timestamp="2016-06-09T18:25:24Z" user="mcheckimport" uid="893327" lat="40.5941044" lon="17.1188229"/>
 <node id="1489455905" visible="true" version="3" changeset="39914094" timestamp="2016-06-09T18:25:24Z" user="mcheckimport" uid="893327" lat="40.5943452" lon="17.1190972"/>
 <node id="1489455906" visible="true" version="4" changeset="62516093" timestamp="2018-09-12T10:48:28Z" user="Max Tenerelli" uid="616103" lat="40.5943225" lon="17.1091787"/>
 <node id="1489455908" visible="true" version="3" changeset="39914094" timestamp="2016-06-09T18:25:24Z" user="mcheckimport" uid="893327" lat="40.5945525" lon="17.1191547"/>
 <node id="1489455910" visible="true" version="2" changeset="16136852" timestamp="2013-05-15T10:20:14Z" user="mcheckimport" uid="893327" lat="40.5945633" lon="17.1191062"/>
 <node id="1489455911" visible="true" version="2" changeset="16136852" timestamp="2013-05-15T10:20:14Z" user="mcheckimport" uid="893327" lat="40.5946080" lon="17.1188468"/>
 <node id="1489455912" visible="true" version="2" changeset="16136852" timestamp="2013-05-15T10:20:14Z" user="mcheckimport" uid="893327" lat="40.5946106" lon="17.1190152"/>
 <node id="1489455913" visible="true" version="3" changeset="62516093" timestamp="2018-09-12T10:48:28Z" user="Max Tenerelli" uid="616103" lat="40.5947763" lon="17.1099728"/>
 <node id="1489455914" visible="true" version="4" changeset="62516093" timestamp="2018-09-12T10:48:28Z" user="Max Tenerelli" uid="616103" lat="40.5950061" lon="17.1102470"/>
 <node id="1489455915" visible="true" version="2" changeset="16136852" timestamp="2013-05-15T10:20:14Z" user="mcheckimport" uid="893327" lat="40.5950808" lon="17.1189738"/>
 <node id="1489455916" visible="true" version="4" changeset="62516093" timestamp="2018-09-12T10:48:28Z" user="Max Tenerelli" uid="616103" lat="40.5951810" lon="17.1104456"/>
 <node id="1489455917" visible="true" version="3" changeset="39914094" timestamp="2016-06-09T18:25:24Z" user="mcheckimport" uid="893327" lat="40.5951409" lon="17.1190767"/>
 <node id="1489455918" visible="true" version="3" changeset="39914094" timestamp="2016-06-09T18:25:24Z" user="mcheckimport" uid="893327" lat="40.5952169" lon="17.1190761"/>
 <node id="1489455919" visible="true" version="3" changeset="39914094" timestamp="2016-06-09T18:25:24Z" user="mcheckimport" uid="893327" lat="40.5952935" lon="17.1190903"/>
 <node id="1489455920" visible="true" version="4" changeset="62516093" timestamp="2018-09-12T10:48:28Z" user="Max Tenerelli" uid="616103" lat="40.5952751" lon="17.1104566"/>
 <node id="1489455921" visible="true" version="3" changeset="62516093" timestamp="2018-09-12T10:48:28Z" user="Max Tenerelli" uid="616103" lat="40.5954713" lon="17.1107608"/>
 <node id="1489455923" visible="true" version="2" changeset="16136852" timestamp="2013-05-15T10:20:15Z" user="mcheckimport" uid="893327" lat="40.5955219" lon="17.1192436"/>
 <node id="1489455924" visible="true" version="3" changeset="62516093" timestamp="2018-09-12T10:48:28Z" user="Max Tenerelli" uid="616103" lat="40.5956059" lon="17.1110142"/>
 <node id="1489455925" visible="true" version="2" changeset="16136852" timestamp="2013-05-15T10:20:15Z" user="mcheckimport" uid="893327" lat="40.5956472" lon="17.1189481"/>
 <node id="1489455927" visible="true" version="3" changeset="39914094" timestamp="2016-06-09T18:25:24Z" user="mcheckimport" uid="893327" lat="40.5963015" lon="17.1113121"/>
 <node id="1489455928" visible="true" version="2" changeset="16136852" timestamp="2013-05-15T10:20:15Z" user="mcheckimport" uid="893327" lat="40.5963362" lon="17.1191766"/>
 <node id="1489455929" visible="true" version="3" changeset="39914094" timestamp="2016-06-09T18:25:24Z" user="mcheckimport" uid="893327" lat="40.5963307" lon="17.1102478"/>
 <node id="1489455930" visible="true" version="2" changeset="16136852" timestamp="2013-05-15T10:20:15Z" user="mcheckimport" uid="893327" lat="40.5966650" lon="17.1118704"/>
 <node id="1489455932" visible="true" version="3" changeset="39914094" timestamp="2016-06-09T18:25:24Z" user="mcheckimport" uid="893327" lat="40.5968291" lon="17.1108759"/>
 <node id="1489455933" visible="true" version="2" changeset="16136852" timestamp="2013-05-15T10:20:15Z" user="mcheckimport" uid="893327" lat="40.5972040" lon="17.1120926"/>
 <node id="1489455934" visible="true" version="2" changeset="16136852" timestamp="2013-05-15T10:20:15Z" user="mcheckimport" uid="893327" lat="40.5972853" lon="17.1194989"/>
 <node id="1489455936" visible="true" version="2" changeset="16136852" timestamp="2013-05-15T10:20:15Z" user="mcheckimport" uid="893327" lat="40.5974021" lon="17.1195669"/>
 <node id="1489455937" visible="true" version="3" changeset="56657467" timestamp="2018-02-25T10:50:32Z" user="corfede" uid="1960233" lat="40.5978124" lon="17.1149605"/>
 <node id="1489455938" visible="true" version="3" changeset="56657467" timestamp="2018-02-25T10:50:32Z" user="corfede" uid="1960233" lat="40.5977777" lon="17.1134099"/>
 <node id="1489455939" visible="true" version="2" changeset="16136852" timestamp="2013-05-15T10:20:15Z" user="mcheckimport" uid="893327" lat="40.5978642" lon="17.1150561"/>
 <node id="1489455940" visible="true" version="2" changeset="16136852" timestamp="2013-05-15T10:20:15Z" user="mcheckimport" uid="893327" lat="40.5979422" lon="17.1152000"/>
 <node id="1489455941" visible="true" version="2" changeset="16136852" timestamp="2013-05-15T10:20:15Z" user="mcheckimport" uid="893327" lat="40.5979453" lon="17.1208169"/>
 <node id="1489455942" visible="true" version="2" changeset="16136852" timestamp="2013-05-15T10:20:15Z" user="mcheckimport" uid="893327" lat="40.5982638" lon="17.1200068"/>
 <node id="1489455943" visible="true" version="3" changeset="56657467" timestamp="2018-02-25T10:50:32Z" user="corfede" uid="1960233" lat="40.5981957" lon="17.1145952"/>
 <node id="1489455944" visible="true" version="2" changeset="16136852" timestamp="2013-05-15T10:20:15Z" user="mcheckimport" uid="893327" lat="40.5983044" lon="17.1184443"/>
 <node id="1489455945" visible="true" version="2" changeset="16136852" timestamp="2013-05-15T10:20:15Z" user="mcheckimport" uid="893327" lat="40.5983887" lon="17.1214666"/>
 <node id="1489455946" visible="true" version="2" changeset="16136852" timestamp="2013-05-15T10:20:15Z" user="mcheckimport" uid="893327" lat="40.5984007" lon="17.1153864"/>
 <node id="1489455947" visible="true" version="2" changeset="16136852" timestamp="2013-05-15T10:20:15Z" user="mcheckimport" uid="893327" lat="40.5985698" lon="17.1212075"/>
 <node id="1489455948" visible="true" version="2" changeset="16136852" timestamp="2013-05-15T10:20:15Z" user="mcheckimport" uid="893327" lat="40.5985854" lon="17.1173670"/>
 <node id="1489455949" visible="true" version="2" changeset="16136852" timestamp="2013-05-15T10:20:15Z" user="mcheckimport" uid="893327" lat="40.5989007" lon="17.1203111"/>
 <node id="1489455950" visible="true" version="2" changeset="16136852" timestamp="2013-05-15T10:20:15Z" user="mcheckimport" uid="893327" lat="40.5993003" lon="17.1188596"/>
 <node id="1489455951" visible="true" version="2" changeset="16136852" timestamp="2013-05-15T10:20:15Z" user="mcheckimport" uid="893327" lat="40.5993315" lon="17.1177864"/>
 <node id="1489455952" visible="true" version="2" changeset="16136852" timestamp="2013-05-15T10:20:15Z" user="mcheckimport" uid="893327" lat="40.5998404" lon="17.1161088"/>
 <node id="2304913740" visible="true" version="1" changeset="16136852" timestamp="2013-05-15T10:18:56Z" user="mcheckimport" uid="893327" lat="40.5972793" lon="17.1121734"/>
 <node id="2846709362" visible="true" version="1" changeset="22238173" timestamp="2014-05-09T19:34:13Z" user="Jumpmad" uid="2068322" lat="40.5928158" lon="17.1120039">
  <tag k="name" v="Caseificio"/>
  <tag k="shop" v="supermarket"/>
 </node>
 <node id="4234277397" visible="true" version="1" changeset="39913801" timestamp="2016-06-09T18:00:34Z" user="mcheckimport" uid="893327" lat="40.5886929" lon="17.1117400"/>
 <node id="4234279182" visible="true" version="1" changeset="39913801" timestamp="2016-06-09T18:01:05Z" user="mcheckimport" uid="893327" lat="40.5892092" lon="17.1139891"/>
 <node id="4234280347" visible="true" version="1" changeset="39914094" timestamp="2016-06-09T18:02:47Z" user="mcheckimport" uid="893327" lat="40.5907678" lon="17.1139201"/>
 <node id="4234280350" visible="true" version="1" changeset="39914094" timestamp="2016-06-09T18:02:47Z" user="mcheckimport" uid="893327" lat="40.5907685" lon="17.1140987"/>
 <node id="4234280359" visible="true" version="1" changeset="39914094" timestamp="2016-06-09T18:02:48Z" user="mcheckimport" uid="893327" lat="40.5907697" lon="17.1108559"/>
 <node id="4234280365" visible="true" version="1" changeset="39914094" timestamp="2016-06-09T18:02:48Z" user="mcheckimport" uid="893327" lat="40.5907726" lon="17.1135840"/>
 <node id="4234280369" visible="true" version="1" changeset="39914094" timestamp="2016-06-09T18:02:48Z" user="mcheckimport" uid="893327" lat="40.5907738" lon="17.1114415"/>
 <node id="4234280372" visible="true" version="1" changeset="39914094" timestamp="2016-06-09T18:02:48Z" user="mcheckimport" uid="893327" lat="40.5907741" lon="17.1138687"/>
 <node id="4234280378" visible="true" version="1" changeset="39914094" timestamp="2016-06-09T18:02:48Z" user="mcheckimport" uid="893327" lat="40.5907756" lon="17.1135495"/>
 <node id="4234280379" visible="true" version="1" changeset="39914094" timestamp="2016-06-09T18:02:48Z" user="mcheckimport" uid="893327" lat="40.5907757" lon="17.1139284"/>
 <node id="4234280384" visible="true" version="1" changeset="39914094" timestamp="2016-06-09T18:02:48Z" user="mcheckimport" uid="893327" lat="40.5907774" lon="17.1113818"/>
 <node id="4234280386" visible="true" version="1" changeset="39914094" timestamp="2016-06-09T18:02:48Z" user="mcheckimport" uid="893327" lat="40.5907779" lon="17.1136757"/>
 <node id="4234280388" visible="true" version="1" changeset="39914094" timestamp="2016-06-09T18:02:48Z" user="mcheckimport" uid="893327" lat="40.5907783" lon="17.1110301"/>
 <node id="4234280901" visible="true" version="1" changeset="39913801" timestamp="2016-06-09T18:01:35Z" user="mcheckimport" uid="893327" lat="40.5897142" lon="17.1141457"/>
 <node id="4234281046" visible="true" version="1" changeset="39913801" timestamp="2016-06-09T18:01:37Z" user="mcheckimport" uid="893327" lat="40.5897618" lon="17.1145153"/>
 <node id="4234281085" visible="true" version="1" changeset="39913801" timestamp="2016-06-09T18:01:38Z" user="mcheckimport" uid="893327" lat="40.5897729" lon="17.1143358"/>
 <node id="4234282196" visible="true" version="1" changeset="39913801" timestamp="2016-06-09T18:01:56Z" user="mcheckimport" uid="893327" lat="40.5901136" lon="17.1113164"/>
 <node id="4234282227" visible="true" version="1" changeset="39913801" timestamp="2016-06-09T18:01:56Z" user="mcheckimport" uid="893327" lat="40.5901210" lon="17.1114948"/>
 <node id="4234282263" visible="true" version="1" changeset="39913801" timestamp="2016-06-09T18:01:57Z" user="mcheckimport" uid="893327" lat="40.5901295" lon="17.1109562"/>
 <node id="4234282264" visible="true" version="1" changeset="39913801" timestamp="2016-06-09T18:01:57Z" user="mcheckimport" uid="893327" lat="40.5901300" lon="17.1109929"/>
 <node id="4234282303" visible="true" version="1" changeset="39913801" timestamp="2016-06-09T18:01:57Z" user="mcheckimport" uid="893327" lat="40.5901414" lon="17.1108242"/>
 <node id="4234282518" visible="true" version="1" changeset="39913801" timestamp="2016-06-09T18:02:06Z" user="mcheckimport" uid="893327" lat="40.5901802" lon="17.1108302"/>
 <node id="4234282535" visible="true" version="1" changeset="39913801" timestamp="2016-06-09T18:02:06Z" user="mcheckimport" uid="893327" lat="40.5901846" lon="17.1107826"/>
 <node id="4234282566" visible="true" version="1" changeset="39913801" timestamp="2016-06-09T18:02:06Z" user="mcheckimport" uid="893327" lat="40.5901921" lon="17.1107732"/>
 <node id="4234282670" visible="true" version="1" changeset="39913801" timestamp="2016-06-09T18:02:08Z" user="mcheckimport" uid="893327" lat="40.5902217" lon="17.1114997"/>
 <node id="4234282862" visible="true" version="1" changeset="39913801" timestamp="2016-06-09T18:02:09Z" user="mcheckimport" uid="893327" lat="40.5902478" lon="17.1110098"/>
 <node id="4234282866" visible="true" version="1" changeset="39913801" timestamp="2016-06-09T18:02:09Z" user="mcheckimport" uid="893327" lat="40.5902486" lon="17.1109979"/>
 <node id="4234282870" visible="true" version="1" changeset="39913801" timestamp="2016-06-09T18:02:10Z" user="mcheckimport" uid="893327" lat="40.5902491" lon="17.1107403"/>
 <node id="4234282894" visible="true" version="1" changeset="39913801" timestamp="2016-06-09T18:02:10Z" user="mcheckimport" uid="893327" lat="40.5902565" lon="17.1106989"/>
 <node id="4234282909" visible="true" version="1" changeset="39913801" timestamp="2016-06-09T18:02:10Z" user="mcheckimport" uid="893327" lat="40.5902609" lon="17.1112248"/>
 <node id="4234283018" visible="true" version="1" changeset="39913801" timestamp="2016-06-09T18:02:12Z" user="mcheckimport" uid="893327" lat="40.5902893" lon="17.1107392"/>
 <node id="4234283023" visible="true" version="1" changeset="39913801" timestamp="2016-06-09T18:02:12Z" user="mcheckimport" uid="893327" lat="40.5902905" lon="17.1107201"/>
 <node id="4234283599" visible="true" version="1" changeset="39913801" timestamp="2016-06-09T18:02:18Z" user="mcheckimport" uid="893327" lat="40.5903878" lon="17.1113849"/>
 <node id="4234283607" visible="true" version="1" changeset="39913801" timestamp="2016-06-09T18:02:18Z" user="mcheckimport" uid="893327" lat="40.5903895" lon="17.1114068"/>
 <node id="4234283614" visible="true" version="1" changeset="39913801" timestamp="2016-06-09T18:02:18Z" user="mcheckimport" uid="893327" lat="40.5903909" lon="17.1113295"/>
 <node id="4234283632" visible="true" version="1" changeset="39913801" timestamp="2016-06-09T18:02:18Z" user="mcheckimport" uid="893327" lat="40.5903963" lon="17.1113839"/>
 <node id="4234283668" visible="true" version="1" changeset="39913801" timestamp="2016-06-09T18:02:19Z" user="mcheckimport" uid="893327" lat="40.5904081" lon="17.1109770"/>
 <node id="4234283688" visible="true" version="1" changeset="39913801" timestamp="2016-06-09T18:02:19Z" user="mcheckimport" uid="893327" lat="40.5904139" lon="17.1109166"/>
 <node id="4234283733" visible="true" version="1" changeset="39913801" timestamp="2016-06-09T18:02:20Z" user="mcheckimport" uid="893327" lat="40.5904321" lon="17.1107175"/>
 <node id="4234283742" visible="true" version="1" changeset="39913801" timestamp="2016-06-09T18:02:20Z" user="mcheckimport" uid="893327" lat="40.5904357" lon="17.1109203"/>
 <node id="4234283751" visible="true" version="1" changeset="39913801" timestamp="2016-06-09T18:02:20Z" user="mcheckimport" uid="893327" lat="40.5904385" lon="17.1111893"/>
 <node id="4234283752" visible="true" version="1" changeset="39913801" timestamp="2016-06-09T18:02:20Z" user="mcheckimport" uid="893327" lat="40.5904386" lon="17.1112106"/>
 <node id="4234283759" visible="true" version="1" changeset="39913801" timestamp="2016-06-09T18:02:20Z" user="mcheckimport" uid="893327" lat="40.5904406" lon="17.1108691"/>
 <node id="4234283776" visible="true" version="1" changeset="39913801" timestamp="2016-06-09T18:02:21Z" user="mcheckimport" uid="893327" lat="40.5904489" lon="17.1113214"/>
 <node id="4234283784" visible="true" version="1" changeset="39913801" timestamp="2016-06-09T18:02:21Z" user="mcheckimport" uid="893327" lat="40.5904520" lon="17.1110172"/>
 <node id="4234283789" visible="true" version="1" changeset="39913801" timestamp="2016-06-09T18:02:21Z" user="mcheckimport" uid="893327" lat="40.5904535" lon="17.1113857"/>
 <node id="4234283800" visible="true" version="1" changeset="39913801" timestamp="2016-06-09T18:02:21Z" user="mcheckimport" uid="893327" lat="40.5904560" lon="17.1109256"/>
 <node id="4234283817" visible="true" version="1" changeset="39913801" timestamp="2016-06-09T18:02:21Z" user="mcheckimport" uid="893327" lat="40.5904610" lon="17.1108725"/>
 <node id="4234283826" visible="true" version="1" changeset="39913801" timestamp="2016-06-09T18:02:22Z" user="mcheckimport" uid="893327" lat="40.5904647" lon="17.1111646"/>
 <node id="4234283848" visible="true" version="1" changeset="39913801" timestamp="2016-06-09T18:02:22Z" user="mcheckimport" uid="893327" lat="40.5904703" lon="17.1111877"/>
 <node id="4234283852" visible="true" version="1" changeset="39913801" timestamp="2016-06-09T18:02:22Z" user="mcheckimport" uid="893327" lat="40.5904708" lon="17.1112228"/>
 <node id="4234283868" visible="true" version="1" changeset="39913801" timestamp="2016-06-09T18:02:22Z" user="mcheckimport" uid="893327" lat="40.5904767" lon="17.1109291"/>
 <node id="4234283872" visible="true" version="1" changeset="39913801" timestamp="2016-06-09T18:02:22Z" user="mcheckimport" uid="893327" lat="40.5904787" lon="17.1123159"/>
 <node id="4234283878" visible="true" version="1" changeset="39913801" timestamp="2016-06-09T18:02:22Z" user="mcheckimport" uid="893327" lat="40.5904807" lon="17.1108866"/>
 <node id="4234283907" visible="true" version="1" changeset="39913801" timestamp="2016-06-09T18:02:23Z" user="mcheckimport" uid="893327" lat="40.5904928" lon="17.1111589"/>
 <node id="4234283925" visible="true" version="1" changeset="39913801" timestamp="2016-06-09T18:02:23Z" user="mcheckimport" uid="893327" lat="40.5904985" lon="17.1112259"/>
 <node id="4234283940" visible="true" version="1" changeset="39913801" timestamp="2016-06-09T18:02:23Z" user="mcheckimport" uid="893327" lat="40.5905036" lon="17.1122759"/>
 <node id="4234283962" visible="true" version="1" changeset="39913801" timestamp="2016-06-09T18:02:24Z" user="mcheckimport" uid="893327" lat="40.5905121" lon="17.1122754"/>
 <node id="4234283979" visible="true" version="1" changeset="39913801" timestamp="2016-06-09T18:02:24Z" user="mcheckimport" uid="893327" lat="40.5905158" lon="17.1107309"/>
 <node id="4234284012" visible="true" version="1" changeset="39913801" timestamp="2016-06-09T18:02:25Z" user="mcheckimport" uid="893327" lat="40.5905275" lon="17.1109341"/>
 <node id="4234284024" visible="true" version="1" changeset="39913801" timestamp="2016-06-09T18:02:25Z" user="mcheckimport" uid="893327" lat="40.5905312" lon="17.1108949"/>
 <node id="4234284055" visible="true" version="1" changeset="39913801" timestamp="2016-06-09T18:02:25Z" user="mcheckimport" uid="893327" lat="40.5905432" lon="17.1123052"/>
 <node id="4234284065" visible="true" version="1" changeset="39913801" timestamp="2016-06-09T18:02:26Z" user="mcheckimport" uid="893327" lat="40.5905463" lon="17.1114519"/>
 <node id="4234284067" visible="true" version="1" changeset="39913801" timestamp="2016-06-09T18:02:26Z" user="mcheckimport" uid="893327" lat="40.5905466" lon="17.1114072"/>
 <node id="4234284087" visible="true" version="1" changeset="39913801" timestamp="2016-06-09T18:02:26Z" user="mcheckimport" uid="893327" lat="40.5905524" lon="17.1123860"/>
 <node id="4234284125" visible="true" version="1" changeset="39913801" timestamp="2016-06-09T18:02:27Z" user="mcheckimport" uid="893327" lat="40.5905685" lon="17.1108304"/>
 <node id="4234284128" visible="true" version="1" changeset="39913801" timestamp="2016-06-09T18:02:27Z" user="mcheckimport" uid="893327" lat="40.5905704" lon="17.1109916"/>
 <node id="4234284133" visible="true" version="1" changeset="39913801" timestamp="2016-06-09T18:02:27Z" user="mcheckimport" uid="893327" lat="40.5905723" lon="17.1109416"/>
 <node id="4234284139" visible="true" version="1" changeset="39913801" timestamp="2016-06-09T18:02:27Z" user="mcheckimport" uid="893327" lat="40.5905732" lon="17.1124309"/>
 <node id="4234284142" visible="true" version="1" changeset="39913801" timestamp="2016-06-09T18:02:27Z" user="mcheckimport" uid="893327" lat="40.5905742" lon="17.1107757"/>
 <node id="4234284151" visible="true" version="1" changeset="39913801" timestamp="2016-06-09T18:02:27Z" user="mcheckimport" uid="893327" lat="40.5905769" lon="17.1114522"/>
 <node id="4234284152" visible="true" version="1" changeset="39913801" timestamp="2016-06-09T18:02:27Z" user="mcheckimport" uid="893327" lat="40.5905769" lon="17.1114593"/>
 <node id="4234284161" visible="true" version="1" changeset="39913801" timestamp="2016-06-09T18:02:27Z" user="mcheckimport" uid="893327" lat="40.5905792" lon="17.1124127"/>
 <node id="4234284164" visible="true" version="1" changeset="39913801" timestamp="2016-06-09T18:02:27Z" user="mcheckimport" uid="893327" lat="40.5905797" lon="17.1136526"/>
 <node id="4234284167" visible="true" version="1" changeset="39913801" timestamp="2016-06-09T18:02:27Z" user="mcheckimport" uid="893327" lat="40.5905830" lon="17.1121472"/>
 <node id="4234284179" visible="true" version="1" changeset="39913801" timestamp="2016-06-09T18:02:27Z" user="mcheckimport" uid="893327" lat="40.5905869" lon="17.1121203"/>
 <node id="4234284182" visible="true" version="1" changeset="39913801" timestamp="2016-06-09T18:02:28Z" user="mcheckimport" uid="893327" lat="40.5905881" lon="17.1119349"/>
 <node id="4234284197" visible="true" version="1" changeset="39913801" timestamp="2016-06-09T18:02:28Z" user="mcheckimport" uid="893327" lat="40.5905930" lon="17.1136361"/>
 <node id="4234284202" visible="true" version="1" changeset="39913801" timestamp="2016-06-09T18:02:28Z" user="mcheckimport" uid="893327" lat="40.5905969" lon="17.1114594"/>
 <node id="4234284203" visible="true" version="1" changeset="39913801" timestamp="2016-06-09T18:02:28Z" user="mcheckimport" uid="893327" lat="40.5905976" lon="17.1114429"/>
 <node id="4234284207" visible="true" version="1" changeset="39913801" timestamp="2016-06-09T18:02:28Z" user="mcheckimport" uid="893327" lat="40.5905991" lon="17.1123703"/>
 <node id="4234284217" visible="true" version="1" changeset="39913801" timestamp="2016-06-09T18:02:28Z" user="mcheckimport" uid="893327" lat="40.5906021" lon="17.1115989"/>
 <node id="4234284220" visible="true" version="1" changeset="39913801" timestamp="2016-06-09T18:02:28Z" user="mcheckimport" uid="893327" lat="40.5906033" lon="17.1115379"/>
 <node id="4234284223" visible="true" version="1" changeset="39913801" timestamp="2016-06-09T18:02:28Z" user="mcheckimport" uid="893327" lat="40.5906038" lon="17.1123220"/>
 <node id="4234284228" visible="true" version="1" changeset="39913801" timestamp="2016-06-09T18:02:28Z" user="mcheckimport" uid="893327" lat="40.5906048" lon="17.1123750"/>
 <node id="4234284236" visible="true" version="1" changeset="39913801" timestamp="2016-06-09T18:02:29Z" user="mcheckimport" uid="893327" lat="40.5906074" lon="17.1124729"/>
 <node id="4234284239" visible="true" version="1" changeset="39913801" timestamp="2016-06-09T18:02:29Z" user="mcheckimport" uid="893327" lat="40.5906076" lon="17.1137435"/>
 <node id="4234284251" visible="true" version="1" changeset="39913801" timestamp="2016-06-09T18:02:29Z" user="mcheckimport" uid="893327" lat="40.5906108" lon="17.1123623"/>
 <node id="4234284266" visible="true" version="1" changeset="39913801" timestamp="2016-06-09T18:02:29Z" user="mcheckimport" uid="893327" lat="40.5906161" lon="17.1108403"/>
 <node id="4234284271" visible="true" version="1" changeset="39913801" timestamp="2016-06-09T18:02:29Z" user="mcheckimport" uid="893327" lat="40.5906166" lon="17.1118081"/>
 <node id="4234284279" visible="true" version="1" changeset="39913801" timestamp="2016-06-09T18:02:29Z" user="mcheckimport" uid="893327" lat="40.5906184" lon="17.1120935"/>
 <node id="4234284281" visible="true" version="1" changeset="39913801" timestamp="2016-06-09T18:02:29Z" user="mcheckimport" uid="893327" lat="40.5906193" lon="17.1123344"/>
 <node id="4234284285" visible="true" version="1" changeset="39913801" timestamp="2016-06-09T18:02:29Z" user="mcheckimport" uid="893327" lat="40.5906209" lon="17.1121878"/>
 <node id="4234284287" visible="true" version="1" changeset="39913801" timestamp="2016-06-09T18:02:29Z" user="mcheckimport" uid="893327" lat="40.5906214" lon="17.1125093"/>
 <node id="4234284292" visible="true" version="1" changeset="39913801" timestamp="2016-06-09T18:02:30Z" user="mcheckimport" uid="893327" lat="40.5906239" lon="17.1120477"/>
 <node id="4234284298" visible="true" version="1" changeset="39913801" timestamp="2016-06-09T18:02:30Z" user="mcheckimport" uid="893327" lat="40.5906261" lon="17.1107594"/>
 <node id="4234284300" visible="true" version="1" changeset="39913801" timestamp="2016-06-09T18:02:30Z" user="mcheckimport" uid="893327" lat="40.5906273" lon="17.1114428"/>
 <node id="4234284301" visible="true" version="1" changeset="39913801" timestamp="2016-06-09T18:02:30Z" user="mcheckimport" uid="893327" lat="40.5906274" lon="17.1135686"/>
 <node id="4234284303" visible="true" version="1" changeset="39913801" timestamp="2016-06-09T18:02:30Z" user="mcheckimport" uid="893327" lat="40.5906277" lon="17.1119982"/>
 <node id="4234284307" visible="true" version="1" changeset="39913801" timestamp="2016-06-09T18:02:30Z" user="mcheckimport" uid="893327" lat="40.5906282" lon="17.1114740"/>
 <node id="4234284323" visible="true" version="1" changeset="39913801" timestamp="2016-06-09T18:02:30Z" user="mcheckimport" uid="893327" lat="40.5906348" lon="17.1138274"/>
 <node id="4234284324" visible="true" version="1" changeset="39913801" timestamp="2016-06-09T18:02:30Z" user="mcheckimport" uid="893327" lat="40.5906353" lon="17.1119393"/>
 <node id="4234284334" visible="true" version="1" changeset="39913801" timestamp="2016-06-09T18:02:30Z" user="mcheckimport" uid="893327" lat="40.5906370" lon="17.1116137"/>
 <node id="4234284335" visible="true" version="1" changeset="39913801" timestamp="2016-06-09T18:02:30Z" user="mcheckimport" uid="893327" lat="40.5906370" lon="17.1124900"/>
 <node id="4234284336" visible="true" version="1" changeset="39913801" timestamp="2016-06-09T18:02:30Z" user="mcheckimport" uid="893327" lat="40.5906373" lon="17.1115996"/>
 <node id="4234284340" visible="true" version="1" changeset="39913801" timestamp="2016-06-09T18:02:30Z" user="mcheckimport" uid="893327" lat="40.5906397" lon="17.1121424"/>
 <node id="4234284354" visible="true" version="1" changeset="39913801" timestamp="2016-06-09T18:02:31Z" user="mcheckimport" uid="893327" lat="40.5906426" lon="17.1135194"/>
 <node id="4234284358" visible="true" version="1" changeset="39913801" timestamp="2016-06-09T18:02:31Z" user="mcheckimport" uid="893327" lat="40.5906449" lon="17.1124289"/>
 <node id="4234284364" visible="true" version="1" changeset="39913801" timestamp="2016-06-09T18:02:31Z" user="mcheckimport" uid="893327" lat="40.5906463" lon="17.1138787"/>
 <node id="4234284365" visible="true" version="1" changeset="39913801" timestamp="2016-06-09T18:02:31Z" user="mcheckimport" uid="893327" lat="40.5906464" lon="17.1124981"/>
 <node id="4234284368" visible="true" version="1" changeset="39913801" timestamp="2016-06-09T18:02:31Z" user="mcheckimport" uid="893327" lat="40.5906471" lon="17.1120915"/>
 <node id="4234284379" visible="true" version="1" changeset="39913801" timestamp="2016-06-09T18:02:31Z" user="mcheckimport" uid="893327" lat="40.5906497" lon="17.1138082"/>
 <node id="4234284385" visible="true" version="1" changeset="39913801" timestamp="2016-06-09T18:02:31Z" user="mcheckimport" uid="893327" lat="40.5906514" lon="17.1137419"/>
 <node id="4234284386" visible="true" version="1" changeset="39913801" timestamp="2016-06-09T18:02:31Z" user="mcheckimport" uid="893327" lat="40.5906517" lon="17.1116799"/>
 <node id="4234284392" visible="true" version="1" changeset="39913801" timestamp="2016-06-09T18:02:31Z" user="mcheckimport" uid="893327" lat="40.5906536" lon="17.1116134"/>
 <node id="4234284398" visible="true" version="1" changeset="39913801" timestamp="2016-06-09T18:02:32Z" user="mcheckimport" uid="893327" lat="40.5906550" lon="17.1137059"/>
 <node id="4234284405" visible="true" version="1" changeset="39913801" timestamp="2016-06-09T18:02:32Z" user="mcheckimport" uid="893327" lat="40.5906570" lon="17.1123799"/>
 <node id="4234284408" visible="true" version="1" changeset="39913801" timestamp="2016-06-09T18:02:32Z" user="mcheckimport" uid="893327" lat="40.5906578" lon="17.1138629"/>
 <node id="4234284430" visible="true" version="1" changeset="39913801" timestamp="2016-06-09T18:02:32Z" user="mcheckimport" uid="893327" lat="40.5906627" lon="17.1112775"/>
 <node id="4234284433" visible="true" version="1" changeset="39913801" timestamp="2016-06-09T18:02:32Z" user="mcheckimport" uid="893327" lat="40.5906632" lon="17.1125063"/>
 <node id="4234284442" visible="true" version="1" changeset="39913801" timestamp="2016-06-09T18:02:32Z" user="mcheckimport" uid="893327" lat="40.5906654" lon="17.1134641"/>
 <node id="4234284443" visible="true" version="1" changeset="39913801" timestamp="2016-06-09T18:02:32Z" user="mcheckimport" uid="893327" lat="40.5906655" lon="17.1137166"/>
 <node id="4234284448" visible="true" version="1" changeset="39913801" timestamp="2016-06-09T18:02:32Z" user="mcheckimport" uid="893327" lat="40.5906662" lon="17.1139221"/>
 <node id="4234284452" visible="true" version="1" changeset="39913801" timestamp="2016-06-09T18:02:33Z" user="mcheckimport" uid="893327" lat="40.5906679" lon="17.1113148"/>
 <node id="4234284467" visible="true" version="1" changeset="39913801" timestamp="2016-06-09T18:02:33Z" user="mcheckimport" uid="893327" lat="40.5906707" lon="17.1135609"/>
 <node id="4234284469" visible="true" version="1" changeset="39913801" timestamp="2016-06-09T18:02:33Z" user="mcheckimport" uid="893327" lat="40.5906709" lon="17.1119995"/>
 <node id="4234284472" visible="true" version="1" changeset="39913801" timestamp="2016-06-09T18:02:33Z" user="mcheckimport" uid="893327" lat="40.5906710" lon="17.1117222"/>
 <node id="4234284473" visible="true" version="1" changeset="39913801" timestamp="2016-06-09T18:02:33Z" user="mcheckimport" uid="893327" lat="40.5906715" lon="17.1109974"/>
 <node id="4234284474" visible="true" version="1" changeset="39913801" timestamp="2016-06-09T18:02:33Z" user="mcheckimport" uid="893327" lat="40.5906716" lon="17.1120579"/>
 <node id="4234284475" visible="true" version="1" changeset="39913801" timestamp="2016-06-09T18:02:33Z" user="mcheckimport" uid="893327" lat="40.5906721" lon="17.1124524"/>
 <node id="4234284479" visible="true" version="1" changeset="39913801" timestamp="2016-06-09T18:02:33Z" user="mcheckimport" uid="893327" lat="40.5906740" lon="17.1116950"/>
 <node id="4234284485" visible="true" version="1" changeset="39913801" timestamp="2016-06-09T18:02:33Z" user="mcheckimport" uid="893327" lat="40.5906762" lon="17.1119691"/>
 <node id="4234284487" visible="true" version="1" changeset="39913801" timestamp="2016-06-09T18:02:33Z" user="mcheckimport" uid="893327" lat="40.5906764" lon="17.1138400"/>
 <node id="4234284492" visible="true" version="1" changeset="39913801" timestamp="2016-06-09T18:02:33Z" user="mcheckimport" uid="893327" lat="40.5906773" lon="17.1120333"/>
 <node id="4234284495" visible="true" version="1" changeset="39913801" timestamp="2016-06-09T18:02:33Z" user="mcheckimport" uid="893327" lat="40.5906782" lon="17.1135434"/>
 <node id="4234284497" visible="true" version="1" changeset="39913801" timestamp="2016-06-09T18:02:33Z" user="mcheckimport" uid="893327" lat="40.5906787" lon="17.1109206"/>
 <node id="4234284503" visible="true" version="1" changeset="39913801" timestamp="2016-06-09T18:02:33Z" user="mcheckimport" uid="893327" lat="40.5906803" lon="17.1110270"/>
 <node id="4234284508" visible="true" version="1" changeset="39913801" timestamp="2016-06-09T18:02:33Z" user="mcheckimport" uid="893327" lat="40.5906816" lon="17.1115396"/>
 <node id="4234284510" visible="true" version="1" changeset="39913801" timestamp="2016-06-09T18:02:34Z" user="mcheckimport" uid="893327" lat="40.5906829" lon="17.1139817"/>
 <node id="4234284512" visible="true" version="1" changeset="39913801" timestamp="2016-06-09T18:02:34Z" user="mcheckimport" uid="893327" lat="40.5906834" lon="17.1114779"/>
 <node id="4234284514" visible="true" version="1" changeset="39913801" timestamp="2016-06-09T18:02:34Z" user="mcheckimport" uid="893327" lat="40.5906840" lon="17.1124174"/>
 <node id="4234284526" visible="true" version="1" changeset="39913801" timestamp="2016-06-09T18:02:34Z" user="mcheckimport" uid="893327" lat="40.5906876" lon="17.1122052"/>
 <node id="4234284529" visible="true" version="1" changeset="39913801" timestamp="2016-06-09T18:02:34Z" user="mcheckimport" uid="893327" lat="40.5906885" lon="17.1125700"/>
 <node id="4234284541" visible="true" version="1" changeset="39913801" timestamp="2016-06-09T18:02:34Z" user="mcheckimport" uid="893327" lat="40.5906941" lon="17.1136666"/>
 <node id="4234284543" visible="true" version="1" changeset="39913801" timestamp="2016-06-09T18:02:34Z" user="mcheckimport" uid="893327" lat="40.5906953" lon="17.1114291"/>
 <node id="4234284545" visible="true" version="1" changeset="39913801" timestamp="2016-06-09T18:02:34Z" user="mcheckimport" uid="893327" lat="40.5906957" lon="17.1111414"/>
 <node id="4234284551" visible="true" version="1" changeset="39913801" timestamp="2016-06-09T18:02:34Z" user="mcheckimport" uid="893327" lat="40.5906970" lon="17.1113919"/>
 <node id="4234284554" visible="true" version="1" changeset="39913801" timestamp="2016-06-09T18:02:34Z" user="mcheckimport" uid="893327" lat="40.5906984" lon="17.1138117"/>
 <node id="4234284567" visible="true" version="1" changeset="39913801" timestamp="2016-06-09T18:02:35Z" user="mcheckimport" uid="893327" lat="40.5907021" lon="17.1117797"/>
 <node id="4234284576" visible="true" version="1" changeset="39913801" timestamp="2016-06-09T18:02:35Z" user="mcheckimport" uid="893327" lat="40.5907042" lon="17.1125140"/>
 <node id="4234284596" visible="true" version="1" changeset="39913801" timestamp="2016-06-09T18:02:35Z" user="mcheckimport" uid="893327" lat="40.5907084" lon="17.1139405"/>
 <node id="4234284599" visible="true" version="1" changeset="39913801" timestamp="2016-06-09T18:02:35Z" user="mcheckimport" uid="893327" lat="40.5907102" lon="17.1112585"/>
 <node id="4234284600" visible="true" version="1" changeset="39913801" timestamp="2016-06-09T18:02:35Z" user="mcheckimport" uid="893327" lat="40.5907109" lon="17.1112467"/>
 <node id="4234284601" visible="true" version="1" changeset="39913801" timestamp="2016-06-09T18:02:35Z" user="mcheckimport" uid="893327" lat="40.5907118" lon="17.1117348"/>
 <node id="4234284606" visible="true" version="1" changeset="39913801" timestamp="2016-06-09T18:02:35Z" user="mcheckimport" uid="893327" lat="40.5907129" lon="17.1118439"/>
 <node id="4234284611" visible="true" version="1" changeset="39913801" timestamp="2016-06-09T18:02:35Z" user="mcheckimport" uid="893327" lat="40.5907150" lon="17.1138605"/>
 <node id="4234284614" visible="true" version="1" changeset="39913801" timestamp="2016-06-09T18:02:35Z" user="mcheckimport" uid="893327" lat="40.5907157" lon="17.1136857"/>
 <node id="4234284626" visible="true" version="1" changeset="39913801" timestamp="2016-06-09T18:02:36Z" user="mcheckimport" uid="893327" lat="40.5907182" lon="17.1108470"/>
 <node id="4234284627" visible="true" version="1" changeset="39913801" timestamp="2016-06-09T18:02:36Z" user="mcheckimport" uid="893327" lat="40.5907185" lon="17.1120470"/>
 <node id="4234284628" visible="true" version="1" changeset="39913801" timestamp="2016-06-09T18:02:36Z" user="mcheckimport" uid="893327" lat="40.5907187" lon="17.1136187"/>
 <node id="4234284637" visible="true" version="1" changeset="39913801" timestamp="2016-06-09T18:02:36Z" user="mcheckimport" uid="893327" lat="40.5907230" lon="17.1109274"/>
 <node id="4234284639" visible="true" version="1" changeset="39913801" timestamp="2016-06-09T18:02:36Z" user="mcheckimport" uid="893327" lat="40.5907231" lon="17.1107899"/>
 <node id="4234284640" visible="true" version="1" changeset="39913801" timestamp="2016-06-09T18:02:36Z" user="mcheckimport" uid="893327" lat="40.5907231" lon="17.1109971"/>
 <node id="4234284641" visible="true" version="1" changeset="39913801" timestamp="2016-06-09T18:02:36Z" user="mcheckimport" uid="893327" lat="40.5907232" lon="17.1119823"/>
 <node id="4234284648" visible="true" version="1" changeset="39913801" timestamp="2016-06-09T18:02:36Z" user="mcheckimport" uid="893327" lat="40.5907248" lon="17.1122093"/>
 <node id="4234284652" visible="true" version="1" changeset="39913801" timestamp="2016-06-09T18:02:36Z" user="mcheckimport" uid="893327" lat="40.5907268" lon="17.1120415"/>
 <node id="4234284657" visible="true" version="1" changeset="39913801" timestamp="2016-06-09T18:02:36Z" user="mcheckimport" uid="893327" lat="40.5907276" lon="17.1114257"/>
 <node id="4234284659" visible="true" version="1" changeset="39913801" timestamp="2016-06-09T18:02:36Z" user="mcheckimport" uid="893327" lat="40.5907280" lon="17.1122855"/>
 <node id="4234284664" visible="true" version="1" changeset="39913801" timestamp="2016-06-09T18:02:36Z" user="mcheckimport" uid="893327" lat="40.5907288" lon="17.1114426"/>
 <node id="4234284665" visible="true" version="1" changeset="39913801" timestamp="2016-06-09T18:02:36Z" user="mcheckimport" uid="893327" lat="40.5907288" lon="17.1119349"/>
 <node id="4234284667" visible="true" version="1" changeset="39913801" timestamp="2016-06-09T18:02:36Z" user="mcheckimport" uid="893327" lat="40.5907298" lon="17.1122827"/>
 <node id="4234284668" visible="true" version="1" changeset="39913801" timestamp="2016-06-09T18:02:36Z" user="mcheckimport" uid="893327" lat="40.5907302" lon="17.1138767"/>
 <node id="4234284669" visible="true" version="1" changeset="39913801" timestamp="2016-06-09T18:02:36Z" user="mcheckimport" uid="893327" lat="40.5907307" lon="17.1126051"/>
 <node id="4234284675" visible="true" version="1" changeset="39913801" timestamp="2016-06-09T18:02:36Z" user="mcheckimport" uid="893327" lat="40.5907345" lon="17.1119096"/>
 <node id="4234284682" visible="true" version="1" changeset="39913801" timestamp="2016-06-09T18:02:37Z" user="mcheckimport" uid="893327" lat="40.5907366" lon="17.1139706"/>
 <node id="4234284696" visible="true" version="1" changeset="39913801" timestamp="2016-06-09T18:02:37Z" user="mcheckimport" uid="893327" lat="40.5907420" lon="17.1124912"/>
 <node id="4234284702" visible="true" version="1" changeset="39913801" timestamp="2016-06-09T18:02:37Z" user="mcheckimport" uid="893327" lat="40.5907428" lon="17.1112429"/>
 <node id="4234284710" visible="true" version="1" changeset="39913801" timestamp="2016-06-09T18:02:37Z" user="mcheckimport" uid="893327" lat="40.5907444" lon="17.1121289"/>
 <node id="4234284713" visible="true" version="1" changeset="39913801" timestamp="2016-06-09T18:02:37Z" user="mcheckimport" uid="893327" lat="40.5907450" lon="17.1136342"/>
 <node id="4234284719" visible="true" version="1" changeset="39913801" timestamp="2016-06-09T18:02:37Z" user="mcheckimport" uid="893327" lat="40.5907464" lon="17.1117964"/>
 <node id="4234284720" visible="true" version="1" changeset="39913801" timestamp="2016-06-09T18:02:37Z" user="mcheckimport" uid="893327" lat="40.5907468" lon="17.1126205"/>
 <node id="4234284723" visible="true" version="1" changeset="39913801" timestamp="2016-06-09T18:02:37Z" user="mcheckimport" uid="893327" lat="40.5907481" lon="17.1117887"/>
 <node id="4234284730" visible="true" version="1" changeset="39913801" timestamp="2016-06-09T18:02:38Z" user="mcheckimport" uid="893327" lat="40.5907496" lon="17.1123066"/>
 <node id="4234284731" visible="true" version="1" changeset="39913801" timestamp="2016-06-09T18:02:38Z" user="mcheckimport" uid="893327" lat="40.5907506" lon="17.1138436"/>
 <node id="4234284743" visible="true" version="1" changeset="39913801" timestamp="2016-06-09T18:02:38Z" user="mcheckimport" uid="893327" lat="40.5907530" lon="17.1119160"/>
 <node id="4234284746" visible="true" version="1" changeset="39913801" timestamp="2016-06-09T18:02:38Z" user="mcheckimport" uid="893327" lat="40.5907533" lon="17.1124582"/>
 <node id="4234284753" visible="true" version="1" changeset="39913801" timestamp="2016-06-09T18:02:38Z" user="mcheckimport" uid="893327" lat="40.5907557" lon="17.1113247"/>
 <node id="4234284756" visible="true" version="1" changeset="39913801" timestamp="2016-06-09T18:02:38Z" user="mcheckimport" uid="893327" lat="40.5907565" lon="17.1124997"/>
 <node id="4234284759" visible="true" version="1" changeset="39913801" timestamp="2016-06-09T18:02:38Z" user="mcheckimport" uid="893327" lat="40.5907584" lon="17.1117069"/>
 <node id="4234284774" visible="true" version="1" changeset="39913801" timestamp="2016-06-09T18:02:38Z" user="mcheckimport" uid="893327" lat="40.5907624" lon="17.1122901"/>
 <node id="4234284776" visible="true" version="1" changeset="39913801" timestamp="2016-06-09T18:02:38Z" user="mcheckimport" uid="893327" lat="40.5907633" lon="17.1116825"/>
 <node id="4234284781" visible="true" version="1" changeset="39913801" timestamp="2016-06-09T18:02:38Z" user="mcheckimport" uid="893327" lat="40.5907641" lon="17.1136007"/>
 <node id="4234284889" visible="true" version="1" changeset="39914094" timestamp="2016-06-09T18:02:48Z" user="mcheckimport" uid="893327" lat="40.5907784" lon="17.1107988"/>
 <node id="4234284890" visible="true" version="1" changeset="39914094" timestamp="2016-06-09T18:02:48Z" user="mcheckimport" uid="893327" lat="40.5907784" lon="17.1117124"/>
 <node id="4234284911" visible="true" version="1" changeset="39914094" timestamp="2016-06-09T18:02:48Z" user="mcheckimport" uid="893327" lat="40.5907863" lon="17.1116832"/>
 <node id="4234284913" visible="true" version="1" changeset="39914094" timestamp="2016-06-09T18:02:48Z" user="mcheckimport" uid="893327" lat="40.5907866" lon="17.1135919"/>
 <node id="4234284914" visible="true" version="1" changeset="39914094" timestamp="2016-06-09T18:02:48Z" user="mcheckimport" uid="893327" lat="40.5907866" lon="17.1136560"/>
 <node id="4234284916" visible="true" version="1" changeset="39914094" timestamp="2016-06-09T18:02:48Z" user="mcheckimport" uid="893327" lat="40.5907872" lon="17.1118518"/>
 <node id="4234284917" visible="true" version="1" changeset="39914094" timestamp="2016-06-09T18:02:48Z" user="mcheckimport" uid="893327" lat="40.5907872" lon="17.1121543"/>
 <node id="4234284925" visible="true" version="1" changeset="39914094" timestamp="2016-06-09T18:02:48Z" user="mcheckimport" uid="893327" lat="40.5907894" lon="17.1111159"/>
 <node id="4234284927" visible="true" version="1" changeset="39914094" timestamp="2016-06-09T18:02:48Z" user="mcheckimport" uid="893327" lat="40.5907901" lon="17.1122734"/>
 <node id="4234284938" visible="true" version="1" changeset="39914094" timestamp="2016-06-09T18:02:49Z" user="mcheckimport" uid="893327" lat="40.5907963" lon="17.1116642"/>
 <node id="4234284939" visible="true" version="1" changeset="39914094" timestamp="2016-06-09T18:02:49Z" user="mcheckimport" uid="893327" lat="40.5907971" lon="17.1135708"/>
 <node id="4234284942" visible="true" version="1" changeset="39914094" timestamp="2016-06-09T18:02:49Z" user="mcheckimport" uid="893327" lat="40.5907983" lon="17.1118086"/>
 <node id="4234284950" visible="true" version="1" changeset="39914094" timestamp="2016-06-09T18:02:49Z" user="mcheckimport" uid="893327" lat="40.5908003" lon="17.1124429"/>
 <node id="4234284957" visible="true" version="1" changeset="39914094" timestamp="2016-06-09T18:02:49Z" user="mcheckimport" uid="893327" lat="40.5908030" lon="17.1116467"/>
 <node id="4234284964" visible="true" version="1" changeset="39914094" timestamp="2016-06-09T18:02:49Z" user="mcheckimport" uid="893327" lat="40.5908051" lon="17.1116321"/>
 <node id="4234284971" visible="true" version="1" changeset="39914094" timestamp="2016-06-09T18:02:49Z" user="mcheckimport" uid="893327" lat="40.5908084" lon="17.1108284"/>
 <node id="4234284976" visible="true" version="1" changeset="39914094" timestamp="2016-06-09T18:02:49Z" user="mcheckimport" uid="893327" lat="40.5908092" lon="17.1122106"/>
 <node id="4234284978" visible="true" version="1" changeset="39914094" timestamp="2016-06-09T18:02:49Z" user="mcheckimport" uid="893327" lat="40.5908093" lon="17.1113217"/>
 <node id="4234284984" visible="true" version="1" changeset="39914094" timestamp="2016-06-09T18:02:49Z" user="mcheckimport" uid="893327" lat="40.5908107" lon="17.1108069"/>
 <node id="4234284986" visible="true" version="1" changeset="39914094" timestamp="2016-06-09T18:02:49Z" user="mcheckimport" uid="893327" lat="40.5908113" lon="17.1120799"/>
 <node id="4234284988" visible="true" version="1" changeset="39914094" timestamp="2016-06-09T18:02:49Z" user="mcheckimport" uid="893327" lat="40.5908117" lon="17.1110319"/>
 <node id="4234285006" visible="true" version="1" changeset="39914094" timestamp="2016-06-09T18:02:50Z" user="mcheckimport" uid="893327" lat="40.5908167" lon="17.1110806"/>
 <node id="4234285010" visible="true" version="1" changeset="39914094" timestamp="2016-06-09T18:02:50Z" user="mcheckimport" uid="893327" lat="40.5908180" lon="17.1126648"/>
 <node id="4234285011" visible="true" version="1" changeset="39914094" timestamp="2016-06-09T18:02:50Z" user="mcheckimport" uid="893327" lat="40.5908184" lon="17.1137307"/>
 <node id="4234285013" visible="true" version="1" changeset="39914094" timestamp="2016-06-09T18:02:50Z" user="mcheckimport" uid="893327" lat="40.5908187" lon="17.1114865"/>
 <node id="4234285020" visible="true" version="1" changeset="39914094" timestamp="2016-06-09T18:02:50Z" user="mcheckimport" uid="893327" lat="40.5908206" lon="17.1137937"/>
 <node id="4234285024" visible="true" version="1" changeset="39914094" timestamp="2016-06-09T18:02:50Z" user="mcheckimport" uid="893327" lat="40.5908218" lon="17.1117015"/>
 <node id="4234285025" visible="true" version="1" changeset="39914094" timestamp="2016-06-09T18:02:50Z" user="mcheckimport" uid="893327" lat="40.5908220" lon="17.1117150"/>
 <node id="4234285034" visible="true" version="1" changeset="39914094" timestamp="2016-06-09T18:02:50Z" user="mcheckimport" uid="893327" lat="40.5908238" lon="17.1137215"/>
 <node id="4234285043" visible="true" version="1" changeset="39914094" timestamp="2016-06-09T18:02:50Z" user="mcheckimport" uid="893327" lat="40.5908252" lon="17.1122610"/>
 <node id="4234285045" visible="true" version="1" changeset="39914094" timestamp="2016-06-09T18:02:50Z" user="mcheckimport" uid="893327" lat="40.5908261" lon="17.1122152"/>
 <node id="4234285056" visible="true" version="1" changeset="39914094" timestamp="2016-06-09T18:02:50Z" user="mcheckimport" uid="893327" lat="40.5908306" lon="17.1113705"/>
 <node id="4234285065" visible="true" version="1" changeset="39914094" timestamp="2016-06-09T18:02:51Z" user="mcheckimport" uid="893327" lat="40.5908351" lon="17.1109112"/>
 <node id="4234285066" visible="true" version="1" changeset="39914094" timestamp="2016-06-09T18:02:51Z" user="mcheckimport" uid="893327" lat="40.5908351" lon="17.1110009"/>
 <node id="4234285073" visible="true" version="1" changeset="39914094" timestamp="2016-06-09T18:02:51Z" user="mcheckimport" uid="893327" lat="40.5908366" lon="17.1113107"/>
 <node id="4234285079" visible="true" version="1" changeset="39914094" timestamp="2016-06-09T18:02:51Z" user="mcheckimport" uid="893327" lat="40.5908378" lon="17.1121001"/>
 <node id="4234285089" visible="true" version="1" changeset="39914094" timestamp="2016-06-09T18:02:51Z" user="mcheckimport" uid="893327" lat="40.5908411" lon="17.1123328"/>
 <node id="4234285093" visible="true" version="1" changeset="39914094" timestamp="2016-06-09T18:02:51Z" user="mcheckimport" uid="893327" lat="40.5908421" lon="17.1110808"/>
 <node id="4234285097" visible="true" version="1" changeset="39914094" timestamp="2016-06-09T18:02:51Z" user="mcheckimport" uid="893327" lat="40.5908438" lon="17.1138186"/>
 <node id="4234285102" visible="true" version="1" changeset="39914094" timestamp="2016-06-09T18:02:51Z" user="mcheckimport" uid="893327" lat="40.5908448" lon="17.1110970"/>
 <node id="4234285106" visible="true" version="1" changeset="39914094" timestamp="2016-06-09T18:02:51Z" user="mcheckimport" uid="893327" lat="40.5908467" lon="17.1137587"/>
 <node id="4234285132" visible="true" version="1" changeset="39914094" timestamp="2016-06-09T18:02:52Z" user="mcheckimport" uid="893327" lat="40.5908532" lon="17.1114882"/>
 <node id="4234285133" visible="true" version="1" changeset="39914094" timestamp="2016-06-09T18:02:52Z" user="mcheckimport" uid="893327" lat="40.5908537" lon="17.1120292"/>
 <node id="4234285139" visible="true" version="1" changeset="39914094" timestamp="2016-06-09T18:02:52Z" user="mcheckimport" uid="893327" lat="40.5908556" lon="17.1114158"/>
 <node id="4234285140" visible="true" version="1" changeset="39914094" timestamp="2016-06-09T18:02:52Z" user="mcheckimport" uid="893327" lat="40.5908558" lon="17.1134029"/>
 <node id="4234285168" visible="true" version="1" changeset="39914094" timestamp="2016-06-09T18:02:52Z" user="mcheckimport" uid="893327" lat="40.5908625" lon="17.1113877"/>
 <node id="4234285171" visible="true" version="1" changeset="39914094" timestamp="2016-06-09T18:02:52Z" user="mcheckimport" uid="893327" lat="40.5908636" lon="17.1113499"/>
 <node id="4234285178" visible="true" version="1" changeset="39914094" timestamp="2016-06-09T18:02:52Z" user="mcheckimport" uid="893327" lat="40.5908653" lon="17.1122347"/>
 <node id="4234285189" visible="true" version="1" changeset="39914094" timestamp="2016-06-09T18:02:52Z" user="mcheckimport" uid="893327" lat="40.5908692" lon="17.1121997"/>
 <node id="4234285192" visible="true" version="1" changeset="39914094" timestamp="2016-06-09T18:02:52Z" user="mcheckimport" uid="893327" lat="40.5908697" lon="17.1115375"/>
 <node id="4234285193" visible="true" version="1" changeset="39914094" timestamp="2016-06-09T18:02:53Z" user="mcheckimport" uid="893327" lat="40.5908705" lon="17.1133707"/>
 <node id="4234285197" visible="true" version="1" changeset="39914094" timestamp="2016-06-09T18:02:53Z" user="mcheckimport" uid="893327" lat="40.5908707" lon="17.1122717"/>
 <node id="4234285198" visible="true" version="1" changeset="39914094" timestamp="2016-06-09T18:02:53Z" user="mcheckimport" uid="893327" lat="40.5908707" lon="17.1136986"/>
 <node id="4234285208" visible="true" version="1" changeset="39914094" timestamp="2016-06-09T18:02:53Z" user="mcheckimport" uid="893327" lat="40.5908759" lon="17.1121347"/>
 <node id="4234285211" visible="true" version="1" changeset="39914094" timestamp="2016-06-09T18:02:53Z" user="mcheckimport" uid="893327" lat="40.5908761" lon="17.1123833"/>
 <node id="4234285214" visible="true" version="1" changeset="39914094" timestamp="2016-06-09T18:02:53Z" user="mcheckimport" uid="893327" lat="40.5908775" lon="17.1137055"/>
 <node id="4234285215" visible="true" version="1" changeset="39914094" timestamp="2016-06-09T18:02:53Z" user="mcheckimport" uid="893327" lat="40.5908776" lon="17.1122412"/>
 <node id="4234285222" visible="true" version="1" changeset="39914094" timestamp="2016-06-09T18:02:53Z" user="mcheckimport" uid="893327" lat="40.5908813" lon="17.1121162"/>
 <node id="4234285225" visible="true" version="1" changeset="39914094" timestamp="2016-06-09T18:02:53Z" user="mcheckimport" uid="893327" lat="40.5908821" lon="17.1121665"/>
 <node id="4234285232" visible="true" version="1" changeset="39914094" timestamp="2016-06-09T18:02:53Z" user="mcheckimport" uid="893327" lat="40.5908845" lon="17.1136310"/>
 <node id="4234285235" visible="true" version="1" changeset="39914094" timestamp="2016-06-09T18:02:53Z" user="mcheckimport" uid="893327" lat="40.5908853" lon="17.1112798"/>
 <node id="4234285239" visible="true" version="1" changeset="39914094" timestamp="2016-06-09T18:02:53Z" user="mcheckimport" uid="893327" lat="40.5908866" lon="17.1112977"/>
 <node id="4234285247" visible="true" version="1" changeset="39914094" timestamp="2016-06-09T18:02:53Z" user="mcheckimport" uid="893327" lat="40.5908889" lon="17.1121412"/>
 <node id="4234285254" visible="true" version="1" changeset="39914094" timestamp="2016-06-09T18:02:53Z" user="mcheckimport" uid="893327" lat="40.5908920" lon="17.1151902"/>
 <node id="4234285255" visible="true" version="1" changeset="39914094" timestamp="2016-06-09T18:02:53Z" user="mcheckimport" uid="893327" lat="40.5908923" lon="17.1136613"/>
 <node id="4234285263" visible="true" version="1" changeset="39914094" timestamp="2016-06-09T18:02:53Z" user="mcheckimport" uid="893327" lat="40.5908956" lon="17.1133842"/>
 <node id="4234285269" visible="true" version="1" changeset="39914094" timestamp="2016-06-09T18:02:54Z" user="mcheckimport" uid="893327" lat="40.5908993" lon="17.1128235"/>
 <node id="4234285276" visible="true" version="1" changeset="39914094" timestamp="2016-06-09T18:02:54Z" user="mcheckimport" uid="893327" lat="40.5909006" lon="17.1117636"/>
 <node id="4234285278" visible="true" version="1" changeset="39914094" timestamp="2016-06-09T18:02:54Z" user="mcheckimport" uid="893327" lat="40.5909007" lon="17.1136015"/>
 <node id="4234285280" visible="true" version="1" changeset="39914094" timestamp="2016-06-09T18:02:54Z" user="mcheckimport" uid="893327" lat="40.5909008" lon="17.1110025"/>
 <node id="4234285282" visible="true" version="1" changeset="39914094" timestamp="2016-06-09T18:02:54Z" user="mcheckimport" uid="893327" lat="40.5909012" lon="17.1126547"/>
 <node id="4234285290" visible="true" version="1" changeset="39914094" timestamp="2016-06-09T18:02:54Z" user="mcheckimport" uid="893327" lat="40.5909038" lon="17.1123576"/>
 <node id="4234285292" visible="true" version="1" changeset="39914094" timestamp="2016-06-09T18:02:54Z" user="mcheckimport" uid="893327" lat="40.5909047" lon="17.1134969"/>
 <node id="4234285298" visible="true" version="1" changeset="39914094" timestamp="2016-06-09T18:02:54Z" user="mcheckimport" uid="893327" lat="40.5909059" lon="17.1114516"/>
 <node id="4234285300" visible="true" version="1" changeset="39914094" timestamp="2016-06-09T18:02:54Z" user="mcheckimport" uid="893327" lat="40.5909063" lon="17.1110324"/>
 <node id="4234285301" visible="true" version="1" changeset="39914094" timestamp="2016-06-09T18:02:54Z" user="mcheckimport" uid="893327" lat="40.5909065" lon="17.1110753"/>
 <node id="4234285302" visible="true" version="1" changeset="39914094" timestamp="2016-06-09T18:02:54Z" user="mcheckimport" uid="893327" lat="40.5909065" lon="17.1114174"/>
 <node id="4234285303" visible="true" version="1" changeset="39914094" timestamp="2016-06-09T18:02:54Z" user="mcheckimport" uid="893327" lat="40.5909065" lon="17.1117393"/>
 <node id="4234285309" visible="true" version="1" changeset="39914094" timestamp="2016-06-09T18:02:54Z" user="mcheckimport" uid="893327" lat="40.5909081" lon="17.1123400"/>
 <node id="4234285313" visible="true" version="1" changeset="39914094" timestamp="2016-06-09T18:02:54Z" user="mcheckimport" uid="893327" lat="40.5909093" lon="17.1109296"/>
 <node id="4234285314" visible="true" version="1" changeset="39914094" timestamp="2016-06-09T18:02:54Z" user="mcheckimport" uid="893327" lat="40.5909096" lon="17.1151340"/>
 <node id="4234285316" visible="true" version="1" changeset="39914094" timestamp="2016-06-09T18:02:54Z" user="mcheckimport" uid="893327" lat="40.5909097" lon="17.1136101"/>
 <node id="4234285324" visible="true" version="1" changeset="39914094" timestamp="2016-06-09T18:02:54Z" user="mcheckimport" uid="893327" lat="40.5909119" lon="17.1113877"/>
 <node id="4234285331" visible="true" version="1" changeset="39914094" timestamp="2016-06-09T18:02:54Z" user="mcheckimport" uid="893327" lat="40.5909170" lon="17.1132844"/>
 <node id="4234285337" visible="true" version="1" changeset="39914094" timestamp="2016-06-09T18:02:55Z" user="mcheckimport" uid="893327" lat="40.5909191" lon="17.1119484"/>
 <node id="4234285340" visible="true" version="1" changeset="39914094" timestamp="2016-06-09T18:02:55Z" user="mcheckimport" uid="893327" lat="40.5909192" lon="17.1134465"/>
 <node id="4234285344" visible="true" version="1" changeset="39914094" timestamp="2016-06-09T18:02:55Z" user="mcheckimport" uid="893327" lat="40.5909201" lon="17.1139065"/>
 <node id="4234285348" visible="true" version="1" changeset="39914094" timestamp="2016-06-09T18:02:55Z" user="mcheckimport" uid="893327" lat="40.5909215" lon="17.1136791"/>
 <node id="4234285360" visible="true" version="1" changeset="39914094" timestamp="2016-06-09T18:02:55Z" user="mcheckimport" uid="893327" lat="40.5909248" lon="17.1124038"/>
 <node id="4234285367" visible="true" version="1" changeset="39914094" timestamp="2016-06-09T18:02:55Z" user="mcheckimport" uid="893327" lat="40.5909263" lon="17.1139608"/>
 <node id="4234285373" visible="true" version="1" changeset="39914094" timestamp="2016-06-09T18:02:55Z" user="mcheckimport" uid="893327" lat="40.5909288" lon="17.1119262"/>
 <node id="4234285378" visible="true" version="1" changeset="39914094" timestamp="2016-06-09T18:02:55Z" user="mcheckimport" uid="893327" lat="40.5909322" lon="17.1114474"/>
 <node id="4234285380" visible="true" version="1" changeset="39914094" timestamp="2016-06-09T18:02:55Z" user="mcheckimport" uid="893327" lat="40.5909327" lon="17.1113868"/>
 <node id="4234285382" visible="true" version="1" changeset="39914094" timestamp="2016-06-09T18:02:55Z" user="mcheckimport" uid="893327" lat="40.5909330" lon="17.1123700"/>
 <node id="4234285383" visible="true" version="1" changeset="39914094" timestamp="2016-06-09T18:02:55Z" user="mcheckimport" uid="893327" lat="40.5909331" lon="17.1134035"/>
 <node id="4234285498" visible="true" version="1" changeset="39914094" timestamp="2016-06-09T18:02:55Z" user="mcheckimport" uid="893327" lat="40.5909374" lon="17.1108045"/>
 <node id="4234285499" visible="true" version="1" changeset="39914094" timestamp="2016-06-09T18:02:55Z" user="mcheckimport" uid="893327" lat="40.5909375" lon="17.1118824"/>
 <node id="4234285505" visible="true" version="1" changeset="39914094" timestamp="2016-06-09T18:02:56Z" user="mcheckimport" uid="893327" lat="40.5909391" lon="17.1121449"/>
 <node id="4234285522" visible="true" version="1" changeset="39914094" timestamp="2016-06-09T18:02:56Z" user="mcheckimport" uid="893327" lat="40.5909420" lon="17.1110336"/>
 <node id="4234285529" visible="true" version="1" changeset="39914094" timestamp="2016-06-09T18:02:56Z" user="mcheckimport" uid="893327" lat="40.5909440" lon="17.1139312"/>
 <node id="4234285531" visible="true" version="1" changeset="39914094" timestamp="2016-06-09T18:02:56Z" user="mcheckimport" uid="893327" lat="40.5909449" lon="17.1139802"/>
 <node id="4234285540" visible="true" version="1" changeset="39914094" timestamp="2016-06-09T18:02:56Z" user="mcheckimport" uid="893327" lat="40.5909461" lon="17.1110026"/>
 <node id="4234285549" visible="true" version="1" changeset="39914094" timestamp="2016-06-09T18:02:56Z" user="mcheckimport" uid="893327" lat="40.5909498" lon="17.1107171"/>
 <node id="4234285552" visible="true" version="1" changeset="39914094" timestamp="2016-06-09T18:02:56Z" user="mcheckimport" uid="893327" lat="40.5909502" lon="17.1135013"/>
 <node id="4234285556" visible="true" version="1" changeset="39914094" timestamp="2016-06-09T18:02:56Z" user="mcheckimport" uid="893327" lat="40.5909519" lon="17.1135332"/>
 <node id="4234285560" visible="true" version="1" changeset="39914094" timestamp="2016-06-09T18:02:56Z" user="mcheckimport" uid="893327" lat="40.5909540" lon="17.1120951"/>
 <node id="4234285567" visible="true" version="1" changeset="39914094" timestamp="2016-06-09T18:02:56Z" user="mcheckimport" uid="893327" lat="40.5909560" lon="17.1132983"/>
 <node id="4234285569" visible="true" version="1" changeset="39914094" timestamp="2016-06-09T18:02:56Z" user="mcheckimport" uid="893327" lat="40.5909566" lon="17.1118175"/>
 <node id="4234285572" visible="true" version="1" changeset="39914094" timestamp="2016-06-09T18:02:56Z" user="mcheckimport" uid="893327" lat="40.5909574" lon="17.1134631"/>
 <node id="4234285574" visible="true" version="1" changeset="39914094" timestamp="2016-06-09T18:02:56Z" user="mcheckimport" uid="893327" lat="40.5909577" lon="17.1126495"/>
 <node id="4234285577" visible="true" version="1" changeset="39914094" timestamp="2016-06-09T18:02:57Z" user="mcheckimport" uid="893327" lat="40.5909588" lon="17.1113386"/>
 <node id="4234285583" visible="true" version="1" changeset="39914094" timestamp="2016-06-09T18:02:57Z" user="mcheckimport" uid="893327" lat="40.5909607" lon="17.1113492"/>
 <node id="4234285584" visible="true" version="1" changeset="39914094" timestamp="2016-06-09T18:02:57Z" user="mcheckimport" uid="893327" lat="40.5909608" lon="17.1117962"/>
 <node id="4234285585" visible="true" version="1" changeset="39914094" timestamp="2016-06-09T18:02:57Z" user="mcheckimport" uid="893327" lat="40.5909611" lon="17.1139532"/>
 <node id="4234285700" visible="true" version="1" changeset="39914094" timestamp="2016-06-09T18:02:57Z" user="mcheckimport" uid="893327" lat="40.5909649" lon="17.1150377"/>
 <node id="4234285731" visible="true" version="1" changeset="39914094" timestamp="2016-06-09T18:02:57Z" user="mcheckimport" uid="893327" lat="40.5909776" lon="17.1120092"/>
 <node id="4234285735" visible="true" version="1" changeset="39914094" timestamp="2016-06-09T18:02:57Z" user="mcheckimport" uid="893327" lat="40.5909784" lon="17.1135399"/>
 <node id="4234285739" visible="true" version="1" changeset="39914094" timestamp="2016-06-09T18:02:57Z" user="mcheckimport" uid="893327" lat="40.5909801" lon="17.1119970"/>
 <node id="4234285751" visible="true" version="1" changeset="39914094" timestamp="2016-06-09T18:02:58Z" user="mcheckimport" uid="893327" lat="40.5909822" lon="17.1135275"/>
 <node id="4234285770" visible="true" version="1" changeset="39914094" timestamp="2016-06-09T18:02:58Z" user="mcheckimport" uid="893327" lat="40.5909891" lon="17.1139822"/>
 <node id="4234285776" visible="true" version="1" changeset="39914094" timestamp="2016-06-09T18:02:58Z" user="mcheckimport" uid="893327" lat="40.5909906" lon="17.1119539"/>
 <node id="4234285781" visible="true" version="1" changeset="39914094" timestamp="2016-06-09T18:02:58Z" user="mcheckimport" uid="893327" lat="40.5909917" lon="17.1135551"/>
 <node id="4234285790" visible="true" version="1" changeset="39914094" timestamp="2016-06-09T18:02:58Z" user="mcheckimport" uid="893327" lat="40.5909929" lon="17.1113177"/>
 <node id="4234285791" visible="true" version="1" changeset="39914094" timestamp="2016-06-09T18:02:58Z" user="mcheckimport" uid="893327" lat="40.5909933" lon="17.1150995"/>
 <node id="4234285792" visible="true" version="1" changeset="39914094" timestamp="2016-06-09T18:02:58Z" user="mcheckimport" uid="893327" lat="40.5909936" lon="17.1113497"/>
 <node id="4234285796" visible="true" version="1" changeset="39914094" timestamp="2016-06-09T18:02:58Z" user="mcheckimport" uid="893327" lat="40.5909945" lon="17.1118952"/>
 <node id="4234285803" visible="true" version="1" changeset="39914094" timestamp="2016-06-09T18:02:58Z" user="mcheckimport" uid="893327" lat="40.5909972" lon="17.1120259"/>
 <node id="4234285825" visible="true" version="1" changeset="39914094" timestamp="2016-06-09T18:02:59Z" user="mcheckimport" uid="893327" lat="40.5910056" lon="17.1128850"/>
 <node id="4234285830" visible="true" version="1" changeset="39914094" timestamp="2016-06-09T18:02:59Z" user="mcheckimport" uid="893327" lat="40.5910063" lon="17.1150742"/>
 <node id="4234285852" visible="true" version="1" changeset="39914094" timestamp="2016-06-09T18:02:59Z" user="mcheckimport" uid="893327" lat="40.5910155" lon="17.1119629"/>
 <node id="4234285854" visible="true" version="1" changeset="39914094" timestamp="2016-06-09T18:02:59Z" user="mcheckimport" uid="893327" lat="40.5910158" lon="17.1118489"/>
 <node id="4234285863" visible="true" version="1" changeset="39914094" timestamp="2016-06-09T18:02:59Z" user="mcheckimport" uid="893327" lat="40.5910202" lon="17.1149298"/>
 <node id="4234285865" visible="true" version="1" changeset="39914094" timestamp="2016-06-09T18:02:59Z" user="mcheckimport" uid="893327" lat="40.5910211" lon="17.1128386"/>
 <node id="4234285876" visible="true" version="1" changeset="39914094" timestamp="2016-06-09T18:03:00Z" user="mcheckimport" uid="893327" lat="40.5910241" lon="17.1133757"/>
 <node id="4234285993" visible="true" version="1" changeset="39914094" timestamp="2016-06-09T18:03:00Z" user="mcheckimport" uid="893327" lat="40.5910326" lon="17.1106696"/>
 <node id="4234285994" visible="true" version="1" changeset="39914094" timestamp="2016-06-09T18:03:00Z" user="mcheckimport" uid="893327" lat="40.5910331" lon="17.1124100"/>
 <node id="4234285998" visible="true" version="1" changeset="39914094" timestamp="2016-06-09T18:03:00Z" user="mcheckimport" uid="893327" lat="40.5910337" lon="17.1133261"/>
 <node id="4234286003" visible="true" version="1" changeset="39914094" timestamp="2016-06-09T18:03:00Z" user="mcheckimport" uid="893327" lat="40.5910349" lon="17.1107039"/>
 <node id="4234286012" visible="true" version="1" changeset="39914094" timestamp="2016-06-09T18:03:00Z" user="mcheckimport" uid="893327" lat="40.5910382" lon="17.1134077"/>
 <node id="4234286018" visible="true" version="1" changeset="39914094" timestamp="2016-06-09T18:03:00Z" user="mcheckimport" uid="893327" lat="40.5910410" lon="17.1119962"/>
 <node id="4234286023" visible="true" version="1" changeset="39914094" timestamp="2016-06-09T18:03:00Z" user="mcheckimport" uid="893327" lat="40.5910432" lon="17.1133821"/>
 <node id="4234286024" visible="true" version="1" changeset="39914094" timestamp="2016-06-09T18:03:00Z" user="mcheckimport" uid="893327" lat="40.5910433" lon="17.1105102"/>
 <node id="4234286027" visible="true" version="1" changeset="39914094" timestamp="2016-06-09T18:03:00Z" user="mcheckimport" uid="893327" lat="40.5910441" lon="17.1134633"/>
 <node id="4234286029" visible="true" version="1" changeset="39914094" timestamp="2016-06-09T18:03:00Z" user="mcheckimport" uid="893327" lat="40.5910452" lon="17.1117400"/>
 <node id="4234286039" visible="true" version="1" changeset="39914094" timestamp="2016-06-09T18:03:01Z" user="mcheckimport" uid="893327" lat="40.5910486" lon="17.1126035"/>
 <node id="4234286042" visible="true" version="1" changeset="39914094" timestamp="2016-06-09T18:03:01Z" user="mcheckimport" uid="893327" lat="40.5910500" lon="17.1133316"/>
 <node id="4234286044" visible="true" version="1" changeset="39914094" timestamp="2016-06-09T18:03:01Z" user="mcheckimport" uid="893327" lat="40.5910511" lon="17.1117427"/>
 <node id="4234286047" visible="true" version="1" changeset="39914094" timestamp="2016-06-09T18:03:01Z" user="mcheckimport" uid="893327" lat="40.5910522" lon="17.1106642"/>
 <node id="4234286049" visible="true" version="1" changeset="39914094" timestamp="2016-06-09T18:03:01Z" user="mcheckimport" uid="893327" lat="40.5910526" lon="17.1119521"/>
 <node id="4234286055" visible="true" version="1" changeset="39914094" timestamp="2016-06-09T18:03:01Z" user="mcheckimport" uid="893327" lat="40.5910539" lon="17.1134129"/>
 <node id="4234286060" visible="true" version="1" changeset="39914094" timestamp="2016-06-09T18:03:01Z" user="mcheckimport" uid="893327" lat="40.5910569" lon="17.1132967"/>
 <node id="4234286071" visible="true" version="1" changeset="39914094" timestamp="2016-06-09T18:03:01Z" user="mcheckimport" uid="893327" lat="40.5910613" lon="17.1125377"/>
 <node id="4234286072" visible="true" version="1" changeset="39914094" timestamp="2016-06-09T18:03:01Z" user="mcheckimport" uid="893327" lat="40.5910613" lon="17.1132439"/>
 <node id="4234286079" visible="true" version="1" changeset="39914094" timestamp="2016-06-09T18:03:01Z" user="mcheckimport" uid="893327" lat="40.5910631" lon="17.1132656"/>
 <node id="4234286085" visible="true" version="1" changeset="39914094" timestamp="2016-06-09T18:03:01Z" user="mcheckimport" uid="893327" lat="40.5910664" lon="17.1128610"/>
 <node id="4234286087" visible="true" version="1" changeset="39914094" timestamp="2016-06-09T18:03:01Z" user="mcheckimport" uid="893327" lat="40.5910670" lon="17.1132459"/>
 <node id="4234286088" visible="true" version="1" changeset="39914094" timestamp="2016-06-09T18:03:01Z" user="mcheckimport" uid="893327" lat="40.5910679" lon="17.1115079"/>
 <node id="4234286197" visible="true" version="1" changeset="39914094" timestamp="2016-06-09T18:03:01Z" user="mcheckimport" uid="893327" lat="40.5910722" lon="17.1124770"/>
 <node id="4234286198" visible="true" version="1" changeset="39914094" timestamp="2016-06-09T18:03:01Z" user="mcheckimport" uid="893327" lat="40.5910727" lon="17.1119577"/>
 <node id="4234286202" visible="true" version="1" changeset="39914094" timestamp="2016-06-09T18:03:02Z" user="mcheckimport" uid="893327" lat="40.5910749" lon="17.1115768"/>
 <node id="4234286205" visible="true" version="1" changeset="39914094" timestamp="2016-06-09T18:03:02Z" user="mcheckimport" uid="893327" lat="40.5910763" lon="17.1150065"/>
 <node id="4234286215" visible="true" version="1" changeset="39914094" timestamp="2016-06-09T18:03:02Z" user="mcheckimport" uid="893327" lat="40.5910804" lon="17.1128158"/>
 <node id="4234286216" visible="true" version="1" changeset="39914094" timestamp="2016-06-09T18:03:02Z" user="mcheckimport" uid="893327" lat="40.5910809" lon="17.1133048"/>
 <node id="4234286217" visible="true" version="1" changeset="39914094" timestamp="2016-06-09T18:03:02Z" user="mcheckimport" uid="893327" lat="40.5910810" lon="17.1125443"/>
 <node id="4234286219" visible="true" version="1" changeset="39914094" timestamp="2016-06-09T18:03:02Z" user="mcheckimport" uid="893327" lat="40.5910821" lon="17.1124263"/>
 <node id="4234286221" visible="true" version="1" changeset="39914094" timestamp="2016-06-09T18:03:02Z" user="mcheckimport" uid="893327" lat="40.5910826" lon="17.1131510"/>
 <node id="4234286226" visible="true" version="1" changeset="39914094" timestamp="2016-06-09T18:03:02Z" user="mcheckimport" uid="893327" lat="40.5910845" lon="17.1108955"/>
 <node id="4234286227" visible="true" version="1" changeset="39914094" timestamp="2016-06-09T18:03:02Z" user="mcheckimport" uid="893327" lat="40.5910857" lon="17.1122347"/>
 <node id="4234286228" visible="true" version="1" changeset="39914094" timestamp="2016-06-09T18:03:02Z" user="mcheckimport" uid="893327" lat="40.5910858" lon="17.1149877"/>
 <node id="4234286231" visible="true" version="1" changeset="39914094" timestamp="2016-06-09T18:03:02Z" user="mcheckimport" uid="893327" lat="40.5910869" lon="17.1132736"/>
 <node id="4234286247" visible="true" version="1" changeset="39914094" timestamp="2016-06-09T18:03:03Z" user="mcheckimport" uid="893327" lat="40.5910927" lon="17.1124838"/>
 <node id="4234286252" visible="true" version="1" changeset="39914094" timestamp="2016-06-09T18:03:03Z" user="mcheckimport" uid="893327" lat="40.5910940" lon="17.1120309"/>
 <node id="4234286261" visible="true" version="1" changeset="39914094" timestamp="2016-06-09T18:03:03Z" user="mcheckimport" uid="893327" lat="40.5910996" lon="17.1151933"/>
 <node id="4234286263" visible="true" version="1" changeset="39914094" timestamp="2016-06-09T18:03:03Z" user="mcheckimport" uid="893327" lat="40.5911005" lon="17.1118627"/>
 <node id="4234286285" visible="true" version="1" changeset="39914094" timestamp="2016-06-09T18:03:04Z" user="mcheckimport" uid="893327" lat="40.5911113" lon="17.1121677"/>
 <node id="4234286394" visible="true" version="1" changeset="39914094" timestamp="2016-06-09T18:03:04Z" user="mcheckimport" uid="893327" lat="40.5911165" lon="17.1119168"/>
 <node id="4234286395" visible="true" version="1" changeset="39914094" timestamp="2016-06-09T18:03:04Z" user="mcheckimport" uid="893327" lat="40.5911177" lon="17.1124365"/>
 <node id="4234286407" visible="true" version="1" changeset="39914094" timestamp="2016-06-09T18:03:04Z" user="mcheckimport" uid="893327" lat="40.5911212" lon="17.1126277"/>
 <node id="4234286416" visible="true" version="1" changeset="39914094" timestamp="2016-06-09T18:03:04Z" user="mcheckimport" uid="893327" lat="40.5911242" lon="17.1108336"/>
 <node id="4234286417" visible="true" version="1" changeset="39914094" timestamp="2016-06-09T18:03:05Z" user="mcheckimport" uid="893327" lat="40.5911243" lon="17.1105066"/>
 <node id="4234286423" visible="true" version="1" changeset="39914094" timestamp="2016-06-09T18:03:05Z" user="mcheckimport" uid="893327" lat="40.5911264" lon="17.1105555"/>
 <node id="4234286429" visible="true" version="1" changeset="39914094" timestamp="2016-06-09T18:03:05Z" user="mcheckimport" uid="893327" lat="40.5911283" lon="17.1118767"/>
 <node id="4234286430" visible="true" version="1" changeset="39914094" timestamp="2016-06-09T18:03:05Z" user="mcheckimport" uid="893327" lat="40.5911290" lon="17.1151359"/>
 <node id="4234286435" visible="true" version="1" changeset="39914094" timestamp="2016-06-09T18:03:05Z" user="mcheckimport" uid="893327" lat="40.5911308" lon="17.1125892"/>
 <node id="4234286438" visible="true" version="1" changeset="39914094" timestamp="2016-06-09T18:03:05Z" user="mcheckimport" uid="893327" lat="40.5911322" lon="17.1119247"/>
 <node id="4234286447" visible="true" version="1" changeset="39914094" timestamp="2016-06-09T18:03:05Z" user="mcheckimport" uid="893327" lat="40.5911347" lon="17.1123446"/>
 <node id="4234286448" visible="true" version="1" changeset="39914094" timestamp="2016-06-09T18:03:05Z" user="mcheckimport" uid="893327" lat="40.5911347" lon="17.1153225"/>
 <node id="4234286452" visible="true" version="1" changeset="39914094" timestamp="2016-06-09T18:03:05Z" user="mcheckimport" uid="893327" lat="40.5911374" lon="17.1150604"/>
 <node id="4234286462" visible="true" version="1" changeset="39914094" timestamp="2016-06-09T18:03:05Z" user="mcheckimport" uid="893327" lat="40.5911444" lon="17.1115054"/>
 <node id="4234286463" visible="true" version="1" changeset="39914094" timestamp="2016-06-09T18:03:05Z" user="mcheckimport" uid="893327" lat="40.5911444" lon="17.1151493"/>
 <node id="4234286465" visible="true" version="1" changeset="39914094" timestamp="2016-06-09T18:03:05Z" user="mcheckimport" uid="893327" lat="40.5911445" lon="17.1150199"/>
 <node id="4234286473" visible="true" version="1" changeset="39914094" timestamp="2016-06-09T18:03:05Z" user="mcheckimport" uid="893327" lat="40.5911490" lon="17.1126354"/>
 <node id="4234286478" visible="true" version="1" changeset="39914094" timestamp="2016-06-09T18:03:05Z" user="mcheckimport" uid="893327" lat="40.5911515" lon="17.1154066"/>
 <node id="4234286480" visible="true" version="1" changeset="39914094" timestamp="2016-06-09T18:03:05Z" user="mcheckimport" uid="893327" lat="40.5911519" lon="17.1129027"/>
 <node id="4234286483" visible="true" version="1" changeset="39914094" timestamp="2016-06-09T18:03:06Z" user="mcheckimport" uid="893327" lat="40.5911535" lon="17.1150026"/>
 <node id="4234286485" visible="true" version="1" changeset="39914094" timestamp="2016-06-09T18:03:06Z" user="mcheckimport" uid="893327" lat="40.5911538" lon="17.1150282"/>
 <node id="4234286487" visible="true" version="1" changeset="39914094" timestamp="2016-06-09T18:03:06Z" user="mcheckimport" uid="893327" lat="40.5911542" lon="17.1114452"/>
 <node id="4234286488" visible="true" version="1" changeset="39914094" timestamp="2016-06-09T18:03:06Z" user="mcheckimport" uid="893327" lat="40.5911545" lon="17.1114269"/>
 <node id="4234286492" visible="true" version="1" changeset="39914094" timestamp="2016-06-09T18:03:06Z" user="mcheckimport" uid="893327" lat="40.5911576" lon="17.1126007"/>
 <node id="4234286498" visible="true" version="1" changeset="39914094" timestamp="2016-06-09T18:03:06Z" user="mcheckimport" uid="893327" lat="40.5911608" lon="17.1149811"/>
 <node id="4234286500" visible="true" version="1" changeset="39914094" timestamp="2016-06-09T18:03:06Z" user="mcheckimport" uid="893327" lat="40.5911620" lon="17.1128407"/>
 <node id="4234286503" visible="true" version="1" changeset="39914094" timestamp="2016-06-09T18:03:06Z" user="mcheckimport" uid="893327" lat="40.5911627" lon="17.1150107"/>
 <node id="4234286504" visible="true" version="1" changeset="39914094" timestamp="2016-06-09T18:03:06Z" user="mcheckimport" uid="893327" lat="40.5911629" lon="17.1151132"/>
 <node id="4234286505" visible="true" version="1" changeset="39914094" timestamp="2016-06-09T18:03:06Z" user="mcheckimport" uid="893327" lat="40.5911632" lon="17.1115363"/>
 <node id="4234286511" visible="true" version="1" changeset="39914094" timestamp="2016-06-09T18:03:06Z" user="mcheckimport" uid="893327" lat="40.5911656" lon="17.1123648"/>
 <node id="4234286512" visible="true" version="1" changeset="39914094" timestamp="2016-06-09T18:03:06Z" user="mcheckimport" uid="893327" lat="40.5911661" lon="17.1131751"/>
 <node id="4234286516" visible="true" version="1" changeset="39914094" timestamp="2016-06-09T18:03:06Z" user="mcheckimport" uid="893327" lat="40.5911674" lon="17.1123550"/>
 <node id="4234286517" visible="true" version="1" changeset="39914094" timestamp="2016-06-09T18:03:06Z" user="mcheckimport" uid="893327" lat="40.5911681" lon="17.1115090"/>
 <node id="4234286527" visible="true" version="1" changeset="39914094" timestamp="2016-06-09T18:03:06Z" user="mcheckimport" uid="893327" lat="40.5911727" lon="17.1109375"/>
 <node id="4234286528" visible="true" version="1" changeset="39914094" timestamp="2016-06-09T18:03:06Z" user="mcheckimport" uid="893327" lat="40.5911728" lon="17.1149916"/>
 <node id="4234286533" visible="true" version="1" changeset="39914094" timestamp="2016-06-09T18:03:06Z" user="mcheckimport" uid="893327" lat="40.5911761" lon="17.1124550"/>
 <node id="4234286538" visible="true" version="1" changeset="39914094" timestamp="2016-06-09T18:03:06Z" user="mcheckimport" uid="893327" lat="40.5911781" lon="17.1124441"/>
 <node id="4234286540" visible="true" version="1" changeset="39914094" timestamp="2016-06-09T18:03:06Z" user="mcheckimport" uid="893327" lat="40.5911785" lon="17.1149465"/>
 <node id="4234286541" visible="true" version="1" changeset="39914094" timestamp="2016-06-09T18:03:06Z" user="mcheckimport" uid="893327" lat="40.5911790" lon="17.1153500"/>
 <node id="4234286550" visible="true" version="1" changeset="39914094" timestamp="2016-06-09T18:03:07Z" user="mcheckimport" uid="893327" lat="40.5911845" lon="17.1107379"/>
 <node id="4234286552" visible="true" version="1" changeset="39914094" timestamp="2016-06-09T18:03:07Z" user="mcheckimport" uid="893327" lat="40.5911858" lon="17.1105562"/>
 <node id="4234286555" visible="true" version="1" changeset="39914094" timestamp="2016-06-09T18:03:07Z" user="mcheckimport" uid="893327" lat="40.5911872" lon="17.1112326"/>
 <node id="4234286565" visible="true" version="1" changeset="39914094" timestamp="2016-06-09T18:03:07Z" user="mcheckimport" uid="893327" lat="40.5911902" lon="17.1152080"/>
 <node id="4234286566" visible="true" version="1" changeset="39914094" timestamp="2016-06-09T18:03:07Z" user="mcheckimport" uid="893327" lat="40.5911904" lon="17.1149570"/>
 <node id="4234286581" visible="true" version="1" changeset="39914094" timestamp="2016-06-09T18:03:07Z" user="mcheckimport" uid="893327" lat="40.5911982" lon="17.1107395"/>
 <node id="4234286585" visible="true" version="1" changeset="39914094" timestamp="2016-06-09T18:03:07Z" user="mcheckimport" uid="893327" lat="40.5911994" lon="17.1108311"/>
 <node id="4234286586" visible="true" version="1" changeset="39914094" timestamp="2016-06-09T18:03:07Z" user="mcheckimport" uid="893327" lat="40.5911994" lon="17.1111857"/>
 <node id="4234286695" visible="true" version="1" changeset="39914094" timestamp="2016-06-09T18:03:07Z" user="mcheckimport" uid="893327" lat="40.5912044" lon="17.1163427"/>
 <node id="4234286696" visible="true" version="1" changeset="39914094" timestamp="2016-06-09T18:03:07Z" user="mcheckimport" uid="893327" lat="40.5912045" lon="17.1107022"/>
 <node id="4234286708" visible="true" version="1" changeset="39914094" timestamp="2016-06-09T18:03:08Z" user="mcheckimport" uid="893327" lat="40.5912103" lon="17.1149177"/>
 <node id="4234286709" visible="true" version="1" changeset="39914094" timestamp="2016-06-09T18:03:08Z" user="mcheckimport" uid="893327" lat="40.5912117" lon="17.1114449"/>
 <node id="4234286710" visible="true" version="1" changeset="39914094" timestamp="2016-06-09T18:03:08Z" user="mcheckimport" uid="893327" lat="40.5912120" lon="17.1114287"/>
 <node id="4234286711" visible="true" version="1" changeset="39914094" timestamp="2016-06-09T18:03:08Z" user="mcheckimport" uid="893327" lat="40.5912121" lon="17.1154579"/>
 <node id="4234286712" visible="true" version="1" changeset="39914094" timestamp="2016-06-09T18:03:08Z" user="mcheckimport" uid="893327" lat="40.5912124" lon="17.1163230"/>
 <node id="4234286714" visible="true" version="1" changeset="39914094" timestamp="2016-06-09T18:03:08Z" user="mcheckimport" uid="893327" lat="40.5912134" lon="17.1115490"/>
 <node id="4234286717" visible="true" version="1" changeset="39914094" timestamp="2016-06-09T18:03:08Z" user="mcheckimport" uid="893327" lat="40.5912139" lon="17.1107031"/>
 <node id="4234286722" visible="true" version="1" changeset="39914094" timestamp="2016-06-09T18:03:08Z" user="mcheckimport" uid="893327" lat="40.5912171" lon="17.1109428"/>
 <node id="4234286726" visible="true" version="1" changeset="39914094" timestamp="2016-06-09T18:03:08Z" user="mcheckimport" uid="893327" lat="40.5912180" lon="17.1108407"/>
 <node id="4234286728" visible="true" version="1" changeset="39914094" timestamp="2016-06-09T18:03:08Z" user="mcheckimport" uid="893327" lat="40.5912184" lon="17.1107624"/>
 <node id="4234286738" visible="true" version="1" changeset="39914094" timestamp="2016-06-09T18:03:08Z" user="mcheckimport" uid="893327" lat="40.5912237" lon="17.1151667"/>
 <node id="4234286741" visible="true" version="1" changeset="39914094" timestamp="2016-06-09T18:03:08Z" user="mcheckimport" uid="893327" lat="40.5912247" lon="17.1129287"/>
 <node id="4234286742" visible="true" version="1" changeset="39914094" timestamp="2016-06-09T18:03:08Z" user="mcheckimport" uid="893327" lat="40.5912256" lon="17.1124593"/>
 <node id="4234286749" visible="true" version="1" changeset="39914094" timestamp="2016-06-09T18:03:08Z" user="mcheckimport" uid="893327" lat="40.5912286" lon="17.1117796"/>
 <node id="4234286751" visible="true" version="1" changeset="39914094" timestamp="2016-06-09T18:03:08Z" user="mcheckimport" uid="893327" lat="40.5912290" lon="17.1114765"/>
 <node id="4234286756" visible="true" version="1" changeset="39914094" timestamp="2016-06-09T18:03:08Z" user="mcheckimport" uid="893327" lat="40.5912311" lon="17.1149359"/>
 <node id="4234286757" visible="true" version="1" changeset="39914094" timestamp="2016-06-09T18:03:08Z" user="mcheckimport" uid="893327" lat="40.5912315" lon="17.1163617"/>
 <node id="4234286758" visible="true" version="1" changeset="39914094" timestamp="2016-06-09T18:03:08Z" user="mcheckimport" uid="893327" lat="40.5912316" lon="17.1152426"/>
 <node id="4234286763" visible="true" version="1" changeset="39914094" timestamp="2016-06-09T18:03:09Z" user="mcheckimport" uid="893327" lat="40.5912334" lon="17.1117757"/>
 <node id="4234286764" visible="true" version="1" changeset="39914094" timestamp="2016-06-09T18:03:09Z" user="mcheckimport" uid="893327" lat="40.5912335" lon="17.1103221"/>
 <node id="4234286766" visible="true" version="1" changeset="39914094" timestamp="2016-06-09T18:03:09Z" user="mcheckimport" uid="893327" lat="40.5912357" lon="17.1154097"/>
 <node id="4234286774" visible="true" version="1" changeset="39914094" timestamp="2016-06-09T18:03:09Z" user="mcheckimport" uid="893327" lat="40.5912388" lon="17.1123880"/>
 <node id="4234286775" visible="true" version="1" changeset="39914094" timestamp="2016-06-09T18:03:09Z" user="mcheckimport" uid="893327" lat="40.5912395" lon="17.1163421"/>
 <node id="4234286781" visible="true" version="1" changeset="39914094" timestamp="2016-06-09T18:03:09Z" user="mcheckimport" uid="893327" lat="40.5912416" lon="17.1148531"/>
 <node id="4234286782" visible="true" version="1" changeset="39914094" timestamp="2016-06-09T18:03:09Z" user="mcheckimport" uid="893327" lat="40.5912421" lon="17.1109315"/>
 <node id="4234286792" visible="true" version="1" changeset="39914094" timestamp="2016-06-09T18:03:09Z" user="mcheckimport" uid="893327" lat="40.5912452" lon="17.1131246"/>
 <node id="4234286795" visible="true" version="1" changeset="39914094" timestamp="2016-06-09T18:03:09Z" user="mcheckimport" uid="893327" lat="40.5912485" lon="17.1112229"/>
 <node id="4234286796" visible="true" version="1" changeset="39914094" timestamp="2016-06-09T18:03:09Z" user="mcheckimport" uid="893327" lat="40.5912486" lon="17.1108987"/>
 <node id="4234286805" visible="true" version="1" changeset="39914094" timestamp="2016-06-09T18:03:09Z" user="mcheckimport" uid="893327" lat="40.5912516" lon="17.1150933"/>
 <node id="4234286806" visible="true" version="1" changeset="39914094" timestamp="2016-06-09T18:03:09Z" user="mcheckimport" uid="893327" lat="40.5912531" lon="17.1163623"/>
 <node id="4234286812" visible="true" version="1" changeset="39914094" timestamp="2016-06-09T18:03:09Z" user="mcheckimport" uid="893327" lat="40.5912543" lon="17.1108587"/>
 <node id="4234286813" visible="true" version="1" changeset="39914094" timestamp="2016-06-09T18:03:09Z" user="mcheckimport" uid="893327" lat="40.5912543" lon="17.1153117"/>
 <node id="4234286816" visible="true" version="1" changeset="39914094" timestamp="2016-06-09T18:03:09Z" user="mcheckimport" uid="893327" lat="40.5912553" lon="17.1117007"/>
 <node id="4234286822" visible="true" version="1" changeset="39914094" timestamp="2016-06-09T18:03:10Z" user="mcheckimport" uid="893327" lat="40.5912584" lon="17.1150992"/>
 <node id="4234286825" visible="true" version="1" changeset="39914094" timestamp="2016-06-09T18:03:10Z" user="mcheckimport" uid="893327" lat="40.5912599" lon="17.1114900"/>
 <node id="4234286828" visible="true" version="1" changeset="39914094" timestamp="2016-06-09T18:03:10Z" user="mcheckimport" uid="893327" lat="40.5912608" lon="17.1108223"/>
 <node id="4234286835" visible="true" version="1" changeset="39914094" timestamp="2016-06-09T18:03:10Z" user="mcheckimport" uid="893327" lat="40.5912635" lon="17.1127515"/>
 <node id="4234286836" visible="true" version="1" changeset="39914094" timestamp="2016-06-09T18:03:10Z" user="mcheckimport" uid="893327" lat="40.5912636" lon="17.1148726"/>
 <node id="4234286843" visible="true" version="1" changeset="39914094" timestamp="2016-06-09T18:03:10Z" user="mcheckimport" uid="893327" lat="40.5912697" lon="17.1109891"/>
 <node id="4234286846" visible="true" version="1" changeset="39914094" timestamp="2016-06-09T18:03:10Z" user="mcheckimport" uid="893327" lat="40.5912702" lon="17.1114467"/>
 <node id="4234286864" visible="true" version="1" changeset="39914094" timestamp="2016-06-09T18:03:10Z" user="mcheckimport" uid="893327" lat="40.5912786" lon="17.1109131"/>
 <node id="4234286867" visible="true" version="1" changeset="39914094" timestamp="2016-06-09T18:03:10Z" user="mcheckimport" uid="893327" lat="40.5912799" lon="17.1126750"/>
 <node id="4234286875" visible="true" version="1" changeset="39914094" timestamp="2016-06-09T18:03:10Z" user="mcheckimport" uid="893327" lat="40.5912848" lon="17.1112887"/>
 <node id="4234286878" visible="true" version="1" changeset="39914094" timestamp="2016-06-09T18:03:10Z" user="mcheckimport" uid="893327" lat="40.5912873" lon="17.1153437"/>
 <node id="4234286883" visible="true" version="1" changeset="39914094" timestamp="2016-06-09T18:03:11Z" user="mcheckimport" uid="893327" lat="40.5912892" lon="17.1108633"/>
 <node id="4234286911" visible="true" version="1" changeset="39914094" timestamp="2016-06-09T18:03:11Z" user="mcheckimport" uid="893327" lat="40.5913050" lon="17.1114366"/>
 <node id="4234286925" visible="true" version="1" changeset="39914094" timestamp="2016-06-09T18:03:11Z" user="mcheckimport" uid="893327" lat="40.5913128" lon="17.1130546"/>
 <node id="4234286930" visible="true" version="1" changeset="39914094" timestamp="2016-06-09T18:03:11Z" user="mcheckimport" uid="893327" lat="40.5913174" lon="17.1127623"/>
 <node id="4234286932" visible="true" version="1" changeset="39914094" timestamp="2016-06-09T18:03:11Z" user="mcheckimport" uid="893327" lat="40.5913182" lon="17.1145482"/>
 <node id="4234286934" visible="true" version="1" changeset="39914094" timestamp="2016-06-09T18:03:11Z" user="mcheckimport" uid="893327" lat="40.5913185" lon="17.1147032"/>
 <node id="4234286935" visible="true" version="1" changeset="39914094" timestamp="2016-06-09T18:03:11Z" user="mcheckimport" uid="893327" lat="40.5913188" lon="17.1114985"/>
 <node id="4234286942" visible="true" version="1" changeset="39914094" timestamp="2016-06-09T18:03:12Z" user="mcheckimport" uid="893327" lat="40.5913205" lon="17.1153478"/>
 <node id="4234286945" visible="true" version="1" changeset="39914094" timestamp="2016-06-09T18:03:12Z" user="mcheckimport" uid="893327" lat="40.5913211" lon="17.1112788"/>
 <node id="4234286956" visible="true" version="1" changeset="39914094" timestamp="2016-06-09T18:03:12Z" user="mcheckimport" uid="893327" lat="40.5913271" lon="17.1162017"/>
 <node id="4234286960" visible="true" version="1" changeset="39914094" timestamp="2016-06-09T18:03:12Z" user="mcheckimport" uid="893327" lat="40.5913280" lon="17.1112108"/>
 <node id="4234286964" visible="true" version="1" changeset="39914094" timestamp="2016-06-09T18:03:12Z" user="mcheckimport" uid="893327" lat="40.5913296" lon="17.1151643"/>
 <node id="4234286967" visible="true" version="1" changeset="39914094" timestamp="2016-06-09T18:03:12Z" user="mcheckimport" uid="893327" lat="40.5913311" lon="17.1126950"/>
 <node id="4234286969" visible="true" version="1" changeset="39914094" timestamp="2016-06-09T18:03:12Z" user="mcheckimport" uid="893327" lat="40.5913314" lon="17.1109623"/>
 <node id="4234286971" visible="true" version="1" changeset="39914094" timestamp="2016-06-09T18:03:12Z" user="mcheckimport" uid="893327" lat="40.5913325" lon="17.1129594"/>
 <node id="4234286974" visible="true" version="1" changeset="39914094" timestamp="2016-06-09T18:03:12Z" user="mcheckimport" uid="893327" lat="40.5913346" lon="17.1161777"/>
 <node id="4234286975" visible="true" version="1" changeset="39914094" timestamp="2016-06-09T18:03:12Z" user="mcheckimport" uid="893327" lat="40.5913348" lon="17.1106221"/>
 <node id="4234286981" visible="true" version="1" changeset="39914094" timestamp="2016-06-09T18:03:12Z" user="mcheckimport" uid="893327" lat="40.5913377" lon="17.1163894"/>
 <node id="4234286986" visible="true" version="1" changeset="39914094" timestamp="2016-06-09T18:03:12Z" user="mcheckimport" uid="893327" lat="40.5913415" lon="17.1109944"/>
 <node id="4234286987" visible="true" version="1" changeset="39914094" timestamp="2016-06-09T18:03:12Z" user="mcheckimport" uid="893327" lat="40.5913422" lon="17.1109041"/>
 <node id="4234286991" visible="true" version="1" changeset="39914094" timestamp="2016-06-09T18:03:12Z" user="mcheckimport" uid="893327" lat="40.5913448" lon="17.1110325"/>
 <node id="4234286992" visible="true" version="1" changeset="39914094" timestamp="2016-06-09T18:03:12Z" user="mcheckimport" uid="893327" lat="40.5913449" lon="17.1104148"/>
 <node id="4234286997" visible="true" version="1" changeset="39914094" timestamp="2016-06-09T18:03:12Z" user="mcheckimport" uid="893327" lat="40.5913458" lon="17.1109689"/>
 <node id="4234286998" visible="true" version="1" changeset="39914094" timestamp="2016-06-09T18:03:12Z" user="mcheckimport" uid="893327" lat="40.5913461" lon="17.1144566"/>
 <node id="4234286999" visible="true" version="1" changeset="39914094" timestamp="2016-06-09T18:03:12Z" user="mcheckimport" uid="893327" lat="40.5913468" lon="17.1153651"/>
 <node id="4234287005" visible="true" version="1" changeset="39914094" timestamp="2016-06-09T18:03:13Z" user="mcheckimport" uid="893327" lat="40.5913505" lon="17.1144848"/>
 <node id="4234287012" visible="true" version="1" changeset="39914094" timestamp="2016-06-09T18:03:13Z" user="mcheckimport" uid="893327" lat="40.5913544" lon="17.1123191"/>
 <node id="4234287015" visible="true" version="1" changeset="39914094" timestamp="2016-06-09T18:03:13Z" user="mcheckimport" uid="893327" lat="40.5913571" lon="17.1151885"/>
 <node id="4234287016" visible="true" version="1" changeset="39914094" timestamp="2016-06-09T18:03:13Z" user="mcheckimport" uid="893327" lat="40.5913573" lon="17.1113614"/>
 <node id="4234287017" visible="true" version="1" changeset="39914094" timestamp="2016-06-09T18:03:13Z" user="mcheckimport" uid="893327" lat="40.5913574" lon="17.1128977"/>
 <node id="4234287020" visible="true" version="1" changeset="39914094" timestamp="2016-06-09T18:03:13Z" user="mcheckimport" uid="893327" lat="40.5913582" lon="17.1164558"/>
 <node id="4234287023" visible="true" version="1" changeset="39914094" timestamp="2016-06-09T18:03:13Z" user="mcheckimport" uid="893327" lat="40.5913589" lon="17.1112764"/>
 <node id="4234287025" visible="true" version="1" changeset="39914094" timestamp="2016-06-09T18:03:13Z" user="mcheckimport" uid="893327" lat="40.5913592" lon="17.1161664"/>
 <node id="4234287029" visible="true" version="1" changeset="39914094" timestamp="2016-06-09T18:03:13Z" user="mcheckimport" uid="893327" lat="40.5913617" lon="17.1144191"/>
 <node id="4234287031" visible="true" version="1" changeset="39914094" timestamp="2016-06-09T18:03:13Z" user="mcheckimport" uid="893327" lat="40.5913624" lon="17.1164382"/>
 <node id="4234287034" visible="true" version="1" changeset="39914094" timestamp="2016-06-09T18:03:13Z" user="mcheckimport" uid="893327" lat="40.5913635" lon="17.1105732"/>
 <node id="4234287040" visible="true" version="1" changeset="39914094" timestamp="2016-06-09T18:03:13Z" user="mcheckimport" uid="893327" lat="40.5913656" lon="17.1162225"/>
 <node id="4234287041" visible="true" version="1" changeset="39914094" timestamp="2016-06-09T18:03:13Z" user="mcheckimport" uid="893327" lat="40.5913658" lon="17.1143403"/>
 <node id="4234287042" visible="true" version="1" changeset="39914094" timestamp="2016-06-09T18:03:13Z" user="mcheckimport" uid="893327" lat="40.5913669" lon="17.1128511"/>
 <node id="4234287045" visible="true" version="1" changeset="39914094" timestamp="2016-06-09T18:03:13Z" user="mcheckimport" uid="893327" lat="40.5913706" lon="17.1161190"/>
 <node id="4234287046" visible="true" version="1" changeset="39914094" timestamp="2016-06-09T18:03:13Z" user="mcheckimport" uid="893327" lat="40.5913708" lon="17.1164032"/>
 <node id="4234287047" visible="true" version="1" changeset="39914094" timestamp="2016-06-09T18:03:13Z" user="mcheckimport" uid="893327" lat="40.5913711" lon="17.1104169"/>
 <node id="4234287050" visible="true" version="1" changeset="39914094" timestamp="2016-06-09T18:03:13Z" user="mcheckimport" uid="893327" lat="40.5913716" lon="17.1131720"/>
 <node id="4234287054" visible="true" version="1" changeset="39914094" timestamp="2016-06-09T18:03:13Z" user="mcheckimport" uid="893327" lat="40.5913731" lon="17.1161986"/>
 <node id="4234287058" visible="true" version="1" changeset="39914094" timestamp="2016-06-09T18:03:13Z" user="mcheckimport" uid="893327" lat="40.5913752" lon="17.1122514"/>
 <node id="4234287061" visible="true" version="1" changeset="39914094" timestamp="2016-06-09T18:03:13Z" user="mcheckimport" uid="893327" lat="40.5913759" lon="17.1131522"/>
 <node id="4234287064" visible="true" version="1" changeset="39914094" timestamp="2016-06-09T18:03:14Z" user="mcheckimport" uid="893327" lat="40.5913774" lon="17.1160437"/>
 <node id="4234287066" visible="true" version="1" changeset="39914094" timestamp="2016-06-09T18:03:14Z" user="mcheckimport" uid="893327" lat="40.5913789" lon="17.1162188"/>
 <node id="4234287071" visible="true" version="1" changeset="39914094" timestamp="2016-06-09T18:03:14Z" user="mcheckimport" uid="893327" lat="40.5913806" lon="17.1112018"/>
 <node id="4234287075" visible="true" version="1" changeset="39914094" timestamp="2016-06-09T18:03:14Z" user="mcheckimport" uid="893327" lat="40.5913844" lon="17.1106262"/>
 <node id="4234287077" visible="true" version="1" changeset="39914094" timestamp="2016-06-09T18:03:14Z" user="mcheckimport" uid="893327" lat="40.5913855" lon="17.1144198"/>
 <node id="4234287079" visible="true" version="1" changeset="39914094" timestamp="2016-06-09T18:03:14Z" user="mcheckimport" uid="893327" lat="40.5913860" lon="17.1148313"/>
 <node id="4234287080" visible="true" version="1" changeset="39914094" timestamp="2016-06-09T18:03:14Z" user="mcheckimport" uid="893327" lat="40.5913863" lon="17.1160066"/>
 <node id="4234287082" visible="true" version="1" changeset="39914094" timestamp="2016-06-09T18:03:14Z" user="mcheckimport" uid="893327" lat="40.5913869" lon="17.1105751"/>
 <node id="4234287085" visible="true" version="1" changeset="39914094" timestamp="2016-06-09T18:03:14Z" user="mcheckimport" uid="893327" lat="40.5913878" lon="17.1119422"/>
 <node id="4234287091" visible="true" version="1" changeset="39914094" timestamp="2016-06-09T18:03:14Z" user="mcheckimport" uid="893327" lat="40.5913907" lon="17.1154914"/>
 <node id="4234287096" visible="true" version="1" changeset="39914094" timestamp="2016-06-09T18:03:14Z" user="mcheckimport" uid="893327" lat="40.5913927" lon="17.1148372"/>
 <node id="4234287097" visible="true" version="1" changeset="39914094" timestamp="2016-06-09T18:03:14Z" user="mcheckimport" uid="893327" lat="40.5913929" lon="17.1115816"/>
 <node id="4234287098" visible="true" version="1" changeset="39914094" timestamp="2016-06-09T18:03:14Z" user="mcheckimport" uid="893327" lat="40.5913938" lon="17.1130919"/>
 <node id="4234287099" visible="true" version="1" changeset="39914094" timestamp="2016-06-09T18:03:14Z" user="mcheckimport" uid="893327" lat="40.5913940" lon="17.1110728"/>
 <node id="4234287103" visible="true" version="1" changeset="39914094" timestamp="2016-06-09T18:03:14Z" user="mcheckimport" uid="893327" lat="40.5913951" lon="17.1119081"/>
 <node id="4234287105" visible="true" version="1" changeset="39914094" timestamp="2016-06-09T18:03:14Z" user="mcheckimport" uid="893327" lat="40.5913955" lon="17.1130840"/>
 <node id="4234287106" visible="true" version="1" changeset="39914094" timestamp="2016-06-09T18:03:14Z" user="mcheckimport" uid="893327" lat="40.5913955" lon="17.1153572"/>
 <node id="4234287110" visible="true" version="1" changeset="39914094" timestamp="2016-06-09T18:03:14Z" user="mcheckimport" uid="893327" lat="40.5913976" lon="17.1110181"/>
 <node id="4234287111" visible="true" version="1" changeset="39914094" timestamp="2016-06-09T18:03:14Z" user="mcheckimport" uid="893327" lat="40.5913976" lon="17.1148396"/>
 <node id="4234287113" visible="true" version="1" changeset="39914094" timestamp="2016-06-09T18:03:14Z" user="mcheckimport" uid="893327" lat="40.5913978" lon="17.1113627"/>
 <node id="4234287119" visible="true" version="1" changeset="39914094" timestamp="2016-06-09T18:03:14Z" user="mcheckimport" uid="893327" lat="40.5913994" lon="17.1112744"/>
 <node id="4234287124" visible="true" version="1" changeset="39914094" timestamp="2016-06-09T18:03:15Z" user="mcheckimport" uid="893327" lat="40.5914045" lon="17.1109646"/>
 <node id="4234287125" visible="true" version="1" changeset="39914094" timestamp="2016-06-09T18:03:15Z" user="mcheckimport" uid="893327" lat="40.5914057" lon="17.1141636"/>
 <node id="4234287130" visible="true" version="1" changeset="39914094" timestamp="2016-06-09T18:03:15Z" user="mcheckimport" uid="893327" lat="40.5914098" lon="17.1114977"/>
 <node id="4234287133" visible="true" version="1" changeset="39914094" timestamp="2016-06-09T18:03:15Z" user="mcheckimport" uid="893327" lat="40.5914106" lon="17.1115545"/>
 <node id="4234287134" visible="true" version="1" changeset="39914094" timestamp="2016-06-09T18:03:15Z" user="mcheckimport" uid="893327" lat="40.5914114" lon="17.1164585"/>
 <node id="4234287136" visible="true" version="1" changeset="39914094" timestamp="2016-06-09T18:03:15Z" user="mcheckimport" uid="893327" lat="40.5914119" lon="17.1115873"/>
 <node id="4234287137" visible="true" version="1" changeset="39914094" timestamp="2016-06-09T18:03:15Z" user="mcheckimport" uid="893327" lat="40.5914122" lon="17.1144474"/>
 <node id="4234287138" visible="true" version="1" changeset="39914094" timestamp="2016-06-09T18:03:15Z" user="mcheckimport" uid="893327" lat="40.5914127" lon="17.1123334"/>
 <node id="4234287141" visible="true" version="1" changeset="39914094" timestamp="2016-06-09T18:03:15Z" user="mcheckimport" uid="893327" lat="40.5914142" lon="17.1160181"/>
 <node id="4234287144" visible="true" version="1" changeset="39914094" timestamp="2016-06-09T18:03:15Z" user="mcheckimport" uid="893327" lat="40.5914150" lon="17.1141672"/>
 <node id="4234287145" visible="true" version="1" changeset="39914094" timestamp="2016-06-09T18:03:15Z" user="mcheckimport" uid="893327" lat="40.5914151" lon="17.1110247"/>
 <node id="4234287147" visible="true" version="1" changeset="39914094" timestamp="2016-06-09T18:03:15Z" user="mcheckimport" uid="893327" lat="40.5914179" lon="17.1115590"/>
 <node id="4234287148" visible="true" version="1" changeset="39914094" timestamp="2016-06-09T18:03:15Z" user="mcheckimport" uid="893327" lat="40.5914183" lon="17.1160008"/>
 <node id="4234287149" visible="true" version="1" changeset="39914094" timestamp="2016-06-09T18:03:15Z" user="mcheckimport" uid="893327" lat="40.5914185" lon="17.1162090"/>
 <node id="4234287155" visible="true" version="1" changeset="39914094" timestamp="2016-06-09T18:03:15Z" user="mcheckimport" uid="893327" lat="40.5914204" lon="17.1147949"/>
 <node id="4234287158" visible="true" version="1" changeset="39914094" timestamp="2016-06-09T18:03:15Z" user="mcheckimport" uid="893327" lat="40.5914224" lon="17.1161926"/>
 <node id="4234287159" visible="true" version="1" changeset="39914094" timestamp="2016-06-09T18:03:15Z" user="mcheckimport" uid="893327" lat="40.5914230" lon="17.1109665"/>
 <node id="4234287163" visible="true" version="1" changeset="39914094" timestamp="2016-06-09T18:03:15Z" user="mcheckimport" uid="893327" lat="40.5914241" lon="17.1114989"/>
 <node id="4234287166" visible="true" version="1" changeset="39914094" timestamp="2016-06-09T18:03:15Z" user="mcheckimport" uid="893327" lat="40.5914249" lon="17.1154732"/>
 <node id="4234287168" visible="true" version="1" changeset="39914094" timestamp="2016-06-09T18:03:15Z" user="mcheckimport" uid="893327" lat="40.5914251" lon="17.1164835"/>
 <node id="4234287169" visible="true" version="1" changeset="39914094" timestamp="2016-06-09T18:03:15Z" user="mcheckimport" uid="893327" lat="40.5914255" lon="17.1163996"/>
 <node id="4234287170" visible="true" version="1" changeset="39914094" timestamp="2016-06-09T18:03:15Z" user="mcheckimport" uid="893327" lat="40.5914257" lon="17.1150176"/>
 <node id="4234287171" visible="true" version="1" changeset="39914094" timestamp="2016-06-09T18:03:15Z" user="mcheckimport" uid="893327" lat="40.5914261" lon="17.1129619"/>
 <node id="4234287176" visible="true" version="1" changeset="39914094" timestamp="2016-06-09T18:03:15Z" user="mcheckimport" uid="893327" lat="40.5914270" lon="17.1144225"/>
 <node id="4234287184" visible="true" version="1" changeset="39914094" timestamp="2016-06-09T18:03:15Z" user="mcheckimport" uid="893327" lat="40.5914285" lon="17.1161539"/>
 <node id="4234287186" visible="true" version="1" changeset="39914094" timestamp="2016-06-09T18:03:16Z" user="mcheckimport" uid="893327" lat="40.5914307" lon="17.1129233"/>
 <node id="4234287187" visible="true" version="1" changeset="39914094" timestamp="2016-06-09T18:03:16Z" user="mcheckimport" uid="893327" lat="40.5914308" lon="17.1161440"/>
 <node id="4234287188" visible="true" version="1" changeset="39914094" timestamp="2016-06-09T18:03:16Z" user="mcheckimport" uid="893327" lat="40.5914311" lon="17.1129382"/>
 <node id="4234287190" visible="true" version="1" changeset="39914094" timestamp="2016-06-09T18:03:16Z" user="mcheckimport" uid="893327" lat="40.5914317" lon="17.1109154"/>
 <node id="4234287194" visible="true" version="1" changeset="39914094" timestamp="2016-06-09T18:03:16Z" user="mcheckimport" uid="893327" lat="40.5914361" lon="17.1161350"/>
 <node id="4234287195" visible="true" version="1" changeset="39914094" timestamp="2016-06-09T18:03:16Z" user="mcheckimport" uid="893327" lat="40.5914362" lon="17.1164375"/>
 <node id="4234287198" visible="true" version="1" changeset="39914094" timestamp="2016-06-09T18:03:16Z" user="mcheckimport" uid="893327" lat="40.5914383" lon="17.1119611"/>
 <node id="4234287199" visible="true" version="1" changeset="39914094" timestamp="2016-06-09T18:03:16Z" user="mcheckimport" uid="893327" lat="40.5914385" lon="17.1150289"/>
 <node id="4234287200" visible="true" version="1" changeset="39914094" timestamp="2016-06-09T18:03:16Z" user="mcheckimport" uid="893327" lat="40.5914388" lon="17.1129971"/>
 <node id="4234287201" visible="true" version="1" changeset="39914094" timestamp="2016-06-09T18:03:16Z" user="mcheckimport" uid="893327" lat="40.5914400" lon="17.1164056"/>
 <node id="4234287202" visible="true" version="1" changeset="39914094" timestamp="2016-06-09T18:03:16Z" user="mcheckimport" uid="893327" lat="40.5914402" lon="17.1128767"/>
 <node id="4234287207" visible="true" version="1" changeset="39914094" timestamp="2016-06-09T18:03:16Z" user="mcheckimport" uid="893327" lat="40.5914425" lon="17.1160108"/>
 <node id="4234287213" visible="true" version="1" changeset="39914094" timestamp="2016-06-09T18:03:16Z" user="mcheckimport" uid="893327" lat="40.5914447" lon="17.1129684"/>
 <node id="4234287214" visible="true" version="1" changeset="39914094" timestamp="2016-06-09T18:03:16Z" user="mcheckimport" uid="893327" lat="40.5914460" lon="17.1164416"/>
 <node id="4234287215" visible="true" version="1" changeset="39914094" timestamp="2016-06-09T18:03:16Z" user="mcheckimport" uid="893327" lat="40.5914462" lon="17.1119272"/>
 <node id="4234287216" visible="true" version="1" changeset="39914094" timestamp="2016-06-09T18:03:16Z" user="mcheckimport" uid="893327" lat="40.5914462" lon="17.1158879"/>
 <node id="4234287222" visible="true" version="1" changeset="39914094" timestamp="2016-06-09T18:03:16Z" user="mcheckimport" uid="893327" lat="40.5914481" lon="17.1149738"/>
 <node id="4234287228" visible="true" version="1" changeset="39914094" timestamp="2016-06-09T18:03:16Z" user="mcheckimport" uid="893327" lat="40.5914501" lon="17.1126211"/>
 <node id="4234287231" visible="true" version="1" changeset="39914094" timestamp="2016-06-09T18:03:16Z" user="mcheckimport" uid="893327" lat="40.5914507" lon="17.1160742"/>
 <node id="4234287233" visible="true" version="1" changeset="39914094" timestamp="2016-06-09T18:03:16Z" user="mcheckimport" uid="893327" lat="40.5914533" lon="17.1164113"/>
 <node id="4234287247" visible="true" version="1" changeset="39914094" timestamp="2016-06-09T18:03:17Z" user="mcheckimport" uid="893327" lat="40.5914599" lon="17.1121226"/>
 <node id="4234287248" visible="true" version="1" changeset="39914094" timestamp="2016-06-09T18:03:17Z" user="mcheckimport" uid="893327" lat="40.5914602" lon="17.1129761"/>
 <node id="4234287249" visible="true" version="1" changeset="39914094" timestamp="2016-06-09T18:03:17Z" user="mcheckimport" uid="893327" lat="40.5914605" lon="17.1149568"/>
 <node id="4234287254" visible="true" version="1" changeset="39914094" timestamp="2016-06-09T18:03:17Z" user="mcheckimport" uid="893327" lat="40.5914635" lon="17.1131166"/>
 <node id="4234287261" visible="true" version="1" changeset="39914094" timestamp="2016-06-09T18:03:17Z" user="mcheckimport" uid="893327" lat="40.5914651" lon="17.1130065"/>
 <node id="4234287264" visible="true" version="1" changeset="39914094" timestamp="2016-06-09T18:03:17Z" user="mcheckimport" uid="893327" lat="40.5914655" lon="17.1129505"/>
 <node id="4234287273" visible="true" version="1" changeset="39914094" timestamp="2016-06-09T18:03:17Z" user="mcheckimport" uid="893327" lat="40.5914695" lon="17.1155970"/>
 <node id="4234287275" visible="true" version="1" changeset="39914094" timestamp="2016-06-09T18:03:17Z" user="mcheckimport" uid="893327" lat="40.5914701" lon="17.1158980"/>
 <node id="4234287277" visible="true" version="1" changeset="39914094" timestamp="2016-06-09T18:03:17Z" user="mcheckimport" uid="893327" lat="40.5914707" lon="17.1129797"/>
 <node id="4234287278" visible="true" version="1" changeset="39914094" timestamp="2016-06-09T18:03:17Z" user="mcheckimport" uid="893327" lat="40.5914708" lon="17.1149480"/>
 <node id="4234287285" visible="true" version="1" changeset="39914094" timestamp="2016-06-09T18:03:17Z" user="mcheckimport" uid="893327" lat="40.5914739" lon="17.1128886"/>
 <node id="4234287288" visible="true" version="1" changeset="39914094" timestamp="2016-06-09T18:03:17Z" user="mcheckimport" uid="893327" lat="40.5914751" lon="17.1161733"/>
 <node id="4234287289" visible="true" version="1" changeset="39914094" timestamp="2016-06-09T18:03:17Z" user="mcheckimport" uid="893327" lat="40.5914754" lon="17.1162589"/>
 <node id="4234287293" visible="true" version="1" changeset="39914094" timestamp="2016-06-09T18:03:17Z" user="mcheckimport" uid="893327" lat="40.5914781" lon="17.1113215"/>
 <node id="4234287294" visible="true" version="1" changeset="39914094" timestamp="2016-06-09T18:03:17Z" user="mcheckimport" uid="893327" lat="40.5914787" lon="17.1128640"/>
 <node id="4234287295" visible="true" version="1" changeset="39914094" timestamp="2016-06-09T18:03:17Z" user="mcheckimport" uid="893327" lat="40.5914788" lon="17.1112666"/>
 <node id="4234287297" visible="true" version="1" changeset="39914094" timestamp="2016-06-09T18:03:17Z" user="mcheckimport" uid="893327" lat="40.5914793" lon="17.1122487"/>
 <node id="4234287298" visible="true" version="1" changeset="39914094" timestamp="2016-06-09T18:03:18Z" user="mcheckimport" uid="893327" lat="40.5914795" lon="17.1155466"/>
 <node id="4234287299" visible="true" version="1" changeset="39914094" timestamp="2016-06-09T18:03:18Z" user="mcheckimport" uid="893327" lat="40.5914799" lon="17.1161532"/>
 <node id="4234287300" visible="true" version="1" changeset="39914094" timestamp="2016-06-09T18:03:18Z" user="mcheckimport" uid="893327" lat="40.5914800" lon="17.1124829"/>
 <node id="4234287307" visible="true" version="1" changeset="39914094" timestamp="2016-06-09T18:03:18Z" user="mcheckimport" uid="893327" lat="40.5914847" lon="17.1130135"/>
 <node id="4234287310" visible="true" version="1" changeset="39914094" timestamp="2016-06-09T18:03:18Z" user="mcheckimport" uid="893327" lat="40.5914852" lon="17.1110319"/>
 <node id="4234287312" visible="true" version="1" changeset="39914094" timestamp="2016-06-09T18:03:18Z" user="mcheckimport" uid="893327" lat="40.5914857" lon="17.1117445"/>
 <node id="4234287313" visible="true" version="1" changeset="39914094" timestamp="2016-06-09T18:03:18Z" user="mcheckimport" uid="893327" lat="40.5914870" lon="17.1126348"/>
 <node id="4234287316" visible="true" version="1" changeset="39914094" timestamp="2016-06-09T18:03:18Z" user="mcheckimport" uid="893327" lat="40.5914902" lon="17.1128941"/>
 <node id="4234287318" visible="true" version="1" changeset="39914094" timestamp="2016-06-09T18:03:18Z" user="mcheckimport" uid="893327" lat="40.5914904" lon="17.1122275"/>
 <node id="4234287326" visible="true" version="1" changeset="39914094" timestamp="2016-06-09T18:03:18Z" user="mcheckimport" uid="893327" lat="40.5914951" lon="17.1128696"/>
 <node id="4234287327" visible="true" version="1" changeset="39914094" timestamp="2016-06-09T18:03:18Z" user="mcheckimport" uid="893327" lat="40.5914952" lon="17.1109638"/>
 <node id="4234287331" visible="true" version="1" changeset="39914094" timestamp="2016-06-09T18:03:18Z" user="mcheckimport" uid="893327" lat="40.5914961" lon="17.1110647"/>
 <node id="4234287333" visible="true" version="1" changeset="39914094" timestamp="2016-06-09T18:03:18Z" user="mcheckimport" uid="893327" lat="40.5914979" lon="17.1122654"/>
 <node id="4234287338" visible="true" version="1" changeset="39914094" timestamp="2016-06-09T18:03:18Z" user="mcheckimport" uid="893327" lat="40.5914985" lon="17.1158409"/>
 <node id="4234287339" visible="true" version="1" changeset="39914094" timestamp="2016-06-09T18:03:18Z" user="mcheckimport" uid="893327" lat="40.5914988" lon="17.1110335"/>
 <node id="4234287345" visible="true" version="1" changeset="39914094" timestamp="2016-06-09T18:03:18Z" user="mcheckimport" uid="893327" lat="40.5915002" lon="17.1137449"/>
 <node id="4234287352" visible="true" version="1" changeset="39914094" timestamp="2016-06-09T18:03:18Z" user="mcheckimport" uid="893327" lat="40.5915029" lon="17.1125610"/>
 <node id="4234287353" visible="true" version="1" changeset="39914094" timestamp="2016-06-09T18:03:19Z" user="mcheckimport" uid="893327" lat="40.5915033" lon="17.1110887"/>
 <node id="4234287358" visible="true" version="1" changeset="39914094" timestamp="2016-06-09T18:03:19Z" user="mcheckimport" uid="893327" lat="40.5915052" lon="17.1110661"/>
 <node id="4234287359" visible="true" version="1" changeset="39914094" timestamp="2016-06-09T18:03:19Z" user="mcheckimport" uid="893327" lat="40.5915052" lon="17.1162449"/>
 <node id="4234287365" visible="true" version="1" changeset="39914094" timestamp="2016-06-09T18:03:19Z" user="mcheckimport" uid="893327" lat="40.5915075" lon="17.1142611"/>
 <node id="4234287366" visible="true" version="1" changeset="39914094" timestamp="2016-06-09T18:03:19Z" user="mcheckimport" uid="893327" lat="40.5915090" lon="17.1122443"/>
 <node id="4234287367" visible="true" version="1" changeset="39914094" timestamp="2016-06-09T18:03:19Z" user="mcheckimport" uid="893327" lat="40.5915095" lon="17.1137487"/>
 <node id="4234287369" visible="true" version="1" changeset="39914094" timestamp="2016-06-09T18:03:19Z" user="mcheckimport" uid="893327" lat="40.5915102" lon="17.1158319"/>
 <node id="4234287376" visible="true" version="1" changeset="39914094" timestamp="2016-06-09T18:03:19Z" user="mcheckimport" uid="893327" lat="40.5915149" lon="17.1113236"/>
 <node id="4234287380" visible="true" version="1" changeset="39914094" timestamp="2016-06-09T18:03:19Z" user="mcheckimport" uid="893327" lat="40.5915169" lon="17.1112641"/>
 <node id="4234287384" visible="true" version="1" changeset="39914094" timestamp="2016-06-09T18:03:19Z" user="mcheckimport" uid="893327" lat="40.5915196" lon="17.1148684"/>
 <node id="4234287389" visible="true" version="1" changeset="39914094" timestamp="2016-06-09T18:03:19Z" user="mcheckimport" uid="893327" lat="40.5915224" lon="17.1132073"/>
 <node id="4234287400" visible="true" version="1" changeset="39914094" timestamp="2016-06-09T18:03:19Z" user="mcheckimport" uid="893327" lat="40.5915267" lon="17.1158356"/>
 <node id="4234287406" visible="true" version="1" changeset="39914094" timestamp="2016-06-09T18:03:19Z" user="mcheckimport" uid="893327" lat="40.5915309" lon="17.1111967"/>
 <node id="4234287408" visible="true" version="1" changeset="39914094" timestamp="2016-06-09T18:03:19Z" user="mcheckimport" uid="893327" lat="40.5915318" lon="17.1105923"/>
 <node id="4234287411" visible="true" version="1" changeset="39914094" timestamp="2016-06-09T18:03:20Z" user="mcheckimport" uid="893327" lat="40.5915327" lon="17.1110377"/>
 <node id="4234287416" visible="true" version="1" changeset="39914094" timestamp="2016-06-09T18:03:20Z" user="mcheckimport" uid="893327" lat="40.5915368" lon="17.1153993"/>
 <node id="4234287421" visible="true" version="1" changeset="39914094" timestamp="2016-06-09T18:03:20Z" user="mcheckimport" uid="893327" lat="40.5915390" lon="17.1166156"/>
 <node id="4234287422" visible="true" version="1" changeset="39914094" timestamp="2016-06-09T18:03:20Z" user="mcheckimport" uid="893327" lat="40.5915391" lon="17.1105155"/>
 <node id="4234287424" visible="true" version="1" changeset="39914094" timestamp="2016-06-09T18:03:20Z" user="mcheckimport" uid="893327" lat="40.5915398" lon="17.1135694"/>
 <node id="4234287428" visible="true" version="1" changeset="39914094" timestamp="2016-06-09T18:03:20Z" user="mcheckimport" uid="893327" lat="40.5915414" lon="17.1109794"/>
 <node id="4234287430" visible="true" version="1" changeset="39914094" timestamp="2016-06-09T18:03:20Z" user="mcheckimport" uid="893327" lat="40.5915430" lon="17.1110702"/>
 <node id="4234287431" visible="true" version="1" changeset="39914094" timestamp="2016-06-09T18:03:20Z" user="mcheckimport" uid="893327" lat="40.5915431" lon="17.1117476"/>
 <node id="4234287432" visible="true" version="1" changeset="39914094" timestamp="2016-06-09T18:03:20Z" user="mcheckimport" uid="893327" lat="40.5915438" lon="17.1115835"/>
 <node id="4234287437" visible="true" version="1" changeset="39914094" timestamp="2016-06-09T18:03:20Z" user="mcheckimport" uid="893327" lat="40.5915478" lon="17.1149123"/>
 <node id="4234287438" visible="true" version="1" changeset="39914094" timestamp="2016-06-09T18:03:20Z" user="mcheckimport" uid="893327" lat="40.5915482" lon="17.1140805"/>
 <node id="4234287441" visible="true" version="1" changeset="39914094" timestamp="2016-06-09T18:03:20Z" user="mcheckimport" uid="893327" lat="40.5915499" lon="17.1111861"/>
 <node id="4234287442" visible="true" version="1" changeset="39914094" timestamp="2016-06-09T18:03:20Z" user="mcheckimport" uid="893327" lat="40.5915506" lon="17.1108563"/>
 <node id="4234287444" visible="true" version="1" changeset="39914094" timestamp="2016-06-09T18:03:20Z" user="mcheckimport" uid="893327" lat="40.5915522" lon="17.1108301"/>
 <node id="4234287447" visible="true" version="1" changeset="39914094" timestamp="2016-06-09T18:03:24Z" user="mcheckimport" uid="893327" lat="40.5915551" lon="17.1148960"/>
 <node id="4234287451" visible="true" version="1" changeset="39914094" timestamp="2016-06-09T18:03:24Z" user="mcheckimport" uid="893327" lat="40.5915577" lon="17.1115031"/>
 <node id="4234287455" visible="true" version="1" changeset="39914094" timestamp="2016-06-09T18:03:25Z" user="mcheckimport" uid="893327" lat="40.5915598" lon="17.1119149"/>
 <node id="4234287461" visible="true" version="1" changeset="39914094" timestamp="2016-06-09T18:03:25Z" user="mcheckimport" uid="893327" lat="40.5915631" lon="17.1119773"/>
 <node id="4234287463" visible="true" version="1" changeset="39914094" timestamp="2016-06-09T18:03:25Z" user="mcheckimport" uid="893327" lat="40.5915667" lon="17.1156453"/>
 <node id="4234287464" visible="true" version="1" changeset="39914094" timestamp="2016-06-09T18:03:25Z" user="mcheckimport" uid="893327" lat="40.5915693" lon="17.1125857"/>
 <node id="4234287468" visible="true" version="1" changeset="39914094" timestamp="2016-06-09T18:03:25Z" user="mcheckimport" uid="893327" lat="40.5915715" lon="17.1118619"/>
 <node id="4234287469" visible="true" version="1" changeset="39914094" timestamp="2016-06-09T18:03:25Z" user="mcheckimport" uid="893327" lat="40.5915721" lon="17.1115149"/>
 <node id="4234287470" visible="true" version="1" changeset="39914094" timestamp="2016-06-09T18:03:25Z" user="mcheckimport" uid="893327" lat="40.5915722" lon="17.1110736"/>
 <node id="4234287473" visible="true" version="1" changeset="39914094" timestamp="2016-06-09T18:03:25Z" user="mcheckimport" uid="893327" lat="40.5915743" lon="17.1119136"/>
 <node id="4234287474" visible="true" version="1" changeset="39914094" timestamp="2016-06-09T18:03:25Z" user="mcheckimport" uid="893327" lat="40.5915743" lon="17.1149329"/>
 <node id="4234287477" visible="true" version="1" changeset="39914094" timestamp="2016-06-09T18:03:25Z" user="mcheckimport" uid="893327" lat="40.5915761" lon="17.1149240"/>
 <node id="4234287480" visible="true" version="1" changeset="39914094" timestamp="2016-06-09T18:03:25Z" user="mcheckimport" uid="893327" lat="40.5915790" lon="17.1114763"/>
 <node id="4234287486" visible="true" version="1" changeset="39914094" timestamp="2016-06-09T18:03:25Z" user="mcheckimport" uid="893327" lat="40.5915818" lon="17.1106004"/>
 <node id="4234287488" visible="true" version="1" changeset="39914094" timestamp="2016-06-09T18:03:25Z" user="mcheckimport" uid="893327" lat="40.5915833" lon="17.1139253"/>
 <node id="4234287589" visible="true" version="1" changeset="39914094" timestamp="2016-06-09T18:03:25Z" user="mcheckimport" uid="893327" lat="40.5915834" lon="17.1108600"/>
 <node id="4234287591" visible="true" version="1" changeset="39914094" timestamp="2016-06-09T18:03:25Z" user="mcheckimport" uid="893327" lat="40.5915838" lon="17.1105797"/>
 <node id="4234287592" visible="true" version="1" changeset="39914094" timestamp="2016-06-09T18:03:25Z" user="mcheckimport" uid="893327" lat="40.5915842" lon="17.1125170"/>
 <node id="4234287593" visible="true" version="1" changeset="39914094" timestamp="2016-06-09T18:03:25Z" user="mcheckimport" uid="893327" lat="40.5915850" lon="17.1108359"/>
 <node id="4234287597" visible="true" version="1" changeset="39914094" timestamp="2016-06-09T18:03:25Z" user="mcheckimport" uid="893327" lat="40.5915912" lon="17.1154125"/>
 <node id="4234287602" visible="true" version="1" changeset="39914094" timestamp="2016-06-09T18:03:25Z" user="mcheckimport" uid="893327" lat="40.5915930" lon="17.1140979"/>
 <node id="4234287605" visible="true" version="1" changeset="39914094" timestamp="2016-06-09T18:03:25Z" user="mcheckimport" uid="893327" lat="40.5915940" lon="17.1112600"/>
 <node id="4234287609" visible="true" version="1" changeset="39914094" timestamp="2016-06-09T18:03:26Z" user="mcheckimport" uid="893327" lat="40.5915961" lon="17.1111790"/>
 <node id="4234287613" visible="true" version="1" changeset="39914094" timestamp="2016-06-09T18:03:26Z" user="mcheckimport" uid="893327" lat="40.5915994" lon="17.1128550"/>
 <node id="4234287614" visible="true" version="1" changeset="39914094" timestamp="2016-06-09T18:03:26Z" user="mcheckimport" uid="893327" lat="40.5915999" lon="17.1149323"/>
 <node id="4234287619" visible="true" version="1" changeset="39914094" timestamp="2016-06-09T18:03:26Z" user="mcheckimport" uid="893327" lat="40.5916048" lon="17.1111753"/>
 <node id="4234287620" visible="true" version="1" changeset="39914094" timestamp="2016-06-09T18:03:26Z" user="mcheckimport" uid="893327" lat="40.5916060" lon="17.1167553"/>
 <node id="4234287625" visible="true" version="1" changeset="39914094" timestamp="2016-06-09T18:03:26Z" user="mcheckimport" uid="893327" lat="40.5916119" lon="17.1143017"/>
 <node id="4234287626" visible="true" version="1" changeset="39914094" timestamp="2016-06-09T18:03:26Z" user="mcheckimport" uid="893327" lat="40.5916122" lon="17.1118582"/>
 <node id="4234287627" visible="true" version="1" changeset="39914094" timestamp="2016-06-09T18:03:26Z" user="mcheckimport" uid="893327" lat="40.5916130" lon="17.1127877"/>
 <node id="4234287628" visible="true" version="1" changeset="39914094" timestamp="2016-06-09T18:03:26Z" user="mcheckimport" uid="893327" lat="40.5916139" lon="17.1105845"/>
 <node id="4234287630" visible="true" version="1" changeset="39914094" timestamp="2016-06-09T18:03:26Z" user="mcheckimport" uid="893327" lat="40.5916146" lon="17.1132435"/>
 <node id="4234287631" visible="true" version="1" changeset="39914094" timestamp="2016-06-09T18:03:26Z" user="mcheckimport" uid="893327" lat="40.5916154" lon="17.1112621"/>
 <node id="4234287633" visible="true" version="1" changeset="39914094" timestamp="2016-06-09T18:03:26Z" user="mcheckimport" uid="893327" lat="40.5916171" lon="17.1110009"/>
 <node id="4234287634" visible="true" version="1" changeset="39914094" timestamp="2016-06-09T18:03:26Z" user="mcheckimport" uid="893327" lat="40.5916183" lon="17.1119723"/>
 <node id="4234287637" visible="true" version="1" changeset="39914094" timestamp="2016-06-09T18:03:26Z" user="mcheckimport" uid="893327" lat="40.5916192" lon="17.1105286"/>
 <node id="4234287639" visible="true" version="1" changeset="39914094" timestamp="2016-06-09T18:03:26Z" user="mcheckimport" uid="893327" lat="40.5916208" lon="17.1115298"/>
 <node id="4234287640" visible="true" version="1" changeset="39914094" timestamp="2016-06-09T18:03:26Z" user="mcheckimport" uid="893327" lat="40.5916211" lon="17.1166881"/>
 <node id="4234287642" visible="true" version="1" changeset="39914094" timestamp="2016-06-09T18:03:26Z" user="mcheckimport" uid="893327" lat="40.5916222" lon="17.1116103"/>
 <node id="4234287643" visible="true" version="1" changeset="39914094" timestamp="2016-06-09T18:03:26Z" user="mcheckimport" uid="893327" lat="40.5916225" lon="17.1109550"/>
 <node id="4234287645" visible="true" version="1" changeset="39914094" timestamp="2016-06-09T18:03:26Z" user="mcheckimport" uid="893327" lat="40.5916244" lon="17.1114243"/>
 <node id="4234287646" visible="true" version="1" changeset="39914094" timestamp="2016-06-09T18:03:26Z" user="mcheckimport" uid="893327" lat="40.5916246" lon="17.1137422"/>
 <node id="4234287647" visible="true" version="1" changeset="39914094" timestamp="2016-06-09T18:03:26Z" user="mcheckimport" uid="893327" lat="40.5916250" lon="17.1145959"/>
 <node id="4234287648" visible="true" version="1" changeset="39914094" timestamp="2016-06-09T18:03:26Z" user="mcheckimport" uid="893327" lat="40.5916253" lon="17.1166498"/>
 <node id="4234287649" visible="true" version="1" changeset="39914094" timestamp="2016-06-09T18:03:26Z" user="mcheckimport" uid="893327" lat="40.5916255" lon="17.1110131"/>
 <node id="4234287651" visible="true" version="1" changeset="39914094" timestamp="2016-06-09T18:03:26Z" user="mcheckimport" uid="893327" lat="40.5916269" lon="17.1149524"/>
 <node id="4234287654" visible="true" version="1" changeset="39914094" timestamp="2016-06-09T18:03:26Z" user="mcheckimport" uid="893327" lat="40.5916274" lon="17.1167755"/>
 <node id="4234287655" visible="true" version="1" changeset="39914094" timestamp="2016-06-09T18:03:26Z" user="mcheckimport" uid="893327" lat="40.5916276" lon="17.1114910"/>
 <node id="4234287656" visible="true" version="1" changeset="39914094" timestamp="2016-06-09T18:03:26Z" user="mcheckimport" uid="893327" lat="40.5916281" lon="17.1139426"/>
 <node id="4234287658" visible="true" version="1" changeset="39914094" timestamp="2016-06-09T18:03:26Z" user="mcheckimport" uid="893327" lat="40.5916291" lon="17.1148209"/>
 <node id="4234287667" visible="true" version="1" changeset="39914094" timestamp="2016-06-09T18:03:26Z" user="mcheckimport" uid="893327" lat="40.5916361" lon="17.1113551"/>
 <node id="4234287668" visible="true" version="1" changeset="39914094" timestamp="2016-06-09T18:03:26Z" user="mcheckimport" uid="893327" lat="40.5916365" lon="17.1166011"/>
 <node id="4234287669" visible="true" version="1" changeset="39914094" timestamp="2016-06-09T18:03:26Z" user="mcheckimport" uid="893327" lat="40.5916368" lon="17.1142284"/>
 <node id="4234287671" visible="true" version="1" changeset="39914094" timestamp="2016-06-09T18:03:27Z" user="mcheckimport" uid="893327" lat="40.5916386" lon="17.1149706"/>
 <node id="4234287672" visible="true" version="1" changeset="39914094" timestamp="2016-06-09T18:03:27Z" user="mcheckimport" uid="893327" lat="40.5916410" lon="17.1114635"/>
 <node id="4234287673" visible="true" version="1" changeset="39914094" timestamp="2016-06-09T18:03:27Z" user="mcheckimport" uid="893327" lat="40.5916416" lon="17.1109562"/>
 <node id="4234287674" visible="true" version="1" changeset="39914094" timestamp="2016-06-09T18:03:27Z" user="mcheckimport" uid="893327" lat="40.5916418" lon="17.1109482"/>
 <node id="4234287675" visible="true" version="1" changeset="39914094" timestamp="2016-06-09T18:03:27Z" user="mcheckimport" uid="893327" lat="40.5916426" lon="17.1148059"/>
 <node id="4234287678" visible="true" version="1" changeset="39914094" timestamp="2016-06-09T18:03:27Z" user="mcheckimport" uid="893327" lat="40.5916439" lon="17.1111678"/>
 <node id="4234287684" visible="true" version="1" changeset="39914094" timestamp="2016-06-09T18:03:27Z" user="mcheckimport" uid="893327" lat="40.5916471" lon="17.1149708"/>
 <node id="4234287686" visible="true" version="1" changeset="39914094" timestamp="2016-06-09T18:03:27Z" user="mcheckimport" uid="893327" lat="40.5916489" lon="17.1168159"/>
 <node id="4234287693" visible="true" version="1" changeset="39914094" timestamp="2016-06-09T18:03:27Z" user="mcheckimport" uid="893327" lat="40.5916545" lon="17.1147827"/>
 <node id="4234287696" visible="true" version="1" changeset="39914094" timestamp="2016-06-09T18:03:27Z" user="mcheckimport" uid="893327" lat="40.5916556" lon="17.1114092"/>
 <node id="4234287698" visible="true" version="1" changeset="39914094" timestamp="2016-06-09T18:03:27Z" user="mcheckimport" uid="893327" lat="40.5916560" lon="17.1167955"/>
 <node id="4234287701" visible="true" version="1" changeset="39914094" timestamp="2016-06-09T18:03:27Z" user="mcheckimport" uid="893327" lat="40.5916574" lon="17.1167035"/>
 <node id="4234287702" visible="true" version="1" changeset="39914094" timestamp="2016-06-09T18:03:27Z" user="mcheckimport" uid="893327" lat="40.5916576" lon="17.1146228"/>
 <node id="4234287704" visible="true" version="1" changeset="39914094" timestamp="2016-06-09T18:03:27Z" user="mcheckimport" uid="893327" lat="40.5916587" lon="17.1110650"/>
 <node id="4234287705" visible="true" version="1" changeset="39914094" timestamp="2016-06-09T18:03:27Z" user="mcheckimport" uid="893327" lat="40.5916587" lon="17.1150058"/>
 <node id="4234287711" visible="true" version="1" changeset="39914094" timestamp="2016-06-09T18:03:27Z" user="mcheckimport" uid="893327" lat="40.5916615" lon="17.1167750"/>
 <node id="4234287715" visible="true" version="1" changeset="39914094" timestamp="2016-06-09T18:03:27Z" user="mcheckimport" uid="893327" lat="40.5916639" lon="17.1148469"/>
 <node id="4234287720" visible="true" version="1" changeset="39914094" timestamp="2016-06-09T18:03:27Z" user="mcheckimport" uid="893327" lat="40.5916644" lon="17.1115058"/>
 <node id="4234287722" visible="true" version="1" changeset="39914094" timestamp="2016-06-09T18:03:27Z" user="mcheckimport" uid="893327" lat="40.5916648" lon="17.1149913"/>
 <node id="4234287732" visible="true" version="1" changeset="39914094" timestamp="2016-06-09T18:03:27Z" user="mcheckimport" uid="893327" lat="40.5916681" lon="17.1166563"/>
 <node id="4234287733" visible="true" version="1" changeset="39914094" timestamp="2016-06-09T18:03:27Z" user="mcheckimport" uid="893327" lat="40.5916687" lon="17.1154613"/>
 <node id="4234287736" visible="true" version="1" changeset="39914094" timestamp="2016-06-09T18:03:28Z" user="mcheckimport" uid="893327" lat="40.5916699" lon="17.1146624"/>
 <node id="4234287738" visible="true" version="1" changeset="39914094" timestamp="2016-06-09T18:03:28Z" user="mcheckimport" uid="893327" lat="40.5916704" lon="17.1150194"/>
 <node id="4234287739" visible="true" version="1" changeset="39914094" timestamp="2016-06-09T18:03:28Z" user="mcheckimport" uid="893327" lat="40.5916706" lon="17.1115548"/>
 <node id="4234287745" visible="true" version="1" changeset="39914094" timestamp="2016-06-09T18:03:28Z" user="mcheckimport" uid="893327" lat="40.5916732" lon="17.1109492"/>
 <node id="4234287747" visible="true" version="1" changeset="39914094" timestamp="2016-06-09T18:03:28Z" user="mcheckimport" uid="893327" lat="40.5916735" lon="17.1109338"/>
 <node id="4234287748" visible="true" version="1" changeset="39914094" timestamp="2016-06-09T18:03:28Z" user="mcheckimport" uid="893327" lat="40.5916737" lon="17.1164565"/>
 <node id="4234287750" visible="true" version="1" changeset="39914094" timestamp="2016-06-09T18:03:28Z" user="mcheckimport" uid="893327" lat="40.5916746" lon="17.1113417"/>
 <node id="4234287753" visible="true" version="1" changeset="39914094" timestamp="2016-06-09T18:03:28Z" user="mcheckimport" uid="893327" lat="40.5916752" lon="17.1160170"/>
 <node id="4234287755" visible="true" version="1" changeset="39914094" timestamp="2016-06-09T18:03:28Z" user="mcheckimport" uid="893327" lat="40.5916767" lon="17.1146930"/>
 <node id="4234287756" visible="true" version="1" changeset="39914094" timestamp="2016-06-09T18:03:28Z" user="mcheckimport" uid="893327" lat="40.5916768" lon="17.1167111"/>
 <node id="4234287757" visible="true" version="1" changeset="39914094" timestamp="2016-06-09T18:03:28Z" user="mcheckimport" uid="893327" lat="40.5916770" lon="17.1168001"/>
 <node id="4234287760" visible="true" version="1" changeset="39914094" timestamp="2016-06-09T18:03:28Z" user="mcheckimport" uid="893327" lat="40.5916785" lon="17.1146699"/>
 <node id="4234287762" visible="true" version="1" changeset="39914094" timestamp="2016-06-09T18:03:28Z" user="mcheckimport" uid="893327" lat="40.5916792" lon="17.1146447"/>
 <node id="4234287766" visible="true" version="1" changeset="39914094" timestamp="2016-06-09T18:03:28Z" user="mcheckimport" uid="893327" lat="40.5916798" lon="17.1150056"/>
 <node id="4234287768" visible="true" version="1" changeset="39914094" timestamp="2016-06-09T18:03:28Z" user="mcheckimport" uid="893327" lat="40.5916806" lon="17.1114209"/>
 <node id="4234287771" visible="true" version="1" changeset="39914094" timestamp="2016-06-09T18:03:28Z" user="mcheckimport" uid="893327" lat="40.5916825" lon="17.1164200"/>
 <node id="4234287772" visible="true" version="1" changeset="39914094" timestamp="2016-06-09T18:03:28Z" user="mcheckimport" uid="893327" lat="40.5916839" lon="17.1113906"/>
 <node id="4234287773" visible="true" version="1" changeset="39914094" timestamp="2016-06-09T18:03:28Z" user="mcheckimport" uid="893327" lat="40.5916842" lon="17.1115187"/>
 <node id="4234287776" visible="true" version="1" changeset="39914094" timestamp="2016-06-09T18:03:28Z" user="mcheckimport" uid="893327" lat="40.5916865" lon="17.1153949"/>
 <node id="4234287777" visible="true" version="1" changeset="39914094" timestamp="2016-06-09T18:03:28Z" user="mcheckimport" uid="893327" lat="40.5916869" lon="17.1105972"/>
 <node id="4234287779" visible="true" version="1" changeset="39914094" timestamp="2016-06-09T18:03:28Z" user="mcheckimport" uid="893327" lat="40.5916875" lon="17.1166638"/>
 <node id="4234287780" visible="true" version="1" changeset="39914094" timestamp="2016-06-09T18:03:28Z" user="mcheckimport" uid="893327" lat="40.5916878" lon="17.1113743"/>
 <node id="4234287781" visible="true" version="1" changeset="39914094" timestamp="2016-06-09T18:03:28Z" user="mcheckimport" uid="893327" lat="40.5916882" lon="17.1154735"/>
 <node id="4234287784" visible="true" version="1" changeset="39914094" timestamp="2016-06-09T18:03:28Z" user="mcheckimport" uid="893327" lat="40.5916904" lon="17.1115676"/>
 <node id="4234287785" visible="true" version="1" changeset="39914094" timestamp="2016-06-09T18:03:28Z" user="mcheckimport" uid="893327" lat="40.5916908" lon="17.1105543"/>
 <node id="4234287787" visible="true" version="1" changeset="39914094" timestamp="2016-06-09T18:03:28Z" user="mcheckimport" uid="893327" lat="40.5916916" lon="17.1117365"/>
 <node id="4234287788" visible="true" version="1" changeset="39914094" timestamp="2016-06-09T18:03:28Z" user="mcheckimport" uid="893327" lat="40.5916919" lon="17.1164909"/>
 <node id="4234287790" visible="true" version="1" changeset="39914094" timestamp="2016-06-09T18:03:28Z" user="mcheckimport" uid="893327" lat="40.5916938" lon="17.1113662"/>
 <node id="4234287791" visible="true" version="1" changeset="39914094" timestamp="2016-06-09T18:03:28Z" user="mcheckimport" uid="893327" lat="40.5916945" lon="17.1124261"/>
 <node id="4234287792" visible="true" version="1" changeset="39914094" timestamp="2016-06-09T18:03:28Z" user="mcheckimport" uid="893327" lat="40.5916949" lon="17.1163758"/>
 <node id="4234287793" visible="true" version="1" changeset="39914094" timestamp="2016-06-09T18:03:28Z" user="mcheckimport" uid="893327" lat="40.5916953" lon="17.1128845"/>
 <node id="4234287795" visible="true" version="1" changeset="39914094" timestamp="2016-06-09T18:03:29Z" user="mcheckimport" uid="893327" lat="40.5916959" lon="17.1144701"/>
 <node id="4234287796" visible="true" version="1" changeset="39914094" timestamp="2016-06-09T18:03:29Z" user="mcheckimport" uid="893327" lat="40.5916962" lon="17.1159437"/>
 <node id="4234287797" visible="true" version="1" changeset="39914094" timestamp="2016-06-09T18:03:29Z" user="mcheckimport" uid="893327" lat="40.5916969" lon="17.1166250"/>
 <node id="4234287800" visible="true" version="1" changeset="39914094" timestamp="2016-06-09T18:03:29Z" user="mcheckimport" uid="893327" lat="40.5916977" lon="17.1115240"/>
 <node id="4234287801" visible="true" version="1" changeset="39914094" timestamp="2016-06-09T18:03:29Z" user="mcheckimport" uid="893327" lat="40.5916977" lon="17.1164665"/>
 <node id="4234287802" visible="true" version="1" changeset="39914094" timestamp="2016-06-09T18:03:29Z" user="mcheckimport" uid="893327" lat="40.5916999" lon="17.1166119"/>
 <node id="4234287806" visible="true" version="1" changeset="39914094" timestamp="2016-06-09T18:03:29Z" user="mcheckimport" uid="893327" lat="40.5917040" lon="17.1153594"/>
 <node id="4234287808" visible="true" version="1" changeset="39914094" timestamp="2016-06-09T18:03:29Z" user="mcheckimport" uid="893327" lat="40.5917043" lon="17.1115065"/>
 <node id="4234287810" visible="true" version="1" changeset="39914094" timestamp="2016-06-09T18:03:29Z" user="mcheckimport" uid="893327" lat="40.5917050" lon="17.1110664"/>
 <node id="4234287812" visible="true" version="1" changeset="39914094" timestamp="2016-06-09T18:03:29Z" user="mcheckimport" uid="893327" lat="40.5917051" lon="17.1115287"/>
 <node id="4234287813" visible="true" version="1" changeset="39914094" timestamp="2016-06-09T18:03:29Z" user="mcheckimport" uid="893327" lat="40.5917074" lon="17.1109349"/>
 <node id="4234287814" visible="true" version="1" changeset="39914094" timestamp="2016-06-09T18:03:29Z" user="mcheckimport" uid="893327" lat="40.5917075" lon="17.1114944"/>
 <node id="4234287815" visible="true" version="1" changeset="39914094" timestamp="2016-06-09T18:03:29Z" user="mcheckimport" uid="893327" lat="40.5917079" lon="17.1164975"/>
 <node id="4234287818" visible="true" version="1" changeset="39914094" timestamp="2016-06-09T18:03:29Z" user="mcheckimport" uid="893327" lat="40.5917089" lon="17.1166705"/>
 <node id="4234287822" visible="true" version="2" changeset="50052445" timestamp="2017-07-05T08:24:05Z" user="landfahrer" uid="1069176" lat="40.5917102" lon="17.1131738"/>
 <node id="4234287825" visible="true" version="1" changeset="39914094" timestamp="2016-06-09T18:03:29Z" user="mcheckimport" uid="893327" lat="40.5917124" lon="17.1120975"/>
 <node id="4234287826" visible="true" version="1" changeset="39914094" timestamp="2016-06-09T18:03:29Z" user="mcheckimport" uid="893327" lat="40.5917124" lon="17.1128084"/>
 <node id="4234287827" visible="true" version="1" changeset="39914094" timestamp="2016-06-09T18:03:29Z" user="mcheckimport" uid="893327" lat="40.5917132" lon="17.1113118"/>
 <node id="4234287832" visible="true" version="1" changeset="39914094" timestamp="2016-06-09T18:03:29Z" user="mcheckimport" uid="893327" lat="40.5917150" lon="17.1106017"/>
 <node id="4234287833" visible="true" version="2" changeset="50052445" timestamp="2017-07-05T08:24:05Z" user="landfahrer" uid="1069176" lat="40.5917148" lon="17.1132031"/>
 <node id="4234287834" visible="true" version="1" changeset="39914094" timestamp="2016-06-09T18:03:29Z" user="mcheckimport" uid="893327" lat="40.5917160" lon="17.1153540"/>
 <node id="4234287835" visible="true" version="1" changeset="39914094" timestamp="2016-06-09T18:03:29Z" user="mcheckimport" uid="893327" lat="40.5917172" lon="17.1164593"/>
 <node id="4234287837" visible="true" version="1" changeset="39914094" timestamp="2016-06-09T18:03:29Z" user="mcheckimport" uid="893327" lat="40.5917174" lon="17.1138419"/>
 <node id="4234287840" visible="true" version="1" changeset="39914094" timestamp="2016-06-09T18:03:29Z" user="mcheckimport" uid="893327" lat="40.5917185" lon="17.1166177"/>
 <node id="4234287842" visible="true" version="1" changeset="39914094" timestamp="2016-06-09T18:03:29Z" user="mcheckimport" uid="893327" lat="40.5917190" lon="17.1105588"/>
 <node id="4234287844" visible="true" version="1" changeset="39914094" timestamp="2016-06-09T18:03:29Z" user="mcheckimport" uid="893327" lat="40.5917201" lon="17.1107848"/>
 <node id="4234287845" visible="true" version="2" changeset="50052445" timestamp="2017-07-05T08:24:05Z" user="landfahrer" uid="1069176" lat="40.5917202" lon="17.1131775"/>
 <node id="4234287846" visible="true" version="1" changeset="39914094" timestamp="2016-06-09T18:03:29Z" user="mcheckimport" uid="893327" lat="40.5917205" lon="17.1113479"/>
 <node id="4234287847" visible="true" version="1" changeset="39914094" timestamp="2016-06-09T18:03:29Z" user="mcheckimport" uid="893327" lat="40.5917205" lon="17.1143439"/>
 <node id="4234287849" visible="true" version="1" changeset="39914094" timestamp="2016-06-09T18:03:29Z" user="mcheckimport" uid="893327" lat="40.5917215" lon="17.1107702"/>
 <node id="4234287855" visible="true" version="1" changeset="39914094" timestamp="2016-06-09T18:03:30Z" user="mcheckimport" uid="893327" lat="40.5917244" lon="17.1158217"/>
 <node id="4234287858" visible="true" version="1" changeset="39914094" timestamp="2016-06-09T18:03:30Z" user="mcheckimport" uid="893327" lat="40.5917255" lon="17.1153453"/>
 <node id="4234287859" visible="true" version="1" changeset="39914094" timestamp="2016-06-09T18:03:30Z" user="mcheckimport" uid="893327" lat="40.5917269" lon="17.1152620"/>
 <node id="4234287861" visible="true" version="2" changeset="50052445" timestamp="2017-07-05T08:24:05Z" user="landfahrer" uid="1069176" lat="40.5917274" lon="17.1132076"/>
 <node id="4234287862" visible="true" version="1" changeset="39914094" timestamp="2016-06-09T18:03:30Z" user="mcheckimport" uid="893327" lat="40.5917276" lon="17.1168036"/>
 <node id="4234287864" visible="true" version="2" changeset="50052445" timestamp="2017-07-05T08:24:05Z" user="landfahrer" uid="1069176" lat="40.5917278" lon="17.1130894"/>
 <node id="4234287867" visible="true" version="1" changeset="39914094" timestamp="2016-06-09T18:03:30Z" user="mcheckimport" uid="893327" lat="40.5917298" lon="17.1137831"/>
 <node id="4234287870" visible="true" version="1" changeset="39914094" timestamp="2016-06-09T18:03:30Z" user="mcheckimport" uid="893327" lat="40.5917315" lon="17.1157912"/>
 <node id="4234287871" visible="true" version="1" changeset="39914094" timestamp="2016-06-09T18:03:30Z" user="mcheckimport" uid="893327" lat="40.5917316" lon="17.1162141"/>
 <node id="4234287872" visible="true" version="1" changeset="39914094" timestamp="2016-06-09T18:03:30Z" user="mcheckimport" uid="893327" lat="40.5917331" lon="17.1150749"/>
 <node id="4234287873" visible="true" version="1" changeset="39914094" timestamp="2016-06-09T18:03:30Z" user="mcheckimport" uid="893327" lat="40.5917333" lon="17.1153353"/>
 <node id="4234287874" visible="true" version="1" changeset="39914094" timestamp="2016-06-09T18:03:30Z" user="mcheckimport" uid="893327" lat="40.5917336" lon="17.1164661"/>
 <node id="4234287876" visible="true" version="1" changeset="39914094" timestamp="2016-06-09T18:03:30Z" user="mcheckimport" uid="893327" lat="40.5917356" lon="17.1142642"/>
 <node id="4234287878" visible="true" version="1" changeset="39914094" timestamp="2016-06-09T18:03:30Z" user="mcheckimport" uid="893327" lat="40.5917368" lon="17.1145201"/>
 <node id="4234287879" visible="true" version="1" changeset="39914094" timestamp="2016-06-09T18:03:30Z" user="mcheckimport" uid="893327" lat="40.5917369" lon="17.1144844"/>
 <node id="4234287880" visible="true" version="1" changeset="39914094" timestamp="2016-06-09T18:03:30Z" user="mcheckimport" uid="893327" lat="40.5917378" lon="17.1153209"/>
 <node id="4234287882" visible="true" version="1" changeset="39914094" timestamp="2016-06-09T18:03:30Z" user="mcheckimport" uid="893327" lat="40.5917390" lon="17.1152884"/>
 <node id="4234287883" visible="true" version="1" changeset="39914094" timestamp="2016-06-09T18:03:30Z" user="mcheckimport" uid="893327" lat="40.5917391" lon="17.1164436"/>
 <node id="4234287885" visible="true" version="1" changeset="39914094" timestamp="2016-06-09T18:03:30Z" user="mcheckimport" uid="893327" lat="40.5917397" lon="17.1153019"/>
 <node id="4234287886" visible="true" version="1" changeset="39914094" timestamp="2016-06-09T18:03:30Z" user="mcheckimport" uid="893327" lat="40.5917401" lon="17.1158279"/>
 <node id="4234287891" visible="true" version="1" changeset="39914094" timestamp="2016-06-09T18:03:30Z" user="mcheckimport" uid="893327" lat="40.5917423" lon="17.1151740"/>
 <node id="4234287892" visible="true" version="1" changeset="39914094" timestamp="2016-06-09T18:03:30Z" user="mcheckimport" uid="893327" lat="40.5917427" lon="17.1150550"/>
 <node id="4234287893" visible="true" version="1" changeset="39914094" timestamp="2016-06-09T18:03:30Z" user="mcheckimport" uid="893327" lat="40.5917427" lon="17.1162183"/>
 <node id="4234287896" visible="true" version="1" changeset="39914094" timestamp="2016-06-09T18:03:30Z" user="mcheckimport" uid="893327" lat="40.5917449" lon="17.1108543"/>
 <node id="4234287898" visible="true" version="1" changeset="39914094" timestamp="2016-06-09T18:03:30Z" user="mcheckimport" uid="893327" lat="40.5917463" lon="17.1164004"/>
 <node id="4234287902" visible="true" version="1" changeset="39914094" timestamp="2016-06-09T18:03:30Z" user="mcheckimport" uid="893327" lat="40.5917471" lon="17.1157974"/>
 <node id="4234287903" visible="true" version="1" changeset="39914094" timestamp="2016-06-09T18:03:30Z" user="mcheckimport" uid="893327" lat="40.5917472" lon="17.1117118"/>
 <node id="4234287905" visible="true" version="1" changeset="39914094" timestamp="2016-06-09T18:03:30Z" user="mcheckimport" uid="893327" lat="40.5917474" lon="17.1168078"/>
 <node id="4234287909" visible="true" version="1" changeset="39914094" timestamp="2016-06-09T18:03:30Z" user="mcheckimport" uid="893327" lat="40.5917498" lon="17.1107868"/>
 <node id="4234287911" visible="true" version="1" changeset="39914094" timestamp="2016-06-09T18:03:30Z" user="mcheckimport" uid="893327" lat="40.5917505" lon="17.1130962"/>
 <node id="4234287913" visible="true" version="1" changeset="39914094" timestamp="2016-06-09T18:03:30Z" user="mcheckimport" uid="893327" lat="40.5917510" lon="17.1107750"/>
 <node id="4234287915" visible="true" version="1" changeset="39914094" timestamp="2016-06-09T18:03:30Z" user="mcheckimport" uid="893327" lat="40.5917518" lon="17.1112285"/>
 <node id="4234287917" visible="true" version="1" changeset="39914094" timestamp="2016-06-09T18:03:30Z" user="mcheckimport" uid="893327" lat="40.5917534" lon="17.1118001"/>
 <node id="4234287920" visible="true" version="1" changeset="39914094" timestamp="2016-06-09T18:03:31Z" user="mcheckimport" uid="893327" lat="40.5917545" lon="17.1138272"/>
 <node id="4234287921" visible="true" version="1" changeset="39914094" timestamp="2016-06-09T18:03:31Z" user="mcheckimport" uid="893327" lat="40.5917556" lon="17.1118336"/>
 <node id="4234287928" visible="true" version="1" changeset="39914094" timestamp="2016-06-09T18:03:31Z" user="mcheckimport" uid="893327" lat="40.5917586" lon="17.1168300"/>
 <node id="4234287931" visible="true" version="1" changeset="39914094" timestamp="2016-06-09T18:03:31Z" user="mcheckimport" uid="893327" lat="40.5917596" lon="17.1161438"/>
 <node id="4234287933" visible="true" version="1" changeset="39914094" timestamp="2016-06-09T18:03:31Z" user="mcheckimport" uid="893327" lat="40.5917602" lon="17.1137949"/>
 <node id="4234287935" visible="true" version="1" changeset="39914094" timestamp="2016-06-09T18:03:31Z" user="mcheckimport" uid="893327" lat="40.5917614" lon="17.1151897"/>
 <node id="4234287936" visible="true" version="1" changeset="39914094" timestamp="2016-06-09T18:03:31Z" user="mcheckimport" uid="893327" lat="40.5917614" lon="17.1163465"/>
 <node id="4234287940" visible="true" version="1" changeset="39914094" timestamp="2016-06-09T18:03:31Z" user="mcheckimport" uid="893327" lat="40.5917617" lon="17.1119236"/>
 <node id="4234287943" visible="true" version="1" changeset="39914094" timestamp="2016-06-09T18:03:31Z" user="mcheckimport" uid="893327" lat="40.5917627" lon="17.1130389"/>
 <node id="4234287945" visible="true" version="1" changeset="39914094" timestamp="2016-06-09T18:03:31Z" user="mcheckimport" uid="893327" lat="40.5917652" lon="17.1119732"/>
 <node id="4234287946" visible="true" version="1" changeset="39914094" timestamp="2016-06-09T18:03:31Z" user="mcheckimport" uid="893327" lat="40.5917667" lon="17.1144960"/>
 <node id="4234287950" visible="true" version="1" changeset="39914094" timestamp="2016-06-09T18:03:31Z" user="mcheckimport" uid="893327" lat="40.5917693" lon="17.1109619"/>
 <node id="4234287952" visible="true" version="1" changeset="39914094" timestamp="2016-06-09T18:03:31Z" user="mcheckimport" uid="893327" lat="40.5917711" lon="17.1149485"/>
 <node id="4234287956" visible="true" version="1" changeset="39914094" timestamp="2016-06-09T18:03:31Z" user="mcheckimport" uid="893327" lat="40.5917728" lon="17.1120840"/>
 <node id="4234287957" visible="true" version="1" changeset="39914094" timestamp="2016-06-09T18:03:31Z" user="mcheckimport" uid="893327" lat="40.5917732" lon="17.1156110"/>
 <node id="4234287958" visible="true" version="1" changeset="39914094" timestamp="2016-06-09T18:03:31Z" user="mcheckimport" uid="893327" lat="40.5917733" lon="17.1167631"/>
 <node id="4234287960" visible="true" version="1" changeset="39914094" timestamp="2016-06-09T18:03:31Z" user="mcheckimport" uid="893327" lat="40.5917736" lon="17.1151083"/>
 <node id="4234287963" visible="true" version="1" changeset="39914094" timestamp="2016-06-09T18:03:31Z" user="mcheckimport" uid="893327" lat="40.5917749" lon="17.1162886"/>
 <node id="4234287971" visible="true" version="1" changeset="39914094" timestamp="2016-06-09T18:03:31Z" user="mcheckimport" uid="893327" lat="40.5917802" lon="17.1163555"/>
 <node id="4234287974" visible="true" version="1" changeset="39914094" timestamp="2016-06-09T18:03:31Z" user="mcheckimport" uid="893327" lat="40.5917818" lon="17.1111517"/>
 <node id="4234287975" visible="true" version="1" changeset="39914094" timestamp="2016-06-09T18:03:31Z" user="mcheckimport" uid="893327" lat="40.5917818" lon="17.1149105"/>
 <node id="4234287976" visible="true" version="1" changeset="39914094" timestamp="2016-06-09T18:03:31Z" user="mcheckimport" uid="893327" lat="40.5917839" lon="17.1119710"/>
 <node id="4234287978" visible="true" version="1" changeset="39914094" timestamp="2016-06-09T18:03:31Z" user="mcheckimport" uid="893327" lat="40.5917844" lon="17.1114074"/>
 <node id="4234287979" visible="true" version="1" changeset="39914094" timestamp="2016-06-09T18:03:31Z" user="mcheckimport" uid="893327" lat="40.5917853" lon="17.1114557"/>
 <node id="4234287982" visible="true" version="1" changeset="39914094" timestamp="2016-06-09T18:03:31Z" user="mcheckimport" uid="893327" lat="40.5917859" lon="17.1138401"/>
 <node id="4234287984" visible="true" version="1" changeset="39914094" timestamp="2016-06-09T18:03:31Z" user="mcheckimport" uid="893327" lat="40.5917864" lon="17.1162377"/>
 <node id="4234287986" visible="true" version="1" changeset="39914094" timestamp="2016-06-09T18:03:31Z" user="mcheckimport" uid="893327" lat="40.5917866" lon="17.1116342"/>
 <node id="4234287988" visible="true" version="1" changeset="39914094" timestamp="2016-06-09T18:03:31Z" user="mcheckimport" uid="893327" lat="40.5917867" lon="17.1120116"/>
 <node id="4234287991" visible="true" version="1" changeset="39914094" timestamp="2016-06-09T18:03:32Z" user="mcheckimport" uid="893327" lat="40.5917883" lon="17.1131637"/>
 <node id="4234287995" visible="true" version="1" changeset="39914094" timestamp="2016-06-09T18:03:32Z" user="mcheckimport" uid="893327" lat="40.5917896" lon="17.1163220"/>
 <node id="4234287999" visible="true" version="1" changeset="39914094" timestamp="2016-06-09T18:03:32Z" user="mcheckimport" uid="893327" lat="40.5917930" lon="17.1149698"/>
 <node id="4234288001" visible="true" version="1" changeset="39914094" timestamp="2016-06-09T18:03:32Z" user="mcheckimport" uid="893327" lat="40.5917933" lon="17.1138078"/>
 <node id="4234288002" visible="true" version="1" changeset="39914094" timestamp="2016-06-09T18:03:32Z" user="mcheckimport" uid="893327" lat="40.5917946" lon="17.1143726"/>
 <node id="4234288008" visible="true" version="1" changeset="39914094" timestamp="2016-06-09T18:03:32Z" user="mcheckimport" uid="893327" lat="40.5917967" lon="17.1124461"/>
 <node id="4234288009" visible="true" version="1" changeset="39914094" timestamp="2016-06-09T18:03:32Z" user="mcheckimport" uid="893327" lat="40.5917977" lon="17.1128425"/>
 <node id="4234288012" visible="true" version="1" changeset="39914094" timestamp="2016-06-09T18:03:32Z" user="mcheckimport" uid="893327" lat="40.5917990" lon="17.1131140"/>
 <node id="4234288013" visible="true" version="1" changeset="39914094" timestamp="2016-06-09T18:03:32Z" user="mcheckimport" uid="893327" lat="40.5917994" lon="17.1161812"/>
 <node id="4234288014" visible="true" version="1" changeset="39914094" timestamp="2016-06-09T18:03:32Z" user="mcheckimport" uid="893327" lat="40.5917996" lon="17.1130841"/>
 <node id="4234288015" visible="true" version="1" changeset="39914094" timestamp="2016-06-09T18:03:32Z" user="mcheckimport" uid="893327" lat="40.5918011" lon="17.1110517"/>
 <node id="4234288016" visible="true" version="1" changeset="39914094" timestamp="2016-06-09T18:03:32Z" user="mcheckimport" uid="893327" lat="40.5918018" lon="17.1155112"/>
 <node id="4234288018" visible="true" version="1" changeset="39914094" timestamp="2016-06-09T18:03:32Z" user="mcheckimport" uid="893327" lat="40.5918022" lon="17.1110168"/>
 <node id="4234288019" visible="true" version="1" changeset="39914094" timestamp="2016-06-09T18:03:32Z" user="mcheckimport" uid="893327" lat="40.5918041" lon="17.1161612"/>
 <node id="4234288020" visible="true" version="1" changeset="39914094" timestamp="2016-06-09T18:03:32Z" user="mcheckimport" uid="893327" lat="40.5918048" lon="17.1149205"/>
 <node id="4234288024" visible="true" version="1" changeset="39914094" timestamp="2016-06-09T18:03:32Z" user="mcheckimport" uid="893327" lat="40.5918056" lon="17.1109929"/>
 <node id="4234288025" visible="true" version="1" changeset="39914094" timestamp="2016-06-09T18:03:32Z" user="mcheckimport" uid="893327" lat="40.5918056" lon="17.1110520"/>
 <node id="4234288026" visible="true" version="1" changeset="39914094" timestamp="2016-06-09T18:03:32Z" user="mcheckimport" uid="893327" lat="40.5918059" lon="17.1130547"/>
 <node id="4234288029" visible="true" version="1" changeset="39914094" timestamp="2016-06-09T18:03:32Z" user="mcheckimport" uid="893327" lat="40.5918065" lon="17.1111477"/>
 <node id="4234288030" visible="true" version="1" changeset="39914094" timestamp="2016-06-09T18:03:32Z" user="mcheckimport" uid="893327" lat="40.5918066" lon="17.1109639"/>
 <node id="4234288034" visible="true" version="1" changeset="39914094" timestamp="2016-06-09T18:03:32Z" user="mcheckimport" uid="893327" lat="40.5918086" lon="17.1110171"/>
 <node id="4234288035" visible="true" version="1" changeset="39914094" timestamp="2016-06-09T18:03:32Z" user="mcheckimport" uid="893327" lat="40.5918090" lon="17.1149026"/>
 <node id="4234288036" visible="true" version="1" changeset="39914094" timestamp="2016-06-09T18:03:32Z" user="mcheckimport" uid="893327" lat="40.5918094" lon="17.1109930"/>
 <node id="4234288042" visible="true" version="1" changeset="39914094" timestamp="2016-06-09T18:03:32Z" user="mcheckimport" uid="893327" lat="40.5918136" lon="17.1162482"/>
 <node id="4234288043" visible="true" version="1" changeset="39914094" timestamp="2016-06-09T18:03:32Z" user="mcheckimport" uid="893327" lat="40.5918139" lon="17.1158966"/>
 <node id="4234288044" visible="true" version="1" changeset="39914094" timestamp="2016-06-09T18:03:32Z" user="mcheckimport" uid="893327" lat="40.5918150" lon="17.1127681"/>
 <node id="4234288047" visible="true" version="1" changeset="39914094" timestamp="2016-06-09T18:03:32Z" user="mcheckimport" uid="893327" lat="40.5918160" lon="17.1138838"/>
 <node id="4234288049" visible="true" version="1" changeset="39914094" timestamp="2016-06-09T18:03:32Z" user="mcheckimport" uid="893327" lat="40.5918176" lon="17.1143181"/>
 <node id="4234288051" visible="true" version="1" changeset="39914094" timestamp="2016-06-09T18:03:32Z" user="mcheckimport" uid="893327" lat="40.5918186" lon="17.1131748"/>
 <node id="4234288053" visible="true" version="1" changeset="39914094" timestamp="2016-06-09T18:03:33Z" user="mcheckimport" uid="893327" lat="40.5918193" lon="17.1115419"/>
 <node id="4234288054" visible="true" version="1" changeset="39914094" timestamp="2016-06-09T18:03:33Z" user="mcheckimport" uid="893327" lat="40.5918194" lon="17.1114053"/>
 <node id="4234288055" visible="true" version="1" changeset="39914094" timestamp="2016-06-09T18:03:33Z" user="mcheckimport" uid="893327" lat="40.5918194" lon="17.1160859"/>
 <node id="4234288056" visible="true" version="1" changeset="39914094" timestamp="2016-06-09T18:03:33Z" user="mcheckimport" uid="893327" lat="40.5918196" lon="17.1114567"/>
 <node id="4234288057" visible="true" version="1" changeset="39914094" timestamp="2016-06-09T18:03:33Z" user="mcheckimport" uid="893327" lat="40.5918199" lon="17.1114302"/>
 <node id="4234288058" visible="true" version="1" changeset="39914094" timestamp="2016-06-09T18:03:33Z" user="mcheckimport" uid="893327" lat="40.5918209" lon="17.1116259"/>
 <node id="4234288059" visible="true" version="1" changeset="39914094" timestamp="2016-06-09T18:03:33Z" user="mcheckimport" uid="893327" lat="40.5918217" lon="17.1131130"/>
 <node id="4234288060" visible="true" version="1" changeset="39914094" timestamp="2016-06-09T18:03:33Z" user="mcheckimport" uid="893327" lat="40.5918225" lon="17.1160724"/>
 <node id="4234288062" visible="true" version="1" changeset="39914094" timestamp="2016-06-09T18:03:33Z" user="mcheckimport" uid="893327" lat="40.5918228" lon="17.1145791"/>
 <node id="4234288066" visible="true" version="1" changeset="39914094" timestamp="2016-06-09T18:03:33Z" user="mcheckimport" uid="893327" lat="40.5918242" lon="17.1119289"/>
 <node id="4234288070" visible="true" version="1" changeset="39914094" timestamp="2016-06-09T18:03:33Z" user="mcheckimport" uid="893327" lat="40.5918258" lon="17.1130937"/>
 <node id="4234288072" visible="true" version="1" changeset="39914094" timestamp="2016-06-09T18:03:33Z" user="mcheckimport" uid="893327" lat="40.5918261" lon="17.1119573"/>
 <node id="4234288073" visible="true" version="1" changeset="39914094" timestamp="2016-06-09T18:03:33Z" user="mcheckimport" uid="893327" lat="40.5918265" lon="17.1161918"/>
 <node id="4234288077" visible="true" version="1" changeset="39914094" timestamp="2016-06-09T18:03:33Z" user="mcheckimport" uid="893327" lat="40.5918273" lon="17.1107009"/>
 <node id="4234288079" visible="true" version="1" changeset="39914094" timestamp="2016-06-09T18:03:33Z" user="mcheckimport" uid="893327" lat="40.5918281" lon="17.1145551"/>
 <node id="4234288080" visible="true" version="1" changeset="39914094" timestamp="2016-06-09T18:03:33Z" user="mcheckimport" uid="893327" lat="40.5918284" lon="17.1158343"/>
 <node id="4234288081" visible="true" version="1" changeset="39914094" timestamp="2016-06-09T18:03:33Z" user="mcheckimport" uid="893327" lat="40.5918296" lon="17.1138219"/>
 <node id="4234288083" visible="true" version="1" changeset="39914094" timestamp="2016-06-09T18:03:33Z" user="mcheckimport" uid="893327" lat="40.5918305" lon="17.1126930"/>
 <node id="4234288084" visible="true" version="1" changeset="39914094" timestamp="2016-06-09T18:03:33Z" user="mcheckimport" uid="893327" lat="40.5918310" lon="17.1131164"/>
 <node id="4234288085" visible="true" version="1" changeset="39914094" timestamp="2016-06-09T18:03:33Z" user="mcheckimport" uid="893327" lat="40.5918322" lon="17.1144976"/>
 <node id="4234288087" visible="true" version="1" changeset="39914094" timestamp="2016-06-09T18:03:33Z" user="mcheckimport" uid="893327" lat="40.5918334" lon="17.1106516"/>
 <node id="4234288092" visible="true" version="1" changeset="39914094" timestamp="2016-06-09T18:03:33Z" user="mcheckimport" uid="893327" lat="40.5918382" lon="17.1157867"/>
 <node id="4234288099" visible="true" version="1" changeset="39914094" timestamp="2016-06-09T18:03:33Z" user="mcheckimport" uid="893327" lat="40.5918435" lon="17.1109459"/>
 <node id="4234288100" visible="true" version="1" changeset="39914094" timestamp="2016-06-09T18:03:33Z" user="mcheckimport" uid="893327" lat="40.5918447" lon="17.1126226"/>
 <node id="4234288105" visible="true" version="1" changeset="39914094" timestamp="2016-06-09T18:03:33Z" user="mcheckimport" uid="893327" lat="40.5918469" lon="17.1157505"/>
 <node id="4234288107" visible="true" version="1" changeset="39914094" timestamp="2016-06-09T18:03:33Z" user="mcheckimport" uid="893327" lat="40.5918476" lon="17.1133202"/>
 <node id="4234288108" visible="true" version="1" changeset="39914094" timestamp="2016-06-09T18:03:33Z" user="mcheckimport" uid="893327" lat="40.5918487" lon="17.1144228"/>
 <node id="4234288112" visible="true" version="1" changeset="39914094" timestamp="2016-06-09T18:03:33Z" user="mcheckimport" uid="893327" lat="40.5918501" lon="17.1104822"/>
 <node id="4234288113" visible="true" version="1" changeset="39914094" timestamp="2016-06-09T18:03:33Z" user="mcheckimport" uid="893327" lat="40.5918509" lon="17.1119131"/>
 <node id="4234288114" visible="true" version="1" changeset="39914094" timestamp="2016-06-09T18:03:33Z" user="mcheckimport" uid="893327" lat="40.5918518" lon="17.1119256"/>
 <node id="4234288120" visible="true" version="1" changeset="39914094" timestamp="2016-06-09T18:03:33Z" user="mcheckimport" uid="893327" lat="40.5918543" lon="17.1158447"/>
 <node id="4234288123" visible="true" version="1" changeset="39914094" timestamp="2016-06-09T18:03:34Z" user="mcheckimport" uid="893327" lat="40.5918545" lon="17.1157064"/>
 <node id="4234288126" visible="true" version="1" changeset="39914094" timestamp="2016-06-09T18:03:34Z" user="mcheckimport" uid="893327" lat="40.5918548" lon="17.1118243"/>
 <node id="4234288127" visible="true" version="1" changeset="39914094" timestamp="2016-06-09T18:03:34Z" user="mcheckimport" uid="893327" lat="40.5918551" lon="17.1119539"/>
 <node id="4234288128" visible="true" version="1" changeset="39914094" timestamp="2016-06-09T18:03:34Z" user="mcheckimport" uid="893327" lat="40.5918554" lon="17.1104265"/>
 <node id="4234288129" visible="true" version="1" changeset="39914094" timestamp="2016-06-09T18:03:34Z" user="mcheckimport" uid="893327" lat="40.5918557" lon="17.1118400"/>
 <node id="4234288130" visible="true" version="1" changeset="39914094" timestamp="2016-06-09T18:03:34Z" user="mcheckimport" uid="893327" lat="40.5918558" lon="17.1111449"/>
 <node id="4234288134" visible="true" version="1" changeset="39914094" timestamp="2016-06-09T18:03:34Z" user="mcheckimport" uid="893327" lat="40.5918574" lon="17.1128564"/>
 <node id="4234288138" visible="true" version="1" changeset="39914094" timestamp="2016-06-09T18:03:34Z" user="mcheckimport" uid="893327" lat="40.5918584" lon="17.1120031"/>
 <node id="4234288141" visible="true" version="1" changeset="39914094" timestamp="2016-06-09T18:03:34Z" user="mcheckimport" uid="893327" lat="40.5918590" lon="17.1158244"/>
 <node id="4234288142" visible="true" version="1" changeset="39914094" timestamp="2016-06-09T18:03:34Z" user="mcheckimport" uid="893327" lat="40.5918609" lon="17.1161024"/>
 <node id="4234288147" visible="true" version="1" changeset="39914094" timestamp="2016-06-09T18:03:34Z" user="mcheckimport" uid="893327" lat="40.5918637" lon="17.1125473"/>
 <node id="4234288149" visible="true" version="1" changeset="39914094" timestamp="2016-06-09T18:03:34Z" user="mcheckimport" uid="893327" lat="40.5918657" lon="17.1160815"/>
 <node id="4234288153" visible="true" version="1" changeset="39914094" timestamp="2016-06-09T18:03:34Z" user="mcheckimport" uid="893327" lat="40.5918669" lon="17.1169286"/>
 <node id="4234288155" visible="true" version="1" changeset="39914094" timestamp="2016-06-09T18:03:34Z" user="mcheckimport" uid="893327" lat="40.5918679" lon="17.1156487"/>
 <node id="4234288157" visible="true" version="1" changeset="39914094" timestamp="2016-06-09T18:03:34Z" user="mcheckimport" uid="893327" lat="40.5918685" lon="17.1159184"/>
 <node id="4234288159" visible="true" version="1" changeset="39914094" timestamp="2016-06-09T18:03:34Z" user="mcheckimport" uid="893327" lat="40.5918704" lon="17.1157127"/>
 <node id="4234288160" visible="true" version="1" changeset="39914094" timestamp="2016-06-09T18:03:34Z" user="mcheckimport" uid="893327" lat="40.5918707" lon="17.1113142"/>
 <node id="4234288162" visible="true" version="1" changeset="39914094" timestamp="2016-06-09T18:03:34Z" user="mcheckimport" uid="893327" lat="40.5918718" lon="17.1113495"/>
 <node id="4234288163" visible="true" version="1" changeset="39914094" timestamp="2016-06-09T18:03:34Z" user="mcheckimport" uid="893327" lat="40.5918719" lon="17.1113888"/>
 <node id="4234288164" visible="true" version="1" changeset="39914094" timestamp="2016-06-09T18:03:34Z" user="mcheckimport" uid="893327" lat="40.5918720" lon="17.1114177"/>
 <node id="4234288166" visible="true" version="1" changeset="39914094" timestamp="2016-06-09T18:03:34Z" user="mcheckimport" uid="893327" lat="40.5918726" lon="17.1127910"/>
 <node id="4234288167" visible="true" version="1" changeset="39914094" timestamp="2016-06-09T18:03:34Z" user="mcheckimport" uid="893327" lat="40.5918734" lon="17.1114564"/>
 <node id="4234288168" visible="true" version="1" changeset="39914094" timestamp="2016-06-09T18:03:34Z" user="mcheckimport" uid="893327" lat="40.5918753" lon="17.1145140"/>
 <node id="4234288170" visible="true" version="1" changeset="39914094" timestamp="2016-06-09T18:03:34Z" user="mcheckimport" uid="893327" lat="40.5918766" lon="17.1145998"/>
 <node id="4234288171" visible="true" version="1" changeset="39914094" timestamp="2016-06-09T18:03:34Z" user="mcheckimport" uid="893327" lat="40.5918785" lon="17.1151920"/>
 <node id="4234288172" visible="true" version="1" changeset="39914094" timestamp="2016-06-09T18:03:34Z" user="mcheckimport" uid="893327" lat="40.5918789" lon="17.1166063"/>
 <node id="4234288173" visible="true" version="1" changeset="39914094" timestamp="2016-06-09T18:03:34Z" user="mcheckimport" uid="893327" lat="40.5918790" lon="17.1107120"/>
 <node id="4234288174" visible="true" version="1" changeset="39914094" timestamp="2016-06-09T18:03:34Z" user="mcheckimport" uid="893327" lat="40.5918791" lon="17.1157636"/>
 <node id="4234288175" visible="true" version="1" changeset="39914094" timestamp="2016-06-09T18:03:34Z" user="mcheckimport" uid="893327" lat="40.5918796" lon="17.1124792"/>
 <node id="4234288177" visible="true" version="1" changeset="39914094" timestamp="2016-06-09T18:03:34Z" user="mcheckimport" uid="893327" lat="40.5918818" lon="17.1115396"/>
 <node id="4234288178" visible="true" version="1" changeset="39914094" timestamp="2016-06-09T18:03:34Z" user="mcheckimport" uid="893327" lat="40.5918824" lon="17.1157494"/>
 <node id="4234288179" visible="true" version="1" changeset="39914094" timestamp="2016-06-09T18:03:34Z" user="mcheckimport" uid="893327" lat="40.5918835" lon="17.1116238"/>
 <node id="4234288180" visible="true" version="1" changeset="39914094" timestamp="2016-06-09T18:03:35Z" user="mcheckimport" uid="893327" lat="40.5918835" lon="17.1156566"/>
 <node id="4234288182" visible="true" version="1" changeset="39914094" timestamp="2016-06-09T18:03:35Z" user="mcheckimport" uid="893327" lat="40.5918850" lon="17.1114581"/>
 <node id="4234288183" visible="true" version="1" changeset="39914094" timestamp="2016-06-09T18:03:35Z" user="mcheckimport" uid="893327" lat="40.5918851" lon="17.1106627"/>
 <node id="4234288186" visible="true" version="1" changeset="39914094" timestamp="2016-06-09T18:03:35Z" user="mcheckimport" uid="893327" lat="40.5918860" lon="17.1111292"/>
 <node id="4234288188" visible="true" version="1" changeset="39914094" timestamp="2016-06-09T18:03:35Z" user="mcheckimport" uid="893327" lat="40.5918877" lon="17.1158358"/>
 <node id="4234288189" visible="true" version="1" changeset="39914094" timestamp="2016-06-09T18:03:35Z" user="mcheckimport" uid="893327" lat="40.5918882" lon="17.1118178"/>
 <node id="4234288190" visible="true" version="1" changeset="39914094" timestamp="2016-06-09T18:03:35Z" user="mcheckimport" uid="893327" lat="40.5918883" lon="17.1168177"/>
 <node id="4234288191" visible="true" version="1" changeset="39914094" timestamp="2016-06-09T18:03:35Z" user="mcheckimport" uid="893327" lat="40.5918892" lon="17.1118351"/>
 <node id="4234288194" visible="true" version="1" changeset="39914094" timestamp="2016-06-09T18:03:35Z" user="mcheckimport" uid="893327" lat="40.5918898" lon="17.1110304"/>
 <node id="4234288195" visible="true" version="1" changeset="39914094" timestamp="2016-06-09T18:03:35Z" user="mcheckimport" uid="893327" lat="40.5918904" lon="17.1154654"/>
 <node id="4234288197" visible="true" version="1" changeset="39914094" timestamp="2016-06-09T18:03:35Z" user="mcheckimport" uid="893327" lat="40.5918918" lon="17.1144392"/>
 <node id="4234288198" visible="true" version="1" changeset="39914094" timestamp="2016-06-09T18:03:35Z" user="mcheckimport" uid="893327" lat="40.5918928" lon="17.1127146"/>
 <node id="4234288206" visible="true" version="1" changeset="39914094" timestamp="2016-06-09T18:03:35Z" user="mcheckimport" uid="893327" lat="40.5918981" lon="17.1150859"/>
 <node id="4234288209" visible="true" version="1" changeset="39914094" timestamp="2016-06-09T18:03:35Z" user="mcheckimport" uid="893327" lat="40.5919004" lon="17.1104926"/>
 <node id="4234288210" visible="true" version="1" changeset="39914094" timestamp="2016-06-09T18:03:35Z" user="mcheckimport" uid="893327" lat="40.5919016" lon="17.1113059"/>
 <node id="4234288217" visible="true" version="1" changeset="39914094" timestamp="2016-06-09T18:03:35Z" user="mcheckimport" uid="893327" lat="40.5919057" lon="17.1158144"/>
 <node id="4234288218" visible="true" version="1" changeset="39914094" timestamp="2016-06-09T18:03:35Z" user="mcheckimport" uid="893327" lat="40.5919059" lon="17.1104347"/>
 <node id="4234288223" visible="true" version="1" changeset="39914094" timestamp="2016-06-09T18:03:35Z" user="mcheckimport" uid="893327" lat="40.5919070" lon="17.1126442"/>
 <node id="4234288225" visible="true" version="1" changeset="39914094" timestamp="2016-06-09T18:03:35Z" user="mcheckimport" uid="893327" lat="40.5919098" lon="17.1139143"/>
 <node id="4234288226" visible="true" version="1" changeset="39914094" timestamp="2016-06-09T18:03:35Z" user="mcheckimport" uid="893327" lat="40.5919105" lon="17.1117817"/>
 <node id="4234288228" visible="true" version="1" changeset="39914094" timestamp="2016-06-09T18:03:35Z" user="mcheckimport" uid="893327" lat="40.5919107" lon="17.1160993"/>
 <node id="4234288229" visible="true" version="1" changeset="39914094" timestamp="2016-06-09T18:03:35Z" user="mcheckimport" uid="893327" lat="40.5919109" lon="17.1113435"/>
 <node id="4234288230" visible="true" version="1" changeset="39914094" timestamp="2016-06-09T18:03:35Z" user="mcheckimport" uid="893327" lat="40.5919117" lon="17.1138537"/>
 <node id="4234288231" visible="true" version="1" changeset="39914094" timestamp="2016-06-09T18:03:35Z" user="mcheckimport" uid="893327" lat="40.5919128" lon="17.1118151"/>
 <node id="4234288235" visible="true" version="1" changeset="39914094" timestamp="2016-06-09T18:03:35Z" user="mcheckimport" uid="893327" lat="40.5919151" lon="17.1133295"/>
 <node id="4234288238" visible="true" version="1" changeset="39914094" timestamp="2016-06-09T18:03:35Z" user="mcheckimport" uid="893327" lat="40.5919172" lon="17.1135318"/>
 <node id="4234288239" visible="true" version="1" changeset="39914094" timestamp="2016-06-09T18:03:35Z" user="mcheckimport" uid="893327" lat="40.5919177" lon="17.1157638"/>
 <node id="4234288242" visible="true" version="1" changeset="39914094" timestamp="2016-06-09T18:03:35Z" user="mcheckimport" uid="893327" lat="40.5919214" lon="17.1167615"/>
 <node id="4234288244" visible="true" version="1" changeset="39914094" timestamp="2016-06-09T18:03:36Z" user="mcheckimport" uid="893327" lat="40.5919237" lon="17.1125713"/>
 <node id="4234288248" visible="true" version="1" changeset="39914094" timestamp="2016-06-09T18:03:36Z" user="mcheckimport" uid="893327" lat="40.5919253" lon="17.1151195"/>
 <node id="4234288249" visible="true" version="1" changeset="39914094" timestamp="2016-06-09T18:03:36Z" user="mcheckimport" uid="893327" lat="40.5919261" lon="17.1167326"/>
 <node id="4234288250" visible="true" version="1" changeset="39914094" timestamp="2016-06-09T18:03:36Z" user="mcheckimport" uid="893327" lat="40.5919268" lon="17.1160357"/>
 <node id="4234288251" visible="true" version="1" changeset="39914094" timestamp="2016-06-09T18:03:36Z" user="mcheckimport" uid="893327" lat="40.5919270" lon="17.1151108"/>
 <node id="4234288258" visible="true" version="1" changeset="39914094" timestamp="2016-06-09T18:03:36Z" user="mcheckimport" uid="893327" lat="40.5919286" lon="17.1134791"/>
 <node id="4234288264" visible="true" version="1" changeset="39914094" timestamp="2016-06-09T18:03:36Z" user="mcheckimport" uid="893327" lat="40.5919298" lon="17.1129599"/>
 <node id="4234288266" visible="true" version="1" changeset="39914094" timestamp="2016-06-09T18:03:36Z" user="mcheckimport" uid="893327" lat="40.5919310" lon="17.1143626"/>
 <node id="4234288267" visible="true" version="1" changeset="39914094" timestamp="2016-06-09T18:03:36Z" user="mcheckimport" uid="893327" lat="40.5919327" lon="17.1111223"/>
 <node id="4234288269" visible="true" version="1" changeset="39914094" timestamp="2016-06-09T18:03:36Z" user="mcheckimport" uid="893327" lat="40.5919328" lon="17.1111148"/>
 <node id="4234288271" visible="true" version="1" changeset="39914094" timestamp="2016-06-09T18:03:36Z" user="mcheckimport" uid="893327" lat="40.5919351" lon="17.1113841"/>
 <node id="4234288274" visible="true" version="1" changeset="39914094" timestamp="2016-06-09T18:03:36Z" user="mcheckimport" uid="893327" lat="40.5919381" lon="17.1114541"/>
 <node id="4234288275" visible="true" version="1" changeset="39914094" timestamp="2016-06-09T18:03:36Z" user="mcheckimport" uid="893327" lat="40.5919382" lon="17.1110353"/>
 <node id="4234288277" visible="true" version="1" changeset="39914094" timestamp="2016-06-09T18:03:36Z" user="mcheckimport" uid="893327" lat="40.5919407" lon="17.1137253"/>
 <node id="4234288279" visible="true" version="1" changeset="39914094" timestamp="2016-06-09T18:03:36Z" user="mcheckimport" uid="893327" lat="40.5919411" lon="17.1124992"/>
 <node id="4234288280" visible="true" version="1" changeset="39914094" timestamp="2016-06-09T18:03:36Z" user="mcheckimport" uid="893327" lat="40.5919418" lon="17.1106542"/>
 <node id="4234288281" visible="true" version="1" changeset="39914094" timestamp="2016-06-09T18:03:36Z" user="mcheckimport" uid="893327" lat="40.5919423" lon="17.1128903"/>
 <node id="4234288286" visible="true" version="1" changeset="39914094" timestamp="2016-06-09T18:03:36Z" user="mcheckimport" uid="893327" lat="40.5919449" lon="17.1136036"/>
 <node id="4234288288" visible="true" version="1" changeset="39914094" timestamp="2016-06-09T18:03:36Z" user="mcheckimport" uid="893327" lat="40.5919462" lon="17.1110015"/>
 <node id="4234288289" visible="true" version="1" changeset="39914094" timestamp="2016-06-09T18:03:36Z" user="mcheckimport" uid="893327" lat="40.5919464" lon="17.1113677"/>
 <node id="4234288290" visible="true" version="1" changeset="39914094" timestamp="2016-06-09T18:03:36Z" user="mcheckimport" uid="893327" lat="40.5919468" lon="17.1113835"/>
 <node id="4234288291" visible="true" version="1" changeset="39914094" timestamp="2016-06-09T18:03:36Z" user="mcheckimport" uid="893327" lat="40.5919487" lon="17.1105642"/>
 <node id="4234288293" visible="true" version="1" changeset="39914094" timestamp="2016-06-09T18:03:36Z" user="mcheckimport" uid="893327" lat="40.5919513" lon="17.1155209"/>
 <node id="4234288295" visible="true" version="1" changeset="39914094" timestamp="2016-06-09T18:03:36Z" user="mcheckimport" uid="893327" lat="40.5919520" lon="17.1109402"/>
 <node id="4234288296" visible="true" version="1" changeset="39914094" timestamp="2016-06-09T18:03:36Z" user="mcheckimport" uid="893327" lat="40.5919527" lon="17.1148506"/>
 <node id="4234288302" visible="true" version="1" changeset="39914094" timestamp="2016-06-09T18:03:36Z" user="mcheckimport" uid="893327" lat="40.5919572" lon="17.1135466"/>
 <node id="4234288308" visible="true" version="1" changeset="39914094" timestamp="2016-06-09T18:03:36Z" user="mcheckimport" uid="893327" lat="40.5919645" lon="17.1106195"/>
 <node id="4234288309" visible="true" version="1" changeset="39914094" timestamp="2016-06-09T18:03:37Z" user="mcheckimport" uid="893327" lat="40.5919653" lon="17.1111200"/>
 <node id="4234288310" visible="true" version="1" changeset="39914094" timestamp="2016-06-09T18:03:37Z" user="mcheckimport" uid="893327" lat="40.5919673" lon="17.1168758"/>
 <node id="4234288311" visible="true" version="1" changeset="39914094" timestamp="2016-06-09T18:03:37Z" user="mcheckimport" uid="893327" lat="40.5919685" lon="17.1105669"/>
 <node id="4234288319" visible="true" version="1" changeset="39914094" timestamp="2016-06-09T18:03:37Z" user="mcheckimport" uid="893327" lat="40.5919751" lon="17.1151476"/>
 <node id="4234288323" visible="true" version="1" changeset="39914094" timestamp="2016-06-09T18:03:37Z" user="mcheckimport" uid="893327" lat="40.5919772" lon="17.1151372"/>
 <node id="4234288327" visible="true" version="1" changeset="39914094" timestamp="2016-06-09T18:03:37Z" user="mcheckimport" uid="893327" lat="40.5919788" lon="17.1136754"/>
 <node id="4234288329" visible="true" version="1" changeset="39914094" timestamp="2016-06-09T18:03:37Z" user="mcheckimport" uid="893327" lat="40.5919809" lon="17.1107263"/>
 <node id="4234288332" visible="true" version="1" changeset="39914094" timestamp="2016-06-09T18:03:37Z" user="mcheckimport" uid="893327" lat="40.5919846" lon="17.1147056"/>
 <node id="4234288333" visible="true" version="1" changeset="39914094" timestamp="2016-06-09T18:03:37Z" user="mcheckimport" uid="893327" lat="40.5919846" lon="17.1152813"/>
 <node id="4234288334" visible="true" version="1" changeset="39914094" timestamp="2016-06-09T18:03:37Z" user="mcheckimport" uid="893327" lat="40.5919851" lon="17.1161397"/>
 <node id="4234288335" visible="true" version="1" changeset="39914094" timestamp="2016-06-09T18:03:37Z" user="mcheckimport" uid="893327" lat="40.5919860" lon="17.1106599"/>
 <node id="4234288336" visible="true" version="1" changeset="39914094" timestamp="2016-06-09T18:03:37Z" user="mcheckimport" uid="893327" lat="40.5919873" lon="17.1110077"/>
 <node id="4234288337" visible="true" version="1" changeset="39914094" timestamp="2016-06-09T18:03:37Z" user="mcheckimport" uid="893327" lat="40.5919873" lon="17.1129738"/>
 <node id="4234288338" visible="true" version="1" changeset="39914094" timestamp="2016-06-09T18:03:37Z" user="mcheckimport" uid="893327" lat="40.5919897" lon="17.1154813"/>
 <node id="4234288339" visible="true" version="1" changeset="39914094" timestamp="2016-06-09T18:03:37Z" user="mcheckimport" uid="893327" lat="40.5919901" lon="17.1165297"/>
 <node id="4234288340" visible="true" version="1" changeset="39914094" timestamp="2016-06-09T18:03:37Z" user="mcheckimport" uid="893327" lat="40.5919907" lon="17.1136206"/>
 <node id="4234288342" visible="true" version="1" changeset="39914094" timestamp="2016-06-09T18:03:37Z" user="mcheckimport" uid="893327" lat="40.5919915" lon="17.1111187"/>
 <node id="4234288346" visible="true" version="1" changeset="39914094" timestamp="2016-06-09T18:03:37Z" user="mcheckimport" uid="893327" lat="40.5919971" lon="17.1110700"/>
 <node id="4234288352" visible="true" version="1" changeset="39914094" timestamp="2016-06-09T18:03:37Z" user="mcheckimport" uid="893327" lat="40.5920001" lon="17.1117480"/>
 <node id="4234288353" visible="true" version="1" changeset="39914094" timestamp="2016-06-09T18:03:37Z" user="mcheckimport" uid="893327" lat="40.5920010" lon="17.1137625"/>
 <node id="4234288354" visible="true" version="1" changeset="39914094" timestamp="2016-06-09T18:03:37Z" user="mcheckimport" uid="893327" lat="40.5920020" lon="17.1106363"/>
 <node id="4234288355" visible="true" version="1" changeset="39914094" timestamp="2016-06-09T18:03:37Z" user="mcheckimport" uid="893327" lat="40.5920022" lon="17.1152956"/>
 <node id="4234288356" visible="true" version="1" changeset="39914094" timestamp="2016-06-09T18:03:37Z" user="mcheckimport" uid="893327" lat="40.5920022" lon="17.1160666"/>
 <node id="4234288357" visible="true" version="1" changeset="39914094" timestamp="2016-06-09T18:03:37Z" user="mcheckimport" uid="893327" lat="40.5920028" lon="17.1151759"/>
 <node id="4234288358" visible="true" version="1" changeset="39914094" timestamp="2016-06-09T18:03:37Z" user="mcheckimport" uid="893327" lat="40.5920029" lon="17.1106245"/>
 <node id="4234288360" visible="true" version="1" changeset="39914094" timestamp="2016-06-09T18:03:37Z" user="mcheckimport" uid="893327" lat="40.5920036" lon="17.1157045"/>
 <node id="4234288361" visible="true" version="1" changeset="39914094" timestamp="2016-06-09T18:03:37Z" user="mcheckimport" uid="893327" lat="40.5920040" lon="17.1118042"/>
 <node id="4234288363" visible="true" version="1" changeset="39914094" timestamp="2016-06-09T18:03:37Z" user="mcheckimport" uid="893327" lat="40.5920063" lon="17.1151582"/>
 <node id="4234288364" visible="true" version="1" changeset="39914094" timestamp="2016-06-09T18:03:37Z" user="mcheckimport" uid="893327" lat="40.5920073" lon="17.1154445"/>
 <node id="4234288365" visible="true" version="1" changeset="39914094" timestamp="2016-06-09T18:03:37Z" user="mcheckimport" uid="893327" lat="40.5920084" lon="17.1116810"/>
 <node id="4234288366" visible="true" version="1" changeset="39914094" timestamp="2016-06-09T18:03:37Z" user="mcheckimport" uid="893327" lat="40.5920094" lon="17.1109036"/>
 <node id="4234288367" visible="true" version="1" changeset="39914094" timestamp="2016-06-09T18:03:37Z" user="mcheckimport" uid="893327" lat="40.5920115" lon="17.1129020"/>
 <node id="4234288369" visible="true" version="1" changeset="39914094" timestamp="2016-06-09T18:03:37Z" user="mcheckimport" uid="893327" lat="40.5920129" lon="17.1117465"/>
 <node id="4234288371" visible="true" version="1" changeset="39914094" timestamp="2016-06-09T18:03:37Z" user="mcheckimport" uid="893327" lat="40.5920144" lon="17.1133642"/>
 <node id="4234288373" visible="true" version="1" changeset="39914094" timestamp="2016-06-09T18:03:38Z" user="mcheckimport" uid="893327" lat="40.5920151" lon="17.1110136"/>
 <node id="4234288374" visible="true" version="1" changeset="39914094" timestamp="2016-06-09T18:03:38Z" user="mcheckimport" uid="893327" lat="40.5920154" lon="17.1107309"/>
 <node id="4234288375" visible="true" version="1" changeset="39914094" timestamp="2016-06-09T18:03:38Z" user="mcheckimport" uid="893327" lat="40.5920159" lon="17.1151525"/>
 <node id="4234288376" visible="true" version="1" changeset="39914094" timestamp="2016-06-09T18:03:38Z" user="mcheckimport" uid="893327" lat="40.5920162" lon="17.1118233"/>
 <node id="4234288377" visible="true" version="1" changeset="39914094" timestamp="2016-06-09T18:03:38Z" user="mcheckimport" uid="893327" lat="40.5920169" lon="17.1136896"/>
 <node id="4234288378" visible="true" version="1" changeset="39914094" timestamp="2016-06-09T18:03:38Z" user="mcheckimport" uid="893327" lat="40.5920170" lon="17.1133508"/>
 <node id="4234288379" visible="true" version="1" changeset="39914094" timestamp="2016-06-09T18:03:38Z" user="mcheckimport" uid="893327" lat="40.5920187" lon="17.1159944"/>
 <node id="4234288385" visible="true" version="1" changeset="39914094" timestamp="2016-06-09T18:03:38Z" user="mcheckimport" uid="893327" lat="40.5920203" lon="17.1155233"/>
 <node id="4234288386" visible="true" version="1" changeset="39914094" timestamp="2016-06-09T18:03:38Z" user="mcheckimport" uid="893327" lat="40.5920207" lon="17.1163987"/>
 <node id="4234288387" visible="true" version="1" changeset="39914094" timestamp="2016-06-09T18:03:38Z" user="mcheckimport" uid="893327" lat="40.5920224" lon="17.1106391"/>
 <node id="4234288388" visible="true" version="1" changeset="39914094" timestamp="2016-06-09T18:03:38Z" user="mcheckimport" uid="893327" lat="40.5920225" lon="17.1151243"/>
 <node id="4234288489" visible="true" version="1" changeset="39914094" timestamp="2016-06-09T18:03:38Z" user="mcheckimport" uid="893327" lat="40.5920230" lon="17.1168888"/>
 <node id="4234288490" visible="true" version="1" changeset="39914094" timestamp="2016-06-09T18:03:38Z" user="mcheckimport" uid="893327" lat="40.5920231" lon="17.1139587"/>
 <node id="4234288492" visible="true" version="1" changeset="39914094" timestamp="2016-06-09T18:03:38Z" user="mcheckimport" uid="893327" lat="40.5920239" lon="17.1163127"/>
 <node id="4234288497" visible="true" version="1" changeset="39914094" timestamp="2016-06-09T18:03:38Z" user="mcheckimport" uid="893327" lat="40.5920260" lon="17.1155112"/>
 <node id="4234288499" visible="true" version="1" changeset="39914094" timestamp="2016-06-09T18:03:38Z" user="mcheckimport" uid="893327" lat="40.5920263" lon="17.1125293"/>
 <node id="4234288500" visible="true" version="1" changeset="39914094" timestamp="2016-06-09T18:03:38Z" user="mcheckimport" uid="893327" lat="40.5920265" lon="17.1168714"/>
 <node id="4234288501" visible="true" version="1" changeset="39914094" timestamp="2016-06-09T18:03:38Z" user="mcheckimport" uid="893327" lat="40.5920266" lon="17.1165956"/>
 <node id="4234288502" visible="true" version="1" changeset="39914094" timestamp="2016-06-09T18:03:38Z" user="mcheckimport" uid="893327" lat="40.5920273" lon="17.1109804"/>
 <node id="4234288503" visible="true" version="1" changeset="39914094" timestamp="2016-06-09T18:03:38Z" user="mcheckimport" uid="893327" lat="40.5920274" lon="17.1112108"/>
 <node id="4234288508" visible="true" version="1" changeset="39914094" timestamp="2016-06-09T18:03:38Z" user="mcheckimport" uid="893327" lat="40.5920306" lon="17.1159991"/>
 <node id="4234288509" visible="true" version="1" changeset="39914094" timestamp="2016-06-09T18:03:38Z" user="mcheckimport" uid="893327" lat="40.5920311" lon="17.1159341"/>
 <node id="4234288511" visible="true" version="1" changeset="39914094" timestamp="2016-06-09T18:03:38Z" user="mcheckimport" uid="893327" lat="40.5920319" lon="17.1120534"/>
 <node id="4234288513" visible="true" version="1" changeset="39914094" timestamp="2016-06-09T18:03:38Z" user="mcheckimport" uid="893327" lat="40.5920327" lon="17.1151073"/>
 <node id="4234288514" visible="true" version="1" changeset="39914094" timestamp="2016-06-09T18:03:38Z" user="mcheckimport" uid="893327" lat="40.5920336" lon="17.1163433"/>
 <node id="4234288516" visible="true" version="1" changeset="39914094" timestamp="2016-06-09T18:03:38Z" user="mcheckimport" uid="893327" lat="40.5920348" lon="17.1118006"/>
 <node id="4234288518" visible="true" version="1" changeset="39914094" timestamp="2016-06-09T18:03:38Z" user="mcheckimport" uid="893327" lat="40.5920361" lon="17.1118209"/>
 <node id="4234288522" visible="true" version="1" changeset="39914094" timestamp="2016-06-09T18:03:38Z" user="mcheckimport" uid="893327" lat="40.5920375" lon="17.1165488"/>
 <node id="4234288525" visible="true" version="1" changeset="39914094" timestamp="2016-06-09T18:03:38Z" user="mcheckimport" uid="893327" lat="40.5920379" lon="17.1113643"/>
 <node id="4234288528" visible="true" version="1" changeset="39914094" timestamp="2016-06-09T18:03:39Z" user="mcheckimport" uid="893327" lat="40.5920392" lon="17.1163188"/>
 <node id="4234288532" visible="true" version="1" changeset="39914094" timestamp="2016-06-09T18:03:39Z" user="mcheckimport" uid="893327" lat="40.5920408" lon="17.1162395"/>
 <node id="4234288535" visible="true" version="1" changeset="39914094" timestamp="2016-06-09T18:03:39Z" user="mcheckimport" uid="893327" lat="40.5920435" lon="17.1137782"/>
 <node id="4234288537" visible="true" version="1" changeset="39914094" timestamp="2016-06-09T18:03:39Z" user="mcheckimport" uid="893327" lat="40.5920443" lon="17.1159394"/>
 <node id="4234288538" visible="true" version="1" changeset="39914094" timestamp="2016-06-09T18:03:39Z" user="mcheckimport" uid="893327" lat="40.5920447" lon="17.1155433"/>
 <node id="4234288540" visible="true" version="1" changeset="39914094" timestamp="2016-06-09T18:03:39Z" user="mcheckimport" uid="893327" lat="40.5920469" lon="17.1164409"/>
 <node id="4234288542" visible="true" version="1" changeset="39914094" timestamp="2016-06-09T18:03:39Z" user="mcheckimport" uid="893327" lat="40.5920475" lon="17.1135739"/>
 <node id="4234288543" visible="true" version="1" changeset="39914094" timestamp="2016-06-09T18:03:39Z" user="mcheckimport" uid="893327" lat="40.5920485" lon="17.1155355"/>
 <node id="4234288544" visible="true" version="1" changeset="39914094" timestamp="2016-06-09T18:03:39Z" user="mcheckimport" uid="893327" lat="40.5920497" lon="17.1144247"/>
 <node id="4234288546" visible="true" version="1" changeset="39914094" timestamp="2016-06-09T18:03:39Z" user="mcheckimport" uid="893327" lat="40.5920526" lon="17.1166060"/>
 <node id="4234288548" visible="true" version="1" changeset="39914094" timestamp="2016-06-09T18:03:39Z" user="mcheckimport" uid="893327" lat="40.5920537" lon="17.1164119"/>
 <node id="4234288549" visible="true" version="1" changeset="39914094" timestamp="2016-06-09T18:03:39Z" user="mcheckimport" uid="893327" lat="40.5920541" lon="17.1151677"/>
 <node id="4234288551" visible="true" version="1" changeset="39914094" timestamp="2016-06-09T18:03:39Z" user="mcheckimport" uid="893327" lat="40.5920550" lon="17.1150176"/>
 <node id="4234288553" visible="true" version="1" changeset="39914094" timestamp="2016-06-09T18:03:39Z" user="mcheckimport" uid="893327" lat="40.5920555" lon="17.1133786"/>
 <node id="4234288556" visible="true" version="1" changeset="39914094" timestamp="2016-06-09T18:03:39Z" user="mcheckimport" uid="893327" lat="40.5920562" lon="17.1162456"/>
 <node id="4234288557" visible="true" version="1" changeset="39914094" timestamp="2016-06-09T18:03:39Z" user="mcheckimport" uid="893327" lat="40.5920565" lon="17.1136773"/>
 <node id="4234288558" visible="true" version="1" changeset="39914094" timestamp="2016-06-09T18:03:39Z" user="mcheckimport" uid="893327" lat="40.5920576" lon="17.1135272"/>
 <node id="4234288560" visible="true" version="1" changeset="39914094" timestamp="2016-06-09T18:03:39Z" user="mcheckimport" uid="893327" lat="40.5920582" lon="17.1133651"/>
 <node id="4234288561" visible="true" version="1" changeset="39914094" timestamp="2016-06-09T18:03:39Z" user="mcheckimport" uid="893327" lat="40.5920584" lon="17.1155070"/>
 <node id="4234288565" visible="true" version="1" changeset="39914094" timestamp="2016-06-09T18:03:39Z" user="mcheckimport" uid="893327" lat="40.5920605" lon="17.1164464"/>
 <node id="4234288566" visible="true" version="1" changeset="39914094" timestamp="2016-06-09T18:03:39Z" user="mcheckimport" uid="893327" lat="40.5920607" lon="17.1151396"/>
 <node id="4234288569" visible="true" version="1" changeset="39914094" timestamp="2016-06-09T18:03:39Z" user="mcheckimport" uid="893327" lat="40.5920616" lon="17.1151187"/>
 <node id="4234288570" visible="true" version="1" changeset="39914094" timestamp="2016-06-09T18:03:39Z" user="mcheckimport" uid="893327" lat="40.5920618" lon="17.1162211"/>
 <node id="4234288571" visible="true" version="1" changeset="39914094" timestamp="2016-06-09T18:03:39Z" user="mcheckimport" uid="893327" lat="40.5920630" lon="17.1136470"/>
 <node id="4234288572" visible="true" version="1" changeset="39914094" timestamp="2016-06-09T18:03:39Z" user="mcheckimport" uid="893327" lat="40.5920632" lon="17.1152289"/>
 <node id="4234288573" visible="true" version="1" changeset="39914094" timestamp="2016-06-09T18:03:39Z" user="mcheckimport" uid="893327" lat="40.5920654" lon="17.1154924"/>
 <node id="4234288574" visible="true" version="1" changeset="39914094" timestamp="2016-06-09T18:03:39Z" user="mcheckimport" uid="893327" lat="40.5920658" lon="17.1136819"/>
 <node id="4234288575" visible="true" version="1" changeset="39914094" timestamp="2016-06-09T18:03:39Z" user="mcheckimport" uid="893327" lat="40.5920665" lon="17.1110165"/>
 <node id="4234288577" visible="true" version="1" changeset="39914094" timestamp="2016-06-09T18:03:39Z" user="mcheckimport" uid="893327" lat="40.5920684" lon="17.1109858"/>
 <node id="4234288579" visible="true" version="1" changeset="39914094" timestamp="2016-06-09T18:03:39Z" user="mcheckimport" uid="893327" lat="40.5920711" lon="17.1162788"/>
 <node id="4234288581" visible="true" version="1" changeset="39914094" timestamp="2016-06-09T18:03:39Z" user="mcheckimport" uid="893327" lat="40.5920715" lon="17.1151992"/>
 <node id="4234288583" visible="true" version="1" changeset="39914094" timestamp="2016-06-09T18:03:39Z" user="mcheckimport" uid="893327" lat="40.5920734" lon="17.1136510"/>
 <node id="4234288584" visible="true" version="1" changeset="39914094" timestamp="2016-06-09T18:03:39Z" user="mcheckimport" uid="893327" lat="40.5920737" lon="17.1165158"/>
 <node id="4234288585" visible="true" version="1" changeset="39914094" timestamp="2016-06-09T18:03:40Z" user="mcheckimport" uid="893327" lat="40.5920746" lon="17.1106940"/>
 <node id="4234288586" visible="true" version="1" changeset="39914094" timestamp="2016-06-09T18:03:40Z" user="mcheckimport" uid="893327" lat="40.5920746" lon="17.1143068"/>
 <node id="4234288588" visible="true" version="1" changeset="39914094" timestamp="2016-06-09T18:03:40Z" user="mcheckimport" uid="893327" lat="40.5920751" lon="17.1125461"/>
 <node id="4234288590" visible="true" version="1" changeset="39914094" timestamp="2016-06-09T18:03:40Z" user="mcheckimport" uid="893327" lat="40.5920765" lon="17.1155587"/>
 <node id="4234288592" visible="true" version="1" changeset="39914094" timestamp="2016-06-09T18:03:40Z" user="mcheckimport" uid="893327" lat="40.5920772" lon="17.1106602"/>
 <node id="4234288593" visible="true" version="1" changeset="39914094" timestamp="2016-06-09T18:03:40Z" user="mcheckimport" uid="893327" lat="40.5920773" lon="17.1165172"/>
 <node id="4234288594" visible="true" version="1" changeset="39914094" timestamp="2016-06-09T18:03:40Z" user="mcheckimport" uid="893327" lat="40.5920802" lon="17.1163619"/>
 <node id="4234288595" visible="true" version="1" changeset="39914094" timestamp="2016-06-09T18:03:40Z" user="mcheckimport" uid="893327" lat="40.5920803" lon="17.1157187"/>
 <node id="4234288597" visible="true" version="1" changeset="39914094" timestamp="2016-06-09T18:03:40Z" user="mcheckimport" uid="893327" lat="40.5920825" lon="17.1162293"/>
 <node id="4234288598" visible="true" version="1" changeset="39914094" timestamp="2016-06-09T18:03:40Z" user="mcheckimport" uid="893327" lat="40.5920827" lon="17.1112090"/>
 <node id="4234288599" visible="true" version="1" changeset="39914094" timestamp="2016-06-09T18:03:40Z" user="mcheckimport" uid="893327" lat="40.5920832" lon="17.1155447"/>
 <node id="4234288600" visible="true" version="1" changeset="39914094" timestamp="2016-06-09T18:03:40Z" user="mcheckimport" uid="893327" lat="40.5920858" lon="17.1169107"/>
 <node id="4234288601" visible="true" version="1" changeset="39914094" timestamp="2016-06-09T18:03:40Z" user="mcheckimport" uid="893327" lat="40.5920869" lon="17.1135886"/>
 <node id="4234288606" visible="true" version="1" changeset="39914094" timestamp="2016-06-09T18:03:40Z" user="mcheckimport" uid="893327" lat="40.5920954" lon="17.1155376"/>
 <node id="4234288608" visible="true" version="1" changeset="39914094" timestamp="2016-06-09T18:03:40Z" user="mcheckimport" uid="893327" lat="40.5920970" lon="17.1110208"/>
 <node id="4234288610" visible="true" version="1" changeset="39914094" timestamp="2016-06-09T18:03:40Z" user="mcheckimport" uid="893327" lat="40.5920983" lon="17.1163365"/>
 <node id="4234288611" visible="true" version="1" changeset="39914094" timestamp="2016-06-09T18:03:40Z" user="mcheckimport" uid="893327" lat="40.5920994" lon="17.1155294"/>
 <node id="4234288612" visible="true" version="1" changeset="39914094" timestamp="2016-06-09T18:03:40Z" user="mcheckimport" uid="893327" lat="40.5920996" lon="17.1156357"/>
 <node id="4234288614" visible="true" version="1" changeset="39914094" timestamp="2016-06-09T18:03:40Z" user="mcheckimport" uid="893327" lat="40.5921007" lon="17.1150504"/>
 <node id="4234288615" visible="true" version="1" changeset="39914094" timestamp="2016-06-09T18:03:40Z" user="mcheckimport" uid="893327" lat="40.5921014" lon="17.1116664"/>
 <node id="4234288619" visible="true" version="1" changeset="39914094" timestamp="2016-06-09T18:03:40Z" user="mcheckimport" uid="893327" lat="40.5921036" lon="17.1115941"/>
 <node id="4234288620" visible="true" version="1" changeset="39914094" timestamp="2016-06-09T18:03:40Z" user="mcheckimport" uid="893327" lat="40.5921037" lon="17.1150385"/>
 <node id="4234288622" visible="true" version="1" changeset="39914094" timestamp="2016-06-09T18:03:40Z" user="mcheckimport" uid="893327" lat="40.5921070" lon="17.1106985"/>
 <node id="4234288624" visible="true" version="1" changeset="39914094" timestamp="2016-06-09T18:03:40Z" user="mcheckimport" uid="893327" lat="40.5921082" lon="17.1162935"/>
 <node id="4234288625" visible="true" version="1" changeset="39914094" timestamp="2016-06-09T18:03:40Z" user="mcheckimport" uid="893327" lat="40.5921087" lon="17.1110751"/>
 <node id="4234288627" visible="true" version="1" changeset="39914094" timestamp="2016-06-09T18:03:40Z" user="mcheckimport" uid="893327" lat="40.5921097" lon="17.1106646"/>
 <node id="4234288628" visible="true" version="1" changeset="39914094" timestamp="2016-06-09T18:03:40Z" user="mcheckimport" uid="893327" lat="40.5921100" lon="17.1110403"/>
 <node id="4234288629" visible="true" version="1" changeset="39914094" timestamp="2016-06-09T18:03:40Z" user="mcheckimport" uid="893327" lat="40.5921104" lon="17.1168036"/>
 <node id="4234288630" visible="true" version="1" changeset="39914094" timestamp="2016-06-09T18:03:40Z" user="mcheckimport" uid="893327" lat="40.5921114" lon="17.1150869"/>
 <node id="4234288632" visible="true" version="1" changeset="39914094" timestamp="2016-06-09T18:03:40Z" user="mcheckimport" uid="893327" lat="40.5921120" lon="17.1152525"/>
 <node id="4234288634" visible="true" version="1" changeset="39914094" timestamp="2016-06-09T18:03:40Z" user="mcheckimport" uid="893327" lat="40.5921127" lon="17.1163658"/>
 <node id="4234288638" visible="true" version="1" changeset="39914094" timestamp="2016-06-09T18:03:40Z" user="mcheckimport" uid="893327" lat="40.5921181" lon="17.1156014"/>
 <node id="4234288639" visible="true" version="1" changeset="39914094" timestamp="2016-06-09T18:03:40Z" user="mcheckimport" uid="893327" lat="40.5921194" lon="17.1155460"/>
 <node id="4234288640" visible="true" version="1" changeset="39914094" timestamp="2016-06-09T18:03:40Z" user="mcheckimport" uid="893327" lat="40.5921200" lon="17.1152275"/>
 <node id="4234288642" visible="true" version="1" changeset="39914094" timestamp="2016-06-09T18:03:40Z" user="mcheckimport" uid="893327" lat="40.5921211" lon="17.1171664"/>
 <node id="4234288647" visible="true" version="1" changeset="39914094" timestamp="2016-06-09T18:03:41Z" user="mcheckimport" uid="893327" lat="40.5921243" lon="17.1120390"/>
 <node id="4234288648" visible="true" version="1" changeset="39914094" timestamp="2016-06-09T18:03:41Z" user="mcheckimport" uid="893327" lat="40.5921253" lon="17.1150623"/>
 <node id="4234288649" visible="true" version="1" changeset="39914094" timestamp="2016-06-09T18:03:41Z" user="mcheckimport" uid="893327" lat="40.5921254" lon="17.1163709"/>
 <node id="4234288650" visible="true" version="1" changeset="39914094" timestamp="2016-06-09T18:03:41Z" user="mcheckimport" uid="893327" lat="40.5921262" lon="17.1155800"/>
 <node id="4234288651" visible="true" version="1" changeset="39914094" timestamp="2016-06-09T18:03:41Z" user="mcheckimport" uid="893327" lat="40.5921263" lon="17.1109105"/>
 <node id="4234288652" visible="true" version="1" changeset="39914094" timestamp="2016-06-09T18:03:41Z" user="mcheckimport" uid="893327" lat="40.5921266" lon="17.1154917"/>
 <node id="4234288656" visible="true" version="1" changeset="39914094" timestamp="2016-06-09T18:03:41Z" user="mcheckimport" uid="893327" lat="40.5921301" lon="17.1121171"/>
 <node id="4234288658" visible="true" version="1" changeset="39914094" timestamp="2016-06-09T18:03:41Z" user="mcheckimport" uid="893327" lat="40.5921307" lon="17.1163485"/>
 <node id="4234288660" visible="true" version="1" changeset="39914094" timestamp="2016-06-09T18:03:41Z" user="mcheckimport" uid="893327" lat="40.5921317" lon="17.1140487"/>
 <node id="4234288665" visible="true" version="1" changeset="39914094" timestamp="2016-06-09T18:03:41Z" user="mcheckimport" uid="893327" lat="40.5921337" lon="17.1113503"/>
 <node id="4234288670" visible="true" version="1" changeset="39914094" timestamp="2016-06-09T18:03:41Z" user="mcheckimport" uid="893327" lat="40.5921358" lon="17.1127848"/>
 <node id="4234288671" visible="true" version="1" changeset="39914094" timestamp="2016-06-09T18:03:41Z" user="mcheckimport" uid="893327" lat="40.5921372" lon="17.1167073"/>
 <node id="4234288673" visible="true" version="1" changeset="39914094" timestamp="2016-06-09T18:03:41Z" user="mcheckimport" uid="893327" lat="40.5921402" lon="17.1155027"/>
 <node id="4234288674" visible="true" version="1" changeset="39914094" timestamp="2016-06-09T18:03:41Z" user="mcheckimport" uid="893327" lat="40.5921409" lon="17.1114606"/>
 <node id="4234288675" visible="true" version="1" changeset="39914094" timestamp="2016-06-09T18:03:41Z" user="mcheckimport" uid="893327" lat="40.5921410" lon="17.1156479"/>
 <node id="4234288680" visible="true" version="1" changeset="39914094" timestamp="2016-06-09T18:03:41Z" user="mcheckimport" uid="893327" lat="40.5921448" lon="17.1127402"/>
 <node id="4234288684" visible="true" version="1" changeset="39914094" timestamp="2016-06-09T18:03:41Z" user="mcheckimport" uid="893327" lat="40.5921460" lon="17.1158865"/>
 <node id="4234288687" visible="true" version="1" changeset="39914094" timestamp="2016-06-09T18:03:41Z" user="mcheckimport" uid="893327" lat="40.5921478" lon="17.1151777"/>
 <node id="4234288691" visible="true" version="1" changeset="39914094" timestamp="2016-06-09T18:03:41Z" user="mcheckimport" uid="893327" lat="40.5921496" lon="17.1156272"/>
 <node id="4234288692" visible="true" version="1" changeset="39914094" timestamp="2016-06-09T18:03:41Z" user="mcheckimport" uid="893327" lat="40.5921497" lon="17.1124782"/>
 <node id="4234288693" visible="true" version="1" changeset="39914094" timestamp="2016-06-09T18:03:41Z" user="mcheckimport" uid="893327" lat="40.5921502" lon="17.1113484"/>
 <node id="4234288694" visible="true" version="1" changeset="39914094" timestamp="2016-06-09T18:03:41Z" user="mcheckimport" uid="893327" lat="40.5921507" lon="17.1113546"/>
 <node id="4234288703" visible="true" version="1" changeset="39914094" timestamp="2016-06-09T18:03:41Z" user="mcheckimport" uid="893327" lat="40.5921567" lon="17.1155162"/>
 <node id="4234288704" visible="true" version="1" changeset="39914094" timestamp="2016-06-09T18:03:41Z" user="mcheckimport" uid="893327" lat="40.5921579" lon="17.1107082"/>
 <node id="4234288705" visible="true" version="1" changeset="39914094" timestamp="2016-06-09T18:03:41Z" user="mcheckimport" uid="893327" lat="40.5921579" lon="17.1169676"/>
 <node id="4234288706" visible="true" version="1" changeset="39914094" timestamp="2016-06-09T18:03:41Z" user="mcheckimport" uid="893327" lat="40.5921582" lon="17.1134145"/>
 <node id="4234288707" visible="true" version="1" changeset="39914094" timestamp="2016-06-09T18:03:41Z" user="mcheckimport" uid="893327" lat="40.5921589" lon="17.1154237"/>
 <node id="4234288708" visible="true" version="1" changeset="39914094" timestamp="2016-06-09T18:03:41Z" user="mcheckimport" uid="893327" lat="40.5921594" lon="17.1158277"/>
 <node id="4234288710" visible="true" version="1" changeset="39914094" timestamp="2016-06-09T18:03:41Z" user="mcheckimport" uid="893327" lat="40.5921611" lon="17.1139568"/>
 <node id="4234288711" visible="true" version="2" changeset="62516093" timestamp="2018-09-12T10:48:28Z" user="Max Tenerelli" uid="616103" lat="40.5921221" lon="17.1086946"/>
 <node id="4234288714" visible="true" version="1" changeset="39914094" timestamp="2016-06-09T18:03:42Z" user="mcheckimport" uid="893327" lat="40.5921618" lon="17.1153019"/>
 <node id="4234288715" visible="true" version="1" changeset="39914094" timestamp="2016-06-09T18:03:42Z" user="mcheckimport" uid="893327" lat="40.5921621" lon="17.1159983"/>
 <node id="4234288720" visible="true" version="1" changeset="39914094" timestamp="2016-06-09T18:03:42Z" user="mcheckimport" uid="893327" lat="40.5921662" lon="17.1155942"/>
 <node id="4234288721" visible="true" version="1" changeset="39914094" timestamp="2016-06-09T18:03:42Z" user="mcheckimport" uid="893327" lat="40.5921665" lon="17.1106291"/>
 <node id="4234288723" visible="true" version="1" changeset="39914094" timestamp="2016-06-09T18:03:42Z" user="mcheckimport" uid="893327" lat="40.5921676" lon="17.1113501"/>
 <node id="4234288724" visible="true" version="1" changeset="39914094" timestamp="2016-06-09T18:03:42Z" user="mcheckimport" uid="893327" lat="40.5921678" lon="17.1113527"/>
 <node id="4234288727" visible="true" version="1" changeset="39914094" timestamp="2016-06-09T18:03:42Z" user="mcheckimport" uid="893327" lat="40.5921702" lon="17.1151326"/>
 <node id="4234288728" visible="true" version="1" changeset="39914094" timestamp="2016-06-09T18:03:42Z" user="mcheckimport" uid="893327" lat="40.5921706" lon="17.1172809"/>
 <node id="4234288729" visible="true" version="1" changeset="39914094" timestamp="2016-06-09T18:03:42Z" user="mcheckimport" uid="893327" lat="40.5921710" lon="17.1117821"/>
 <node id="4234288734" visible="true" version="1" changeset="39914094" timestamp="2016-06-09T18:03:42Z" user="mcheckimport" uid="893327" lat="40.5921740" lon="17.1118287"/>
 <node id="4234288736" visible="true" version="1" changeset="39914094" timestamp="2016-06-09T18:03:42Z" user="mcheckimport" uid="893327" lat="40.5921744" lon="17.1183136"/>
 <node id="4234288737" visible="true" version="1" changeset="39914094" timestamp="2016-06-09T18:03:42Z" user="mcheckimport" uid="893327" lat="40.5921745" lon="17.1159482"/>
 <node id="4234288742" visible="true" version="1" changeset="39914094" timestamp="2016-06-09T18:03:42Z" user="mcheckimport" uid="893327" lat="40.5921782" lon="17.1107541"/>
 <node id="4234288743" visible="true" version="1" changeset="39914094" timestamp="2016-06-09T18:03:42Z" user="mcheckimport" uid="893327" lat="40.5921788" lon="17.1152553"/>
 <node id="4234288745" visible="true" version="1" changeset="39914094" timestamp="2016-06-09T18:03:42Z" user="mcheckimport" uid="893327" lat="40.5921810" lon="17.1154652"/>
 <node id="4234288747" visible="true" version="1" changeset="39914094" timestamp="2016-06-09T18:03:42Z" user="mcheckimport" uid="893327" lat="40.5921827" lon="17.1107128"/>
 <node id="4234288750" visible="true" version="1" changeset="39914094" timestamp="2016-06-09T18:03:42Z" user="mcheckimport" uid="893327" lat="40.5921836" lon="17.1127538"/>
 <node id="4234288754" visible="true" version="1" changeset="39914094" timestamp="2016-06-09T18:03:42Z" user="mcheckimport" uid="893327" lat="40.5921891" lon="17.1154484"/>
 <node id="4234288755" visible="true" version="1" changeset="39914094" timestamp="2016-06-09T18:03:42Z" user="mcheckimport" uid="893327" lat="40.5921898" lon="17.1128037"/>
 <node id="4234288756" visible="true" version="1" changeset="39914094" timestamp="2016-06-09T18:03:42Z" user="mcheckimport" uid="893327" lat="40.5921911" lon="17.1158403"/>
 <node id="4234288757" visible="true" version="1" changeset="39914094" timestamp="2016-06-09T18:03:42Z" user="mcheckimport" uid="893327" lat="40.5921921" lon="17.1168282"/>
 <node id="4234288766" visible="true" version="1" changeset="39914094" timestamp="2016-06-09T18:03:42Z" user="mcheckimport" uid="893327" lat="40.5921961" lon="17.1169998"/>
 <node id="4234288767" visible="true" version="1" changeset="39914094" timestamp="2016-06-09T18:03:42Z" user="mcheckimport" uid="893327" lat="40.5921966" lon="17.1127705"/>
 <node id="4234288770" visible="true" version="1" changeset="39914094" timestamp="2016-06-09T18:03:42Z" user="mcheckimport" uid="893327" lat="40.5921988" lon="17.1126792"/>
 <node id="4234288775" visible="true" version="1" changeset="39914094" timestamp="2016-06-09T18:03:42Z" user="mcheckimport" uid="893327" lat="40.5922043" lon="17.1169601"/>
 <node id="4234288776" visible="true" version="1" changeset="39914094" timestamp="2016-06-09T18:03:43Z" user="mcheckimport" uid="893327" lat="40.5922044" lon="17.1118253"/>
 <node id="4234288777" visible="true" version="1" changeset="39914094" timestamp="2016-06-09T18:03:43Z" user="mcheckimport" uid="893327" lat="40.5922052" lon="17.1126814"/>
 <node id="4234288779" visible="true" version="1" changeset="39914094" timestamp="2016-06-09T18:03:43Z" user="mcheckimport" uid="893327" lat="40.5922075" lon="17.1157688"/>
 <node id="4234288780" visible="true" version="1" changeset="39914094" timestamp="2016-06-09T18:03:43Z" user="mcheckimport" uid="893327" lat="40.5922087" lon="17.1158471"/>
 <node id="4234288781" visible="true" version="1" changeset="39914094" timestamp="2016-06-09T18:03:43Z" user="mcheckimport" uid="893327" lat="40.5922090" lon="17.1118975"/>
 <node id="4234288782" visible="true" version="1" changeset="39914094" timestamp="2016-06-09T18:03:43Z" user="mcheckimport" uid="893327" lat="40.5922090" lon="17.1126631"/>
 <node id="4234288784" visible="true" version="1" changeset="39914094" timestamp="2016-06-09T18:03:43Z" user="mcheckimport" uid="893327" lat="40.5922100" lon="17.1127752"/>
 <node id="4234288785" visible="true" version="1" changeset="39914094" timestamp="2016-06-09T18:03:43Z" user="mcheckimport" uid="893327" lat="40.5922109" lon="17.1113453"/>
 <node id="4234288789" visible="true" version="1" changeset="39914094" timestamp="2016-06-09T18:03:43Z" user="mcheckimport" uid="893327" lat="40.5922123" lon="17.1113664"/>
 <node id="4234288790" visible="true" version="1" changeset="39914094" timestamp="2016-06-09T18:03:43Z" user="mcheckimport" uid="893327" lat="40.5922133" lon="17.1127268"/>
 <node id="4234288791" visible="true" version="1" changeset="39914094" timestamp="2016-06-09T18:03:43Z" user="mcheckimport" uid="893327" lat="40.5922134" lon="17.1141991"/>
 <node id="4234288795" visible="true" version="1" changeset="39914094" timestamp="2016-06-09T18:03:43Z" user="mcheckimport" uid="893327" lat="40.5922147" lon="17.1142727"/>
 <node id="4234288798" visible="true" version="1" changeset="39914094" timestamp="2016-06-09T18:03:43Z" user="mcheckimport" uid="893327" lat="40.5922156" lon="17.1153355"/>
 <node id="4234288801" visible="true" version="1" changeset="39914094" timestamp="2016-06-09T18:03:43Z" user="mcheckimport" uid="893327" lat="40.5922173" lon="17.1159146"/>
 <node id="4234288808" visible="true" version="1" changeset="39914094" timestamp="2016-06-09T18:03:43Z" user="mcheckimport" uid="893327" lat="40.5922194" lon="17.1127290"/>
 <node id="4234288809" visible="true" version="1" changeset="39914094" timestamp="2016-06-09T18:03:43Z" user="mcheckimport" uid="893327" lat="40.5922194" lon="17.1153253"/>
 <node id="4234288810" visible="true" version="1" changeset="39914094" timestamp="2016-06-09T18:03:43Z" user="mcheckimport" uid="893327" lat="40.5922207" lon="17.1166833"/>
 <node id="4234288811" visible="true" version="1" changeset="39914094" timestamp="2016-06-09T18:03:43Z" user="mcheckimport" uid="893327" lat="40.5922214" lon="17.1172387"/>
 <node id="4234288812" visible="true" version="1" changeset="39914094" timestamp="2016-06-09T18:03:43Z" user="mcheckimport" uid="893327" lat="40.5922217" lon="17.1141623"/>
 <node id="4234288814" visible="true" version="1" changeset="39914094" timestamp="2016-06-09T18:03:43Z" user="mcheckimport" uid="893327" lat="40.5922219" lon="17.1158943"/>
 <node id="4234288818" visible="true" version="1" changeset="39914094" timestamp="2016-06-09T18:03:43Z" user="mcheckimport" uid="893327" lat="40.5922234" lon="17.1122854"/>
 <node id="4234288821" visible="true" version="1" changeset="39914094" timestamp="2016-06-09T18:03:43Z" user="mcheckimport" uid="893327" lat="40.5922249" lon="17.1157756"/>
 <node id="4234288822" visible="true" version="1" changeset="39914094" timestamp="2016-06-09T18:03:43Z" user="mcheckimport" uid="893327" lat="40.5922252" lon="17.1123202"/>
 <node id="4234288823" visible="true" version="1" changeset="39914094" timestamp="2016-06-09T18:03:43Z" user="mcheckimport" uid="893327" lat="40.5922252" lon="17.1126687"/>
 <node id="4234288830" visible="true" version="1" changeset="39914094" timestamp="2016-06-09T18:03:43Z" user="mcheckimport" uid="893327" lat="40.5922270" lon="17.1151221"/>
 <node id="4234288831" visible="true" version="1" changeset="39914094" timestamp="2016-06-09T18:03:43Z" user="mcheckimport" uid="893327" lat="40.5922273" lon="17.1167372"/>
 <node id="4234288836" visible="true" version="1" changeset="39914094" timestamp="2016-06-09T18:03:43Z" user="mcheckimport" uid="893327" lat="40.5922299" lon="17.1142055"/>
 <node id="4234288837" visible="true" version="1" changeset="39914094" timestamp="2016-06-09T18:03:43Z" user="mcheckimport" uid="893327" lat="40.5922304" lon="17.1130587"/>
 <node id="4234288838" visible="true" version="1" changeset="39914094" timestamp="2016-06-09T18:03:43Z" user="mcheckimport" uid="893327" lat="40.5922308" lon="17.1123184"/>
 <node id="4234288839" visible="true" version="1" changeset="39914094" timestamp="2016-06-09T18:03:43Z" user="mcheckimport" uid="893327" lat="40.5922322" lon="17.1158983"/>
 <node id="4234288841" visible="true" version="1" changeset="39914094" timestamp="2016-06-09T18:03:44Z" user="mcheckimport" uid="893327" lat="40.5922332" lon="17.1117431"/>
 <node id="4234288842" visible="true" version="1" changeset="39914094" timestamp="2016-06-09T18:03:44Z" user="mcheckimport" uid="893327" lat="40.5922338" lon="17.1169811"/>
 <node id="4234288846" visible="true" version="1" changeset="39914094" timestamp="2016-06-09T18:03:44Z" user="mcheckimport" uid="893327" lat="40.5922352" lon="17.1117750"/>
 <node id="4234288860" visible="true" version="1" changeset="39914094" timestamp="2016-06-09T18:03:44Z" user="mcheckimport" uid="893327" lat="40.5922384" lon="17.1166903"/>
 <node id="4234288862" visible="true" version="1" changeset="39914094" timestamp="2016-06-09T18:03:44Z" user="mcheckimport" uid="893327" lat="40.5922386" lon="17.1160307"/>
 <node id="4234288863" visible="true" version="1" changeset="39914094" timestamp="2016-06-09T18:03:44Z" user="mcheckimport" uid="893327" lat="40.5922388" lon="17.1107654"/>
 <node id="4234288864" visible="true" version="1" changeset="39914094" timestamp="2016-06-09T18:03:44Z" user="mcheckimport" uid="893327" lat="40.5922391" lon="17.1113633"/>
 <node id="4234288866" visible="true" version="1" changeset="39914094" timestamp="2016-06-09T18:03:44Z" user="mcheckimport" uid="893327" lat="40.5922393" lon="17.1121968"/>
 <node id="4234288869" visible="true" version="1" changeset="39914094" timestamp="2016-06-09T18:03:44Z" user="mcheckimport" uid="893327" lat="40.5922410" lon="17.1158598"/>
 <node id="4234288871" visible="true" version="1" changeset="39914094" timestamp="2016-06-09T18:03:44Z" user="mcheckimport" uid="893327" lat="40.5922422" lon="17.1150827"/>
 <node id="4234288872" visible="true" version="1" changeset="39914094" timestamp="2016-06-09T18:03:44Z" user="mcheckimport" uid="893327" lat="40.5922426" lon="17.1139891"/>
 <node id="4234288873" visible="true" version="1" changeset="39914094" timestamp="2016-06-09T18:03:44Z" user="mcheckimport" uid="893327" lat="40.5922433" lon="17.1162407"/>
 <node id="4234288874" visible="true" version="1" changeset="39914094" timestamp="2016-06-09T18:03:44Z" user="mcheckimport" uid="893327" lat="40.5922447" lon="17.1114490"/>
 <node id="4234288875" visible="true" version="1" changeset="39914094" timestamp="2016-06-09T18:03:44Z" user="mcheckimport" uid="893327" lat="40.5922456" lon="17.1122852"/>
 <node id="4234288876" visible="true" version="1" changeset="39914094" timestamp="2016-06-09T18:03:44Z" user="mcheckimport" uid="893327" lat="40.5922456" lon="17.1170413"/>
 <node id="4234288880" visible="true" version="1" changeset="39914094" timestamp="2016-06-09T18:03:44Z" user="mcheckimport" uid="893327" lat="40.5922474" lon="17.1106854"/>
 <node id="4234288881" visible="true" version="1" changeset="39914094" timestamp="2016-06-09T18:03:44Z" user="mcheckimport" uid="893327" lat="40.5922495" lon="17.1135718"/>
 <node id="4234288885" visible="true" version="1" changeset="39914094" timestamp="2016-06-09T18:03:44Z" user="mcheckimport" uid="893327" lat="40.5922510" lon="17.1159807"/>
 <node id="4234288887" visible="true" version="1" changeset="39914094" timestamp="2016-06-09T18:03:44Z" user="mcheckimport" uid="893327" lat="40.5922531" lon="17.1123517"/>
 <node id="4234288890" visible="true" version="1" changeset="39914094" timestamp="2016-06-09T18:03:44Z" user="mcheckimport" uid="893327" lat="40.5922556" lon="17.1169967"/>
 <node id="4234288898" visible="true" version="1" changeset="39914094" timestamp="2016-06-09T18:03:44Z" user="mcheckimport" uid="893327" lat="40.5922592" lon="17.1156916"/>
 <node id="4234288901" visible="true" version="1" changeset="39914094" timestamp="2016-06-09T18:03:44Z" user="mcheckimport" uid="893327" lat="40.5922600" lon="17.1129783"/>
 <node id="4234288903" visible="true" version="1" changeset="39914094" timestamp="2016-06-09T18:03:44Z" user="mcheckimport" uid="893327" lat="40.5922618" lon="17.1161689"/>
 <node id="4234288905" visible="true" version="1" changeset="39914094" timestamp="2016-06-09T18:03:45Z" user="mcheckimport" uid="893327" lat="40.5922625" lon="17.1106468"/>
 <node id="4234288909" visible="true" version="1" changeset="39914094" timestamp="2016-06-09T18:03:45Z" user="mcheckimport" uid="893327" lat="40.5922646" lon="17.1156657"/>
 <node id="4234288910" visible="true" version="1" changeset="39914094" timestamp="2016-06-09T18:03:45Z" user="mcheckimport" uid="893327" lat="40.5922653" lon="17.1106205"/>
 <node id="4234288916" visible="true" version="1" changeset="39914094" timestamp="2016-06-09T18:03:45Z" user="mcheckimport" uid="893327" lat="40.5922698" lon="17.1123522"/>
 <node id="4234288918" visible="true" version="1" changeset="39914094" timestamp="2016-06-09T18:03:45Z" user="mcheckimport" uid="893327" lat="40.5922710" lon="17.1118358"/>
 <node id="4234288921" visible="true" version="1" changeset="39914094" timestamp="2016-06-09T18:03:45Z" user="mcheckimport" uid="893327" lat="40.5922724" lon="17.1134569"/>
 <node id="4234288923" visible="true" version="1" changeset="39914094" timestamp="2016-06-09T18:03:45Z" user="mcheckimport" uid="893327" lat="40.5922738" lon="17.1123641"/>
 <node id="4234288927" visible="true" version="1" changeset="39914094" timestamp="2016-06-09T18:03:45Z" user="mcheckimport" uid="893327" lat="40.5922745" lon="17.1118902"/>
 <node id="4234288930" visible="true" version="1" changeset="39914094" timestamp="2016-06-09T18:03:45Z" user="mcheckimport" uid="893327" lat="40.5922751" lon="17.1142961"/>
 <node id="4234288935" visible="true" version="1" changeset="39914094" timestamp="2016-06-09T18:03:45Z" user="mcheckimport" uid="893327" lat="40.5922804" lon="17.1149808"/>
 <node id="4234288938" visible="true" version="1" changeset="39914094" timestamp="2016-06-09T18:03:45Z" user="mcheckimport" uid="893327" lat="40.5922815" lon="17.1110807"/>
 <node id="4234288939" visible="true" version="1" changeset="39914094" timestamp="2016-06-09T18:03:45Z" user="mcheckimport" uid="893327" lat="40.5922817" lon="17.1117378"/>
 <node id="4234288943" visible="true" version="1" changeset="39914094" timestamp="2016-06-09T18:03:45Z" user="mcheckimport" uid="893327" lat="40.5922878" lon="17.1118338"/>
 <node id="4234288947" visible="true" version="1" changeset="39914094" timestamp="2016-06-09T18:03:45Z" user="mcheckimport" uid="893327" lat="40.5922891" lon="17.1149636"/>
 <node id="4234288948" visible="true" version="1" changeset="39914094" timestamp="2016-06-09T18:03:45Z" user="mcheckimport" uid="893327" lat="40.5922895" lon="17.1110776"/>
 <node id="4234288949" visible="true" version="1" changeset="39914094" timestamp="2016-06-09T18:03:45Z" user="mcheckimport" uid="893327" lat="40.5922899" lon="17.1107749"/>
 <node id="4234288950" visible="true" version="1" changeset="39914094" timestamp="2016-06-09T18:03:45Z" user="mcheckimport" uid="893327" lat="40.5922937" lon="17.1110694"/>
 <node id="4234288951" visible="true" version="1" changeset="39914094" timestamp="2016-06-09T18:03:45Z" user="mcheckimport" uid="893327" lat="40.5922955" lon="17.1155389"/>
 <node id="4234288952" visible="true" version="1" changeset="39914094" timestamp="2016-06-09T18:03:45Z" user="mcheckimport" uid="893327" lat="40.5922974" lon="17.1151194"/>
 <node id="4234288953" visible="true" version="1" changeset="39914094" timestamp="2016-06-09T18:03:45Z" user="mcheckimport" uid="893327" lat="40.5922975" lon="17.1123737"/>
 <node id="4234288954" visible="true" version="1" changeset="39914094" timestamp="2016-06-09T18:03:45Z" user="mcheckimport" uid="893327" lat="40.5922981" lon="17.1109392"/>
 <node id="4234288955" visible="true" version="1" changeset="39914094" timestamp="2016-06-09T18:03:45Z" user="mcheckimport" uid="893327" lat="40.5922985" lon="17.1141922"/>
 <node id="4234288956" visible="true" version="1" changeset="39914094" timestamp="2016-06-09T18:03:45Z" user="mcheckimport" uid="893327" lat="40.5922986" lon="17.1106948"/>
 <node id="4234288957" visible="true" version="1" changeset="39914094" timestamp="2016-06-09T18:03:45Z" user="mcheckimport" uid="893327" lat="40.5922990" lon="17.1155230"/>
 <node id="4234288958" visible="true" version="1" changeset="39914094" timestamp="2016-06-09T18:03:45Z" user="mcheckimport" uid="893327" lat="40.5923013" lon="17.1121986"/>
 <node id="4234288959" visible="true" version="1" changeset="39914094" timestamp="2016-06-09T18:03:45Z" user="mcheckimport" uid="893327" lat="40.5923020" lon="17.1121891"/>
 <node id="4234288960" visible="true" version="1" changeset="39914094" timestamp="2016-06-09T18:03:45Z" user="mcheckimport" uid="893327" lat="40.5923030" lon="17.1114451"/>
 <node id="4234288961" visible="true" version="1" changeset="39914094" timestamp="2016-06-09T18:03:45Z" user="mcheckimport" uid="893327" lat="40.5923035" lon="17.1123485"/>
 <node id="4234288964" visible="true" version="1" changeset="39914094" timestamp="2016-06-09T18:03:46Z" user="mcheckimport" uid="893327" lat="40.5923083" lon="17.1140136"/>
 <node id="4234288966" visible="true" version="1" changeset="39914094" timestamp="2016-06-09T18:03:46Z" user="mcheckimport" uid="893327" lat="40.5923107" lon="17.1107119"/>
 <node id="4234288967" visible="true" version="1" changeset="39914094" timestamp="2016-06-09T18:03:46Z" user="mcheckimport" uid="893327" lat="40.5923114" lon="17.1115699"/>
 <node id="4234288969" visible="true" version="1" changeset="39914094" timestamp="2016-06-09T18:03:46Z" user="mcheckimport" uid="893327" lat="40.5923151" lon="17.1166647"/>
 <node id="4234288972" visible="true" version="1" changeset="39914094" timestamp="2016-06-09T18:03:46Z" user="mcheckimport" uid="893327" lat="40.5923174" lon="17.1143993"/>
 <node id="4234288974" visible="true" version="1" changeset="39914094" timestamp="2016-06-09T18:03:46Z" user="mcheckimport" uid="893327" lat="40.5923184" lon="17.1162680"/>
 <node id="4234288975" visible="true" version="1" changeset="39914094" timestamp="2016-06-09T18:03:46Z" user="mcheckimport" uid="893327" lat="40.5923195" lon="17.1106305"/>
 <node id="4234288976" visible="true" version="1" changeset="39914094" timestamp="2016-06-09T18:03:46Z" user="mcheckimport" uid="893327" lat="40.5923208" lon="17.1123556"/>
 <node id="4234288982" visible="true" version="1" changeset="39914094" timestamp="2016-06-09T18:03:46Z" user="mcheckimport" uid="893327" lat="40.5923237" lon="17.1126224"/>
 <node id="4234288983" visible="true" version="1" changeset="39914094" timestamp="2016-06-09T18:03:46Z" user="mcheckimport" uid="893327" lat="40.5923240" lon="17.1122946"/>
 <node id="4234288984" visible="true" version="1" changeset="39914094" timestamp="2016-06-09T18:03:46Z" user="mcheckimport" uid="893327" lat="40.5923241" lon="17.1152670"/>
 <node id="4234288988" visible="true" version="1" changeset="39914094" timestamp="2016-06-09T18:03:46Z" user="mcheckimport" uid="893327" lat="40.5923266" lon="17.1148796"/>
 <node id="4234288989" visible="true" version="1" changeset="39914094" timestamp="2016-06-09T18:03:46Z" user="mcheckimport" uid="893327" lat="40.5923272" lon="17.1118319"/>
 <node id="4234288992" visible="true" version="1" changeset="39914094" timestamp="2016-06-09T18:03:46Z" user="mcheckimport" uid="893327" lat="40.5923298" lon="17.1118731"/>
 <node id="4234288993" visible="true" version="1" changeset="39914094" timestamp="2016-06-09T18:03:46Z" user="mcheckimport" uid="893327" lat="40.5923306" lon="17.1111938"/>
 <node id="4234288995" visible="true" version="1" changeset="39914094" timestamp="2016-06-09T18:03:46Z" user="mcheckimport" uid="893327" lat="40.5923309" lon="17.1136039"/>
 <node id="4234288997" visible="true" version="1" changeset="39914094" timestamp="2016-06-09T18:03:46Z" user="mcheckimport" uid="893327" lat="40.5923343" lon="17.1122987"/>
 <node id="4234288998" visible="true" version="1" changeset="39914094" timestamp="2016-06-09T18:03:46Z" user="mcheckimport" uid="893327" lat="40.5923346" lon="17.1161991"/>
 <node id="4234289003" visible="true" version="1" changeset="39914094" timestamp="2016-06-09T18:03:46Z" user="mcheckimport" uid="893327" lat="40.5923378" lon="17.1148465"/>
 <node id="4234289006" visible="true" version="1" changeset="39914094" timestamp="2016-06-09T18:03:46Z" user="mcheckimport" uid="893327" lat="40.5923408" lon="17.1151924"/>
 <node id="4234289007" visible="true" version="1" changeset="39914094" timestamp="2016-06-09T18:03:46Z" user="mcheckimport" uid="893327" lat="40.5923412" lon="17.1158214"/>
 <node id="4234289009" visible="true" version="1" changeset="39914094" timestamp="2016-06-09T18:03:46Z" user="mcheckimport" uid="893327" lat="40.5923434" lon="17.1107848"/>
 <node id="4234289010" visible="true" version="1" changeset="39914094" timestamp="2016-06-09T18:03:46Z" user="mcheckimport" uid="893327" lat="40.5923453" lon="17.1131298"/>
 <node id="4234289011" visible="true" version="1" changeset="39914094" timestamp="2016-06-09T18:03:46Z" user="mcheckimport" uid="893327" lat="40.5923465" lon="17.1122000"/>
 <node id="4234289012" visible="true" version="1" changeset="39914094" timestamp="2016-06-09T18:03:46Z" user="mcheckimport" uid="893327" lat="40.5923472" lon="17.1114400"/>
 <node id="4234289013" visible="true" version="1" changeset="39914094" timestamp="2016-06-09T18:03:46Z" user="mcheckimport" uid="893327" lat="40.5923476" lon="17.1165222"/>
 <node id="4234289014" visible="true" version="1" changeset="39914094" timestamp="2016-06-09T18:03:46Z" user="mcheckimport" uid="893327" lat="40.5923479" lon="17.1167394"/>
 <node id="4234289018" visible="true" version="1" changeset="39914094" timestamp="2016-06-09T18:03:46Z" user="mcheckimport" uid="893327" lat="40.5923505" lon="17.1107192"/>
 <node id="4234289019" visible="true" version="1" changeset="39914094" timestamp="2016-06-09T18:03:46Z" user="mcheckimport" uid="893327" lat="40.5923508" lon="17.1106858"/>
 <node id="4234289021" visible="true" version="1" changeset="39914094" timestamp="2016-06-09T18:03:46Z" user="mcheckimport" uid="893327" lat="40.5923532" lon="17.1116397"/>
 <node id="4234289023" visible="true" version="1" changeset="39914094" timestamp="2016-06-09T18:03:46Z" user="mcheckimport" uid="893327" lat="40.5923549" lon="17.1106364"/>
 <node id="4234289026" visible="true" version="1" changeset="39914094" timestamp="2016-06-09T18:03:46Z" user="mcheckimport" uid="893327" lat="40.5923559" lon="17.1152855"/>
 <node id="4234289027" visible="true" version="1" changeset="39914094" timestamp="2016-06-09T18:03:46Z" user="mcheckimport" uid="893327" lat="40.5923564" lon="17.1125362"/>
 <node id="4234289030" visible="true" version="1" changeset="39914094" timestamp="2016-06-09T18:03:47Z" user="mcheckimport" uid="893327" lat="40.5923608" lon="17.1166827"/>
 <node id="4234289032" visible="true" version="1" changeset="39914094" timestamp="2016-06-09T18:03:47Z" user="mcheckimport" uid="893327" lat="40.5923631" lon="17.1157346"/>
 <node id="4234289033" visible="true" version="1" changeset="39914094" timestamp="2016-06-09T18:03:47Z" user="mcheckimport" uid="893327" lat="40.5923647" lon="17.1118279"/>
 <node id="4234289034" visible="true" version="1" changeset="39914094" timestamp="2016-06-09T18:03:47Z" user="mcheckimport" uid="893327" lat="40.5923659" lon="17.1106881"/>
 <node id="4234289035" visible="true" version="1" changeset="39914094" timestamp="2016-06-09T18:03:47Z" user="mcheckimport" uid="893327" lat="40.5923659" lon="17.1108871"/>
 <node id="4234289038" visible="true" version="1" changeset="39914094" timestamp="2016-06-09T18:03:47Z" user="mcheckimport" uid="893327" lat="40.5923676" lon="17.1118691"/>
 <node id="4234289039" visible="true" version="1" changeset="39914094" timestamp="2016-06-09T18:03:47Z" user="mcheckimport" uid="893327" lat="40.5923691" lon="17.1166393"/>
 <node id="4234289040" visible="true" version="1" changeset="39914094" timestamp="2016-06-09T18:03:47Z" user="mcheckimport" uid="893327" lat="40.5923699" lon="17.1106386"/>
 <node id="4234289042" visible="true" version="1" changeset="39914094" timestamp="2016-06-09T18:03:47Z" user="mcheckimport" uid="893327" lat="40.5923726" lon="17.1134082"/>
 <node id="4234289043" visible="true" version="1" changeset="39914094" timestamp="2016-06-09T18:03:47Z" user="mcheckimport" uid="893327" lat="40.5923726" lon="17.1165626"/>
 <node id="4234289047" visible="true" version="1" changeset="39914094" timestamp="2016-06-09T18:03:47Z" user="mcheckimport" uid="893327" lat="40.5923739" lon="17.1152161"/>
 <node id="4234289048" visible="true" version="1" changeset="39914094" timestamp="2016-06-09T18:03:47Z" user="mcheckimport" uid="893327" lat="40.5923745" lon="17.1141412"/>
 <node id="4234289052" visible="true" version="1" changeset="39914094" timestamp="2016-06-09T18:03:47Z" user="mcheckimport" uid="893327" lat="40.5923757" lon="17.1147423"/>
 <node id="4234289053" visible="true" version="1" changeset="39914094" timestamp="2016-06-09T18:03:47Z" user="mcheckimport" uid="893327" lat="40.5923764" lon="17.1120123"/>
 <node id="4234289054" visible="true" version="1" changeset="39914094" timestamp="2016-06-09T18:03:47Z" user="mcheckimport" uid="893327" lat="40.5923771" lon="17.1129922"/>
 <node id="4234289057" visible="true" version="1" changeset="39914094" timestamp="2016-06-09T18:03:47Z" user="mcheckimport" uid="893327" lat="40.5923789" lon="17.1165344"/>
 <node id="4234289059" visible="true" version="1" changeset="39914094" timestamp="2016-06-09T18:03:47Z" user="mcheckimport" uid="893327" lat="40.5923811" lon="17.1151912"/>
 <node id="4234289060" visible="true" version="1" changeset="39914094" timestamp="2016-06-09T18:03:47Z" user="mcheckimport" uid="893327" lat="40.5923817" lon="17.1107246"/>
 <node id="4234289065" visible="true" version="1" changeset="39914094" timestamp="2016-06-09T18:03:47Z" user="mcheckimport" uid="893327" lat="40.5923833" lon="17.1111836"/>
 <node id="4234289066" visible="true" version="1" changeset="39914094" timestamp="2016-06-09T18:03:47Z" user="mcheckimport" uid="893327" lat="40.5923851" lon="17.1147183"/>
 <node id="4234289067" visible="true" version="1" changeset="39914094" timestamp="2016-06-09T18:03:47Z" user="mcheckimport" uid="893327" lat="40.5923853" lon="17.1167542"/>
 <node id="4234289068" visible="true" version="1" changeset="39914094" timestamp="2016-06-09T18:03:47Z" user="mcheckimport" uid="893327" lat="40.5923854" lon="17.1165676"/>
 <node id="4234289069" visible="true" version="1" changeset="39914094" timestamp="2016-06-09T18:03:47Z" user="mcheckimport" uid="893327" lat="40.5923857" lon="17.1171628"/>
 <node id="4234289070" visible="true" version="1" changeset="39914094" timestamp="2016-06-09T18:03:47Z" user="mcheckimport" uid="893327" lat="40.5923870" lon="17.1106738"/>
 <node id="4234289071" visible="true" version="1" changeset="39914094" timestamp="2016-06-09T18:03:47Z" user="mcheckimport" uid="893327" lat="40.5923872" lon="17.1133514"/>
 <node id="4234289074" visible="true" version="1" changeset="39914094" timestamp="2016-06-09T18:03:47Z" user="mcheckimport" uid="893327" lat="40.5923884" lon="17.1144325"/>
 <node id="4234289082" visible="true" version="1" changeset="39914094" timestamp="2016-06-09T18:03:47Z" user="mcheckimport" uid="893327" lat="40.5923940" lon="17.1136283"/>
 <node id="4234289083" visible="true" version="1" changeset="39914094" timestamp="2016-06-09T18:03:47Z" user="mcheckimport" uid="893327" lat="40.5923946" lon="17.1151978"/>
 <node id="4234289084" visible="true" version="1" changeset="39914094" timestamp="2016-06-09T18:03:47Z" user="mcheckimport" uid="893327" lat="40.5923953" lon="17.1155932"/>
 <node id="4234289086" visible="true" version="1" changeset="39914094" timestamp="2016-06-09T18:03:47Z" user="mcheckimport" uid="893327" lat="40.5923961" lon="17.1140472"/>
 <node id="4234289087" visible="true" version="1" changeset="39914094" timestamp="2016-06-09T18:03:47Z" user="mcheckimport" uid="893327" lat="40.5923961" lon="17.1164265"/>
 <node id="4234289090" visible="true" version="1" changeset="39914094" timestamp="2016-06-09T18:03:47Z" user="mcheckimport" uid="893327" lat="40.5923996" lon="17.1133208"/>
 <node id="4234289091" visible="true" version="1" changeset="39914094" timestamp="2016-06-09T18:03:47Z" user="mcheckimport" uid="893327" lat="40.5924021" lon="17.1165050"/>
 <node id="4234289093" visible="true" version="1" changeset="39914094" timestamp="2016-06-09T18:03:47Z" user="mcheckimport" uid="893327" lat="40.5924050" lon="17.1115565"/>
 <node id="4234289095" visible="true" version="1" changeset="39914094" timestamp="2016-06-09T18:03:47Z" user="mcheckimport" uid="893327" lat="40.5924057" lon="17.1151594"/>
 <node id="4234289096" visible="true" version="1" changeset="39914094" timestamp="2016-06-09T18:03:48Z" user="mcheckimport" uid="893327" lat="40.5924076" lon="17.1146563"/>
 <node id="4234289098" visible="true" version="1" changeset="39914094" timestamp="2016-06-09T18:03:48Z" user="mcheckimport" uid="893327" lat="40.5924080" lon="17.1166545"/>
 <node id="4234289099" visible="true" version="1" changeset="39914094" timestamp="2016-06-09T18:03:48Z" user="mcheckimport" uid="893327" lat="40.5924081" lon="17.1132879"/>
 <node id="4234289100" visible="true" version="1" changeset="39914094" timestamp="2016-06-09T18:03:48Z" user="mcheckimport" uid="893327" lat="40.5924087" lon="17.1163727"/>
 <node id="4234289101" visible="true" version="1" changeset="39914094" timestamp="2016-06-09T18:03:48Z" user="mcheckimport" uid="893327" lat="40.5924093" lon="17.1164747"/>
 <node id="4234289102" visible="true" version="1" changeset="39914094" timestamp="2016-06-09T18:03:48Z" user="mcheckimport" uid="893327" lat="40.5924095" lon="17.1116306"/>
 <node id="4234289103" visible="true" version="1" changeset="39914094" timestamp="2016-06-09T18:03:48Z" user="mcheckimport" uid="893327" lat="40.5924095" lon="17.1133612"/>
 <node id="4234289106" visible="true" version="1" changeset="39914094" timestamp="2016-06-09T18:03:48Z" user="mcheckimport" uid="893327" lat="40.5924114" lon="17.1153029"/>
 <node id="4234289107" visible="true" version="1" changeset="39914094" timestamp="2016-06-09T18:03:48Z" user="mcheckimport" uid="893327" lat="40.5924119" lon="17.1134254"/>
 <node id="4234289110" visible="true" version="1" changeset="39914094" timestamp="2016-06-09T18:03:48Z" user="mcheckimport" uid="893327" lat="40.5924142" lon="17.1134169"/>
 <node id="4234289111" visible="true" version="1" changeset="39914094" timestamp="2016-06-09T18:03:48Z" user="mcheckimport" uid="893327" lat="40.5924155" lon="17.1164344"/>
 <node id="4234289114" visible="true" version="1" changeset="39914094" timestamp="2016-06-09T18:03:48Z" user="mcheckimport" uid="893327" lat="40.5924178" lon="17.1133287"/>
 <node id="4234289124" visible="true" version="1" changeset="39914094" timestamp="2016-06-09T18:03:48Z" user="mcheckimport" uid="893327" lat="40.5924248" lon="17.1120027"/>
 <node id="4234289125" visible="true" version="1" changeset="39914094" timestamp="2016-06-09T18:03:48Z" user="mcheckimport" uid="893327" lat="40.5924264" lon="17.1147333"/>
 <node id="4234289126" visible="true" version="1" changeset="39914094" timestamp="2016-06-09T18:03:48Z" user="mcheckimport" uid="893327" lat="40.5924265" lon="17.1152422"/>
 <node id="4234289127" visible="true" version="1" changeset="39914094" timestamp="2016-06-09T18:03:48Z" user="mcheckimport" uid="893327" lat="40.5924267" lon="17.1154549"/>
 <node id="4234289128" visible="true" version="1" changeset="39914094" timestamp="2016-06-09T18:03:48Z" user="mcheckimport" uid="893327" lat="40.5924281" lon="17.1163807"/>
 <node id="4234289130" visible="true" version="1" changeset="39914094" timestamp="2016-06-09T18:03:48Z" user="mcheckimport" uid="893327" lat="40.5924283" lon="17.1110433"/>
 <node id="4234289131" visible="true" version="1" changeset="39914094" timestamp="2016-06-09T18:03:48Z" user="mcheckimport" uid="893327" lat="40.5924290" lon="17.1110197"/>
 <node id="4234289134" visible="true" version="1" changeset="39914094" timestamp="2016-06-09T18:03:48Z" user="mcheckimport" uid="893327" lat="40.5924310" lon="17.1120089"/>
 <node id="4234289135" visible="true" version="1" changeset="39914094" timestamp="2016-06-09T18:03:48Z" user="mcheckimport" uid="893327" lat="40.5924316" lon="17.1165172"/>
 <node id="4234289139" visible="true" version="1" changeset="39914094" timestamp="2016-06-09T18:03:48Z" user="mcheckimport" uid="893327" lat="40.5924333" lon="17.1147010"/>
 <node id="4234289140" visible="true" version="1" changeset="39914094" timestamp="2016-06-09T18:03:48Z" user="mcheckimport" uid="893327" lat="40.5924350" lon="17.1145831"/>
 <node id="4234289142" visible="true" version="1" changeset="39914094" timestamp="2016-06-09T18:03:48Z" user="mcheckimport" uid="893327" lat="40.5924358" lon="17.1107343"/>
 <node id="4234289143" visible="true" version="1" changeset="39914094" timestamp="2016-06-09T18:03:48Z" user="mcheckimport" uid="893327" lat="40.5924372" lon="17.1107216"/>
 <node id="4234289144" visible="true" version="1" changeset="39914094" timestamp="2016-06-09T18:03:48Z" user="mcheckimport" uid="893327" lat="40.5924379" lon="17.1161234"/>
 <node id="4234289146" visible="true" version="1" changeset="39914094" timestamp="2016-06-09T18:03:48Z" user="mcheckimport" uid="893327" lat="40.5924382" lon="17.1106830"/>
 <node id="4234289147" visible="true" version="1" changeset="39914094" timestamp="2016-06-09T18:03:48Z" user="mcheckimport" uid="893327" lat="40.5924388" lon="17.1164869"/>
 <node id="4234289149" visible="true" version="1" changeset="39914094" timestamp="2016-06-09T18:03:48Z" user="mcheckimport" uid="893327" lat="40.5924391" lon="17.1134278"/>
 <node id="4234289150" visible="true" version="1" changeset="39914094" timestamp="2016-06-09T18:03:48Z" user="mcheckimport" uid="893327" lat="40.5924394" lon="17.1106710"/>
 <node id="4234289151" visible="true" version="1" changeset="39914094" timestamp="2016-06-09T18:03:48Z" user="mcheckimport" uid="893327" lat="40.5924396" lon="17.1169329"/>
 <node id="4234289153" visible="true" version="1" changeset="39914094" timestamp="2016-06-09T18:03:48Z" user="mcheckimport" uid="893327" lat="40.5924418" lon="17.1114211"/>
 <node id="4234289155" visible="true" version="1" changeset="39914094" timestamp="2016-06-09T18:03:48Z" user="mcheckimport" uid="893327" lat="40.5924425" lon="17.1134147"/>
 <node id="4234289156" visible="true" version="1" changeset="39914094" timestamp="2016-06-09T18:03:48Z" user="mcheckimport" uid="893327" lat="40.5924428" lon="17.1114501"/>
 <node id="4234289158" visible="true" version="1" changeset="39914094" timestamp="2016-06-09T18:03:49Z" user="mcheckimport" uid="893327" lat="40.5924455" lon="17.1126667"/>
 <node id="4234289160" visible="true" version="1" changeset="39914094" timestamp="2016-06-09T18:03:49Z" user="mcheckimport" uid="893327" lat="40.5924466" lon="17.1146390"/>
 <node id="4234289165" visible="true" version="1" changeset="39914094" timestamp="2016-06-09T18:03:49Z" user="mcheckimport" uid="893327" lat="40.5924517" lon="17.1134188"/>
 <node id="4234289168" visible="true" version="1" changeset="39914094" timestamp="2016-06-09T18:03:49Z" user="mcheckimport" uid="893327" lat="40.5924529" lon="17.1113223"/>
 <node id="4234289174" visible="true" version="1" changeset="39914094" timestamp="2016-06-09T18:03:49Z" user="mcheckimport" uid="893327" lat="40.5924557" lon="17.1120966"/>
 <node id="4234289175" visible="true" version="1" changeset="39914094" timestamp="2016-06-09T18:03:49Z" user="mcheckimport" uid="893327" lat="40.5924559" lon="17.1114201"/>
 <node id="4234289177" visible="true" version="1" changeset="39914094" timestamp="2016-06-09T18:03:49Z" user="mcheckimport" uid="893327" lat="40.5924560" lon="17.1146764"/>
 <node id="4234289180" visible="true" version="1" changeset="39914094" timestamp="2016-06-09T18:03:49Z" user="mcheckimport" uid="893327" lat="40.5924572" lon="17.1131902"/>
 <node id="4234289181" visible="true" version="1" changeset="39914094" timestamp="2016-06-09T18:03:49Z" user="mcheckimport" uid="893327" lat="40.5924578" lon="17.1120679"/>
 <node id="4234289183" visible="true" version="1" changeset="39914094" timestamp="2016-06-09T18:03:49Z" user="mcheckimport" uid="893327" lat="40.5924589" lon="17.1120914"/>
 <node id="4234289185" visible="true" version="1" changeset="39914094" timestamp="2016-06-09T18:03:49Z" user="mcheckimport" uid="893327" lat="40.5924593" lon="17.1160373"/>
 <node id="4234289187" visible="true" version="1" changeset="39914094" timestamp="2016-06-09T18:03:49Z" user="mcheckimport" uid="893327" lat="40.5924608" lon="17.1131742"/>
 <node id="4234289188" visible="true" version="1" changeset="39914094" timestamp="2016-06-09T18:03:49Z" user="mcheckimport" uid="893327" lat="40.5924612" lon="17.1168319"/>
 <node id="4234289189" visible="true" version="1" changeset="39914094" timestamp="2016-06-09T18:03:49Z" user="mcheckimport" uid="893327" lat="40.5924629" lon="17.1146489"/>
 <node id="4234289190" visible="true" version="1" changeset="39914094" timestamp="2016-06-09T18:03:49Z" user="mcheckimport" uid="893327" lat="40.5924631" lon="17.1120881"/>
 <node id="4234289191" visible="true" version="1" changeset="39914094" timestamp="2016-06-09T18:03:49Z" user="mcheckimport" uid="893327" lat="40.5924634" lon="17.1120681"/>
 <node id="4234289192" visible="true" version="1" changeset="39914094" timestamp="2016-06-09T18:03:49Z" user="mcheckimport" uid="893327" lat="40.5924637" lon="17.1140942"/>
 <node id="4234289194" visible="true" version="1" changeset="39914094" timestamp="2016-06-09T18:03:49Z" user="mcheckimport" uid="893327" lat="40.5924664" lon="17.1113208"/>
 <node id="4234289196" visible="true" version="1" changeset="39914094" timestamp="2016-06-09T18:03:49Z" user="mcheckimport" uid="893327" lat="40.5924678" lon="17.1120711"/>
 <node id="4234289197" visible="true" version="1" changeset="39914094" timestamp="2016-06-09T18:03:49Z" user="mcheckimport" uid="893327" lat="40.5924679" lon="17.1143840"/>
 <node id="4234289198" visible="true" version="1" changeset="39914094" timestamp="2016-06-09T18:03:49Z" user="mcheckimport" uid="893327" lat="40.5924680" lon="17.1120865"/>
 <node id="4234289199" visible="true" version="1" changeset="39914094" timestamp="2016-06-09T18:03:49Z" user="mcheckimport" uid="893327" lat="40.5924681" lon="17.1145623"/>
 <node id="4234289200" visible="true" version="1" changeset="39914094" timestamp="2016-06-09T18:03:49Z" user="mcheckimport" uid="893327" lat="40.5924685" lon="17.1156416"/>
 <node id="4234289202" visible="true" version="1" changeset="39914094" timestamp="2016-06-09T18:03:49Z" user="mcheckimport" uid="893327" lat="40.5924686" lon="17.1113800"/>
 <node id="4234289203" visible="true" version="1" changeset="39914094" timestamp="2016-06-09T18:03:49Z" user="mcheckimport" uid="893327" lat="40.5924691" lon="17.1133506"/>
 <node id="4234289204" visible="true" version="1" changeset="39914094" timestamp="2016-06-09T18:03:49Z" user="mcheckimport" uid="893327" lat="40.5924697" lon="17.1120753"/>
 <node id="4234289205" visible="true" version="1" changeset="39914094" timestamp="2016-06-09T18:03:49Z" user="mcheckimport" uid="893327" lat="40.5924698" lon="17.1120823"/>
 <node id="4234289206" visible="true" version="1" changeset="39914094" timestamp="2016-06-09T18:03:49Z" user="mcheckimport" uid="893327" lat="40.5924717" lon="17.1113797"/>
 <node id="4234289207" visible="true" version="1" changeset="39914094" timestamp="2016-06-09T18:03:49Z" user="mcheckimport" uid="893327" lat="40.5924722" lon="17.1113937"/>
 <node id="4234289211" visible="true" version="1" changeset="39914094" timestamp="2016-06-09T18:03:49Z" user="mcheckimport" uid="893327" lat="40.5924738" lon="17.1125722"/>
 <node id="4234289212" visible="true" version="1" changeset="39914094" timestamp="2016-06-09T18:03:49Z" user="mcheckimport" uid="893327" lat="40.5924746" lon="17.1120062"/>
 <node id="4234289213" visible="true" version="1" changeset="39914094" timestamp="2016-06-09T18:03:49Z" user="mcheckimport" uid="893327" lat="40.5924754" lon="17.1143482"/>
 <node id="4234289216" visible="true" version="1" changeset="39914094" timestamp="2016-06-09T18:03:50Z" user="mcheckimport" uid="893327" lat="40.5924760" lon="17.1110458"/>
 <node id="4234289217" visible="true" version="1" changeset="39914094" timestamp="2016-06-09T18:03:50Z" user="mcheckimport" uid="893327" lat="40.5924767" lon="17.1110222"/>
 <node id="4234289218" visible="true" version="1" changeset="39914094" timestamp="2016-06-09T18:03:50Z" user="mcheckimport" uid="893327" lat="40.5924770" lon="17.1113934"/>
 <node id="4234289220" visible="true" version="1" changeset="39914094" timestamp="2016-06-09T18:03:50Z" user="mcheckimport" uid="893327" lat="40.5924780" lon="17.1114168"/>
 <node id="4234289222" visible="true" version="1" changeset="39914094" timestamp="2016-06-09T18:03:50Z" user="mcheckimport" uid="893327" lat="40.5924803" lon="17.1105458"/>
 <node id="4234289225" visible="true" version="1" changeset="39914094" timestamp="2016-06-09T18:03:50Z" user="mcheckimport" uid="893327" lat="40.5924818" lon="17.1136619"/>
 <node id="4234289227" visible="true" version="1" changeset="39914094" timestamp="2016-06-09T18:03:50Z" user="mcheckimport" uid="893327" lat="40.5924820" lon="17.1105269"/>
 <node id="4234289229" visible="true" version="1" changeset="39914094" timestamp="2016-06-09T18:03:50Z" user="mcheckimport" uid="893327" lat="40.5924833" lon="17.1133569"/>
 <node id="4234289230" visible="true" version="1" changeset="39914094" timestamp="2016-06-09T18:03:50Z" user="mcheckimport" uid="893327" lat="40.5924846" lon="17.1161434"/>
 <node id="4234289231" visible="true" version="1" changeset="39914094" timestamp="2016-06-09T18:03:50Z" user="mcheckimport" uid="893327" lat="40.5924848" lon="17.1139999"/>
 <node id="4234289232" visible="true" version="1" changeset="39914094" timestamp="2016-06-09T18:03:50Z" user="mcheckimport" uid="893327" lat="40.5924855" lon="17.1108048"/>
 <node id="4234289235" visible="true" version="1" changeset="39914094" timestamp="2016-06-09T18:03:50Z" user="mcheckimport" uid="893327" lat="40.5924898" lon="17.1143920"/>
 <node id="4234289238" visible="true" version="1" changeset="39914094" timestamp="2016-06-09T18:03:50Z" user="mcheckimport" uid="893327" lat="40.5924915" lon="17.1133244"/>
 <node id="4234289239" visible="true" version="1" changeset="39914094" timestamp="2016-06-09T18:03:50Z" user="mcheckimport" uid="893327" lat="40.5924916" lon="17.1114159"/>
 <node id="4234289240" visible="true" version="1" changeset="39914094" timestamp="2016-06-09T18:03:50Z" user="mcheckimport" uid="893327" lat="40.5924916" lon="17.1175152"/>
 <node id="4234289242" visible="true" version="1" changeset="39914094" timestamp="2016-06-09T18:03:50Z" user="mcheckimport" uid="893327" lat="40.5924927" lon="17.1114468"/>
 <node id="4234289243" visible="true" version="1" changeset="39914094" timestamp="2016-06-09T18:03:50Z" user="mcheckimport" uid="893327" lat="40.5924932" lon="17.1107317"/>
 <node id="4234289246" visible="true" version="1" changeset="39914094" timestamp="2016-06-09T18:03:50Z" user="mcheckimport" uid="893327" lat="40.5924938" lon="17.1142953"/>
 <node id="4234289248" visible="true" version="1" changeset="39914094" timestamp="2016-06-09T18:03:50Z" user="mcheckimport" uid="893327" lat="40.5924961" lon="17.1143618"/>
 <node id="4234289250" visible="true" version="1" changeset="39914094" timestamp="2016-06-09T18:03:50Z" user="mcheckimport" uid="893327" lat="40.5924966" lon="17.1157895"/>
 <node id="4234289252" visible="true" version="1" changeset="39914094" timestamp="2016-06-09T18:03:50Z" user="mcheckimport" uid="893327" lat="40.5924974" lon="17.1143561"/>
 <node id="4234289258" visible="true" version="1" changeset="39914094" timestamp="2016-06-09T18:03:50Z" user="mcheckimport" uid="893327" lat="40.5925016" lon="17.1154602"/>
 <node id="4234289261" visible="true" version="1" changeset="39914094" timestamp="2016-06-09T18:03:50Z" user="mcheckimport" uid="893327" lat="40.5925060" lon="17.1160574"/>
 <node id="4234289263" visible="true" version="1" changeset="39914094" timestamp="2016-06-09T18:03:50Z" user="mcheckimport" uid="893327" lat="40.5925074" lon="17.1157426"/>
 <node id="4234289264" visible="true" version="1" changeset="39914094" timestamp="2016-06-09T18:03:50Z" user="mcheckimport" uid="893327" lat="40.5925077" lon="17.1129365"/>
 <node id="4234289265" visible="true" version="1" changeset="39914094" timestamp="2016-06-09T18:03:50Z" user="mcheckimport" uid="893327" lat="40.5925088" lon="17.1143008"/>
 <node id="4234289266" visible="true" version="1" changeset="39914094" timestamp="2016-06-09T18:03:50Z" user="mcheckimport" uid="893327" lat="40.5925089" lon="17.1142223"/>
 <node id="4234289267" visible="true" version="1" changeset="39914094" timestamp="2016-06-09T18:03:50Z" user="mcheckimport" uid="893327" lat="40.5925095" lon="17.1135481"/>
 <node id="4234289268" visible="true" version="1" changeset="39914094" timestamp="2016-06-09T18:03:50Z" user="mcheckimport" uid="893327" lat="40.5925108" lon="17.1108094"/>
 <node id="4234289270" visible="true" version="1" changeset="39914094" timestamp="2016-06-09T18:03:50Z" user="mcheckimport" uid="893327" lat="40.5925117" lon="17.1129724"/>
 <node id="4234289276" visible="true" version="1" changeset="39914094" timestamp="2016-06-09T18:03:50Z" user="mcheckimport" uid="893327" lat="40.5925145" lon="17.1105513"/>
 <node id="4234289278" visible="true" version="1" changeset="39914094" timestamp="2016-06-09T18:03:50Z" user="mcheckimport" uid="893327" lat="40.5925161" lon="17.1105340"/>
 <node id="4234289279" visible="true" version="1" changeset="39914094" timestamp="2016-06-09T18:03:50Z" user="mcheckimport" uid="893327" lat="40.5925189" lon="17.1129409"/>
 <node id="4234289280" visible="true" version="1" changeset="39914094" timestamp="2016-06-09T18:03:51Z" user="mcheckimport" uid="893327" lat="40.5925201" lon="17.1150522"/>
 <node id="4234289283" visible="true" version="1" changeset="39914094" timestamp="2016-06-09T18:03:51Z" user="mcheckimport" uid="893327" lat="40.5925210" lon="17.1142266"/>
 <node id="4234289284" visible="true" version="1" changeset="39914094" timestamp="2016-06-09T18:03:51Z" user="mcheckimport" uid="893327" lat="40.5925210" lon="17.1147955"/>
 <node id="4234289286" visible="true" version="1" changeset="39914094" timestamp="2016-06-09T18:03:51Z" user="mcheckimport" uid="893327" lat="40.5925211" lon="17.1165343"/>
 <node id="4234289288" visible="true" version="1" changeset="39914094" timestamp="2016-06-09T18:03:51Z" user="mcheckimport" uid="893327" lat="40.5925237" lon="17.1106862"/>
 <node id="4234289289" visible="true" version="1" changeset="39914094" timestamp="2016-06-09T18:03:51Z" user="mcheckimport" uid="893327" lat="40.5925249" lon="17.1147345"/>
 <node id="4234289290" visible="true" version="1" changeset="39914094" timestamp="2016-06-09T18:03:51Z" user="mcheckimport" uid="893327" lat="40.5925257" lon="17.1142043"/>
 <node id="4234289295" visible="true" version="1" changeset="39914094" timestamp="2016-06-09T18:03:51Z" user="mcheckimport" uid="893327" lat="40.5925274" lon="17.1128506"/>
 <node id="4234289296" visible="true" version="1" changeset="39914094" timestamp="2016-06-09T18:03:51Z" user="mcheckimport" uid="893327" lat="40.5925278" lon="17.1129789"/>
 <node id="4234289298" visible="true" version="1" changeset="39914094" timestamp="2016-06-09T18:03:51Z" user="mcheckimport" uid="893327" lat="40.5925296" lon="17.1158026"/>
 <node id="4234289299" visible="true" version="1" changeset="39914094" timestamp="2016-06-09T18:03:51Z" user="mcheckimport" uid="893327" lat="40.5925298" lon="17.1164973"/>
 <node id="4234289300" visible="true" version="1" changeset="39914094" timestamp="2016-06-09T18:03:51Z" user="mcheckimport" uid="893327" lat="40.5925300" lon="17.1123070"/>
 <node id="4234289301" visible="true" version="1" changeset="39914094" timestamp="2016-06-09T18:03:51Z" user="mcheckimport" uid="893327" lat="40.5925304" lon="17.1165381"/>
 <node id="4234289302" visible="true" version="1" changeset="39914094" timestamp="2016-06-09T18:03:51Z" user="mcheckimport" uid="893327" lat="40.5925305" lon="17.1147083"/>
 <node id="4234289304" visible="true" version="1" changeset="39914094" timestamp="2016-06-09T18:03:51Z" user="mcheckimport" uid="893327" lat="40.5925307" lon="17.1143268"/>
 <node id="4234289305" visible="true" version="1" changeset="39914094" timestamp="2016-06-09T18:03:51Z" user="mcheckimport" uid="893327" lat="40.5925309" lon="17.1129502"/>
 <node id="4234289306" visible="true" version="1" changeset="39914094" timestamp="2016-06-09T18:03:51Z" user="mcheckimport" uid="893327" lat="40.5925330" lon="17.1128528"/>
 <node id="4234289307" visible="true" version="1" changeset="39914094" timestamp="2016-06-09T18:03:51Z" user="mcheckimport" uid="893327" lat="40.5925331" lon="17.1147384"/>
 <node id="4234289308" visible="true" version="1" changeset="39914094" timestamp="2016-06-09T18:03:51Z" user="mcheckimport" uid="893327" lat="40.5925341" lon="17.1129515"/>
 <node id="4234289309" visible="true" version="1" changeset="39914094" timestamp="2016-06-09T18:03:51Z" user="mcheckimport" uid="893327" lat="40.5925348" lon="17.1168689"/>
 <node id="4234289312" visible="true" version="1" changeset="39914094" timestamp="2016-06-09T18:03:51Z" user="mcheckimport" uid="893327" lat="40.5925388" lon="17.1128276"/>
 <node id="4234289316" visible="true" version="1" changeset="39914094" timestamp="2016-06-09T18:03:51Z" user="mcheckimport" uid="893327" lat="40.5925404" lon="17.1157557"/>
 <node id="4234289318" visible="true" version="1" changeset="39914094" timestamp="2016-06-09T18:03:51Z" user="mcheckimport" uid="893327" lat="40.5925409" lon="17.1165018"/>
 <node id="4234289319" visible="true" version="1" changeset="39914094" timestamp="2016-06-09T18:03:51Z" user="mcheckimport" uid="893327" lat="40.5925412" lon="17.1147413"/>
 <node id="4234289320" visible="true" version="1" changeset="39914094" timestamp="2016-06-09T18:03:51Z" user="mcheckimport" uid="893327" lat="40.5925418" lon="17.1152833"/>
 <node id="4234289324" visible="true" version="1" changeset="39914094" timestamp="2016-06-09T18:03:51Z" user="mcheckimport" uid="893327" lat="40.5925449" lon="17.1149629"/>
 <node id="4234289329" visible="true" version="1" changeset="39914094" timestamp="2016-06-09T18:03:51Z" user="mcheckimport" uid="893327" lat="40.5925469" lon="17.1147144"/>
 <node id="4234289330" visible="true" version="1" changeset="39914094" timestamp="2016-06-09T18:03:51Z" user="mcheckimport" uid="893327" lat="40.5925476" lon="17.1128770"/>
 <node id="4234289338" visible="true" version="1" changeset="39914094" timestamp="2016-06-09T18:03:51Z" user="mcheckimport" uid="893327" lat="40.5925509" lon="17.1108527"/>
 <node id="4234289339" visible="true" version="1" changeset="39914094" timestamp="2016-06-09T18:03:51Z" user="mcheckimport" uid="893327" lat="40.5925540" lon="17.1142144"/>
 <node id="4234289340" visible="true" version="1" changeset="39914094" timestamp="2016-06-09T18:03:51Z" user="mcheckimport" uid="893327" lat="40.5925553" lon="17.1122034"/>
 <node id="4234289343" visible="true" version="1" changeset="39914094" timestamp="2016-06-09T18:03:51Z" user="mcheckimport" uid="893327" lat="40.5925591" lon="17.1116176"/>
 <node id="4234289347" visible="true" version="1" changeset="39914094" timestamp="2016-06-09T18:03:52Z" user="mcheckimport" uid="893327" lat="40.5925607" lon="17.1144017"/>
 <node id="4234289349" visible="true" version="1" changeset="39914094" timestamp="2016-06-09T18:03:52Z" user="mcheckimport" uid="893327" lat="40.5925611" lon="17.1136643"/>
 <node id="4234289351" visible="true" version="1" changeset="39914094" timestamp="2016-06-09T18:03:52Z" user="mcheckimport" uid="893327" lat="40.5925624" lon="17.1143677"/>
 <node id="4234289354" visible="true" version="1" changeset="39914094" timestamp="2016-06-09T18:03:52Z" user="mcheckimport" uid="893327" lat="40.5925642" lon="17.1143861"/>
 <node id="4234289355" visible="true" version="1" changeset="39914094" timestamp="2016-06-09T18:03:52Z" user="mcheckimport" uid="893327" lat="40.5925654" lon="17.1139570"/>
 <node id="4234289356" visible="true" version="1" changeset="39914094" timestamp="2016-06-09T18:03:52Z" user="mcheckimport" uid="893327" lat="40.5925658" lon="17.1143790"/>
 <node id="4234289357" visible="true" version="1" changeset="39914094" timestamp="2016-06-09T18:03:52Z" user="mcheckimport" uid="893327" lat="40.5925669" lon="17.1112558"/>
 <node id="4234289358" visible="true" version="1" changeset="39914094" timestamp="2016-06-09T18:03:52Z" user="mcheckimport" uid="893327" lat="40.5925676" lon="17.1143696"/>
 <node id="4234289360" visible="true" version="1" changeset="39914094" timestamp="2016-06-09T18:03:52Z" user="mcheckimport" uid="893327" lat="40.5925680" lon="17.1143401"/>
 <node id="4234289361" visible="true" version="1" changeset="39914094" timestamp="2016-06-09T18:03:52Z" user="mcheckimport" uid="893327" lat="40.5925693" lon="17.1106501"/>
 <node id="4234289363" visible="true" version="1" changeset="39914094" timestamp="2016-06-09T18:03:52Z" user="mcheckimport" uid="893327" lat="40.5925717" lon="17.1113819"/>
 <node id="4234289364" visible="true" version="1" changeset="39914094" timestamp="2016-06-09T18:03:52Z" user="mcheckimport" uid="893327" lat="40.5925717" lon="17.1163706"/>
 <node id="4234289369" visible="true" version="1" changeset="39914094" timestamp="2016-06-09T18:03:52Z" user="mcheckimport" uid="893327" lat="40.5925751" lon="17.1115371"/>
 <node id="4234289371" visible="true" version="1" changeset="39914094" timestamp="2016-06-09T18:03:52Z" user="mcheckimport" uid="893327" lat="40.5925770" lon="17.1121041"/>
 <node id="4234289372" visible="true" version="1" changeset="39914094" timestamp="2016-06-09T18:03:52Z" user="mcheckimport" uid="893327" lat="40.5925772" lon="17.1128887"/>
 <node id="4234289374" visible="true" version="1" changeset="39914094" timestamp="2016-06-09T18:03:52Z" user="mcheckimport" uid="893327" lat="40.5925790" lon="17.1105437"/>
 <node id="4234289375" visible="true" version="1" changeset="39914094" timestamp="2016-06-09T18:03:52Z" user="mcheckimport" uid="893327" lat="40.5925790" lon="17.1132369"/>
 <node id="4234289380" visible="true" version="1" changeset="39914094" timestamp="2016-06-09T18:03:52Z" user="mcheckimport" uid="893327" lat="40.5925814" lon="17.1135690"/>
 <node id="4234289383" visible="true" version="1" changeset="39914094" timestamp="2016-06-09T18:03:52Z" user="mcheckimport" uid="893327" lat="40.5925829" lon="17.1108578"/>
 <node id="4234289384" visible="true" version="1" changeset="39914094" timestamp="2016-06-09T18:03:52Z" user="mcheckimport" uid="893327" lat="40.5925833" lon="17.1163018"/>
 <node id="4234289385" visible="true" version="1" changeset="39914094" timestamp="2016-06-09T18:03:52Z" user="mcheckimport" uid="893327" lat="40.5925836" lon="17.1157393"/>
 <node id="4234289386" visible="true" version="1" changeset="39914094" timestamp="2016-06-09T18:03:52Z" user="mcheckimport" uid="893327" lat="40.5925840" lon="17.1155076"/>
 <node id="4234289390" visible="true" version="1" changeset="39914094" timestamp="2016-06-09T18:03:52Z" user="mcheckimport" uid="893327" lat="40.5925859" lon="17.1112545"/>
 <node id="4234289391" visible="true" version="1" changeset="39914094" timestamp="2016-06-09T18:03:52Z" user="mcheckimport" uid="893327" lat="40.5925862" lon="17.1139658"/>
 <node id="4234289392" visible="true" version="1" changeset="39914094" timestamp="2016-06-09T18:03:52Z" user="mcheckimport" uid="893327" lat="40.5925868" lon="17.1128465"/>
 <node id="4234289393" visible="true" version="1" changeset="39914094" timestamp="2016-06-09T18:03:52Z" user="mcheckimport" uid="893327" lat="40.5925872" lon="17.1154937"/>
 <node id="4234289394" visible="true" version="1" changeset="39914094" timestamp="2016-06-09T18:03:52Z" user="mcheckimport" uid="893327" lat="40.5925875" lon="17.1157256"/>
 <node id="4234289395" visible="true" version="1" changeset="39914094" timestamp="2016-06-09T18:03:52Z" user="mcheckimport" uid="893327" lat="40.5925880" lon="17.1108020"/>
 <node id="4234289398" visible="true" version="1" changeset="39914094" timestamp="2016-06-09T18:03:52Z" user="mcheckimport" uid="893327" lat="40.5925887" lon="17.1144126"/>
 <node id="4234289399" visible="true" version="1" changeset="39914094" timestamp="2016-06-09T18:03:52Z" user="mcheckimport" uid="893327" lat="40.5925889" lon="17.1138622"/>
 <node id="4234289401" visible="true" version="1" changeset="39914094" timestamp="2016-06-09T18:03:52Z" user="mcheckimport" uid="893327" lat="40.5925907" lon="17.1113807"/>
 <node id="4234289403" visible="true" version="1" changeset="39914094" timestamp="2016-06-09T18:03:52Z" user="mcheckimport" uid="893327" lat="40.5925924" lon="17.1123298"/>
 <node id="4234289405" visible="true" version="1" changeset="39914094" timestamp="2016-06-09T18:03:52Z" user="mcheckimport" uid="893327" lat="40.5925938" lon="17.1143901"/>
 <node id="4234289408" visible="true" version="1" changeset="39914094" timestamp="2016-06-09T18:03:52Z" user="mcheckimport" uid="893327" lat="40.5925958" lon="17.1106543"/>
 <node id="4234289410" visible="true" version="1" changeset="39914094" timestamp="2016-06-09T18:03:53Z" user="mcheckimport" uid="893327" lat="40.5925978" lon="17.1138660"/>
 <node id="4234289411" visible="true" version="1" changeset="39914094" timestamp="2016-06-09T18:03:53Z" user="mcheckimport" uid="893327" lat="40.5925993" lon="17.1122972"/>
 <node id="4234289414" visible="true" version="1" changeset="39914094" timestamp="2016-06-09T18:03:53Z" user="mcheckimport" uid="893327" lat="40.5926012" lon="17.1138519"/>
 <node id="4234289415" visible="true" version="1" changeset="39914094" timestamp="2016-06-09T18:03:53Z" user="mcheckimport" uid="893327" lat="40.5926030" lon="17.1138975"/>
 <node id="4234289418" visible="true" version="1" changeset="39914094" timestamp="2016-06-09T18:03:53Z" user="mcheckimport" uid="893327" lat="40.5926055" lon="17.1105479"/>
 <node id="4234289419" visible="true" version="1" changeset="39914094" timestamp="2016-06-09T18:03:53Z" user="mcheckimport" uid="893327" lat="40.5926061" lon="17.1138540"/>
 <node id="4234289420" visible="true" version="1" changeset="39914094" timestamp="2016-06-09T18:03:53Z" user="mcheckimport" uid="893327" lat="40.5926073" lon="17.1119663"/>
 <node id="4234289429" visible="true" version="1" changeset="39914094" timestamp="2016-06-09T18:03:53Z" user="mcheckimport" uid="893327" lat="40.5926120" lon="17.1138305"/>
 <node id="4234289432" visible="true" version="1" changeset="39914094" timestamp="2016-06-09T18:03:53Z" user="mcheckimport" uid="893327" lat="40.5926130" lon="17.1130774"/>
 <node id="4234289434" visible="true" version="1" changeset="39914094" timestamp="2016-06-09T18:03:53Z" user="mcheckimport" uid="893327" lat="40.5926135" lon="17.1123354"/>
 <node id="4234289436" visible="true" version="1" changeset="39914094" timestamp="2016-06-09T18:03:53Z" user="mcheckimport" uid="893327" lat="40.5926144" lon="17.1122257"/>
 <node id="4234289437" visible="true" version="1" changeset="39914094" timestamp="2016-06-09T18:03:53Z" user="mcheckimport" uid="893327" lat="40.5926149" lon="17.1149933"/>
 <node id="4234289438" visible="true" version="1" changeset="39914094" timestamp="2016-06-09T18:03:53Z" user="mcheckimport" uid="893327" lat="40.5926171" lon="17.1122137"/>
 <node id="4234289439" visible="true" version="1" changeset="39914094" timestamp="2016-06-09T18:03:53Z" user="mcheckimport" uid="893327" lat="40.5926172" lon="17.1124261"/>
 <node id="4234289441" visible="true" version="1" changeset="39914094" timestamp="2016-06-09T18:03:53Z" user="mcheckimport" uid="893327" lat="40.5926189" lon="17.1106164"/>
 <node id="4234289442" visible="true" version="1" changeset="39914094" timestamp="2016-06-09T18:03:53Z" user="mcheckimport" uid="893327" lat="40.5926191" lon="17.1146290"/>
 <node id="4234289444" visible="true" version="1" changeset="39914094" timestamp="2016-06-09T18:03:53Z" user="mcheckimport" uid="893327" lat="40.5926200" lon="17.1123047"/>
 <node id="4234289449" visible="true" version="1" changeset="39914094" timestamp="2016-06-09T18:03:53Z" user="mcheckimport" uid="893327" lat="40.5926221" lon="17.1123971"/>
 <node id="4234289450" visible="true" version="1" changeset="39914094" timestamp="2016-06-09T18:03:53Z" user="mcheckimport" uid="893327" lat="40.5926238" lon="17.1155345"/>
 <node id="4234289452" visible="true" version="1" changeset="39914094" timestamp="2016-06-09T18:03:53Z" user="mcheckimport" uid="893327" lat="40.5926251" lon="17.1105485"/>
 <node id="4234289453" visible="true" version="1" changeset="39914094" timestamp="2016-06-09T18:03:53Z" user="mcheckimport" uid="893327" lat="40.5926254" lon="17.1121803"/>
 <node id="4234289454" visible="true" version="1" changeset="39914094" timestamp="2016-06-09T18:03:53Z" user="mcheckimport" uid="893327" lat="40.5926257" lon="17.1124612"/>
 <node id="4234289455" visible="true" version="1" changeset="39914094" timestamp="2016-06-09T18:03:53Z" user="mcheckimport" uid="893327" lat="40.5926262" lon="17.1155242"/>
 <node id="4234289458" visible="true" version="1" changeset="39914094" timestamp="2016-06-09T18:03:53Z" user="mcheckimport" uid="893327" lat="40.5926287" lon="17.1118694"/>
 <node id="4234289462" visible="true" version="1" changeset="39914094" timestamp="2016-06-09T18:03:53Z" user="mcheckimport" uid="893327" lat="40.5926303" lon="17.1121579"/>
 <node id="4234289465" visible="true" version="1" changeset="39914094" timestamp="2016-06-09T18:03:53Z" user="mcheckimport" uid="893327" lat="40.5926310" lon="17.1124300"/>
 <node id="4234289466" visible="true" version="1" changeset="39914094" timestamp="2016-06-09T18:03:53Z" user="mcheckimport" uid="893327" lat="40.5926324" lon="17.1107764"/>
 <node id="4234289467" visible="true" version="1" changeset="39914094" timestamp="2016-06-09T18:03:53Z" user="mcheckimport" uid="893327" lat="40.5926351" lon="17.1153197"/>
 <node id="4234289468" visible="true" version="1" changeset="39914094" timestamp="2016-06-09T18:03:53Z" user="mcheckimport" uid="893327" lat="40.5926352" lon="17.1154191"/>
 <node id="4234289469" visible="true" version="1" changeset="39914094" timestamp="2016-06-09T18:03:53Z" user="mcheckimport" uid="893327" lat="40.5926360" lon="17.1122209"/>
 <node id="4234289470" visible="true" version="1" changeset="39914094" timestamp="2016-06-09T18:03:53Z" user="mcheckimport" uid="893327" lat="40.5926375" lon="17.1139803"/>
 <node id="4234289473" visible="true" version="1" changeset="39914094" timestamp="2016-06-09T18:03:53Z" user="mcheckimport" uid="893327" lat="40.5926391" lon="17.1124651"/>
 <node id="4234289475" visible="true" version="1" changeset="39914094" timestamp="2016-06-09T18:03:53Z" user="mcheckimport" uid="893327" lat="40.5926401" lon="17.1139307"/>
 <node id="4234289476" visible="true" version="1" changeset="39914094" timestamp="2016-06-09T18:03:53Z" user="mcheckimport" uid="893327" lat="40.5926404" lon="17.1111609"/>
 <node id="4234289477" visible="true" version="1" changeset="39914094" timestamp="2016-06-09T18:03:54Z" user="mcheckimport" uid="893327" lat="40.5926412" lon="17.1118155"/>
 <node id="4234289478" visible="true" version="1" changeset="39914094" timestamp="2016-06-09T18:03:54Z" user="mcheckimport" uid="893327" lat="40.5926412" lon="17.1164057"/>
 <node id="4234289479" visible="true" version="1" changeset="39914094" timestamp="2016-06-09T18:03:54Z" user="mcheckimport" uid="893327" lat="40.5926415" lon="17.1157588"/>
 <node id="4234289481" visible="true" version="1" changeset="39914094" timestamp="2016-06-09T18:03:54Z" user="mcheckimport" uid="893327" lat="40.5926435" lon="17.1108107"/>
 <node id="4234289482" visible="true" version="1" changeset="39914094" timestamp="2016-06-09T18:03:54Z" user="mcheckimport" uid="893327" lat="40.5926435" lon="17.1121871"/>
 <node id="4234289483" visible="true" version="1" changeset="39914094" timestamp="2016-06-09T18:03:54Z" user="mcheckimport" uid="893327" lat="40.5926440" lon="17.1145305"/>
 <node id="4234289486" visible="true" version="1" changeset="39914094" timestamp="2016-06-09T18:03:54Z" user="mcheckimport" uid="893327" lat="40.5926463" lon="17.1139381"/>
 <node id="4234289488" visible="true" version="1" changeset="39914094" timestamp="2016-06-09T18:03:54Z" user="mcheckimport" uid="893327" lat="40.5926465" lon="17.1106207"/>
 <node id="4234289489" visible="true" version="1" changeset="39914094" timestamp="2016-06-09T18:03:54Z" user="mcheckimport" uid="893327" lat="40.5926465" lon="17.1107787"/>
 <node id="4234289494" visible="true" version="1" changeset="39914094" timestamp="2016-06-09T18:03:54Z" user="mcheckimport" uid="893327" lat="40.5926484" lon="17.1121647"/>
 <node id="4234289495" visible="true" version="1" changeset="39914094" timestamp="2016-06-09T18:03:54Z" user="mcheckimport" uid="893327" lat="40.5926488" lon="17.1123151"/>
 <node id="4234289496" visible="true" version="1" changeset="39914094" timestamp="2016-06-09T18:03:54Z" user="mcheckimport" uid="893327" lat="40.5926488" lon="17.1153680"/>
 <node id="4234289499" visible="true" version="1" changeset="39914094" timestamp="2016-06-09T18:03:54Z" user="mcheckimport" uid="893327" lat="40.5926493" lon="17.1124051"/>
 <node id="4234289503" visible="true" version="1" changeset="39914094" timestamp="2016-06-09T18:03:54Z" user="mcheckimport" uid="893327" lat="40.5926511" lon="17.1154265"/>
 <node id="4234289505" visible="true" version="1" changeset="39914094" timestamp="2016-06-09T18:03:54Z" user="mcheckimport" uid="893327" lat="40.5926537" lon="17.1111921"/>
 <node id="4234289506" visible="true" version="1" changeset="39914094" timestamp="2016-06-09T18:03:54Z" user="mcheckimport" uid="893327" lat="40.5926539" lon="17.1138700"/>
 <node id="4234289507" visible="true" version="1" changeset="39914094" timestamp="2016-06-09T18:03:54Z" user="mcheckimport" uid="893327" lat="40.5926541" lon="17.1132523"/>
 <node id="4234289509" visible="true" version="1" changeset="39914094" timestamp="2016-06-09T18:03:54Z" user="mcheckimport" uid="893327" lat="40.5926550" lon="17.1139867"/>
 <node id="4234289510" visible="true" version="1" changeset="39914094" timestamp="2016-06-09T18:03:54Z" user="mcheckimport" uid="893327" lat="40.5926552" lon="17.1121336"/>
 <node id="4234289511" visible="true" version="1" changeset="39914094" timestamp="2016-06-09T18:03:54Z" user="mcheckimport" uid="893327" lat="40.5926574" lon="17.1157921"/>
 <node id="4234289513" visible="true" version="1" changeset="39914094" timestamp="2016-06-09T18:03:54Z" user="mcheckimport" uid="893327" lat="40.5926595" lon="17.1163324"/>
 <node id="4234289514" visible="true" version="1" changeset="39914094" timestamp="2016-06-09T18:03:54Z" user="mcheckimport" uid="893327" lat="40.5926598" lon="17.1124965"/>
 <node id="4234289515" visible="true" version="1" changeset="39914094" timestamp="2016-06-09T18:03:54Z" user="mcheckimport" uid="893327" lat="40.5926606" lon="17.1167490"/>
 <node id="4234289517" visible="true" version="1" changeset="39914094" timestamp="2016-06-09T18:03:54Z" user="mcheckimport" uid="893327" lat="40.5926611" lon="17.1117228"/>
 <node id="4234289519" visible="true" version="1" changeset="39914094" timestamp="2016-06-09T18:03:54Z" user="mcheckimport" uid="893327" lat="40.5926614" lon="17.1157753"/>
 <node id="4234289524" visible="true" version="1" changeset="39914094" timestamp="2016-06-09T18:03:54Z" user="mcheckimport" uid="893327" lat="40.5926639" lon="17.1139444"/>
 <node id="4234289526" visible="true" version="1" changeset="39914094" timestamp="2016-06-09T18:03:54Z" user="mcheckimport" uid="893327" lat="40.5926651" lon="17.1127461"/>
 <node id="4234289527" visible="true" version="1" changeset="39914094" timestamp="2016-06-09T18:03:54Z" user="mcheckimport" uid="893327" lat="40.5926651" lon="17.1167632"/>
 <node id="4234289528" visible="true" version="1" changeset="39914094" timestamp="2016-06-09T18:03:54Z" user="mcheckimport" uid="893327" lat="40.5926665" lon="17.1122344"/>
 <node id="4234289530" visible="true" version="1" changeset="39914094" timestamp="2016-06-09T18:03:54Z" user="mcheckimport" uid="893327" lat="40.5926678" lon="17.1167520"/>
 <node id="4234289533" visible="true" version="1" changeset="39914094" timestamp="2016-06-09T18:03:54Z" user="mcheckimport" uid="893327" lat="40.5926723" lon="17.1153486"/>
 <node id="4234289534" visible="true" version="1" changeset="39914094" timestamp="2016-06-09T18:03:54Z" user="mcheckimport" uid="893327" lat="40.5926744" lon="17.1151796"/>
 <node id="4234289535" visible="true" version="1" changeset="39914094" timestamp="2016-06-09T18:03:54Z" user="mcheckimport" uid="893327" lat="40.5926744" lon="17.1166918"/>
 <node id="4234289537" visible="true" version="1" changeset="39914094" timestamp="2016-06-09T18:03:54Z" user="mcheckimport" uid="893327" lat="40.5926757" lon="17.1124212"/>
 <node id="4234289538" visible="true" version="1" changeset="39914094" timestamp="2016-06-09T18:03:54Z" user="mcheckimport" uid="893327" lat="40.5926790" lon="17.1121784"/>
 <node id="4234289540" visible="true" version="1" changeset="39914094" timestamp="2016-06-09T18:03:54Z" user="mcheckimport" uid="893327" lat="40.5926813" lon="17.1127773"/>
 <node id="4234289541" visible="true" version="1" changeset="39914094" timestamp="2016-06-09T18:03:54Z" user="mcheckimport" uid="893327" lat="40.5926816" lon="17.1166399"/>
 <node id="4234289542" visible="true" version="1" changeset="39914094" timestamp="2016-06-09T18:03:54Z" user="mcheckimport" uid="893327" lat="40.5926830" lon="17.1151390"/>
 <node id="4234289543" visible="true" version="1" changeset="39914094" timestamp="2016-06-09T18:03:54Z" user="mcheckimport" uid="893327" lat="40.5926834" lon="17.1158035"/>
 <node id="4234289546" visible="true" version="1" changeset="39914094" timestamp="2016-06-09T18:03:55Z" user="mcheckimport" uid="893327" lat="40.5926849" lon="17.1131100"/>
 <node id="4234289548" visible="true" version="1" changeset="39914094" timestamp="2016-06-09T18:03:55Z" user="mcheckimport" uid="893327" lat="40.5926852" lon="17.1138616"/>
 <node id="4234289549" visible="true" version="1" changeset="39914094" timestamp="2016-06-09T18:03:55Z" user="mcheckimport" uid="893327" lat="40.5926859" lon="17.1117887"/>
 <node id="4234289551" visible="true" version="1" changeset="39914094" timestamp="2016-06-09T18:03:55Z" user="mcheckimport" uid="893327" lat="40.5926863" lon="17.1121455"/>
 <node id="4234289552" visible="true" version="1" changeset="39914094" timestamp="2016-06-09T18:03:55Z" user="mcheckimport" uid="893327" lat="40.5926870" lon="17.1146562"/>
 <node id="4234289553" visible="true" version="1" changeset="39914094" timestamp="2016-06-09T18:03:55Z" user="mcheckimport" uid="893327" lat="40.5926871" lon="17.1123675"/>
 <node id="4234289555" visible="true" version="1" changeset="39914094" timestamp="2016-06-09T18:03:55Z" user="mcheckimport" uid="893327" lat="40.5926881" lon="17.1123626"/>
 <node id="4234289556" visible="true" version="1" changeset="39914094" timestamp="2016-06-09T18:03:55Z" user="mcheckimport" uid="893327" lat="40.5926886" lon="17.1115978"/>
 <node id="4234289557" visible="true" version="1" changeset="39914094" timestamp="2016-06-09T18:03:55Z" user="mcheckimport" uid="893327" lat="40.5926898" lon="17.1168051"/>
 <node id="4234289558" visible="true" version="1" changeset="39914094" timestamp="2016-06-09T18:03:55Z" user="mcheckimport" uid="893327" lat="40.5926899" lon="17.1138408"/>
 <node id="4234289559" visible="true" version="1" changeset="39914094" timestamp="2016-06-09T18:03:55Z" user="mcheckimport" uid="893327" lat="40.5926919" lon="17.1152584"/>
 <node id="4234289560" visible="true" version="1" changeset="39914094" timestamp="2016-06-09T18:03:55Z" user="mcheckimport" uid="893327" lat="40.5926941" lon="17.1155855"/>
 <node id="4234289562" visible="true" version="1" changeset="39914094" timestamp="2016-06-09T18:03:55Z" user="mcheckimport" uid="893327" lat="40.5926967" lon="17.1167764"/>
 <node id="4234289563" visible="true" version="1" changeset="39914094" timestamp="2016-06-09T18:03:55Z" user="mcheckimport" uid="893327" lat="40.5926974" lon="17.1117366"/>
 <node id="4234289564" visible="true" version="1" changeset="39914094" timestamp="2016-06-09T18:03:55Z" user="mcheckimport" uid="893327" lat="40.5926979" lon="17.1148888"/>
 <node id="4234289565" visible="true" version="1" changeset="39914094" timestamp="2016-06-09T18:03:55Z" user="mcheckimport" uid="893327" lat="40.5926984" lon="17.1166671"/>
 <node id="4234289566" visible="true" version="1" changeset="39914094" timestamp="2016-06-09T18:03:55Z" user="mcheckimport" uid="893327" lat="40.5926990" lon="17.1155639"/>
 <node id="4234289569" visible="true" version="1" changeset="39914094" timestamp="2016-06-09T18:03:55Z" user="mcheckimport" uid="893327" lat="40.5927011" lon="17.1158113"/>
 <node id="4234289570" visible="true" version="1" changeset="39914094" timestamp="2016-06-09T18:03:55Z" user="mcheckimport" uid="893327" lat="40.5927021" lon="17.1158087"/>
 <node id="4234289571" visible="true" version="1" changeset="39914094" timestamp="2016-06-09T18:03:55Z" user="mcheckimport" uid="893327" lat="40.5927028" lon="17.1166487"/>
 <node id="4234289573" visible="true" version="1" changeset="39914094" timestamp="2016-06-09T18:03:55Z" user="mcheckimport" uid="893327" lat="40.5927039" lon="17.1165475"/>
 <node id="4234289575" visible="true" version="1" changeset="39914094" timestamp="2016-06-09T18:03:55Z" user="mcheckimport" uid="893327" lat="40.5927060" lon="17.1167639"/>
 <node id="4234289577" visible="true" version="1" changeset="39914094" timestamp="2016-06-09T18:03:55Z" user="mcheckimport" uid="893327" lat="40.5927063" lon="17.1126570"/>
 <node id="4234289578" visible="true" version="1" changeset="39914094" timestamp="2016-06-09T18:03:55Z" user="mcheckimport" uid="893327" lat="40.5927068" lon="17.1151916"/>
 <node id="4234289580" visible="true" version="1" changeset="39914094" timestamp="2016-06-09T18:03:55Z" user="mcheckimport" uid="893327" lat="40.5927087" lon="17.1161120"/>
 <node id="4234289581" visible="true" version="1" changeset="39914094" timestamp="2016-06-09T18:03:55Z" user="mcheckimport" uid="893327" lat="40.5927094" lon="17.1167062"/>
 <node id="4234289582" visible="true" version="1" changeset="39914094" timestamp="2016-06-09T18:03:55Z" user="mcheckimport" uid="893327" lat="40.5927114" lon="17.1134501"/>
 <node id="4234289584" visible="true" version="1" changeset="39914094" timestamp="2016-06-09T18:03:55Z" user="mcheckimport" uid="893327" lat="40.5927128" lon="17.1145587"/>
 <node id="4234289586" visible="true" version="1" changeset="39914094" timestamp="2016-06-09T18:03:55Z" user="mcheckimport" uid="893327" lat="40.5927136" lon="17.1161140"/>
 <node id="4234289588" visible="true" version="1" changeset="39914094" timestamp="2016-06-09T18:03:55Z" user="mcheckimport" uid="893327" lat="40.5927151" lon="17.1167260"/>
 <node id="4234289590" visible="true" version="1" changeset="39914094" timestamp="2016-06-09T18:03:55Z" user="mcheckimport" uid="893327" lat="40.5927154" lon="17.1151510"/>
 <node id="4234289591" visible="true" version="1" changeset="39914094" timestamp="2016-06-09T18:03:55Z" user="mcheckimport" uid="893327" lat="40.5927164" lon="17.1109409"/>
 <node id="4234289592" visible="true" version="1" changeset="39914094" timestamp="2016-06-09T18:03:55Z" user="mcheckimport" uid="893327" lat="40.5927166" lon="17.1121926"/>
 <node id="4234289593" visible="true" version="1" changeset="39914094" timestamp="2016-06-09T18:03:55Z" user="mcheckimport" uid="893327" lat="40.5927170" lon="17.1166748"/>
 <node id="4234289596" visible="true" version="1" changeset="39914094" timestamp="2016-06-09T18:03:55Z" user="mcheckimport" uid="893327" lat="40.5927189" lon="17.1123795"/>
 <node id="4234289597" visible="true" version="1" changeset="39914094" timestamp="2016-06-09T18:03:55Z" user="mcheckimport" uid="893327" lat="40.5927192" lon="17.1114616"/>
 <node id="4234289598" visible="true" version="1" changeset="39914094" timestamp="2016-06-09T18:03:55Z" user="mcheckimport" uid="893327" lat="40.5927194" lon="17.1141922"/>
 <node id="4234289599" visible="true" version="1" changeset="39914094" timestamp="2016-06-09T18:03:55Z" user="mcheckimport" uid="893327" lat="40.5927199" lon="17.1151306"/>
 <node id="4234289600" visible="true" version="1" changeset="39914094" timestamp="2016-06-09T18:03:55Z" user="mcheckimport" uid="893327" lat="40.5927200" lon="17.1121775"/>
 <node id="4234289602" visible="true" version="1" changeset="39914094" timestamp="2016-06-09T18:03:55Z" user="mcheckimport" uid="893327" lat="40.5927216" lon="17.1109391"/>
 <node id="4234289603" visible="true" version="1" changeset="39914094" timestamp="2016-06-09T18:03:55Z" user="mcheckimport" uid="893327" lat="40.5927220" lon="17.1122553"/>
 <node id="4234289604" visible="true" version="1" changeset="39914094" timestamp="2016-06-09T18:03:55Z" user="mcheckimport" uid="893327" lat="40.5927220" lon="17.1134047"/>
 <node id="4234289605" visible="true" version="1" changeset="39914094" timestamp="2016-06-09T18:03:55Z" user="mcheckimport" uid="893327" lat="40.5927221" lon="17.1147811"/>
 <node id="4234289607" visible="true" version="1" changeset="39914094" timestamp="2016-06-09T18:03:55Z" user="mcheckimport" uid="893327" lat="40.5927235" lon="17.1109282"/>
 <node id="4234289608" visible="true" version="1" changeset="39914094" timestamp="2016-06-09T18:03:55Z" user="mcheckimport" uid="893327" lat="40.5927237" lon="17.1116111"/>
 <node id="4234289609" visible="true" version="1" changeset="39914094" timestamp="2016-06-09T18:03:55Z" user="mcheckimport" uid="893327" lat="40.5927237" lon="17.1168402"/>
 <node id="4234289610" visible="true" version="1" changeset="39914094" timestamp="2016-06-09T18:03:55Z" user="mcheckimport" uid="893327" lat="40.5927256" lon="17.1138980"/>
 <node id="4234289612" visible="true" version="1" changeset="39914094" timestamp="2016-06-09T18:03:56Z" user="mcheckimport" uid="893327" lat="40.5927258" lon="17.1149185"/>
 <node id="4234289613" visible="true" version="1" changeset="39914094" timestamp="2016-06-09T18:03:56Z" user="mcheckimport" uid="893327" lat="40.5927265" lon="17.1123445"/>
 <node id="4234289617" visible="true" version="1" changeset="39914094" timestamp="2016-06-09T18:03:56Z" user="mcheckimport" uid="893327" lat="40.5927284" lon="17.1168212"/>
 <node id="4234289620" visible="true" version="1" changeset="39914094" timestamp="2016-06-09T18:03:56Z" user="mcheckimport" uid="893327" lat="40.5927297" lon="17.1118509"/>
 <node id="4234289621" visible="true" version="1" changeset="39914094" timestamp="2016-06-09T18:03:56Z" user="mcheckimport" uid="893327" lat="40.5927297" lon="17.1149012"/>
 <node id="4234289624" visible="true" version="1" changeset="39914094" timestamp="2016-06-09T18:03:56Z" user="mcheckimport" uid="893327" lat="40.5927317" lon="17.1134087"/>
 <node id="4234289626" visible="true" version="1" changeset="39914094" timestamp="2016-06-09T18:03:56Z" user="mcheckimport" uid="893327" lat="40.5927321" lon="17.1118406"/>
 <node id="4234289628" visible="true" version="1" changeset="39914094" timestamp="2016-06-09T18:03:56Z" user="mcheckimport" uid="893327" lat="40.5927345" lon="17.1125237"/>
 <node id="4234289629" visible="true" version="1" changeset="39914094" timestamp="2016-06-09T18:03:56Z" user="mcheckimport" uid="893327" lat="40.5927346" lon="17.1138583"/>
 <node id="4234289630" visible="true" version="1" changeset="39914094" timestamp="2016-06-09T18:03:56Z" user="mcheckimport" uid="893327" lat="40.5927353" lon="17.1166022"/>
 <node id="4234289632" visible="true" version="1" changeset="39914094" timestamp="2016-06-09T18:03:56Z" user="mcheckimport" uid="893327" lat="40.5927374" lon="17.1115493"/>
 <node id="4234289633" visible="true" version="1" changeset="39914094" timestamp="2016-06-09T18:03:56Z" user="mcheckimport" uid="893327" lat="40.5927376" lon="17.1121841"/>
 <node id="4234289634" visible="true" version="1" changeset="39914094" timestamp="2016-06-09T18:03:56Z" user="mcheckimport" uid="893327" lat="40.5927392" lon="17.1133769"/>
 <node id="4234289635" visible="true" version="1" changeset="39914094" timestamp="2016-06-09T18:03:56Z" user="mcheckimport" uid="893327" lat="40.5927394" lon="17.1165649"/>
 <node id="4234289637" visible="true" version="1" changeset="39914094" timestamp="2016-06-09T18:03:56Z" user="mcheckimport" uid="893327" lat="40.5927399" lon="17.1166830"/>
 <node id="4234289638" visible="true" version="1" changeset="39914094" timestamp="2016-06-09T18:03:56Z" user="mcheckimport" uid="893327" lat="40.5927417" lon="17.1153812"/>
 <node id="4234289639" visible="true" version="1" changeset="39914094" timestamp="2016-06-09T18:03:56Z" user="mcheckimport" uid="893327" lat="40.5927420" lon="17.1105711"/>
 <node id="4234289640" visible="true" version="1" changeset="39914094" timestamp="2016-06-09T18:03:56Z" user="mcheckimport" uid="893327" lat="40.5927420" lon="17.1141004"/>
 <node id="4234289642" visible="true" version="1" changeset="39914094" timestamp="2016-06-09T18:03:56Z" user="mcheckimport" uid="893327" lat="40.5927438" lon="17.1165671"/>
 <node id="4234289647" visible="true" version="1" changeset="39914094" timestamp="2016-06-09T18:04:00Z" user="mcheckimport" uid="893327" lat="40.5927462" lon="17.1165355"/>
 <node id="4234289648" visible="true" version="1" changeset="39914094" timestamp="2016-06-09T18:04:00Z" user="mcheckimport" uid="893327" lat="40.5927471" lon="17.1118118"/>
 <node id="4234289652" visible="true" version="1" changeset="39914094" timestamp="2016-06-09T18:04:01Z" user="mcheckimport" uid="893327" lat="40.5927524" lon="17.1124502"/>
 <node id="4234289653" visible="true" version="1" changeset="39914094" timestamp="2016-06-09T18:04:01Z" user="mcheckimport" uid="893327" lat="40.5927524" lon="17.1134077"/>
 <node id="4234289654" visible="true" version="1" changeset="39914094" timestamp="2016-06-09T18:04:01Z" user="mcheckimport" uid="893327" lat="40.5927524" lon="17.1156083"/>
 <node id="4234289658" visible="true" version="1" changeset="39914094" timestamp="2016-06-09T18:04:01Z" user="mcheckimport" uid="893327" lat="40.5927548" lon="17.1165387"/>
 <node id="4234289659" visible="true" version="1" changeset="39914094" timestamp="2016-06-09T18:04:01Z" user="mcheckimport" uid="893327" lat="40.5927551" lon="17.1136377"/>
 <node id="4234289661" visible="true" version="1" changeset="39914094" timestamp="2016-06-09T18:04:01Z" user="mcheckimport" uid="893327" lat="40.5927556" lon="17.1134907"/>
 <node id="4234289662" visible="true" version="1" changeset="39914094" timestamp="2016-06-09T18:04:01Z" user="mcheckimport" uid="893327" lat="40.5927558" lon="17.1167429"/>
 <node id="4234289663" visible="true" version="1" changeset="39914094" timestamp="2016-06-09T18:04:01Z" user="mcheckimport" uid="893327" lat="40.5927571" lon="17.1166113"/>
 <node id="4234289665" visible="true" version="1" changeset="39914094" timestamp="2016-06-09T18:04:01Z" user="mcheckimport" uid="893327" lat="40.5927579" lon="17.1133843"/>
 <node id="4234289668" visible="true" version="1" changeset="39914094" timestamp="2016-06-09T18:04:01Z" user="mcheckimport" uid="893327" lat="40.5927587" lon="17.1136219"/>
 <node id="4234289670" visible="true" version="1" changeset="39914094" timestamp="2016-06-09T18:04:01Z" user="mcheckimport" uid="893327" lat="40.5927593" lon="17.1127771"/>
 <node id="4234289671" visible="true" version="1" changeset="39914094" timestamp="2016-06-09T18:04:01Z" user="mcheckimport" uid="893327" lat="40.5927593" lon="17.1149314"/>
 <node id="4234289674" visible="true" version="1" changeset="39914094" timestamp="2016-06-09T18:04:01Z" user="mcheckimport" uid="893327" lat="40.5927604" lon="17.1134698"/>
 <node id="4234289676" visible="true" version="1" changeset="39914094" timestamp="2016-06-09T18:04:01Z" user="mcheckimport" uid="893327" lat="40.5927607" lon="17.1165113"/>
 <node id="4234289678" visible="true" version="1" changeset="39914094" timestamp="2016-06-09T18:04:01Z" user="mcheckimport" uid="893327" lat="40.5927616" lon="17.1152850"/>
 <node id="4234289679" visible="true" version="1" changeset="39914094" timestamp="2016-06-09T18:04:01Z" user="mcheckimport" uid="893327" lat="40.5927618" lon="17.1135238"/>
 <node id="4234289681" visible="true" version="1" changeset="39914094" timestamp="2016-06-09T18:04:01Z" user="mcheckimport" uid="893327" lat="40.5927642" lon="17.1123966"/>
 <node id="4234289682" visible="true" version="1" changeset="39914094" timestamp="2016-06-09T18:04:01Z" user="mcheckimport" uid="893327" lat="40.5927642" lon="17.1168570"/>
 <node id="4234289687" visible="true" version="1" changeset="39914094" timestamp="2016-06-09T18:04:01Z" user="mcheckimport" uid="893327" lat="40.5927675" lon="17.1166944"/>
 <node id="4234289688" visible="true" version="1" changeset="39914094" timestamp="2016-06-09T18:04:01Z" user="mcheckimport" uid="893327" lat="40.5927682" lon="17.1117155"/>
 <node id="4234289789" visible="true" version="1" changeset="39914094" timestamp="2016-06-09T18:04:01Z" user="mcheckimport" uid="893327" lat="40.5927683" lon="17.1134958"/>
 <node id="4234289792" visible="true" version="1" changeset="39914094" timestamp="2016-06-09T18:04:01Z" user="mcheckimport" uid="893327" lat="40.5927707" lon="17.1134620"/>
 <node id="4234289793" visible="true" version="1" changeset="39914094" timestamp="2016-06-09T18:04:01Z" user="mcheckimport" uid="893327" lat="40.5927713" lon="17.1158592"/>
 <node id="4234289797" visible="true" version="1" changeset="39914094" timestamp="2016-06-09T18:04:01Z" user="mcheckimport" uid="893327" lat="40.5927751" lon="17.1118577"/>
 <node id="4234289800" visible="true" version="1" changeset="39914094" timestamp="2016-06-09T18:04:01Z" user="mcheckimport" uid="893327" lat="40.5927760" lon="17.1127076"/>
 <node id="4234289802" visible="true" version="1" changeset="39914094" timestamp="2016-06-09T18:04:01Z" user="mcheckimport" uid="893327" lat="40.5927794" lon="17.1167944"/>
 <node id="4234289804" visible="true" version="1" changeset="39914094" timestamp="2016-06-09T18:04:01Z" user="mcheckimport" uid="893327" lat="40.5927807" lon="17.1134190"/>
 <node id="4234289805" visible="true" version="1" changeset="39914094" timestamp="2016-06-09T18:04:01Z" user="mcheckimport" uid="893327" lat="40.5927817" lon="17.1165813"/>
 <node id="4234289809" visible="true" version="1" changeset="39914094" timestamp="2016-06-09T18:04:01Z" user="mcheckimport" uid="893327" lat="40.5927832" lon="17.1148253"/>
 <node id="4234289821" visible="true" version="1" changeset="39914094" timestamp="2016-06-09T18:04:02Z" user="mcheckimport" uid="893327" lat="40.5927880" lon="17.1136507"/>
 <node id="4234289823" visible="true" version="1" changeset="39914094" timestamp="2016-06-09T18:04:02Z" user="mcheckimport" uid="893327" lat="40.5927888" lon="17.1117984"/>
 <node id="4234289824" visible="true" version="1" changeset="39914094" timestamp="2016-06-09T18:04:02Z" user="mcheckimport" uid="893327" lat="40.5927896" lon="17.1111669"/>
 <node id="4234289825" visible="true" version="1" changeset="39914094" timestamp="2016-06-09T18:04:02Z" user="mcheckimport" uid="893327" lat="40.5927917" lon="17.1136348"/>
 <node id="4234289826" visible="true" version="1" changeset="39914094" timestamp="2016-06-09T18:04:02Z" user="mcheckimport" uid="893327" lat="40.5927919" lon="17.1149895"/>
 <node id="4234289827" visible="true" version="1" changeset="39914094" timestamp="2016-06-09T18:04:02Z" user="mcheckimport" uid="893327" lat="40.5927921" lon="17.1142226"/>
 <node id="4234289830" visible="true" version="1" changeset="39914094" timestamp="2016-06-09T18:04:02Z" user="mcheckimport" uid="893327" lat="40.5927934" lon="17.1169711"/>
 <node id="4234289833" visible="true" version="1" changeset="39914094" timestamp="2016-06-09T18:04:02Z" user="mcheckimport" uid="893327" lat="40.5927942" lon="17.1165239"/>
 <node id="4234289835" visible="true" version="1" changeset="39914094" timestamp="2016-06-09T18:04:02Z" user="mcheckimport" uid="893327" lat="40.5927955" lon="17.1135372"/>
 <node id="4234289839" visible="true" version="1" changeset="39914094" timestamp="2016-06-09T18:04:02Z" user="mcheckimport" uid="893327" lat="40.5927979" lon="17.1154083"/>
 <node id="4234289844" visible="true" version="1" changeset="39914094" timestamp="2016-06-09T18:04:02Z" user="mcheckimport" uid="893327" lat="40.5928015" lon="17.1151857"/>
 <node id="4234289847" visible="true" version="1" changeset="39914094" timestamp="2016-06-09T18:04:02Z" user="mcheckimport" uid="893327" lat="40.5928058" lon="17.1163294"/>
 <node id="4234289848" visible="true" version="1" changeset="39914094" timestamp="2016-06-09T18:04:02Z" user="mcheckimport" uid="893327" lat="40.5928059" lon="17.1149243"/>
 <node id="4234289850" visible="true" version="1" changeset="39914094" timestamp="2016-06-09T18:04:02Z" user="mcheckimport" uid="893327" lat="40.5928065" lon="17.1151632"/>
 <node id="4234289851" visible="true" version="1" changeset="39914094" timestamp="2016-06-09T18:04:02Z" user="mcheckimport" uid="893327" lat="40.5928068" lon="17.1111308"/>
 <node id="4234289854" visible="true" version="1" changeset="39914094" timestamp="2016-06-09T18:04:02Z" user="mcheckimport" uid="893327" lat="40.5928086" lon="17.1116525"/>
 <node id="4234289855" visible="true" version="1" changeset="39914094" timestamp="2016-06-09T18:04:02Z" user="mcheckimport" uid="893327" lat="40.5928086" lon="17.1117308"/>
 <node id="4234289856" visible="true" version="1" changeset="39914094" timestamp="2016-06-09T18:04:02Z" user="mcheckimport" uid="893327" lat="40.5928090" lon="17.1141264"/>
 <node id="4234289857" visible="true" version="1" changeset="39914094" timestamp="2016-06-09T18:04:02Z" user="mcheckimport" uid="893327" lat="40.5928094" lon="17.1134775"/>
 <node id="4234289867" visible="true" version="1" changeset="39914094" timestamp="2016-06-09T18:04:02Z" user="mcheckimport" uid="893327" lat="40.5928148" lon="17.1117364"/>
 <node id="4234289869" visible="true" version="1" changeset="39914094" timestamp="2016-06-09T18:04:02Z" user="mcheckimport" uid="893327" lat="40.5928156" lon="17.1156693"/>
 <node id="4234289870" visible="true" version="1" changeset="39914094" timestamp="2016-06-09T18:04:02Z" user="mcheckimport" uid="893327" lat="40.5928158" lon="17.1149984"/>
 <node id="4234289871" visible="true" version="1" changeset="39914094" timestamp="2016-06-09T18:04:02Z" user="mcheckimport" uid="893327" lat="40.5928169" lon="17.1149536"/>
 <node id="4234289872" visible="true" version="1" changeset="39914094" timestamp="2016-06-09T18:04:02Z" user="mcheckimport" uid="893327" lat="40.5928182" lon="17.1137647"/>
 <node id="4234289873" visible="true" version="1" changeset="39914094" timestamp="2016-06-09T18:04:02Z" user="mcheckimport" uid="893327" lat="40.5928184" lon="17.1162758"/>
 <node id="4234289874" visible="true" version="1" changeset="39914094" timestamp="2016-06-09T18:04:03Z" user="mcheckimport" uid="893327" lat="40.5928188" lon="17.1148184"/>
 <node id="4234289876" visible="true" version="1" changeset="39914094" timestamp="2016-06-09T18:04:03Z" user="mcheckimport" uid="893327" lat="40.5928204" lon="17.1148113"/>
 <node id="4234289878" visible="true" version="1" changeset="39914094" timestamp="2016-06-09T18:04:03Z" user="mcheckimport" uid="893327" lat="40.5928212" lon="17.1144969"/>
 <node id="4234289880" visible="true" version="1" changeset="39914094" timestamp="2016-06-09T18:04:03Z" user="mcheckimport" uid="893327" lat="40.5928219" lon="17.1149302"/>
 <node id="4234289883" visible="true" version="1" changeset="39914094" timestamp="2016-06-09T18:04:03Z" user="mcheckimport" uid="893327" lat="40.5928242" lon="17.1115821"/>
 <node id="4234289884" visible="true" version="1" changeset="39914094" timestamp="2016-06-09T18:04:03Z" user="mcheckimport" uid="893327" lat="40.5928243" lon="17.1149567"/>
 <node id="4234289886" visible="true" version="1" changeset="39914094" timestamp="2016-06-09T18:04:03Z" user="mcheckimport" uid="893327" lat="40.5928245" lon="17.1116585"/>
 <node id="4234289887" visible="true" version="1" changeset="39914094" timestamp="2016-06-09T18:04:03Z" user="mcheckimport" uid="893327" lat="40.5928247" lon="17.1116937"/>
 <node id="4234289888" visible="true" version="1" changeset="39914094" timestamp="2016-06-09T18:04:03Z" user="mcheckimport" uid="893327" lat="40.5928247" lon="17.1177108"/>
 <node id="4234289894" visible="true" version="1" changeset="39914094" timestamp="2016-06-09T18:04:03Z" user="mcheckimport" uid="893327" lat="40.5928308" lon="17.1118152"/>
 <node id="4234289897" visible="true" version="1" changeset="39914094" timestamp="2016-06-09T18:04:03Z" user="mcheckimport" uid="893327" lat="40.5928318" lon="17.1148441"/>
 <node id="4234289903" visible="true" version="1" changeset="39914094" timestamp="2016-06-09T18:04:03Z" user="mcheckimport" uid="893327" lat="40.5928365" lon="17.1109253"/>
 <node id="4234289904" visible="true" version="1" changeset="39914094" timestamp="2016-06-09T18:04:03Z" user="mcheckimport" uid="893327" lat="40.5928365" lon="17.1144283"/>
 <node id="4234289905" visible="true" version="1" changeset="39914094" timestamp="2016-06-09T18:04:03Z" user="mcheckimport" uid="893327" lat="40.5928370" lon="17.1136701"/>
 <node id="4234289906" visible="true" version="1" changeset="39914094" timestamp="2016-06-09T18:04:03Z" user="mcheckimport" uid="893327" lat="40.5928371" lon="17.1157038"/>
 <node id="4234289908" visible="true" version="1" changeset="39914094" timestamp="2016-06-09T18:04:03Z" user="mcheckimport" uid="893327" lat="40.5928377" lon="17.1148180"/>
 <node id="4234289909" visible="true" version="1" changeset="39914094" timestamp="2016-06-09T18:04:03Z" user="mcheckimport" uid="893327" lat="40.5928377" lon="17.1151994"/>
 <node id="4234289912" visible="true" version="1" changeset="39914094" timestamp="2016-06-09T18:04:03Z" user="mcheckimport" uid="893327" lat="40.5928391" lon="17.1113947"/>
 <node id="4234289913" visible="true" version="1" changeset="39914094" timestamp="2016-06-09T18:04:03Z" user="mcheckimport" uid="893327" lat="40.5928394" lon="17.1120541"/>
 <node id="4234289917" visible="true" version="1" changeset="39914094" timestamp="2016-06-09T18:04:03Z" user="mcheckimport" uid="893327" lat="40.5928462" lon="17.1117490"/>
 <node id="4234289919" visible="true" version="1" changeset="39914094" timestamp="2016-06-09T18:04:03Z" user="mcheckimport" uid="893327" lat="40.5928474" lon="17.1163462"/>
 <node id="4234289922" visible="true" version="1" changeset="39914094" timestamp="2016-06-09T18:04:03Z" user="mcheckimport" uid="893327" lat="40.5928496" lon="17.1144333"/>
 <node id="4234289924" visible="true" version="1" changeset="39914094" timestamp="2016-06-09T18:04:03Z" user="mcheckimport" uid="893327" lat="40.5928514" lon="17.1112770"/>
 <node id="4234289927" visible="true" version="1" changeset="39914094" timestamp="2016-06-09T18:04:03Z" user="mcheckimport" uid="893327" lat="40.5928521" lon="17.1105715"/>
 <node id="4234289930" visible="true" version="1" changeset="39914094" timestamp="2016-06-09T18:04:03Z" user="mcheckimport" uid="893327" lat="40.5928551" lon="17.1157094"/>
 <node id="4234289932" visible="true" version="1" changeset="39914094" timestamp="2016-06-09T18:04:03Z" user="mcheckimport" uid="893327" lat="40.5928567" lon="17.1112598"/>
 <node id="4234289933" visible="true" version="1" changeset="39914094" timestamp="2016-06-09T18:04:03Z" user="mcheckimport" uid="893327" lat="40.5928583" lon="17.1117072"/>
 <node id="4234289937" visible="true" version="1" changeset="39914094" timestamp="2016-06-09T18:04:04Z" user="mcheckimport" uid="893327" lat="40.5928600" lon="17.1162924"/>
 <node id="4234289941" visible="true" version="1" changeset="39914094" timestamp="2016-06-09T18:04:04Z" user="mcheckimport" uid="893327" lat="40.5928630" lon="17.1112948"/>
 <node id="4234289942" visible="true" version="1" changeset="39914094" timestamp="2016-06-09T18:04:04Z" user="mcheckimport" uid="893327" lat="40.5928633" lon="17.1119631"/>
 <node id="4234289943" visible="true" version="1" changeset="39914094" timestamp="2016-06-09T18:04:04Z" user="mcheckimport" uid="893327" lat="40.5928635" lon="17.1147324"/>
 <node id="4234289946" visible="true" version="1" changeset="39914094" timestamp="2016-06-09T18:04:04Z" user="mcheckimport" uid="893327" lat="40.5928657" lon="17.1157336"/>
 <node id="4234289947" visible="true" version="1" changeset="39914094" timestamp="2016-06-09T18:04:04Z" user="mcheckimport" uid="893327" lat="40.5928658" lon="17.1147219"/>
 <node id="4234289951" visible="true" version="1" changeset="39914094" timestamp="2016-06-09T18:04:04Z" user="mcheckimport" uid="893327" lat="40.5928686" lon="17.1143491"/>
 <node id="4234289955" visible="true" version="1" changeset="39914094" timestamp="2016-06-09T18:04:04Z" user="mcheckimport" uid="893327" lat="40.5928704" lon="17.1150872"/>
 <node id="4234289961" visible="true" version="1" changeset="39914094" timestamp="2016-06-09T18:04:04Z" user="mcheckimport" uid="893327" lat="40.5928758" lon="17.1114098"/>
 <node id="4234289962" visible="true" version="1" changeset="39914094" timestamp="2016-06-09T18:04:04Z" user="mcheckimport" uid="893327" lat="40.5928767" lon="17.1122546"/>
 <node id="4234289964" visible="true" version="1" changeset="39914094" timestamp="2016-06-09T18:04:04Z" user="mcheckimport" uid="893327" lat="40.5928786" lon="17.1116203"/>
 <node id="4234289968" visible="true" version="1" changeset="39914094" timestamp="2016-06-09T18:04:04Z" user="mcheckimport" uid="893327" lat="40.5928802" lon="17.1113644"/>
 <node id="4234289969" visible="true" version="1" changeset="39914094" timestamp="2016-06-09T18:04:04Z" user="mcheckimport" uid="893327" lat="40.5928814" lon="17.1144417"/>
 <node id="4234289970" visible="true" version="1" changeset="39914094" timestamp="2016-06-09T18:04:04Z" user="mcheckimport" uid="893327" lat="40.5928824" lon="17.1156032"/>
 <node id="4234289971" visible="true" version="1" changeset="39914094" timestamp="2016-06-09T18:04:04Z" user="mcheckimport" uid="893327" lat="40.5928825" lon="17.1113818"/>
 <node id="4234289973" visible="true" version="1" changeset="39914094" timestamp="2016-06-09T18:04:04Z" user="mcheckimport" uid="893327" lat="40.5928847" lon="17.1144268"/>
 <node id="4234289978" visible="true" version="1" changeset="39914094" timestamp="2016-06-09T18:04:04Z" user="mcheckimport" uid="893327" lat="40.5928873" lon="17.1137876"/>
 <node id="4234289979" visible="true" version="1" changeset="39914094" timestamp="2016-06-09T18:04:04Z" user="mcheckimport" uid="893327" lat="40.5928875" lon="17.1145223"/>
 <node id="4234289983" visible="true" version="1" changeset="39914094" timestamp="2016-06-09T18:04:04Z" user="mcheckimport" uid="893327" lat="40.5928899" lon="17.1139904"/>
 <node id="4234289984" visible="true" version="1" changeset="39914094" timestamp="2016-06-09T18:04:04Z" user="mcheckimport" uid="893327" lat="40.5928904" lon="17.1155693"/>
 <node id="4234289985" visible="true" version="1" changeset="39914094" timestamp="2016-06-09T18:04:04Z" user="mcheckimport" uid="893327" lat="40.5928912" lon="17.1114076"/>
 <node id="4234289986" visible="true" version="1" changeset="39914094" timestamp="2016-06-09T18:04:04Z" user="mcheckimport" uid="893327" lat="40.5928913" lon="17.1113180"/>
 <node id="4234289987" visible="true" version="1" changeset="39914094" timestamp="2016-06-09T18:04:04Z" user="mcheckimport" uid="893327" lat="40.5928920" lon="17.1118397"/>
 <node id="4234289988" visible="true" version="1" changeset="39914094" timestamp="2016-06-09T18:04:04Z" user="mcheckimport" uid="893327" lat="40.5928930" lon="17.1125568"/>
 <node id="4234290090" visible="true" version="1" changeset="39914094" timestamp="2016-06-09T18:04:04Z" user="mcheckimport" uid="893327" lat="40.5928948" lon="17.1121658"/>
 <node id="4234290091" visible="true" version="1" changeset="39914094" timestamp="2016-06-09T18:04:04Z" user="mcheckimport" uid="893327" lat="40.5928960" lon="17.1113874"/>
 <node id="4234290094" visible="true" version="1" changeset="39914094" timestamp="2016-06-09T18:04:04Z" user="mcheckimport" uid="893327" lat="40.5928972" lon="17.1157711"/>
 <node id="4234290096" visible="true" version="1" changeset="39914094" timestamp="2016-06-09T18:04:04Z" user="mcheckimport" uid="893327" lat="40.5928973" lon="17.1139602"/>
 <node id="4234290100" visible="true" version="1" changeset="39914094" timestamp="2016-06-09T18:04:04Z" user="mcheckimport" uid="893327" lat="40.5928998" lon="17.1165079"/>
 <node id="4234290108" visible="true" version="1" changeset="39914094" timestamp="2016-06-09T18:04:05Z" user="mcheckimport" uid="893327" lat="40.5929016" lon="17.1157485"/>
 <node id="4234290111" visible="true" version="1" changeset="39914094" timestamp="2016-06-09T18:04:05Z" user="mcheckimport" uid="893327" lat="40.5929036" lon="17.1144503"/>
 <node id="4234290114" visible="true" version="1" changeset="39914094" timestamp="2016-06-09T18:04:05Z" user="mcheckimport" uid="893327" lat="40.5929044" lon="17.1125611"/>
 <node id="4234290116" visible="true" version="1" changeset="39914094" timestamp="2016-06-09T18:04:05Z" user="mcheckimport" uid="893327" lat="40.5929063" lon="17.1125525"/>
 <node id="4234290119" visible="true" version="1" changeset="39914094" timestamp="2016-06-09T18:04:05Z" user="mcheckimport" uid="893327" lat="40.5929069" lon="17.1170058"/>
 <node id="4234290123" visible="true" version="1" changeset="39914094" timestamp="2016-06-09T18:04:05Z" user="mcheckimport" uid="893327" lat="40.5929091" lon="17.1124827"/>
 <node id="4234290124" visible="true" version="1" changeset="39914094" timestamp="2016-06-09T18:04:05Z" user="mcheckimport" uid="893327" lat="40.5929094" lon="17.1144363"/>
 <node id="4234290126" visible="true" version="1" changeset="39914094" timestamp="2016-06-09T18:04:05Z" user="mcheckimport" uid="893327" lat="40.5929107" lon="17.1133490"/>
 <node id="4234290129" visible="true" version="1" changeset="39914094" timestamp="2016-06-09T18:04:05Z" user="mcheckimport" uid="893327" lat="40.5929124" lon="17.1140487"/>
 <node id="4234290132" visible="true" version="1" changeset="39914094" timestamp="2016-06-09T18:04:05Z" user="mcheckimport" uid="893327" lat="40.5929139" lon="17.1112687"/>
 <node id="4234290134" visible="true" version="1" changeset="39914094" timestamp="2016-06-09T18:04:05Z" user="mcheckimport" uid="893327" lat="40.5929143" lon="17.1112861"/>
 <node id="4234290137" visible="true" version="1" changeset="39914094" timestamp="2016-06-09T18:04:05Z" user="mcheckimport" uid="893327" lat="40.5929166" lon="17.1108059"/>
 <node id="4234290142" visible="true" version="1" changeset="39914094" timestamp="2016-06-09T18:04:05Z" user="mcheckimport" uid="893327" lat="40.5929194" lon="17.1164432"/>
 <node id="4234290144" visible="true" version="1" changeset="39914094" timestamp="2016-06-09T18:04:05Z" user="mcheckimport" uid="893327" lat="40.5929198" lon="17.1107563"/>
 <node id="4234290145" visible="true" version="1" changeset="39914094" timestamp="2016-06-09T18:04:05Z" user="mcheckimport" uid="893327" lat="40.5929206" lon="17.1152088"/>
 <node id="4234290146" visible="true" version="1" changeset="39914094" timestamp="2016-06-09T18:04:05Z" user="mcheckimport" uid="893327" lat="40.5929212" lon="17.1111549"/>
 <node id="4234290148" visible="true" version="1" changeset="39914094" timestamp="2016-06-09T18:04:05Z" user="mcheckimport" uid="893327" lat="40.5929220" lon="17.1111399"/>
 <node id="4234290150" visible="true" version="1" changeset="39914094" timestamp="2016-06-09T18:04:05Z" user="mcheckimport" uid="893327" lat="40.5929225" lon="17.1163809"/>
 <node id="4234290151" visible="true" version="1" changeset="39914094" timestamp="2016-06-09T18:04:05Z" user="mcheckimport" uid="893327" lat="40.5929233" lon="17.1140046"/>
 <node id="4234290152" visible="true" version="1" changeset="39914094" timestamp="2016-06-09T18:04:05Z" user="mcheckimport" uid="893327" lat="40.5929236" lon="17.1155827"/>
 <node id="4234290153" visible="true" version="1" changeset="39914094" timestamp="2016-06-09T18:04:05Z" user="mcheckimport" uid="893327" lat="40.5929242" lon="17.1143706"/>
 <node id="4234290155" visible="true" version="1" changeset="39914094" timestamp="2016-06-09T18:04:05Z" user="mcheckimport" uid="893327" lat="40.5929253" lon="17.1156590"/>
 <node id="4234290166" visible="true" version="1" changeset="39914094" timestamp="2016-06-09T18:04:06Z" user="mcheckimport" uid="893327" lat="40.5929287" lon="17.1163529"/>
 <node id="4234290170" visible="true" version="1" changeset="39914094" timestamp="2016-06-09T18:04:06Z" user="mcheckimport" uid="893327" lat="40.5929319" lon="17.1124298"/>
 <node id="4234290172" visible="true" version="1" changeset="39914094" timestamp="2016-06-09T18:04:06Z" user="mcheckimport" uid="893327" lat="40.5929322" lon="17.1163846"/>
 <node id="4234290173" visible="true" version="1" changeset="39914094" timestamp="2016-06-09T18:04:06Z" user="mcheckimport" uid="893327" lat="40.5929327" lon="17.1113350"/>
 <node id="4234290174" visible="true" version="1" changeset="39914094" timestamp="2016-06-09T18:04:06Z" user="mcheckimport" uid="893327" lat="40.5929331" lon="17.1126278"/>
 <node id="4234290176" visible="true" version="1" changeset="39914094" timestamp="2016-06-09T18:04:06Z" user="mcheckimport" uid="893327" lat="40.5929335" lon="17.1156240"/>
 <node id="4234290181" visible="true" version="1" changeset="39914094" timestamp="2016-06-09T18:04:06Z" user="mcheckimport" uid="893327" lat="40.5929367" lon="17.1114263"/>
 <node id="4234290182" visible="true" version="1" changeset="39914094" timestamp="2016-06-09T18:04:06Z" user="mcheckimport" uid="893327" lat="40.5929369" lon="17.1113177"/>
 <node id="4234290184" visible="true" version="1" changeset="39914094" timestamp="2016-06-09T18:04:06Z" user="mcheckimport" uid="893327" lat="40.5929376" lon="17.1116440"/>
 <node id="4234290187" visible="true" version="1" changeset="39914094" timestamp="2016-06-09T18:04:06Z" user="mcheckimport" uid="893327" lat="40.5929386" lon="17.1163567"/>
 <node id="4234290188" visible="true" version="1" changeset="39914094" timestamp="2016-06-09T18:04:06Z" user="mcheckimport" uid="893327" lat="40.5929387" lon="17.1125331"/>
 <node id="4234290289" visible="true" version="1" changeset="39914094" timestamp="2016-06-09T18:04:06Z" user="mcheckimport" uid="893327" lat="40.5929389" lon="17.1153563"/>
 <node id="4234290292" visible="true" version="1" changeset="39914094" timestamp="2016-06-09T18:04:06Z" user="mcheckimport" uid="893327" lat="40.5929396" lon="17.1123915"/>
 <node id="4234290295" visible="true" version="1" changeset="39914094" timestamp="2016-06-09T18:04:06Z" user="mcheckimport" uid="893327" lat="40.5929402" lon="17.1147606"/>
 <node id="4234290296" visible="true" version="1" changeset="39914094" timestamp="2016-06-09T18:04:06Z" user="mcheckimport" uid="893327" lat="40.5929406" lon="17.1107586"/>
 <node id="4234290297" visible="true" version="1" changeset="39914094" timestamp="2016-06-09T18:04:06Z" user="mcheckimport" uid="893327" lat="40.5929408" lon="17.1151180"/>
 <node id="4234290299" visible="true" version="1" changeset="39914094" timestamp="2016-06-09T18:04:06Z" user="mcheckimport" uid="893327" lat="40.5929417" lon="17.1107403"/>
 <node id="4234290302" visible="true" version="1" changeset="39914094" timestamp="2016-06-09T18:04:06Z" user="mcheckimport" uid="893327" lat="40.5929433" lon="17.1132026"/>
 <node id="4234290305" visible="true" version="1" changeset="39914094" timestamp="2016-06-09T18:04:06Z" user="mcheckimport" uid="893327" lat="40.5929451" lon="17.1113912"/>
 <node id="4234290307" visible="true" version="1" changeset="39914094" timestamp="2016-06-09T18:04:06Z" user="mcheckimport" uid="893327" lat="40.5929454" lon="17.1139806"/>
 <node id="4234290310" visible="true" version="1" changeset="39914094" timestamp="2016-06-09T18:04:06Z" user="mcheckimport" uid="893327" lat="40.5929462" lon="17.1125675"/>
 <node id="4234290311" visible="true" version="1" changeset="39914094" timestamp="2016-06-09T18:04:06Z" user="mcheckimport" uid="893327" lat="40.5929463" lon="17.1126984"/>
 <node id="4234290313" visible="true" version="1" changeset="39914094" timestamp="2016-06-09T18:04:06Z" user="mcheckimport" uid="893327" lat="40.5929465" lon="17.1124967"/>
 <node id="4234290314" visible="true" version="1" changeset="39914094" timestamp="2016-06-09T18:04:06Z" user="mcheckimport" uid="893327" lat="40.5929472" lon="17.1153242"/>
 <node id="4234290316" visible="true" version="1" changeset="39914094" timestamp="2016-06-09T18:04:06Z" user="mcheckimport" uid="893327" lat="40.5929478" lon="17.1115556"/>
 <node id="4234290317" visible="true" version="1" changeset="39914094" timestamp="2016-06-09T18:04:06Z" user="mcheckimport" uid="893327" lat="40.5929480" lon="17.1119252"/>
 <node id="4234290318" visible="true" version="1" changeset="39914094" timestamp="2016-06-09T18:04:06Z" user="mcheckimport" uid="893327" lat="40.5929482" lon="17.1139693"/>
 <node id="4234290320" visible="true" version="1" changeset="39914094" timestamp="2016-06-09T18:04:06Z" user="mcheckimport" uid="893327" lat="40.5929484" lon="17.1156684"/>
 <node id="4234290323" visible="true" version="1" changeset="39914094" timestamp="2016-06-09T18:04:06Z" user="mcheckimport" uid="893327" lat="40.5929494" lon="17.1135181"/>
 <node id="4234290324" visible="true" version="1" changeset="39914094" timestamp="2016-06-09T18:04:06Z" user="mcheckimport" uid="893327" lat="40.5929510" lon="17.1108097"/>
 <node id="4234290325" visible="true" version="1" changeset="39914094" timestamp="2016-06-09T18:04:06Z" user="mcheckimport" uid="893327" lat="40.5929515" lon="17.1107413"/>
 <node id="4234290328" visible="true" version="1" changeset="39914094" timestamp="2016-06-09T18:04:06Z" user="mcheckimport" uid="893327" lat="40.5929537" lon="17.1119008"/>
 <node id="4234290329" visible="true" version="1" changeset="39914094" timestamp="2016-06-09T18:04:06Z" user="mcheckimport" uid="893327" lat="40.5929540" lon="17.1107620"/>
 <node id="4234290331" visible="true" version="1" changeset="39914094" timestamp="2016-06-09T18:04:06Z" user="mcheckimport" uid="893327" lat="40.5929543" lon="17.1106984"/>
 <node id="4234290336" visible="true" version="1" changeset="39914094" timestamp="2016-06-09T18:04:06Z" user="mcheckimport" uid="893327" lat="40.5929595" lon="17.1126376"/>
 <node id="4234290341" visible="true" version="1" changeset="39914094" timestamp="2016-06-09T18:04:07Z" user="mcheckimport" uid="893327" lat="40.5929629" lon="17.1154171"/>
 <node id="4234290342" visible="true" version="1" changeset="39914094" timestamp="2016-06-09T18:04:07Z" user="mcheckimport" uid="893327" lat="40.5929631" lon="17.1127046"/>
 <node id="4234290346" visible="true" version="1" changeset="39914094" timestamp="2016-06-09T18:04:07Z" user="mcheckimport" uid="893327" lat="40.5929661" lon="17.1146615"/>
 <node id="4234290348" visible="true" version="1" changeset="39914094" timestamp="2016-06-09T18:04:07Z" user="mcheckimport" uid="893327" lat="40.5929681" lon="17.1140723"/>
 <node id="4234290353" visible="true" version="1" changeset="39914094" timestamp="2016-06-09T18:04:07Z" user="mcheckimport" uid="893327" lat="40.5929704" lon="17.1119075"/>
 <node id="4234290355" visible="true" version="1" changeset="39914094" timestamp="2016-06-09T18:04:07Z" user="mcheckimport" uid="893327" lat="40.5929716" lon="17.1124629"/>
 <node id="4234290358" visible="true" version="1" changeset="39914094" timestamp="2016-06-09T18:04:07Z" user="mcheckimport" uid="893327" lat="40.5929735" lon="17.1138877"/>
 <node id="4234290359" visible="true" version="1" changeset="39914094" timestamp="2016-06-09T18:04:07Z" user="mcheckimport" uid="893327" lat="40.5929753" lon="17.1124449"/>
 <node id="4234290364" visible="true" version="1" changeset="39914094" timestamp="2016-06-09T18:04:07Z" user="mcheckimport" uid="893327" lat="40.5929800" lon="17.1119374"/>
 <node id="4234290366" visible="true" version="1" changeset="39914094" timestamp="2016-06-09T18:04:07Z" user="mcheckimport" uid="893327" lat="40.5929805" lon="17.1138567"/>
 <node id="4234290369" visible="true" version="1" changeset="39914094" timestamp="2016-06-09T18:04:07Z" user="mcheckimport" uid="893327" lat="40.5929811" lon="17.1112850"/>
 <node id="4234290371" visible="true" version="1" changeset="39914094" timestamp="2016-06-09T18:04:07Z" user="mcheckimport" uid="893327" lat="40.5929821" lon="17.1133680"/>
 <node id="4234290375" visible="true" version="1" changeset="39914094" timestamp="2016-06-09T18:04:07Z" user="mcheckimport" uid="893327" lat="40.5929838" lon="17.1119208"/>
 <node id="4234290382" visible="true" version="1" changeset="39914094" timestamp="2016-06-09T18:04:07Z" user="mcheckimport" uid="893327" lat="40.5929886" lon="17.1112900"/>
 <node id="4234290384" visible="true" version="1" changeset="39914094" timestamp="2016-06-09T18:04:07Z" user="mcheckimport" uid="893327" lat="40.5929891" lon="17.1138282"/>
 <node id="4234290387" visible="true" version="1" changeset="39914094" timestamp="2016-06-09T18:04:07Z" user="mcheckimport" uid="893327" lat="40.5929892" lon="17.1139867"/>
 <node id="4234290489" visible="true" version="1" changeset="39914094" timestamp="2016-06-09T18:04:07Z" user="mcheckimport" uid="893327" lat="40.5929898" lon="17.1124691"/>
 <node id="4234290490" visible="true" version="1" changeset="39914094" timestamp="2016-06-09T18:04:07Z" user="mcheckimport" uid="893327" lat="40.5929899" lon="17.1125812"/>
 <node id="4234290498" visible="true" version="1" changeset="39914094" timestamp="2016-06-09T18:04:07Z" user="mcheckimport" uid="893327" lat="40.5929985" lon="17.1113430"/>
 <node id="4234290501" visible="true" version="1" changeset="39914094" timestamp="2016-06-09T18:04:07Z" user="mcheckimport" uid="893327" lat="40.5930005" lon="17.1169880"/>
 <node id="4234290503" visible="true" version="1" changeset="39914094" timestamp="2016-06-09T18:04:07Z" user="mcheckimport" uid="893327" lat="40.5930009" lon="17.1111612"/>
 <node id="4234290504" visible="true" version="1" changeset="39914094" timestamp="2016-06-09T18:04:07Z" user="mcheckimport" uid="893327" lat="40.5930012" lon="17.1124129"/>
 <node id="4234290506" visible="true" version="1" changeset="39914094" timestamp="2016-06-09T18:04:08Z" user="mcheckimport" uid="893327" lat="40.5930015" lon="17.1125567"/>
 <node id="4234290507" visible="true" version="1" changeset="39914094" timestamp="2016-06-09T18:04:08Z" user="mcheckimport" uid="893327" lat="40.5930016" lon="17.1111462"/>
 <node id="4234290508" visible="true" version="1" changeset="39914094" timestamp="2016-06-09T18:04:08Z" user="mcheckimport" uid="893327" lat="40.5930019" lon="17.1160690"/>
 <node id="4234290510" visible="true" version="1" changeset="39914094" timestamp="2016-06-09T18:04:08Z" user="mcheckimport" uid="893327" lat="40.5930033" lon="17.1125482"/>
 <node id="4234290511" visible="true" version="1" changeset="39914094" timestamp="2016-06-09T18:04:08Z" user="mcheckimport" uid="893327" lat="40.5930038" lon="17.1154338"/>
 <node id="4234290515" visible="true" version="1" changeset="39914094" timestamp="2016-06-09T18:04:08Z" user="mcheckimport" uid="893327" lat="40.5930052" lon="17.1107843"/>
 <node id="4234290518" visible="true" version="1" changeset="39914094" timestamp="2016-06-09T18:04:08Z" user="mcheckimport" uid="893327" lat="40.5930059" lon="17.1107432"/>
 <node id="4234290519" visible="true" version="1" changeset="39914094" timestamp="2016-06-09T18:04:08Z" user="mcheckimport" uid="893327" lat="40.5930062" lon="17.1107678"/>
 <node id="4234290523" visible="true" version="1" changeset="39914094" timestamp="2016-06-09T18:04:08Z" user="mcheckimport" uid="893327" lat="40.5930070" lon="17.1139006"/>
 <node id="4234290526" visible="true" version="1" changeset="39914094" timestamp="2016-06-09T18:04:08Z" user="mcheckimport" uid="893327" lat="40.5930084" lon="17.1107045"/>
 <node id="4234290527" visible="true" version="1" changeset="39914094" timestamp="2016-06-09T18:04:08Z" user="mcheckimport" uid="893327" lat="40.5930086" lon="17.1112977"/>
 <node id="4234290530" visible="true" version="1" changeset="39914094" timestamp="2016-06-09T18:04:08Z" user="mcheckimport" uid="893327" lat="40.5930104" lon="17.1121272"/>
 <node id="4234290533" visible="true" version="1" changeset="39914094" timestamp="2016-06-09T18:04:08Z" user="mcheckimport" uid="893327" lat="40.5930140" lon="17.1138697"/>
 <node id="4234290535" visible="true" version="1" changeset="39914094" timestamp="2016-06-09T18:04:08Z" user="mcheckimport" uid="893327" lat="40.5930145" lon="17.1128699"/>
 <node id="4234290536" visible="true" version="1" changeset="39914094" timestamp="2016-06-09T18:04:08Z" user="mcheckimport" uid="893327" lat="40.5930155" lon="17.1165381"/>
 <node id="4234290538" visible="true" version="1" changeset="39914094" timestamp="2016-06-09T18:04:08Z" user="mcheckimport" uid="893327" lat="40.5930159" lon="17.1132361"/>
 <node id="4234290539" visible="true" version="1" changeset="39914094" timestamp="2016-06-09T18:04:08Z" user="mcheckimport" uid="893327" lat="40.5930164" lon="17.1169179"/>
 <node id="4234290543" visible="true" version="1" changeset="39914094" timestamp="2016-06-09T18:04:08Z" user="mcheckimport" uid="893327" lat="40.5930181" lon="17.1125918"/>
 <node id="4234290546" visible="true" version="1" changeset="39914094" timestamp="2016-06-09T18:04:08Z" user="mcheckimport" uid="893327" lat="40.5930200" lon="17.1153563"/>
 <node id="4234290547" visible="true" version="1" changeset="39914094" timestamp="2016-06-09T18:04:08Z" user="mcheckimport" uid="893327" lat="40.5930205" lon="17.1147808"/>
 <node id="4234290549" visible="true" version="1" changeset="39914094" timestamp="2016-06-09T18:04:08Z" user="mcheckimport" uid="893327" lat="40.5930217" lon="17.1108117"/>
 <node id="4234290553" visible="true" version="1" changeset="39914094" timestamp="2016-06-09T18:04:08Z" user="mcheckimport" uid="893327" lat="40.5930233" lon="17.1107863"/>
 <node id="4234290559" visible="true" version="1" changeset="39914094" timestamp="2016-06-09T18:04:08Z" user="mcheckimport" uid="893327" lat="40.5930258" lon="17.1125567"/>
 <node id="4234290561" visible="true" version="1" changeset="39914094" timestamp="2016-06-09T18:04:08Z" user="mcheckimport" uid="893327" lat="40.5930272" lon="17.1138748"/>
 <node id="4234290562" visible="true" version="1" changeset="39914094" timestamp="2016-06-09T18:04:08Z" user="mcheckimport" uid="893327" lat="40.5930273" lon="17.1120502"/>
 <node id="4234290568" visible="true" version="1" changeset="39914094" timestamp="2016-06-09T18:04:08Z" user="mcheckimport" uid="893327" lat="40.5930288" lon="17.1153216"/>
 <node id="4234290575" visible="true" version="1" changeset="39914094" timestamp="2016-06-09T18:04:09Z" user="mcheckimport" uid="893327" lat="40.5930337" lon="17.1138458"/>
 <node id="4234290577" visible="true" version="1" changeset="39914094" timestamp="2016-06-09T18:04:09Z" user="mcheckimport" uid="893327" lat="40.5930340" lon="17.1169247"/>
 <node id="4234290580" visible="true" version="1" changeset="39914094" timestamp="2016-06-09T18:04:09Z" user="mcheckimport" uid="893327" lat="40.5930355" lon="17.1164379"/>
 <node id="4234290583" visible="true" version="1" changeset="39914094" timestamp="2016-06-09T18:04:09Z" user="mcheckimport" uid="893327" lat="40.5930376" lon="17.1128016"/>
 <node id="4234290585" visible="true" version="1" changeset="39914094" timestamp="2016-06-09T18:04:09Z" user="mcheckimport" uid="893327" lat="40.5930396" lon="17.1146874"/>
 <node id="4234290588" visible="true" version="1" changeset="39914094" timestamp="2016-06-09T18:04:09Z" user="mcheckimport" uid="893327" lat="40.5930412" lon="17.1158932"/>
 <node id="4234290689" visible="true" version="1" changeset="39914094" timestamp="2016-06-09T18:04:09Z" user="mcheckimport" uid="893327" lat="40.5930419" lon="17.1119764"/>
 <node id="4234290690" visible="true" version="1" changeset="39914094" timestamp="2016-06-09T18:04:09Z" user="mcheckimport" uid="893327" lat="40.5930422" lon="17.1168354"/>
 <node id="4234290692" visible="true" version="1" changeset="39914094" timestamp="2016-06-09T18:04:09Z" user="mcheckimport" uid="893327" lat="40.5930423" lon="17.1111476"/>
 <node id="4234290696" visible="true" version="1" changeset="39914094" timestamp="2016-06-09T18:04:09Z" user="mcheckimport" uid="893327" lat="40.5930447" lon="17.1121402"/>
 <node id="4234290697" visible="true" version="1" changeset="39914094" timestamp="2016-06-09T18:04:09Z" user="mcheckimport" uid="893327" lat="40.5930450" lon="17.1119621"/>
 <node id="4234290698" visible="true" version="1" changeset="39914094" timestamp="2016-06-09T18:04:09Z" user="mcheckimport" uid="893327" lat="40.5930454" lon="17.1143255"/>
 <node id="4234290699" visible="true" version="1" changeset="39914094" timestamp="2016-06-09T18:04:09Z" user="mcheckimport" uid="893327" lat="40.5930465" lon="17.1170059"/>
 <node id="4234290702" visible="true" version="1" changeset="39914094" timestamp="2016-06-09T18:04:09Z" user="mcheckimport" uid="893327" lat="40.5930479" lon="17.1163791"/>
 <node id="4234290703" visible="true" version="1" changeset="39914094" timestamp="2016-06-09T18:04:09Z" user="mcheckimport" uid="893327" lat="40.5930487" lon="17.1168065"/>
 <node id="4234290709" visible="true" version="1" changeset="39914094" timestamp="2016-06-09T18:04:09Z" user="mcheckimport" uid="893327" lat="40.5930526" lon="17.1154065"/>
 <node id="4234290710" visible="true" version="1" changeset="39914094" timestamp="2016-06-09T18:04:09Z" user="mcheckimport" uid="893327" lat="40.5930532" lon="17.1169765"/>
 <node id="4234290711" visible="true" version="1" changeset="39914094" timestamp="2016-06-09T18:04:09Z" user="mcheckimport" uid="893327" lat="40.5930533" lon="17.1168397"/>
 <node id="4234290713" visible="true" version="1" changeset="39914094" timestamp="2016-06-09T18:04:09Z" user="mcheckimport" uid="893327" lat="40.5930546" lon="17.1120951"/>
 <node id="4234290723" visible="true" version="1" changeset="39914094" timestamp="2016-06-09T18:04:09Z" user="mcheckimport" uid="893327" lat="40.5930602" lon="17.1167411"/>
 <node id="4234290725" visible="true" version="1" changeset="39914094" timestamp="2016-06-09T18:04:09Z" user="mcheckimport" uid="893327" lat="40.5930640" lon="17.1107608"/>
 <node id="4234290728" visible="true" version="1" changeset="39914094" timestamp="2016-06-09T18:04:09Z" user="mcheckimport" uid="893327" lat="40.5930648" lon="17.1107498"/>
 <node id="4234290733" visible="true" version="1" changeset="39914094" timestamp="2016-06-09T18:04:09Z" user="mcheckimport" uid="893327" lat="40.5930674" lon="17.1142292"/>
 <node id="4234290735" visible="true" version="1" changeset="39914094" timestamp="2016-06-09T18:04:10Z" user="mcheckimport" uid="893327" lat="40.5930694" lon="17.1120356"/>
 <node id="4234290736" visible="true" version="1" changeset="39914094" timestamp="2016-06-09T18:04:10Z" user="mcheckimport" uid="893327" lat="40.5930698" lon="17.1153395"/>
 <node id="4234290737" visible="true" version="1" changeset="39914094" timestamp="2016-06-09T18:04:10Z" user="mcheckimport" uid="893327" lat="40.5930702" lon="17.1168971"/>
 <node id="4234290738" visible="true" version="1" changeset="39914094" timestamp="2016-06-09T18:04:10Z" user="mcheckimport" uid="893327" lat="40.5930703" lon="17.1115927"/>
 <node id="4234290740" visible="true" version="1" changeset="39914094" timestamp="2016-06-09T18:04:10Z" user="mcheckimport" uid="893327" lat="40.5930723" lon="17.1166841"/>
 <node id="4234290744" visible="true" version="1" changeset="39914094" timestamp="2016-06-09T18:04:10Z" user="mcheckimport" uid="893327" lat="40.5930753" lon="17.1120106"/>
 <node id="4234290745" visible="true" version="1" changeset="39914094" timestamp="2016-06-09T18:04:10Z" user="mcheckimport" uid="893327" lat="40.5930755" lon="17.1115200"/>
 <node id="4234290748" visible="true" version="1" changeset="39914094" timestamp="2016-06-09T18:04:10Z" user="mcheckimport" uid="893327" lat="40.5930776" lon="17.1119888"/>
 <node id="4234290749" visible="true" version="1" changeset="39914094" timestamp="2016-06-09T18:04:10Z" user="mcheckimport" uid="893327" lat="40.5930781" lon="17.1168626"/>
 <node id="4234290750" visible="true" version="1" changeset="39914094" timestamp="2016-06-09T18:04:10Z" user="mcheckimport" uid="893327" lat="40.5930783" lon="17.1117119"/>
 <node id="4234290755" visible="true" version="1" changeset="39914094" timestamp="2016-06-09T18:04:10Z" user="mcheckimport" uid="893327" lat="40.5930812" lon="17.1109750"/>
 <node id="4234290758" visible="true" version="1" changeset="39914094" timestamp="2016-06-09T18:04:10Z" user="mcheckimport" uid="893327" lat="40.5930826" lon="17.1109440"/>
 <node id="4234290759" visible="true" version="1" changeset="39914094" timestamp="2016-06-09T18:04:10Z" user="mcheckimport" uid="893327" lat="40.5930835" lon="17.1136612"/>
 <node id="4234290762" visible="true" version="1" changeset="39914094" timestamp="2016-06-09T18:04:10Z" user="mcheckimport" uid="893327" lat="40.5930856" lon="17.1115238"/>
 <node id="4234290765" visible="true" version="1" changeset="39914094" timestamp="2016-06-09T18:04:10Z" user="mcheckimport" uid="893327" lat="40.5930872" lon="17.1169897"/>
 <node id="4234290766" visible="true" version="1" changeset="39914094" timestamp="2016-06-09T18:04:10Z" user="mcheckimport" uid="893327" lat="40.5930874" lon="17.1163933"/>
 <node id="4234290772" visible="true" version="1" changeset="39914094" timestamp="2016-06-09T18:04:10Z" user="mcheckimport" uid="893327" lat="40.5930907" lon="17.1167937"/>
 <node id="4234290774" visible="true" version="1" changeset="39914094" timestamp="2016-06-09T18:04:10Z" user="mcheckimport" uid="893327" lat="40.5930914" lon="17.1121090"/>
 <node id="4234290775" visible="true" version="1" changeset="39914094" timestamp="2016-06-09T18:04:10Z" user="mcheckimport" uid="893327" lat="40.5930915" lon="17.1128958"/>
 <node id="4234290780" visible="true" version="1" changeset="39914094" timestamp="2016-06-09T18:04:10Z" user="mcheckimport" uid="893327" lat="40.5930947" lon="17.1136095"/>
 <node id="4234290784" visible="true" version="1" changeset="39914094" timestamp="2016-06-09T18:04:10Z" user="mcheckimport" uid="893327" lat="40.5930963" lon="17.1150490"/>
 <node id="4234290786" visible="true" version="1" changeset="39914094" timestamp="2016-06-09T18:04:10Z" user="mcheckimport" uid="893327" lat="40.5930984" lon="17.1120771"/>
 <node id="4234290787" visible="true" version="1" changeset="39914094" timestamp="2016-06-09T18:04:10Z" user="mcheckimport" uid="893327" lat="40.5930989" lon="17.1167553"/>
 <node id="4234290790" visible="true" version="1" changeset="39914094" timestamp="2016-06-09T18:04:10Z" user="mcheckimport" uid="893327" lat="40.5931020" lon="17.1116048"/>
 <node id="4234290791" visible="true" version="1" changeset="39914094" timestamp="2016-06-09T18:04:10Z" user="mcheckimport" uid="893327" lat="40.5931022" lon="17.1137727"/>
 <node id="4234290792" visible="true" version="1" changeset="39914094" timestamp="2016-06-09T18:04:10Z" user="mcheckimport" uid="893327" lat="40.5931026" lon="17.1118646"/>
 <node id="4234290797" visible="true" version="1" changeset="39914094" timestamp="2016-06-09T18:04:11Z" user="mcheckimport" uid="893327" lat="40.5931050" lon="17.1169106"/>
 <node id="4234290799" visible="true" version="1" changeset="39914094" timestamp="2016-06-09T18:04:11Z" user="mcheckimport" uid="893327" lat="40.5931055" lon="17.1150142"/>
 <node id="4234290800" visible="true" version="1" changeset="39914094" timestamp="2016-06-09T18:04:11Z" user="mcheckimport" uid="893327" lat="40.5931062" lon="17.1108211"/>
 <node id="4234290803" visible="true" version="1" changeset="39914094" timestamp="2016-06-09T18:04:11Z" user="mcheckimport" uid="893327" lat="40.5931086" lon="17.1109772"/>
 <node id="4234290806" visible="true" version="1" changeset="39914094" timestamp="2016-06-09T18:04:11Z" user="mcheckimport" uid="893327" lat="40.5931097" lon="17.1107658"/>
 <node id="4234290808" visible="true" version="1" changeset="39914094" timestamp="2016-06-09T18:04:11Z" user="mcheckimport" uid="893327" lat="40.5931100" lon="17.1109470"/>
 <node id="4234290809" visible="true" version="1" changeset="39914094" timestamp="2016-06-09T18:04:11Z" user="mcheckimport" uid="893327" lat="40.5931102" lon="17.1122478"/>
 <node id="4234290811" visible="true" version="1" changeset="39914094" timestamp="2016-06-09T18:04:11Z" user="mcheckimport" uid="893327" lat="40.5931117" lon="17.1122409"/>
 <node id="4234290812" visible="true" version="1" changeset="39914094" timestamp="2016-06-09T18:04:11Z" user="mcheckimport" uid="893327" lat="40.5931127" lon="17.1168760"/>
 <node id="4234290815" visible="true" version="1" changeset="39914094" timestamp="2016-06-09T18:04:11Z" user="mcheckimport" uid="893327" lat="40.5931155" lon="17.1143472"/>
 <node id="4234290817" visible="true" version="1" changeset="39914094" timestamp="2016-06-09T18:04:11Z" user="mcheckimport" uid="893327" lat="40.5931178" lon="17.1162486"/>
 <node id="4234290818" visible="true" version="1" changeset="39914094" timestamp="2016-06-09T18:04:11Z" user="mcheckimport" uid="893327" lat="40.5931181" lon="17.1128256"/>
 <node id="4234290819" visible="true" version="1" changeset="39914094" timestamp="2016-06-09T18:04:11Z" user="mcheckimport" uid="893327" lat="40.5931184" lon="17.1120553"/>
 <node id="4234290821" visible="true" version="1" changeset="39914094" timestamp="2016-06-09T18:04:11Z" user="mcheckimport" uid="893327" lat="40.5931208" lon="17.1113152"/>
 <node id="4234290822" visible="true" version="1" changeset="39914094" timestamp="2016-06-09T18:04:11Z" user="mcheckimport" uid="893327" lat="40.5931218" lon="17.1137801"/>
 <node id="4234290823" visible="true" version="1" changeset="39914094" timestamp="2016-06-09T18:04:11Z" user="mcheckimport" uid="893327" lat="40.5931220" lon="17.1168349"/>
 <node id="4234290824" visible="true" version="1" changeset="39914094" timestamp="2016-06-09T18:04:11Z" user="mcheckimport" uid="893327" lat="40.5931222" lon="17.1136198"/>
 <node id="4234290826" visible="true" version="1" changeset="39914094" timestamp="2016-06-09T18:04:11Z" user="mcheckimport" uid="893327" lat="40.5931230" lon="17.1137742"/>
 <node id="4234290827" visible="true" version="1" changeset="39914094" timestamp="2016-06-09T18:04:11Z" user="mcheckimport" uid="893327" lat="40.5931232" lon="17.1136760"/>
 <node id="4234290828" visible="true" version="1" changeset="39914094" timestamp="2016-06-09T18:04:11Z" user="mcheckimport" uid="893327" lat="40.5931235" lon="17.1136137"/>
 <node id="4234290829" visible="true" version="1" changeset="39914094" timestamp="2016-06-09T18:04:11Z" user="mcheckimport" uid="893327" lat="40.5931242" lon="17.1120303"/>
 <node id="4234290830" visible="true" version="1" changeset="39914094" timestamp="2016-06-09T18:04:11Z" user="mcheckimport" uid="893327" lat="40.5931250" lon="17.1138821"/>
 <node id="4234290832" visible="true" version="1" changeset="39914094" timestamp="2016-06-09T18:04:11Z" user="mcheckimport" uid="893327" lat="40.5931252" lon="17.1135840"/>
 <node id="4234290833" visible="true" version="1" changeset="39914094" timestamp="2016-06-09T18:04:11Z" user="mcheckimport" uid="893327" lat="40.5931263" lon="17.1138764"/>
 <node id="4234290834" visible="true" version="1" changeset="39914094" timestamp="2016-06-09T18:04:11Z" user="mcheckimport" uid="893327" lat="40.5931264" lon="17.1135781"/>
 <node id="4234290838" visible="true" version="1" changeset="39914094" timestamp="2016-06-09T18:04:11Z" user="mcheckimport" uid="893327" lat="40.5931325" lon="17.1151961"/>
 <node id="4234290839" visible="true" version="1" changeset="39914094" timestamp="2016-06-09T18:04:11Z" user="mcheckimport" uid="893327" lat="40.5931331" lon="17.1107618"/>
 <node id="4234290845" visible="true" version="1" changeset="39914094" timestamp="2016-06-09T18:04:11Z" user="mcheckimport" uid="893327" lat="40.5931393" lon="17.1106663"/>
 <node id="4234290846" visible="true" version="1" changeset="39914094" timestamp="2016-06-09T18:04:11Z" user="mcheckimport" uid="893327" lat="40.5931405" lon="17.1123481"/>
 <node id="4234290848" visible="true" version="1" changeset="39914094" timestamp="2016-06-09T18:04:11Z" user="mcheckimport" uid="893327" lat="40.5931420" lon="17.1113233"/>
 <node id="4234290850" visible="true" version="1" changeset="39914094" timestamp="2016-06-09T18:04:11Z" user="mcheckimport" uid="893327" lat="40.5931427" lon="17.1136210"/>
 <node id="4234290851" visible="true" version="1" changeset="39914094" timestamp="2016-06-09T18:04:11Z" user="mcheckimport" uid="893327" lat="40.5931435" lon="17.1168132"/>
 <node id="4234290852" visible="true" version="1" changeset="39914094" timestamp="2016-06-09T18:04:11Z" user="mcheckimport" uid="893327" lat="40.5931439" lon="17.1151896"/>
 <node id="4234290856" visible="true" version="1" changeset="39914094" timestamp="2016-06-09T18:04:11Z" user="mcheckimport" uid="893327" lat="40.5931470" lon="17.1138846"/>
 <node id="4234290857" visible="true" version="1" changeset="39914094" timestamp="2016-06-09T18:04:12Z" user="mcheckimport" uid="893327" lat="40.5931471" lon="17.1142610"/>
 <node id="4234290858" visible="true" version="1" changeset="39914094" timestamp="2016-06-09T18:04:12Z" user="mcheckimport" uid="893327" lat="40.5931471" lon="17.1145568"/>
 <node id="4234290860" visible="true" version="1" changeset="39914094" timestamp="2016-06-09T18:04:12Z" user="mcheckimport" uid="893327" lat="40.5931501" lon="17.1135870"/>
 <node id="4234290862" visible="true" version="1" changeset="39914094" timestamp="2016-06-09T18:04:12Z" user="mcheckimport" uid="893327" lat="40.5931520" lon="17.1165927"/>
 <node id="4234290864" visible="true" version="1" changeset="39914094" timestamp="2016-06-09T18:04:12Z" user="mcheckimport" uid="893327" lat="40.5931524" lon="17.1108257"/>
 <node id="4234290868" visible="true" version="1" changeset="39914094" timestamp="2016-06-09T18:04:12Z" user="mcheckimport" uid="893327" lat="40.5931528" lon="17.1165884"/>
 <node id="4234290873" visible="true" version="1" changeset="39914094" timestamp="2016-06-09T18:04:12Z" user="mcheckimport" uid="893327" lat="40.5931563" lon="17.1107644"/>
 <node id="4234290874" visible="true" version="1" changeset="39914094" timestamp="2016-06-09T18:04:12Z" user="mcheckimport" uid="893327" lat="40.5931591" lon="17.1106685"/>
 <node id="4234290876" visible="true" version="1" changeset="39914094" timestamp="2016-06-09T18:04:12Z" user="mcheckimport" uid="893327" lat="40.5931600" lon="17.1106550"/>
 <node id="4234290878" visible="true" version="1" changeset="39914094" timestamp="2016-06-09T18:04:12Z" user="mcheckimport" uid="893327" lat="40.5931608" lon="17.1144917"/>
 <node id="4234290880" visible="true" version="1" changeset="39914094" timestamp="2016-06-09T18:04:12Z" user="mcheckimport" uid="893327" lat="40.5931611" lon="17.1122597"/>
 <node id="4234290881" visible="true" version="1" changeset="39914094" timestamp="2016-06-09T18:04:12Z" user="mcheckimport" uid="893327" lat="40.5931612" lon="17.1131556"/>
 <node id="4234290888" visible="true" version="1" changeset="39914094" timestamp="2016-06-09T18:04:12Z" user="mcheckimport" uid="893327" lat="40.5931639" lon="17.1167179"/>
 <node id="4234290889" visible="true" version="1" changeset="39914094" timestamp="2016-06-09T18:04:12Z" user="mcheckimport" uid="893327" lat="40.5931644" lon="17.1112220"/>
 <node id="4234290890" visible="true" version="1" changeset="39914094" timestamp="2016-06-09T18:04:12Z" user="mcheckimport" uid="893327" lat="40.5931651" lon="17.1130539"/>
 <node id="4234290891" visible="true" version="1" changeset="39914094" timestamp="2016-06-09T18:04:12Z" user="mcheckimport" uid="893327" lat="40.5931652" lon="17.1171089"/>
 <node id="4234290899" visible="true" version="1" changeset="39914094" timestamp="2016-06-09T18:04:12Z" user="mcheckimport" uid="893327" lat="40.5931709" lon="17.1107890"/>
 <node id="4234290901" visible="true" version="1" changeset="39914094" timestamp="2016-06-09T18:04:12Z" user="mcheckimport" uid="893327" lat="40.5931723" lon="17.1164873"/>
 <node id="4234290904" visible="true" version="1" changeset="39914094" timestamp="2016-06-09T18:04:12Z" user="mcheckimport" uid="893327" lat="40.5931746" lon="17.1153083"/>
 <node id="4234290905" visible="true" version="1" changeset="39914094" timestamp="2016-06-09T18:04:12Z" user="mcheckimport" uid="893327" lat="40.5931758" lon="17.1130051"/>
 <node id="4234290906" visible="true" version="1" changeset="39914094" timestamp="2016-06-09T18:04:12Z" user="mcheckimport" uid="893327" lat="40.5931760" lon="17.1107106"/>
 <node id="4234290910" visible="true" version="1" changeset="39914094" timestamp="2016-06-09T18:04:12Z" user="mcheckimport" uid="893327" lat="40.5931776" lon="17.1164622"/>
 <node id="4234290911" visible="true" version="1" changeset="39914094" timestamp="2016-06-09T18:04:12Z" user="mcheckimport" uid="893327" lat="40.5931780" lon="17.1137948"/>
 <node id="4234290912" visible="true" version="1" changeset="39914094" timestamp="2016-06-09T18:04:12Z" user="mcheckimport" uid="893327" lat="40.5931787" lon="17.1149808"/>
 <node id="4234290916" visible="true" version="1" changeset="39914094" timestamp="2016-06-09T18:04:12Z" user="mcheckimport" uid="893327" lat="40.5931801" lon="17.1159770"/>
 <node id="4234290917" visible="true" version="1" changeset="39914094" timestamp="2016-06-09T18:04:12Z" user="mcheckimport" uid="893327" lat="40.5931802" lon="17.1130685"/>
 <node id="4234290918" visible="true" version="1" changeset="39914094" timestamp="2016-06-09T18:04:12Z" user="mcheckimport" uid="893327" lat="40.5931813" lon="17.1107111"/>
 <node id="4234290920" visible="true" version="1" changeset="39914094" timestamp="2016-06-09T18:04:12Z" user="mcheckimport" uid="893327" lat="40.5931831" lon="17.1112292"/>
 <node id="4234290924" visible="true" version="1" changeset="39914094" timestamp="2016-06-09T18:04:13Z" user="mcheckimport" uid="893327" lat="40.5931848" lon="17.1106577"/>
 <node id="4234290930" visible="true" version="1" changeset="39914094" timestamp="2016-06-09T18:04:13Z" user="mcheckimport" uid="893327" lat="40.5931888" lon="17.1146094"/>
 <node id="4234290932" visible="true" version="1" changeset="39914094" timestamp="2016-06-09T18:04:13Z" user="mcheckimport" uid="893327" lat="40.5931892" lon="17.1150911"/>
 <node id="4234290933" visible="true" version="1" changeset="39914094" timestamp="2016-06-09T18:04:13Z" user="mcheckimport" uid="893327" lat="40.5931898" lon="17.1111988"/>
 <node id="4234290934" visible="true" version="1" changeset="39914094" timestamp="2016-06-09T18:04:13Z" user="mcheckimport" uid="893327" lat="40.5931900" lon="17.1130380"/>
 <node id="4234290939" visible="true" version="1" changeset="39914094" timestamp="2016-06-09T18:04:13Z" user="mcheckimport" uid="893327" lat="40.5931956" lon="17.1130124"/>
 <node id="4234290941" visible="true" version="1" changeset="39914094" timestamp="2016-06-09T18:04:13Z" user="mcheckimport" uid="893327" lat="40.5931961" lon="17.1145745"/>
 <node id="4234290949" visible="true" version="1" changeset="39914094" timestamp="2016-06-09T18:04:13Z" user="mcheckimport" uid="893327" lat="40.5931984" lon="17.1150563"/>
 <node id="4234290952" visible="true" version="1" changeset="39914094" timestamp="2016-06-09T18:04:13Z" user="mcheckimport" uid="893327" lat="40.5932006" lon="17.1112029"/>
 <node id="4234290954" visible="true" version="1" changeset="39914094" timestamp="2016-06-09T18:04:13Z" user="mcheckimport" uid="893327" lat="40.5932011" lon="17.1165021"/>
 <node id="4234290964" visible="true" version="1" changeset="39914094" timestamp="2016-06-09T18:04:13Z" user="mcheckimport" uid="893327" lat="40.5932067" lon="17.1108316"/>
 <node id="4234290965" visible="true" version="1" changeset="39914094" timestamp="2016-06-09T18:04:13Z" user="mcheckimport" uid="893327" lat="40.5932073" lon="17.1164729"/>
 <node id="4234290966" visible="true" version="1" changeset="39914094" timestamp="2016-06-09T18:04:13Z" user="mcheckimport" uid="893327" lat="40.5932074" lon="17.1146161"/>
 <node id="4234290967" visible="true" version="1" changeset="39914094" timestamp="2016-06-09T18:04:13Z" user="mcheckimport" uid="893327" lat="40.5932080" lon="17.1152113"/>
 <node id="4234290970" visible="true" version="1" changeset="39914094" timestamp="2016-06-09T18:04:13Z" user="mcheckimport" uid="893327" lat="40.5932092" lon="17.1107933"/>
 <node id="4234290977" visible="true" version="1" changeset="39914094" timestamp="2016-06-09T18:04:13Z" user="mcheckimport" uid="893327" lat="40.5932123" lon="17.1111504"/>
 <node id="4234290978" visible="true" version="2" changeset="62516093" timestamp="2018-09-12T10:48:28Z" user="Max Tenerelli" uid="616103" lat="40.5931904" lon="17.1089198"/>
 <node id="4234290984" visible="true" version="1" changeset="39914094" timestamp="2016-06-09T18:04:14Z" user="mcheckimport" uid="893327" lat="40.5932163" lon="17.1123813"/>
 <node id="4234290988" visible="true" version="1" changeset="39914094" timestamp="2016-06-09T18:04:14Z" user="mcheckimport" uid="893327" lat="40.5932180" lon="17.1145657"/>
 <node id="4234290990" visible="true" version="1" changeset="39914094" timestamp="2016-06-09T18:04:14Z" user="mcheckimport" uid="893327" lat="40.5932228" lon="17.1145465"/>
 <node id="4234290997" visible="true" version="1" changeset="39914094" timestamp="2016-06-09T18:04:14Z" user="mcheckimport" uid="893327" lat="40.5932254" lon="17.1127557"/>
 <node id="4234290998" visible="true" version="1" changeset="39914094" timestamp="2016-06-09T18:04:14Z" user="mcheckimport" uid="893327" lat="40.5932255" lon="17.1131797"/>
 <node id="4234291004" visible="true" version="1" changeset="39914094" timestamp="2016-06-09T18:04:14Z" user="mcheckimport" uid="893327" lat="40.5932287" lon="17.1146237"/>
 <node id="4234291006" visible="true" version="1" changeset="39914094" timestamp="2016-06-09T18:04:14Z" user="mcheckimport" uid="893327" lat="40.5932289" lon="17.1146051"/>
 <node id="4234291007" visible="true" version="1" changeset="39914094" timestamp="2016-06-09T18:04:14Z" user="mcheckimport" uid="893327" lat="40.5932291" lon="17.1139113"/>
 <node id="4234291008" visible="true" version="1" changeset="39914094" timestamp="2016-06-09T18:04:14Z" user="mcheckimport" uid="893327" lat="40.5932292" lon="17.1145164"/>
 <node id="4234291010" visible="true" version="1" changeset="39914094" timestamp="2016-06-09T18:04:14Z" user="mcheckimport" uid="893327" lat="40.5932313" lon="17.1116378"/>
 <node id="4234291013" visible="true" version="1" changeset="39914094" timestamp="2016-06-09T18:04:14Z" user="mcheckimport" uid="893327" lat="40.5932320" lon="17.1122877"/>
 <node id="4234291014" visible="true" version="1" changeset="39914094" timestamp="2016-06-09T18:04:14Z" user="mcheckimport" uid="893327" lat="40.5932324" lon="17.1146064"/>
 <node id="4234291015" visible="true" version="1" changeset="39914094" timestamp="2016-06-09T18:04:14Z" user="mcheckimport" uid="893327" lat="40.5932330" lon="17.1117709"/>
 <node id="4234291016" visible="true" version="1" changeset="39914094" timestamp="2016-06-09T18:04:14Z" user="mcheckimport" uid="893327" lat="40.5932342" lon="17.1182149"/>
 <node id="4234291018" visible="true" version="1" changeset="39914094" timestamp="2016-06-09T18:04:14Z" user="mcheckimport" uid="893327" lat="40.5932358" lon="17.1145722"/>
 <node id="4234291022" visible="true" version="1" changeset="39914094" timestamp="2016-06-09T18:04:14Z" user="mcheckimport" uid="893327" lat="40.5932380" lon="17.1119121"/>
 <node id="4234291023" visible="true" version="1" changeset="39914094" timestamp="2016-06-09T18:04:14Z" user="mcheckimport" uid="893327" lat="40.5932380" lon="17.1163291"/>
 <node id="4234291026" visible="true" version="1" changeset="39914094" timestamp="2016-06-09T18:04:14Z" user="mcheckimport" uid="893327" lat="40.5932401" lon="17.1145528"/>
 <node id="4234291027" visible="true" version="1" changeset="39914094" timestamp="2016-06-09T18:04:14Z" user="mcheckimport" uid="893327" lat="40.5932414" lon="17.1128026"/>
 <node id="4234291028" visible="true" version="1" changeset="39914094" timestamp="2016-06-09T18:04:14Z" user="mcheckimport" uid="893327" lat="40.5932419" lon="17.1171406"/>
 <node id="4234291038" visible="true" version="1" changeset="39914094" timestamp="2016-06-09T18:04:14Z" user="mcheckimport" uid="893327" lat="40.5932452" lon="17.1162946"/>
 <node id="4234291042" visible="true" version="1" changeset="39914094" timestamp="2016-06-09T18:04:14Z" user="mcheckimport" uid="893327" lat="40.5932466" lon="17.1150490"/>
 <node id="4234291043" visible="true" version="1" changeset="39914094" timestamp="2016-06-09T18:04:14Z" user="mcheckimport" uid="893327" lat="40.5932467" lon="17.1145213"/>
 <node id="4234291048" visible="true" version="1" changeset="39914094" timestamp="2016-06-09T18:04:15Z" user="mcheckimport" uid="893327" lat="40.5932487" lon="17.1134700"/>
 <node id="4234291049" visible="true" version="1" changeset="39914094" timestamp="2016-06-09T18:04:15Z" user="mcheckimport" uid="893327" lat="40.5932488" lon="17.1138161"/>
 <node id="4234291050" visible="true" version="1" changeset="39914094" timestamp="2016-06-09T18:04:15Z" user="mcheckimport" uid="893327" lat="40.5932495" lon="17.1127647"/>
 <node id="4234291051" visible="true" version="1" changeset="39914094" timestamp="2016-06-09T18:04:15Z" user="mcheckimport" uid="893327" lat="40.5932497" lon="17.1146312"/>
 <node id="4234291052" visible="true" version="1" changeset="39914094" timestamp="2016-06-09T18:04:15Z" user="mcheckimport" uid="893327" lat="40.5932500" lon="17.1145880"/>
 <node id="4234291053" visible="true" version="1" changeset="39914094" timestamp="2016-06-09T18:04:15Z" user="mcheckimport" uid="893327" lat="40.5932502" lon="17.1109578"/>
 <node id="4234291055" visible="true" version="1" changeset="39914094" timestamp="2016-06-09T18:04:15Z" user="mcheckimport" uid="893327" lat="40.5932514" lon="17.1130610"/>
 <node id="4234291059" visible="true" version="1" changeset="39914094" timestamp="2016-06-09T18:04:15Z" user="mcheckimport" uid="893327" lat="40.5932552" lon="17.1126154"/>
 <node id="4234291060" visible="true" version="1" changeset="39914094" timestamp="2016-06-09T18:04:15Z" user="mcheckimport" uid="893327" lat="40.5932557" lon="17.1142035"/>
 <node id="4234291061" visible="true" version="1" changeset="39914094" timestamp="2016-06-09T18:04:15Z" user="mcheckimport" uid="893327" lat="40.5932567" lon="17.1150056"/>
 <node id="4234291062" visible="true" version="1" changeset="39914094" timestamp="2016-06-09T18:04:15Z" user="mcheckimport" uid="893327" lat="40.5932582" lon="17.1145910"/>
 <node id="4234291064" visible="true" version="1" changeset="39914094" timestamp="2016-06-09T18:04:15Z" user="mcheckimport" uid="893327" lat="40.5932601" lon="17.1116488"/>
 <node id="4234291067" visible="true" version="1" changeset="39914094" timestamp="2016-06-09T18:04:15Z" user="mcheckimport" uid="893327" lat="40.5932610" lon="17.1154909"/>
 <node id="4234291070" visible="true" version="1" changeset="39914094" timestamp="2016-06-09T18:04:15Z" user="mcheckimport" uid="893327" lat="40.5932628" lon="17.1145271"/>
 <node id="4234291071" visible="true" version="1" changeset="39914094" timestamp="2016-06-09T18:04:15Z" user="mcheckimport" uid="893327" lat="40.5932633" lon="17.1125868"/>
 <node id="4234291074" visible="true" version="1" changeset="39914094" timestamp="2016-06-09T18:04:15Z" user="mcheckimport" uid="893327" lat="40.5932660" lon="17.1106032"/>
 <node id="4234291075" visible="true" version="1" changeset="39914094" timestamp="2016-06-09T18:04:15Z" user="mcheckimport" uid="893327" lat="40.5932662" lon="17.1141577"/>
 <node id="4234291083" visible="true" version="1" changeset="39914094" timestamp="2016-06-09T18:04:15Z" user="mcheckimport" uid="893327" lat="40.5932696" lon="17.1141164"/>
 <node id="4234291085" visible="true" version="1" changeset="39914094" timestamp="2016-06-09T18:04:15Z" user="mcheckimport" uid="893327" lat="40.5932729" lon="17.1155635"/>
 <node id="4234291087" visible="true" version="1" changeset="39914094" timestamp="2016-06-09T18:04:15Z" user="mcheckimport" uid="893327" lat="40.5932746" lon="17.1166367"/>
 <node id="4234291091" visible="true" version="1" changeset="39914094" timestamp="2016-06-09T18:04:15Z" user="mcheckimport" uid="893327" lat="40.5932797" lon="17.1128165"/>
 <node id="4234291092" visible="true" version="1" changeset="39914094" timestamp="2016-06-09T18:04:15Z" user="mcheckimport" uid="893327" lat="40.5932802" lon="17.1125099"/>
 <node id="4234291096" visible="true" version="1" changeset="39914094" timestamp="2016-06-09T18:04:15Z" user="mcheckimport" uid="893327" lat="40.5932824" lon="17.1164373"/>
 <node id="4234291097" visible="true" version="1" changeset="39914094" timestamp="2016-06-09T18:04:15Z" user="mcheckimport" uid="893327" lat="40.5932832" lon="17.1140579"/>
 <node id="4234291100" visible="true" version="1" changeset="39914094" timestamp="2016-06-09T18:04:15Z" user="mcheckimport" uid="893327" lat="40.5932844" lon="17.1148882"/>
 <node id="4234291102" visible="true" version="1" changeset="39914094" timestamp="2016-06-09T18:04:15Z" user="mcheckimport" uid="893327" lat="40.5932859" lon="17.1133395"/>
 <node id="4234291105" visible="true" version="1" changeset="39914094" timestamp="2016-06-09T18:04:15Z" user="mcheckimport" uid="893327" lat="40.5932870" lon="17.1155483"/>
 <node id="4234291112" visible="true" version="2" changeset="47927421" timestamp="2017-04-19T07:04:13Z" user="gscholz" uid="109705" lat="40.5932926" lon="17.1142551"/>
 <node id="4234291115" visible="true" version="1" changeset="39914094" timestamp="2016-06-09T18:04:16Z" user="mcheckimport" uid="893327" lat="40.5932929" lon="17.1153540"/>
 <node id="4234291121" visible="true" version="1" changeset="39914094" timestamp="2016-06-09T18:04:16Z" user="mcheckimport" uid="893327" lat="40.5932964" lon="17.1155060"/>
 <node id="4234291123" visible="true" version="1" changeset="39914094" timestamp="2016-06-09T18:04:16Z" user="mcheckimport" uid="893327" lat="40.5932981" lon="17.1125995"/>
 <node id="4234291127" visible="true" version="1" changeset="39914094" timestamp="2016-06-09T18:04:16Z" user="mcheckimport" uid="893327" lat="40.5933005" lon="17.1163515"/>
 <node id="4234291131" visible="true" version="1" changeset="39914094" timestamp="2016-06-09T18:04:16Z" user="mcheckimport" uid="893327" lat="40.5933030" lon="17.1113146"/>
 <node id="4234291132" visible="true" version="2" changeset="62516093" timestamp="2018-09-12T10:48:28Z" user="Max Tenerelli" uid="616103" lat="40.5932236" lon="17.1088605"/>
 <node id="4234291133" visible="true" version="1" changeset="39914094" timestamp="2016-06-09T18:04:16Z" user="mcheckimport" uid="893327" lat="40.5933035" lon="17.1165390"/>
 <node id="4234291135" visible="true" version="1" changeset="39914094" timestamp="2016-06-09T18:04:16Z" user="mcheckimport" uid="893327" lat="40.5933038" lon="17.1119417"/>
 <node id="4234291141" visible="true" version="1" changeset="39914094" timestamp="2016-06-09T18:04:16Z" user="mcheckimport" uid="893327" lat="40.5933083" lon="17.1147907"/>
 <node id="4234291142" visible="true" version="1" changeset="39914094" timestamp="2016-06-09T18:04:16Z" user="mcheckimport" uid="893327" lat="40.5933102" lon="17.1141749"/>
 <node id="4234291144" visible="true" version="1" changeset="39914094" timestamp="2016-06-09T18:04:16Z" user="mcheckimport" uid="893327" lat="40.5933107" lon="17.1109454"/>
 <node id="4234291146" visible="true" version="1" changeset="39914094" timestamp="2016-06-09T18:04:16Z" user="mcheckimport" uid="893327" lat="40.5933139" lon="17.1152568"/>
 <node id="4234291147" visible="true" version="1" changeset="39914094" timestamp="2016-06-09T18:04:16Z" user="mcheckimport" uid="893327" lat="40.5933149" lon="17.1125231"/>
 <node id="4234291150" visible="true" version="1" changeset="39914094" timestamp="2016-06-09T18:04:16Z" user="mcheckimport" uid="893327" lat="40.5933176" lon="17.1126382"/>
 <node id="4234291154" visible="true" version="1" changeset="39914094" timestamp="2016-06-09T18:04:16Z" user="mcheckimport" uid="893327" lat="40.5933211" lon="17.1134906"/>
 <node id="4234291156" visible="true" version="1" changeset="39914094" timestamp="2016-06-09T18:04:16Z" user="mcheckimport" uid="893327" lat="40.5933219" lon="17.1164515"/>
 <node id="4234291160" visible="true" version="1" changeset="39914094" timestamp="2016-06-09T18:04:16Z" user="mcheckimport" uid="893327" lat="40.5933278" lon="17.1106084"/>
 <node id="4234291161" visible="true" version="1" changeset="39914094" timestamp="2016-06-09T18:04:16Z" user="mcheckimport" uid="893327" lat="40.5933291" lon="17.1118483"/>
 <node id="4234291162" visible="true" version="1" changeset="39914094" timestamp="2016-06-09T18:04:16Z" user="mcheckimport" uid="893327" lat="40.5933308" lon="17.1138474"/>
 <node id="4234291164" visible="true" version="1" changeset="39914094" timestamp="2016-06-09T18:04:16Z" user="mcheckimport" uid="893327" lat="40.5933316" lon="17.1113256"/>
 <node id="4234291166" visible="true" version="1" changeset="39914094" timestamp="2016-06-09T18:04:16Z" user="mcheckimport" uid="893327" lat="40.5933345" lon="17.1146196"/>
 <node id="4234291167" visible="true" version="1" changeset="39914094" timestamp="2016-06-09T18:04:16Z" user="mcheckimport" uid="893327" lat="40.5933367" lon="17.1170825"/>
 <node id="4234291168" visible="true" version="1" changeset="39914094" timestamp="2016-06-09T18:04:16Z" user="mcheckimport" uid="893327" lat="40.5933385" lon="17.1105102"/>
 <node id="4234291173" visible="true" version="2" changeset="47927421" timestamp="2017-04-19T07:04:13Z" user="gscholz" uid="109705" lat="40.5933493" lon="17.1142782"/>
 <node id="4234291176" visible="true" version="1" changeset="39914094" timestamp="2016-06-09T18:04:16Z" user="mcheckimport" uid="893327" lat="40.5933428" lon="17.1137928"/>
 <node id="4234291177" visible="true" version="1" changeset="39914094" timestamp="2016-06-09T18:04:16Z" user="mcheckimport" uid="893327" lat="40.5933428" lon="17.1155729"/>
 <node id="4234291178" visible="true" version="1" changeset="39914094" timestamp="2016-06-09T18:04:16Z" user="mcheckimport" uid="893327" lat="40.5933440" lon="17.1122602"/>
 <node id="4234291179" visible="true" version="1" changeset="39914094" timestamp="2016-06-09T18:04:16Z" user="mcheckimport" uid="893327" lat="40.5933455" lon="17.1146239"/>
 <node id="4234291181" visible="true" version="1" changeset="39914094" timestamp="2016-06-09T18:04:17Z" user="mcheckimport" uid="893327" lat="40.5933469" lon="17.1170374"/>
 <node id="4234291182" visible="true" version="1" changeset="39914094" timestamp="2016-06-09T18:04:17Z" user="mcheckimport" uid="893327" lat="40.5933472" lon="17.1145629"/>
 <node id="4234291183" visible="true" version="2" changeset="47927421" timestamp="2017-04-19T07:04:13Z" user="gscholz" uid="109705" lat="40.5933560" lon="17.1142495"/>
 <node id="4234291185" visible="true" version="1" changeset="39914094" timestamp="2016-06-09T18:04:17Z" user="mcheckimport" uid="893327" lat="40.5933518" lon="17.1101581"/>
 <node id="4234291190" visible="true" version="1" changeset="39914094" timestamp="2016-06-09T18:04:17Z" user="mcheckimport" uid="893327" lat="40.5933538" lon="17.1170892"/>
 <node id="4234291194" visible="true" version="1" changeset="39914094" timestamp="2016-06-09T18:04:17Z" user="mcheckimport" uid="893327" lat="40.5933547" lon="17.1155296"/>
 <node id="4234291197" visible="true" version="1" changeset="39914094" timestamp="2016-06-09T18:04:17Z" user="mcheckimport" uid="893327" lat="40.5933560" lon="17.1122072"/>
 <node id="4234291201" visible="true" version="1" changeset="39914094" timestamp="2016-06-09T18:04:17Z" user="mcheckimport" uid="893327" lat="40.5933581" lon="17.1112059"/>
 <node id="4234291202" visible="true" version="1" changeset="39914094" timestamp="2016-06-09T18:04:17Z" user="mcheckimport" uid="893327" lat="40.5933586" lon="17.1170680"/>
 <node id="4234291205" visible="true" version="1" changeset="39914094" timestamp="2016-06-09T18:04:17Z" user="mcheckimport" uid="893327" lat="40.5933616" lon="17.1129992"/>
 <node id="4234291206" visible="true" version="1" changeset="39914094" timestamp="2016-06-09T18:04:17Z" user="mcheckimport" uid="893327" lat="40.5933616" lon="17.1145685"/>
 <node id="4234291208" visible="true" version="1" changeset="39914094" timestamp="2016-06-09T18:04:17Z" user="mcheckimport" uid="893327" lat="40.5933629" lon="17.1109498"/>
 <node id="4234291210" visible="true" version="1" changeset="39914094" timestamp="2016-06-09T18:04:17Z" user="mcheckimport" uid="893327" lat="40.5933635" lon="17.1121457"/>
 <node id="4234291214" visible="true" version="1" changeset="39914094" timestamp="2016-06-09T18:04:17Z" user="mcheckimport" uid="893327" lat="40.5933660" lon="17.1129158"/>
 <node id="4234291217" visible="true" version="1" changeset="39914094" timestamp="2016-06-09T18:04:17Z" user="mcheckimport" uid="893327" lat="40.5933665" lon="17.1171891"/>
 <node id="4234291218" visible="true" version="1" changeset="39914094" timestamp="2016-06-09T18:04:17Z" user="mcheckimport" uid="893327" lat="40.5933680" lon="17.1137435"/>
 <node id="4234291220" visible="true" version="1" changeset="39914094" timestamp="2016-06-09T18:04:17Z" user="mcheckimport" uid="893327" lat="40.5933689" lon="17.1108383"/>
 <node id="4234291225" visible="true" version="1" changeset="39914094" timestamp="2016-06-09T18:04:17Z" user="mcheckimport" uid="893327" lat="40.5933712" lon="17.1138627"/>
 <node id="4234291227" visible="true" version="1" changeset="39914094" timestamp="2016-06-09T18:04:17Z" user="mcheckimport" uid="893327" lat="40.5933730" lon="17.1170476"/>
 <node id="4234291230" visible="true" version="1" changeset="39914094" timestamp="2016-06-09T18:04:17Z" user="mcheckimport" uid="893327" lat="40.5933741" lon="17.1122310"/>
 <node id="4234291234" visible="true" version="1" changeset="39914094" timestamp="2016-06-09T18:04:17Z" user="mcheckimport" uid="893327" lat="40.5933765" lon="17.1170323"/>
 <node id="4234291235" visible="true" version="1" changeset="39914094" timestamp="2016-06-09T18:04:17Z" user="mcheckimport" uid="893327" lat="40.5933776" lon="17.1122157"/>
 <node id="4234291236" visible="true" version="1" changeset="39914094" timestamp="2016-06-09T18:04:17Z" user="mcheckimport" uid="893327" lat="40.5933803" lon="17.1120717"/>
 <node id="4234291238" visible="true" version="1" changeset="39914094" timestamp="2016-06-09T18:04:17Z" user="mcheckimport" uid="893327" lat="40.5933833" lon="17.1138083"/>
 <node id="4234291241" visible="true" version="1" changeset="39914094" timestamp="2016-06-09T18:04:18Z" user="mcheckimport" uid="893327" lat="40.5933862" lon="17.1155405"/>
 <node id="4234291242" visible="true" version="1" changeset="39914094" timestamp="2016-06-09T18:04:18Z" user="mcheckimport" uid="893327" lat="40.5933866" lon="17.1159040"/>
 <node id="4234291244" visible="true" version="1" changeset="39914094" timestamp="2016-06-09T18:04:18Z" user="mcheckimport" uid="893327" lat="40.5933871" lon="17.1128204"/>
 <node id="4234291245" visible="true" version="1" changeset="39914094" timestamp="2016-06-09T18:04:18Z" user="mcheckimport" uid="893327" lat="40.5933876" lon="17.1144518"/>
 <node id="4234291247" visible="true" version="1" changeset="39914094" timestamp="2016-06-09T18:04:18Z" user="mcheckimport" uid="893327" lat="40.5933881" lon="17.1170591"/>
 <node id="4234291248" visible="true" version="1" changeset="39914094" timestamp="2016-06-09T18:04:18Z" user="mcheckimport" uid="893327" lat="40.5933882" lon="17.1168999"/>
 <node id="4234291249" visible="true" version="1" changeset="39914094" timestamp="2016-06-09T18:04:18Z" user="mcheckimport" uid="893327" lat="40.5933885" lon="17.1171976"/>
 <node id="4234291251" visible="true" version="1" changeset="39914094" timestamp="2016-06-09T18:04:18Z" user="mcheckimport" uid="893327" lat="40.5933894" lon="17.1149191"/>
 <node id="4234291255" visible="true" version="1" changeset="39914094" timestamp="2016-06-09T18:04:18Z" user="mcheckimport" uid="893327" lat="40.5933911" lon="17.1170806"/>
 <node id="4234291257" visible="true" version="1" changeset="39914094" timestamp="2016-06-09T18:04:18Z" user="mcheckimport" uid="893327" lat="40.5933927" lon="17.1170386"/>
 <node id="4234291258" visible="true" version="1" changeset="39914094" timestamp="2016-06-09T18:04:18Z" user="mcheckimport" uid="893327" lat="40.5933935" lon="17.1107391"/>
 <node id="4234291261" visible="true" version="1" changeset="39914094" timestamp="2016-06-09T18:04:18Z" user="mcheckimport" uid="893327" lat="40.5933943" lon="17.1107145"/>
 <node id="4234291263" visible="true" version="1" changeset="39914094" timestamp="2016-06-09T18:04:18Z" user="mcheckimport" uid="893327" lat="40.5933953" lon="17.1127857"/>
 <node id="4234291264" visible="true" version="1" changeset="39914094" timestamp="2016-06-09T18:04:18Z" user="mcheckimport" uid="893327" lat="40.5933953" lon="17.1132081"/>
 <node id="4234291265" visible="true" version="1" changeset="39914094" timestamp="2016-06-09T18:04:18Z" user="mcheckimport" uid="893327" lat="40.5933953" lon="17.1137539"/>
 <node id="4234291268" visible="true" version="1" changeset="39914094" timestamp="2016-06-09T18:04:18Z" user="mcheckimport" uid="893327" lat="40.5933985" lon="17.1182762"/>
 <node id="4234291269" visible="true" version="1" changeset="39914094" timestamp="2016-06-09T18:04:18Z" user="mcheckimport" uid="893327" lat="40.5933986" lon="17.1141678"/>
 <node id="4234291270" visible="true" version="1" changeset="39914094" timestamp="2016-06-09T18:04:18Z" user="mcheckimport" uid="893327" lat="40.5933988" lon="17.1105249"/>
 <node id="4234291271" visible="true" version="1" changeset="39914094" timestamp="2016-06-09T18:04:18Z" user="mcheckimport" uid="893327" lat="40.5933989" lon="17.1169685"/>
 <node id="4234291272" visible="true" version="1" changeset="39914094" timestamp="2016-06-09T18:04:18Z" user="mcheckimport" uid="893327" lat="40.5933992" lon="17.1105141"/>
 <node id="4234291274" visible="true" version="1" changeset="39914094" timestamp="2016-06-09T18:04:18Z" user="mcheckimport" uid="893327" lat="40.5934009" lon="17.1115085"/>
 <node id="4234291275" visible="true" version="1" changeset="39914094" timestamp="2016-06-09T18:04:18Z" user="mcheckimport" uid="893327" lat="40.5934013" lon="17.1151451"/>
 <node id="4234291276" visible="true" version="1" changeset="39914094" timestamp="2016-06-09T18:04:18Z" user="mcheckimport" uid="893327" lat="40.5934013" lon="17.1171411"/>
 <node id="4234291278" visible="true" version="1" changeset="39914094" timestamp="2016-06-09T18:04:18Z" user="mcheckimport" uid="893327" lat="40.5934026" lon="17.1164289"/>
 <node id="4234291279" visible="true" version="1" changeset="39914094" timestamp="2016-06-09T18:04:18Z" user="mcheckimport" uid="893327" lat="40.5934029" lon="17.1168319"/>
 <node id="4234291281" visible="true" version="1" changeset="39914094" timestamp="2016-06-09T18:04:18Z" user="mcheckimport" uid="893327" lat="40.5934040" lon="17.1143646"/>
 <node id="4234291282" visible="true" version="1" changeset="39914094" timestamp="2016-06-09T18:04:18Z" user="mcheckimport" uid="893327" lat="40.5934047" lon="17.1128271"/>
 <node id="4234291283" visible="true" version="1" changeset="39914094" timestamp="2016-06-09T18:04:18Z" user="mcheckimport" uid="893327" lat="40.5934054" lon="17.1122044"/>
 <node id="4234291284" visible="true" version="1" changeset="39914094" timestamp="2016-06-09T18:04:18Z" user="mcheckimport" uid="893327" lat="40.5934056" lon="17.1122434"/>
 <node id="4234291286" visible="true" version="1" changeset="39914094" timestamp="2016-06-09T18:04:18Z" user="mcheckimport" uid="893327" lat="40.5934072" lon="17.1122849"/>
 <node id="4234291290" visible="true" version="1" changeset="39914094" timestamp="2016-06-09T18:04:18Z" user="mcheckimport" uid="893327" lat="40.5934117" lon="17.1169086"/>
 <node id="4234291291" visible="true" version="1" changeset="39914094" timestamp="2016-06-09T18:04:18Z" user="mcheckimport" uid="893327" lat="40.5934120" lon="17.1148302"/>
 <node id="4234291292" visible="true" version="1" changeset="39914094" timestamp="2016-06-09T18:04:18Z" user="mcheckimport" uid="893327" lat="40.5934122" lon="17.1141091"/>
 <node id="4234291293" visible="true" version="1" changeset="39914094" timestamp="2016-06-09T18:04:18Z" user="mcheckimport" uid="893327" lat="40.5934123" lon="17.1127922"/>
 <node id="4234291294" visible="true" version="1" changeset="39914094" timestamp="2016-06-09T18:04:19Z" user="mcheckimport" uid="893327" lat="40.5934137" lon="17.1122076"/>
 <node id="4234291295" visible="true" version="1" changeset="39914094" timestamp="2016-06-09T18:04:19Z" user="mcheckimport" uid="893327" lat="40.5934142" lon="17.1121657"/>
 <node id="4234291296" visible="true" version="1" changeset="39914094" timestamp="2016-06-09T18:04:19Z" user="mcheckimport" uid="893327" lat="40.5934143" lon="17.1109595"/>
 <node id="4234291297" visible="true" version="1" changeset="39914094" timestamp="2016-06-09T18:04:19Z" user="mcheckimport" uid="893327" lat="40.5934146" lon="17.1170694"/>
 <node id="4234291298" visible="true" version="1" changeset="39914094" timestamp="2016-06-09T18:04:19Z" user="mcheckimport" uid="893327" lat="40.5934155" lon="17.1150831"/>
 <node id="4234291301" visible="true" version="1" changeset="39914094" timestamp="2016-06-09T18:04:19Z" user="mcheckimport" uid="893327" lat="40.5934161" lon="17.1135269"/>
 <node id="4234291302" visible="true" version="1" changeset="39914094" timestamp="2016-06-09T18:04:19Z" user="mcheckimport" uid="893327" lat="40.5934166" lon="17.1171470"/>
 <node id="4234291304" visible="true" version="1" changeset="39914094" timestamp="2016-06-09T18:04:19Z" user="mcheckimport" uid="893327" lat="40.5934178" lon="17.1169754"/>
 <node id="4234291305" visible="true" version="1" changeset="39914094" timestamp="2016-06-09T18:04:19Z" user="mcheckimport" uid="893327" lat="40.5934189" lon="17.1170500"/>
 <node id="4234291307" visible="true" version="1" changeset="39914094" timestamp="2016-06-09T18:04:19Z" user="mcheckimport" uid="893327" lat="40.5934202" lon="17.1108427"/>
 <node id="4234291308" visible="true" version="1" changeset="39914094" timestamp="2016-06-09T18:04:19Z" user="mcheckimport" uid="893327" lat="40.5934204" lon="17.1126725"/>
 <node id="4234291312" visible="true" version="1" changeset="39914094" timestamp="2016-06-09T18:04:19Z" user="mcheckimport" uid="893327" lat="40.5934213" lon="17.1122228"/>
 <node id="4234291313" visible="true" version="1" changeset="39914094" timestamp="2016-06-09T18:04:19Z" user="mcheckimport" uid="893327" lat="40.5934213" lon="17.1167588"/>
 <node id="4234291314" visible="true" version="1" changeset="39914094" timestamp="2016-06-09T18:04:19Z" user="mcheckimport" uid="893327" lat="40.5934219" lon="17.1108038"/>
 <node id="4234291317" visible="true" version="1" changeset="39914094" timestamp="2016-06-09T18:04:19Z" user="mcheckimport" uid="893327" lat="40.5934236" lon="17.1114120"/>
 <node id="4234291318" visible="true" version="1" changeset="39914094" timestamp="2016-06-09T18:04:19Z" user="mcheckimport" uid="893327" lat="40.5934238" lon="17.1157386"/>
 <node id="4234291319" visible="true" version="1" changeset="39914094" timestamp="2016-06-09T18:04:19Z" user="mcheckimport" uid="893327" lat="40.5934241" lon="17.1121686"/>
 <node id="4234291321" visible="true" version="1" changeset="39914094" timestamp="2016-06-09T18:04:19Z" user="mcheckimport" uid="893327" lat="40.5934246" lon="17.1107422"/>
 <node id="4234291326" visible="true" version="1" changeset="39914094" timestamp="2016-06-09T18:04:19Z" user="mcheckimport" uid="893327" lat="40.5934266" lon="17.1171028"/>
 <node id="4234291327" visible="true" version="1" changeset="39914094" timestamp="2016-06-09T18:04:19Z" user="mcheckimport" uid="893327" lat="40.5934273" lon="17.1103412"/>
 <node id="4234291328" visible="true" version="1" changeset="39914094" timestamp="2016-06-09T18:04:19Z" user="mcheckimport" uid="893327" lat="40.5934273" lon="17.1107166"/>
 <node id="4234291329" visible="true" version="1" changeset="39914094" timestamp="2016-06-09T18:04:19Z" user="mcheckimport" uid="893327" lat="40.5934284" lon="17.1154069"/>
 <node id="4234291330" visible="true" version="1" changeset="39914094" timestamp="2016-06-09T18:04:19Z" user="mcheckimport" uid="893327" lat="40.5934286" lon="17.1167261"/>
 <node id="4234291331" visible="true" version="1" changeset="39914094" timestamp="2016-06-09T18:04:19Z" user="mcheckimport" uid="893327" lat="40.5934289" lon="17.1104157"/>
 <node id="4234291332" visible="true" version="1" changeset="39914094" timestamp="2016-06-09T18:04:19Z" user="mcheckimport" uid="893327" lat="40.5934291" lon="17.1102947"/>
 <node id="4234291333" visible="true" version="1" changeset="39914094" timestamp="2016-06-09T18:04:19Z" user="mcheckimport" uid="893327" lat="40.5934298" lon="17.1106661"/>
 <node id="4234291337" visible="true" version="1" changeset="39914094" timestamp="2016-06-09T18:04:19Z" user="mcheckimport" uid="893327" lat="40.5934317" lon="17.1103414"/>
 <node id="4234291338" visible="true" version="1" changeset="39914094" timestamp="2016-06-09T18:04:19Z" user="mcheckimport" uid="893327" lat="40.5934326" lon="17.1126772"/>
 <node id="4234291339" visible="true" version="1" changeset="39914094" timestamp="2016-06-09T18:04:19Z" user="mcheckimport" uid="893327" lat="40.5934333" lon="17.1122011"/>
 <node id="4234291341" visible="true" version="1" changeset="39914094" timestamp="2016-06-09T18:04:19Z" user="mcheckimport" uid="893327" lat="40.5934341" lon="17.1101636"/>
 <node id="4234291343" visible="true" version="1" changeset="39914094" timestamp="2016-06-09T18:04:19Z" user="mcheckimport" uid="893327" lat="40.5934348" lon="17.1130247"/>
 <node id="4234291348" visible="true" version="1" changeset="39914094" timestamp="2016-06-09T18:04:19Z" user="mcheckimport" uid="893327" lat="40.5934367" lon="17.1105272"/>
 <node id="4234291351" visible="true" version="1" changeset="39914094" timestamp="2016-06-09T18:04:19Z" user="mcheckimport" uid="893327" lat="40.5934371" lon="17.1105174"/>
 <node id="4234291353" visible="true" version="1" changeset="39914094" timestamp="2016-06-09T18:04:19Z" user="mcheckimport" uid="893327" lat="40.5934394" lon="17.1121745"/>
 <node id="4234291354" visible="true" version="1" changeset="39914094" timestamp="2016-06-09T18:04:19Z" user="mcheckimport" uid="893327" lat="40.5934407" lon="17.1120953"/>
 <node id="4234291355" visible="true" version="1" changeset="39914094" timestamp="2016-06-09T18:04:19Z" user="mcheckimport" uid="893327" lat="40.5934420" lon="17.1157457"/>
 <node id="4234291359" visible="true" version="1" changeset="39914094" timestamp="2016-06-09T18:04:20Z" user="mcheckimport" uid="893327" lat="40.5934455" lon="17.1122322"/>
 <node id="4234291360" visible="true" version="1" changeset="39914094" timestamp="2016-06-09T18:04:20Z" user="mcheckimport" uid="893327" lat="40.5934458" lon="17.1117590"/>
 <node id="4234291364" visible="true" version="1" changeset="39914094" timestamp="2016-06-09T18:04:20Z" user="mcheckimport" uid="893327" lat="40.5934476" lon="17.1168482"/>
 <node id="4234291367" visible="true" version="1" changeset="39914094" timestamp="2016-06-09T18:04:20Z" user="mcheckimport" uid="893327" lat="40.5934510" lon="17.1122080"/>
 <node id="4234291369" visible="true" version="1" changeset="39914094" timestamp="2016-06-09T18:04:20Z" user="mcheckimport" uid="893327" lat="40.5934517" lon="17.1129479"/>
 <node id="4234291372" visible="true" version="1" changeset="39914094" timestamp="2016-06-09T18:04:20Z" user="mcheckimport" uid="893327" lat="40.5934544" lon="17.1168184"/>
 <node id="4234291373" visible="true" version="1" changeset="39914094" timestamp="2016-06-09T18:04:20Z" user="mcheckimport" uid="893327" lat="40.5934544" lon="17.1171136"/>
 <node id="4234291374" visible="true" version="1" changeset="39914094" timestamp="2016-06-09T18:04:20Z" user="mcheckimport" uid="893327" lat="40.5934549" lon="17.1108066"/>
 <node id="4234291375" visible="true" version="1" changeset="39914094" timestamp="2016-06-09T18:04:20Z" user="mcheckimport" uid="893327" lat="40.5934550" lon="17.1160833"/>
 <node id="4234291376" visible="true" version="1" changeset="39914094" timestamp="2016-06-09T18:04:20Z" user="mcheckimport" uid="893327" lat="40.5934558" lon="17.1117118"/>
 <node id="4234291377" visible="true" version="1" changeset="39914094" timestamp="2016-06-09T18:04:20Z" user="mcheckimport" uid="893327" lat="40.5934565" lon="17.1107755"/>
 <node id="4234291382" visible="true" version="1" changeset="39914094" timestamp="2016-06-09T18:04:20Z" user="mcheckimport" uid="893327" lat="40.5934594" lon="17.1103418"/>
 <node id="4234291384" visible="true" version="1" changeset="39914094" timestamp="2016-06-09T18:04:20Z" user="mcheckimport" uid="893327" lat="40.5934603" lon="17.1106687"/>
 <node id="4234291386" visible="true" version="1" changeset="39914094" timestamp="2016-06-09T18:04:20Z" user="mcheckimport" uid="893327" lat="40.5934611" lon="17.1102968"/>
 <node id="4234291387" visible="true" version="1" changeset="39914094" timestamp="2016-06-09T18:04:20Z" user="mcheckimport" uid="893327" lat="40.5934627" lon="17.1102514"/>
 <node id="4234291389" visible="true" version="1" changeset="39914094" timestamp="2016-06-09T18:04:20Z" user="mcheckimport" uid="893327" lat="40.5934630" lon="17.1106150"/>
 <node id="4234291390" visible="true" version="1" changeset="39914094" timestamp="2016-06-09T18:04:20Z" user="mcheckimport" uid="893327" lat="40.5934645" lon="17.1152474"/>
 <node id="4234291391" visible="true" version="1" changeset="39914094" timestamp="2016-06-09T18:04:20Z" user="mcheckimport" uid="893327" lat="40.5934648" lon="17.1167757"/>
 <node id="4234291392" visible="true" version="1" changeset="39914094" timestamp="2016-06-09T18:04:20Z" user="mcheckimport" uid="893327" lat="40.5934648" lon="17.1170679"/>
 <node id="4234291394" visible="true" version="1" changeset="39914094" timestamp="2016-06-09T18:04:20Z" user="mcheckimport" uid="893327" lat="40.5934660" lon="17.1167708"/>
 <node id="4234291396" visible="true" version="1" changeset="39914094" timestamp="2016-06-09T18:04:20Z" user="mcheckimport" uid="893327" lat="40.5934662" lon="17.1156381"/>
 <node id="4234291399" visible="true" version="1" changeset="39914094" timestamp="2016-06-09T18:04:20Z" user="mcheckimport" uid="893327" lat="40.5934701" lon="17.1102235"/>
 <node id="4234291401" visible="true" version="1" changeset="39914094" timestamp="2016-06-09T18:04:20Z" user="mcheckimport" uid="893327" lat="40.5934718" lon="17.1104185"/>
 <node id="4234291402" visible="true" version="1" changeset="39914094" timestamp="2016-06-09T18:04:20Z" user="mcheckimport" uid="893327" lat="40.5934722" lon="17.1167431"/>
 <node id="4234291403" visible="true" version="1" changeset="39914094" timestamp="2016-06-09T18:04:20Z" user="mcheckimport" uid="893327" lat="40.5934723" lon="17.1101649"/>
 <node id="4234291405" visible="true" version="1" changeset="39914094" timestamp="2016-06-09T18:04:20Z" user="mcheckimport" uid="893327" lat="40.5934726" lon="17.1103966"/>
 <node id="4234291407" visible="true" version="1" changeset="39914094" timestamp="2016-06-09T18:04:20Z" user="mcheckimport" uid="893327" lat="40.5934742" lon="17.1138109"/>
 <node id="4234291408" visible="true" version="1" changeset="39914094" timestamp="2016-06-09T18:04:20Z" user="mcheckimport" uid="893327" lat="40.5934746" lon="17.1107771"/>
 <node id="4234291411" visible="true" version="1" changeset="39914094" timestamp="2016-06-09T18:04:20Z" user="mcheckimport" uid="893327" lat="40.5934761" lon="17.1137983"/>
 <node id="4234291412" visible="true" version="1" changeset="39914094" timestamp="2016-06-09T18:04:20Z" user="mcheckimport" uid="893327" lat="40.5934762" lon="17.1124802"/>
 <node id="4234291413" visible="true" version="1" changeset="39914094" timestamp="2016-06-09T18:04:20Z" user="mcheckimport" uid="893327" lat="40.5934765" lon="17.1111651"/>
 <node id="4234291415" visible="true" version="1" changeset="39914094" timestamp="2016-06-09T18:04:20Z" user="mcheckimport" uid="893327" lat="40.5934766" lon="17.1116621"/>
 <node id="4234291416" visible="true" version="1" changeset="39914094" timestamp="2016-06-09T18:04:21Z" user="mcheckimport" uid="893327" lat="40.5934774" lon="17.1118004"/>
 <node id="4234291417" visible="true" version="1" changeset="39914094" timestamp="2016-06-09T18:04:21Z" user="mcheckimport" uid="893327" lat="40.5934774" lon="17.1138344"/>
 <node id="4234291418" visible="true" version="1" changeset="39914094" timestamp="2016-06-09T18:04:21Z" user="mcheckimport" uid="893327" lat="40.5934777" lon="17.1107146"/>
 <node id="4234291421" visible="true" version="1" changeset="39914094" timestamp="2016-06-09T18:04:21Z" user="mcheckimport" uid="893327" lat="40.5934804" lon="17.1137868"/>
 <node id="4234291422" visible="true" version="1" changeset="39914094" timestamp="2016-06-09T18:04:21Z" user="mcheckimport" uid="893327" lat="40.5934807" lon="17.1151765"/>
 <node id="4234291423" visible="true" version="1" changeset="39914094" timestamp="2016-06-09T18:04:21Z" user="mcheckimport" uid="893327" lat="40.5934808" lon="17.1103971"/>
 <node id="4234291425" visible="true" version="1" changeset="39914094" timestamp="2016-06-09T18:04:21Z" user="mcheckimport" uid="893327" lat="40.5934814" lon="17.1103827"/>
 <node id="4234291426" visible="true" version="1" changeset="39914094" timestamp="2016-06-09T18:04:21Z" user="mcheckimport" uid="893327" lat="40.5934833" lon="17.1117726"/>
 <node id="4234291427" visible="true" version="1" changeset="39914094" timestamp="2016-06-09T18:04:21Z" user="mcheckimport" uid="893327" lat="40.5934838" lon="17.1138451"/>
 <node id="4234291431" visible="true" version="1" changeset="39914094" timestamp="2016-06-09T18:04:21Z" user="mcheckimport" uid="893327" lat="40.5934860" lon="17.1140150"/>
 <node id="4234291432" visible="true" version="1" changeset="39914094" timestamp="2016-06-09T18:04:21Z" user="mcheckimport" uid="893327" lat="40.5934860" lon="17.1144980"/>
 <node id="4234291433" visible="true" version="1" changeset="39914094" timestamp="2016-06-09T18:04:21Z" user="mcheckimport" uid="893327" lat="40.5934864" lon="17.1116158"/>
 <node id="4234291434" visible="true" version="1" changeset="39914094" timestamp="2016-06-09T18:04:21Z" user="mcheckimport" uid="893327" lat="40.5934866" lon="17.1159427"/>
 <node id="4234291436" visible="true" version="1" changeset="39914094" timestamp="2016-06-09T18:04:21Z" user="mcheckimport" uid="893327" lat="40.5934871" lon="17.1137781"/>
 <node id="4234291442" visible="true" version="1" changeset="39914094" timestamp="2016-06-09T18:04:21Z" user="mcheckimport" uid="893327" lat="40.5934923" lon="17.1112993"/>
 <node id="4234291443" visible="true" version="1" changeset="39914094" timestamp="2016-06-09T18:04:21Z" user="mcheckimport" uid="893327" lat="40.5934931" lon="17.1172383"/>
 <node id="4234291444" visible="true" version="1" changeset="39914094" timestamp="2016-06-09T18:04:21Z" user="mcheckimport" uid="893327" lat="40.5934941" lon="17.1117257"/>
 <node id="4234291445" visible="true" version="1" changeset="39914094" timestamp="2016-06-09T18:04:21Z" user="mcheckimport" uid="893327" lat="40.5934954" lon="17.1168356"/>
 <node id="4234291446" visible="true" version="1" changeset="39914094" timestamp="2016-06-09T18:04:21Z" user="mcheckimport" uid="893327" lat="40.5934955" lon="17.1123819"/>
 <node id="4234291447" visible="true" version="1" changeset="39914094" timestamp="2016-06-09T18:04:21Z" user="mcheckimport" uid="893327" lat="40.5934965" lon="17.1112798"/>
 <node id="4234291448" visible="true" version="1" changeset="39914094" timestamp="2016-06-09T18:04:21Z" user="mcheckimport" uid="893327" lat="40.5934980" lon="17.1108903"/>
 <node id="4234291450" visible="true" version="1" changeset="39914094" timestamp="2016-06-09T18:04:21Z" user="mcheckimport" uid="893327" lat="40.5934995" lon="17.1138548"/>
 <node id="4234291452" visible="true" version="1" changeset="39914094" timestamp="2016-06-09T18:04:21Z" user="mcheckimport" uid="893327" lat="40.5935004" lon="17.1108215"/>
 <node id="4234291454" visible="true" version="1" changeset="39914094" timestamp="2016-06-09T18:04:21Z" user="mcheckimport" uid="893327" lat="40.5935037" lon="17.1103447"/>
 <node id="4234291456" visible="true" version="1" changeset="39914094" timestamp="2016-06-09T18:04:21Z" user="mcheckimport" uid="893327" lat="40.5935045" lon="17.1137668"/>
 <node id="4234291457" visible="true" version="1" changeset="39914094" timestamp="2016-06-09T18:04:21Z" user="mcheckimport" uid="893327" lat="40.5935048" lon="17.1103173"/>
 <node id="4234291459" visible="true" version="1" changeset="39914094" timestamp="2016-06-09T18:04:21Z" user="mcheckimport" uid="893327" lat="40.5935053" lon="17.1116726"/>
 <node id="4234291460" visible="true" version="1" changeset="39914094" timestamp="2016-06-09T18:04:21Z" user="mcheckimport" uid="893327" lat="40.5935056" lon="17.1147418"/>
 <node id="4234291461" visible="true" version="1" changeset="39914094" timestamp="2016-06-09T18:04:21Z" user="mcheckimport" uid="893327" lat="40.5935067" lon="17.1132494"/>
 <node id="4234291462" visible="true" version="1" changeset="39914094" timestamp="2016-06-09T18:04:21Z" user="mcheckimport" uid="893327" lat="40.5935070" lon="17.1167880"/>
 <node id="4234291463" visible="true" version="1" changeset="39914094" timestamp="2016-06-09T18:04:21Z" user="mcheckimport" uid="893327" lat="40.5935072" lon="17.1144011"/>
 <node id="4234291465" visible="true" version="1" changeset="39914094" timestamp="2016-06-09T18:04:21Z" user="mcheckimport" uid="893327" lat="40.5935080" lon="17.1151529"/>
 <node id="4234291467" visible="true" version="1" changeset="39914094" timestamp="2016-06-09T18:04:21Z" user="mcheckimport" uid="893327" lat="40.5935093" lon="17.1116554"/>
 <node id="4234291468" visible="true" version="1" changeset="39914094" timestamp="2016-06-09T18:04:21Z" user="mcheckimport" uid="893327" lat="40.5935102" lon="17.1162188"/>
 <node id="4234291469" visible="true" version="1" changeset="39914094" timestamp="2016-06-09T18:04:21Z" user="mcheckimport" uid="893327" lat="40.5935111" lon="17.1138554"/>
 <node id="4234291471" visible="true" version="1" changeset="39914094" timestamp="2016-06-09T18:04:21Z" user="mcheckimport" uid="893327" lat="40.5935150" lon="17.1151224"/>
 <node id="4234291472" visible="true" version="1" changeset="39914094" timestamp="2016-06-09T18:04:21Z" user="mcheckimport" uid="893327" lat="40.5935152" lon="17.1146985"/>
 <node id="4234291473" visible="true" version="1" changeset="39914094" timestamp="2016-06-09T18:04:21Z" user="mcheckimport" uid="893327" lat="40.5935154" lon="17.1116264"/>
 <node id="4234291474" visible="true" version="1" changeset="39914094" timestamp="2016-06-09T18:04:21Z" user="mcheckimport" uid="893327" lat="40.5935174" lon="17.1131998"/>
 <node id="4234291475" visible="true" version="1" changeset="39914094" timestamp="2016-06-09T18:04:22Z" user="mcheckimport" uid="893327" lat="40.5935189" lon="17.1108921"/>
 <node id="4234291476" visible="true" version="1" changeset="39914094" timestamp="2016-06-09T18:04:22Z" user="mcheckimport" uid="893327" lat="40.5935218" lon="17.1136752"/>
 <node id="4234291477" visible="true" version="1" changeset="39914094" timestamp="2016-06-09T18:04:22Z" user="mcheckimport" uid="893327" lat="40.5935220" lon="17.1108225"/>
 <node id="4234291479" visible="true" version="1" changeset="39914094" timestamp="2016-06-09T18:04:22Z" user="mcheckimport" uid="893327" lat="40.5935228" lon="17.1147014"/>
 <node id="4234291480" visible="true" version="1" changeset="39914094" timestamp="2016-06-09T18:04:22Z" user="mcheckimport" uid="893327" lat="40.5935229" lon="17.1114043"/>
 <node id="4234291481" visible="true" version="2" changeset="49891357" timestamp="2017-06-28T14:35:03Z" user="landfahrer" uid="1069176" lat="40.5935243" lon="17.1107850"/>
 <node id="4234291484" visible="true" version="1" changeset="39914094" timestamp="2016-06-09T18:04:22Z" user="mcheckimport" uid="893327" lat="40.5935258" lon="17.1107189"/>
 <node id="4234291486" visible="true" version="1" changeset="39914094" timestamp="2016-06-09T18:04:22Z" user="mcheckimport" uid="893327" lat="40.5935274" lon="17.1118185"/>
 <node id="4234291487" visible="true" version="1" changeset="39914094" timestamp="2016-06-09T18:04:22Z" user="mcheckimport" uid="893327" lat="40.5935289" lon="17.1117401"/>
 <node id="4234291488" visible="true" version="1" changeset="39914094" timestamp="2016-06-09T18:04:22Z" user="mcheckimport" uid="893327" lat="40.5935293" lon="17.1138529"/>
 <node id="4234291489" visible="true" version="1" changeset="39914094" timestamp="2016-06-09T18:04:22Z" user="mcheckimport" uid="893327" lat="40.5935301" lon="17.1113134"/>
 <node id="4234291490" visible="true" version="1" changeset="39914094" timestamp="2016-06-09T18:04:22Z" user="mcheckimport" uid="893327" lat="40.5935301" lon="17.1161654"/>
 <node id="4234291491" visible="true" version="1" changeset="39914094" timestamp="2016-06-09T18:04:22Z" user="mcheckimport" uid="893327" lat="40.5935304" lon="17.1115555"/>
 <node id="4234291493" visible="true" version="1" changeset="39914094" timestamp="2016-06-09T18:04:22Z" user="mcheckimport" uid="893327" lat="40.5935309" lon="17.1106186"/>
 <node id="4234291497" visible="true" version="1" changeset="39914094" timestamp="2016-06-09T18:04:22Z" user="mcheckimport" uid="893327" lat="40.5935334" lon="17.1116912"/>
 <node id="4234291498" visible="true" version="1" changeset="39914094" timestamp="2016-06-09T18:04:22Z" user="mcheckimport" uid="893327" lat="40.5935343" lon="17.1112939"/>
 <node id="4234291499" visible="true" version="1" changeset="39914094" timestamp="2016-06-09T18:04:22Z" user="mcheckimport" uid="893327" lat="40.5935360" lon="17.1113487"/>
 <node id="4234291500" visible="true" version="1" changeset="39914094" timestamp="2016-06-09T18:04:22Z" user="mcheckimport" uid="893327" lat="40.5935371" lon="17.1102563"/>
 <node id="4234291502" visible="true" version="1" changeset="39914094" timestamp="2016-06-09T18:04:22Z" user="mcheckimport" uid="893327" lat="40.5935380" lon="17.1136543"/>
 <node id="4234291503" visible="true" version="1" changeset="39914094" timestamp="2016-06-09T18:04:22Z" user="mcheckimport" uid="893327" lat="40.5935381" lon="17.1102280"/>
 <node id="4234291505" visible="true" version="1" changeset="39914094" timestamp="2016-06-09T18:04:22Z" user="mcheckimport" uid="893327" lat="40.5935388" lon="17.1116661"/>
 <node id="4234291506" visible="true" version="1" changeset="39914094" timestamp="2016-06-09T18:04:22Z" user="mcheckimport" uid="893327" lat="40.5935389" lon="17.1116931"/>
 <node id="4234291507" visible="true" version="1" changeset="39914094" timestamp="2016-06-09T18:04:22Z" user="mcheckimport" uid="893327" lat="40.5935395" lon="17.1152194"/>
 <node id="4234291508" visible="true" version="1" changeset="39914094" timestamp="2016-06-09T18:04:22Z" user="mcheckimport" uid="893327" lat="40.5935400" lon="17.1152772"/>
 <node id="4234291509" visible="true" version="1" changeset="39914094" timestamp="2016-06-09T18:04:22Z" user="mcheckimport" uid="893327" lat="40.5935405" lon="17.1138925"/>
 <node id="4234291513" visible="true" version="1" changeset="39914094" timestamp="2016-06-09T18:04:22Z" user="mcheckimport" uid="893327" lat="40.5935415" lon="17.1161823"/>
 <node id="4234291514" visible="true" version="1" changeset="39914094" timestamp="2016-06-09T18:04:22Z" user="mcheckimport" uid="893327" lat="40.5935417" lon="17.1136185"/>
 <node id="4234291515" visible="true" version="1" changeset="39914094" timestamp="2016-06-09T18:04:22Z" user="mcheckimport" uid="893327" lat="40.5935429" lon="17.1117451"/>
 <node id="4234291516" visible="true" version="1" changeset="39914094" timestamp="2016-06-09T18:04:22Z" user="mcheckimport" uid="893327" lat="40.5935447" lon="17.1138644"/>
 <node id="4234291517" visible="true" version="1" changeset="39914094" timestamp="2016-06-09T18:04:22Z" user="mcheckimport" uid="893327" lat="40.5935461" lon="17.1104044"/>
 <node id="4234291518" visible="true" version="1" changeset="39914094" timestamp="2016-06-09T18:04:22Z" user="mcheckimport" uid="893327" lat="40.5935462" lon="17.1124949"/>
 <node id="4234291520" visible="true" version="1" changeset="39914094" timestamp="2016-06-09T18:04:22Z" user="mcheckimport" uid="893327" lat="40.5935467" lon="17.1103870"/>
 <node id="4234291521" visible="true" version="1" changeset="39914094" timestamp="2016-06-09T18:04:22Z" user="mcheckimport" uid="893327" lat="40.5935473" lon="17.1116256"/>
 <node id="4234291522" visible="true" version="1" changeset="39914094" timestamp="2016-06-09T18:04:22Z" user="mcheckimport" uid="893327" lat="40.5935482" lon="17.1103498"/>
 <node id="4234291523" visible="true" version="1" changeset="39914094" timestamp="2016-06-09T18:04:22Z" user="mcheckimport" uid="893327" lat="40.5935482" lon="17.1145874"/>
 <node id="4234291525" visible="true" version="1" changeset="39914094" timestamp="2016-06-09T18:04:22Z" user="mcheckimport" uid="893327" lat="40.5935490" lon="17.1136049"/>
 <node id="4234291528" visible="true" version="1" changeset="39914094" timestamp="2016-06-09T18:04:22Z" user="mcheckimport" uid="893327" lat="40.5935493" lon="17.1103201"/>
 <node id="4234291529" visible="true" version="1" changeset="39914094" timestamp="2016-06-09T18:04:22Z" user="mcheckimport" uid="893327" lat="40.5935506" lon="17.1161415"/>
 <node id="4234291531" visible="true" version="1" changeset="39914094" timestamp="2016-06-09T18:04:22Z" user="mcheckimport" uid="893327" lat="40.5935508" lon="17.1151699"/>
 <node id="4234291532" visible="true" version="1" changeset="39914094" timestamp="2016-06-09T18:04:22Z" user="mcheckimport" uid="893327" lat="40.5935521" lon="17.1152244"/>
 <node id="4234291533" visible="true" version="1" changeset="39914094" timestamp="2016-06-09T18:04:22Z" user="mcheckimport" uid="893327" lat="40.5935536" lon="17.1138788"/>
 <node id="4234291537" visible="true" version="1" changeset="39914094" timestamp="2016-06-09T18:04:23Z" user="mcheckimport" uid="893327" lat="40.5935564" lon="17.1139183"/>
 <node id="4234291539" visible="true" version="1" changeset="39914094" timestamp="2016-06-09T18:04:23Z" user="mcheckimport" uid="893327" lat="40.5935575" lon="17.1147381"/>
 <node id="4234291540" visible="true" version="1" changeset="39914094" timestamp="2016-06-09T18:04:23Z" user="mcheckimport" uid="893327" lat="40.5935576" lon="17.1135973"/>
 <node id="4234291541" visible="true" version="1" changeset="39914094" timestamp="2016-06-09T18:04:23Z" user="mcheckimport" uid="893327" lat="40.5935582" lon="17.1146634"/>
 <node id="4234291545" visible="true" version="1" changeset="39914094" timestamp="2016-06-09T18:04:23Z" user="mcheckimport" uid="893327" lat="40.5935620" lon="17.1161584"/>
 <node id="4234291548" visible="true" version="1" changeset="39914094" timestamp="2016-06-09T18:04:23Z" user="mcheckimport" uid="893327" lat="40.5935637" lon="17.1151124"/>
 <node id="4234291553" visible="true" version="1" changeset="39914094" timestamp="2016-06-09T18:04:23Z" user="mcheckimport" uid="893327" lat="40.5935663" lon="17.1124058"/>
 <node id="4234291555" visible="true" version="1" changeset="39914094" timestamp="2016-06-09T18:04:23Z" user="mcheckimport" uid="893327" lat="40.5935673" lon="17.1120359"/>
 <node id="4234291556" visible="true" version="1" changeset="39914094" timestamp="2016-06-09T18:04:23Z" user="mcheckimport" uid="893327" lat="40.5935674" lon="17.1115690"/>
 <node id="4234291557" visible="true" version="1" changeset="39914094" timestamp="2016-06-09T18:04:23Z" user="mcheckimport" uid="893327" lat="40.5935674" lon="17.1135940"/>
 <node id="4234291558" visible="true" version="1" changeset="39914094" timestamp="2016-06-09T18:04:23Z" user="mcheckimport" uid="893327" lat="40.5935679" lon="17.1116331"/>
 <node id="4234291561" visible="true" version="2" changeset="49891357" timestamp="2017-06-28T14:35:03Z" user="landfahrer" uid="1069176" lat="40.5935712" lon="17.1107885"/>
 <node id="4234291563" visible="true" version="2" changeset="49891357" timestamp="2017-06-28T14:35:03Z" user="landfahrer" uid="1069176" lat="40.5935728" lon="17.1107544"/>
 <node id="4234291564" visible="true" version="1" changeset="39914094" timestamp="2016-06-09T18:04:23Z" user="mcheckimport" uid="893327" lat="40.5935716" lon="17.1150765"/>
 <node id="4234291565" visible="true" version="1" changeset="39914094" timestamp="2016-06-09T18:04:23Z" user="mcheckimport" uid="893327" lat="40.5935727" lon="17.1139010"/>
 <node id="4234291566" visible="true" version="1" changeset="39914094" timestamp="2016-06-09T18:04:23Z" user="mcheckimport" uid="893327" lat="40.5935728" lon="17.1146690"/>
 <node id="4234291567" visible="true" version="1" changeset="39914094" timestamp="2016-06-09T18:04:23Z" user="mcheckimport" uid="893327" lat="40.5935730" lon="17.1145968"/>
 <node id="4234291569" visible="true" version="1" changeset="39914094" timestamp="2016-06-09T18:04:23Z" user="mcheckimport" uid="893327" lat="40.5935733" lon="17.1114247"/>
 <node id="4234291570" visible="true" version="1" changeset="39914094" timestamp="2016-06-09T18:04:23Z" user="mcheckimport" uid="893327" lat="40.5935738" lon="17.1127662"/>
 <node id="4234291571" visible="true" version="1" changeset="39914094" timestamp="2016-06-09T18:04:23Z" user="mcheckimport" uid="893327" lat="40.5935740" lon="17.1172785"/>
 <node id="4234291572" visible="true" version="1" changeset="39914094" timestamp="2016-06-09T18:04:23Z" user="mcheckimport" uid="893327" lat="40.5935767" lon="17.1135941"/>
 <node id="4234291577" visible="true" version="2" changeset="49891357" timestamp="2017-06-28T14:35:03Z" user="landfahrer" uid="1069176" lat="40.5935796" lon="17.1107549"/>
 <node id="4234291580" visible="true" version="2" changeset="49891357" timestamp="2017-06-28T14:35:03Z" user="landfahrer" uid="1069176" lat="40.5935810" lon="17.1107228"/>
 <node id="4234291581" visible="true" version="1" changeset="39914094" timestamp="2016-06-09T18:04:23Z" user="mcheckimport" uid="893327" lat="40.5935803" lon="17.1115742"/>
 <node id="4234291584" visible="true" version="1" changeset="39914094" timestamp="2016-06-09T18:04:23Z" user="mcheckimport" uid="893327" lat="40.5935816" lon="17.1127302"/>
 <node id="4234291585" visible="true" version="1" changeset="39914094" timestamp="2016-06-09T18:04:23Z" user="mcheckimport" uid="893327" lat="40.5935818" lon="17.1140622"/>
 <node id="4234291591" visible="true" version="1" changeset="39914094" timestamp="2016-06-09T18:04:23Z" user="mcheckimport" uid="893327" lat="40.5935864" lon="17.1113691"/>
 <node id="4234291595" visible="true" version="1" changeset="39914094" timestamp="2016-06-09T18:04:23Z" user="mcheckimport" uid="893327" lat="40.5935876" lon="17.1119422"/>
 <node id="4234291597" visible="true" version="1" changeset="39914094" timestamp="2016-06-09T18:04:23Z" user="mcheckimport" uid="893327" lat="40.5935888" lon="17.1104071"/>
 <node id="4234291598" visible="true" version="1" changeset="39914094" timestamp="2016-06-09T18:04:23Z" user="mcheckimport" uid="893327" lat="40.5935899" lon="17.1135995"/>
 <node id="4234291599" visible="true" version="1" changeset="39914094" timestamp="2016-06-09T18:04:23Z" user="mcheckimport" uid="893327" lat="40.5935908" lon="17.1103526"/>
 <node id="4234291600" visible="true" version="1" changeset="39914094" timestamp="2016-06-09T18:04:23Z" user="mcheckimport" uid="893327" lat="40.5935911" lon="17.1161247"/>
 <node id="4234291603" visible="true" version="1" changeset="39914094" timestamp="2016-06-09T18:04:24Z" user="mcheckimport" uid="893327" lat="40.5935925" lon="17.1139107"/>
 <node id="4234291604" visible="true" version="1" changeset="39914094" timestamp="2016-06-09T18:04:24Z" user="mcheckimport" uid="893327" lat="40.5935929" lon="17.1151234"/>
 <node id="4234291610" visible="true" version="1" changeset="39914094" timestamp="2016-06-09T18:04:24Z" user="mcheckimport" uid="893327" lat="40.5936005" lon="17.1136113"/>
 <node id="4234291611" visible="true" version="1" changeset="39914094" timestamp="2016-06-09T18:04:24Z" user="mcheckimport" uid="893327" lat="40.5936006" lon="17.1150874"/>
 <node id="4234291613" visible="true" version="1" changeset="39914094" timestamp="2016-06-09T18:04:24Z" user="mcheckimport" uid="893327" lat="40.5936017" lon="17.1153671"/>
 <node id="4234291614" visible="true" version="1" changeset="39914094" timestamp="2016-06-09T18:04:24Z" user="mcheckimport" uid="893327" lat="40.5936018" lon="17.1148262"/>
 <node id="4234291615" visible="true" version="1" changeset="39914094" timestamp="2016-06-09T18:04:24Z" user="mcheckimport" uid="893327" lat="40.5936065" lon="17.1147568"/>
 <node id="4234291617" visible="true" version="1" changeset="39914094" timestamp="2016-06-09T18:04:24Z" user="mcheckimport" uid="893327" lat="40.5936074" lon="17.1135977"/>
 <node id="4234291618" visible="true" version="1" changeset="39914094" timestamp="2016-06-09T18:04:24Z" user="mcheckimport" uid="893327" lat="40.5936083" lon="17.1139157"/>
 <node id="4234291625" visible="true" version="1" changeset="39914094" timestamp="2016-06-09T18:04:24Z" user="mcheckimport" uid="893327" lat="40.5936116" lon="17.1147822"/>
 <node id="4234291626" visible="true" version="1" changeset="39914094" timestamp="2016-06-09T18:04:24Z" user="mcheckimport" uid="893327" lat="40.5936117" lon="17.1167133"/>
 <node id="4234291628" visible="true" version="1" changeset="39914094" timestamp="2016-06-09T18:04:24Z" user="mcheckimport" uid="893327" lat="40.5936127" lon="17.1128417"/>
 <node id="4234291633" visible="true" version="1" changeset="39914094" timestamp="2016-06-09T18:04:24Z" user="mcheckimport" uid="893327" lat="40.5936205" lon="17.1109775"/>
 <node id="4234291634" visible="true" version="1" changeset="39914094" timestamp="2016-06-09T18:04:24Z" user="mcheckimport" uid="893327" lat="40.5936215" lon="17.1136124"/>
 <node id="4234291637" visible="true" version="1" changeset="39914094" timestamp="2016-06-09T18:04:24Z" user="mcheckimport" uid="893327" lat="40.5936250" lon="17.1127856"/>
 <node id="4234291640" visible="true" version="1" changeset="39914094" timestamp="2016-06-09T18:04:24Z" user="mcheckimport" uid="893327" lat="40.5936272" lon="17.1139131"/>
 <node id="4234291642" visible="true" version="1" changeset="39914094" timestamp="2016-06-09T18:04:24Z" user="mcheckimport" uid="893327" lat="40.5936285" lon="17.1127677"/>
 <node id="4234291643" visible="true" version="1" changeset="39914094" timestamp="2016-06-09T18:04:24Z" user="mcheckimport" uid="893327" lat="40.5936287" lon="17.1146565"/>
 <node id="4234291646" visible="true" version="1" changeset="39914094" timestamp="2016-06-09T18:04:24Z" user="mcheckimport" uid="893327" lat="40.5936317" lon="17.1146577"/>
 <node id="4234291647" visible="true" version="1" changeset="39914094" timestamp="2016-06-09T18:04:24Z" user="mcheckimport" uid="893327" lat="40.5936323" lon="17.1105302"/>
 <node id="4234291648" visible="true" version="1" changeset="39914094" timestamp="2016-06-09T18:04:24Z" user="mcheckimport" uid="893327" lat="40.5936324" lon="17.1127494"/>
 <node id="4234291651" visible="true" version="1" changeset="39914094" timestamp="2016-06-09T18:04:24Z" user="mcheckimport" uid="893327" lat="40.5936360" lon="17.1136245"/>
 <node id="4234291652" visible="true" version="1" changeset="39914094" timestamp="2016-06-09T18:04:24Z" user="mcheckimport" uid="893327" lat="40.5936368" lon="17.1148396"/>
 <node id="4234291654" visible="true" version="1" changeset="39914094" timestamp="2016-06-09T18:04:24Z" user="mcheckimport" uid="893327" lat="40.5936371" lon="17.1147706"/>
 <node id="4234291655" visible="true" version="1" changeset="39914094" timestamp="2016-06-09T18:04:24Z" user="mcheckimport" uid="893327" lat="40.5936379" lon="17.1184717"/>
 <node id="4234291656" visible="true" version="1" changeset="39914094" timestamp="2016-06-09T18:04:24Z" user="mcheckimport" uid="893327" lat="40.5936381" lon="17.1106279"/>
 <node id="4234291657" visible="true" version="1" changeset="39914094" timestamp="2016-06-09T18:04:24Z" user="mcheckimport" uid="893327" lat="40.5936382" lon="17.1146285"/>
 <node id="4234291660" visible="true" version="1" changeset="39914094" timestamp="2016-06-09T18:04:24Z" user="mcheckimport" uid="893327" lat="40.5936404" lon="17.1148231"/>
 <node id="4234291661" visible="true" version="1" changeset="39914094" timestamp="2016-06-09T18:04:24Z" user="mcheckimport" uid="893327" lat="40.5936420" lon="17.1120641"/>
 <node id="4234291664" visible="true" version="1" changeset="39914094" timestamp="2016-06-09T18:04:24Z" user="mcheckimport" uid="893327" lat="40.5936441" lon="17.1128537"/>
 <node id="4234291666" visible="true" version="1" changeset="39914094" timestamp="2016-06-09T18:04:25Z" user="mcheckimport" uid="893327" lat="40.5936450" lon="17.1139757"/>
 <node id="4234291667" visible="true" version="1" changeset="39914094" timestamp="2016-06-09T18:04:25Z" user="mcheckimport" uid="893327" lat="40.5936456" lon="17.1101762"/>
 <node id="4234291673" visible="true" version="1" changeset="39914094" timestamp="2016-06-09T18:04:25Z" user="mcheckimport" uid="893327" lat="40.5936520" lon="17.1136323"/>
 <node id="4234291674" visible="true" version="1" changeset="39914094" timestamp="2016-06-09T18:04:25Z" user="mcheckimport" uid="893327" lat="40.5936527" lon="17.1126519"/>
 <node id="4234291675" visible="true" version="1" changeset="39914094" timestamp="2016-06-09T18:04:25Z" user="mcheckimport" uid="893327" lat="40.5936567" lon="17.1139175"/>
 <node id="4234291676" visible="true" version="1" changeset="39914094" timestamp="2016-06-09T18:04:25Z" user="mcheckimport" uid="893327" lat="40.5936573" lon="17.1119670"/>
 <node id="4234291678" visible="true" version="1" changeset="39914094" timestamp="2016-06-09T18:04:25Z" user="mcheckimport" uid="893327" lat="40.5936584" lon="17.1143524"/>
 <node id="4234291681" visible="true" version="1" changeset="39914094" timestamp="2016-06-09T18:04:25Z" user="mcheckimport" uid="893327" lat="40.5936604" lon="17.1127797"/>
 <node id="4234291682" visible="true" version="1" changeset="39914094" timestamp="2016-06-09T18:04:25Z" user="mcheckimport" uid="893327" lat="40.5936618" lon="17.1116028"/>
 <node id="4234291683" visible="true" version="1" changeset="39914094" timestamp="2016-06-09T18:04:25Z" user="mcheckimport" uid="893327" lat="40.5936628" lon="17.1132537"/>
 <node id="4234291686" visible="true" version="1" changeset="39914094" timestamp="2016-06-09T18:04:25Z" user="mcheckimport" uid="893327" lat="40.5936643" lon="17.1126000"/>
 <node id="4234291688" visible="true" version="1" changeset="39914094" timestamp="2016-06-09T18:04:25Z" user="mcheckimport" uid="893327" lat="40.5936662" lon="17.1146392"/>
 <node id="4234291789" visible="true" version="1" changeset="39914094" timestamp="2016-06-09T18:04:25Z" user="mcheckimport" uid="893327" lat="40.5936663" lon="17.1140943"/>
 <node id="4234291790" visible="true" version="1" changeset="39914094" timestamp="2016-06-09T18:04:25Z" user="mcheckimport" uid="893327" lat="40.5936688" lon="17.1140830"/>
 <node id="4234291791" visible="true" version="1" changeset="39914094" timestamp="2016-06-09T18:04:25Z" user="mcheckimport" uid="893327" lat="40.5936690" lon="17.1136364"/>
 <node id="4234291793" visible="true" version="1" changeset="39914094" timestamp="2016-06-09T18:04:25Z" user="mcheckimport" uid="893327" lat="40.5936723" lon="17.1118982"/>
 <node id="4234291795" visible="true" version="1" changeset="39914094" timestamp="2016-06-09T18:04:25Z" user="mcheckimport" uid="893327" lat="40.5936734" lon="17.1154009"/>
 <node id="4234291796" visible="true" version="1" changeset="39914094" timestamp="2016-06-09T18:04:25Z" user="mcheckimport" uid="893327" lat="40.5936758" lon="17.1168041"/>
 <node id="4234291797" visible="true" version="1" changeset="39914094" timestamp="2016-06-09T18:04:25Z" user="mcheckimport" uid="893327" lat="40.5936767" lon="17.1109815"/>
 <node id="4234291798" visible="true" version="1" changeset="39914094" timestamp="2016-06-09T18:04:25Z" user="mcheckimport" uid="893327" lat="40.5936773" lon="17.1150294"/>
 <node id="4234291800" visible="true" version="1" changeset="39914094" timestamp="2016-06-09T18:04:25Z" user="mcheckimport" uid="893327" lat="40.5936783" lon="17.1118629"/>
 <node id="4234291801" visible="true" version="1" changeset="39914094" timestamp="2016-06-09T18:04:25Z" user="mcheckimport" uid="893327" lat="40.5936787" lon="17.1115161"/>
 <node id="4234291802" visible="true" version="1" changeset="39914094" timestamp="2016-06-09T18:04:25Z" user="mcheckimport" uid="893327" lat="40.5936791" lon="17.1119008"/>
 <node id="4234291803" visible="true" version="1" changeset="39914094" timestamp="2016-06-09T18:04:25Z" user="mcheckimport" uid="893327" lat="40.5936818" lon="17.1136376"/>
 <node id="4234291805" visible="true" version="1" changeset="39914094" timestamp="2016-06-09T18:04:25Z" user="mcheckimport" uid="893327" lat="40.5936830" lon="17.1108575"/>
 <node id="4234291806" visible="true" version="1" changeset="39914094" timestamp="2016-06-09T18:04:25Z" user="mcheckimport" uid="893327" lat="40.5936867" lon="17.1118662"/>
 <node id="4234291807" visible="true" version="1" changeset="39914094" timestamp="2016-06-09T18:04:25Z" user="mcheckimport" uid="893327" lat="40.5936870" lon="17.1108578"/>
 <node id="4234291809" visible="true" version="1" changeset="39914094" timestamp="2016-06-09T18:04:25Z" user="mcheckimport" uid="893327" lat="40.5936896" lon="17.1108070"/>
 <node id="4234291810" visible="true" version="1" changeset="39914094" timestamp="2016-06-09T18:04:25Z" user="mcheckimport" uid="893327" lat="40.5936916" lon="17.1131198"/>
 <node id="4234291812" visible="true" version="1" changeset="39914094" timestamp="2016-06-09T18:04:25Z" user="mcheckimport" uid="893327" lat="40.5936928" lon="17.1149379"/>
 <node id="4234291813" visible="true" version="1" changeset="39914094" timestamp="2016-06-09T18:04:25Z" user="mcheckimport" uid="893327" lat="40.5936973" lon="17.1136355"/>
 <node id="4234291814" visible="true" version="1" changeset="39914094" timestamp="2016-06-09T18:04:25Z" user="mcheckimport" uid="893327" lat="40.5936976" lon="17.1108077"/>
 <node id="4234291816" visible="true" version="1" changeset="39914094" timestamp="2016-06-09T18:04:25Z" user="mcheckimport" uid="893327" lat="40.5937007" lon="17.1126703"/>
 <node id="4234291817" visible="true" version="1" changeset="39914094" timestamp="2016-06-09T18:04:25Z" user="mcheckimport" uid="893327" lat="40.5937043" lon="17.1136455"/>
 <node id="4234291818" visible="true" version="1" changeset="39914094" timestamp="2016-06-09T18:04:25Z" user="mcheckimport" uid="893327" lat="40.5937058" lon="17.1139968"/>
 <node id="4234291820" visible="true" version="1" changeset="39914094" timestamp="2016-06-09T18:04:25Z" user="mcheckimport" uid="893327" lat="40.5937062" lon="17.1106392"/>
 <node id="4234291821" visible="true" version="1" changeset="39914094" timestamp="2016-06-09T18:04:25Z" user="mcheckimport" uid="893327" lat="40.5937075" lon="17.1105332"/>
 <node id="4234291823" visible="true" version="1" changeset="39914094" timestamp="2016-06-09T18:04:25Z" user="mcheckimport" uid="893327" lat="40.5937101" lon="17.1148628"/>
 <node id="4234291824" visible="true" version="1" changeset="39914094" timestamp="2016-06-09T18:04:25Z" user="mcheckimport" uid="893327" lat="40.5937111" lon="17.1130411"/>
 <node id="4234291826" visible="true" version="1" changeset="39914094" timestamp="2016-06-09T18:04:25Z" user="mcheckimport" uid="893327" lat="40.5937123" lon="17.1126184"/>
 <node id="4234291827" visible="true" version="1" changeset="39914094" timestamp="2016-06-09T18:04:25Z" user="mcheckimport" uid="893327" lat="40.5937123" lon="17.1152217"/>
 <node id="4234291828" visible="true" version="1" changeset="39914094" timestamp="2016-06-09T18:04:25Z" user="mcheckimport" uid="893327" lat="40.5937140" lon="17.1141002"/>
 <node id="4234291830" visible="true" version="1" changeset="39914094" timestamp="2016-06-09T18:04:26Z" user="mcheckimport" uid="893327" lat="40.5937155" lon="17.1141706"/>
 <node id="4234291831" visible="true" version="1" changeset="39914094" timestamp="2016-06-09T18:04:26Z" user="mcheckimport" uid="893327" lat="40.5937159" lon="17.1143290"/>
 <node id="4234291832" visible="true" version="1" changeset="39914094" timestamp="2016-06-09T18:04:26Z" user="mcheckimport" uid="893327" lat="40.5937160" lon="17.1138795"/>
 <node id="4234291833" visible="true" version="1" changeset="39914094" timestamp="2016-06-09T18:04:26Z" user="mcheckimport" uid="893327" lat="40.5937185" lon="17.1143751"/>
 <node id="4234291834" visible="true" version="1" changeset="39914094" timestamp="2016-06-09T18:04:26Z" user="mcheckimport" uid="893327" lat="40.5937191" lon="17.1136461"/>
 <node id="4234291835" visible="true" version="1" changeset="39914094" timestamp="2016-06-09T18:04:26Z" user="mcheckimport" uid="893327" lat="40.5937193" lon="17.1148242"/>
 <node id="4234291836" visible="true" version="2" changeset="62516093" timestamp="2018-09-12T10:48:29Z" user="Max Tenerelli" uid="616103" lat="40.5934897" lon="17.1090074"/>
 <node id="4234291837" visible="true" version="1" changeset="39914094" timestamp="2016-06-09T18:04:26Z" user="mcheckimport" uid="893327" lat="40.5937220" lon="17.1152253"/>
 <node id="4234291838" visible="true" version="1" changeset="39914094" timestamp="2016-06-09T18:04:26Z" user="mcheckimport" uid="893327" lat="40.5937220" lon="17.1183126"/>
 <node id="4234291839" visible="true" version="1" changeset="39914094" timestamp="2016-06-09T18:04:26Z" user="mcheckimport" uid="893327" lat="40.5937229" lon="17.1101861"/>
 <node id="4234291841" visible="true" version="1" changeset="39914094" timestamp="2016-06-09T18:04:26Z" user="mcheckimport" uid="893327" lat="40.5937265" lon="17.1116424"/>
 <node id="4234291842" visible="true" version="1" changeset="39914094" timestamp="2016-06-09T18:04:26Z" user="mcheckimport" uid="893327" lat="40.5937277" lon="17.1143335"/>
 <node id="4234291843" visible="true" version="1" changeset="39914094" timestamp="2016-06-09T18:04:26Z" user="mcheckimport" uid="893327" lat="40.5937297" lon="17.1122808"/>
 <node id="4234291844" visible="true" version="1" changeset="39914094" timestamp="2016-06-09T18:04:26Z" user="mcheckimport" uid="893327" lat="40.5937298" lon="17.1141061"/>
 <node id="4234291845" visible="true" version="1" changeset="39914094" timestamp="2016-06-09T18:04:26Z" user="mcheckimport" uid="893327" lat="40.5937302" lon="17.1168862"/>
 <node id="4234291846" visible="true" version="1" changeset="39914094" timestamp="2016-06-09T18:04:26Z" user="mcheckimport" uid="893327" lat="40.5937305" lon="17.1138850"/>
 <node id="4234291847" visible="true" version="1" changeset="39914094" timestamp="2016-06-09T18:04:26Z" user="mcheckimport" uid="893327" lat="40.5937328" lon="17.1143936"/>
 <node id="4234291848" visible="true" version="1" changeset="39914094" timestamp="2016-06-09T18:04:26Z" user="mcheckimport" uid="893327" lat="40.5937338" lon="17.1136520"/>
 <node id="4234291850" visible="true" version="1" changeset="39914094" timestamp="2016-06-09T18:04:26Z" user="mcheckimport" uid="893327" lat="40.5937353" lon="17.1122553"/>
 <node id="4234291851" visible="true" version="1" changeset="39914094" timestamp="2016-06-09T18:04:26Z" user="mcheckimport" uid="893327" lat="40.5937353" lon="17.1151154"/>
 <node id="4234291853" visible="true" version="1" changeset="39914094" timestamp="2016-06-09T18:04:26Z" user="mcheckimport" uid="893327" lat="40.5937371" lon="17.1111852"/>
 <node id="4234291854" visible="true" version="1" changeset="39914094" timestamp="2016-06-09T18:04:26Z" user="mcheckimport" uid="893327" lat="40.5937374" lon="17.1142316"/>
 <node id="4234291856" visible="true" version="1" changeset="39914094" timestamp="2016-06-09T18:04:26Z" user="mcheckimport" uid="893327" lat="40.5937399" lon="17.1137267"/>
 <node id="4234291857" visible="true" version="1" changeset="39914094" timestamp="2016-06-09T18:04:26Z" user="mcheckimport" uid="893327" lat="40.5937402" lon="17.1168748"/>
 <node id="4234291859" visible="true" version="1" changeset="39914094" timestamp="2016-06-09T18:04:26Z" user="mcheckimport" uid="893327" lat="40.5937416" lon="17.1111870"/>
 <node id="4234291864" visible="true" version="1" changeset="39914094" timestamp="2016-06-09T18:04:26Z" user="mcheckimport" uid="893327" lat="40.5937435" lon="17.1111891"/>
 <node id="4234291865" visible="true" version="1" changeset="39914094" timestamp="2016-06-09T18:04:26Z" user="mcheckimport" uid="893327" lat="40.5937435" lon="17.1136646"/>
 <node id="4234291866" visible="true" version="1" changeset="39914094" timestamp="2016-06-09T18:04:26Z" user="mcheckimport" uid="893327" lat="40.5937436" lon="17.1137121"/>
 <node id="4234291867" visible="true" version="1" changeset="39914094" timestamp="2016-06-09T18:04:26Z" user="mcheckimport" uid="893327" lat="40.5937439" lon="17.1111926"/>
 <node id="4234291869" visible="true" version="1" changeset="39914094" timestamp="2016-06-09T18:04:26Z" user="mcheckimport" uid="893327" lat="40.5937445" lon="17.1165655"/>
 <node id="4234291870" visible="true" version="1" changeset="39914094" timestamp="2016-06-09T18:04:26Z" user="mcheckimport" uid="893327" lat="40.5937450" lon="17.1151191"/>
 <node id="4234291872" visible="true" version="1" changeset="39914094" timestamp="2016-06-09T18:04:26Z" user="mcheckimport" uid="893327" lat="40.5937460" lon="17.1143389"/>
 <node id="4234291873" visible="true" version="1" changeset="39914094" timestamp="2016-06-09T18:04:26Z" user="mcheckimport" uid="893327" lat="40.5937466" lon="17.1150637"/>
 <node id="4234291874" visible="true" version="1" changeset="39914094" timestamp="2016-06-09T18:04:26Z" user="mcheckimport" uid="893327" lat="40.5937469" lon="17.1137395"/>
 <node id="4234291876" visible="true" version="1" changeset="39914094" timestamp="2016-06-09T18:04:26Z" user="mcheckimport" uid="893327" lat="40.5937486" lon="17.1136814"/>
 <node id="4234291884" visible="true" version="1" changeset="39914094" timestamp="2016-06-09T18:04:26Z" user="mcheckimport" uid="893327" lat="40.5937572" lon="17.1116539"/>
 <node id="4234291885" visible="true" version="1" changeset="39914094" timestamp="2016-06-09T18:04:26Z" user="mcheckimport" uid="893327" lat="40.5937580" lon="17.1144041"/>
 <node id="4234291886" visible="true" version="1" changeset="39914094" timestamp="2016-06-09T18:04:26Z" user="mcheckimport" uid="893327" lat="40.5937594" lon="17.1116433"/>
 <node id="4234291990" visible="true" version="1" changeset="39914094" timestamp="2016-06-09T18:04:27Z" user="mcheckimport" uid="893327" lat="40.5937642" lon="17.1122662"/>
 <node id="4234291995" visible="true" version="1" changeset="39914094" timestamp="2016-06-09T18:04:27Z" user="mcheckimport" uid="893327" lat="40.5937680" lon="17.1146061"/>
 <node id="4234291997" visible="true" version="1" changeset="39914094" timestamp="2016-06-09T18:04:27Z" user="mcheckimport" uid="893327" lat="40.5937712" lon="17.1143494"/>
 <node id="4234291999" visible="true" version="1" changeset="39914094" timestamp="2016-06-09T18:04:27Z" user="mcheckimport" uid="893327" lat="40.5937723" lon="17.1142450"/>
 <node id="4234292002" visible="true" version="1" changeset="39914094" timestamp="2016-06-09T18:04:27Z" user="mcheckimport" uid="893327" lat="40.5937781" lon="17.1122993"/>
 <node id="4234292004" visible="true" version="1" changeset="39914094" timestamp="2016-06-09T18:04:27Z" user="mcheckimport" uid="893327" lat="40.5937797" lon="17.1169606"/>
 <node id="4234292006" visible="true" version="1" changeset="39914094" timestamp="2016-06-09T18:04:27Z" user="mcheckimport" uid="893327" lat="40.5937826" lon="17.1121829"/>
 <node id="4234292008" visible="true" version="1" changeset="39914094" timestamp="2016-06-09T18:04:27Z" user="mcheckimport" uid="893327" lat="40.5937829" lon="17.1169380"/>
 <node id="4234292009" visible="true" version="1" changeset="39914094" timestamp="2016-06-09T18:04:27Z" user="mcheckimport" uid="893327" lat="40.5937831" lon="17.1141962"/>
 <node id="4234292010" visible="true" version="1" changeset="39914094" timestamp="2016-06-09T18:04:27Z" user="mcheckimport" uid="893327" lat="40.5937843" lon="17.1145165"/>
 <node id="4234292012" visible="true" version="1" changeset="39914094" timestamp="2016-06-09T18:04:27Z" user="mcheckimport" uid="893327" lat="40.5937853" lon="17.1154426"/>
 <node id="4234292014" visible="true" version="1" changeset="39914094" timestamp="2016-06-09T18:04:27Z" user="mcheckimport" uid="893327" lat="40.5937862" lon="17.1153774"/>
 <node id="4234292017" visible="true" version="1" changeset="39914094" timestamp="2016-06-09T18:04:27Z" user="mcheckimport" uid="893327" lat="40.5937880" lon="17.1153178"/>
 <node id="4234292025" visible="true" version="1" changeset="39914094" timestamp="2016-06-09T18:04:27Z" user="mcheckimport" uid="893327" lat="40.5937947" lon="17.1152865"/>
 <node id="4234292029" visible="true" version="1" changeset="39914094" timestamp="2016-06-09T18:04:27Z" user="mcheckimport" uid="893327" lat="40.5937983" lon="17.1153215"/>
 <node id="4234292030" visible="true" version="1" changeset="39914094" timestamp="2016-06-09T18:04:27Z" user="mcheckimport" uid="893327" lat="40.5937985" lon="17.1153820"/>
 <node id="4234292037" visible="true" version="1" changeset="39914094" timestamp="2016-06-09T18:04:27Z" user="mcheckimport" uid="893327" lat="40.5938023" lon="17.1121905"/>
 <node id="4234292038" visible="true" version="1" changeset="39914094" timestamp="2016-06-09T18:04:27Z" user="mcheckimport" uid="893327" lat="40.5938024" lon="17.1139124"/>
 <node id="4234292040" visible="true" version="1" changeset="39914094" timestamp="2016-06-09T18:04:27Z" user="mcheckimport" uid="893327" lat="40.5938056" lon="17.1125879"/>
 <node id="4234292048" visible="true" version="1" changeset="39914094" timestamp="2016-06-09T18:04:28Z" user="mcheckimport" uid="893327" lat="40.5938166" lon="17.1138842"/>
 <node id="4234292063" visible="true" version="1" changeset="39914094" timestamp="2016-06-09T18:04:28Z" user="mcheckimport" uid="893327" lat="40.5938215" lon="17.1139197"/>
 <node id="4234292064" visible="true" version="1" changeset="39914094" timestamp="2016-06-09T18:04:28Z" user="mcheckimport" uid="893327" lat="40.5938216" lon="17.1125032"/>
 <node id="4234292066" visible="true" version="1" changeset="39914094" timestamp="2016-06-09T18:04:28Z" user="mcheckimport" uid="893327" lat="40.5938225" lon="17.1185070"/>
 <node id="4234292067" visible="true" version="1" changeset="39914094" timestamp="2016-06-09T18:04:28Z" user="mcheckimport" uid="893327" lat="40.5938226" lon="17.1143125"/>
 <node id="4234292069" visible="true" version="1" changeset="39914094" timestamp="2016-06-09T18:04:28Z" user="mcheckimport" uid="893327" lat="40.5938238" lon="17.1152974"/>
 <node id="4234292070" visible="true" version="1" changeset="39914094" timestamp="2016-06-09T18:04:28Z" user="mcheckimport" uid="893327" lat="40.5938241" lon="17.1169775"/>
 <node id="4234292071" visible="true" version="1" changeset="39914094" timestamp="2016-06-09T18:04:28Z" user="mcheckimport" uid="893327" lat="40.5938242" lon="17.1173709"/>
 <node id="4234292073" visible="true" version="1" changeset="39914094" timestamp="2016-06-09T18:04:28Z" user="mcheckimport" uid="893327" lat="40.5938257" lon="17.1164711"/>
 <node id="4234292079" visible="true" version="1" changeset="39914094" timestamp="2016-06-09T18:04:28Z" user="mcheckimport" uid="893327" lat="40.5938283" lon="17.1138887"/>
 <node id="4234292080" visible="true" version="1" changeset="39914094" timestamp="2016-06-09T18:04:28Z" user="mcheckimport" uid="893327" lat="40.5938306" lon="17.1143156"/>
 <node id="4234292081" visible="true" version="1" changeset="39914094" timestamp="2016-06-09T18:04:28Z" user="mcheckimport" uid="893327" lat="40.5938306" lon="17.1152659"/>
 <node id="4234292083" visible="true" version="1" changeset="39914094" timestamp="2016-06-09T18:04:28Z" user="mcheckimport" uid="893327" lat="40.5938329" lon="17.1142659"/>
 <node id="4234292196" visible="true" version="1" changeset="39914094" timestamp="2016-06-09T18:04:28Z" user="mcheckimport" uid="893327" lat="40.5938408" lon="17.1142690"/>
 <node id="4234292206" visible="true" version="1" changeset="39914094" timestamp="2016-06-09T18:04:28Z" user="mcheckimport" uid="893327" lat="40.5938522" lon="17.1170586"/>
 <node id="4234292215" visible="true" version="1" changeset="39914094" timestamp="2016-06-09T18:04:29Z" user="mcheckimport" uid="893327" lat="40.5938588" lon="17.1170229"/>
 <node id="4234292218" visible="true" version="1" changeset="39914094" timestamp="2016-06-09T18:04:29Z" user="mcheckimport" uid="893327" lat="40.5938590" lon="17.1136920"/>
 <node id="4234292225" visible="true" version="1" changeset="39914094" timestamp="2016-06-09T18:04:29Z" user="mcheckimport" uid="893327" lat="40.5938654" lon="17.1141576"/>
 <node id="4234292243" visible="true" version="1" changeset="39914094" timestamp="2016-06-09T18:04:29Z" user="mcheckimport" uid="893327" lat="40.5938842" lon="17.1139427"/>
 <node id="4234292244" visible="true" version="1" changeset="39914094" timestamp="2016-06-09T18:04:29Z" user="mcheckimport" uid="893327" lat="40.5938846" lon="17.1140647"/>
 <node id="4234292250" visible="true" version="1" changeset="39914094" timestamp="2016-06-09T18:04:29Z" user="mcheckimport" uid="893327" lat="40.5938879" lon="17.1170743"/>
 <node id="4234292252" visible="true" version="1" changeset="39914094" timestamp="2016-06-09T18:04:29Z" user="mcheckimport" uid="893327" lat="40.5938897" lon="17.1139150"/>
 <node id="4234292259" visible="true" version="1" changeset="39914094" timestamp="2016-06-09T18:04:29Z" user="mcheckimport" uid="893327" lat="40.5938973" lon="17.1121615"/>
 <node id="4234292267" visible="true" version="1" changeset="39914094" timestamp="2016-06-09T18:04:29Z" user="mcheckimport" uid="893327" lat="40.5939022" lon="17.1153183"/>
 <node id="4234292268" visible="true" version="1" changeset="39914094" timestamp="2016-06-09T18:04:29Z" user="mcheckimport" uid="893327" lat="40.5939037" lon="17.1109989"/>
 <node id="4234292273" visible="true" version="1" changeset="39914094" timestamp="2016-06-09T18:04:29Z" user="mcheckimport" uid="893327" lat="40.5939068" lon="17.1108234"/>
 <node id="4234292274" visible="true" version="1" changeset="39914094" timestamp="2016-06-09T18:04:29Z" user="mcheckimport" uid="893327" lat="40.5939073" lon="17.1152947"/>
 <node id="4234292275" visible="true" version="1" changeset="39914094" timestamp="2016-06-09T18:04:29Z" user="mcheckimport" uid="893327" lat="40.5939074" lon="17.1139508"/>
 <node id="4234292281" visible="true" version="1" changeset="39914094" timestamp="2016-06-09T18:04:30Z" user="mcheckimport" uid="893327" lat="40.5939123" lon="17.1107178"/>
 <node id="4234292282" visible="true" version="1" changeset="39914094" timestamp="2016-06-09T18:04:30Z" user="mcheckimport" uid="893327" lat="40.5939134" lon="17.1108240"/>
 <node id="4234292283" visible="true" version="1" changeset="39914094" timestamp="2016-06-09T18:04:30Z" user="mcheckimport" uid="893327" lat="40.5939138" lon="17.1120636"/>
 <node id="4234292287" visible="true" version="1" changeset="39914094" timestamp="2016-06-09T18:04:30Z" user="mcheckimport" uid="893327" lat="40.5939158" lon="17.1139240"/>
 <node id="4234292292" visible="true" version="1" changeset="39914094" timestamp="2016-06-09T18:04:30Z" user="mcheckimport" uid="893327" lat="40.5939186" lon="17.1107184"/>
 <node id="4234292293" visible="true" version="1" changeset="39914094" timestamp="2016-06-09T18:04:30Z" user="mcheckimport" uid="893327" lat="40.5939187" lon="17.1153535"/>
 <node id="4234292295" visible="true" version="1" changeset="39914094" timestamp="2016-06-09T18:04:30Z" user="mcheckimport" uid="893327" lat="40.5939208" lon="17.1105494"/>
 <node id="4234292299" visible="true" version="1" changeset="39914094" timestamp="2016-06-09T18:04:30Z" user="mcheckimport" uid="893327" lat="40.5939217" lon="17.1106583"/>
 <node id="4234292303" visible="true" version="1" changeset="39914094" timestamp="2016-06-09T18:04:30Z" user="mcheckimport" uid="893327" lat="40.5939246" lon="17.1153266"/>
 <node id="4234292326" visible="true" version="1" changeset="39914094" timestamp="2016-06-09T18:04:30Z" user="mcheckimport" uid="893327" lat="40.5939363" lon="17.1102024"/>
 <node id="4234292327" visible="true" version="1" changeset="39914094" timestamp="2016-06-09T18:04:30Z" user="mcheckimport" uid="893327" lat="40.5939366" lon="17.1151473"/>
 <node id="4234292331" visible="true" version="1" changeset="39914094" timestamp="2016-06-09T18:04:30Z" user="mcheckimport" uid="893327" lat="40.5939392" lon="17.1151356"/>
 <node id="4234292348" visible="true" version="1" changeset="39914094" timestamp="2016-06-09T18:04:31Z" user="mcheckimport" uid="893327" lat="40.5939544" lon="17.1151539"/>
 <node id="4234292349" visible="true" version="1" changeset="39914094" timestamp="2016-06-09T18:04:31Z" user="mcheckimport" uid="893327" lat="40.5939549" lon="17.1137283"/>
 <node id="4234292351" visible="true" version="1" changeset="39914094" timestamp="2016-06-09T18:04:31Z" user="mcheckimport" uid="893327" lat="40.5939570" lon="17.1151422"/>
 <node id="4234292355" visible="true" version="1" changeset="39914094" timestamp="2016-06-09T18:04:31Z" user="mcheckimport" uid="893327" lat="40.5939623" lon="17.1153698"/>
 <node id="4234292386" visible="true" version="1" changeset="39914094" timestamp="2016-06-09T18:04:31Z" user="mcheckimport" uid="893327" lat="40.5939870" lon="17.1117290"/>
 <node id="4234292421" visible="true" version="1" changeset="39914094" timestamp="2016-06-09T18:04:32Z" user="mcheckimport" uid="893327" lat="40.5940077" lon="17.1151611"/>
 <node id="4234293255" visible="true" version="1" changeset="39914094" timestamp="2016-06-09T18:04:47Z" user="mcheckimport" uid="893327" lat="40.5944102" lon="17.1216027"/>
 <node id="4234293450" visible="true" version="1" changeset="39914094" timestamp="2016-06-09T18:04:48Z" user="mcheckimport" uid="893327" lat="40.5944733" lon="17.1212943"/>
 <node id="4234294380" visible="true" version="2" changeset="43034294" timestamp="2016-10-20T14:49:38Z" user="corfede" uid="1960233" lat="40.5949017" lon="17.1256699"/>
 <node id="4234294538" visible="true" version="2" changeset="43034294" timestamp="2016-10-20T14:49:38Z" user="corfede" uid="1960233" lat="40.5949334" lon="17.1259021"/>
 <node id="4234296557" visible="true" version="1" changeset="39914094" timestamp="2016-06-09T18:05:35Z" user="mcheckimport" uid="893327" lat="40.5960387" lon="17.1106559"/>
 <node id="4234297359" visible="true" version="1" changeset="39914094" timestamp="2016-06-09T18:05:48Z" user="mcheckimport" uid="893327" lat="40.5965285" lon="17.1099055"/>
 <node id="4234297992" visible="true" version="3" changeset="62516093" timestamp="2018-09-12T10:48:29Z" user="Max Tenerelli" uid="616103" lat="40.5967650" lon="17.1100305"/>
 <node id="4456464413" visible="true" version="2" changeset="62516093" timestamp="2018-09-12T10:48:29Z" user="Max Tenerelli" uid="616103" lat="40.5968070" lon="17.1103644"/>
 <node id="4456464414" visible="true" version="3" changeset="62516093" timestamp="2018-09-12T10:48:29Z" user="Max Tenerelli" uid="616103" lat="40.5966218" lon="17.1100311"/>
 <node id="4456464445" visible="true" version="1" changeset="43032293" timestamp="2016-10-20T13:24:30Z" user="Mfran22" uid="2783442" lat="40.5898474" lon="17.1074648"/>
 <node id="4456464448" visible="true" version="2" changeset="62516093" timestamp="2018-09-12T10:48:29Z" user="Max Tenerelli" uid="616103" lat="40.5891910" lon="17.1072239"/>
 <node id="4456556516" visible="true" version="1" changeset="43034294" timestamp="2016-10-20T14:49:31Z" user="corfede" uid="1960233" lat="40.5856982" lon="17.1118275"/>
 <node id="4456556517" visible="true" version="1" changeset="43034294" timestamp="2016-10-20T14:49:31Z" user="corfede" uid="1960233" lat="40.5857180" lon="17.1113715"/>
 <node id="4456556518" visible="true" version="1" changeset="43034294" timestamp="2016-10-20T14:49:31Z" user="corfede" uid="1960233" lat="40.5857200" lon="17.1114748"/>
 <node id="4456556519" visible="true" version="1" changeset="43034294" timestamp="2016-10-20T14:49:31Z" user="corfede" uid="1960233" lat="40.5857460" lon="17.1112629"/>
 <node id="4456556520" visible="true" version="1" changeset="43034294" timestamp="2016-10-20T14:49:31Z" user="corfede" uid="1960233" lat="40.5857486" lon="17.1115244"/>
 <node id="4456556521" visible="true" version="1" changeset="43034294" timestamp="2016-10-20T14:49:31Z" user="corfede" uid="1960233" lat="40.5857852" lon="17.1118952"/>
 <node id="4456556522" visible="true" version="1" changeset="43034294" timestamp="2016-10-20T14:49:31Z" user="corfede" uid="1960233" lat="40.5857944" lon="17.1116324"/>
 <node id="4456556524" visible="true" version="1" changeset="43034294" timestamp="2016-10-20T14:49:31Z" user="corfede" uid="1960233" lat="40.5858438" lon="17.1119053"/>
 <node id="4456556526" visible="true" version="1" changeset="43034294" timestamp="2016-10-20T14:49:31Z" user="corfede" uid="1960233" lat="40.5858789" lon="17.1119221"/>
 <node id="4456556527" visible="true" version="1" changeset="43034294" timestamp="2016-10-20T14:49:31Z" user="corfede" uid="1960233" lat="40.5859507" lon="17.1120522"/>
 <node id="4456556529" visible="true" version="1" changeset="43034294" timestamp="2016-10-20T14:49:31Z" user="corfede" uid="1960233" lat="40.5860032" lon="17.1121521"/>
 <node id="4456556530" visible="true" version="1" changeset="43034294" timestamp="2016-10-20T14:49:31Z" user="corfede" uid="1960233" lat="40.5860495" lon="17.1121715"/>
 <node id="4456556531" visible="true" version="1" changeset="43034294" timestamp="2016-10-20T14:49:31Z" user="corfede" uid="1960233" lat="40.5861137" lon="17.1122278"/>
 <node id="4456556533" visible="true" version="1" changeset="43034294" timestamp="2016-10-20T14:49:31Z" user="corfede" uid="1960233" lat="40.5861717" lon="17.1122929"/>
 <node id="4456556535" visible="true" version="1" changeset="43034294" timestamp="2016-10-20T14:49:31Z" user="corfede" uid="1960233" lat="40.5862619" lon="17.1123050"/>
 <node id="4456556537" visible="true" version="1" changeset="43034294" timestamp="2016-10-20T14:49:31Z" user="corfede" uid="1960233" lat="40.5863108" lon="17.1123519"/>
 <node id="4456556538" visible="true" version="2" changeset="58119658" timestamp="2018-04-15T20:32:44Z" user="corfede" uid="1960233" lat="40.5864203" lon="17.1115518">
  <tag k="ford" v="yes"/>
 </node>
 <node id="4456556539" visible="true" version="1" changeset="43034294" timestamp="2016-10-20T14:49:31Z" user="corfede" uid="1960233" lat="40.5864773" lon="17.1124344"/>
 <node id="4456556540" visible="true" version="1" changeset="43034294" timestamp="2016-10-20T14:49:31Z" user="corfede" uid="1960233" lat="40.5865583" lon="17.1124350"/>
 <node id="4456556542" visible="true" version="1" changeset="43034294" timestamp="2016-10-20T14:49:31Z" user="corfede" uid="1960233" lat="40.5866428" lon="17.1124894"/>
 <node id="4456556544" visible="true" version="1" changeset="43034294" timestamp="2016-10-20T14:49:31Z" user="corfede" uid="1960233" lat="40.5867192" lon="17.1106051"/>
 <node id="4456556545" visible="true" version="1" changeset="43034294" timestamp="2016-10-20T14:49:31Z" user="corfede" uid="1960233" lat="40.5867222" lon="17.1125685"/>
 <node id="4456556546" visible="true" version="1" changeset="43034294" timestamp="2016-10-20T14:49:31Z" user="corfede" uid="1960233" lat="40.5867385" lon="17.1107057"/>
 <node id="4456556547" visible="true" version="1" changeset="43034294" timestamp="2016-10-20T14:49:31Z" user="corfede" uid="1960233" lat="40.5867757" lon="17.1108230"/>
 <node id="4456556548" visible="true" version="1" changeset="43034294" timestamp="2016-10-20T14:49:31Z" user="corfede" uid="1960233" lat="40.5867879" lon="17.1110731"/>
 <node id="4456556549" visible="true" version="1" changeset="43034294" timestamp="2016-10-20T14:49:31Z" user="corfede" uid="1960233" lat="40.5867945" lon="17.1108385"/>
 <node id="4456556550" visible="true" version="1" changeset="43034294" timestamp="2016-10-20T14:49:31Z" user="corfede" uid="1960233" lat="40.5867966" lon="17.1126630"/>
 <node id="4456556551" visible="true" version="1" changeset="43034294" timestamp="2016-10-20T14:49:31Z" user="corfede" uid="1960233" lat="40.5868225" lon="17.1127522"/>
 <node id="4456556552" visible="true" version="1" changeset="43034294" timestamp="2016-10-20T14:49:31Z" user="corfede" uid="1960233" lat="40.5868511" lon="17.1127770"/>
 <node id="4456556553" visible="true" version="1" changeset="43034294" timestamp="2016-10-20T14:49:31Z" user="corfede" uid="1960233" lat="40.5868526" lon="17.1112837"/>
 <node id="4456556554" visible="true" version="1" changeset="43034294" timestamp="2016-10-20T14:49:31Z" user="corfede" uid="1960233" lat="40.5868551" lon="17.1112059"/>
 <node id="4456556555" visible="true" version="1" changeset="43034294" timestamp="2016-10-20T14:49:31Z" user="corfede" uid="1960233" lat="40.5868760" lon="17.1111442"/>
 <node id="4456556556" visible="true" version="1" changeset="43034294" timestamp="2016-10-20T14:49:31Z" user="corfede" uid="1960233" lat="40.5868974" lon="17.1113373"/>
 <node id="4456556557" visible="true" version="1" changeset="43034294" timestamp="2016-10-20T14:49:31Z" user="corfede" uid="1960233" lat="40.5869142" lon="17.1128857"/>
 <node id="4456556558" visible="true" version="1" changeset="43034294" timestamp="2016-10-20T14:49:31Z" user="corfede" uid="1960233" lat="40.5869386" lon="17.1113501"/>
 <node id="4456556559" visible="true" version="1" changeset="43034294" timestamp="2016-10-20T14:49:31Z" user="corfede" uid="1960233" lat="40.5869824" lon="17.1129614"/>
 <node id="4456556560" visible="true" version="1" changeset="43034294" timestamp="2016-10-20T14:49:31Z" user="corfede" uid="1960233" lat="40.5869855" lon="17.1113494"/>
 <node id="4456556561" visible="true" version="1" changeset="43034294" timestamp="2016-10-20T14:49:31Z" user="corfede" uid="1960233" lat="40.5870797" lon="17.1130318"/>
 <node id="4456556562" visible="true" version="1" changeset="43034294" timestamp="2016-10-20T14:49:31Z" user="corfede" uid="1960233" lat="40.5870935" lon="17.1114252"/>
 <node id="4456556563" visible="true" version="1" changeset="43034294" timestamp="2016-10-20T14:49:31Z" user="corfede" uid="1960233" lat="40.5871576" lon="17.1114614"/>
 <node id="4456556564" visible="true" version="1" changeset="43034294" timestamp="2016-10-20T14:49:31Z" user="corfede" uid="1960233" lat="40.5871940" lon="17.1131029"/>
 <node id="4456556565" visible="true" version="1" changeset="43034294" timestamp="2016-10-20T14:49:31Z" user="corfede" uid="1960233" lat="40.5872159" lon="17.1114688"/>
 <node id="4456556566" visible="true" version="1" changeset="43034294" timestamp="2016-10-20T14:49:31Z" user="corfede" uid="1960233" lat="40.5872582" lon="17.1131639"/>
 <node id="4456556567" visible="true" version="1" changeset="43034294" timestamp="2016-10-20T14:49:31Z" user="corfede" uid="1960233" lat="40.5873346" lon="17.1116056"/>
 <node id="4456556568" visible="true" version="1" changeset="43034294" timestamp="2016-10-20T14:49:31Z" user="corfede" uid="1960233" lat="40.5873743" lon="17.1132290"/>
 <node id="4456556569" visible="true" version="1" changeset="43034294" timestamp="2016-10-20T14:49:31Z" user="corfede" uid="1960233" lat="40.5873799" lon="17.1116250"/>
 <node id="4456556570" visible="true" version="1" changeset="43034294" timestamp="2016-10-20T14:49:31Z" user="corfede" uid="1960233" lat="40.5874512" lon="17.1132223"/>
 <node id="4456556572" visible="true" version="1" changeset="43034294" timestamp="2016-10-20T14:49:31Z" user="corfede" uid="1960233" lat="40.5875765" lon="17.1132873"/>
 <node id="4456556573" visible="true" version="1" changeset="43034294" timestamp="2016-10-20T14:49:31Z" user="corfede" uid="1960233" lat="40.5876355" lon="17.1132967"/>
 <node id="4456556574" visible="true" version="1" changeset="43034294" timestamp="2016-10-20T14:49:31Z" user="corfede" uid="1960233" lat="40.5876371" lon="17.1120005"/>
 <node id="4456556575" visible="true" version="1" changeset="43034294" timestamp="2016-10-20T14:49:31Z" user="corfede" uid="1960233" lat="40.5876498" lon="17.1120575"/>
 <node id="4456556576" visible="true" version="1" changeset="43034294" timestamp="2016-10-20T14:49:31Z" user="corfede" uid="1960233" lat="40.5876737" lon="17.1121058"/>
 <node id="4456556577" visible="true" version="1" changeset="43034294" timestamp="2016-10-20T14:49:31Z" user="corfede" uid="1960233" lat="40.5876788" lon="17.1133007"/>
 <node id="4456556578" visible="true" version="1" changeset="43034294" timestamp="2016-10-20T14:49:31Z" user="corfede" uid="1960233" lat="40.5877063" lon="17.1122030"/>
 <node id="4456556579" visible="true" version="2" changeset="58508579" timestamp="2018-04-28T16:57:41Z" user="corfede" uid="1960233" lat="40.5877213" lon="17.1122612"/>
 <node id="4456556580" visible="true" version="1" changeset="43034294" timestamp="2016-10-20T14:49:31Z" user="corfede" uid="1960233" lat="40.5877929" lon="17.1133617"/>
 <node id="4456556581" visible="true" version="1" changeset="43034294" timestamp="2016-10-20T14:49:31Z" user="corfede" uid="1960233" lat="40.5878214" lon="17.1123733"/>
 <node id="4456556582" visible="true" version="1" changeset="43034294" timestamp="2016-10-20T14:49:31Z" user="corfede" uid="1960233" lat="40.5878469" lon="17.1125551"/>
 <node id="4456556583" visible="true" version="1" changeset="43034294" timestamp="2016-10-20T14:49:31Z" user="corfede" uid="1960233" lat="40.5879156" lon="17.1126107"/>
 <node id="4456556584" visible="true" version="1" changeset="43034294" timestamp="2016-10-20T14:49:31Z" user="corfede" uid="1960233" lat="40.5879192" lon="17.1134382"/>
 <node id="4456556585" visible="true" version="1" changeset="43034294" timestamp="2016-10-20T14:49:31Z" user="corfede" uid="1960233" lat="40.5879843" lon="17.1134737"/>
 <node id="4456556586" visible="true" version="1" changeset="43034294" timestamp="2016-10-20T14:49:31Z" user="corfede" uid="1960233" lat="40.5880256" lon="17.1126000"/>
 <node id="4456556587" visible="true" version="1" changeset="43034294" timestamp="2016-10-20T14:49:32Z" user="corfede" uid="1960233" lat="40.5880567" lon="17.1135146"/>
 <node id="4456556588" visible="true" version="1" changeset="43034294" timestamp="2016-10-20T14:49:32Z" user="corfede" uid="1960233" lat="40.5880740" lon="17.1135361"/>
 <node id="4456557489" visible="true" version="1" changeset="43034294" timestamp="2016-10-20T14:49:32Z" user="corfede" uid="1960233" lat="40.5880918" lon="17.1135716"/>
 <node id="4456557490" visible="true" version="1" changeset="43034294" timestamp="2016-10-20T14:49:32Z" user="corfede" uid="1960233" lat="40.5881707" lon="17.1127113"/>
 <node id="4456557491" visible="true" version="1" changeset="43034294" timestamp="2016-10-20T14:49:32Z" user="corfede" uid="1960233" lat="40.5883464" lon="17.1128005"/>
 <node id="4456557492" visible="true" version="1" changeset="43034294" timestamp="2016-10-20T14:49:32Z" user="corfede" uid="1960233" lat="40.5883607" lon="17.1127616"/>
 <node id="4456557493" visible="true" version="1" changeset="43034294" timestamp="2016-10-20T14:49:32Z" user="corfede" uid="1960233" lat="40.5884218" lon="17.1138090"/>
 <node id="4456557494" visible="true" version="1" changeset="43034294" timestamp="2016-10-20T14:49:32Z" user="corfede" uid="1960233" lat="40.5885328" lon="17.1128521"/>
 <node id="4456557495" visible="true" version="1" changeset="43034294" timestamp="2016-10-20T14:49:32Z" user="corfede" uid="1960233" lat="40.5885715" lon="17.1139176"/>
 <node id="4456557496" visible="true" version="1" changeset="43034294" timestamp="2016-10-20T14:49:32Z" user="corfede" uid="1960233" lat="40.5885954" lon="17.1128099"/>
 <node id="4456557497" visible="true" version="1" changeset="43034294" timestamp="2016-10-20T14:49:32Z" user="corfede" uid="1960233" lat="40.5886438" lon="17.1130057"/>
 <node id="4456557498" visible="true" version="1" changeset="43034294" timestamp="2016-10-20T14:49:32Z" user="corfede" uid="1960233" lat="40.5886519" lon="17.1140182"/>
 <node id="4456557499" visible="true" version="1" changeset="43034294" timestamp="2016-10-20T14:49:32Z" user="corfede" uid="1960233" lat="40.5886799" lon="17.1129172"/>
 <node id="4456557500" visible="true" version="1" changeset="43034294" timestamp="2016-10-20T14:49:32Z" user="corfede" uid="1960233" lat="40.5887008" lon="17.1131700"/>
 <node id="4456557501" visible="true" version="1" changeset="43034294" timestamp="2016-10-20T14:49:32Z" user="corfede" uid="1960233" lat="40.5887314" lon="17.1140819"/>
 <node id="4456557502" visible="true" version="1" changeset="43034294" timestamp="2016-10-20T14:49:32Z" user="corfede" uid="1960233" lat="40.5887461" lon="17.1132558"/>
 <node id="4456557503" visible="true" version="1" changeset="43034294" timestamp="2016-10-20T14:49:32Z" user="corfede" uid="1960233" lat="40.5888220" lon="17.1133141"/>
 <node id="4456557504" visible="true" version="1" changeset="43034294" timestamp="2016-10-20T14:49:32Z" user="corfede" uid="1960233" lat="40.5888480" lon="17.1133497"/>
 <node id="4456557505" visible="true" version="1" changeset="43034294" timestamp="2016-10-20T14:49:32Z" user="corfede" uid="1960233" lat="40.5889544" lon="17.1142100"/>
 <node id="4456557506" visible="true" version="1" changeset="43034294" timestamp="2016-10-20T14:49:32Z" user="corfede" uid="1960233" lat="40.5889626" lon="17.1134979"/>
 <node id="4456557507" visible="true" version="1" changeset="43034294" timestamp="2016-10-20T14:49:32Z" user="corfede" uid="1960233" lat="40.5890512" lon="17.1136280"/>
 <node id="4456557508" visible="true" version="1" changeset="43034294" timestamp="2016-10-20T14:49:32Z" user="corfede" uid="1960233" lat="40.5890593" lon="17.1135917"/>
 <node id="4456557509" visible="true" version="1" changeset="43034294" timestamp="2016-10-20T14:49:32Z" user="corfede" uid="1960233" lat="40.5890746" lon="17.1136521"/>
 <node id="4456557510" visible="true" version="1" changeset="43034294" timestamp="2016-10-20T14:49:32Z" user="corfede" uid="1960233" lat="40.5891087" lon="17.1136561"/>
 <node id="4456557511" visible="true" version="1" changeset="43034294" timestamp="2016-10-20T14:49:32Z" user="corfede" uid="1960233" lat="40.5891133" lon="17.1137688"/>
 <node id="4456557512" visible="true" version="1" changeset="43034294" timestamp="2016-10-20T14:49:32Z" user="corfede" uid="1960233" lat="40.5891744" lon="17.1143508"/>
 <node id="4456557513" visible="true" version="1" changeset="43034294" timestamp="2016-10-20T14:49:32Z" user="corfede" uid="1960233" lat="40.5892141" lon="17.1139833"/>
 <node id="4456557514" visible="true" version="1" changeset="43034294" timestamp="2016-10-20T14:49:32Z" user="corfede" uid="1960233" lat="40.5892248" lon="17.1139250"/>
 <node id="4456557515" visible="true" version="1" changeset="43034294" timestamp="2016-10-20T14:49:32Z" user="corfede" uid="1960233" lat="40.5892452" lon="17.1138928"/>
 <node id="4456557516" visible="true" version="1" changeset="43034294" timestamp="2016-10-20T14:49:32Z" user="corfede" uid="1960233" lat="40.5893251" lon="17.1141315"/>
 <node id="4456557517" visible="true" version="1" changeset="43034294" timestamp="2016-10-20T14:49:32Z" user="corfede" uid="1960233" lat="40.5894071" lon="17.1140343"/>
 <node id="4456557518" visible="true" version="1" changeset="43034294" timestamp="2016-10-20T14:49:32Z" user="corfede" uid="1960233" lat="40.5894112" lon="17.1145600"/>
 <node id="4456557519" visible="true" version="1" changeset="43034294" timestamp="2016-10-20T14:49:32Z" user="corfede" uid="1960233" lat="40.5894341" lon="17.1151374"/>
 <node id="4456557520" visible="true" version="1" changeset="43034294" timestamp="2016-10-20T14:49:32Z" user="corfede" uid="1960233" lat="40.5894377" lon="17.1150100"/>
 <node id="4456557521" visible="true" version="1" changeset="43034294" timestamp="2016-10-20T14:49:32Z" user="corfede" uid="1960233" lat="40.5894657" lon="17.1140115"/>
 <node id="4456557522" visible="true" version="1" changeset="43034294" timestamp="2016-10-20T14:49:32Z" user="corfede" uid="1960233" lat="40.5894672" lon="17.1150240"/>
 <node id="4456557523" visible="true" version="1" changeset="43034294" timestamp="2016-10-20T14:49:32Z" user="corfede" uid="1960233" lat="40.5894967" lon="17.1140350"/>
 <node id="4456557524" visible="true" version="1" changeset="43034294" timestamp="2016-10-20T14:49:32Z" user="corfede" uid="1960233" lat="40.5895319" lon="17.1139947"/>
 <node id="4456557525" visible="true" version="1" changeset="43034294" timestamp="2016-10-20T14:49:32Z" user="corfede" uid="1960233" lat="40.5895329" lon="17.1146914"/>
 <node id="4456557526" visible="true" version="1" changeset="43034294" timestamp="2016-10-20T14:49:32Z" user="corfede" uid="1960233" lat="40.5895568" lon="17.1152011"/>
 <node id="4456557527" visible="true" version="1" changeset="43034294" timestamp="2016-10-20T14:49:32Z" user="corfede" uid="1960233" lat="40.5895891" lon="17.1154177"/>
 <node id="4456557528" visible="true" version="1" changeset="43034294" timestamp="2016-10-20T14:49:32Z" user="corfede" uid="1960233" lat="40.5896210" lon="17.1153057"/>
 <node id="4456557529" visible="true" version="1" changeset="43034294" timestamp="2016-10-20T14:49:32Z" user="corfede" uid="1960233" lat="40.5896510" lon="17.1140236"/>
 <node id="4456557530" visible="true" version="1" changeset="43034294" timestamp="2016-10-20T14:49:32Z" user="corfede" uid="1960233" lat="40.5896892" lon="17.1140504"/>
 <node id="4456557531" visible="true" version="1" changeset="43034294" timestamp="2016-10-20T14:49:32Z" user="corfede" uid="1960233" lat="40.5897152" lon="17.1140960"/>
 <node id="4456557532" visible="true" version="1" changeset="43034294" timestamp="2016-10-20T14:49:32Z" user="corfede" uid="1960233" lat="40.5897294" lon="17.1144125"/>
 <node id="4456557533" visible="true" version="1" changeset="43034294" timestamp="2016-10-20T14:49:32Z" user="corfede" uid="1960233" lat="40.5897498" lon="17.1141543"/>
 <node id="4456557534" visible="true" version="1" changeset="43034294" timestamp="2016-10-20T14:49:32Z" user="corfede" uid="1960233" lat="40.5897681" lon="17.1142542"/>
 <node id="4456557535" visible="true" version="1" changeset="43034294" timestamp="2016-10-20T14:49:32Z" user="corfede" uid="1960233" lat="40.5897681" lon="17.1145091"/>
 <node id="4456557536" visible="true" version="1" changeset="43034294" timestamp="2016-10-20T14:49:32Z" user="corfede" uid="1960233" lat="40.5898058" lon="17.1143568"/>
 <node id="4456557537" visible="true" version="1" changeset="43034294" timestamp="2016-10-20T14:49:32Z" user="corfede" uid="1960233" lat="40.5898359" lon="17.1144628"/>
 <node id="4456557538" visible="true" version="1" changeset="43034294" timestamp="2016-10-20T14:49:32Z" user="corfede" uid="1960233" lat="40.5898644" lon="17.1146291"/>
 <node id="4456557540" visible="true" version="1" changeset="43034294" timestamp="2016-10-20T14:49:32Z" user="corfede" uid="1960233" lat="40.5899102" lon="17.1145681"/>
 <node id="4456557541" visible="true" version="1" changeset="43034294" timestamp="2016-10-20T14:49:32Z" user="corfede" uid="1960233" lat="40.5899189" lon="17.1147042"/>
 <node id="4456557542" visible="true" version="1" changeset="43034294" timestamp="2016-10-20T14:49:32Z" user="corfede" uid="1960233" lat="40.5899795" lon="17.1146338"/>
 <node id="4456557543" visible="true" version="2" changeset="43059878" timestamp="2016-10-21T13:36:14Z" user="Mfran22" uid="2783442" lat="40.5899545" lon="17.1155226"/>
 <node id="4456557544" visible="true" version="1" changeset="43034294" timestamp="2016-10-20T14:49:32Z" user="corfede" uid="1960233" lat="40.5900034" lon="17.1146324"/>
 <node id="4456557545" visible="true" version="1" changeset="43034294" timestamp="2016-10-20T14:49:32Z" user="corfede" uid="1960233" lat="40.5900670" lon="17.1147987"/>
 <node id="4456557546" visible="true" version="2" changeset="43059878" timestamp="2016-10-21T13:36:14Z" user="Mfran22" uid="2783442" lat="40.5901772" lon="17.1158778"/>
 <node id="4456557547" visible="true" version="1" changeset="43034294" timestamp="2016-10-20T14:49:32Z" user="corfede" uid="1960233" lat="40.5901602" lon="17.1149335"/>
 <node id="4456557548" visible="true" version="2" changeset="43059878" timestamp="2016-10-21T13:36:14Z" user="Mfran22" uid="2783442" lat="40.5902472" lon="17.1159155"/>
 <node id="4456557549" visible="true" version="1" changeset="43034294" timestamp="2016-10-20T14:49:32Z" user="corfede" uid="1960233" lat="40.5902045" lon="17.1149818"/>
 <node id="4456557550" visible="true" version="1" changeset="43034294" timestamp="2016-10-20T14:49:32Z" user="corfede" uid="1960233" lat="40.5902167" lon="17.1150395"/>
 <node id="4456557551" visible="true" version="1" changeset="43034294" timestamp="2016-10-20T14:49:32Z" user="corfede" uid="1960233" lat="40.5902748" lon="17.1150730"/>
 <node id="4456557552" visible="true" version="1" changeset="43034294" timestamp="2016-10-20T14:49:32Z" user="corfede" uid="1960233" lat="40.5902964" lon="17.1159072"/>
 <node id="4456557553" visible="true" version="1" changeset="43034294" timestamp="2016-10-20T14:49:32Z" user="corfede" uid="1960233" lat="40.5903003" lon="17.1151649"/>
 <node id="4456557554" visible="true" version="1" changeset="43034294" timestamp="2016-10-20T14:49:32Z" user="corfede" uid="1960233" lat="40.5903430" lon="17.1151883"/>
 <node id="4456557556" visible="true" version="2" changeset="43059878" timestamp="2016-10-21T13:36:14Z" user="Mfran22" uid="2783442" lat="40.5905484" lon="17.1160692"/>
 <node id="4456557557" visible="true" version="1" changeset="43034294" timestamp="2016-10-20T14:49:32Z" user="corfede" uid="1960233" lat="40.5905187" lon="17.1162968"/>
 <node id="4456557558" visible="true" version="2" changeset="43059878" timestamp="2016-10-21T13:36:14Z" user="Mfran22" uid="2783442" lat="40.5905335" lon="17.1161546"/>
 <node id="4456557559" visible="true" version="1" changeset="43034294" timestamp="2016-10-20T14:49:32Z" user="corfede" uid="1960233" lat="40.5906261" lon="17.1152500"/>
 <node id="4456557560" visible="true" version="1" changeset="43034294" timestamp="2016-10-20T14:49:32Z" user="corfede" uid="1960233" lat="40.5906585" lon="17.1168553"/>
 <node id="4456557561" visible="true" version="1" changeset="43034294" timestamp="2016-10-20T14:49:32Z" user="corfede" uid="1960233" lat="40.5906931" lon="17.1165871"/>
 <node id="4456557562" visible="true" version="1" changeset="43034294" timestamp="2016-10-20T14:49:32Z" user="corfede" uid="1960233" lat="40.5906974" lon="17.1152507"/>
 <node id="4456557563" visible="true" version="1" changeset="43034294" timestamp="2016-10-20T14:49:32Z" user="corfede" uid="1960233" lat="40.5908245" lon="17.1169318"/>
 <node id="4456557564" visible="true" version="1" changeset="43034294" timestamp="2016-10-20T14:49:32Z" user="corfede" uid="1960233" lat="40.5908746" lon="17.1151903"/>
 <node id="4456557565" visible="true" version="1" changeset="43034294" timestamp="2016-10-20T14:49:32Z" user="corfede" uid="1960233" lat="40.5909059" lon="17.1169981"/>
 <node id="4456557568" visible="true" version="1" changeset="43034294" timestamp="2016-10-20T14:49:33Z" user="corfede" uid="1960233" lat="40.5911010" lon="17.1172255"/>
 <node id="4456557572" visible="true" version="1" changeset="43034294" timestamp="2016-10-20T14:49:33Z" user="corfede" uid="1960233" lat="40.5911430" lon="17.1154800"/>
 <node id="4456557573" visible="true" version="1" changeset="43034294" timestamp="2016-10-20T14:49:33Z" user="corfede" uid="1960233" lat="40.5911476" lon="17.1154197"/>
 <node id="4456557574" visible="true" version="1" changeset="43034294" timestamp="2016-10-20T14:49:33Z" user="corfede" uid="1960233" lat="40.5911633" lon="17.1155350"/>
 <node id="4456557581" visible="true" version="1" changeset="43034294" timestamp="2016-10-20T14:49:33Z" user="corfede" uid="1960233" lat="40.5912313" lon="17.1173690"/>
 <node id="4456557584" visible="true" version="1" changeset="43034294" timestamp="2016-10-20T14:49:33Z" user="corfede" uid="1960233" lat="40.5912456" lon="17.1163779"/>
 <node id="4456557585" visible="true" version="1" changeset="43034294" timestamp="2016-10-20T14:49:33Z" user="corfede" uid="1960233" lat="40.5912459" lon="17.1173683"/>
 <node id="4456557587" visible="true" version="1" changeset="43034294" timestamp="2016-10-20T14:49:33Z" user="corfede" uid="1960233" lat="40.5912558" lon="17.1163202"/>
 <node id="4456557588" visible="true" version="1" changeset="43034294" timestamp="2016-10-20T14:49:33Z" user="corfede" uid="1960233" lat="40.5912598" lon="17.1164409"/>
 <node id="4456557590" visible="true" version="1" changeset="43034294" timestamp="2016-10-20T14:49:33Z" user="corfede" uid="1960233" lat="40.5912962" lon="17.1155665"/>
 <node id="4456557591" visible="true" version="1" changeset="43034294" timestamp="2016-10-20T14:49:33Z" user="corfede" uid="1960233" lat="40.5913026" lon="17.1165026"/>
 <node id="4456557593" visible="true" version="1" changeset="43034294" timestamp="2016-10-20T14:49:33Z" user="corfede" uid="1960233" lat="40.5913315" lon="17.1174138"/>
 <node id="4456557594" visible="true" version="1" changeset="43034294" timestamp="2016-10-20T14:49:33Z" user="corfede" uid="1960233" lat="40.5913505" lon="17.1161204"/>
 <node id="4456557595" visible="true" version="1" changeset="43034294" timestamp="2016-10-20T14:49:33Z" user="corfede" uid="1960233" lat="40.5913826" lon="17.1160017"/>
 <node id="4456557596" visible="true" version="1" changeset="43034294" timestamp="2016-10-20T14:49:33Z" user="corfede" uid="1960233" lat="40.5913945" lon="17.1155142"/>
 <node id="4456557597" visible="true" version="1" changeset="43034294" timestamp="2016-10-20T14:49:33Z" user="corfede" uid="1960233" lat="40.5914225" lon="17.1165636"/>
 <node id="4456557598" visible="true" version="1" changeset="43034294" timestamp="2016-10-20T14:49:33Z" user="corfede" uid="1960233" lat="40.5914263" lon="17.1159796"/>
 <node id="4456557599" visible="true" version="1" changeset="43034294" timestamp="2016-10-20T14:49:33Z" user="corfede" uid="1960233" lat="40.5914269" lon="17.1158676"/>
 <node id="4456557600" visible="true" version="1" changeset="43034294" timestamp="2016-10-20T14:49:33Z" user="corfede" uid="1960233" lat="40.5914522" lon="17.1165544"/>
 <node id="4456557601" visible="true" version="1" changeset="43034294" timestamp="2016-10-20T14:49:33Z" user="corfede" uid="1960233" lat="40.5914630" lon="17.1156027"/>
 <node id="4456557602" visible="true" version="1" changeset="43034294" timestamp="2016-10-20T14:49:33Z" user="corfede" uid="1960233" lat="40.5914645" lon="17.1158763"/>
 <node id="4456557603" visible="true" version="1" changeset="43034294" timestamp="2016-10-20T14:49:33Z" user="corfede" uid="1960233" lat="40.5914737" lon="17.1155464"/>
 <node id="4456557604" visible="true" version="1" changeset="43034294" timestamp="2016-10-20T14:49:33Z" user="corfede" uid="1960233" lat="40.5914875" lon="17.1158314"/>
 <node id="4456557605" visible="true" version="1" changeset="43034294" timestamp="2016-10-20T14:49:33Z" user="corfede" uid="1960233" lat="40.5914966" lon="17.1175657"/>
 <node id="4456557606" visible="true" version="1" changeset="43034294" timestamp="2016-10-20T14:49:33Z" user="corfede" uid="1960233" lat="40.5915109" lon="17.1158267"/>
 <node id="4456557607" visible="true" version="1" changeset="43034294" timestamp="2016-10-20T14:49:33Z" user="corfede" uid="1960233" lat="40.5915308" lon="17.1163859">
  <tag k="highway" v="crossing"/>
 </node>
 <node id="4456557609" visible="true" version="1" changeset="43034294" timestamp="2016-10-20T14:49:33Z" user="corfede" uid="1960233" lat="40.5915567" lon="17.1156463"/>
 <node id="4456557610" visible="true" version="1" changeset="43034294" timestamp="2016-10-20T14:49:33Z" user="corfede" uid="1960233" lat="40.5915946" lon="17.1167608"/>
 <node id="4456557611" visible="true" version="1" changeset="43034294" timestamp="2016-10-20T14:49:33Z" user="corfede" uid="1960233" lat="40.5916040" lon="17.1173493"/>
 <node id="4456557612" visible="true" version="1" changeset="43034294" timestamp="2016-10-20T14:49:33Z" user="corfede" uid="1960233" lat="40.5916119" lon="17.1166669"/>
 <node id="4456557614" visible="true" version="1" changeset="43034294" timestamp="2016-10-20T14:49:33Z" user="corfede" uid="1960233" lat="40.5916476" lon="17.1168023"/>
 <node id="4456557615" visible="true" version="1" changeset="43034294" timestamp="2016-10-20T14:49:33Z" user="corfede" uid="1960233" lat="40.5916751" lon="17.1173316"/>
 <node id="4456557616" visible="true" version="1" changeset="43034294" timestamp="2016-10-20T14:49:33Z" user="corfede" uid="1960233" lat="40.5917606" lon="17.1168238"/>
 <node id="4456557617" visible="true" version="1" changeset="43034294" timestamp="2016-10-20T14:49:33Z" user="corfede" uid="1960233" lat="40.5917718" lon="17.1167836"/>
 <node id="4456557618" visible="true" version="1" changeset="43034294" timestamp="2016-10-20T14:49:33Z" user="corfede" uid="1960233" lat="40.5918859" lon="17.1169767"/>
 <node id="4456557619" visible="true" version="1" changeset="43034294" timestamp="2016-10-20T14:49:33Z" user="corfede" uid="1960233" lat="40.5919073" lon="17.1168748"/>
 <node id="4456557620" visible="true" version="1" changeset="43034294" timestamp="2016-10-20T14:49:33Z" user="corfede" uid="1960233" lat="40.5919647" lon="17.1176302"/>
 <node id="4456557621" visible="true" version="1" changeset="43034294" timestamp="2016-10-20T14:49:33Z" user="corfede" uid="1960233" lat="40.5920018" lon="17.1181004"/>
 <node id="4456557622" visible="true" version="1" changeset="43034294" timestamp="2016-10-20T14:49:33Z" user="corfede" uid="1960233" lat="40.5920065" lon="17.1177810"/>
 <node id="4456557623" visible="true" version="1" changeset="43034294" timestamp="2016-10-20T14:49:33Z" user="corfede" uid="1960233" lat="40.5920160" lon="17.1177176"/>
 <node id="4456557624" visible="true" version="1" changeset="43034294" timestamp="2016-10-20T14:49:33Z" user="corfede" uid="1960233" lat="40.5920452" lon="17.1180515"/>
 <node id="4456557625" visible="true" version="1" changeset="43034294" timestamp="2016-10-20T14:49:33Z" user="corfede" uid="1960233" lat="40.5920642" lon="17.1182024"/>
 <node id="4456557626" visible="true" version="1" changeset="43034294" timestamp="2016-10-20T14:49:33Z" user="corfede" uid="1960233" lat="40.5920650" lon="17.1184937"/>
 <node id="4456557627" visible="true" version="1" changeset="43034294" timestamp="2016-10-20T14:49:33Z" user="corfede" uid="1960233" lat="40.5920658" lon="17.1182482"/>
 <node id="4456557628" visible="true" version="1" changeset="43034294" timestamp="2016-10-20T14:49:33Z" user="corfede" uid="1960233" lat="40.5920967" lon="17.1172248"/>
 <node id="4456557629" visible="true" version="1" changeset="43034294" timestamp="2016-10-20T14:49:33Z" user="corfede" uid="1960233" lat="40.5921191" lon="17.1171712"/>
 <node id="4456557630" visible="true" version="1" changeset="43034294" timestamp="2016-10-20T14:49:33Z" user="corfede" uid="1960233" lat="40.5921566" lon="17.1183210"/>
 <node id="4456557631" visible="true" version="1" changeset="43034294" timestamp="2016-10-20T14:49:33Z" user="corfede" uid="1960233" lat="40.5921721" lon="17.1172811"/>
 <node id="4456557632" visible="true" version="1" changeset="43034294" timestamp="2016-10-20T14:49:33Z" user="corfede" uid="1960233" lat="40.5922026" lon="17.1172489"/>
 <node id="4456557633" visible="true" version="1" changeset="43034294" timestamp="2016-10-20T14:49:33Z" user="corfede" uid="1960233" lat="40.5922064" lon="17.1185748"/>
 <node id="4456557634" visible="true" version="1" changeset="43034294" timestamp="2016-10-20T14:49:33Z" user="corfede" uid="1960233" lat="40.5923075" lon="17.1185655"/>
 <node id="4456557635" visible="true" version="1" changeset="43034294" timestamp="2016-10-20T14:49:33Z" user="corfede" uid="1960233" lat="40.5923605" lon="17.1173911"/>
 <node id="4456557636" visible="true" version="1" changeset="43034294" timestamp="2016-10-20T14:49:33Z" user="corfede" uid="1960233" lat="40.5923610" lon="17.1175051"/>
 <node id="4456557637" visible="true" version="1" changeset="43034294" timestamp="2016-10-20T14:49:33Z" user="corfede" uid="1960233" lat="40.5924268" lon="17.1185790"/>
 <node id="4456557638" visible="true" version="1" changeset="43034294" timestamp="2016-10-20T14:49:33Z" user="corfede" uid="1960233" lat="40.5924811" lon="17.1175594"/>
 <node id="4456557639" visible="true" version="1" changeset="43034294" timestamp="2016-10-20T14:49:33Z" user="corfede" uid="1960233" lat="40.5925453" lon="17.1175956"/>
 <node id="4456557640" visible="true" version="1" changeset="43034294" timestamp="2016-10-20T14:49:33Z" user="corfede" uid="1960233" lat="40.5925619" lon="17.1186550"/>
 <node id="4456557641" visible="true" version="1" changeset="43034294" timestamp="2016-10-20T14:49:33Z" user="corfede" uid="1960233" lat="40.5925682" lon="17.1175581"/>
 <node id="4456557642" visible="true" version="1" changeset="43034294" timestamp="2016-10-20T14:49:33Z" user="corfede" uid="1960233" lat="40.5926492" lon="17.1176224"/>
 <node id="4456557643" visible="true" version="1" changeset="43034294" timestamp="2016-10-20T14:49:34Z" user="corfede" uid="1960233" lat="40.5927429" lon="17.1176459"/>
 <node id="4456557644" visible="true" version="1" changeset="43034294" timestamp="2016-10-20T14:49:34Z" user="corfede" uid="1960233" lat="40.5928192" lon="17.1176975"/>
 <node id="4456557645" visible="true" version="1" changeset="43034294" timestamp="2016-10-20T14:49:34Z" user="corfede" uid="1960233" lat="40.5928362" lon="17.1176646"/>
 <node id="4456557646" visible="true" version="1" changeset="43034294" timestamp="2016-10-20T14:49:34Z" user="corfede" uid="1960233" lat="40.5929968" lon="17.1189265"/>
 <node id="4456557647" visible="true" version="1" changeset="43034294" timestamp="2016-10-20T14:49:34Z" user="corfede" uid="1960233" lat="40.5930185" lon="17.1179337"/>
 <node id="4456557648" visible="true" version="1" changeset="43034294" timestamp="2016-10-20T14:49:34Z" user="corfede" uid="1960233" lat="40.5930582" lon="17.1178474"/>
 <node id="4456557649" visible="true" version="1" changeset="43034294" timestamp="2016-10-20T14:49:34Z" user="corfede" uid="1960233" lat="40.5930628" lon="17.1179850"/>
 <node id="4456557650" visible="true" version="1" changeset="43034294" timestamp="2016-10-20T14:49:34Z" user="corfede" uid="1960233" lat="40.5930656" lon="17.1189972"/>
 <node id="4456557651" visible="true" version="1" changeset="43034294" timestamp="2016-10-20T14:49:34Z" user="corfede" uid="1960233" lat="40.5930881" lon="17.1180349"/>
 <node id="4456557652" visible="true" version="1" changeset="43034294" timestamp="2016-10-20T14:49:34Z" user="corfede" uid="1960233" lat="40.5930912" lon="17.1180921"/>
 <node id="4456557653" visible="true" version="1" changeset="43034294" timestamp="2016-10-20T14:49:34Z" user="corfede" uid="1960233" lat="40.5931067" lon="17.1181489"/>
 <node id="4456557654" visible="true" version="1" changeset="43034294" timestamp="2016-10-20T14:49:34Z" user="corfede" uid="1960233" lat="40.5931186" lon="17.1182062"/>
 <node id="4456557655" visible="true" version="1" changeset="43034294" timestamp="2016-10-20T14:49:34Z" user="corfede" uid="1960233" lat="40.5931232" lon="17.1191252"/>
 <node id="4456557656" visible="true" version="1" changeset="43034294" timestamp="2016-10-20T14:49:34Z" user="corfede" uid="1960233" lat="40.5931858" lon="17.1182543"/>
 <node id="4456557657" visible="true" version="1" changeset="43034294" timestamp="2016-10-20T14:49:34Z" user="corfede" uid="1960233" lat="40.5932007" lon="17.1192074"/>
 <node id="4456557658" visible="true" version="1" changeset="43034294" timestamp="2016-10-20T14:49:34Z" user="corfede" uid="1960233" lat="40.5932477" lon="17.1182620"/>
 <node id="4456557659" visible="true" version="1" changeset="43034294" timestamp="2016-10-20T14:49:34Z" user="corfede" uid="1960233" lat="40.5932666" lon="17.1182263"/>
 <node id="4456557660" visible="true" version="1" changeset="43034294" timestamp="2016-10-20T14:49:34Z" user="corfede" uid="1960233" lat="40.5932891" lon="17.1192292"/>
 <node id="4456557661" visible="true" version="1" changeset="43034294" timestamp="2016-10-20T14:49:34Z" user="corfede" uid="1960233" lat="40.5933148" lon="17.1182586"/>
 <node id="4456557662" visible="true" version="1" changeset="43034294" timestamp="2016-10-20T14:49:34Z" user="corfede" uid="1960233" lat="40.5933824" lon="17.1193531"/>
 <node id="4456557663" visible="true" version="1" changeset="43034294" timestamp="2016-10-20T14:49:34Z" user="corfede" uid="1960233" lat="40.5934226" lon="17.1194602"/>
 <node id="4456557664" visible="true" version="1" changeset="43034294" timestamp="2016-10-20T14:49:34Z" user="corfede" uid="1960233" lat="40.5934559" lon="17.1183062"/>
 <node id="4456557665" visible="true" version="1" changeset="43034294" timestamp="2016-10-20T14:49:34Z" user="corfede" uid="1960233" lat="40.5935095" lon="17.1203789"/>
 <node id="4456557666" visible="true" version="1" changeset="43034294" timestamp="2016-10-20T14:49:34Z" user="corfede" uid="1960233" lat="40.5935095" lon="17.1205183"/>
 <node id="4456557667" visible="true" version="1" changeset="43034294" timestamp="2016-10-20T14:49:34Z" user="corfede" uid="1960233" lat="40.5935222" lon="17.1202103"/>
 <node id="4456557668" visible="true" version="1" changeset="43034294" timestamp="2016-10-20T14:49:34Z" user="corfede" uid="1960233" lat="40.5935222" lon="17.1202696"/>
 <node id="4456557669" visible="true" version="1" changeset="43034294" timestamp="2016-10-20T14:49:34Z" user="corfede" uid="1960233" lat="40.5935419" lon="17.1196204"/>
 <node id="4456557670" visible="true" version="1" changeset="43034294" timestamp="2016-10-20T14:49:34Z" user="corfede" uid="1960233" lat="40.5935443" lon="17.1207243"/>
 <node id="4456557671" visible="true" version="1" changeset="43034294" timestamp="2016-10-20T14:49:34Z" user="corfede" uid="1960233" lat="40.5935459" lon="17.1205828"/>
 <node id="4456557672" visible="true" version="1" changeset="43034294" timestamp="2016-10-20T14:49:34Z" user="corfede" uid="1960233" lat="40.5935459" lon="17.1206514"/>
 <node id="4456557673" visible="true" version="1" changeset="43034294" timestamp="2016-10-20T14:49:34Z" user="corfede" uid="1960233" lat="40.5935530" lon="17.1201417"/>
 <node id="4456557674" visible="true" version="1" changeset="43034294" timestamp="2016-10-20T14:49:34Z" user="corfede" uid="1960233" lat="40.5935569" lon="17.1228030"/>
 <node id="4456557675" visible="true" version="1" changeset="43034294" timestamp="2016-10-20T14:49:34Z" user="corfede" uid="1960233" lat="40.5935601" lon="17.1231400"/>
 <node id="4456557676" visible="true" version="1" changeset="43034294" timestamp="2016-10-20T14:49:34Z" user="corfede" uid="1960233" lat="40.5935648" lon="17.1223327"/>
 <node id="4456557677" visible="true" version="1" changeset="43034294" timestamp="2016-10-20T14:49:34Z" user="corfede" uid="1960233" lat="40.5935696" lon="17.1221975"/>
 <node id="4456557678" visible="true" version="1" changeset="43034294" timestamp="2016-10-20T14:49:34Z" user="corfede" uid="1960233" lat="40.5935696" lon="17.1225720"/>
 <node id="4456557679" visible="true" version="1" changeset="43034294" timestamp="2016-10-20T14:49:34Z" user="corfede" uid="1960233" lat="40.5935696" lon="17.1232628"/>
 <node id="4456557680" visible="true" version="1" changeset="43034294" timestamp="2016-10-20T14:49:34Z" user="corfede" uid="1960233" lat="40.5935704" lon="17.1200459"/>
 <node id="4456557681" visible="true" version="1" changeset="43034294" timestamp="2016-10-20T14:49:34Z" user="corfede" uid="1960233" lat="40.5935727" lon="17.1234168"/>
 <node id="4456557682" visible="true" version="1" changeset="43034294" timestamp="2016-10-20T14:49:34Z" user="corfede" uid="1960233" lat="40.5935743" lon="17.1229548"/>
 <node id="4456557683" visible="true" version="1" changeset="43034294" timestamp="2016-10-20T14:49:34Z" user="corfede" uid="1960233" lat="40.5935791" lon="17.1224222"/>
 <node id="4456557684" visible="true" version="1" changeset="43034294" timestamp="2016-10-20T14:49:34Z" user="corfede" uid="1960233" lat="40.5936028" lon="17.1196131"/>
 <node id="4456557685" visible="true" version="1" changeset="43034294" timestamp="2016-10-20T14:49:34Z" user="corfede" uid="1960233" lat="40.5936075" lon="17.1235167"/>
 <node id="4456557686" visible="true" version="1" changeset="43034294" timestamp="2016-10-20T14:49:34Z" user="corfede" uid="1960233" lat="40.5936138" lon="17.1199658"/>
 <node id="4456557687" visible="true" version="1" changeset="43034294" timestamp="2016-10-20T14:49:34Z" user="corfede" uid="1960233" lat="40.5936280" lon="17.1219665"/>
 <node id="4456557688" visible="true" version="1" changeset="43034294" timestamp="2016-10-20T14:49:34Z" user="corfede" uid="1960233" lat="40.5936312" lon="17.1208928"/>
 <node id="4456557689" visible="true" version="1" changeset="43034294" timestamp="2016-10-20T14:49:34Z" user="corfede" uid="1960233" lat="40.5936379" lon="17.1184823"/>
 <node id="4456557690" visible="true" version="1" changeset="43034294" timestamp="2016-10-20T14:49:34Z" user="corfede" uid="1960233" lat="40.5936494" lon="17.1196256"/>
 <node id="4456557691" visible="true" version="1" changeset="43034294" timestamp="2016-10-20T14:49:34Z" user="corfede" uid="1960233" lat="40.5936675" lon="17.1211966"/>
 <node id="4456557692" visible="true" version="1" changeset="43034294" timestamp="2016-10-20T14:49:34Z" user="corfede" uid="1960233" lat="40.5936683" lon="17.1199024"/>
 <node id="4456557693" visible="true" version="1" changeset="43034294" timestamp="2016-10-20T14:49:34Z" user="corfede" uid="1960233" lat="40.5936723" lon="17.1209864"/>
 <node id="4456557694" visible="true" version="1" changeset="43034294" timestamp="2016-10-20T14:49:34Z" user="corfede" uid="1960233" lat="40.5936723" lon="17.1235479"/>
 <node id="4456557695" visible="true" version="1" changeset="43034294" timestamp="2016-10-20T14:49:34Z" user="corfede" uid="1960233" lat="40.5936770" lon="17.1210905"/>
 <node id="4456557696" visible="true" version="1" changeset="43034294" timestamp="2016-10-20T14:49:34Z" user="corfede" uid="1960233" lat="40.5936833" lon="17.1218063"/>
 <node id="4456557697" visible="true" version="1" changeset="43034294" timestamp="2016-10-20T14:49:34Z" user="corfede" uid="1960233" lat="40.5937023" lon="17.1212715"/>
 <node id="4456557698" visible="true" version="1" changeset="43034294" timestamp="2016-10-20T14:49:34Z" user="corfede" uid="1960233" lat="40.5937134" lon="17.1197234"/>
 <node id="4456557699" visible="true" version="1" changeset="43034294" timestamp="2016-10-20T14:49:34Z" user="corfede" uid="1960233" lat="40.5937228" lon="17.1197786"/>
 <node id="4456557700" visible="true" version="1" changeset="43034294" timestamp="2016-10-20T14:49:34Z" user="corfede" uid="1960233" lat="40.5937339" lon="17.1217043"/>
 <node id="4456557701" visible="true" version="1" changeset="43034294" timestamp="2016-10-20T14:49:34Z" user="corfede" uid="1960233" lat="40.5937386" lon="17.1213839"/>
 <node id="4456557702" visible="true" version="1" changeset="43034294" timestamp="2016-10-20T14:49:34Z" user="corfede" uid="1960233" lat="40.5937465" lon="17.1215254"/>
 <node id="4456557703" visible="true" version="1" changeset="43034294" timestamp="2016-10-20T14:49:34Z" user="corfede" uid="1960233" lat="40.5937469" lon="17.1185228"/>
 <node id="4456557704" visible="true" version="1" changeset="43034294" timestamp="2016-10-20T14:49:34Z" user="corfede" uid="1960233" lat="40.5938149" lon="17.1185259"/>
 <node id="4456557705" visible="true" version="1" changeset="43034294" timestamp="2016-10-20T14:49:34Z" user="corfede" uid="1960233" lat="40.5938366" lon="17.1236831"/>
 <node id="4456557706" visible="true" version="1" changeset="43034294" timestamp="2016-10-20T14:49:34Z" user="corfede" uid="1960233" lat="40.5939828" lon="17.1230006"/>
 <node id="4456557707" visible="true" version="1" changeset="43034294" timestamp="2016-10-20T14:49:34Z" user="corfede" uid="1960233" lat="40.5939875" lon="17.1231775"/>
 <node id="4456557708" visible="true" version="1" changeset="43034294" timestamp="2016-10-20T14:49:34Z" user="corfede" uid="1960233" lat="40.5939954" lon="17.1227946"/>
 <node id="4456557709" visible="true" version="1" changeset="43034294" timestamp="2016-10-20T14:49:34Z" user="corfede" uid="1960233" lat="40.5939966" lon="17.1188349"/>
 <node id="4456557710" visible="true" version="1" changeset="43034294" timestamp="2016-10-20T14:49:34Z" user="corfede" uid="1960233" lat="40.5940185" lon="17.1187915"/>
 <node id="4456557711" visible="true" version="1" changeset="43034294" timestamp="2016-10-20T14:49:34Z" user="corfede" uid="1960233" lat="40.5940286" lon="17.1232711"/>
 <node id="4456557712" visible="true" version="1" changeset="43034294" timestamp="2016-10-20T14:49:34Z" user="corfede" uid="1960233" lat="40.5940460" lon="17.1225782"/>
 <node id="4456557713" visible="true" version="1" changeset="43034294" timestamp="2016-10-20T14:49:34Z" user="corfede" uid="1960233" lat="40.5940663" lon="17.1189280"/>
 <node id="4456557714" visible="true" version="1" changeset="43034294" timestamp="2016-10-20T14:49:34Z" user="corfede" uid="1960233" lat="40.5940831" lon="17.1238891"/>
 <node id="4456557715" visible="true" version="1" changeset="43034294" timestamp="2016-10-20T14:49:34Z" user="corfede" uid="1960233" lat="40.5940878" lon="17.1221486"/>
 <node id="4456557716" visible="true" version="1" changeset="43034294" timestamp="2016-10-20T14:49:34Z" user="corfede" uid="1960233" lat="40.5940886" lon="17.1233544"/>
 <node id="4456557717" visible="true" version="1" changeset="43034294" timestamp="2016-10-20T14:49:34Z" user="corfede" uid="1960233" lat="40.5940981" lon="17.1222432"/>
 <node id="4456557718" visible="true" version="1" changeset="43034294" timestamp="2016-10-20T14:49:34Z" user="corfede" uid="1960233" lat="40.5941400" lon="17.1220279"/>
 <node id="4456557719" visible="true" version="1" changeset="43034294" timestamp="2016-10-20T14:49:34Z" user="corfede" uid="1960233" lat="40.5941583" lon="17.1190342"/>
 <node id="4456557720" visible="true" version="1" changeset="43034294" timestamp="2016-10-20T14:49:34Z" user="corfede" uid="1960233" lat="40.5941834" lon="17.1219457"/>
 <node id="4456557721" visible="true" version="1" changeset="43034294" timestamp="2016-10-20T14:49:34Z" user="corfede" uid="1960233" lat="40.5942103" lon="17.1189941"/>
 <node id="4456557722" visible="true" version="1" changeset="43034294" timestamp="2016-10-20T14:49:34Z" user="corfede" uid="1960233" lat="40.5942166" lon="17.1234750"/>
 <node id="4456557723" visible="true" version="1" changeset="43034294" timestamp="2016-10-20T14:49:34Z" user="corfede" uid="1960233" lat="40.5942506" lon="17.1218989"/>
 <node id="4456557724" visible="true" version="1" changeset="43034294" timestamp="2016-10-20T14:49:34Z" user="corfede" uid="1960233" lat="40.5942537" lon="17.1240181"/>
 <node id="4456557725" visible="true" version="1" changeset="43034294" timestamp="2016-10-20T14:49:35Z" user="corfede" uid="1960233" lat="40.5942656" lon="17.1204819"/>
 <node id="4456557726" visible="true" version="1" changeset="43034294" timestamp="2016-10-20T14:49:35Z" user="corfede" uid="1960233" lat="40.5942727" lon="17.1190680"/>
 <node id="4456557727" visible="true" version="1" changeset="43034294" timestamp="2016-10-20T14:49:35Z" user="corfede" uid="1960233" lat="40.5942774" lon="17.1190378"/>
 <node id="4456557729" visible="true" version="1" changeset="43034294" timestamp="2016-10-20T14:49:35Z" user="corfede" uid="1960233" lat="40.5943165" lon="17.1217782"/>
 <node id="4456557730" visible="true" version="1" changeset="43034294" timestamp="2016-10-20T14:49:35Z" user="corfede" uid="1960233" lat="40.5943367" lon="17.1207711"/>
 <node id="4456557731" visible="true" version="1" changeset="43034294" timestamp="2016-10-20T14:49:35Z" user="corfede" uid="1960233" lat="40.5943438" lon="17.1191086"/>
 <node id="4456557732" visible="true" version="1" changeset="43034294" timestamp="2016-10-20T14:49:35Z" user="corfede" uid="1960233" lat="40.5943454" lon="17.1204402"/>
 <node id="4456557733" visible="true" version="1" changeset="43034294" timestamp="2016-10-20T14:49:35Z" user="corfede" uid="1960233" lat="40.5943655" lon="17.1215940"/>
 <node id="4456557734" visible="true" version="1" changeset="43034294" timestamp="2016-10-20T14:49:35Z" user="corfede" uid="1960233" lat="40.5943762" lon="17.1203757"/>
 <node id="4456557735" visible="true" version="1" changeset="43034294" timestamp="2016-10-20T14:49:35Z" user="corfede" uid="1960233" lat="40.5943770" lon="17.1241346"/>
 <node id="4456557736" visible="true" version="1" changeset="43034294" timestamp="2016-10-20T14:49:35Z" user="corfede" uid="1960233" lat="40.5943817" lon="17.1208991"/>
 <node id="4456557737" visible="true" version="1" changeset="43034294" timestamp="2016-10-20T14:49:35Z" user="corfede" uid="1960233" lat="40.5944188" lon="17.1237226"/>
 <node id="4456557738" visible="true" version="1" changeset="43034294" timestamp="2016-10-20T14:49:35Z" user="corfede" uid="1960233" lat="40.5944370" lon="17.1209708"/>
 <node id="4456557739" visible="true" version="1" changeset="43034294" timestamp="2016-10-20T14:49:35Z" user="corfede" uid="1960233" lat="40.5944481" lon="17.1203123"/>
 <node id="4456557740" visible="true" version="1" changeset="43034294" timestamp="2016-10-20T14:49:35Z" user="corfede" uid="1960233" lat="40.5944690" lon="17.1213735"/>
 <node id="4456557741" visible="true" version="1" changeset="43034294" timestamp="2016-10-20T14:49:35Z" user="corfede" uid="1960233" lat="40.5944702" lon="17.1242345"/>
 <node id="4456557742" visible="true" version="1" changeset="43034294" timestamp="2016-10-20T14:49:35Z" user="corfede" uid="1960233" lat="40.5944757" lon="17.1191450"/>
 <node id="4456557743" visible="true" version="1" changeset="43034294" timestamp="2016-10-20T14:49:35Z" user="corfede" uid="1960233" lat="40.5944765" lon="17.1211852"/>
 <node id="4456557744" visible="true" version="1" changeset="43034294" timestamp="2016-10-20T14:49:35Z" user="corfede" uid="1960233" lat="40.5944891" lon="17.1210655"/>
 <node id="4456557745" visible="true" version="1" changeset="43034294" timestamp="2016-10-20T14:49:35Z" user="corfede" uid="1960233" lat="40.5945452" lon="17.1202623"/>
 <node id="4456557746" visible="true" version="1" changeset="43034294" timestamp="2016-10-20T14:49:35Z" user="corfede" uid="1960233" lat="40.5945492" lon="17.1243510"/>
 <node id="4456557747" visible="true" version="1" changeset="43034294" timestamp="2016-10-20T14:49:35Z" user="corfede" uid="1960233" lat="40.5945508" lon="17.1191439"/>
 <node id="4456557748" visible="true" version="1" changeset="43034294" timestamp="2016-10-20T14:49:35Z" user="corfede" uid="1960233" lat="40.5945602" lon="17.1190878"/>
 <node id="4456557749" visible="true" version="1" changeset="43034294" timestamp="2016-10-20T14:49:35Z" user="corfede" uid="1960233" lat="40.5945745" lon="17.1201978"/>
 <node id="4456557750" visible="true" version="1" changeset="43034294" timestamp="2016-10-20T14:49:35Z" user="corfede" uid="1960233" lat="40.5945847" lon="17.1239474"/>
 <node id="4456557751" visible="true" version="1" changeset="43034294" timestamp="2016-10-20T14:49:35Z" user="corfede" uid="1960233" lat="40.5945911" lon="17.1201281"/>
 <node id="4456557752" visible="true" version="1" changeset="43034294" timestamp="2016-10-20T14:49:35Z" user="corfede" uid="1960233" lat="40.5946211" lon="17.1190805"/>
 <node id="4456557753" visible="true" version="1" changeset="43034294" timestamp="2016-10-20T14:49:35Z" user="corfede" uid="1960233" lat="40.5946361" lon="17.1201052"/>
 <node id="4456557754" visible="true" version="1" changeset="43034294" timestamp="2016-10-20T14:49:35Z" user="corfede" uid="1960233" lat="40.5946440" lon="17.1246091"/>
 <node id="4456557755" visible="true" version="1" changeset="43034294" timestamp="2016-10-20T14:49:35Z" user="corfede" uid="1960233" lat="40.5946953" lon="17.1189962"/>
 <node id="4456557756" visible="true" version="1" changeset="43034294" timestamp="2016-10-20T14:49:35Z" user="corfede" uid="1960233" lat="40.5947048" lon="17.1241742"/>
 <node id="4456557757" visible="true" version="1" changeset="43034294" timestamp="2016-10-20T14:49:35Z" user="corfede" uid="1960233" lat="40.5947577" lon="17.1250772"/>
 <node id="4456557758" visible="true" version="1" changeset="43034294" timestamp="2016-10-20T14:49:35Z" user="corfede" uid="1960233" lat="40.5947909" lon="17.1189785"/>
 <node id="4456557759" visible="true" version="1" changeset="43034294" timestamp="2016-10-20T14:49:35Z" user="corfede" uid="1960233" lat="40.5948020" lon="17.1200345"/>
 <node id="4456557760" visible="true" version="1" changeset="43034294" timestamp="2016-10-20T14:49:35Z" user="corfede" uid="1960233" lat="40.5948115" lon="17.1252749"/>
 <node id="4456557761" visible="true" version="1" changeset="43034294" timestamp="2016-10-20T14:49:35Z" user="corfede" uid="1960233" lat="40.5948525" lon="17.1189567"/>
 <node id="4456557762" visible="true" version="1" changeset="43034294" timestamp="2016-10-20T14:49:35Z" user="corfede" uid="1960233" lat="40.5948699" lon="17.1255100"/>
 <node id="4456557763" visible="true" version="1" changeset="43034294" timestamp="2016-10-20T14:49:35Z" user="corfede" uid="1960233" lat="40.5949007" lon="17.1189327"/>
 <node id="4456557764" visible="true" version="1" changeset="43034294" timestamp="2016-10-20T14:49:35Z" user="corfede" uid="1960233" lat="40.5949063" lon="17.1247401"/>
 <node id="4456557765" visible="true" version="1" changeset="43034294" timestamp="2016-10-20T14:49:35Z" user="corfede" uid="1960233" lat="40.5949442" lon="17.1260926"/>
 <node id="4456557766" visible="true" version="1" changeset="43034294" timestamp="2016-10-20T14:49:35Z" user="corfede" uid="1960233" lat="40.5949821" lon="17.1261696"/>
 <node id="4456557767" visible="true" version="1" changeset="43034294" timestamp="2016-10-20T14:49:35Z" user="corfede" uid="1960233" lat="40.5950208" lon="17.1200387"/>
 <node id="4456557768" visible="true" version="1" changeset="43034294" timestamp="2016-10-20T14:49:35Z" user="corfede" uid="1960233" lat="40.5950532" lon="17.1252291"/>
 <node id="4456557769" visible="true" version="1" changeset="43034294" timestamp="2016-10-20T14:49:35Z" user="corfede" uid="1960233" lat="40.5950767" lon="17.1189796"/>
 <node id="4456557770" visible="true" version="1" changeset="43034294" timestamp="2016-10-20T14:49:35Z" user="corfede" uid="1960233" lat="40.5950769" lon="17.1262133"/>
 <node id="4456557771" visible="true" version="1" changeset="43034294" timestamp="2016-10-20T14:49:35Z" user="corfede" uid="1960233" lat="40.5950816" lon="17.1199305"/>
 <node id="4456557772" visible="true" version="1" changeset="43034294" timestamp="2016-10-20T14:49:35Z" user="corfede" uid="1960233" lat="40.5951407" lon="17.1190846"/>
 <node id="4456557773" visible="true" version="1" changeset="43034294" timestamp="2016-10-20T14:49:35Z" user="corfede" uid="1960233" lat="40.5951638" lon="17.1262154"/>
 <node id="4456557774" visible="true" version="1" changeset="43034294" timestamp="2016-10-20T14:49:35Z" user="corfede" uid="1960233" lat="40.5951646" lon="17.1198649"/>
 <node id="4456557775" visible="true" version="1" changeset="43034294" timestamp="2016-10-20T14:49:35Z" user="corfede" uid="1960233" lat="40.5952033" lon="17.1255933"/>
 <node id="4456557776" visible="true" version="1" changeset="43034294" timestamp="2016-10-20T14:49:35Z" user="corfede" uid="1960233" lat="40.5952096" lon="17.1261717"/>
 <node id="4456557777" visible="true" version="1" changeset="43034294" timestamp="2016-10-20T14:49:35Z" user="corfede" uid="1960233" lat="40.5952181" lon="17.1190859"/>
 <node id="4456557778" visible="true" version="1" changeset="43034294" timestamp="2016-10-20T14:49:35Z" user="corfede" uid="1960233" lat="40.5952428" lon="17.1261114"/>
 <node id="4456557779" visible="true" version="1" changeset="43034294" timestamp="2016-10-20T14:49:35Z" user="corfede" uid="1960233" lat="40.5952562" lon="17.1198524"/>
 <node id="4456557780" visible="true" version="1" changeset="43034294" timestamp="2016-10-20T14:49:35Z" user="corfede" uid="1960233" lat="40.5952586" lon="17.1259366"/>
 <node id="4456557781" visible="true" version="1" changeset="43034294" timestamp="2016-10-20T14:49:35Z" user="corfede" uid="1960233" lat="40.5952926" lon="17.1191002"/>
 <node id="4456557782" visible="true" version="1" changeset="43034294" timestamp="2016-10-20T14:49:35Z" user="corfede" uid="1960233" lat="40.5953084" lon="17.1198264"/>
 <node id="4456557783" visible="true" version="1" changeset="43034294" timestamp="2016-10-20T14:49:35Z" user="corfede" uid="1960233" lat="40.5953234" lon="17.1198035"/>
 <node id="4456557784" visible="true" version="1" changeset="43034294" timestamp="2016-10-20T14:49:35Z" user="corfede" uid="1960233" lat="40.5953613" lon="17.1198046"/>
 <node id="4456557785" visible="true" version="1" changeset="43034294" timestamp="2016-10-20T14:49:35Z" user="corfede" uid="1960233" lat="40.5953961" lon="17.1197671"/>
 <node id="4456557786" visible="true" version="1" changeset="43034294" timestamp="2016-10-20T14:49:35Z" user="corfede" uid="1960233" lat="40.5954134" lon="17.1196922"/>
 <node id="4456557787" visible="true" version="1" changeset="43034294" timestamp="2016-10-20T14:49:35Z" user="corfede" uid="1960233" lat="40.5954205" lon="17.1196464"/>
 <node id="4456557788" visible="true" version="1" changeset="43034294" timestamp="2016-10-20T14:49:35Z" user="corfede" uid="1960233" lat="40.5954569" lon="17.1195986"/>
 <node id="4456557989" visible="true" version="1" changeset="43034294" timestamp="2016-10-20T14:49:35Z" user="corfede" uid="1960233" lat="40.5954909" lon="17.1195788"/>
 <node id="4456557990" visible="true" version="1" changeset="43034294" timestamp="2016-10-20T14:49:35Z" user="corfede" uid="1960233" lat="40.5955043" lon="17.1192376"/>
 <node id="4456557991" visible="true" version="1" changeset="43034294" timestamp="2016-10-20T14:49:35Z" user="corfede" uid="1960233" lat="40.5955209" lon="17.1193062"/>
 <node id="4456557992" visible="true" version="1" changeset="43034294" timestamp="2016-10-20T14:49:35Z" user="corfede" uid="1960233" lat="40.5955209" lon="17.1194342"/>
 <node id="4457811422" visible="true" version="1" changeset="43058091" timestamp="2016-10-21T12:17:24Z" user="Mfran22" uid="2783442" lat="40.5951181" lon="17.1260935"/>
 <node id="4457811423" visible="true" version="1" changeset="43058091" timestamp="2016-10-21T12:17:24Z" user="Mfran22" uid="2783442" lat="40.5950366" lon="17.1256498"/>
 <node id="4457811424" visible="true" version="1" changeset="43058091" timestamp="2016-10-21T12:17:24Z" user="Mfran22" uid="2783442" lat="40.5948274" lon="17.1250053"/>
 <node id="4457811425" visible="true" version="1" changeset="43058091" timestamp="2016-10-21T12:17:24Z" user="Mfran22" uid="2783442" lat="40.5946323" lon="17.1244216"/>
 <node id="4457811426" visible="true" version="1" changeset="43058091" timestamp="2016-10-21T12:17:24Z" user="Mfran22" uid="2783442" lat="40.5945508" lon="17.1240994"/>
 <node id="4457811427" visible="true" version="1" changeset="43058091" timestamp="2016-10-21T12:17:24Z" user="Mfran22" uid="2783442" lat="40.5944231" lon="17.1238519"/>
 <node id="4457811428" visible="true" version="1" changeset="43058091" timestamp="2016-10-21T12:17:24Z" user="Mfran22" uid="2783442" lat="40.5942103" lon="17.1237164"/>
 <node id="4457811429" visible="true" version="1" changeset="43058091" timestamp="2016-10-21T12:17:25Z" user="Mfran22" uid="2783442" lat="40.5940188" lon="17.1236137"/>
 <node id="4457811430" visible="true" version="1" changeset="43058091" timestamp="2016-10-21T12:17:25Z" user="Mfran22" uid="2783442" lat="40.5938557" lon="17.1235530"/>
 <node id="4457811431" visible="true" version="1" changeset="43058091" timestamp="2016-10-21T12:17:25Z" user="Mfran22" uid="2783442" lat="40.5937777" lon="17.1233475"/>
 <node id="4457811432" visible="true" version="1" changeset="43058091" timestamp="2016-10-21T12:17:25Z" user="Mfran22" uid="2783442" lat="40.5937848" lon="17.1230580"/>
 <node id="4457811433" visible="true" version="1" changeset="43058091" timestamp="2016-10-21T12:17:25Z" user="Mfran22" uid="2783442" lat="40.5937777" lon="17.1223855"/>
 <node id="4457811434" visible="true" version="1" changeset="43058091" timestamp="2016-10-21T12:17:25Z" user="Mfran22" uid="2783442" lat="40.5938415" lon="17.1220773"/>
 <node id="4457811435" visible="true" version="1" changeset="43058091" timestamp="2016-10-21T12:17:25Z" user="Mfran22" uid="2783442" lat="40.5940295" lon="17.1217550"/>
 <node id="4457811436" visible="true" version="1" changeset="43058091" timestamp="2016-10-21T12:17:25Z" user="Mfran22" uid="2783442" lat="40.5941252" lon="17.1213534"/>
 <node id="4457811437" visible="true" version="1" changeset="43058091" timestamp="2016-10-21T12:17:25Z" user="Mfran22" uid="2783442" lat="40.5940933" lon="17.1208724"/>
 <node id="4457811438" visible="true" version="1" changeset="43058091" timestamp="2016-10-21T12:17:25Z" user="Mfran22" uid="2783442" lat="40.5939515" lon="17.1205969"/>
 <node id="4457811439" visible="true" version="1" changeset="43058091" timestamp="2016-10-21T12:17:25Z" user="Mfran22" uid="2783442" lat="40.5938770" lon="17.1203167"/>
 <node id="4457811440" visible="true" version="1" changeset="43058091" timestamp="2016-10-21T12:17:25Z" user="Mfran22" uid="2783442" lat="40.5938947" lon="17.1201532"/>
 <node id="4457811441" visible="true" version="1" changeset="43058091" timestamp="2016-10-21T12:17:25Z" user="Mfran22" uid="2783442" lat="40.5940224" lon="17.1200598"/>
 <node id="4457811442" visible="true" version="1" changeset="43058091" timestamp="2016-10-21T12:17:25Z" user="Mfran22" uid="2783442" lat="40.5942848" lon="17.1198637"/>
 <node id="4457811443" visible="true" version="1" changeset="43058091" timestamp="2016-10-21T12:17:25Z" user="Mfran22" uid="2783442" lat="40.5943983" lon="17.1196909"/>
 <node id="4457811444" visible="true" version="1" changeset="43058091" timestamp="2016-10-21T12:17:25Z" user="Mfran22" uid="2783442" lat="40.5943274" lon="17.1195414"/>
 <node id="4457811445" visible="true" version="1" changeset="43058091" timestamp="2016-10-21T12:17:25Z" user="Mfran22" uid="2783442" lat="40.5942032" lon="17.1194480"/>
 <node id="4457811446" visible="true" version="1" changeset="43058091" timestamp="2016-10-21T12:17:25Z" user="Mfran22" uid="2783442" lat="40.5938557" lon="17.1192332"/>
 <node id="4457811447" visible="true" version="1" changeset="43058091" timestamp="2016-10-21T12:17:25Z" user="Mfran22" uid="2783442" lat="40.5935933" lon="17.1190324"/>
 <node id="4457811448" visible="true" version="1" changeset="43058091" timestamp="2016-10-21T12:17:25Z" user="Mfran22" uid="2783442" lat="40.5934125" lon="17.1187989"/>
 <node id="4457811449" visible="true" version="1" changeset="43058091" timestamp="2016-10-21T12:17:25Z" user="Mfran22" uid="2783442" lat="40.5933132" lon="17.1185888"/>
 <node id="4457811450" visible="true" version="1" changeset="43058091" timestamp="2016-10-21T12:17:25Z" user="Mfran22" uid="2783442" lat="40.5932387" lon="17.1184814"/>
 <node id="4457811451" visible="true" version="1" changeset="43058091" timestamp="2016-10-21T12:17:25Z" user="Mfran22" uid="2783442" lat="40.5930720" lon="17.1184860"/>
 <node id="4457811452" visible="true" version="1" changeset="43058091" timestamp="2016-10-21T12:17:25Z" user="Mfran22" uid="2783442" lat="40.5929479" lon="17.1183553"/>
 <node id="4457811453" visible="true" version="1" changeset="43058091" timestamp="2016-10-21T12:17:25Z" user="Mfran22" uid="2783442" lat="40.5928132" lon="17.1181918"/>
 <node id="4457811454" visible="true" version="1" changeset="43058091" timestamp="2016-10-21T12:17:25Z" user="Mfran22" uid="2783442" lat="40.5926713" lon="17.1180144"/>
 <node id="4457811455" visible="true" version="1" changeset="43058091" timestamp="2016-10-21T12:17:25Z" user="Mfran22" uid="2783442" lat="40.5925472" lon="17.1179256"/>
 <node id="4457811456" visible="true" version="1" changeset="43058091" timestamp="2016-10-21T12:17:25Z" user="Mfran22" uid="2783442" lat="40.5923557" lon="17.1179863"/>
 <node id="4457811457" visible="true" version="1" changeset="43058091" timestamp="2016-10-21T12:17:25Z" user="Mfran22" uid="2783442" lat="40.5922493" lon="17.1179630"/>
 <node id="4457811458" visible="true" version="1" changeset="43058091" timestamp="2016-10-21T12:17:25Z" user="Mfran22" uid="2783442" lat="40.5921642" lon="17.1178369"/>
 <node id="4457811459" visible="true" version="1" changeset="43058091" timestamp="2016-10-21T12:17:25Z" user="Mfran22" uid="2783442" lat="40.5921146" lon="17.1176875"/>
 <node id="4457811460" visible="true" version="1" changeset="43058091" timestamp="2016-10-21T12:17:25Z" user="Mfran22" uid="2783442" lat="40.5920436" lon="17.1174726"/>
 <node id="4457811461" visible="true" version="1" changeset="43058091" timestamp="2016-10-21T12:17:25Z" user="Mfran22" uid="2783442" lat="40.5919124" lon="17.1173839"/>
 <node id="4457811462" visible="true" version="1" changeset="43058091" timestamp="2016-10-21T12:17:25Z" user="Mfran22" uid="2783442" lat="40.5916606" lon="17.1172158"/>
 <node id="4457811463" visible="true" version="1" changeset="43058091" timestamp="2016-10-21T12:17:25Z" user="Mfran22" uid="2783442" lat="40.5912280" lon="17.1168655"/>
 <node id="4457811464" visible="true" version="1" changeset="43058091" timestamp="2016-10-21T12:17:25Z" user="Mfran22" uid="2783442" lat="40.5909337" lon="17.1165573"/>
 <node id="4457811465" visible="true" version="1" changeset="43058091" timestamp="2016-10-21T12:17:25Z" user="Mfran22" uid="2783442" lat="40.5908450" lon="17.1163051"/>
 <node id="4457811466" visible="true" version="1" changeset="43058091" timestamp="2016-10-21T12:17:25Z" user="Mfran22" uid="2783442" lat="40.5908095" lon="17.1160296"/>
 <node id="4457811467" visible="true" version="1" changeset="43058091" timestamp="2016-10-21T12:17:25Z" user="Mfran22" uid="2783442" lat="40.5908060" lon="17.1157821"/>
 <node id="4457811468" visible="true" version="1" changeset="43058091" timestamp="2016-10-21T12:17:25Z" user="Mfran22" uid="2783442" lat="40.5907457" lon="17.1156467"/>
 <node id="4457811469" visible="true" version="1" changeset="43058091" timestamp="2016-10-21T12:17:25Z" user="Mfran22" uid="2783442" lat="40.5906287" lon="17.1155533"/>
 <node id="4457811470" visible="true" version="1" changeset="43058091" timestamp="2016-10-21T12:17:25Z" user="Mfran22" uid="2783442" lat="40.5903946" lon="17.1155579"/>
 <node id="4457811471" visible="true" version="1" changeset="43058091" timestamp="2016-10-21T12:17:25Z" user="Mfran22" uid="2783442" lat="40.5901854" lon="17.1155066"/>
 <node id="4457811472" visible="true" version="1" changeset="43058091" timestamp="2016-10-21T12:17:25Z" user="Mfran22" uid="2783442" lat="40.5900223" lon="17.1153384"/>
 <node id="4457811473" visible="true" version="1" changeset="43058091" timestamp="2016-10-21T12:17:25Z" user="Mfran22" uid="2783442" lat="40.5897988" lon="17.1150489"/>
 <node id="4457811474" visible="true" version="1" changeset="43058091" timestamp="2016-10-21T12:17:25Z" user="Mfran22" uid="2783442" lat="40.5895541" lon="17.1145866"/>
 <node id="4457811475" visible="true" version="1" changeset="43058091" timestamp="2016-10-21T12:17:25Z" user="Mfran22" uid="2783442" lat="40.5889513" lon="17.1138907"/>
 <node id="4457811476" visible="true" version="1" changeset="43058091" timestamp="2016-10-21T12:17:25Z" user="Mfran22" uid="2783442" lat="40.5942830" lon="17.1204246"/>
 <node id="4457811477" visible="true" version="1" changeset="43058091" timestamp="2016-10-21T12:17:25Z" user="Mfran22" uid="2783442" lat="40.5939976" lon="17.1202519"/>
 <node id="4457811478" visible="true" version="1" changeset="43058091" timestamp="2016-10-21T12:17:25Z" user="Mfran22" uid="2783442" lat="40.5939231" lon="17.1202799"/>
 <node id="4457811479" visible="true" version="1" changeset="43058091" timestamp="2016-10-21T12:17:25Z" user="Mfran22" uid="2783442" lat="40.5939941" lon="17.1205881"/>
 <node id="4457811480" visible="true" version="1" changeset="43058091" timestamp="2016-10-21T12:17:25Z" user="Mfran22" uid="2783442" lat="40.5941075" lon="17.1207469"/>
 <node id="4457811481" visible="true" version="1" changeset="43058091" timestamp="2016-10-21T12:17:25Z" user="Mfran22" uid="2783442" lat="40.5941749" lon="17.1210504"/>
 <node id="4457811482" visible="true" version="1" changeset="43058091" timestamp="2016-10-21T12:17:25Z" user="Mfran22" uid="2783442" lat="40.5941749" lon="17.1214754"/>
 <node id="4457811484" visible="true" version="1" changeset="43058091" timestamp="2016-10-21T12:17:25Z" user="Mfran22" uid="2783442" lat="40.5943593" lon="17.1210785"/>
 <node id="4457811486" visible="true" version="1" changeset="43058091" timestamp="2016-10-21T12:17:25Z" user="Mfran22" uid="2783442" lat="40.5943061" lon="17.1194159"/>
 <node id="4457811589" visible="true" version="1" changeset="43058091" timestamp="2016-10-21T12:17:25Z" user="Mfran22" uid="2783442" lat="40.5934231" lon="17.1187668"/>
 <node id="4457811590" visible="true" version="1" changeset="43058091" timestamp="2016-10-21T12:17:25Z" user="Mfran22" uid="2783442" lat="40.5933451" lon="17.1184913"/>
 <node id="4457811591" visible="true" version="1" changeset="43058091" timestamp="2016-10-21T12:17:25Z" user="Mfran22" uid="2783442" lat="40.5934976" lon="17.1187388"/>
 <node id="4457811592" visible="true" version="1" changeset="43058091" timestamp="2016-10-21T12:17:25Z" user="Mfran22" uid="2783442" lat="40.5936962" lon="17.1187295"/>
 <node id="4457811594" visible="true" version="1" changeset="43058091" timestamp="2016-10-21T12:17:25Z" user="Mfran22" uid="2783442" lat="40.5943699" lon="17.1192478"/>
 <node id="4457811595" visible="true" version="1" changeset="43058091" timestamp="2016-10-21T12:17:25Z" user="Mfran22" uid="2783442" lat="40.5929515" lon="17.1181737"/>
 <node id="4457811596" visible="true" version="1" changeset="43058091" timestamp="2016-10-21T12:17:25Z" user="Mfran22" uid="2783442" lat="40.5930118" lon="17.1182951"/>
 <node id="4457811597" visible="true" version="1" changeset="43058091" timestamp="2016-10-21T12:17:25Z" user="Mfran22" uid="2783442" lat="40.5931040" lon="17.1183699"/>
 <node id="4457811598" visible="true" version="1" changeset="43058091" timestamp="2016-10-21T12:17:26Z" user="Mfran22" uid="2783442" lat="40.5931784" lon="17.1183839"/>
 <node id="4457811599" visible="true" version="1" changeset="43058091" timestamp="2016-10-21T12:17:26Z" user="Mfran22" uid="2783442" lat="40.5925610" lon="17.1176102"/>
 <node id="4457811600" visible="true" version="1" changeset="43058091" timestamp="2016-10-21T12:17:26Z" user="Mfran22" uid="2783442" lat="40.5924976" lon="17.1177674"/>
 <node id="4457811601" visible="true" version="1" changeset="43058091" timestamp="2016-10-21T12:17:26Z" user="Mfran22" uid="2783442" lat="40.5923628" lon="17.1178048"/>
 <node id="4457811602" visible="true" version="1" changeset="43058091" timestamp="2016-10-21T12:17:26Z" user="Mfran22" uid="2783442" lat="40.5922671" lon="17.1178095"/>
 <node id="4457811603" visible="true" version="1" changeset="43058091" timestamp="2016-10-21T12:17:26Z" user="Mfran22" uid="2783442" lat="40.5921926" lon="17.1176740"/>
 <node id="4457811604" visible="true" version="1" changeset="43058091" timestamp="2016-10-21T12:17:26Z" user="Mfran22" uid="2783442" lat="40.5921713" lon="17.1175153"/>
 <node id="4457811605" visible="true" version="1" changeset="43058091" timestamp="2016-10-21T12:17:26Z" user="Mfran22" uid="2783442" lat="40.5920862" lon="17.1174172"/>
 <node id="4457811606" visible="true" version="1" changeset="43058091" timestamp="2016-10-21T12:17:26Z" user="Mfran22" uid="2783442" lat="40.5920437" lon="17.1173892"/>
 <node id="4457811607" visible="true" version="1" changeset="43058091" timestamp="2016-10-21T12:17:26Z" user="Mfran22" uid="2783442" lat="40.5921323" lon="17.1173378"/>
 <node id="4457811608" visible="true" version="1" changeset="43058091" timestamp="2016-10-21T12:17:26Z" user="Mfran22" uid="2783442" lat="40.5922381" lon="17.1172808"/>
 <node id="4457811609" visible="true" version="1" changeset="43058091" timestamp="2016-10-21T12:17:26Z" user="Mfran22" uid="2783442" lat="40.5924192" lon="17.1174411"/>
 <node id="4457811610" visible="true" version="1" changeset="43058091" timestamp="2016-10-21T12:17:26Z" user="Mfran22" uid="2783442" lat="40.5902960" lon="17.1153190"/>
 <node id="4457811611" visible="true" version="1" changeset="43058091" timestamp="2016-10-21T12:17:26Z" user="Mfran22" uid="2783442" lat="40.5902993" lon="17.1154638"/>
 <node id="4457811612" visible="true" version="1" changeset="43058091" timestamp="2016-10-21T12:17:26Z" user="Mfran22" uid="2783442" lat="40.5904057" lon="17.1154500"/>
 <node id="4457811613" visible="true" version="1" changeset="43058091" timestamp="2016-10-21T12:17:26Z" user="Mfran22" uid="2783442" lat="40.5905831" lon="17.1154271"/>
 <node id="4457811614" visible="true" version="1" changeset="43058091" timestamp="2016-10-21T12:17:26Z" user="Mfran22" uid="2783442" lat="40.5907283" lon="17.1155301"/>
 <node id="4457811615" visible="true" version="1" changeset="43058091" timestamp="2016-10-21T12:17:26Z" user="Mfran22" uid="2783442" lat="40.5907743" lon="17.1156143"/>
 <node id="4457811616" visible="true" version="1" changeset="43058091" timestamp="2016-10-21T12:17:26Z" user="Mfran22" uid="2783442" lat="40.5908984" lon="17.1156612"/>
 <node id="4457811617" visible="true" version="1" changeset="43058091" timestamp="2016-10-21T12:17:26Z" user="Mfran22" uid="2783442" lat="40.5908911" lon="17.1158620"/>
 <node id="4457811618" visible="true" version="1" changeset="43058091" timestamp="2016-10-21T12:17:26Z" user="Mfran22" uid="2783442" lat="40.5909296" lon="17.1162264"/>
 <node id="4457811619" visible="true" version="1" changeset="43058091" timestamp="2016-10-21T12:17:26Z" user="Mfran22" uid="2783442" lat="40.5911985" lon="17.1167033"/>
 <node id="4457811620" visible="true" version="1" changeset="43058091" timestamp="2016-10-21T12:17:26Z" user="Mfran22" uid="2783442" lat="40.5912872" lon="17.1167268"/>
 <node id="4457811621" visible="true" version="1" changeset="43058091" timestamp="2016-10-21T12:17:26Z" user="Mfran22" uid="2783442" lat="40.5910784" lon="17.1163341"/>
 <node id="4457811622" visible="true" version="1" changeset="43058091" timestamp="2016-10-21T12:17:26Z" user="Mfran22" uid="2783442" lat="40.5911215" lon="17.1159513"/>
 <node id="4457811623" visible="true" version="1" changeset="43058091" timestamp="2016-10-21T12:17:26Z" user="Mfran22" uid="2783442" lat="40.5911643" lon="17.1157412"/>
 <node id="4457811624" visible="true" version="1" changeset="43058091" timestamp="2016-10-21T12:17:26Z" user="Mfran22" uid="2783442" lat="40.5911148" lon="17.1156103"/>
 <node id="4457811625" visible="true" version="2" changeset="43059878" timestamp="2016-10-21T13:36:14Z" user="Mfran22" uid="2783442" lat="40.5909364" lon="17.1153524"/>
 <node id="4457811626" visible="true" version="2" changeset="43059878" timestamp="2016-10-21T13:36:14Z" user="Mfran22" uid="2783442" lat="40.5907968" lon="17.1153326"/>
 <node id="4457811627" visible="true" version="1" changeset="43058091" timestamp="2016-10-21T12:17:26Z" user="Mfran22" uid="2783442" lat="40.5906789" lon="17.1153339"/>
 <node id="4457811628" visible="true" version="1" changeset="43058091" timestamp="2016-10-21T12:17:26Z" user="Mfran22" uid="2783442" lat="40.5950969" lon="17.1255803"/>
 <node id="4457811629" visible="true" version="1" changeset="43058091" timestamp="2016-10-21T12:17:26Z" user="Mfran22" uid="2783442" lat="40.5949550" lon="17.1251180"/>
 <node id="4457811630" visible="true" version="1" changeset="43058091" timestamp="2016-10-21T12:17:26Z" user="Mfran22" uid="2783442" lat="40.5947671" lon="17.1247304"/>
 <node id="4457811631" visible="true" version="1" changeset="43058091" timestamp="2016-10-21T12:17:26Z" user="Mfran22" uid="2783442" lat="40.5946465" lon="17.1242401"/>
 <node id="4457811632" visible="true" version="1" changeset="43058091" timestamp="2016-10-21T12:17:26Z" user="Mfran22" uid="2783442" lat="40.5943593" lon="17.1238758"/>
 <node id="4457811633" visible="true" version="1" changeset="43058091" timestamp="2016-10-21T12:17:26Z" user="Mfran22" uid="2783442" lat="40.5940331" lon="17.1235162"/>
 <node id="4457811634" visible="true" version="1" changeset="43058091" timestamp="2016-10-21T12:17:26Z" user="Mfran22" uid="2783442" lat="40.5939373" lon="17.1230165"/>
 <node id="4457811635" visible="true" version="1" changeset="43058091" timestamp="2016-10-21T12:17:26Z" user="Mfran22" uid="2783442" lat="40.5940721" lon="17.1225262"/>
 <node id="4457811636" visible="true" version="1" changeset="43058091" timestamp="2016-10-21T12:17:26Z" user="Mfran22" uid="2783442" lat="40.5946761" lon="17.1200882"/>
 <node id="4457811637" visible="true" version="1" changeset="43058091" timestamp="2016-10-21T12:17:26Z" user="Mfran22" uid="2783442" lat="40.5954409" lon="17.1197709"/>
 <node id="4457811638" visible="true" version="1" changeset="43058091" timestamp="2016-10-21T12:17:26Z" user="Mfran22" uid="2783442" lat="40.5953416" lon="17.1192338"/>
 <node id="4457811639" visible="true" version="1" changeset="43058091" timestamp="2016-10-21T12:17:26Z" user="Mfran22" uid="2783442" lat="40.5951714" lon="17.1192572"/>
 <node id="4457811640" visible="true" version="1" changeset="43058091" timestamp="2016-10-21T12:17:26Z" user="Mfran22" uid="2783442" lat="40.5949125" lon="17.1193459"/>
 <node id="4457811641" visible="true" version="1" changeset="43058091" timestamp="2016-10-21T12:17:26Z" user="Mfran22" uid="2783442" lat="40.5948877" lon="17.1192618"/>
 <node id="4457811642" visible="true" version="1" changeset="43058091" timestamp="2016-10-21T12:17:26Z" user="Mfran22" uid="2783442" lat="40.5949657" lon="17.1192105"/>
 <node id="4457811643" visible="true" version="1" changeset="43058091" timestamp="2016-10-21T12:17:26Z" user="Mfran22" uid="2783442" lat="40.5949373" lon="17.1191031"/>
 <node id="4457811644" visible="true" version="1" changeset="43058091" timestamp="2016-10-21T12:17:26Z" user="Mfran22" uid="2783442" lat="40.5948629" lon="17.1191404"/>
 <node id="4457811645" visible="true" version="1" changeset="43058091" timestamp="2016-10-21T12:17:26Z" user="Mfran22" uid="2783442" lat="40.5945933" lon="17.1192011"/>
 <node id="4457811646" visible="true" version="1" changeset="43058091" timestamp="2016-10-21T12:17:26Z" user="Mfran22" uid="2783442" lat="40.5929940" lon="17.1179029"/>
 <node id="4457811647" visible="true" version="1" changeset="43058091" timestamp="2016-10-21T12:17:26Z" user="Mfran22" uid="2783442" lat="40.5928735" lon="17.1179075"/>
 <node id="4457811648" visible="true" version="1" changeset="43058091" timestamp="2016-10-21T12:17:26Z" user="Mfran22" uid="2783442" lat="40.5928593" lon="17.1179963"/>
 <node id="4457811649" visible="true" version="1" changeset="43058091" timestamp="2016-10-21T12:17:26Z" user="Mfran22" uid="2783442" lat="40.5928309" lon="17.1180757"/>
 <node id="4457811650" visible="true" version="1" changeset="43058091" timestamp="2016-10-21T12:17:26Z" user="Mfran22" uid="2783442" lat="40.5927245" lon="17.1180383"/>
 <node id="4457811651" visible="true" version="1" changeset="43058091" timestamp="2016-10-21T12:17:26Z" user="Mfran22" uid="2783442" lat="40.5927565" lon="17.1178842"/>
 <node id="4457811652" visible="true" version="1" changeset="43058091" timestamp="2016-10-21T12:17:26Z" user="Mfran22" uid="2783442" lat="40.5927706" lon="17.1178281"/>
 <node id="4457811653" visible="true" version="1" changeset="43058091" timestamp="2016-10-21T12:17:26Z" user="Mfran22" uid="2783442" lat="40.5927660" lon="17.1176927"/>
 <node id="4457811654" visible="true" version="1" changeset="43058091" timestamp="2016-10-21T12:17:26Z" user="Mfran22" uid="2783442" lat="40.5917742" lon="17.1170109"/>
 <node id="4457811655" visible="true" version="1" changeset="43058091" timestamp="2016-10-21T12:17:26Z" user="Mfran22" uid="2783442" lat="40.5916784" lon="17.1169268"/>
 <node id="4457811656" visible="true" version="1" changeset="43058091" timestamp="2016-10-21T12:17:26Z" user="Mfran22" uid="2783442" lat="40.5916945" lon="17.1168112"/>
 <node id="4457811657" visible="true" version="1" changeset="43058091" timestamp="2016-10-21T12:17:26Z" user="Mfran22" uid="2783442" lat="40.5915311" lon="17.1165954"/>
 <node id="4457811658" visible="true" version="1" changeset="43058091" timestamp="2016-10-21T12:17:26Z" user="Mfran22" uid="2783442" lat="40.5913262" lon="17.1174036"/>
 <node id="4457811659" visible="true" version="1" changeset="43058091" timestamp="2016-10-21T12:17:26Z" user="Mfran22" uid="2783442" lat="40.5915214" lon="17.1175158"/>
 <node id="4457811660" visible="true" version="1" changeset="43058091" timestamp="2016-10-21T12:17:26Z" user="Mfran22" uid="2783442" lat="40.5919621" lon="17.1176647"/>
 <node id="4457811661" visible="true" version="1" changeset="43058091" timestamp="2016-10-21T12:17:26Z" user="Mfran22" uid="2783442" lat="40.5923132" lon="17.1183932"/>
 <node id="4457811662" visible="true" version="1" changeset="43058091" timestamp="2016-10-21T12:17:26Z" user="Mfran22" uid="2783442" lat="40.5924515" lon="17.1183885"/>
 <node id="4457811663" visible="true" version="1" changeset="43058091" timestamp="2016-10-21T12:17:26Z" user="Mfran22" uid="2783442" lat="40.5926430" lon="17.1184866"/>
 <node id="4457811664" visible="true" version="1" changeset="43058091" timestamp="2016-10-21T12:17:26Z" user="Mfran22" uid="2783442" lat="40.5927635" lon="17.1186174"/>
 <node id="4457811665" visible="true" version="1" changeset="43058091" timestamp="2016-10-21T12:17:26Z" user="Mfran22" uid="2783442" lat="40.5928132" lon="17.1186828"/>
 <node id="4457811666" visible="true" version="1" changeset="43058091" timestamp="2016-10-21T12:17:26Z" user="Mfran22" uid="2783442" lat="40.5929231" lon="17.1186968"/>
 <node id="4457811667" visible="true" version="1" changeset="43058091" timestamp="2016-10-21T12:17:26Z" user="Mfran22" uid="2783442" lat="40.5930721" lon="17.1187528"/>
 <node id="4457811668" visible="true" version="1" changeset="43058091" timestamp="2016-10-21T12:17:26Z" user="Mfran22" uid="2783442" lat="40.5931607" lon="17.1188322"/>
 <node id="4457811669" visible="true" version="1" changeset="43058091" timestamp="2016-10-21T12:17:26Z" user="Mfran22" uid="2783442" lat="40.5932139" lon="17.1189723"/>
 <node id="4457811670" visible="true" version="1" changeset="43058091" timestamp="2016-10-21T12:17:26Z" user="Mfran22" uid="2783442" lat="40.5931598" lon="17.1191641"/>
 <node id="4457811671" visible="true" version="1" changeset="43058091" timestamp="2016-10-21T12:17:26Z" user="Mfran22" uid="2783442" lat="40.5938558" lon="17.1196027"/>
 <node id="4457811672" visible="true" version="1" changeset="43058091" timestamp="2016-10-21T12:17:26Z" user="Mfran22" uid="2783442" lat="40.5939480" lon="17.1197008"/>
 <node id="4457811673" visible="true" version="1" changeset="43058091" timestamp="2016-10-21T12:17:26Z" user="Mfran22" uid="2783442" lat="40.5939267" lon="17.1198362"/>
 <node id="4457811674" visible="true" version="1" changeset="43058091" timestamp="2016-10-21T12:17:26Z" user="Mfran22" uid="2783442" lat="40.5938522" lon="17.1198923"/>
 <node id="4457811675" visible="true" version="1" changeset="43058091" timestamp="2016-10-21T12:17:26Z" user="Mfran22" uid="2783442" lat="40.5937848" lon="17.1198689"/>
 <node id="4457811676" visible="true" version="1" changeset="43058091" timestamp="2016-10-21T12:17:26Z" user="Mfran22" uid="2783442" lat="40.5936852" lon="17.1198640"/>
 <node id="4457811677" visible="true" version="1" changeset="43058091" timestamp="2016-10-21T12:17:26Z" user="Mfran22" uid="2783442" lat="40.5927678" lon="17.1177445"/>
 <node id="4457811678" visible="true" version="1" changeset="43058091" timestamp="2016-10-21T12:17:26Z" user="Mfran22" uid="2783442" lat="40.5927552" lon="17.1180491"/>
 <node id="4457811679" visible="true" version="1" changeset="43058091" timestamp="2016-10-21T12:17:26Z" user="Mfran22" uid="2783442" lat="40.5947753" lon="17.1191601"/>
 <node id="4457811680" visible="true" version="1" changeset="43058091" timestamp="2016-10-21T12:17:26Z" user="Mfran22" uid="2783442" lat="40.5952195" lon="17.1192506"/>
 <node id="4457811681" visible="true" version="1" changeset="43058091" timestamp="2016-10-21T12:17:26Z" user="Mfran22" uid="2783442" lat="40.5945320" lon="17.1238760"/>
 <node id="4457879594" visible="true" version="1" changeset="43059878" timestamp="2016-10-21T13:36:13Z" user="Mfran22" uid="2783442" lat="40.5885147" lon="17.1133750"/>
 <node id="4457879595" visible="true" version="1" changeset="43059878" timestamp="2016-10-21T13:36:13Z" user="Mfran22" uid="2783442" lat="40.5882739" lon="17.1132368"/>
 <node id="4457879596" visible="true" version="1" changeset="43059878" timestamp="2016-10-21T13:36:13Z" user="Mfran22" uid="2783442" lat="40.5877058" lon="17.1129034"/>
 <node id="4457879597" visible="true" version="1" changeset="43059878" timestamp="2016-10-21T13:36:13Z" user="Mfran22" uid="2783442" lat="40.5873539" lon="17.1126026"/>
 <node id="4457879598" visible="true" version="1" changeset="43059878" timestamp="2016-10-21T13:36:13Z" user="Mfran22" uid="2783442" lat="40.5868969" lon="17.1119846"/>
 <node id="4457879599" visible="true" version="1" changeset="43059878" timestamp="2016-10-21T13:36:13Z" user="Mfran22" uid="2783442" lat="40.5861807" lon="17.1113341"/>
 <node id="4457879600" visible="true" version="2" changeset="58029854" timestamp="2018-04-12T09:20:09Z" user="DodoIt" uid="7974909" lat="40.5858490" lon="17.1107923"/>
 <node id="4457879610" visible="true" version="1" changeset="43059878" timestamp="2016-10-21T13:36:13Z" user="Mfran22" uid="2783442" lat="40.5905148" lon="17.1162612"/>
 <node id="4457879611" visible="true" version="1" changeset="43059878" timestamp="2016-10-21T13:36:13Z" user="Mfran22" uid="2783442" lat="40.5896019" lon="17.1153726"/>
 <node id="4457879612" visible="true" version="1" changeset="43059878" timestamp="2016-10-21T13:36:13Z" user="Mfran22" uid="2783442" lat="40.5880660" lon="17.1134702"/>
 <node id="4457879613" visible="true" version="1" changeset="43059878" timestamp="2016-10-21T13:36:13Z" user="Mfran22" uid="2783442" lat="40.5882688" lon="17.1127872"/>
 <node id="4457879614" visible="true" version="1" changeset="43059878" timestamp="2016-10-21T13:36:13Z" user="Mfran22" uid="2783442" lat="40.5885276" lon="17.1128667"/>
 <node id="4457879615" visible="true" version="1" changeset="43059878" timestamp="2016-10-21T13:36:13Z" user="Mfran22" uid="2783442" lat="40.5886700" lon="17.1130699"/>
 <node id="4457879616" visible="true" version="1" changeset="43059878" timestamp="2016-10-21T13:36:13Z" user="Mfran22" uid="2783442" lat="40.5887685" lon="17.1132863"/>
 <node id="4457879617" visible="true" version="1" changeset="43059878" timestamp="2016-10-21T13:36:13Z" user="Mfran22" uid="2783442" lat="40.5895043" lon="17.1140565"/>
 <node id="4457879618" visible="true" version="1" changeset="43059878" timestamp="2016-10-21T13:36:13Z" user="Mfran22" uid="2783442" lat="40.5896199" lon="17.1146227"/>
 <node id="4457879619" visible="true" version="1" changeset="43059878" timestamp="2016-10-21T13:36:13Z" user="Mfran22" uid="2783442" lat="40.5896790" lon="17.1147572"/>
 <node id="4457879620" visible="true" version="1" changeset="43059878" timestamp="2016-10-21T13:36:13Z" user="Mfran22" uid="2783442" lat="40.5897193" lon="17.1147218"/>
 <node id="4457879621" visible="true" version="1" changeset="43059878" timestamp="2016-10-21T13:36:13Z" user="Mfran22" uid="2783442" lat="40.5899935" lon="17.1151253"/>
 <node id="4457879622" visible="true" version="1" changeset="43059878" timestamp="2016-10-21T13:36:13Z" user="Mfran22" uid="2783442" lat="40.5902273" lon="17.1154934"/>
 <node id="4457879623" visible="true" version="1" changeset="43059878" timestamp="2016-10-21T13:36:13Z" user="Mfran22" uid="2783442" lat="40.5902676" lon="17.1154615"/>
 <node id="4457879624" visible="true" version="1" changeset="43059878" timestamp="2016-10-21T13:36:13Z" user="Mfran22" uid="2783442" lat="40.5910947" lon="17.1161896"/>
 <node id="4457879625" visible="true" version="1" changeset="43059878" timestamp="2016-10-21T13:36:13Z" user="Mfran22" uid="2783442" lat="40.5912605" lon="17.1162694"/>
 <node id="4457879626" visible="true" version="1" changeset="43059878" timestamp="2016-10-21T13:36:14Z" user="Mfran22" uid="2783442" lat="40.5897245" lon="17.1145435"/>
 <node id="4457879630" visible="true" version="1" changeset="43059878" timestamp="2016-10-21T13:36:14Z" user="Mfran22" uid="2783442" lat="40.5904934" lon="17.1153267"/>
 <node id="4457879633" visible="true" version="1" changeset="43059878" timestamp="2016-10-21T13:36:14Z" user="Mfran22" uid="2783442" lat="40.5902474" lon="17.1154775"/>
 <node id="4457879634" visible="true" version="1" changeset="43059878" timestamp="2016-10-21T13:36:14Z" user="Mfran22" uid="2783442" lat="40.5901182" lon="17.1153688"/>
 <node id="4457879635" visible="true" version="1" changeset="43059878" timestamp="2016-10-21T13:36:14Z" user="Mfran22" uid="2783442" lat="40.5899082" lon="17.1157566"/>
 <node id="4457879636" visible="true" version="1" changeset="43059878" timestamp="2016-10-21T13:36:14Z" user="Mfran22" uid="2783442" lat="40.5902611" lon="17.1158918"/>
 <node id="4457879637" visible="true" version="1" changeset="43059878" timestamp="2016-10-21T13:36:14Z" user="Mfran22" uid="2783442" lat="40.5903686" lon="17.1159414"/>
 <node id="4457879638" visible="true" version="1" changeset="43059878" timestamp="2016-10-21T13:36:14Z" user="Mfran22" uid="2783442" lat="40.5903635" lon="17.1159898"/>
 <node id="4457879649" visible="true" version="1" changeset="43059878" timestamp="2016-10-21T13:36:14Z" user="Mfran22" uid="2783442" lat="40.5866726" lon="17.1117809"/>
 <node id="4803069552" visible="true" version="1" changeset="47927421" timestamp="2017-04-19T07:04:13Z" user="gscholz" uid="109705" lat="40.5932987" lon="17.1142204"/>
 <node id="4803069553" visible="true" version="1" changeset="47927421" timestamp="2017-04-19T07:04:13Z" user="gscholz" uid="109705" lat="40.5932993" lon="17.1142264"/>
 <node id="4940537055" visible="true" version="1" changeset="49891357" timestamp="2017-06-28T14:35:03Z" user="landfahrer" uid="1069176" lat="40.5935271" lon="17.1107189"/>
 <node id="4952213304" visible="true" version="1" changeset="50052445" timestamp="2017-07-05T08:24:04Z" user="landfahrer" uid="1069176" lat="40.5917503" lon="17.1130975"/>
 <node id="5398610192" visible="true" version="2" changeset="56657467" timestamp="2018-02-25T10:50:33Z" user="corfede" uid="1960233" lat="40.5981647" lon="17.1147177"/>
 <node id="5434898305" visible="true" version="1" changeset="56657467" timestamp="2018-02-25T10:50:30Z" user="corfede" uid="1960233" lat="40.5981917" lon="17.1146809"/>
 <node id="5513910954" visible="true" version="1" changeset="57630724" timestamp="2018-03-29T11:43:39Z" user="DodoIt" uid="7974909" lat="40.5928930" lon="17.1105746"/>
 <node id="5513910955" visible="true" version="1" changeset="57630724" timestamp="2018-03-29T11:43:39Z" user="DodoIt" uid="7974909" lat="40.5928728" lon="17.1105731">
  <tag k="addr:housenumber" v="90"/>
  <tag k="addr:street" v="Via degli Imperiali"/>
  <tag k="amenity" v="post_office"/>
 </node>
 <node id="5540676226" visible="true" version="1" changeset="57945560" timestamp="2018-04-09T16:22:23Z" user="DodoIt" uid="7974909" lat="40.5910982" lon="17.1137145"/>
 <node id="5547400931" visible="true" version="1" changeset="58027853" timestamp="2018-04-12T08:04:48Z" user="DodoIt" uid="7974909" lat="40.5919941" lon="17.1141785">
  <tag k="bus" v="yes"/>
  <tag k="highway" v="bus_stop"/>
  <tag k="public_transport" v="platform"/>
 </node>
 <node id="5547400932" visible="true" version="2" changeset="58027882" timestamp="2018-04-12T08:06:02Z" user="DodoIt" uid="7974909" lat="40.5920723" lon="17.1142112">
  <tag k="addr:housenumber" v="61"/>
  <tag k="addr:street" v="Viale Guglielmo Marconi"/>
  <tag k="bus" v="yes"/>
  <tag k="highway" v="bus_stop"/>
  <tag k="public_transport" v="platform"/>
 </node>
 <node id="5584829956" visible="true" version="1" changeset="58509907" timestamp="2018-04-28T17:59:03Z" user="corfede" uid="1960233" lat="40.5917824" lon="17.1150390">
  <tag k="crossing" v="uncontrolled"/>
  <tag k="crossing_ref" v="zebra"/>
  <tag k="highway" v="crossing"/>
 </node>
 <node id="5584829957" visible="true" version="1" changeset="58509907" timestamp="2018-04-28T17:59:03Z" user="corfede" uid="1960233" lat="40.5919825" lon="17.1144120">
  <tag k="crossing" v="uncontrolled"/>
  <tag k="crossing_ref" v="zebra"/>
  <tag k="highway" v="crossing"/>
 </node>
 <node id="5584829958" visible="true" version="1" changeset="58509907" timestamp="2018-04-28T17:59:03Z" user="corfede" uid="1960233" lat="40.5918570" lon="17.1149695">
  <tag k="crossing" v="uncontrolled"/>
  <tag k="crossing_ref" v="zebra"/>
  <tag k="highway" v="crossing"/>
 </node>
 <node id="5584829959" visible="true" version="1" changeset="58509907" timestamp="2018-04-28T17:59:03Z" user="corfede" uid="1960233" lat="40.5921706" lon="17.1153644"/>
 <node id="5584829960" visible="true" version="1" changeset="58509907" timestamp="2018-04-28T17:59:03Z" user="corfede" uid="1960233" lat="40.5919672" lon="17.1152077">
  <tag k="crossing" v="uncontrolled"/>
  <tag k="crossing_ref" v="zebra"/>
  <tag k="highway" v="crossing"/>
 </node>
 <node id="5584829961" visible="true" version="1" changeset="58509907" timestamp="2018-04-28T17:59:03Z" user="corfede" uid="1960233" lat="40.5935022" lon="17.1164493">
  <tag k="crossing" v="uncontrolled"/>
  <tag k="crossing_ref" v="zebra"/>
  <tag k="highway" v="crossing"/>
 </node>
 <node id="5901608269" visible="true" version="1" changeset="62515989" timestamp="2018-09-12T10:45:34Z" user="Max Tenerelli" uid="616103" lat="40.5895329" lon="17.1076212"/>
 <node id="5901608293" visible="true" version="1" changeset="62515989" timestamp="2018-09-12T10:45:34Z" user="Max Tenerelli" uid="616103" lat="40.5904251" lon="17.1078876"/>
 <node id="5901608299" visible="true" version="1" changeset="62515989" timestamp="2018-09-12T10:45:34Z" user="Max Tenerelli" uid="616103" lat="40.5934955" lon="17.1089675"/>
 <node id="5901608321" visible="true" version="1" changeset="62515989" timestamp="2018-09-12T10:45:35Z" user="Max Tenerelli" uid="616103" lat="40.5953547" lon="17.1106028"/>
 <node id="5901608324" visible="true" version="1" changeset="62515989" timestamp="2018-09-12T10:45:35Z" user="Max Tenerelli" uid="616103" lat="40.5945031" lon="17.1098350"/>
 <node id="5901608376" visible="true" version="1" changeset="62515989" timestamp="2018-09-12T10:45:36Z" user="Max Tenerelli" uid="616103" lat="40.5952051" lon="17.1104017"/>
 <node id="5901608378" visible="true" version="1" changeset="62515989" timestamp="2018-09-12T10:45:36Z" user="Max Tenerelli" uid="616103" lat="40.5939872" lon="17.1091480"/>
 <node id="5901608419" visible="true" version="1" changeset="62515989" timestamp="2018-09-12T10:45:36Z" user="Max Tenerelli" uid="616103" lat="40.5931534" lon="17.1087910"/>
 <node id="5901608589" visible="true" version="1" changeset="62515989" timestamp="2018-09-12T10:45:38Z" user="Max Tenerelli" uid="616103" lat="40.5953420" lon="17.1106295"/>
 <node id="5901608605" visible="true" version="1" changeset="62515989" timestamp="2018-09-12T10:45:38Z" user="Max Tenerelli" uid="616103" lat="40.5956440" lon="17.1112967"/>
 <node id="5901608612" visible="true" version="1" changeset="62515989" timestamp="2018-09-12T10:45:38Z" user="Max Tenerelli" uid="616103" lat="40.5895708" lon="17.1076491"/>
 <node id="5901608626" visible="true" version="1" changeset="62515989" timestamp="2018-09-12T10:45:38Z" user="Max Tenerelli" uid="616103" lat="40.5925827" lon="17.1089152"/>
 <node id="5901608654" visible="true" version="1" changeset="62515989" timestamp="2018-09-12T10:45:39Z" user="Max Tenerelli" uid="616103" lat="40.5950874" lon="17.1102944"/>
 <node id="5901608835" visible="true" version="1" changeset="62515989" timestamp="2018-09-12T10:45:40Z" user="Max Tenerelli" uid="616103" lat="40.5956204" lon="17.1111622"/>
 <node id="5901608842" visible="true" version="1" changeset="62515989" timestamp="2018-09-12T10:45:41Z" user="Max Tenerelli" uid="616103" lat="40.5946988" lon="17.1098577"/>
 <node id="5901608894" visible="true" version="1" changeset="62515989" timestamp="2018-09-12T10:45:42Z" user="Max Tenerelli" uid="616103" lat="40.5931719" lon="17.1088750"/>
 <node id="5901608919" visible="true" version="1" changeset="62515989" timestamp="2018-09-12T10:45:42Z" user="Max Tenerelli" uid="616103" lat="40.5894168" lon="17.1074182"/>
 <node id="5901608961" visible="true" version="1" changeset="62515989" timestamp="2018-09-12T10:45:43Z" user="Max Tenerelli" uid="616103" lat="40.5931523" lon="17.1089064"/>
 <node id="5901609040" visible="true" version="1" changeset="62515989" timestamp="2018-09-12T10:45:44Z" user="Max Tenerelli" uid="616103" lat="40.5956051" lon="17.1111440"/>
 <node id="5901609046" visible="true" version="1" changeset="62515989" timestamp="2018-09-12T10:45:45Z" user="Max Tenerelli" uid="616103" lat="40.5895436" lon="17.1073351"/>
 <node id="5901609070" visible="true" version="1" changeset="62515989" timestamp="2018-09-12T10:45:45Z" user="Max Tenerelli" uid="616103" lat="40.5956130" lon="17.1112920"/>
 <node id="10871784160" visible="true" version="1" changeset="135755610" timestamp="2023-05-05T20:10:00Z" user="Ale_Zena_IT" uid="22290" lat="40.5940205" lon="17.1159830"/>
 <node id="10871784161" visible="true" version="1" changeset="135755610" timestamp="2023-05-05T20:10:00Z" user="Ale_Zena_IT" uid="22290" lat="40.5937027" lon="17.1158557"/>
 <node id="10871784162" visible="true" version="1" changeset="135755610" timestamp="2023-05-05T20:10:00Z" user="Ale_Zena_IT" uid="22290" lat="40.5936912" lon="17.1159053"/>
 <node id="10871784163" visible="true" version="1" changeset="135755610" timestamp="2023-05-05T20:10:00Z" user="Ale_Zena_IT" uid="22290" lat="40.5935961" lon="17.1158672"/>
 <node id="10871784164" visible="true" version="1" changeset="135755610" timestamp="2023-05-05T20:10:00Z" user="Ale_Zena_IT" uid="22290" lat="40.5936615" lon="17.1155839"/>
 <node id="10871784165" visible="true" version="1" changeset="135755610" timestamp="2023-05-05T20:10:00Z" user="Ale_Zena_IT" uid="22290" lat="40.5939551" lon="17.1157015"/>
 <node id="10871784166" visible="true" version="1" changeset="135755610" timestamp="2023-05-05T20:10:00Z" user="Ale_Zena_IT" uid="22290" lat="40.5939490" lon="17.1157279"/>
 <node id="10871784167" visible="true" version="1" changeset="135755610" timestamp="2023-05-05T20:10:00Z" user="Ale_Zena_IT" uid="22290" lat="40.5940683" lon="17.1157757"/>
 <node id="10871784172" visible="true" version="1" changeset="135755610" timestamp="2023-05-05T20:10:00Z" user="Ale_Zena_IT" uid="22290" lat="40.5935814" lon="17.1158653"/>
 <node id="10871784173" visible="true" version="1" changeset="135755610" timestamp="2023-05-05T20:10:00Z" user="Ale_Zena_IT" uid="22290" lat="40.5934454" lon="17.1158122"/>
 <node id="10871784174" visible="true" version="1" changeset="135755610" timestamp="2023-05-05T20:10:00Z" user="Ale_Zena_IT" uid="22290" lat="40.5935184" lon="17.1154879"/>
 <node id="10871784175" visible="true" version="1" changeset="135755610" timestamp="2023-05-05T20:10:00Z" user="Ale_Zena_IT" uid="22290" lat="40.5936544" lon="17.1155410"/>
 <node id="10871784176" visible="true" version="1" changeset="135755610" timestamp="2023-05-05T20:10:00Z" user="Ale_Zena_IT" uid="22290" lat="40.5941227" lon="17.1161079"/>
 <node id="10871784177" visible="true" version="1" changeset="135755610" timestamp="2023-05-05T20:10:00Z" user="Ale_Zena_IT" uid="22290" lat="40.5936898" lon="17.1159472"/>
 <node id="10871784178" visible="true" version="1" changeset="135755610" timestamp="2023-05-05T20:10:00Z" user="Ale_Zena_IT" uid="22290" lat="40.5937016" lon="17.1158918"/>
 <node id="10871784179" visible="true" version="1" changeset="135755610" timestamp="2023-05-05T20:10:00Z" user="Ale_Zena_IT" uid="22290" lat="40.5941346" lon="17.1160525"/>
 <way id="27233953" visible="true" version="32" changeset="121483293" timestamp="2022-05-25T16:15:04Z" user="grawal" uid="9265159">
  <nd ref="298890463"/>
  <nd ref="1433282121"/>
  <nd ref="1433282119"/>
  <nd ref="1431505200"/>
  <nd ref="1431900486"/>
  <nd ref="1310713764"/>
  <nd ref="1093591881"/>
  <nd ref="1433584077"/>
  <nd ref="1433282112"/>
  <nd ref="1310658029"/>
  <nd ref="1431505192"/>
  <nd ref="1431505191"/>
  <nd ref="5584829957"/>
  <nd ref="1310630781"/>
  <nd ref="5584829958"/>
  <nd ref="1093591811"/>
  <tag k="highway" v="primary"/>
  <tag k="name" v="Viale Guglielmo Marconi"/>
  <tag k="oneway" v="no"/>
 </way>
 <way id="115836552" visible="true" version="4" changeset="39914094" timestamp="2016-06-09T18:24:23Z" user="mcheckimport" uid="893327">
  <nd ref="1307592960"/>
  <nd ref="1431505190"/>
  <nd ref="1307602511"/>
  <nd ref="1307592959"/>
  <tag k="highway" v="residential"/>
  <tag k="name" v="Via San Giovanni Bosco"/>
  <tag k="oneway" v="yes"/>
 </way>
 <way id="115836553" visible="true" version="3" changeset="9285176" timestamp="2011-09-13T01:01:19Z" user="noperante" uid="68842">
  <nd ref="1093590440"/>
  <nd ref="1431505213"/>
  <nd ref="1431505208"/>
  <nd ref="1307592950"/>
  <tag k="highway" v="residential"/>
  <tag k="name" v="Via Tevere"/>
  <tag k="oneway" v="no"/>
 </way>
 <way id="115836554" visible="true" version="5" changeset="39914094" timestamp="2016-06-09T18:24:11Z" user="mcheckimport" uid="893327">
  <nd ref="1307592959"/>
  <nd ref="4234288310"/>
  <nd ref="1432722491"/>
  <nd ref="1307592958"/>
  <nd ref="1307592950"/>
  <nd ref="1307592956"/>
  <nd ref="1307592957"/>
  <nd ref="1431505234"/>
  <nd ref="4234291838"/>
  <nd ref="1307602510"/>
  <nd ref="1307592952"/>
  <nd ref="1307592944"/>
  <tag k="highway" v="residential"/>
  <tag k="name" v="Via Belvedere San Marco"/>
  <tag k="oneway" v="yes"/>
 </way>
 <way id="115836555" visible="true" version="3" changeset="9300165" timestamp="2011-09-14T14:54:01Z" user="noperante" uid="68842">
  <nd ref="1432722491"/>
  <nd ref="1431505195"/>
  <nd ref="1431505196"/>
  <nd ref="1307592949"/>
  <nd ref="1307592946"/>
  <tag k="highway" v="residential"/>
  <tag k="name" v="Via Po"/>
  <tag k="oneway" v="yes"/>
 </way>
 <way id="115836556" visible="true" version="3" changeset="9285176" timestamp="2011-09-13T01:01:20Z" user="noperante" uid="68842">
  <nd ref="1431505236"/>
  <nd ref="1431505231"/>
  <nd ref="1307592957"/>
  <tag k="highway" v="residential"/>
  <tag k="name" v="Via Volturno"/>
  <tag k="oneway" v="yes"/>
 </way>
 <way id="115836557" visible="true" version="2" changeset="9285176" timestamp="2011-09-13T01:00:57Z" user="noperante" uid="68842">
  <nd ref="1307592948"/>
  <nd ref="1431505202"/>
  <nd ref="1431505198"/>
  <nd ref="1307592958"/>
  <tag k="highway" v="residential"/>
  <tag k="name" v="Via Adige"/>
  <tag k="oneway" v="yes"/>
 </way>
 <way id="115836558" visible="true" version="1" changeset="8309007" timestamp="2011-06-01T10:17:41Z" user="rogh" uid="460936">
  <nd ref="1307592949"/>
  <nd ref="1307592960"/>
  <tag k="highway" v="residential"/>
  <tag k="name" v="Via San Pio X"/>
  <tag k="oneway" v="yes"/>
 </way>
 <way id="115836559" visible="true" version="4" changeset="39914094" timestamp="2016-06-09T18:24:10Z" user="mcheckimport" uid="893327">
  <nd ref="1307592956"/>
  <nd ref="1431505222"/>
  <nd ref="1307602506"/>
  <nd ref="1093591033"/>
  <tag k="highway" v="residential"/>
  <tag k="name" v="Via Arno"/>
  <tag k="oneway" v="yes"/>
 </way>
 <way id="115836560" visible="true" version="2" changeset="39914094" timestamp="2016-06-09T18:24:23Z" user="mcheckimport" uid="893327">
  <nd ref="1307592954"/>
  <nd ref="1307592960"/>
  <tag k="highway" v="residential"/>
  <tag k="name" v="Via San Pio X"/>
  <tag k="oneway" v="yes"/>
 </way>
 <way id="115837778" visible="true" version="2" changeset="9285176" timestamp="2011-09-13T01:01:03Z" user="noperante" uid="68842">
  <nd ref="1431505251"/>
  <nd ref="1431505243"/>
  <nd ref="1431505231"/>
  <nd ref="1431505222"/>
  <nd ref="1431505208"/>
  <nd ref="1431505198"/>
  <nd ref="1431505195"/>
  <nd ref="1307602511"/>
  <tag k="highway" v="residential"/>
  <tag k="name" v="Via Evangelista da Massafra"/>
  <tag k="oneway" v="yes"/>
 </way>
 <way id="115837780" visible="true" version="2" changeset="9285176" timestamp="2011-09-13T01:01:17Z" user="noperante" uid="68842">
  <nd ref="1431505187"/>
  <nd ref="1431505190"/>
  <nd ref="1431505196"/>
  <nd ref="1431505202"/>
  <nd ref="1431505213"/>
  <nd ref="1307602506"/>
  <tag k="highway" v="residential"/>
  <tag k="name" v="Via San Francesco"/>
  <tag k="oneway" v="yes"/>
 </way>
 <way id="116075828" visible="true" version="4" changeset="57657032" timestamp="2018-03-30T10:37:20Z" user="DodoIt" uid="7974909">
  <nd ref="1432722493"/>
  <nd ref="1431505240"/>
  <nd ref="1431505242"/>
  <nd ref="1431505245"/>
  <nd ref="1431505249"/>
  <nd ref="1309942324"/>
  <tag k="highway" v="residential"/>
  <tag k="name" v="Via Giuseppe Verdi"/>
  <tag k="oneway" v="yes"/>
 </way>
 <way id="116075830" visible="true" version="4" changeset="147815403" timestamp="2024-02-23T14:32:19Z" user="Susymala" uid="14777719">
  <nd ref="1307592946"/>
  <nd ref="1310644392"/>
  <nd ref="1431505203"/>
  <nd ref="1431505205"/>
  <nd ref="1431505209"/>
  <nd ref="1431505211"/>
  <nd ref="1431505217"/>
  <nd ref="1431505220"/>
  <nd ref="1431505224"/>
  <nd ref="1431505228"/>
  <nd ref="1309942327"/>
  <tag k="highway" v="residential"/>
  <tag k="maxspeed" v="50"/>
  <tag k="name" v="Via Giacomo Terzio"/>
  <tag k="oneway" v="yes"/>
  <tag k="surface" v="asphalt"/>
 </way>
 <way id="116075831" visible="true" version="2" changeset="9285176" timestamp="2011-09-13T01:01:22Z" user="noperante" uid="68842">
  <nd ref="1093590440"/>
  <nd ref="1431505223"/>
  <nd ref="1431505227"/>
  <nd ref="1431505229"/>
  <nd ref="1309942330"/>
  <tag k="highway" v="residential"/>
  <tag k="name" v="Viale Virgilio"/>
  <tag k="oneway" v="no"/>
 </way>
 <way id="116075832" visible="true" version="6" changeset="147815403" timestamp="2024-02-23T14:32:19Z" user="Susymala" uid="14777719">
  <nd ref="1431505219"/>
  <nd ref="1431505216"/>
  <nd ref="1431505214"/>
  <nd ref="1431505212"/>
  <nd ref="1310713771"/>
  <nd ref="1431505207"/>
  <nd ref="1431505204"/>
  <nd ref="1431505201"/>
  <nd ref="1431505199"/>
  <nd ref="1310623981"/>
  <nd ref="1310658015"/>
  <nd ref="1431505197"/>
  <tag k="highway" v="residential"/>
  <tag k="maxspeed" v="50"/>
  <tag k="name" v="Via Aristosseno"/>
  <tag k="oneway" v="yes"/>
  <tag k="surface" v="asphalt"/>
 </way>
 <way id="116076498" visible="true" version="6" changeset="147815403" timestamp="2024-02-23T14:32:19Z" user="Susymala" uid="14777719">
  <nd ref="1431505233"/>
  <nd ref="1431505239"/>
  <nd ref="1431505241"/>
  <nd ref="1431505244"/>
  <nd ref="1310713744"/>
  <nd ref="1310713757"/>
  <nd ref="1431505250"/>
  <nd ref="1431505254"/>
  <nd ref="1431505258"/>
  <nd ref="1431505262"/>
  <nd ref="1309949571"/>
  <tag k="highway" v="residential"/>
  <tag k="maxspeed" v="50"/>
  <tag k="name" v="Via Mercadante"/>
  <tag k="oneway" v="yes"/>
  <tag k="surface" v="asphalt"/>
 </way>
 <way id="116164918" visible="true" version="9" changeset="58509907" timestamp="2018-04-28T17:59:06Z" user="corfede" uid="1960233">
  <nd ref="1431505290"/>
  <nd ref="1309949550"/>
  <nd ref="1307602508"/>
  <nd ref="1093589732"/>
  <nd ref="1307594082"/>
  <nd ref="1431505236"/>
  <nd ref="5584829961"/>
  <nd ref="1093591033"/>
  <nd ref="1093590440"/>
  <nd ref="1307592948"/>
  <nd ref="1307592946"/>
  <nd ref="5584829959"/>
  <nd ref="5584829960"/>
  <nd ref="1093591811"/>
  <tag k="highway" v="tertiary"/>
  <tag k="name" v="Via Nicola Frappietri"/>
  <tag k="oneway" v="no"/>
  <tag k="source" v="Bing"/>
 </way>
 <way id="116171734" visible="true" version="3" changeset="9300165" timestamp="2011-09-14T14:53:57Z" user="noperante" uid="68842">
  <nd ref="1310623978"/>
  <nd ref="1431505332"/>
  <nd ref="1431505324"/>
  <nd ref="1431505317"/>
  <nd ref="1431505305"/>
  <nd ref="1431505291"/>
  <nd ref="1431505273"/>
  <nd ref="1431505265"/>
  <nd ref="1431505252"/>
  <nd ref="1431505241"/>
  <nd ref="1431505229"/>
  <nd ref="1431505218"/>
  <nd ref="1431505205"/>
  <nd ref="1310623981"/>
  <tag k="highway" v="residential"/>
  <tag k="name" v="Via Francesco Petrarca"/>
  <tag k="oneway" v="yes"/>
 </way>
 <way id="116174060" visible="true" version="2" changeset="9285176" timestamp="2011-09-13T01:01:06Z" user="noperante" uid="68842">
  <nd ref="1431505191"/>
  <nd ref="1431505197"/>
  <nd ref="1431505203"/>
  <nd ref="1431505215"/>
  <nd ref="1431505227"/>
  <nd ref="1431505239"/>
  <nd ref="1431505248"/>
  <nd ref="1431505261"/>
  <nd ref="1431505269"/>
  <nd ref="1431505288"/>
  <nd ref="1431505301"/>
  <nd ref="1431505314"/>
  <nd ref="1431505321"/>
  <nd ref="1431505329"/>
  <nd ref="1310644391"/>
  <tag k="highway" v="residential"/>
  <tag k="name" v="Via Giovanni Pascoli"/>
  <tag k="oneway" v="yes"/>
 </way>
 <way id="116174061" visible="true" version="4" changeset="57657032" timestamp="2018-03-30T10:37:20Z" user="DodoIt" uid="7974909">
  <nd ref="1310598407"/>
  <nd ref="1431505326"/>
  <nd ref="1431505320"/>
  <nd ref="1431505311"/>
  <nd ref="1431505298"/>
  <nd ref="1431505284"/>
  <nd ref="1431505266"/>
  <nd ref="1431505256"/>
  <nd ref="1432722497"/>
  <nd ref="1431505233"/>
  <nd ref="1431505223"/>
  <nd ref="1431505210"/>
  <nd ref="1310644392"/>
  <tag k="highway" v="residential"/>
  <tag k="name" v="Via Gian Lorenzo Bernini"/>
  <tag k="oneway" v="yes"/>
 </way>
 <way id="116174062" visible="true" version="3" changeset="57945560" timestamp="2018-04-09T16:22:24Z" user="DodoIt" uid="7974909">
  <nd ref="1310630781"/>
  <nd ref="1310644392"/>
  <tag k="highway" v="residential"/>
  <tag k="name" v="Via Gian Lorenzo Bernini"/>
  <tag k="oneway" v="yes"/>
 </way>
 <way id="116174521" visible="true" version="3" changeset="39914094" timestamp="2016-06-09T18:24:16Z" user="mcheckimport" uid="893327">
  <nd ref="1310658015"/>
  <nd ref="1431505192"/>
  <tag k="highway" v="residential"/>
  <tag k="name" v="Via Francesco Petrarca"/>
  <tag k="oneway" v="yes"/>
 </way>
 <way id="116174522" visible="true" version="2" changeset="39914094" timestamp="2016-06-09T18:24:20Z" user="mcheckimport" uid="893327">
  <nd ref="1310658033"/>
  <nd ref="1310658031"/>
  <tag k="highway" v="residential"/>
  <tag k="name" v="Via Malta"/>
  <tag k="oneway" v="yes"/>
 </way>
 <way id="116174525" visible="true" version="2" changeset="9306301" timestamp="2011-09-15T09:30:15Z" user="rogh" uid="460936">
  <nd ref="1310658033"/>
  <nd ref="1433282082"/>
  <nd ref="1433282098"/>
  <nd ref="1433282112"/>
  <tag k="highway" v="residential"/>
  <tag k="name" v="Via Malta"/>
  <tag k="oneway" v="yes"/>
 </way>
 <way id="116174526" visible="true" version="3" changeset="9306301" timestamp="2011-09-15T09:30:15Z" user="rogh" uid="460936">
  <nd ref="1433282112"/>
  <nd ref="1431505199"/>
  <nd ref="1431505209"/>
  <nd ref="1431505221"/>
  <nd ref="1309942330"/>
  <nd ref="1431505244"/>
  <nd ref="1431505257"/>
  <nd ref="1431505267"/>
  <nd ref="1431505278"/>
  <nd ref="1431505296"/>
  <nd ref="1431505310"/>
  <nd ref="1431505319"/>
  <nd ref="1431505325"/>
  <nd ref="1431505333"/>
  <nd ref="1310658018"/>
  <tag k="highway" v="residential"/>
  <tag k="name" v="Via Ugo Foscolo"/>
  <tag k="oneway" v="yes"/>
 </way>
 <way id="116180264" visible="true" version="3" changeset="9309055" timestamp="2011-09-15T15:37:53Z" user="rogh" uid="460936">
  <nd ref="1431505214"/>
  <nd ref="1433282121"/>
  <tag k="highway" v="residential"/>
  <tag k="name" v="Via Giotto"/>
  <tag k="oneway" v="yes"/>
 </way>
 <way id="116180265" visible="true" version="3" changeset="9309055" timestamp="2011-09-15T15:37:52Z" user="rogh" uid="460936">
  <nd ref="1310713744"/>
  <nd ref="1093592100"/>
  <tag k="highway" v="pedestrian"/>
  <tag k="name" v="Piazza Dante Alighieri"/>
 </way>
 <way id="116180266" visible="true" version="3" changeset="9300165" timestamp="2011-09-14T14:53:57Z" user="noperante" uid="68842">
  <nd ref="1093592100"/>
  <nd ref="1431505221"/>
  <nd ref="1431505218"/>
  <nd ref="1431505215"/>
  <nd ref="1431505210"/>
  <nd ref="1307592948"/>
  <tag k="highway" v="residential"/>
  <tag k="name" v="Via Lavigna"/>
  <tag k="oneway" v="yes"/>
 </way>
 <way id="116180268" visible="true" version="4" changeset="57657386" timestamp="2018-03-30T10:54:25Z" user="DodoIt" uid="7974909">
  <nd ref="1093591881"/>
  <nd ref="1431505201"/>
  <nd ref="1431505211"/>
  <nd ref="1093592100"/>
  <tag k="highway" v="residential"/>
  <tag k="name" v="Via Alessandro Manzoni"/>
  <tag k="oneway" v="yes"/>
  <tag k="source" v="Bing"/>
 </way>
 <way id="116180269" visible="true" version="4" changeset="23209232" timestamp="2014-06-27T09:20:15Z" user="bvivi" uid="124550">
  <nd ref="1310713757"/>
  <nd ref="1310713770"/>
  <nd ref="1432722493"/>
  <tag k="highway" v="residential"/>
  <tag k="name" v="Via Manzoni"/>
  <tag k="oneway" v="yes"/>
 </way>
 <way id="116180270" visible="true" version="2" changeset="9285176" timestamp="2011-09-13T01:01:19Z" user="noperante" uid="68842">
  <nd ref="1431505200"/>
  <nd ref="1310713771"/>
  <tag k="highway" v="residential"/>
  <tag k="name" v="Via Torquato Tasso"/>
  <tag k="oneway" v="yes"/>
 </way>
 <way id="116180271" visible="true" version="2" changeset="9300165" timestamp="2011-09-14T14:54:03Z" user="noperante" uid="68842">
  <nd ref="1093592100"/>
  <nd ref="1310713775"/>
  <nd ref="1310713751"/>
  <tag k="highway" v="residential"/>
  <tag k="name" v="Via Vincenzo Lavigna"/>
  <tag k="oneway" v="yes"/>
 </way>
 <way id="116180274" visible="true" version="3" changeset="147815403" timestamp="2024-02-23T14:32:19Z" user="Susymala" uid="14777719">
  <nd ref="1310713750"/>
  <nd ref="1431505237"/>
  <nd ref="1431505232"/>
  <nd ref="1431505230"/>
  <nd ref="1310713751"/>
  <tag k="highway" v="residential"/>
  <tag k="name" v="Via Vincenzo Lavigna"/>
  <tag k="oneway" v="yes"/>
  <tag k="surface" v="asphalt"/>
 </way>
 <way id="116576042" visible="true" version="3" changeset="57657032" timestamp="2018-03-30T10:37:20Z" user="DodoIt" uid="7974909">
  <nd ref="1431505207"/>
  <nd ref="1431505220"/>
  <nd ref="1431505230"/>
  <nd ref="1431505242"/>
  <nd ref="1431505254"/>
  <nd ref="1431505268"/>
  <nd ref="1431505279"/>
  <nd ref="1431505292"/>
  <nd ref="1431505308"/>
  <nd ref="1309949568"/>
  <nd ref="1309961706"/>
  <tag k="highway" v="residential"/>
  <tag k="name" v="Via Giacomo Leopardi"/>
  <tag k="oneway" v="yes"/>
 </way>
 <way id="116576044" visible="true" version="3" changeset="57657032" timestamp="2018-03-30T10:37:20Z" user="DodoIt" uid="7974909">
  <nd ref="1313935115"/>
  <nd ref="1431505297"/>
  <nd ref="1431505283"/>
  <nd ref="1431505272"/>
  <nd ref="1431505258"/>
  <nd ref="1431505245"/>
  <nd ref="1431505232"/>
  <nd ref="1431505224"/>
  <nd ref="1431505212"/>
  <tag k="highway" v="residential"/>
  <tag k="name" v="Via Vittorio Alfieri"/>
  <tag k="oneway" v="yes"/>
 </way>
 <way id="116576045" visible="true" version="4" changeset="57657386" timestamp="2018-03-30T10:54:25Z" user="DodoIt" uid="7974909">
  <nd ref="1431505228"/>
  <nd ref="1431505237"/>
  <nd ref="1431505249"/>
  <nd ref="1431505262"/>
  <nd ref="1431505276"/>
  <nd ref="1431505286"/>
  <nd ref="1431505302"/>
  <nd ref="1309949552"/>
  <tag k="highway" v="residential"/>
  <tag k="name" v="Via Giosuè Carducci"/>
  <tag k="oneway" v="yes"/>
 </way>
 <way id="116582772" visible="true" version="4" changeset="57657032" timestamp="2018-03-30T10:37:20Z" user="DodoIt" uid="7974909">
  <nd ref="1309963389"/>
  <nd ref="1431505335"/>
  <nd ref="1431505331"/>
  <nd ref="1431505323"/>
  <nd ref="1431505316"/>
  <nd ref="1431505304"/>
  <nd ref="1431505287"/>
  <nd ref="1431505275"/>
  <nd ref="1431505264"/>
  <nd ref="1431505250"/>
  <nd ref="1431505240"/>
  <nd ref="1310713751"/>
  <nd ref="1431505217"/>
  <nd ref="1431505204"/>
  <nd ref="1310713764"/>
  <tag k="highway" v="residential"/>
  <tag k="name" v="Via Edmondo De Amicis"/>
  <tag k="oneway" v="yes"/>
 </way>
 <way id="116595640" visible="true" version="6" changeset="147815403" timestamp="2024-02-23T14:32:19Z" user="Susymala" uid="14777719">
  <nd ref="1314073265"/>
  <nd ref="1431505206"/>
  <nd ref="1314085139"/>
  <nd ref="298890463"/>
  <tag k="highway" v="residential"/>
  <tag k="maxspeed" v="50"/>
  <tag k="name" v="Corso Europa"/>
  <tag k="oneway" v="no"/>
  <tag k="sidewalk" v="both"/>
  <tag k="surface" v="asphalt"/>
 </way>
 <way id="116595647" visible="true" version="4" changeset="147815403" timestamp="2024-02-23T14:32:19Z" user="Susymala" uid="14777719">
  <nd ref="1314073259"/>
  <nd ref="1431505226"/>
  <nd ref="1431505225"/>
  <nd ref="1314073266"/>
  <tag k="highway" v="residential"/>
  <tag k="maxspeed" v="50"/>
  <tag k="name" v="Via Antonio Elena"/>
  <tag k="oneway" v="yes"/>
  <tag k="sidewalk" v="both"/>
  <tag k="surface" v="asphalt"/>
 </way>
 <way id="116595653" visible="true" version="5" changeset="147815403" timestamp="2024-02-23T14:32:19Z" user="Susymala" uid="14777719">
  <nd ref="1432722492"/>
  <nd ref="1431505235"/>
  <nd ref="1431505238"/>
  <nd ref="1314073260"/>
  <tag k="highway" v="residential"/>
  <tag k="maxspeed" v="50"/>
  <tag k="name" v="Via Teologo Madaro"/>
  <tag k="oneway" v="yes"/>
  <tag k="surface" v="asphalt"/>
 </way>
 <way id="116597773" visible="true" version="3" changeset="147815403" timestamp="2024-02-23T14:32:19Z" user="Susymala" uid="14777719">
  <nd ref="1314085139"/>
  <nd ref="1431505225"/>
  <nd ref="1431505235"/>
  <nd ref="1431505246"/>
  <nd ref="1314085153"/>
  <nd ref="1431505271"/>
  <nd ref="1314037100"/>
  <tag k="highway" v="residential"/>
  <tag k="maxspeed" v="50"/>
  <tag k="name" v="Via degli Imperiali"/>
  <tag k="oneway" v="yes"/>
  <tag k="surface" v="asphalt"/>
 </way>
 <way id="116597774" visible="true" version="2" changeset="147815403" timestamp="2024-02-23T14:32:19Z" user="Susymala" uid="14777719">
  <nd ref="1314085152"/>
  <nd ref="1314085157"/>
  <nd ref="1314085158"/>
  <nd ref="1314085139"/>
  <tag k="highway" v="residential"/>
  <tag k="maxspeed" v="50"/>
  <tag k="name" v="Via degli Imperiali"/>
  <tag k="oneway" v="no"/>
 </way>
 <way id="116599173" visible="true" version="4" changeset="39914094" timestamp="2016-06-09T18:24:22Z" user="mcheckimport" uid="893327">
  <nd ref="1314085135"/>
  <nd ref="1314085152"/>
  <nd ref="4234286696"/>
  <nd ref="4234286728"/>
  <nd ref="1314093177"/>
  <nd ref="4234286726"/>
  <nd ref="1314093165"/>
  <tag k="highway" v="residential"/>
  <tag k="name" v="Via Pappacoda"/>
  <tag k="oneway" v="yes"/>
 </way>
 <way id="116599176" visible="true" version="6" changeset="111051126" timestamp="2021-09-11T07:26:40Z" user="that_dude" uid="11342958">
  <nd ref="298890463"/>
  <nd ref="1314093213"/>
  <nd ref="1314093172"/>
  <nd ref="1314093177"/>
  <tag k="hgv" v="no"/>
  <tag k="highway" v="residential"/>
  <tag k="name" v="Via Goffredo Mameli"/>
  <tag k="oneway" v="yes"/>
  <tag k="sidewalk" v="both"/>
  <tag k="surface" v="asphalt"/>
 </way>
 <way id="116599755" visible="true" version="9" changeset="39914094" timestamp="2016-06-09T18:24:25Z" user="mcheckimport" uid="893327">
  <nd ref="1314097983"/>
  <nd ref="4234277397"/>
  <nd ref="1314097985"/>
  <nd ref="1433570813"/>
  <nd ref="1433570814"/>
  <nd ref="1433570815"/>
  <nd ref="1433570820"/>
  <nd ref="1314097959"/>
  <nd ref="1433570826"/>
  <nd ref="1314097979"/>
  <nd ref="1433570830"/>
  <nd ref="4234282670"/>
  <nd ref="1314097975"/>
  <nd ref="1433570831"/>
  <nd ref="1314097956"/>
  <nd ref="1433570832"/>
  <nd ref="1433570833"/>
  <nd ref="1433570834"/>
  <nd ref="1433570835"/>
  <nd ref="298890463"/>
  <tag k="highway" v="tertiary"/>
  <tag k="name" v="Via Vittorio Veneto"/>
  <tag k="oneway" v="yes"/>
 </way>
 <way id="129037687" visible="true" version="12" changeset="58563676" timestamp="2018-04-30T18:31:19Z" user="DodoIt" uid="7974909">
  <nd ref="4456556544"/>
  <nd ref="4456556546"/>
  <nd ref="4456556547"/>
  <nd ref="4456556549"/>
  <nd ref="4456556548"/>
  <nd ref="4456556555"/>
  <nd ref="4456556554"/>
  <nd ref="4456556553"/>
  <nd ref="4456556556"/>
  <nd ref="4456556558"/>
  <nd ref="4456556560"/>
  <nd ref="4456556562"/>
  <nd ref="4456556563"/>
  <nd ref="4456556565"/>
  <nd ref="4456556567"/>
  <nd ref="4456556569"/>
  <nd ref="1489455677"/>
  <nd ref="4456556574"/>
  <nd ref="4456556575"/>
  <nd ref="4456556576"/>
  <nd ref="4456556578"/>
  <nd ref="4456556579"/>
  <nd ref="4456556581"/>
  <nd ref="4456556582"/>
  <nd ref="4456556583"/>
  <nd ref="4456556586"/>
  <nd ref="4456557490"/>
  <nd ref="4456557491"/>
  <nd ref="4456557492"/>
  <nd ref="4456557494"/>
  <nd ref="4456557496"/>
  <nd ref="4456557499"/>
  <nd ref="4456557497"/>
  <nd ref="4456557500"/>
  <nd ref="4456557502"/>
  <nd ref="4456557503"/>
  <nd ref="4456557504"/>
  <nd ref="4456557506"/>
  <nd ref="4456557508"/>
  <nd ref="4456557507"/>
  <nd ref="4456557509"/>
  <nd ref="4456557510"/>
  <nd ref="4456557511"/>
  <nd ref="4456557515"/>
  <nd ref="4456557514"/>
  <nd ref="4456557513"/>
  <nd ref="4456557516"/>
  <nd ref="4456557517"/>
  <nd ref="4456557521"/>
  <nd ref="4456557523"/>
  <nd ref="4456557524"/>
  <nd ref="4456557529"/>
  <nd ref="4456557530"/>
  <nd ref="4456557531"/>
  <nd ref="4456557533"/>
  <nd ref="4456557534"/>
  <nd ref="4456557536"/>
  <nd ref="4456557532"/>
  <nd ref="4456557535"/>
  <nd ref="4456557537"/>
  <nd ref="4456557540"/>
  <nd ref="4456557538"/>
  <nd ref="4456557541"/>
  <nd ref="4456557542"/>
  <nd ref="4456557544"/>
  <nd ref="4456557545"/>
  <nd ref="4456557547"/>
  <nd ref="4456557549"/>
  <nd ref="4456557550"/>
  <nd ref="4456557551"/>
  <nd ref="4456557553"/>
  <nd ref="4456557554"/>
  <nd ref="4456557559"/>
  <nd ref="4456557562"/>
  <nd ref="4456557564"/>
  <nd ref="4456557573"/>
  <nd ref="4456557572"/>
  <nd ref="4456557574"/>
  <nd ref="4456557590"/>
  <nd ref="4456557596"/>
  <nd ref="4456557603"/>
  <nd ref="4456557601"/>
  <nd ref="4456557609"/>
  <nd ref="4456557606"/>
  <nd ref="4456557604"/>
  <nd ref="4456557602"/>
  <nd ref="4456557599"/>
  <nd ref="4456557598"/>
  <nd ref="4456557595"/>
  <nd ref="4456557594"/>
  <nd ref="4456557587"/>
  <nd ref="4456557584"/>
  <nd ref="4456557588"/>
  <nd ref="4456557591"/>
  <nd ref="4456557597"/>
  <nd ref="4456557612"/>
  <nd ref="4456557610"/>
  <nd ref="4456557614"/>
  <nd ref="4457811656"/>
  <nd ref="4456557616"/>
  <nd ref="4456557617"/>
  <nd ref="4456557619"/>
  <nd ref="4456557618"/>
  <nd ref="4456557629"/>
  <nd ref="4456557628"/>
  <nd ref="4456557631"/>
  <nd ref="4456557632"/>
  <nd ref="4457811608"/>
  <nd ref="4456557635"/>
  <nd ref="4456557636"/>
  <nd ref="4456557638"/>
  <nd ref="4456557639"/>
  <nd ref="4456557641"/>
  <nd ref="4456557642"/>
  <nd ref="4456557643"/>
  <nd ref="4456557644"/>
  <nd ref="4456557645"/>
  <nd ref="4456557648"/>
  <nd ref="4456557647"/>
  <nd ref="4456557649"/>
  <nd ref="4456557651"/>
  <nd ref="4456557652"/>
  <nd ref="4456557653"/>
  <nd ref="4456557654"/>
  <nd ref="4456557656"/>
  <nd ref="4456557658"/>
  <nd ref="4456557659"/>
  <nd ref="4456557661"/>
  <nd ref="4456557664"/>
  <nd ref="4456557689"/>
  <nd ref="4456557703"/>
  <nd ref="4456557704"/>
  <nd ref="4456557710"/>
  <nd ref="4456557709"/>
  <nd ref="4456557713"/>
  <nd ref="4456557719"/>
  <nd ref="4456557721"/>
  <nd ref="4456557727"/>
  <nd ref="4456557726"/>
  <nd ref="4456557731"/>
  <nd ref="4456557742"/>
  <nd ref="4456557747"/>
  <nd ref="4456557748"/>
  <nd ref="4456557752"/>
  <nd ref="4456557755"/>
  <nd ref="4456557758"/>
  <nd ref="4456557761"/>
  <nd ref="4456557763"/>
  <nd ref="4456557769"/>
  <nd ref="4456557772"/>
  <nd ref="4456557777"/>
  <nd ref="4456557781"/>
  <nd ref="4456557990"/>
  <nd ref="4456557991"/>
  <nd ref="4456557992"/>
  <nd ref="4456557989"/>
  <nd ref="4456557788"/>
  <nd ref="4456557787"/>
  <nd ref="4456557786"/>
  <nd ref="4456557785"/>
  <nd ref="4456557784"/>
  <nd ref="4456557783"/>
  <nd ref="4456557782"/>
  <nd ref="4456557779"/>
  <nd ref="4456557774"/>
  <nd ref="4456557771"/>
  <nd ref="4456557767"/>
  <nd ref="4456557759"/>
  <nd ref="4457811636"/>
  <nd ref="4456557753"/>
  <nd ref="4456557751"/>
  <nd ref="4456557749"/>
  <nd ref="4456557745"/>
  <nd ref="4456557739"/>
  <nd ref="4456557734"/>
  <nd ref="4456557732"/>
  <nd ref="4457811476"/>
  <nd ref="4456557725"/>
  <nd ref="4456557730"/>
  <nd ref="4456557736"/>
  <nd ref="4456557738"/>
  <nd ref="4456557744"/>
  <nd ref="4456557743"/>
  <nd ref="4234293450"/>
  <nd ref="4456557740"/>
  <nd ref="4234293255"/>
  <nd ref="4456557733"/>
  <nd ref="4456557729"/>
  <nd ref="4456557723"/>
  <nd ref="4456557720"/>
  <nd ref="4456557718"/>
  <nd ref="4456557715"/>
  <nd ref="4456557717"/>
  <nd ref="4456557712"/>
  <nd ref="4456557708"/>
  <nd ref="4456557706"/>
  <nd ref="4456557707"/>
  <nd ref="4456557711"/>
  <nd ref="4456557716"/>
  <nd ref="4456557722"/>
  <nd ref="4456557737"/>
  <nd ref="4457811681"/>
  <nd ref="4456557750"/>
  <nd ref="4456557756"/>
  <nd ref="4456557764"/>
  <nd ref="4456557768"/>
  <nd ref="4456557775"/>
  <nd ref="4456557780"/>
  <nd ref="4456557778"/>
  <nd ref="4456557776"/>
  <nd ref="4456557773"/>
  <nd ref="4456557770"/>
  <nd ref="4456557766"/>
  <nd ref="4456557765"/>
  <nd ref="4234294538"/>
  <nd ref="4234294380"/>
  <nd ref="4456557762"/>
  <nd ref="4456557760"/>
  <nd ref="4456557757"/>
  <nd ref="4456557754"/>
  <nd ref="4456557746"/>
  <nd ref="4456557741"/>
  <nd ref="4456557735"/>
  <nd ref="4456557724"/>
  <nd ref="4456557714"/>
  <nd ref="4456557705"/>
  <nd ref="4456557694"/>
  <nd ref="4456557685"/>
  <nd ref="4456557681"/>
  <nd ref="4456557679"/>
  <nd ref="4456557675"/>
  <nd ref="4456557682"/>
  <nd ref="4456557674"/>
  <nd ref="4456557678"/>
  <nd ref="4456557683"/>
  <nd ref="4456557676"/>
  <nd ref="4456557677"/>
  <nd ref="4456557687"/>
  <nd ref="4456557696"/>
  <nd ref="4456557700"/>
  <nd ref="4456557702"/>
  <nd ref="4456557701"/>
  <nd ref="4456557697"/>
  <nd ref="4456557691"/>
  <nd ref="4456557695"/>
  <nd ref="4456557693"/>
  <nd ref="4456557688"/>
  <nd ref="4456557670"/>
  <nd ref="4456557672"/>
  <nd ref="4456557671"/>
  <nd ref="4456557666"/>
  <nd ref="4456557665"/>
  <nd ref="4456557668"/>
  <nd ref="4456557667"/>
  <nd ref="4456557673"/>
  <nd ref="4456557680"/>
  <nd ref="4456557686"/>
  <nd ref="4456557692"/>
  <nd ref="4457811676"/>
  <nd ref="4456557699"/>
  <nd ref="4456557698"/>
  <nd ref="4456557690"/>
  <nd ref="4456557684"/>
  <nd ref="4456557669"/>
  <nd ref="4456557663"/>
  <nd ref="4456557662"/>
  <nd ref="4456557660"/>
  <nd ref="4456557657"/>
  <nd ref="4457811670"/>
  <nd ref="4456557655"/>
  <nd ref="4456557650"/>
  <nd ref="4456557646"/>
  <nd ref="4456557640"/>
  <nd ref="4456557637"/>
  <nd ref="4456557634"/>
  <nd ref="4456557633"/>
  <nd ref="4456557626"/>
  <nd ref="4456557630"/>
  <nd ref="4456557627"/>
  <nd ref="4456557625"/>
  <nd ref="4456557621"/>
  <nd ref="4456557624"/>
  <nd ref="4456557622"/>
  <nd ref="4456557623"/>
  <nd ref="4456557620"/>
  <nd ref="4456557615"/>
  <nd ref="4456557611"/>
  <nd ref="4457811659"/>
  <nd ref="4456557605"/>
  <nd ref="4456557593"/>
  <nd ref="4456557581"/>
  <nd ref="4456557568"/>
  <nd ref="4456557565"/>
  <nd ref="4456557563"/>
  <nd ref="4456557560"/>
  <nd ref="4456557561"/>
  <nd ref="4456557557"/>
  <nd ref="4456557558"/>
  <nd ref="4456557556"/>
  <nd ref="4457879638"/>
  <nd ref="4457879637"/>
  <nd ref="4456557552"/>
  <nd ref="4457879636"/>
  <nd ref="4456557548"/>
  <nd ref="4456557546"/>
  <nd ref="4457879635"/>
  <nd ref="4456557543"/>
  <nd ref="4456557527"/>
  <nd ref="4457879611"/>
  <nd ref="4456557528"/>
  <nd ref="4456557526"/>
  <nd ref="4456557519"/>
  <nd ref="4456557522"/>
  <nd ref="4456557520"/>
  <nd ref="4456557525"/>
  <nd ref="4456557518"/>
  <nd ref="4456557512"/>
  <nd ref="4456557505"/>
  <nd ref="4456557501"/>
  <nd ref="4456557498"/>
  <nd ref="4456557495"/>
  <nd ref="4456557493"/>
  <nd ref="4456557489"/>
  <nd ref="4456556588"/>
  <nd ref="4456556587"/>
  <nd ref="4456556585"/>
  <nd ref="4456556584"/>
  <nd ref="4456556580"/>
  <nd ref="4456556577"/>
  <nd ref="4456556573"/>
  <nd ref="4456556572"/>
  <nd ref="4456556570"/>
  <nd ref="4456556568"/>
  <nd ref="4456556566"/>
  <nd ref="4456556564"/>
  <nd ref="4456556561"/>
  <nd ref="4456556559"/>
  <nd ref="4456556557"/>
  <nd ref="4456556552"/>
  <nd ref="4456556551"/>
  <nd ref="4456556550"/>
  <nd ref="4456556545"/>
  <nd ref="4456556542"/>
  <nd ref="4456556540"/>
  <nd ref="4456556539"/>
  <nd ref="4456556537"/>
  <nd ref="4456556535"/>
  <nd ref="4456556533"/>
  <nd ref="4456556531"/>
  <nd ref="4456556530"/>
  <nd ref="4456556529"/>
  <nd ref="4456556527"/>
  <nd ref="4456556526"/>
  <nd ref="4456556524"/>
  <nd ref="4456556521"/>
  <nd ref="4456556516"/>
  <nd ref="4456556522"/>
  <nd ref="4456556520"/>
  <nd ref="4456556518"/>
  <nd ref="4456556517"/>
  <nd ref="4456556519"/>
  <tag k="name" v="Gravina San Marco"/>
  <tag k="natural" v="cliff"/>
  <tag k="tourism" v="attraction"/>
 </way>
 <way id="129844853" visible="true" version="3" changeset="36450851" timestamp="2016-01-08T18:37:39Z" user="demetrio_m" uid="196617">
  <nd ref="1431900480"/>
  <nd ref="1433282096"/>
  <nd ref="1431900482"/>
  <tag k="highway" v="residential"/>
  <tag k="name" v="Piazza dei Martiri"/>
  <tag k="oneway" v="yes"/>
  <tag k="surface" v="asphalt"/>
 </way>
 <way id="130010190" visible="true" version="3" changeset="58509907" timestamp="2018-04-28T17:59:06Z" user="corfede" uid="1960233">
  <nd ref="1433282080"/>
  <nd ref="1433282068"/>
  <nd ref="1433282061"/>
  <nd ref="1433282075"/>
  <nd ref="1433282080"/>
  <tag k="leisure" v="park"/>
  <tag k="name" v="Piazza Corsica"/>
 </way>
 <way id="130010191" visible="true" version="3" changeset="58567512" timestamp="2018-04-30T20:49:56Z" user="corfede" uid="1960233">
  <nd ref="1433282099"/>
  <nd ref="1433282077"/>
  <nd ref="1433282076"/>
  <nd ref="1433282100"/>
  <nd ref="1433282099"/>
  <tag k="leisure" v="park"/>
  <tag k="name" v="Piazza dei Martiri"/>
 </way>
 <way id="130010192" visible="true" version="2" changeset="9309055" timestamp="2011-09-15T15:37:53Z" user="rogh" uid="460936">
  <nd ref="1433570835"/>
  <nd ref="1433282115"/>
  <nd ref="1431900485"/>
  <tag k="highway" v="residential"/>
  <tag k="name" v="Via Armando Diaz"/>
  <tag k="oneway" v="yes"/>
 </way>
 <way id="130010193" visible="true" version="2" changeset="9309055" timestamp="2011-09-15T15:37:53Z" user="rogh" uid="460936">
  <nd ref="1431900482"/>
  <nd ref="1433282101"/>
  <nd ref="1433570834"/>
  <tag k="highway" v="residential"/>
  <tag k="name" v="Via Calvi"/>
  <tag k="oneway" v="yes"/>
 </way>
 <way id="130010194" visible="true" version="2" changeset="9306495" timestamp="2011-09-15T09:58:09Z" user="rogh" uid="460936">
  <nd ref="1433282082"/>
  <nd ref="1433298749"/>
  <nd ref="1433282095"/>
  <tag k="highway" v="residential"/>
  <tag k="name" v="Via Carlo Poma"/>
  <tag k="oneway" v="yes"/>
 </way>
 <way id="130010195" visible="true" version="2" changeset="58509907" timestamp="2018-04-28T17:59:06Z" user="corfede" uid="1960233">
  <nd ref="1093591811"/>
  <nd ref="5584829956"/>
  <nd ref="1433282078"/>
  <nd ref="1433282065"/>
  <nd ref="1433282059"/>
  <nd ref="1433282056"/>
  <tag k="highway" v="residential"/>
  <tag k="name" v="Via Dalmazia"/>
  <tag k="oneway" v="no"/>
  <tag k="source" v="PNC"/>
 </way>
 <way id="130010196" visible="true" version="2" changeset="9314359" timestamp="2011-09-16T09:13:56Z" user="noperante" uid="68842">
  <nd ref="1433282096"/>
  <nd ref="1433282084"/>
  <tag k="highway" v="residential"/>
  <tag k="name" v="Via Don Giovanni Grioli"/>
  <tag k="oneway" v="yes"/>
 </way>
 <way id="130010197" visible="true" version="3" changeset="9314359" timestamp="2011-09-16T09:13:58Z" user="noperante" uid="68842">
  <nd ref="1310713764"/>
  <nd ref="1431900483"/>
  <nd ref="1433282095"/>
  <nd ref="1431900479"/>
  <nd ref="1433298742"/>
  <tag k="highway" v="residential"/>
  <tag k="name" v="Via Montanari"/>
  <tag k="oneway" v="yes"/>
 </way>
 <way id="130010198" visible="true" version="2" changeset="57994948" timestamp="2018-04-11T07:51:43Z" user="DodoIt" uid="7974909">
  <nd ref="1431900482"/>
  <nd ref="1431900483"/>
  <tag k="highway" v="residential"/>
  <tag k="name" v="Via Amatore Sciesa"/>
 </way>
 <way id="130010199" visible="true" version="2" changeset="57657386" timestamp="2018-03-30T10:54:25Z" user="DodoIt" uid="7974909">
  <nd ref="1431900483"/>
  <nd ref="1433282102"/>
  <nd ref="1433282098"/>
  <tag k="highway" v="residential"/>
  <tag k="name" v="Via Amatore Sciesa"/>
  <tag k="oneway" v="yes"/>
 </way>
 <way id="130010201" visible="true" version="2" changeset="9314359" timestamp="2011-09-16T09:13:59Z" user="noperante" uid="68842">
  <nd ref="1433282119"/>
  <nd ref="1433282115"/>
  <nd ref="1433282101"/>
  <nd ref="1433282084"/>
  <nd ref="1433282079"/>
  <nd ref="1433282066"/>
  <tag k="highway" v="residential"/>
  <tag k="name" v="Via Tito Speri"/>
  <tag k="oneway" v="yes"/>
 </way>
 <way id="130010203" visible="true" version="3" changeset="57945560" timestamp="2018-04-09T16:22:24Z" user="DodoIt" uid="7974909">
  <nd ref="1310658033"/>
  <nd ref="5540676226"/>
  <nd ref="1433282059"/>
  <tag k="highway" v="residential"/>
  <tag k="name" v="Via Zambelli"/>
  <tag k="oneway" v="no"/>
 </way>
 <way id="130010205" visible="true" version="2" changeset="9306495" timestamp="2011-09-15T09:58:10Z" user="rogh" uid="460936">
  <nd ref="1433282079"/>
  <nd ref="1431900480"/>
  <nd ref="1431900479"/>
  <nd ref="1433298746"/>
  <nd ref="1310658033"/>
  <tag k="highway" v="residential"/>
  <tag k="name" v="Via Zambelli"/>
  <tag k="oneway" v="yes"/>
  <tag k="surface" v="asphalt"/>
 </way>
 <way id="130011356" visible="true" version="3" changeset="139833348" timestamp="2023-08-13T17:21:23Z" user="Mastrocom" uid="13802623">
  <nd ref="1433298737"/>
  <nd ref="1433298738"/>
  <nd ref="1433298739"/>
  <nd ref="1310658031"/>
  <nd ref="1433298740"/>
  <nd ref="1433298741"/>
  <nd ref="1433298742"/>
  <nd ref="1433282066"/>
  <nd ref="1433298744"/>
  <nd ref="1433570832"/>
  <tag k="highway" v="residential"/>
  <tag k="name" v="Via Giovanni Gentile"/>
  <tag k="name:etymology:wikidata" v="Q312295"/>
  <tag k="oneway" v="yes"/>
 </way>
 <way id="130011357" visible="true" version="13" changeset="111051230" timestamp="2021-09-11T07:26:40Z" user="that_dude" uid="11342958">
  <nd ref="1433570833"/>
  <nd ref="1433298748"/>
  <nd ref="4234286722"/>
  <nd ref="1314093165"/>
  <nd ref="1314093169"/>
  <nd ref="1314093190"/>
  <nd ref="1314093215"/>
  <nd ref="1314093171"/>
  <nd ref="4234282894"/>
  <nd ref="1314093178"/>
  <tag k="highway" v="residential"/>
  <tag k="lit" v="yes"/>
  <tag k="maxspeed" v="30"/>
  <tag k="name" v="Via Messapia"/>
  <tag k="oneway" v="yes"/>
  <tag k="sidewalk" v="none"/>
  <tag k="surface" v="asphalt"/>
  <tag k="width" v="2"/>
 </way>
 <way id="130011358" visible="true" version="1" changeset="9306495" timestamp="2011-09-15T09:58:08Z" user="rogh" uid="460936">
  <nd ref="1093591881"/>
  <nd ref="1433298750"/>
  <nd ref="1433282102"/>
  <nd ref="1433298749"/>
  <nd ref="1433298746"/>
  <nd ref="1433298741"/>
  <tag k="highway" v="residential"/>
  <tag k="name" v="Via Tazzoli"/>
  <tag k="oneway" v="yes"/>
 </way>
 <way id="130018251" visible="true" version="3" changeset="39914094" timestamp="2016-06-09T18:24:28Z" user="mcheckimport" uid="893327">
  <nd ref="1433380252"/>
  <nd ref="1433380262"/>
  <nd ref="1433380277"/>
  <nd ref="4234284938"/>
  <nd ref="1433380282"/>
  <nd ref="1433380285"/>
  <nd ref="1433380298"/>
  <nd ref="1433380300"/>
  <nd ref="1433298744"/>
  <nd ref="1433380301"/>
  <nd ref="1433380302"/>
  <tag k="highway" v="residential"/>
  <tag k="name" v="Vico I Cervi"/>
 </way>
 <way id="131484580" visible="true" version="6" changeset="58130838" timestamp="2018-04-16T08:53:34Z" user="DodoIt" uid="7974909">
  <nd ref="1446949172"/>
  <nd ref="1446949168"/>
  <tag k="bridge" v="yes"/>
  <tag k="highway" v="primary"/>
  <tag k="layer" v="1"/>
  <tag k="name" v="Viale Guglielmo Marconi"/>
  <tag k="oneway" v="no"/>
 </way>
 <way id="135642756" visible="true" version="17" changeset="62516093" timestamp="2018-09-12T10:48:30Z" user="Max Tenerelli" uid="616103">
  <nd ref="1489455650"/>
  <nd ref="1489455648"/>
  <nd ref="1424590511"/>
  <nd ref="1489455646"/>
  <nd ref="1489455644"/>
  <nd ref="1489455641"/>
  <nd ref="1489455637"/>
  <nd ref="1489455628"/>
  <nd ref="1489455629"/>
  <nd ref="1489455631"/>
  <nd ref="1489455624"/>
  <nd ref="1489455627"/>
  <nd ref="1489455625"/>
  <nd ref="1489455630"/>
  <nd ref="1489455638"/>
  <nd ref="1489455643"/>
  <nd ref="1489455647"/>
  <nd ref="1489455649"/>
  <nd ref="1489455653"/>
  <nd ref="1489455654"/>
  <nd ref="1489455657"/>
  <nd ref="1489455658"/>
  <nd ref="1489455663"/>
  <nd ref="1489455661"/>
  <nd ref="1489455670"/>
  <nd ref="1489455672"/>
  <nd ref="1489455673"/>
  <nd ref="1489455675"/>
  <nd ref="1489455678"/>
  <nd ref="1489455681"/>
  <nd ref="1489455683"/>
  <nd ref="1489455685"/>
  <nd ref="1489455687"/>
  <nd ref="1489455690"/>
  <nd ref="1489455697"/>
  <nd ref="1489455703"/>
  <nd ref="1489455706"/>
  <nd ref="1489455712"/>
  <nd ref="1489455717"/>
  <nd ref="1489455722"/>
  <nd ref="1489455727"/>
  <nd ref="1489455732"/>
  <nd ref="1489455733"/>
  <nd ref="1489455738"/>
  <nd ref="1489455740"/>
  <nd ref="1489455729"/>
  <nd ref="1489455725"/>
  <nd ref="1489455723"/>
  <nd ref="1489455724"/>
  <nd ref="1489455728"/>
  <nd ref="1489455734"/>
  <nd ref="1489455736"/>
  <nd ref="4456464448"/>
  <nd ref="5901608919"/>
  <nd ref="5901608269"/>
  <nd ref="5901608612"/>
  <nd ref="1489455750"/>
  <nd ref="1489455757"/>
  <nd ref="5901609046"/>
  <nd ref="1489455762"/>
  <nd ref="1424583047"/>
  <nd ref="4456464445"/>
  <nd ref="1489455771"/>
  <nd ref="1489455782"/>
  <nd ref="1489455784"/>
  <nd ref="1489455786"/>
  <nd ref="1489455790"/>
  <nd ref="5901608293"/>
  <nd ref="1489455796"/>
  <nd ref="1489455809"/>
  <nd ref="1489455810"/>
  <nd ref="1489455814"/>
  <nd ref="1489455819"/>
  <nd ref="1489455823"/>
  <nd ref="1489455824"/>
  <nd ref="1489455840"/>
  <nd ref="1489455837"/>
  <nd ref="4234288711"/>
  <nd ref="5901608626"/>
  <nd ref="1489455887"/>
  <nd ref="1489455895"/>
  <nd ref="5901608419"/>
  <nd ref="5901608961"/>
  <nd ref="5901608894"/>
  <nd ref="4234290978"/>
  <nd ref="4234291132"/>
  <nd ref="5901608299"/>
  <nd ref="4234291836"/>
  <nd ref="5901608378"/>
  <nd ref="1489455906"/>
  <nd ref="5901608324"/>
  <nd ref="5901608842"/>
  <nd ref="1489455913"/>
  <nd ref="1489455914"/>
  <nd ref="5901608654"/>
  <nd ref="1489455916"/>
  <nd ref="5901608376"/>
  <nd ref="1489455920"/>
  <nd ref="5901608321"/>
  <nd ref="5901608589"/>
  <nd ref="1489455921"/>
  <nd ref="1489455924"/>
  <nd ref="5901609040"/>
  <nd ref="5901608835"/>
  <nd ref="5901609070"/>
  <nd ref="5901608605"/>
  <nd ref="1424583140"/>
  <nd ref="1489455927"/>
  <nd ref="1424583117"/>
  <nd ref="4234296557"/>
  <nd ref="1489455929"/>
  <nd ref="4234297359"/>
  <nd ref="4456464414"/>
  <nd ref="4234297992"/>
  <nd ref="4456464413"/>
  <nd ref="1489455932"/>
  <nd ref="1489455930"/>
  <nd ref="1489455933"/>
  <nd ref="2304913740"/>
  <nd ref="1489455938"/>
  <nd ref="1489455943"/>
  <nd ref="5434898305"/>
  <nd ref="5398610192"/>
  <nd ref="1489455937"/>
  <nd ref="1489455939"/>
  <nd ref="1489455940"/>
  <nd ref="1489455946"/>
  <nd ref="1489455952"/>
  <nd ref="1489455951"/>
  <nd ref="1489455948"/>
  <nd ref="1489455944"/>
  <nd ref="1489455950"/>
  <nd ref="1489455949"/>
  <nd ref="1489455947"/>
  <nd ref="1489455945"/>
  <nd ref="1489455941"/>
  <nd ref="1489455942"/>
  <nd ref="1489455936"/>
  <nd ref="1489455934"/>
  <nd ref="1489455928"/>
  <nd ref="1489455925"/>
  <nd ref="1489455923"/>
  <nd ref="1489455919"/>
  <nd ref="1489455918"/>
  <nd ref="1489455917"/>
  <nd ref="1489455915"/>
  <nd ref="1489455911"/>
  <nd ref="1489455912"/>
  <nd ref="1489455910"/>
  <nd ref="1489455908"/>
  <nd ref="1489455905"/>
  <nd ref="1489455903"/>
  <nd ref="1489455904"/>
  <nd ref="1489455902"/>
  <nd ref="4234292066"/>
  <nd ref="1489455898"/>
  <nd ref="4234291655"/>
  <nd ref="4234291268"/>
  <nd ref="1489455896"/>
  <nd ref="1489455893"/>
  <nd ref="1489455890"/>
  <nd ref="1489455891"/>
  <nd ref="1489455888"/>
  <nd ref="4234289888"/>
  <nd ref="4457811653"/>
  <nd ref="1489455884"/>
  <nd ref="4457811599"/>
  <nd ref="1489455875"/>
  <nd ref="4234289240"/>
  <nd ref="4457811609"/>
  <nd ref="4234288811"/>
  <nd ref="4234288728"/>
  <nd ref="1489455871"/>
  <nd ref="4234288642"/>
  <nd ref="1489455854"/>
  <nd ref="1489455851"/>
  <nd ref="4234288153"/>
  <nd ref="4234288190"/>
  <nd ref="4234287958"/>
  <nd ref="4234287928"/>
  <nd ref="4234287757"/>
  <nd ref="4234287686"/>
  <nd ref="1489455846"/>
  <nd ref="1489455835"/>
  <nd ref="4457811657"/>
  <nd ref="1489455832"/>
  <nd ref="1489455830"/>
  <nd ref="1489455825"/>
  <nd ref="4234286806"/>
  <nd ref="4457879625"/>
  <nd ref="1424590502"/>
  <nd ref="1489455828"/>
  <nd ref="1489455831"/>
  <nd ref="1489455836"/>
  <nd ref="1424590537"/>
  <nd ref="1489455813"/>
  <nd ref="1489455808"/>
  <nd ref="1489455799"/>
  <nd ref="1489455793"/>
  <nd ref="1489455788"/>
  <nd ref="1489455780"/>
  <nd ref="4234281046"/>
  <nd ref="1489455768"/>
  <nd ref="4234281085"/>
  <nd ref="4234280901"/>
  <nd ref="1489455764"/>
  <nd ref="1489455756"/>
  <nd ref="1489455748"/>
  <nd ref="1489455747"/>
  <nd ref="1489455743"/>
  <nd ref="4234279182"/>
  <nd ref="1489455737"/>
  <nd ref="1489455739"/>
  <nd ref="1489455731"/>
  <nd ref="1489455730"/>
  <nd ref="1489455726"/>
  <nd ref="1489455721"/>
  <nd ref="1489455720"/>
  <nd ref="4457879616"/>
  <nd ref="1489455719"/>
  <nd ref="1489455716"/>
  <nd ref="4457879615"/>
  <nd ref="1489455718"/>
  <nd ref="1489455710"/>
  <nd ref="4457879614"/>
  <nd ref="1489455704"/>
  <nd ref="1489455698"/>
  <nd ref="4457879613"/>
  <nd ref="4456557490"/>
  <nd ref="4456556586"/>
  <nd ref="4456556583"/>
  <nd ref="4456556582"/>
  <nd ref="4456556581"/>
  <nd ref="4456556579"/>
  <nd ref="4456556578"/>
  <nd ref="4456556576"/>
  <nd ref="4456556575"/>
  <nd ref="4456556574"/>
  <nd ref="1489455677"/>
  <nd ref="4456556569"/>
  <nd ref="4456556567"/>
  <nd ref="4456556565"/>
  <nd ref="1489455669"/>
  <nd ref="1489455667"/>
  <nd ref="1489455665"/>
  <nd ref="1489455662"/>
  <nd ref="1489455656"/>
  <nd ref="1489455652"/>
  <nd ref="1489455650"/>
  <tag k="landuse" v="residential"/>
 </way>
 <way id="221458767" visible="true" version="8" changeset="147813467" timestamp="2024-02-23T14:00:41Z" user="Susymala" uid="14777719">
  <nd ref="298890591"/>
  <nd ref="1313976395"/>
  <nd ref="1313976393"/>
  <nd ref="1314037104"/>
  <nd ref="1432722501"/>
  <nd ref="298890593"/>
  <nd ref="1432722499"/>
  <nd ref="1431505293"/>
  <nd ref="1309949570"/>
  <nd ref="1309949571"/>
  <nd ref="298890595"/>
  <nd ref="1309942324"/>
  <nd ref="1314073268"/>
  <nd ref="1310713750"/>
  <nd ref="1432722492"/>
  <nd ref="1309942327"/>
  <nd ref="1314073266"/>
  <nd ref="298890597"/>
  <nd ref="1431505219"/>
  <nd ref="298890463"/>
  <tag k="highway" v="primary"/>
  <tag k="lane_markings" v="no"/>
  <tag k="maxspeed" v="50"/>
  <tag k="name" v="Via Massafra"/>
  <tag k="ref" v="SS581"/>
  <tag k="surface" v="asphalt"/>
 </way>
 <way id="280580136" visible="true" version="2" changeset="23209232" timestamp="2014-06-27T09:20:14Z" user="bvivi" uid="124550">
  <nd ref="1310713775"/>
  <nd ref="1432722493"/>
  <tag k="highway" v="residential"/>
  <tag k="name" v="Via Manzoni"/>
  <tag k="oneway" v="yes"/>
 </way>
 <way id="390272744" visible="true" version="1" changeset="36450851" timestamp="2016-01-08T18:37:38Z" user="demetrio_m" uid="196617">
  <nd ref="1431900482"/>
  <nd ref="1431900485"/>
  <nd ref="1431900486"/>
  <tag k="highway" v="residential"/>
  <tag k="name" v="Via Grazioli"/>
  <tag k="oneway" v="yes"/>
  <tag k="surface" v="asphalt"/>
 </way>
 <way id="423910784" visible="true" version="1" changeset="39914094" timestamp="2016-06-09T18:10:07Z" user="mcheckimport" uid="893327">
  <nd ref="4234291308"/>
  <nd ref="4234291263"/>
  <nd ref="4234291293"/>
  <nd ref="4234291282"/>
  <nd ref="4234291244"/>
  <nd ref="4234291214"/>
  <nd ref="4234290818"/>
  <nd ref="4234290984"/>
  <nd ref="4234291412"/>
  <nd ref="4234291338"/>
  <nd ref="4234291308"/>
 </way>
 <way id="423910786" visible="true" version="1" changeset="39914094" timestamp="2016-06-09T18:10:07Z" user="mcheckimport" uid="893327">
  <nd ref="4234289288"/>
  <nd ref="4234289150"/>
  <nd ref="4234289146"/>
  <nd ref="4234289070"/>
  <nd ref="4234289060"/>
  <nd ref="4234289142"/>
  <nd ref="4234289143"/>
  <nd ref="4234289243"/>
  <nd ref="4234289232"/>
  <nd ref="4234289268"/>
  <nd ref="4234289288"/>
 </way>
 <way id="423910793" visible="true" version="1" changeset="39914094" timestamp="2016-06-09T18:10:08Z" user="mcheckimport" uid="893327">
  <nd ref="4234289564"/>
  <nd ref="4234289621"/>
  <nd ref="4234289612"/>
  <nd ref="4234289671"/>
  <nd ref="4234289809"/>
  <nd ref="4234289897"/>
  <nd ref="4234289908"/>
  <nd ref="4234289876"/>
  <nd ref="4234289874"/>
  <nd ref="4234289605"/>
  <nd ref="4234289564"/>
 </way>
 <way id="423910803" visible="true" version="1" changeset="39914094" timestamp="2016-06-09T18:10:08Z" user="mcheckimport" uid="893327">
  <nd ref="4234288387"/>
  <nd ref="4234288354"/>
  <nd ref="4234288358"/>
  <nd ref="4234288308"/>
  <nd ref="4234288311"/>
  <nd ref="4234288291"/>
  <nd ref="4234288280"/>
  <nd ref="4234288335"/>
  <nd ref="4234288329"/>
  <nd ref="4234288374"/>
  <nd ref="4234288387"/>
 </way>
 <way id="423910804" visible="true" version="1" changeset="39914094" timestamp="2016-06-09T18:10:08Z" user="mcheckimport" uid="893327">
  <nd ref="4234290166"/>
  <nd ref="4234290150"/>
  <nd ref="4234290172"/>
  <nd ref="4234290142"/>
  <nd ref="4234289513"/>
  <nd ref="4234289586"/>
  <nd ref="4234289580"/>
  <nd ref="4234289793"/>
  <nd ref="4234290508"/>
  <nd ref="4234290187"/>
  <nd ref="4234290166"/>
 </way>
 <way id="423910815" visible="true" version="1" changeset="39914094" timestamp="2016-06-09T18:10:09Z" user="mcheckimport" uid="893327">
  <nd ref="4234289098"/>
  <nd ref="4234289039"/>
  <nd ref="4234289068"/>
  <nd ref="4234289043"/>
  <nd ref="4234289057"/>
  <nd ref="4234289013"/>
  <nd ref="4234288969"/>
  <nd ref="4234289030"/>
  <nd ref="4234289014"/>
  <nd ref="4234289067"/>
  <nd ref="4234289098"/>
 </way>
 <way id="423910835" visible="true" version="1" changeset="39914094" timestamp="2016-06-09T18:10:27Z" user="mcheckimport" uid="893327">
  <nd ref="4234289904"/>
  <nd ref="4234289878"/>
  <nd ref="4234289979"/>
  <nd ref="4234290111"/>
  <nd ref="4234289969"/>
  <nd ref="4234289973"/>
  <nd ref="4234290124"/>
  <nd ref="4234290153"/>
  <nd ref="4234289951"/>
  <nd ref="4234289922"/>
  <nd ref="4234289904"/>
 </way>
 <way id="423910836" visible="true" version="1" changeset="39914094" timestamp="2016-06-09T18:10:27Z" user="mcheckimport" uid="893327">
  <nd ref="4234292283"/>
  <nd ref="4234291676"/>
  <nd ref="4234291793"/>
  <nd ref="4234291802"/>
  <nd ref="4234291806"/>
  <nd ref="4234291800"/>
  <nd ref="4234291841"/>
  <nd ref="4234291884"/>
  <nd ref="4234291886"/>
  <nd ref="4234292386"/>
  <nd ref="4234292283"/>
 </way>
 <way id="423910846" visible="true" version="1" changeset="39914094" timestamp="2016-06-09T18:10:27Z" user="mcheckimport" uid="893327">
  <nd ref="4234288939"/>
  <nd ref="4234288841"/>
  <nd ref="4234288846"/>
  <nd ref="4234288729"/>
  <nd ref="4234288734"/>
  <nd ref="4234288776"/>
  <nd ref="4234288781"/>
  <nd ref="4234288927"/>
  <nd ref="4234288918"/>
  <nd ref="4234288943"/>
  <nd ref="4234288939"/>
 </way>
 <way id="423910862" visible="true" version="1" changeset="39914094" timestamp="2016-06-09T18:10:28Z" user="mcheckimport" uid="893327">
  <nd ref="4234289286"/>
  <nd ref="4234289301"/>
  <nd ref="4234289188"/>
  <nd ref="4234288831"/>
  <nd ref="4234288860"/>
  <nd ref="4234288810"/>
  <nd ref="4234288974"/>
  <nd ref="4234289364"/>
  <nd ref="4234289318"/>
  <nd ref="4234289299"/>
  <nd ref="4234289286"/>
 </way>
 <way id="423910863" visible="true" version="1" changeset="39914094" timestamp="2016-06-09T18:10:28Z" user="mcheckimport" uid="893327">
  <nd ref="4234288785"/>
  <nd ref="4234288723"/>
  <nd ref="4234288724"/>
  <nd ref="4234288694"/>
  <nd ref="4234288693"/>
  <nd ref="4234288665"/>
  <nd ref="4234288674"/>
  <nd ref="4234288874"/>
  <nd ref="4234288864"/>
  <nd ref="4234288789"/>
  <nd ref="4234288785"/>
 </way>
 <way id="423910866" visible="true" version="1" changeset="39914094" timestamp="2016-06-09T18:10:28Z" user="mcheckimport" uid="893327">
  <nd ref="4234291532"/>
  <nd ref="4234291507"/>
  <nd ref="4234291531"/>
  <nd ref="4234291465"/>
  <nd ref="4234291471"/>
  <nd ref="4234291298"/>
  <nd ref="4234291275"/>
  <nd ref="4234291422"/>
  <nd ref="4234291390"/>
  <nd ref="4234291508"/>
  <nd ref="4234291532"/>
 </way>
 <way id="423910873" visible="true" version="1" changeset="39914094" timestamp="2016-06-09T18:10:29Z" user="mcheckimport" uid="893327">
  <nd ref="4234289289"/>
  <nd ref="4234289139"/>
  <nd ref="4234289125"/>
  <nd ref="4234289066"/>
  <nd ref="4234289052"/>
  <nd ref="4234289284"/>
  <nd ref="4234289307"/>
  <nd ref="4234289319"/>
  <nd ref="4234289329"/>
  <nd ref="4234289302"/>
  <nd ref="4234289289"/>
 </way>
 <way id="423910896" visible="true" version="1" changeset="39914094" timestamp="2016-06-09T18:10:30Z" user="mcheckimport" uid="893327">
  <nd ref="4234290880"/>
  <nd ref="4234290811"/>
  <nd ref="4234290809"/>
  <nd ref="4234290090"/>
  <nd ref="4234290317"/>
  <nd ref="4234290364"/>
  <nd ref="4234290697"/>
  <nd ref="4234290689"/>
  <nd ref="4234290748"/>
  <nd ref="4234290792"/>
  <nd ref="4234291022"/>
  <nd ref="4234290880"/>
 </way>
 <way id="423910912" visible="true" version="1" changeset="39914094" timestamp="2016-06-09T18:10:31Z" user="mcheckimport" uid="893327">
  <nd ref="4234292250"/>
  <nd ref="4234292071"/>
  <nd ref="4234291571"/>
  <nd ref="4234291796"/>
  <nd ref="4234291845"/>
  <nd ref="4234291857"/>
  <nd ref="4234292008"/>
  <nd ref="4234292004"/>
  <nd ref="4234292070"/>
  <nd ref="4234292215"/>
  <nd ref="4234292206"/>
  <nd ref="4234292250"/>
 </way>
 <way id="423910914" visible="true" version="1" changeset="39914094" timestamp="2016-06-09T18:10:31Z" user="mcheckimport" uid="893327">
  <nd ref="4234289569"/>
  <nd ref="4234289384"/>
  <nd ref="4234288998"/>
  <nd ref="4234289200"/>
  <nd ref="4234289394"/>
  <nd ref="4234289385"/>
  <nd ref="4234289479"/>
  <nd ref="4234289519"/>
  <nd ref="4234289511"/>
  <nd ref="4234289543"/>
  <nd ref="4234289570"/>
  <nd ref="4234289569"/>
 </way>
 <way id="423910930" visible="true" version="1" changeset="39914094" timestamp="2016-06-09T18:10:32Z" user="mcheckimport" uid="893327">
  <nd ref="4234289168"/>
  <nd ref="4234289175"/>
  <nd ref="4234289153"/>
  <nd ref="4234289156"/>
  <nd ref="4234289242"/>
  <nd ref="4234289239"/>
  <nd ref="4234289220"/>
  <nd ref="4234289218"/>
  <nd ref="4234289207"/>
  <nd ref="4234289206"/>
  <nd ref="4234289202"/>
  <nd ref="4234289194"/>
  <nd ref="4234289168"/>
 </way>
 <way id="423910932" visible="true" version="1" changeset="39914094" timestamp="2016-06-09T18:10:32Z" user="mcheckimport" uid="893327">
  <nd ref="4234289027"/>
  <nd ref="4234288692"/>
  <nd ref="4234288656"/>
  <nd ref="4234289181"/>
  <nd ref="4234289191"/>
  <nd ref="4234289196"/>
  <nd ref="4234289204"/>
  <nd ref="4234289205"/>
  <nd ref="4234289198"/>
  <nd ref="4234289190"/>
  <nd ref="4234289183"/>
  <nd ref="4234289174"/>
  <nd ref="4234289027"/>
 </way>
 <way id="423910945" visible="true" version="1" changeset="39914094" timestamp="2016-06-09T18:10:33Z" user="mcheckimport" uid="893327">
  <nd ref="4234288250"/>
  <nd ref="4234287796"/>
  <nd ref="4234287855"/>
  <nd ref="4234287886"/>
  <nd ref="4234287902"/>
  <nd ref="4234287870"/>
  <nd ref="4234287957"/>
  <nd ref="4234288155"/>
  <nd ref="4234288123"/>
  <nd ref="4234288159"/>
  <nd ref="4234288180"/>
  <nd ref="4234288360"/>
  <nd ref="4234288250"/>
 </way>
 <way id="423910948" visible="true" version="1" changeset="39914094" timestamp="2016-06-09T18:10:33Z" user="mcheckimport" uid="893327">
  <nd ref="4234288680"/>
  <nd ref="4234288670"/>
  <nd ref="4234288755"/>
  <nd ref="4234288767"/>
  <nd ref="4234288784"/>
  <nd ref="4234288808"/>
  <nd ref="4234288790"/>
  <nd ref="4234288823"/>
  <nd ref="4234288782"/>
  <nd ref="4234288777"/>
  <nd ref="4234288770"/>
  <nd ref="4234288750"/>
  <nd ref="4234288680"/>
 </way>
 <way id="423910953" visible="true" version="1" changeset="39914094" timestamp="2016-06-09T18:10:33Z" user="mcheckimport" uid="893327">
  <nd ref="4234289264"/>
  <nd ref="4234289279"/>
  <nd ref="4234289270"/>
  <nd ref="4234289296"/>
  <nd ref="4234289308"/>
  <nd ref="4234289305"/>
  <nd ref="4234289330"/>
  <nd ref="4234289372"/>
  <nd ref="4234289392"/>
  <nd ref="4234289312"/>
  <nd ref="4234289306"/>
  <nd ref="4234289295"/>
  <nd ref="4234289264"/>
 </way>
 <way id="423910957" visible="true" version="1" changeset="39914094" timestamp="2016-06-09T18:10:33Z" user="mcheckimport" uid="893327">
  <nd ref="4234288281"/>
  <nd ref="4234288134"/>
  <nd ref="4234288166"/>
  <nd ref="4234288044"/>
  <nd ref="4234288009"/>
  <nd ref="4234287826"/>
  <nd ref="4234288008"/>
  <nd ref="4234288175"/>
  <nd ref="4234288147"/>
  <nd ref="4234288244"/>
  <nd ref="4234288279"/>
  <nd ref="4234288499"/>
  <nd ref="4234288281"/>
 </way>
 <way id="423910962" visible="true" version="1" changeset="39914094" timestamp="2016-06-09T18:10:34Z" user="mcheckimport" uid="893327">
  <nd ref="4234292281"/>
  <nd ref="4234292273"/>
  <nd ref="4234292282"/>
  <nd ref="4234292268"/>
  <nd ref="4234291797"/>
  <nd ref="4234291805"/>
  <nd ref="4234291807"/>
  <nd ref="4234291809"/>
  <nd ref="4234291814"/>
  <nd ref="4234291820"/>
  <nd ref="4234292299"/>
  <nd ref="4234292292"/>
  <nd ref="4234292281"/>
 </way>
 <way id="423910964" visible="true" version="1" changeset="39914094" timestamp="2016-06-09T18:10:34Z" user="mcheckimport" uid="893327">
  <nd ref="4234289211"/>
  <nd ref="4234289300"/>
  <nd ref="4234289403"/>
  <nd ref="4234289411"/>
  <nd ref="4234289444"/>
  <nd ref="4234289434"/>
  <nd ref="4234289555"/>
  <nd ref="4234289553"/>
  <nd ref="4234289537"/>
  <nd ref="4234289514"/>
  <nd ref="4234289628"/>
  <nd ref="4234289577"/>
  <nd ref="4234289211"/>
 </way>
 <way id="423910968" visible="true" version="1" changeset="39914094" timestamp="2016-06-09T18:10:34Z" user="mcheckimport" uid="893327">
  <nd ref="4234289126"/>
  <nd ref="4234289047"/>
  <nd ref="4234289059"/>
  <nd ref="4234289083"/>
  <nd ref="4234289095"/>
  <nd ref="4234288952"/>
  <nd ref="4234288871"/>
  <nd ref="4234288830"/>
  <nd ref="4234289006"/>
  <nd ref="4234288984"/>
  <nd ref="4234289026"/>
  <nd ref="4234289106"/>
  <nd ref="4234289126"/>
 </way>
 <way id="423910969" visible="true" version="1" changeset="39914094" timestamp="2016-06-09T18:10:34Z" user="mcheckimport" uid="893327">
  <nd ref="4234290970"/>
  <nd ref="4234290899"/>
  <nd ref="4234290906"/>
  <nd ref="4234290918"/>
  <nd ref="4234290924"/>
  <nd ref="4234290876"/>
  <nd ref="4234290874"/>
  <nd ref="4234290845"/>
  <nd ref="4234290839"/>
  <nd ref="4234290873"/>
  <nd ref="4234290864"/>
  <nd ref="4234290964"/>
  <nd ref="4234290970"/>
 </way>
 <way id="423910974" visible="true" version="1" changeset="39914094" timestamp="2016-06-09T18:10:34Z" user="mcheckimport" uid="893327">
  <nd ref="4234289324"/>
  <nd ref="4234288988"/>
  <nd ref="4234289003"/>
  <nd ref="4234288332"/>
  <nd ref="4234288544"/>
  <nd ref="4234289140"/>
  <nd ref="4234289096"/>
  <nd ref="4234289177"/>
  <nd ref="4234289189"/>
  <nd ref="4234289160"/>
  <nd ref="4234289199"/>
  <nd ref="4234289442"/>
  <nd ref="4234289324"/>
 </way>
 <way id="423910994" visible="true" version="1" changeset="39914094" timestamp="2016-06-09T18:10:36Z" user="mcheckimport" uid="893327">
  <nd ref="4234290733"/>
  <nd ref="4234289856"/>
  <nd ref="4234289978"/>
  <nd ref="4234290384"/>
  <nd ref="4234290366"/>
  <nd ref="4234290358"/>
  <nd ref="4234290523"/>
  <nd ref="4234290533"/>
  <nd ref="4234290561"/>
  <nd ref="4234290575"/>
  <nd ref="4234290830"/>
  <nd ref="4234290833"/>
  <nd ref="4234290856"/>
  <nd ref="4234290733"/>
 </way>
 <way id="423910995" visible="true" version="1" changeset="39914094" timestamp="2016-06-09T18:10:36Z" user="mcheckimport" uid="893327">
  <nd ref="4234286438"/>
  <nd ref="4234286394"/>
  <nd ref="4234286429"/>
  <nd ref="4234286263"/>
  <nd ref="4234286198"/>
  <nd ref="4234286049"/>
  <nd ref="4234286018"/>
  <nd ref="4234286252"/>
  <nd ref="4234285282"/>
  <nd ref="4234285010"/>
  <nd ref="4234284720"/>
  <nd ref="4234284950"/>
  <nd ref="4234284405"/>
  <nd ref="4234284358"/>
  <nd ref="4234284475"/>
  <nd ref="4234284514"/>
  <nd ref="4234284746"/>
  <nd ref="4234284696"/>
  <nd ref="4234284756"/>
  <nd ref="4234284669"/>
  <nd ref="4234284529"/>
  <nd ref="4234284576"/>
  <nd ref="4234284433"/>
  <nd ref="4234284365"/>
  <nd ref="4234284335"/>
  <nd ref="4234284287"/>
  <nd ref="4234284236"/>
  <nd ref="4234284139"/>
  <nd ref="4234284161"/>
  <nd ref="4234284207"/>
  <nd ref="4234284228"/>
  <nd ref="4234284251"/>
  <nd ref="4234284281"/>
  <nd ref="4234284223"/>
  <nd ref="4234284087"/>
  <nd ref="4234283872"/>
  <nd ref="4234283940"/>
  <nd ref="4234283962"/>
  <nd ref="4234284055"/>
  <nd ref="4234284285"/>
  <nd ref="4234284659"/>
  <nd ref="4234284667"/>
  <nd ref="4234284730"/>
  <nd ref="4234284774"/>
  <nd ref="4234285089"/>
  <nd ref="4234285211"/>
  <nd ref="4234285360"/>
  <nd ref="4234285382"/>
  <nd ref="4234285290"/>
  <nd ref="4234285309"/>
  <nd ref="4234284927"/>
  <nd ref="4234284976"/>
  <nd ref="4234285045"/>
  <nd ref="4234285043"/>
  <nd ref="4234285197"/>
  <nd ref="4234285215"/>
  <nd ref="4234285178"/>
  <nd ref="4234285189"/>
  <nd ref="4234285225"/>
  <nd ref="4234285247"/>
  <nd ref="4234285208"/>
  <nd ref="4234285222"/>
  <nd ref="4234285505"/>
  <nd ref="4234285560"/>
  <nd ref="4234285133"/>
  <nd ref="4234285079"/>
  <nd ref="4234284986"/>
  <nd ref="4234284917"/>
  <nd ref="4234284710"/>
  <nd ref="4234284648"/>
  <nd ref="4234284526"/>
  <nd ref="4234284167"/>
  <nd ref="4234284179"/>
  <nd ref="4234284340"/>
  <nd ref="4234284368"/>
  <nd ref="4234284279"/>
  <nd ref="4234284292"/>
  <nd ref="4234284474"/>
  <nd ref="4234284492"/>
  <nd ref="4234284627"/>
  <nd ref="4234284652"/>
  <nd ref="4234284743"/>
  <nd ref="4234284675"/>
  <nd ref="4234284665"/>
  <nd ref="4234284641"/>
  <nd ref="4234284485"/>
  <nd ref="4234284469"/>
  <nd ref="4234284303"/>
  <nd ref="4234284324"/>
  <nd ref="4234284182"/>
  <nd ref="4234284271"/>
  <nd ref="4234284606"/>
  <nd ref="4234285337"/>
  <nd ref="4234285739"/>
  <nd ref="4234285731"/>
  <nd ref="4234285803"/>
  <nd ref="4234285852"/>
  <nd ref="4234285776"/>
  <nd ref="4234285796"/>
  <nd ref="4234285499"/>
  <nd ref="4234285373"/>
  <nd ref="4234284916"/>
  <nd ref="4234284942"/>
  <nd ref="4234284723"/>
  <nd ref="4234284719"/>
  <nd ref="4234284567"/>
  <nd ref="4234284601"/>
  <nd ref="4234284472"/>
  <nd ref="4234284479"/>
  <nd ref="4234284776"/>
  <nd ref="4234284759"/>
  <nd ref="4234284890"/>
  <nd ref="4234284911"/>
  <nd ref="4234285024"/>
  <nd ref="4234285025"/>
  <nd ref="4234285303"/>
  <nd ref="4234285276"/>
  <nd ref="4234285584"/>
  <nd ref="4234285569"/>
  <nd ref="4234285854"/>
  <nd ref="4234286029"/>
  <nd ref="4234286044"/>
  <nd ref="4234286202"/>
  <nd ref="4234286088"/>
  <nd ref="4234286462"/>
  <nd ref="4234286517"/>
  <nd ref="4234286505"/>
  <nd ref="4234286714"/>
  <nd ref="4234286751"/>
  <nd ref="4234286825"/>
  <nd ref="4234286438"/>
 </way>
 <way id="423910997" visible="true" version="1" changeset="39914094" timestamp="2016-06-09T18:10:36Z" user="mcheckimport" uid="893327">
  <nd ref="4234289857"/>
  <nd ref="4234289792"/>
  <nd ref="4234289804"/>
  <nd ref="4234289653"/>
  <nd ref="4234289665"/>
  <nd ref="4234289634"/>
  <nd ref="4234289624"/>
  <nd ref="4234289604"/>
  <nd ref="4234289582"/>
  <nd ref="4234289674"/>
  <nd ref="4234289661"/>
  <nd ref="4234289789"/>
  <nd ref="4234289679"/>
  <nd ref="4234289835"/>
  <nd ref="4234289857"/>
 </way>
 <way id="423910998" visible="true" version="1" changeset="39914094" timestamp="2016-06-09T18:10:36Z" user="mcheckimport" uid="893327">
  <nd ref="4234288073"/>
  <nd ref="4234288013"/>
  <nd ref="4234288019"/>
  <nd ref="4234287931"/>
  <nd ref="4234287893"/>
  <nd ref="4234287871"/>
  <nd ref="4234287792"/>
  <nd ref="4234287898"/>
  <nd ref="4234287936"/>
  <nd ref="4234287971"/>
  <nd ref="4234287995"/>
  <nd ref="4234287963"/>
  <nd ref="4234287984"/>
  <nd ref="4234288042"/>
  <nd ref="4234288073"/>
 </way>
 <way id="423911000" visible="true" version="1" changeset="39914094" timestamp="2016-06-09T18:10:36Z" user="mcheckimport" uid="893327">
  <nd ref="4234286867"/>
  <nd ref="4234286473"/>
  <nd ref="4234286492"/>
  <nd ref="4234286435"/>
  <nd ref="4234286407"/>
  <nd ref="4234286039"/>
  <nd ref="4234286071"/>
  <nd ref="4234286217"/>
  <nd ref="4234286247"/>
  <nd ref="4234286197"/>
  <nd ref="4234286219"/>
  <nd ref="4234285994"/>
  <nd ref="4234286227"/>
  <nd ref="4234287012"/>
  <nd ref="4234286867"/>
 </way>
 <way id="423911002" visible="true" version="1" changeset="39914094" timestamp="2016-06-09T18:10:37Z" user="mcheckimport" uid="893327">
  <nd ref="4234289399"/>
  <nd ref="4234289355"/>
  <nd ref="4234289391"/>
  <nd ref="4234289415"/>
  <nd ref="4234289475"/>
  <nd ref="4234289506"/>
  <nd ref="4234289610"/>
  <nd ref="4234289629"/>
  <nd ref="4234289558"/>
  <nd ref="4234289548"/>
  <nd ref="4234289429"/>
  <nd ref="4234289419"/>
  <nd ref="4234289414"/>
  <nd ref="4234289410"/>
  <nd ref="4234289399"/>
 </way>
 <way id="423911015" visible="true" version="1" changeset="39914094" timestamp="2016-06-09T18:10:37Z" user="mcheckimport" uid="893327">
  <nd ref="4234289099"/>
  <nd ref="4234289090"/>
  <nd ref="4234289114"/>
  <nd ref="4234289103"/>
  <nd ref="4234289071"/>
  <nd ref="4234289042"/>
  <nd ref="4234289107"/>
  <nd ref="4234289110"/>
  <nd ref="4234289149"/>
  <nd ref="4234289155"/>
  <nd ref="4234289165"/>
  <nd ref="4234289203"/>
  <nd ref="4234289229"/>
  <nd ref="4234289238"/>
  <nd ref="4234289099"/>
 </way>
 <way id="423911019" visible="true" version="1" changeset="39914094" timestamp="2016-06-09T18:10:38Z" user="mcheckimport" uid="893327">
  <nd ref="4234289018"/>
  <nd ref="4234288966"/>
  <nd ref="4234288975"/>
  <nd ref="4234288910"/>
  <nd ref="4234288905"/>
  <nd ref="4234288721"/>
  <nd ref="4234288704"/>
  <nd ref="4234288747"/>
  <nd ref="4234288742"/>
  <nd ref="4234288863"/>
  <nd ref="4234288880"/>
  <nd ref="4234288956"/>
  <nd ref="4234288949"/>
  <nd ref="4234289009"/>
  <nd ref="4234289018"/>
 </way>
 <way id="423911020" visible="true" version="1" changeset="39914094" timestamp="2016-06-09T18:10:38Z" user="mcheckimport" uid="893327">
  <nd ref="4234290823"/>
  <nd ref="4234290703"/>
  <nd ref="4234290690"/>
  <nd ref="4234290711"/>
  <nd ref="4234290577"/>
  <nd ref="4234290539"/>
  <nd ref="4234290501"/>
  <nd ref="4234290699"/>
  <nd ref="4234290710"/>
  <nd ref="4234290765"/>
  <nd ref="4234290797"/>
  <nd ref="4234290737"/>
  <nd ref="4234290749"/>
  <nd ref="4234290812"/>
  <nd ref="4234290823"/>
 </way>
 <way id="423911035" visible="true" version="1" changeset="39914094" timestamp="2016-06-09T18:10:39Z" user="mcheckimport" uid="893327">
  <nd ref="4234287307"/>
  <nd ref="4234287261"/>
  <nd ref="4234287277"/>
  <nd ref="4234287248"/>
  <nd ref="4234287264"/>
  <nd ref="4234287188"/>
  <nd ref="4234287171"/>
  <nd ref="4234287213"/>
  <nd ref="4234287200"/>
  <nd ref="4234286971"/>
  <nd ref="4234286925"/>
  <nd ref="4234287105"/>
  <nd ref="4234287098"/>
  <nd ref="4234287254"/>
  <nd ref="4234287307"/>
 </way>
 <way id="423911047" visible="true" version="1" changeset="39914094" timestamp="2016-06-09T18:10:40Z" user="mcheckimport" uid="893327">
  <nd ref="4234289011"/>
  <nd ref="4234288958"/>
  <nd ref="4234288959"/>
  <nd ref="4234288866"/>
  <nd ref="4234288875"/>
  <nd ref="4234288818"/>
  <nd ref="4234288822"/>
  <nd ref="4234288838"/>
  <nd ref="4234288887"/>
  <nd ref="4234288916"/>
  <nd ref="4234288923"/>
  <nd ref="4234288953"/>
  <nd ref="4234288961"/>
  <nd ref="4234288976"/>
  <nd ref="4234288997"/>
  <nd ref="4234288983"/>
  <nd ref="4234289011"/>
 </way>
 <way id="423911061" visible="true" version="2" changeset="50052445" timestamp="2017-07-05T08:24:05Z" user="landfahrer" uid="1069176">
  <nd ref="4234287911"/>
  <nd ref="4234288012"/>
  <nd ref="4234287991"/>
  <nd ref="4234288051"/>
  <nd ref="4234288084"/>
  <nd ref="4234288059"/>
  <nd ref="4234288070"/>
  <nd ref="4234288014"/>
  <nd ref="4234288026"/>
  <nd ref="4234287943"/>
  <nd ref="4234287911"/>
 </way>
 <way id="423911063" visible="true" version="1" changeset="39914094" timestamp="2016-06-09T18:10:41Z" user="mcheckimport" uid="893327">
  <nd ref="4234290506"/>
  <nd ref="4234290188"/>
  <nd ref="4234290313"/>
  <nd ref="4234290123"/>
  <nd ref="4234289988"/>
  <nd ref="4234290114"/>
  <nd ref="4234290116"/>
  <nd ref="4234290310"/>
  <nd ref="4234290174"/>
  <nd ref="4234290336"/>
  <nd ref="4234290311"/>
  <nd ref="4234290342"/>
  <nd ref="4234290490"/>
  <nd ref="4234290543"/>
  <nd ref="4234290559"/>
  <nd ref="4234290510"/>
  <nd ref="4234290506"/>
 </way>
 <way id="423911074" visible="true" version="1" changeset="39914094" timestamp="2016-06-09T18:10:42Z" user="mcheckimport" uid="893327">
  <nd ref="4234291367"/>
  <nd ref="4234291339"/>
  <nd ref="4234291353"/>
  <nd ref="4234291319"/>
  <nd ref="4234291354"/>
  <nd ref="4234291236"/>
  <nd ref="4234291210"/>
  <nd ref="4234291295"/>
  <nd ref="4234291283"/>
  <nd ref="4234291294"/>
  <nd ref="4234291284"/>
  <nd ref="4234291230"/>
  <nd ref="4234291235"/>
  <nd ref="4234291197"/>
  <nd ref="4234291178"/>
  <nd ref="4234291286"/>
  <nd ref="4234291312"/>
  <nd ref="4234291359"/>
  <nd ref="4234291367"/>
 </way>
 <way id="423911075" visible="true" version="1" changeset="39914094" timestamp="2016-06-09T18:10:42Z" user="mcheckimport" uid="893327">
  <nd ref="4234291026"/>
  <nd ref="4234290990"/>
  <nd ref="4234291008"/>
  <nd ref="4234290878"/>
  <nd ref="4234290858"/>
  <nd ref="4234290941"/>
  <nd ref="4234290930"/>
  <nd ref="4234290966"/>
  <nd ref="4234290988"/>
  <nd ref="4234291018"/>
  <nd ref="4234291006"/>
  <nd ref="4234291014"/>
  <nd ref="4234291004"/>
  <nd ref="4234291051"/>
  <nd ref="4234291062"/>
  <nd ref="4234291052"/>
  <nd ref="4234291070"/>
  <nd ref="4234291043"/>
  <nd ref="4234291026"/>
 </way>
 <way id="423911076" visible="true" version="1" changeset="39914094" timestamp="2016-06-09T18:10:42Z" user="mcheckimport" uid="893327">
  <nd ref="4234287905"/>
  <nd ref="4234287862"/>
  <nd ref="4234287711"/>
  <nd ref="4234287756"/>
  <nd ref="4234287779"/>
  <nd ref="4234287818"/>
  <nd ref="4234287840"/>
  <nd ref="4234287802"/>
  <nd ref="4234287797"/>
  <nd ref="4234287668"/>
  <nd ref="4234287648"/>
  <nd ref="4234287421"/>
  <nd ref="4234287753"/>
  <nd ref="4234288060"/>
  <nd ref="4234288055"/>
  <nd ref="4234288142"/>
  <nd ref="4234288149"/>
  <nd ref="4234288228"/>
  <nd ref="4234287905"/>
 </way>
 <way id="423911084" visible="true" version="1" changeset="39914094" timestamp="2016-06-09T18:10:42Z" user="mcheckimport" uid="893327">
  <nd ref="4234290806"/>
  <nd ref="4234290725"/>
  <nd ref="4234290728"/>
  <nd ref="4234290518"/>
  <nd ref="4234290526"/>
  <nd ref="4234290331"/>
  <nd ref="4234290325"/>
  <nd ref="4234290299"/>
  <nd ref="4234290296"/>
  <nd ref="4234290144"/>
  <nd ref="4234290137"/>
  <nd ref="4234290324"/>
  <nd ref="4234290329"/>
  <nd ref="4234290519"/>
  <nd ref="4234290515"/>
  <nd ref="4234290553"/>
  <nd ref="4234290549"/>
  <nd ref="4234290800"/>
  <nd ref="4234290806"/>
 </way>
 <way id="423911087" visible="true" version="1" changeset="39914094" timestamp="2016-06-09T18:10:43Z" user="mcheckimport" uid="893327">
  <nd ref="4234288903"/>
  <nd ref="4234288356"/>
  <nd ref="4234288379"/>
  <nd ref="4234288508"/>
  <nd ref="4234288537"/>
  <nd ref="4234288509"/>
  <nd ref="4234288595"/>
  <nd ref="4234288779"/>
  <nd ref="4234288756"/>
  <nd ref="4234288708"/>
  <nd ref="4234288684"/>
  <nd ref="4234288801"/>
  <nd ref="4234288814"/>
  <nd ref="4234288839"/>
  <nd ref="4234288869"/>
  <nd ref="4234288780"/>
  <nd ref="4234288821"/>
  <nd ref="4234289007"/>
  <nd ref="4234288903"/>
 </way>
 <way id="423911100" visible="true" version="1" changeset="39914094" timestamp="2016-06-09T18:10:44Z" user="mcheckimport" uid="893327">
  <nd ref="4234289127"/>
  <nd ref="4234288809"/>
  <nd ref="4234288798"/>
  <nd ref="4234288714"/>
  <nd ref="4234288743"/>
  <nd ref="4234288640"/>
  <nd ref="4234288632"/>
  <nd ref="4234288572"/>
  <nd ref="4234288581"/>
  <nd ref="4234288357"/>
  <nd ref="4234288363"/>
  <nd ref="4234288319"/>
  <nd ref="4234288323"/>
  <nd ref="4234288248"/>
  <nd ref="4234288251"/>
  <nd ref="4234288206"/>
  <nd ref="4234288296"/>
  <nd ref="4234288935"/>
  <nd ref="4234288947"/>
  <nd ref="4234289280"/>
  <nd ref="4234289127"/>
 </way>
 <way id="423911140" visible="true" version="1" changeset="39914094" timestamp="2016-06-09T18:10:47Z" user="mcheckimport" uid="893327">
  <nd ref="4234289356"/>
  <nd ref="4234289358"/>
  <nd ref="4234289351"/>
  <nd ref="4234289360"/>
  <nd ref="4234289304"/>
  <nd ref="4234289339"/>
  <nd ref="4234289290"/>
  <nd ref="4234289283"/>
  <nd ref="4234289266"/>
  <nd ref="4234289246"/>
  <nd ref="4234289265"/>
  <nd ref="4234289252"/>
  <nd ref="4234289213"/>
  <nd ref="4234289197"/>
  <nd ref="4234289235"/>
  <nd ref="4234289248"/>
  <nd ref="4234289354"/>
  <nd ref="4234289347"/>
  <nd ref="4234289398"/>
  <nd ref="4234289405"/>
  <nd ref="4234289356"/>
 </way>
 <way id="423911150" visible="true" version="1" changeset="39914094" timestamp="2016-06-09T18:10:48Z" user="mcheckimport" uid="893327">
  <nd ref="4234292083"/>
  <nd ref="4234292067"/>
  <nd ref="4234292080"/>
  <nd ref="4234292010"/>
  <nd ref="4234291463"/>
  <nd ref="4234291585"/>
  <nd ref="4234291789"/>
  <nd ref="4234291790"/>
  <nd ref="4234291828"/>
  <nd ref="4234291678"/>
  <nd ref="4234291833"/>
  <nd ref="4234291842"/>
  <nd ref="4234291831"/>
  <nd ref="4234291854"/>
  <nd ref="4234291999"/>
  <nd ref="4234292009"/>
  <nd ref="4234291830"/>
  <nd ref="4234291844"/>
  <nd ref="4234292225"/>
  <nd ref="4234292196"/>
  <nd ref="4234292083"/>
 </way>
 <way id="423911185" visible="true" version="1" changeset="39914094" timestamp="2016-06-09T18:10:52Z" user="mcheckimport" uid="893327">
  <nd ref="4234291443"/>
  <nd ref="4234291249"/>
  <nd ref="4234291276"/>
  <nd ref="4234291302"/>
  <nd ref="4234291326"/>
  <nd ref="4234291373"/>
  <nd ref="4234291392"/>
  <nd ref="4234291305"/>
  <nd ref="4234291297"/>
  <nd ref="4234291247"/>
  <nd ref="4234291257"/>
  <nd ref="4234291234"/>
  <nd ref="4234291227"/>
  <nd ref="4234291181"/>
  <nd ref="4234291167"/>
  <nd ref="4234291190"/>
  <nd ref="4234291202"/>
  <nd ref="4234291255"/>
  <nd ref="4234291217"/>
  <nd ref="4234291028"/>
  <nd ref="4234291278"/>
  <nd ref="4234291626"/>
  <nd ref="4234291443"/>
 </way>
 <way id="423911193" visible="true" version="1" changeset="39914094" timestamp="2016-06-09T18:10:52Z" user="mcheckimport" uid="893327">
  <nd ref="4234288610"/>
  <nd ref="4234288624"/>
  <nd ref="4234288579"/>
  <nd ref="4234288597"/>
  <nd ref="4234288570"/>
  <nd ref="4234288556"/>
  <nd ref="4234288532"/>
  <nd ref="4234288492"/>
  <nd ref="4234288528"/>
  <nd ref="4234288514"/>
  <nd ref="4234288594"/>
  <nd ref="4234288565"/>
  <nd ref="4234288540"/>
  <nd ref="4234288548"/>
  <nd ref="4234288386"/>
  <nd ref="4234288339"/>
  <nd ref="4234288522"/>
  <nd ref="4234288501"/>
  <nd ref="4234288546"/>
  <nd ref="4234288584"/>
  <nd ref="4234288593"/>
  <nd ref="4234288634"/>
  <nd ref="4234288649"/>
  <nd ref="4234288658"/>
  <nd ref="4234288610"/>
 </way>
 <way id="423911215" visible="true" version="2" changeset="49891357" timestamp="2017-06-28T14:35:03Z" user="landfahrer" uid="1069176">
  <nd ref="4234291484"/>
  <nd ref="4234291493"/>
  <nd ref="4234291656"/>
  <nd ref="4234291633"/>
  <nd ref="4234291296"/>
  <nd ref="4234291307"/>
  <nd ref="4234291220"/>
  <nd ref="4234291208"/>
  <nd ref="4234291144"/>
  <nd ref="4234291160"/>
  <nd ref="4234291389"/>
  <nd ref="4234291384"/>
  <nd ref="4234291333"/>
  <nd ref="4234291328"/>
  <nd ref="4234291261"/>
  <nd ref="4234291258"/>
  <nd ref="4234291321"/>
  <nd ref="4234291314"/>
  <nd ref="4234291374"/>
  <nd ref="4234291377"/>
  <nd ref="4234291408"/>
  <nd ref="4234291418"/>
  <nd ref="4234291484"/>
 </way>
 <way id="423911230" visible="true" version="1" changeset="39914094" timestamp="2016-06-09T18:10:56Z" user="mcheckimport" uid="893327">
  <nd ref="4234289591"/>
  <nd ref="4234289035"/>
  <nd ref="4234287909"/>
  <nd ref="4234287913"/>
  <nd ref="4234287849"/>
  <nd ref="4234287844"/>
  <nd ref="4234286717"/>
  <nd ref="4234286764"/>
  <nd ref="4234288128"/>
  <nd ref="4234288112"/>
  <nd ref="4234288209"/>
  <nd ref="4234288218"/>
  <nd ref="4234289227"/>
  <nd ref="4234289222"/>
  <nd ref="4234289276"/>
  <nd ref="4234289278"/>
  <nd ref="4234289374"/>
  <nd ref="4234289361"/>
  <nd ref="4234289338"/>
  <nd ref="4234289383"/>
  <nd ref="4234289395"/>
  <nd ref="4234289481"/>
  <nd ref="4234289489"/>
  <nd ref="4234289466"/>
  <nd ref="4234289488"/>
  <nd ref="4234289441"/>
  <nd ref="4234289452"/>
  <nd ref="4234289639"/>
  <nd ref="4234289607"/>
  <nd ref="4234289602"/>
  <nd ref="4234289591"/>
 </way>
 <way id="423911238" visible="true" version="1" changeset="39914094" timestamp="2016-06-09T18:10:56Z" user="mcheckimport" uid="893327">
  <nd ref="4234289573"/>
  <nd ref="4234289541"/>
  <nd ref="4234289571"/>
  <nd ref="4234289565"/>
  <nd ref="4234289593"/>
  <nd ref="4234289581"/>
  <nd ref="4234289535"/>
  <nd ref="4234289515"/>
  <nd ref="4234289530"/>
  <nd ref="4234289527"/>
  <nd ref="4234289562"/>
  <nd ref="4234289557"/>
  <nd ref="4234289617"/>
  <nd ref="4234289609"/>
  <nd ref="4234289682"/>
  <nd ref="4234289802"/>
  <nd ref="4234289575"/>
  <nd ref="4234289588"/>
  <nd ref="4234289662"/>
  <nd ref="4234289687"/>
  <nd ref="4234289637"/>
  <nd ref="4234289663"/>
  <nd ref="4234289630"/>
  <nd ref="4234289642"/>
  <nd ref="4234289805"/>
  <nd ref="4234289833"/>
  <nd ref="4234289676"/>
  <nd ref="4234289658"/>
  <nd ref="4234289647"/>
  <nd ref="4234289635"/>
  <nd ref="4234289573"/>
 </way>
 <way id="423911285" visible="true" version="1" changeset="39914094" timestamp="2016-06-09T18:11:01Z" user="mcheckimport" uid="893327">
  <nd ref="4234288183"/>
  <nd ref="4234288087"/>
  <nd ref="4234288077"/>
  <nd ref="4234288173"/>
  <nd ref="4234288183"/>
 </way>
 <way id="423911288" visible="true" version="1" changeset="39914094" timestamp="2016-06-09T18:11:01Z" user="mcheckimport" uid="893327">
  <nd ref="4234289873"/>
  <nd ref="4234289847"/>
  <nd ref="4234289919"/>
  <nd ref="4234289937"/>
  <nd ref="4234289873"/>
 </way>
 <way id="423911325" visible="true" version="1" changeset="39914094" timestamp="2016-06-09T18:11:03Z" user="mcheckimport" uid="893327">
  <nd ref="4234290744"/>
  <nd ref="4234290735"/>
  <nd ref="4234290819"/>
  <nd ref="4234290829"/>
  <nd ref="4234290744"/>
 </way>
 <way id="423911341" visible="true" version="1" changeset="39914094" timestamp="2016-06-09T18:11:03Z" user="mcheckimport" uid="893327">
  <nd ref="4234291564"/>
  <nd ref="4234291548"/>
  <nd ref="4234291604"/>
  <nd ref="4234291611"/>
  <nd ref="4234291564"/>
 </way>
 <way id="423911349" visible="true" version="1" changeset="39914094" timestamp="2016-06-09T18:11:04Z" user="mcheckimport" uid="893327">
  <nd ref="4234291686"/>
  <nd ref="4234291674"/>
  <nd ref="4234291816"/>
  <nd ref="4234291826"/>
  <nd ref="4234291686"/>
 </way>
 <way id="423911366" visible="true" version="1" changeset="39914094" timestamp="2016-06-09T18:11:04Z" user="mcheckimport" uid="893327">
  <nd ref="4234288107"/>
  <nd ref="4234287630"/>
  <nd ref="4234287793"/>
  <nd ref="4234288264"/>
  <nd ref="4234288107"/>
 </way>
 <way id="423911372" visible="true" version="1" changeset="39914094" timestamp="2016-06-09T18:11:04Z" user="mcheckimport" uid="893327">
  <nd ref="4234290583"/>
  <nd ref="4234289800"/>
  <nd ref="4234289962"/>
  <nd ref="4234290846"/>
  <nd ref="4234290583"/>
 </way>
 <way id="423911390" visible="true" version="1" changeset="39914094" timestamp="2016-06-09T18:11:05Z" user="mcheckimport" uid="893327">
  <nd ref="4234289087"/>
  <nd ref="4234289111"/>
  <nd ref="4234289128"/>
  <nd ref="4234289100"/>
  <nd ref="4234289087"/>
 </way>
 <way id="423911405" visible="true" version="1" changeset="39914094" timestamp="2016-06-09T18:11:06Z" user="mcheckimport" uid="893327">
  <nd ref="4234287294"/>
  <nd ref="4234287285"/>
  <nd ref="4234287316"/>
  <nd ref="4234287326"/>
  <nd ref="4234287294"/>
 </way>
 <way id="423911408" visible="true" version="1" changeset="39914094" timestamp="2016-06-09T18:11:06Z" user="mcheckimport" uid="893327">
  <nd ref="4234288972"/>
  <nd ref="4234288586"/>
  <nd ref="4234288660"/>
  <nd ref="4234289048"/>
  <nd ref="4234288972"/>
 </way>
 <way id="423911418" visible="true" version="1" changeset="39914094" timestamp="2016-06-09T18:11:06Z" user="mcheckimport" uid="893327">
  <nd ref="4234288210"/>
  <nd ref="4234288160"/>
  <nd ref="4234288162"/>
  <nd ref="4234288229"/>
  <nd ref="4234288210"/>
 </way>
 <way id="423911476" visible="true" version="1" changeset="39914094" timestamp="2016-06-09T18:11:09Z" user="mcheckimport" uid="893327">
  <nd ref="4234291613"/>
  <nd ref="4234291146"/>
  <nd ref="4234291251"/>
  <nd ref="4234291798"/>
  <nd ref="4234291613"/>
 </way>
 <way id="423911482" visible="true" version="1" changeset="39914094" timestamp="2016-06-09T18:11:09Z" user="mcheckimport" uid="893327">
  <nd ref="4234291824"/>
  <nd ref="4234291369"/>
  <nd ref="4234291518"/>
  <nd ref="4234292040"/>
  <nd ref="4234291824"/>
 </way>
 <way id="423911488" visible="true" version="1" changeset="39914094" timestamp="2016-06-09T18:11:09Z" user="mcheckimport" uid="893327">
  <nd ref="4234288671"/>
  <nd ref="4234288172"/>
  <nd ref="4234288334"/>
  <nd ref="4234288873"/>
  <nd ref="4234288671"/>
 </way>
 <way id="423911491" visible="true" version="1" changeset="39914094" timestamp="2016-06-09T18:11:09Z" user="mcheckimport" uid="893327">
  <nd ref="4234292295"/>
  <nd ref="4234291821"/>
  <nd ref="4234291839"/>
  <nd ref="4234292326"/>
  <nd ref="4234292295"/>
 </way>
 <way id="423911517" visible="true" version="1" changeset="39914094" timestamp="2016-06-09T18:11:10Z" user="mcheckimport" uid="893327">
  <nd ref="4234291446"/>
  <nd ref="4234291013"/>
  <nd ref="4234291135"/>
  <nd ref="4234291555"/>
  <nd ref="4234291446"/>
 </way>
 <way id="423911534" visible="true" version="1" changeset="39914094" timestamp="2016-06-09T18:11:11Z" user="mcheckimport" uid="893327">
  <nd ref="4234288566"/>
  <nd ref="4234288388"/>
  <nd ref="4234288375"/>
  <nd ref="4234288549"/>
  <nd ref="4234288566"/>
 </way>
 <way id="423911539" visible="true" version="1" changeset="39914094" timestamp="2016-06-09T18:11:11Z" user="mcheckimport" uid="893327">
  <nd ref="4234289640"/>
  <nd ref="4234289231"/>
  <nd ref="4234289349"/>
  <nd ref="4234289872"/>
  <nd ref="4234289640"/>
 </way>
 <way id="423911543" visible="true" version="1" changeset="39914094" timestamp="2016-06-09T18:11:11Z" user="mcheckimport" uid="893327">
  <nd ref="4234287333"/>
  <nd ref="4234287297"/>
  <nd ref="4234287318"/>
  <nd ref="4234287366"/>
  <nd ref="4234287333"/>
  <tag k="historic" v="memorial"/>
 </way>
 <way id="423911552" visible="true" version="1" changeset="39914094" timestamp="2016-06-09T18:11:12Z" user="mcheckimport" uid="893327">
  <nd ref="4234291102"/>
  <nd ref="4234290538"/>
  <nd ref="4234290775"/>
  <nd ref="4234291205"/>
  <nd ref="4234291102"/>
 </way>
 <way id="423911556" visible="true" version="1" changeset="39914094" timestamp="2016-06-09T18:11:12Z" user="mcheckimport" uid="893327">
  <nd ref="4234288592"/>
  <nd ref="4234288585"/>
  <nd ref="4234288622"/>
  <nd ref="4234288627"/>
  <nd ref="4234288592"/>
 </way>
 <way id="423911565" visible="true" version="1" changeset="39914094" timestamp="2016-06-09T18:11:12Z" user="mcheckimport" uid="893327">
  <nd ref="4234288223"/>
  <nd ref="4234288100"/>
  <nd ref="4234288083"/>
  <nd ref="4234288198"/>
  <nd ref="4234288223"/>
 </way>
 <way id="423911569" visible="true" version="1" changeset="39914094" timestamp="2016-06-09T18:11:13Z" user="mcheckimport" uid="893327">
  <nd ref="4234289390"/>
  <nd ref="4234289357"/>
  <nd ref="4234289363"/>
  <nd ref="4234289401"/>
  <nd ref="4234289390"/>
 </way>
 <way id="423911609" visible="true" version="1" changeset="39914094" timestamp="2016-06-09T18:11:14Z" user="mcheckimport" uid="893327">
  <nd ref="4234291872"/>
  <nd ref="4234291847"/>
  <nd ref="4234291885"/>
  <nd ref="4234291997"/>
  <nd ref="4234291872"/>
 </way>
 <way id="423911622" visible="true" version="1" changeset="39914094" timestamp="2016-06-09T18:11:15Z" user="mcheckimport" uid="893327">
  <nd ref="4234291489"/>
  <nd ref="4234291498"/>
  <nd ref="4234291447"/>
  <nd ref="4234291442"/>
  <nd ref="4234291489"/>
 </way>
 <way id="423911625" visible="true" version="1" changeset="39914094" timestamp="2016-06-09T18:11:15Z" user="mcheckimport" uid="893327">
  <nd ref="4234289261"/>
  <nd ref="4234289185"/>
  <nd ref="4234289144"/>
  <nd ref="4234289230"/>
  <nd ref="4234289261"/>
 </way>
 <way id="423911633" visible="true" version="1" changeset="39914094" timestamp="2016-06-09T18:11:15Z" user="mcheckimport" uid="893327">
  <nd ref="4234287627"/>
  <nd ref="4234286967"/>
  <nd ref="4234287138"/>
  <nd ref="4234287791"/>
  <nd ref="4234287627"/>
 </way>
 <way id="423911649" visible="true" version="1" changeset="39914094" timestamp="2016-06-09T18:11:16Z" user="mcheckimport" uid="893327">
  <nd ref="4234291123"/>
  <nd ref="4234291147"/>
  <nd ref="4234291092"/>
  <nd ref="4234291071"/>
  <nd ref="4234291123"/>
 </way>
 <way id="423911654" visible="true" version="1" changeset="39914094" timestamp="2016-06-09T18:11:16Z" user="mcheckimport" uid="893327">
  <nd ref="4234289147"/>
  <nd ref="4234289101"/>
  <nd ref="4234289091"/>
  <nd ref="4234289135"/>
  <nd ref="4234289147"/>
 </way>
 <way id="423911659" visible="true" version="1" changeset="39914094" timestamp="2016-06-09T18:11:16Z" user="mcheckimport" uid="893327">
  <nd ref="4234291452"/>
  <nd ref="4234291448"/>
  <nd ref="4234291475"/>
  <nd ref="4234291477"/>
  <nd ref="4234291452"/>
 </way>
 <way id="423911662" visible="true" version="1" changeset="39914094" timestamp="2016-06-09T18:11:16Z" user="mcheckimport" uid="893327">
  <nd ref="4234287825"/>
  <nd ref="4234287247"/>
  <nd ref="4234287431"/>
  <nd ref="4234287787"/>
  <nd ref="4234287825"/>
 </way>
 <way id="423911716" visible="true" version="1" changeset="39914094" timestamp="2016-06-09T18:11:19Z" user="mcheckimport" uid="893327">
  <nd ref="4234290346"/>
  <nd ref="4234289584"/>
  <nd ref="4234289827"/>
  <nd ref="4234290698"/>
  <nd ref="4234290346"/>
 </way>
 <way id="423911718" visible="true" version="1" changeset="39914094" timestamp="2016-06-09T18:11:19Z" user="mcheckimport" uid="893327">
  <nd ref="4234288885"/>
  <nd ref="4234288737"/>
  <nd ref="4234288715"/>
  <nd ref="4234288862"/>
  <nd ref="4234288885"/>
 </way>
 <way id="423911732" visible="true" version="1" changeset="39914094" timestamp="2016-06-09T18:11:19Z" user="mcheckimport" uid="893327">
  <nd ref="4234288901"/>
  <nd ref="4234288367"/>
  <nd ref="4234288588"/>
  <nd ref="4234288982"/>
  <nd ref="4234288901"/>
 </way>
 <way id="423911746" visible="true" version="1" changeset="39914094" timestamp="2016-06-09T18:11:20Z" user="mcheckimport" uid="893327">
  <nd ref="4234291499"/>
  <nd ref="4234291480"/>
  <nd ref="4234291569"/>
  <nd ref="4234291591"/>
  <nd ref="4234291499"/>
 </way>
 <way id="423911750" visible="true" version="1" changeset="39914094" timestamp="2016-06-09T18:11:20Z" user="mcheckimport" uid="893327">
  <nd ref="4234291097"/>
  <nd ref="4234291083"/>
  <nd ref="4234291269"/>
  <nd ref="4234291292"/>
  <nd ref="4234291097"/>
 </way>
 <way id="423911754" visible="true" version="1" changeset="39914094" timestamp="2016-06-09T18:11:20Z" user="mcheckimport" uid="893327">
  <nd ref="4234289263"/>
  <nd ref="4234289250"/>
  <nd ref="4234289298"/>
  <nd ref="4234289316"/>
  <nd ref="4234289263"/>
 </way>
 <way id="423911763" visible="true" version="1" changeset="39914094" timestamp="2016-06-09T18:11:20Z" user="mcheckimport" uid="893327">
  <nd ref="4234287017"/>
  <nd ref="4234287186"/>
  <nd ref="4234287202"/>
  <nd ref="4234287042"/>
  <nd ref="4234287017"/>
 </way>
 <way id="423911764" visible="true" version="1" changeset="39914094" timestamp="2016-06-09T18:11:20Z" user="mcheckimport" uid="893327">
  <nd ref="4234289830"/>
  <nd ref="4234289309"/>
  <nd ref="4234289478"/>
  <nd ref="4234290100"/>
  <nd ref="4234289830"/>
 </way>
 <way id="423911784" visible="true" version="1" changeset="39914094" timestamp="2016-06-09T18:11:21Z" user="mcheckimport" uid="893327">
  <nd ref="4234287777"/>
  <nd ref="4234287832"/>
  <nd ref="4234287842"/>
  <nd ref="4234287785"/>
  <nd ref="4234287777"/>
 </way>
 <way id="423911795" visible="true" version="1" changeset="39914094" timestamp="2016-06-09T18:11:22Z" user="mcheckimport" uid="893327">
  <nd ref="4234290784"/>
  <nd ref="4234290932"/>
  <nd ref="4234290949"/>
  <nd ref="4234290799"/>
  <nd ref="4234290784"/>
 </way>
 <way id="423911805" visible="true" version="1" changeset="39914094" timestamp="2016-06-09T18:11:22Z" user="mcheckimport" uid="893327">
  <nd ref="4234289483"/>
  <nd ref="4234289074"/>
  <nd ref="4234289192"/>
  <nd ref="4234289598"/>
  <nd ref="4234289483"/>
 </way>
 <way id="423911823" visible="true" version="1" changeset="39914094" timestamp="2016-06-09T18:11:23Z" user="mcheckimport" uid="893327">
  <nd ref="4234289023"/>
  <nd ref="4234289019"/>
  <nd ref="4234289034"/>
  <nd ref="4234289040"/>
  <nd ref="4234289023"/>
 </way>
 <way id="423911855" visible="true" version="1" changeset="39914094" timestamp="2016-06-09T18:11:24Z" user="mcheckimport" uid="893327">
  <nd ref="4234291553"/>
  <nd ref="4234291661"/>
  <nd ref="4234292259"/>
  <nd ref="4234292064"/>
  <nd ref="4234291553"/>
 </way>
 <way id="423911884" visible="true" version="1" changeset="39914094" timestamp="2016-06-09T18:11:26Z" user="mcheckimport" uid="893327">
  <nd ref="4234291281"/>
  <nd ref="4234290857"/>
  <nd ref="4234291007"/>
  <nd ref="4234291431"/>
  <nd ref="4234291281"/>
 </way>
 <way id="423911895" visible="true" version="1" changeset="39914094" timestamp="2016-06-09T18:11:26Z" user="mcheckimport" uid="893327">
  <nd ref="4234289486"/>
  <nd ref="4234289470"/>
  <nd ref="4234289509"/>
  <nd ref="4234289524"/>
  <nd ref="4234289486"/>
 </way>
 <way id="423911911" visible="true" version="1" changeset="39914094" timestamp="2016-06-09T18:11:28Z" user="mcheckimport" uid="893327">
  <nd ref="4234286710"/>
  <nd ref="4234286488"/>
  <nd ref="4234286487"/>
  <nd ref="4234285192"/>
  <nd ref="4234284964"/>
  <nd ref="4234284957"/>
  <nd ref="4234284386"/>
  <nd ref="4234284392"/>
  <nd ref="4234284334"/>
  <nd ref="4234284336"/>
  <nd ref="4234284217"/>
  <nd ref="4234284220"/>
  <nd ref="4234284508"/>
  <nd ref="4234284512"/>
  <nd ref="4234284307"/>
  <nd ref="4234284300"/>
  <nd ref="4234284203"/>
  <nd ref="4234284202"/>
  <nd ref="4234284152"/>
  <nd ref="4234284151"/>
  <nd ref="4234284065"/>
  <nd ref="4234284067"/>
  <nd ref="4234284551"/>
  <nd ref="4234284543"/>
  <nd ref="4234284657"/>
  <nd ref="4234284664"/>
  <nd ref="4234280369"/>
  <nd ref="4234280384"/>
  <nd ref="4234285056"/>
  <nd ref="4234285013"/>
  <nd ref="4234285132"/>
  <nd ref="4234285139"/>
  <nd ref="4234285302"/>
  <nd ref="4234285298"/>
  <nd ref="4234285378"/>
  <nd ref="4234285380"/>
  <nd ref="4234285324"/>
  <nd ref="4234285168"/>
  <nd ref="4234285171"/>
  <nd ref="4234285577"/>
  <nd ref="4234285583"/>
  <nd ref="4234285792"/>
  <nd ref="4234285790"/>
  <nd ref="4234286875"/>
  <nd ref="4234286846"/>
  <nd ref="4234286709"/>
  <nd ref="4234286710"/>
 </way>
 <way id="423911913" visible="true" version="1" changeset="39914094" timestamp="2016-06-09T18:11:28Z" user="mcheckimport" uid="893327">
  <nd ref="4234288525"/>
  <nd ref="4234288289"/>
  <nd ref="4234288290"/>
  <nd ref="4234288271"/>
  <nd ref="4234288163"/>
  <nd ref="4234288164"/>
  <nd ref="4234288057"/>
  <nd ref="4234288054"/>
  <nd ref="4234287978"/>
  <nd ref="4234287979"/>
  <nd ref="4234288056"/>
  <nd ref="4234288053"/>
  <nd ref="4234288058"/>
  <nd ref="4234287986"/>
  <nd ref="4234286816"/>
  <nd ref="4234286935"/>
  <nd ref="4234287130"/>
  <nd ref="4234287097"/>
  <nd ref="4234287136"/>
  <nd ref="4234287147"/>
  <nd ref="4234287133"/>
  <nd ref="4234287163"/>
  <nd ref="4234287451"/>
  <nd ref="4234287432"/>
  <nd ref="4234287642"/>
  <nd ref="4234287720"/>
  <nd ref="4234287773"/>
  <nd ref="4234287739"/>
  <nd ref="4234287784"/>
  <nd ref="4234287812"/>
  <nd ref="4234287800"/>
  <nd ref="4234287808"/>
  <nd ref="4234287814"/>
  <nd ref="4234287672"/>
  <nd ref="4234287696"/>
  <nd ref="4234287768"/>
  <nd ref="4234287772"/>
  <nd ref="4234287780"/>
  <nd ref="4234287790"/>
  <nd ref="4234287846"/>
  <nd ref="4234287827"/>
  <nd ref="4234287750"/>
  <nd ref="4234287667"/>
  <nd ref="4234287631"/>
  <nd ref="4234287915"/>
  <nd ref="4234288503"/>
  <nd ref="4234288525"/>
 </way>
 <way id="423911948" visible="true" version="1" changeset="39914094" timestamp="2016-06-09T18:11:31Z" user="mcheckimport" uid="893327">
  <nd ref="4234289369"/>
  <nd ref="4234289093"/>
  <nd ref="4234289065"/>
  <nd ref="4234289476"/>
  <nd ref="4234289505"/>
  <nd ref="4234289369"/>
 </way>
 <way id="423911959" visible="true" version="1" changeset="39914094" timestamp="2016-06-09T18:11:32Z" user="mcheckimport" uid="893327">
  <nd ref="4234289054"/>
  <nd ref="4234289158"/>
  <nd ref="4234289526"/>
  <nd ref="4234289540"/>
  <nd ref="4234289432"/>
  <nd ref="4234289054"/>
 </way>
 <way id="423911988" visible="true" version="1" changeset="39914094" timestamp="2016-06-09T18:11:36Z" user="mcheckimport" uid="893327">
  <nd ref="4234288960"/>
  <nd ref="4234288967"/>
  <nd ref="4234288619"/>
  <nd ref="4234288598"/>
  <nd ref="4234288993"/>
  <nd ref="4234289012"/>
  <nd ref="4234288960"/>
 </way>
 <way id="423911998" visible="true" version="1" changeset="39914094" timestamp="2016-06-09T18:11:36Z" user="mcheckimport" uid="893327">
  <nd ref="4234290891"/>
  <nd ref="4234290119"/>
  <nd ref="4234290536"/>
  <nd ref="4234290862"/>
  <nd ref="4234290868"/>
  <nd ref="4234291087"/>
  <nd ref="4234290891"/>
 </way>
 <way id="423912026" visible="true" version="1" changeset="39914094" timestamp="2016-06-09T18:11:37Z" user="mcheckimport" uid="893327">
  <nd ref="4234288174"/>
  <nd ref="4234288105"/>
  <nd ref="4234288092"/>
  <nd ref="4234288217"/>
  <nd ref="4234288239"/>
  <nd ref="4234288178"/>
  <nd ref="4234288174"/>
 </way>
 <way id="423912036" visible="true" version="1" changeset="39914094" timestamp="2016-06-09T18:11:38Z" user="mcheckimport" uid="893327">
  <nd ref="4234289955"/>
  <nd ref="4234289437"/>
  <nd ref="4234289552"/>
  <nd ref="4234289947"/>
  <nd ref="4234289943"/>
  <nd ref="4234290295"/>
  <nd ref="4234289955"/>
 </way>
 <way id="423912039" visible="true" version="1" changeset="39914094" timestamp="2016-06-09T18:11:38Z" user="mcheckimport" uid="893327">
  <nd ref="4234287228"/>
  <nd ref="4234287313"/>
  <nd ref="4234287352"/>
  <nd ref="4234287464"/>
  <nd ref="4234287592"/>
  <nd ref="4234287300"/>
  <nd ref="4234287228"/>
 </way>
 <way id="423912041" visible="true" version="1" changeset="39914094" timestamp="2016-06-09T18:11:38Z" user="mcheckimport" uid="893327">
  <nd ref="4234287082"/>
  <nd ref="4234287034"/>
  <nd ref="4234287047"/>
  <nd ref="4234286992"/>
  <nd ref="4234286975"/>
  <nd ref="4234287075"/>
  <nd ref="4234287082"/>
 </way>
 <way id="423912043" visible="true" version="1" changeset="39914094" timestamp="2016-06-09T18:11:38Z" user="mcheckimport" uid="893327">
  <nd ref="4234287626"/>
  <nd ref="4234287468"/>
  <nd ref="4234287473"/>
  <nd ref="4234287455"/>
  <nd ref="4234287461"/>
  <nd ref="4234287634"/>
  <nd ref="4234287626"/>
 </way>
 <way id="423912044" visible="true" version="1" changeset="39914094" timestamp="2016-06-09T18:11:38Z" user="mcheckimport" uid="893327">
  <nd ref="4234287389"/>
  <nd ref="4234287061"/>
  <nd ref="4234287050"/>
  <nd ref="4234286792"/>
  <nd ref="4234286930"/>
  <nd ref="4234287613"/>
  <nd ref="4234287389"/>
 </way>
 <way id="423912053" visible="true" version="1" changeset="39914094" timestamp="2016-06-09T18:11:38Z" user="mcheckimport" uid="893327">
  <nd ref="4234290289"/>
  <nd ref="4234290709"/>
  <nd ref="4234290736"/>
  <nd ref="4234290568"/>
  <nd ref="4234290546"/>
  <nd ref="4234290314"/>
  <nd ref="4234290289"/>
 </way>
 <way id="423912068" visible="true" version="1" changeset="39914094" timestamp="2016-06-09T18:11:39Z" user="mcheckimport" uid="893327">
  <nd ref="4234289449"/>
  <nd ref="4234289439"/>
  <nd ref="4234289465"/>
  <nd ref="4234289454"/>
  <nd ref="4234289473"/>
  <nd ref="4234289499"/>
  <nd ref="4234289449"/>
 </way>
 <way id="423912073" visible="true" version="1" changeset="39914094" timestamp="2016-06-09T18:11:39Z" user="mcheckimport" uid="893327">
  <nd ref="4234287422"/>
  <nd ref="4234287408"/>
  <nd ref="4234287486"/>
  <nd ref="4234287591"/>
  <nd ref="4234287628"/>
  <nd ref="4234287637"/>
  <nd ref="4234287422"/>
 </way>
 <way id="423912086" visible="true" version="1" changeset="39914094" timestamp="2016-06-09T18:11:40Z" user="mcheckimport" uid="893327">
  <nd ref="4234291850"/>
  <nd ref="4234291843"/>
  <nd ref="4234292002"/>
  <nd ref="4234292037"/>
  <nd ref="4234292006"/>
  <nd ref="4234291990"/>
  <nd ref="4234291850"/>
 </way>
 <way id="423912093" visible="true" version="1" changeset="39914094" timestamp="2016-06-09T18:11:40Z" user="mcheckimport" uid="893327">
  <nd ref="4234290170"/>
  <nd ref="4234290359"/>
  <nd ref="4234290355"/>
  <nd ref="4234290489"/>
  <nd ref="4234290504"/>
  <nd ref="4234290292"/>
  <nd ref="4234290170"/>
 </way>
 <way id="423912108" visible="true" version="1" changeset="39914094" timestamp="2016-06-09T18:11:40Z" user="mcheckimport" uid="893327">
  <nd ref="4234289267"/>
  <nd ref="4234288921"/>
  <nd ref="4234289010"/>
  <nd ref="4234289187"/>
  <nd ref="4234289180"/>
  <nd ref="4234289375"/>
  <nd ref="4234289267"/>
 </way>
 <way id="423912111" visible="true" version="1" changeset="39914094" timestamp="2016-06-09T18:11:40Z" user="mcheckimport" uid="893327">
  <nd ref="4234291150"/>
  <nd ref="4234291059"/>
  <nd ref="4234290997"/>
  <nd ref="4234291050"/>
  <nd ref="4234291027"/>
  <nd ref="4234291091"/>
  <nd ref="4234291150"/>
 </way>
 <way id="423912121" visible="true" version="1" changeset="39914094" timestamp="2016-06-09T18:11:40Z" user="mcheckimport" uid="893327">
  <nd ref="4234288120"/>
  <nd ref="4234288080"/>
  <nd ref="4234288043"/>
  <nd ref="4234288157"/>
  <nd ref="4234288188"/>
  <nd ref="4234288141"/>
  <nd ref="4234288120"/>
 </way>
 <way id="423912128" visible="true" version="1" changeset="39914094" timestamp="2016-06-09T18:11:41Z" user="mcheckimport" uid="893327">
  <nd ref="4234290786"/>
  <nd ref="4234290562"/>
  <nd ref="4234290530"/>
  <nd ref="4234290696"/>
  <nd ref="4234290713"/>
  <nd ref="4234290774"/>
  <nd ref="4234290786"/>
 </way>
 <way id="423912135" visible="true" version="1" changeset="39914094" timestamp="2016-06-09T18:11:41Z" user="mcheckimport" uid="893327">
  <nd ref="4234290740"/>
  <nd ref="4234290723"/>
  <nd ref="4234290787"/>
  <nd ref="4234290772"/>
  <nd ref="4234290851"/>
  <nd ref="4234290888"/>
  <nd ref="4234290740"/>
 </way>
 <way id="423912137" visible="true" version="1" changeset="39914094" timestamp="2016-06-09T18:11:41Z" user="mcheckimport" uid="893327">
  <nd ref="4234289871"/>
  <nd ref="4234289880"/>
  <nd ref="4234289848"/>
  <nd ref="4234289826"/>
  <nd ref="4234289870"/>
  <nd ref="4234289884"/>
  <nd ref="4234289871"/>
 </way>
 <way id="423912166" visible="true" version="1" changeset="39914094" timestamp="2016-06-09T18:11:41Z" user="mcheckimport" uid="893327">
  <nd ref="4234291364"/>
  <nd ref="4234291279"/>
  <nd ref="4234291248"/>
  <nd ref="4234291290"/>
  <nd ref="4234291271"/>
  <nd ref="4234291304"/>
  <nd ref="4234291364"/>
 </way>
 <way id="423912170" visible="true" version="1" changeset="39914094" timestamp="2016-06-09T18:11:42Z" user="mcheckimport" uid="893327">
  <nd ref="4234288812"/>
  <nd ref="4234288791"/>
  <nd ref="4234288836"/>
  <nd ref="4234288795"/>
  <nd ref="4234288930"/>
  <nd ref="4234288955"/>
  <nd ref="4234288812"/>
 </way>
 <way id="423912224" visible="true" version="1" changeset="39914094" timestamp="2016-06-09T18:11:43Z" user="mcheckimport" uid="893327">
  <nd ref="4234291317"/>
  <nd ref="4234291413"/>
  <nd ref="4234291853"/>
  <nd ref="4234291859"/>
  <nd ref="4234291864"/>
  <nd ref="4234291867"/>
  <nd ref="4234291801"/>
  <nd ref="4234291317"/>
 </way>
 <way id="423912237" visible="true" version="2" changeset="57630724" timestamp="2018-03-29T11:43:39Z" user="DodoIt" uid="7974909">
  <nd ref="4234291053"/>
  <nd ref="4234290808"/>
  <nd ref="4234290803"/>
  <nd ref="4234290755"/>
  <nd ref="4234290758"/>
  <nd ref="4234289903"/>
  <nd ref="4234289927"/>
  <nd ref="5513910954"/>
  <nd ref="4234291074"/>
  <nd ref="4234291053"/>
 </way>
 <way id="423912245" visible="true" version="1" changeset="39914094" timestamp="2016-06-09T18:11:44Z" user="mcheckimport" uid="893327">
  <nd ref="4234291681"/>
  <nd ref="4234291642"/>
  <nd ref="4234291648"/>
  <nd ref="4234291584"/>
  <nd ref="4234291570"/>
  <nd ref="4234291637"/>
  <nd ref="4234291628"/>
  <nd ref="4234291664"/>
  <nd ref="4234291681"/>
 </way>
 <way id="423912260" visible="true" version="1" changeset="39914094" timestamp="2016-06-09T18:11:45Z" user="mcheckimport" uid="893327">
  <nd ref="4234291055"/>
  <nd ref="4234290934"/>
  <nd ref="4234290939"/>
  <nd ref="4234290905"/>
  <nd ref="4234290890"/>
  <nd ref="4234290917"/>
  <nd ref="4234290881"/>
  <nd ref="4234290998"/>
  <nd ref="4234291055"/>
 </way>
 <way id="423912263" visible="true" version="1" changeset="39914094" timestamp="2016-06-09T18:11:45Z" user="mcheckimport" uid="893327">
  <nd ref="4234290341"/>
  <nd ref="4234290152"/>
  <nd ref="4234289984"/>
  <nd ref="4234289970"/>
  <nd ref="4234290176"/>
  <nd ref="4234290155"/>
  <nd ref="4234290320"/>
  <nd ref="4234290511"/>
  <nd ref="4234290341"/>
 </way>
 <way id="423912266" visible="true" version="1" changeset="39914094" timestamp="2016-06-09T18:11:45Z" user="mcheckimport" uid="893327">
  <nd ref="4234289905"/>
  <nd ref="4234289821"/>
  <nd ref="4234289825"/>
  <nd ref="4234289668"/>
  <nd ref="4234289659"/>
  <nd ref="4234289380"/>
  <nd ref="4234289507"/>
  <nd ref="4234290126"/>
  <nd ref="4234289905"/>
 </way>
 <way id="423912288" visible="true" version="1" changeset="39914094" timestamp="2016-06-09T18:11:46Z" user="mcheckimport" uid="893327">
  <nd ref="4234291182"/>
  <nd ref="4234291166"/>
  <nd ref="4234291179"/>
  <nd ref="4234291141"/>
  <nd ref="4234290585"/>
  <nd ref="4234290815"/>
  <nd ref="4234291245"/>
  <nd ref="4234291206"/>
  <nd ref="4234291182"/>
 </way>
 <way id="423912293" visible="true" version="1" changeset="39914094" timestamp="2016-06-09T18:11:47Z" user="mcheckimport" uid="893327">
  <nd ref="4234291462"/>
  <nd ref="4234291394"/>
  <nd ref="4234291402"/>
  <nd ref="4234291330"/>
  <nd ref="4234291313"/>
  <nd ref="4234291391"/>
  <nd ref="4234291372"/>
  <nd ref="4234291445"/>
  <nd ref="4234291462"/>
 </way>
 <way id="423912310" visible="true" version="2" changeset="47927421" timestamp="2017-04-19T07:04:13Z" user="gscholz" uid="109705">
  <nd ref="4803069552"/>
  <nd ref="4234291142"/>
  <nd ref="4234291075"/>
  <nd ref="4234291060"/>
  <nd ref="4803069552"/>
 </way>
 <way id="423912318" visible="true" version="1" changeset="39914094" timestamp="2016-06-09T18:11:48Z" user="mcheckimport" uid="893327">
  <nd ref="4234290318"/>
  <nd ref="4234290307"/>
  <nd ref="4234290096"/>
  <nd ref="4234289983"/>
  <nd ref="4234290151"/>
  <nd ref="4234290129"/>
  <nd ref="4234290348"/>
  <nd ref="4234290387"/>
  <nd ref="4234290318"/>
 </way>
 <way id="423912354" visible="true" version="1" changeset="39914094" timestamp="2016-06-09T18:11:50Z" user="mcheckimport" uid="893327">
  <nd ref="4234289053"/>
  <nd ref="4234288647"/>
  <nd ref="4234288615"/>
  <nd ref="4234289021"/>
  <nd ref="4234289033"/>
  <nd ref="4234288989"/>
  <nd ref="4234288992"/>
  <nd ref="4234289038"/>
  <nd ref="4234289053"/>
 </way>
 <way id="423912360" visible="true" version="1" changeset="39914094" timestamp="2016-06-09T18:11:50Z" user="mcheckimport" uid="893327">
  <nd ref="4234287771"/>
  <nd ref="4234287748"/>
  <nd ref="4234287801"/>
  <nd ref="4234287788"/>
  <nd ref="4234287815"/>
  <nd ref="4234287835"/>
  <nd ref="4234287874"/>
  <nd ref="4234287883"/>
  <nd ref="4234287771"/>
 </way>
 <way id="423912368" visible="true" version="1" changeset="39914094" timestamp="2016-06-09T18:11:50Z" user="mcheckimport" uid="893327">
  <nd ref="4234286511"/>
  <nd ref="4234286516"/>
  <nd ref="4234286447"/>
  <nd ref="4234286395"/>
  <nd ref="4234286533"/>
  <nd ref="4234286538"/>
  <nd ref="4234286742"/>
  <nd ref="4234286774"/>
  <nd ref="4234286511"/>
 </way>
 <way id="423912373" visible="true" version="1" changeset="39914094" timestamp="2016-06-09T18:11:51Z" user="mcheckimport" uid="893327">
  <nd ref="4234285235"/>
  <nd ref="4234285239"/>
  <nd ref="4234285073"/>
  <nd ref="4234284978"/>
  <nd ref="4234284753"/>
  <nd ref="4234284702"/>
  <nd ref="4234284600"/>
  <nd ref="4234284599"/>
  <nd ref="4234284430"/>
  <nd ref="4234284452"/>
  <nd ref="4234283789"/>
  <nd ref="4234283776"/>
  <nd ref="4234283614"/>
  <nd ref="4234283632"/>
  <nd ref="4234283599"/>
  <nd ref="4234283607"/>
  <nd ref="4234282227"/>
  <nd ref="4234282196"/>
  <nd ref="4234282264"/>
  <nd ref="4234282866"/>
  <nd ref="4234282862"/>
  <nd ref="4234282909"/>
  <nd ref="4234283752"/>
  <nd ref="4234283751"/>
  <nd ref="4234283848"/>
  <nd ref="4234283852"/>
  <nd ref="4234283925"/>
  <nd ref="4234283907"/>
  <nd ref="4234283826"/>
  <nd ref="4234283784"/>
  <nd ref="4234284503"/>
  <nd ref="4234284545"/>
  <nd ref="4234284925"/>
  <nd ref="4234280388"/>
  <nd ref="4234284988"/>
  <nd ref="4234285006"/>
  <nd ref="4234285093"/>
  <nd ref="4234285102"/>
  <nd ref="4234285301"/>
  <nd ref="4234285300"/>
  <nd ref="4234285522"/>
  <nd ref="4234285540"/>
  <nd ref="4234285280"/>
  <nd ref="4234285313"/>
  <nd ref="4234285065"/>
  <nd ref="4234285066"/>
  <nd ref="4234284640"/>
  <nd ref="4234284637"/>
  <nd ref="4234284497"/>
  <nd ref="4234284473"/>
  <nd ref="4234284128"/>
  <nd ref="4234284133"/>
  <nd ref="4234284012"/>
  <nd ref="4234284024"/>
  <nd ref="4234283878"/>
  <nd ref="4234283868"/>
  <nd ref="4234283800"/>
  <nd ref="4234283817"/>
  <nd ref="4234283759"/>
  <nd ref="4234283742"/>
  <nd ref="4234283688"/>
  <nd ref="4234283668"/>
  <nd ref="4234282263"/>
  <nd ref="4234282303"/>
  <nd ref="4234282518"/>
  <nd ref="4234282535"/>
  <nd ref="4234282566"/>
  <nd ref="4234282870"/>
  <nd ref="4234283018"/>
  <nd ref="4234283023"/>
  <nd ref="4234283733"/>
  <nd ref="4234283979"/>
  <nd ref="4234284142"/>
  <nd ref="4234284125"/>
  <nd ref="4234284266"/>
  <nd ref="4234284298"/>
  <nd ref="4234284639"/>
  <nd ref="4234284626"/>
  <nd ref="4234280359"/>
  <nd ref="4234284889"/>
  <nd ref="4234284984"/>
  <nd ref="4234284971"/>
  <nd ref="4234286226"/>
  <nd ref="4234286527"/>
  <nd ref="4234286586"/>
  <nd ref="4234286555"/>
  <nd ref="4234285235"/>
 </way>
 <way id="423912374" visible="true" version="1" changeset="39914094" timestamp="2016-06-09T18:11:51Z" user="mcheckimport" uid="893327">
  <nd ref="4234285770"/>
  <nd ref="4234285585"/>
  <nd ref="4234285531"/>
  <nd ref="4234285367"/>
  <nd ref="4234285529"/>
  <nd ref="4234285344"/>
  <nd ref="4234280350"/>
  <nd ref="4234284510"/>
  <nd ref="4234284596"/>
  <nd ref="4234284682"/>
  <nd ref="4234280347"/>
  <nd ref="4234280379"/>
  <nd ref="4234285097"/>
  <nd ref="4234285020"/>
  <nd ref="4234280372"/>
  <nd ref="4234284731"/>
  <nd ref="4234284668"/>
  <nd ref="4234284611"/>
  <nd ref="4234284448"/>
  <nd ref="4234284364"/>
  <nd ref="4234284408"/>
  <nd ref="4234284323"/>
  <nd ref="4234284379"/>
  <nd ref="4234284487"/>
  <nd ref="4234284554"/>
  <nd ref="4234284385"/>
  <nd ref="4234284443"/>
  <nd ref="4234284398"/>
  <nd ref="4234284239"/>
  <nd ref="4234284164"/>
  <nd ref="4234284197"/>
  <nd ref="4234284301"/>
  <nd ref="4234284628"/>
  <nd ref="4234284541"/>
  <nd ref="4234284614"/>
  <nd ref="4234284713"/>
  <nd ref="4234284914"/>
  <nd ref="4234280386"/>
  <nd ref="4234285034"/>
  <nd ref="4234285011"/>
  <nd ref="4234285106"/>
  <nd ref="4234285214"/>
  <nd ref="4234285198"/>
  <nd ref="4234285255"/>
  <nd ref="4234285348"/>
  <nd ref="4234285781"/>
  <nd ref="4234285735"/>
  <nd ref="4234285751"/>
  <nd ref="4234285552"/>
  <nd ref="4234285572"/>
  <nd ref="4234285340"/>
  <nd ref="4234285292"/>
  <nd ref="4234285556"/>
  <nd ref="4234285316"/>
  <nd ref="4234285278"/>
  <nd ref="4234285232"/>
  <nd ref="4234284939"/>
  <nd ref="4234284913"/>
  <nd ref="4234280365"/>
  <nd ref="4234284781"/>
  <nd ref="4234284467"/>
  <nd ref="4234284495"/>
  <nd ref="4234284354"/>
  <nd ref="4234284442"/>
  <nd ref="4234280378"/>
  <nd ref="4234285140"/>
  <nd ref="4234285193"/>
  <nd ref="4234285263"/>
  <nd ref="4234285331"/>
  <nd ref="4234285567"/>
  <nd ref="4234285383"/>
  <nd ref="4234286027"/>
  <nd ref="4234286055"/>
  <nd ref="4234286012"/>
  <nd ref="4234286023"/>
  <nd ref="4234285876"/>
  <nd ref="4234285998"/>
  <nd ref="4234286042"/>
  <nd ref="4234286060"/>
  <nd ref="4234286216"/>
  <nd ref="4234286231"/>
  <nd ref="4234286079"/>
  <nd ref="4234286087"/>
  <nd ref="4234286072"/>
  <nd ref="4234286221"/>
  <nd ref="4234286512"/>
  <nd ref="4234285770"/>
 </way>
 <way id="423912376" visible="true" version="1" changeset="39914094" timestamp="2016-06-09T18:11:51Z" user="mcheckimport" uid="893327">
  <nd ref="4234290912"/>
  <nd ref="4234291042"/>
  <nd ref="4234290967"/>
  <nd ref="4234290852"/>
  <nd ref="4234290838"/>
  <nd ref="4234290297"/>
  <nd ref="4234290547"/>
  <nd ref="4234291100"/>
  <nd ref="4234291061"/>
  <nd ref="4234290912"/>
 </way>
 <way id="423912385" visible="true" version="1" changeset="39914094" timestamp="2016-06-09T18:11:52Z" user="mcheckimport" uid="893327">
  <nd ref="4234289069"/>
  <nd ref="4234288876"/>
  <nd ref="4234288890"/>
  <nd ref="4234288842"/>
  <nd ref="4234288775"/>
  <nd ref="4234288766"/>
  <nd ref="4234288705"/>
  <nd ref="4234288757"/>
  <nd ref="4234289151"/>
  <nd ref="4234289069"/>
 </way>
 <way id="423912388" visible="true" version="1" changeset="39914094" timestamp="2016-06-09T18:11:52Z" user="mcheckimport" uid="893327">
  <nd ref="4234288727"/>
  <nd ref="4234288630"/>
  <nd ref="4234288648"/>
  <nd ref="4234288614"/>
  <nd ref="4234288620"/>
  <nd ref="4234288551"/>
  <nd ref="4234288513"/>
  <nd ref="4234288569"/>
  <nd ref="4234288687"/>
  <nd ref="4234288727"/>
 </way>
 <way id="423912390" visible="true" version="1" changeset="39914094" timestamp="2016-06-09T18:11:52Z" user="mcheckimport" uid="893327">
  <nd ref="4234290904"/>
  <nd ref="4234290588"/>
  <nd ref="4234290094"/>
  <nd ref="4234290108"/>
  <nd ref="4234289946"/>
  <nd ref="4234289930"/>
  <nd ref="4234289906"/>
  <nd ref="4234289869"/>
  <nd ref="4234290145"/>
  <nd ref="4234290904"/>
 </way>
 <way id="423912402" visible="true" version="2" changeset="96600648" timestamp="2020-12-29T12:21:29Z" user="Domenico D'Erchia" uid="10192503">
  <nd ref="4234288035"/>
  <nd ref="4234287715"/>
  <nd ref="4234287878"/>
  <nd ref="4234288079"/>
  <nd ref="4234288062"/>
  <nd ref="4234288170"/>
  <nd ref="4234288035"/>
  <tag k="building" v="yes"/>
  <tag k="name" v="Centrale TIM"/>
 </way>
 <way id="423912412" visible="true" version="2" changeset="58059001" timestamp="2018-04-13T09:43:09Z" user="DodoIt" uid="7974909">
  <nd ref="4234291866"/>
  <nd ref="4234291856"/>
  <nd ref="4234291874"/>
  <nd ref="4234291832"/>
  <nd ref="4234291846"/>
  <nd ref="4234291818"/>
  <nd ref="4234291666"/>
  <nd ref="4234291675"/>
  <nd ref="4234291640"/>
  <nd ref="4234291618"/>
  <nd ref="4234291603"/>
  <nd ref="4234291565"/>
  <nd ref="4234291537"/>
  <nd ref="4234291509"/>
  <nd ref="4234291533"/>
  <nd ref="4234291516"/>
  <nd ref="4234291488"/>
  <nd ref="4234291469"/>
  <nd ref="4234291450"/>
  <nd ref="4234291427"/>
  <nd ref="4234291417"/>
  <nd ref="4234291407"/>
  <nd ref="4234291411"/>
  <nd ref="4234291421"/>
  <nd ref="4234291436"/>
  <nd ref="4234291456"/>
  <nd ref="4234291476"/>
  <nd ref="4234291502"/>
  <nd ref="4234291514"/>
  <nd ref="4234291525"/>
  <nd ref="4234291540"/>
  <nd ref="4234291557"/>
  <nd ref="4234291572"/>
  <nd ref="4234291598"/>
  <nd ref="4234291610"/>
  <nd ref="4234291617"/>
  <nd ref="4234291634"/>
  <nd ref="4234291651"/>
  <nd ref="4234291673"/>
  <nd ref="4234291791"/>
  <nd ref="4234291803"/>
  <nd ref="4234291813"/>
  <nd ref="4234291817"/>
  <nd ref="4234291834"/>
  <nd ref="4234291848"/>
  <nd ref="4234291865"/>
  <nd ref="4234291876"/>
  <nd ref="4234291866"/>
  <tag k="amenity" v="place_of_worship"/>
  <tag k="building" v="church"/>
  <tag k="denomination" v="catholic"/>
  <tag k="name" v="Chiesa di San Francesco"/>
  <tag k="religion" v="christian"/>
 </way>
 <way id="423912789" visible="true" version="1" changeset="39914094" timestamp="2016-06-09T18:12:18Z" user="mcheckimport" uid="893327">
  <nd ref="4234286741"/>
  <nd ref="4234286480"/>
  <nd ref="4234286500"/>
  <nd ref="4234286215"/>
  <nd ref="4234286085"/>
  <nd ref="4234285865"/>
  <nd ref="4234285825"/>
  <nd ref="4234285269"/>
  <nd ref="4234285574"/>
  <nd ref="4234286835"/>
  <nd ref="4234286741"/>
  <tag k="building" v="yes"/>
 </way>
 <way id="423912809" visible="true" version="1" changeset="39914094" timestamp="2016-06-09T18:12:19Z" user="mcheckimport" uid="893327">
  <nd ref="4234289462"/>
  <nd ref="4234289453"/>
  <nd ref="4234289482"/>
  <nd ref="4234289469"/>
  <nd ref="4234289438"/>
  <nd ref="4234289436"/>
  <nd ref="4234289340"/>
  <nd ref="4234289371"/>
  <nd ref="4234289510"/>
  <nd ref="4234289494"/>
  <nd ref="4234289462"/>
  <tag k="building" v="shed"/>
 </way>
 <way id="423913050" visible="true" version="1" changeset="39914094" timestamp="2016-06-09T18:12:53Z" user="mcheckimport" uid="893327">
  <nd ref="4234286911"/>
  <nd ref="4234286945"/>
  <nd ref="4234287023"/>
  <nd ref="4234287016"/>
  <nd ref="4234287113"/>
  <nd ref="4234287119"/>
  <nd ref="4234287295"/>
  <nd ref="4234287293"/>
  <nd ref="4234287376"/>
  <nd ref="4234287380"/>
  <nd ref="4234287605"/>
  <nd ref="4234287645"/>
  <nd ref="4234286911"/>
  <tag k="building" v="yes"/>
 </way>
 <way id="423913067" visible="true" version="1" changeset="39914094" timestamp="2016-06-09T18:12:54Z" user="mcheckimport" uid="893327">
  <nd ref="4234289855"/>
  <nd ref="4234289688"/>
  <nd ref="4234289648"/>
  <nd ref="4234289549"/>
  <nd ref="4234289563"/>
  <nd ref="4234289517"/>
  <nd ref="4234289556"/>
  <nd ref="4234289608"/>
  <nd ref="4234289632"/>
  <nd ref="4234289883"/>
  <nd ref="4234289854"/>
  <nd ref="4234289886"/>
  <nd ref="4234289855"/>
  <tag k="building" v="yes"/>
 </way>
 <way id="423913320" visible="true" version="1" changeset="39914094" timestamp="2016-06-09T18:13:14Z" user="mcheckimport" uid="893327">
  <nd ref="4234292252"/>
  <nd ref="4234292243"/>
  <nd ref="4234292275"/>
  <nd ref="4234292244"/>
  <nd ref="4234291818"/>
  <nd ref="4234291846"/>
  <nd ref="4234292038"/>
  <nd ref="4234292063"/>
  <nd ref="4234292079"/>
  <nd ref="4234292048"/>
  <nd ref="4234292218"/>
  <nd ref="4234292349"/>
  <nd ref="4234292287"/>
  <nd ref="4234292252"/>
  <tag k="building" v="yes"/>
 </way>
 <way id="423913334" visible="true" version="1" changeset="39914094" timestamp="2016-06-09T18:13:15Z" user="mcheckimport" uid="893327">
  <nd ref="4234285498"/>
  <nd ref="4234285549"/>
  <nd ref="4234286003"/>
  <nd ref="4234285993"/>
  <nd ref="4234286047"/>
  <nd ref="4234286024"/>
  <nd ref="4234286417"/>
  <nd ref="4234286423"/>
  <nd ref="4234286552"/>
  <nd ref="4234286550"/>
  <nd ref="4234286581"/>
  <nd ref="4234286585"/>
  <nd ref="4234286416"/>
  <nd ref="4234285498"/>
  <tag k="building" v="yes"/>
 </way>
 <way id="423913379" visible="true" version="1" changeset="39914094" timestamp="2016-06-09T18:13:19Z" user="mcheckimport" uid="893327">
  <nd ref="4234291133"/>
  <nd ref="4234290954"/>
  <nd ref="4234290965"/>
  <nd ref="4234290910"/>
  <nd ref="4234290901"/>
  <nd ref="4234290580"/>
  <nd ref="4234290702"/>
  <nd ref="4234290766"/>
  <nd ref="4234290817"/>
  <nd ref="4234291038"/>
  <nd ref="4234291023"/>
  <nd ref="4234291127"/>
  <nd ref="4234291096"/>
  <nd ref="4234291156"/>
  <nd ref="4234291133"/>
  <tag k="building" v="yes"/>
 </way>
 <way id="423913477" visible="true" version="1" changeset="39914094" timestamp="2016-06-09T18:13:26Z" user="mcheckimport" uid="893327">
  <nd ref="4234289681"/>
  <nd ref="4234289596"/>
  <nd ref="4234289613"/>
  <nd ref="4234289495"/>
  <nd ref="4234289528"/>
  <nd ref="4234289603"/>
  <nd ref="4234289633"/>
  <nd ref="4234289600"/>
  <nd ref="4234289592"/>
  <nd ref="4234289538"/>
  <nd ref="4234289551"/>
  <nd ref="4234289510"/>
  <nd ref="4234289371"/>
  <nd ref="4234289420"/>
  <nd ref="4234289913"/>
  <nd ref="4234289681"/>
  <tag k="building" v="yes"/>
 </way>
 <way id="423913511" visible="true" version="1" changeset="39914094" timestamp="2016-06-09T18:13:29Z" user="mcheckimport" uid="893327">
  <nd ref="4234288571"/>
  <nd ref="4234288557"/>
  <nd ref="4234288574"/>
  <nd ref="4234288535"/>
  <nd ref="4234288353"/>
  <nd ref="4234288377"/>
  <nd ref="4234288327"/>
  <nd ref="4234288340"/>
  <nd ref="4234288286"/>
  <nd ref="4234288302"/>
  <nd ref="4234288238"/>
  <nd ref="4234288258"/>
  <nd ref="4234288558"/>
  <nd ref="4234288542"/>
  <nd ref="4234288601"/>
  <nd ref="4234288583"/>
  <nd ref="4234288571"/>
  <tag k="building" v="yes"/>
 </way>
 <way id="423913554" visible="true" version="1" changeset="39914094" timestamp="2016-06-09T18:13:33Z" user="mcheckimport" uid="893327">
  <nd ref="4234290911"/>
  <nd ref="4234290826"/>
  <nd ref="4234290822"/>
  <nd ref="4234290791"/>
  <nd ref="4234290827"/>
  <nd ref="4234290759"/>
  <nd ref="4234290780"/>
  <nd ref="4234290824"/>
  <nd ref="4234290828"/>
  <nd ref="4234290850"/>
  <nd ref="4234290860"/>
  <nd ref="4234290834"/>
  <nd ref="4234290832"/>
  <nd ref="4234290323"/>
  <nd ref="4234290371"/>
  <nd ref="4234291048"/>
  <nd ref="4234290911"/>
  <tag k="building" v="yes"/>
 </way>
 <way id="423913607" visible="true" version="1" changeset="39914094" timestamp="2016-06-09T18:13:37Z" user="mcheckimport" uid="893327">
  <nd ref="4234291010"/>
  <nd ref="4234291064"/>
  <nd ref="4234291015"/>
  <nd ref="4234290750"/>
  <nd ref="4234290790"/>
  <nd ref="4234290738"/>
  <nd ref="4234290762"/>
  <nd ref="4234290745"/>
  <nd ref="4234290821"/>
  <nd ref="4234290848"/>
  <nd ref="4234290889"/>
  <nd ref="4234290920"/>
  <nd ref="4234290933"/>
  <nd ref="4234290952"/>
  <nd ref="4234290977"/>
  <nd ref="4234291201"/>
  <nd ref="4234291164"/>
  <nd ref="4234291131"/>
  <nd ref="4234291010"/>
  <tag k="building" v="yes"/>
 </way>
 <way id="423913747" visible="true" version="1" changeset="39914094" timestamp="2016-06-09T18:13:50Z" user="mcheckimport" uid="893327">
  <nd ref="4234291595"/>
  <nd ref="4234291161"/>
  <nd ref="4234291274"/>
  <nd ref="4234291491"/>
  <nd ref="4234291473"/>
  <nd ref="4234291433"/>
  <nd ref="4234291415"/>
  <nd ref="4234291459"/>
  <nd ref="4234291444"/>
  <nd ref="4234291376"/>
  <nd ref="4234291360"/>
  <nd ref="4234291426"/>
  <nd ref="4234291416"/>
  <nd ref="4234291486"/>
  <nd ref="4234291515"/>
  <nd ref="4234291487"/>
  <nd ref="4234291506"/>
  <nd ref="4234291497"/>
  <nd ref="4234291505"/>
  <nd ref="4234291521"/>
  <nd ref="4234291558"/>
  <nd ref="4234291581"/>
  <nd ref="4234291682"/>
  <nd ref="4234291595"/>
  <tag k="building" v="yes"/>
 </way>
 <way id="423913773" visible="true" version="1" changeset="39914094" timestamp="2016-06-09T18:13:52Z" user="mcheckimport" uid="893327">
  <nd ref="4234291654"/>
  <nd ref="4234291688"/>
  <nd ref="4234291657"/>
  <nd ref="4234291646"/>
  <nd ref="4234291643"/>
  <nd ref="4234291615"/>
  <nd ref="4234291539"/>
  <nd ref="4234291566"/>
  <nd ref="4234291541"/>
  <nd ref="4234291567"/>
  <nd ref="4234291523"/>
  <nd ref="4234291479"/>
  <nd ref="4234291472"/>
  <nd ref="4234291460"/>
  <nd ref="4234291625"/>
  <nd ref="4234291614"/>
  <nd ref="4234291652"/>
  <nd ref="4234291660"/>
  <nd ref="4234291823"/>
  <nd ref="4234291812"/>
  <nd ref="4234291291"/>
  <nd ref="4234291432"/>
  <nd ref="4234291995"/>
  <nd ref="4234291835"/>
  <nd ref="4234291654"/>
  <tag k="building" v="yes"/>
 </way>
 <way id="423913778" visible="true" version="1" changeset="39914094" timestamp="2016-06-09T18:13:53Z" user="mcheckimport" uid="893327">
  <nd ref="4234292355"/>
  <nd ref="4234292293"/>
  <nd ref="4234292303"/>
  <nd ref="4234292267"/>
  <nd ref="4234292274"/>
  <nd ref="4234292081"/>
  <nd ref="4234292069"/>
  <nd ref="4234292025"/>
  <nd ref="4234292017"/>
  <nd ref="4234292029"/>
  <nd ref="4234292014"/>
  <nd ref="4234292030"/>
  <nd ref="4234292012"/>
  <nd ref="4234291795"/>
  <nd ref="4234291827"/>
  <nd ref="4234291837"/>
  <nd ref="4234291870"/>
  <nd ref="4234291851"/>
  <nd ref="4234291873"/>
  <nd ref="4234292331"/>
  <nd ref="4234292327"/>
  <nd ref="4234292348"/>
  <nd ref="4234292351"/>
  <nd ref="4234292421"/>
  <nd ref="4234292355"/>
  <tag k="building" v="yes"/>
 </way>
 <way id="423913780" visible="true" version="1" changeset="39914094" timestamp="2016-06-09T18:13:53Z" user="mcheckimport" uid="893327">
  <nd ref="4234289839"/>
  <nd ref="4234289654"/>
  <nd ref="4234289560"/>
  <nd ref="4234289566"/>
  <nd ref="4234289450"/>
  <nd ref="4234289455"/>
  <nd ref="4234289386"/>
  <nd ref="4234289393"/>
  <nd ref="4234289258"/>
  <nd ref="4234289320"/>
  <nd ref="4234289467"/>
  <nd ref="4234289496"/>
  <nd ref="4234289468"/>
  <nd ref="4234289503"/>
  <nd ref="4234289533"/>
  <nd ref="4234289638"/>
  <nd ref="4234289678"/>
  <nd ref="4234289559"/>
  <nd ref="4234289578"/>
  <nd ref="4234289590"/>
  <nd ref="4234289599"/>
  <nd ref="4234289850"/>
  <nd ref="4234289844"/>
  <nd ref="4234289909"/>
  <nd ref="4234289839"/>
  <tag k="building" v="yes"/>
 </way>
 <way id="423913834" visible="true" version="1" changeset="39914094" timestamp="2016-06-09T18:13:58Z" user="mcheckimport" uid="893327">
  <nd ref="4234288511"/>
  <nd ref="4234287956"/>
  <nd ref="4234287945"/>
  <nd ref="4234287976"/>
  <nd ref="4234287988"/>
  <nd ref="4234288138"/>
  <nd ref="4234288127"/>
  <nd ref="4234288072"/>
  <nd ref="4234288066"/>
  <nd ref="4234288114"/>
  <nd ref="4234288113"/>
  <nd ref="4234287940"/>
  <nd ref="4234287921"/>
  <nd ref="4234288126"/>
  <nd ref="4234288129"/>
  <nd ref="4234288191"/>
  <nd ref="4234288189"/>
  <nd ref="4234288231"/>
  <nd ref="4234288226"/>
  <nd ref="4234287917"/>
  <nd ref="4234287903"/>
  <nd ref="4234288365"/>
  <nd ref="4234288369"/>
  <nd ref="4234288352"/>
  <nd ref="4234288361"/>
  <nd ref="4234288516"/>
  <nd ref="4234288518"/>
  <nd ref="4234288376"/>
  <nd ref="4234288511"/>
  <tag k="building" v="yes"/>
 </way>
 <way id="423913864" visible="true" version="1" changeset="39914094" timestamp="2016-06-09T18:14:00Z" user="mcheckimport" uid="893327">
  <nd ref="4234290369"/>
  <nd ref="4234290134"/>
  <nd ref="4234290132"/>
  <nd ref="4234289932"/>
  <nd ref="4234289924"/>
  <nd ref="4234289941"/>
  <nd ref="4234289912"/>
  <nd ref="4234289961"/>
  <nd ref="4234289971"/>
  <nd ref="4234290091"/>
  <nd ref="4234289985"/>
  <nd ref="4234290181"/>
  <nd ref="4234290305"/>
  <nd ref="4234289968"/>
  <nd ref="4234289986"/>
  <nd ref="4234290173"/>
  <nd ref="4234290182"/>
  <nd ref="4234290498"/>
  <nd ref="4234290316"/>
  <nd ref="4234289597"/>
  <nd ref="4234289824"/>
  <nd ref="4234289851"/>
  <nd ref="4234290148"/>
  <nd ref="4234290146"/>
  <nd ref="4234290503"/>
  <nd ref="4234290507"/>
  <nd ref="4234290692"/>
  <nd ref="4234290527"/>
  <nd ref="4234290382"/>
  <nd ref="4234290369"/>
  <tag k="building" v="yes"/>
 </way>
 <way id="423913870" visible="true" version="1" changeset="39914094" timestamp="2016-06-09T18:14:01Z" user="mcheckimport" uid="893327">
  <nd ref="4234286805"/>
  <nd ref="4234286822"/>
  <nd ref="4234286738"/>
  <nd ref="4234286504"/>
  <nd ref="4234286463"/>
  <nd ref="4234286430"/>
  <nd ref="4234286261"/>
  <nd ref="4234285791"/>
  <nd ref="4234285830"/>
  <nd ref="4234285700"/>
  <nd ref="4234285863"/>
  <nd ref="4234286228"/>
  <nd ref="4234286205"/>
  <nd ref="4234286452"/>
  <nd ref="4234286485"/>
  <nd ref="4234286465"/>
  <nd ref="4234286483"/>
  <nd ref="4234286503"/>
  <nd ref="4234286528"/>
  <nd ref="4234286566"/>
  <nd ref="4234286708"/>
  <nd ref="4234286756"/>
  <nd ref="4234286836"/>
  <nd ref="4234286781"/>
  <nd ref="4234286934"/>
  <nd ref="4234287155"/>
  <nd ref="4234287111"/>
  <nd ref="4234287096"/>
  <nd ref="4234287079"/>
  <nd ref="4234286805"/>
  <tag k="building" v="yes"/>
 </way>
 <way id="423913888" visible="true" version="1" changeset="39914094" timestamp="2016-06-09T18:14:02Z" user="mcheckimport" uid="893327">
  <nd ref="4234287359"/>
  <nd ref="4234287149"/>
  <nd ref="4234287158"/>
  <nd ref="4234287025"/>
  <nd ref="4234287045"/>
  <nd ref="4234287187"/>
  <nd ref="4234287184"/>
  <nd ref="4234287288"/>
  <nd ref="4234287299"/>
  <nd ref="4234287194"/>
  <nd ref="4234287231"/>
  <nd ref="4234287064"/>
  <nd ref="4234287080"/>
  <nd ref="4234287141"/>
  <nd ref="4234287148"/>
  <nd ref="4234287207"/>
  <nd ref="4234287216"/>
  <nd ref="4234287275"/>
  <nd ref="4234287338"/>
  <nd ref="4234287369"/>
  <nd ref="4234287400"/>
  <nd ref="4234287463"/>
  <nd ref="4234287273"/>
  <nd ref="4234287298"/>
  <nd ref="4234287091"/>
  <nd ref="4234287166"/>
  <nd ref="4234287416"/>
  <nd ref="4234287597"/>
  <nd ref="4234287733"/>
  <nd ref="4234287781"/>
  <nd ref="4234287359"/>
  <tag k="building" v="yes"/>
 </way>
 <way id="423913929" visible="true" version="1" changeset="39914094" timestamp="2016-06-09T18:14:04Z" user="mcheckimport" uid="893327">
  <nd ref="4234291647"/>
  <nd ref="4234291351"/>
  <nd ref="4234291348"/>
  <nd ref="4234291270"/>
  <nd ref="4234291272"/>
  <nd ref="4234291168"/>
  <nd ref="4234291185"/>
  <nd ref="4234291341"/>
  <nd ref="4234291332"/>
  <nd ref="4234291327"/>
  <nd ref="4234291337"/>
  <nd ref="4234291331"/>
  <nd ref="4234291401"/>
  <nd ref="4234291405"/>
  <nd ref="4234291423"/>
  <nd ref="4234291425"/>
  <nd ref="4234291520"/>
  <nd ref="4234291517"/>
  <nd ref="4234291597"/>
  <nd ref="4234291599"/>
  <nd ref="4234291522"/>
  <nd ref="4234291528"/>
  <nd ref="4234291457"/>
  <nd ref="4234291454"/>
  <nd ref="4234291382"/>
  <nd ref="4234291386"/>
  <nd ref="4234291387"/>
  <nd ref="4234291500"/>
  <nd ref="4234291503"/>
  <nd ref="4234291399"/>
  <nd ref="4234291403"/>
  <nd ref="4234291667"/>
  <nd ref="4234291647"/>
  <tag k="building" v="yes"/>
 </way>
 <way id="423913974" visible="true" version="1" changeset="39914094" timestamp="2016-06-09T18:14:06Z" user="mcheckimport" uid="893327">
  <nd ref="4234288898"/>
  <nd ref="4234288909"/>
  <nd ref="4234288720"/>
  <nd ref="4234288691"/>
  <nd ref="4234288638"/>
  <nd ref="4234288612"/>
  <nd ref="4234288016"/>
  <nd ref="4234288171"/>
  <nd ref="4234288333"/>
  <nd ref="4234288195"/>
  <nd ref="4234288293"/>
  <nd ref="4234288355"/>
  <nd ref="4234288707"/>
  <nd ref="4234288652"/>
  <nd ref="4234288673"/>
  <nd ref="4234288639"/>
  <nd ref="4234288611"/>
  <nd ref="4234288606"/>
  <nd ref="4234288561"/>
  <nd ref="4234288573"/>
  <nd ref="4234288364"/>
  <nd ref="4234288338"/>
  <nd ref="4234288497"/>
  <nd ref="4234288385"/>
  <nd ref="4234288538"/>
  <nd ref="4234288543"/>
  <nd ref="4234288590"/>
  <nd ref="4234288599"/>
  <nd ref="4234288650"/>
  <nd ref="4234288703"/>
  <nd ref="4234288745"/>
  <nd ref="4234288951"/>
  <nd ref="4234288957"/>
  <nd ref="4234289084"/>
  <nd ref="4234289032"/>
  <nd ref="4234288898"/>
  <tag k="building" v="yes"/>
 </way>
 <way id="423914251" visible="true" version="1" changeset="39914094" timestamp="2016-06-09T18:14:21Z" user="mcheckimport" uid="893327">
  <nd ref="4234288058"/>
  <nd ref="4234288053"/>
  <nd ref="4234288177"/>
  <nd ref="4234288179"/>
  <nd ref="4234288058"/>
  <tag k="building" v="shed"/>
 </way>
 <way id="423914974" visible="true" version="1" changeset="39914094" timestamp="2016-06-09T18:14:58Z" user="mcheckimport" uid="893327">
  <nd ref="4234289578"/>
  <nd ref="4234289534"/>
  <nd ref="4234289542"/>
  <nd ref="4234289590"/>
  <nd ref="4234289578"/>
  <tag k="building" v="shed"/>
 </way>
 <way id="423915162" visible="true" version="1" changeset="39914094" timestamp="2016-06-09T18:15:20Z" user="mcheckimport" uid="893327">
  <nd ref="4234286956"/>
  <nd ref="4234286974"/>
  <nd ref="4234287054"/>
  <nd ref="4234287040"/>
  <nd ref="4234286956"/>
  <tag k="building" v="yes"/>
 </way>
 <way id="423915314" visible="true" version="1" changeset="39914094" timestamp="2016-06-09T18:15:28Z" user="mcheckimport" uid="893327">
  <nd ref="4234289408"/>
  <nd ref="4234289361"/>
  <nd ref="4234289374"/>
  <nd ref="4234289418"/>
  <nd ref="4234289408"/>
  <tag k="building" v="shed"/>
 </way>
 <way id="423915501" visible="true" version="1" changeset="39914094" timestamp="2016-06-09T18:15:38Z" user="mcheckimport" uid="893327">
  <nd ref="4234288266"/>
  <nd ref="4234288049"/>
  <nd ref="4234288225"/>
  <nd ref="4234288490"/>
  <nd ref="4234288266"/>
  <tag k="building" v="yes"/>
 </way>
 <way id="423915526" visible="true" version="1" changeset="39914094" timestamp="2016-06-09T18:15:40Z" user="mcheckimport" uid="893327">
  <nd ref="4234287756"/>
  <nd ref="4234287701"/>
  <nd ref="4234287732"/>
  <nd ref="4234287779"/>
  <nd ref="4234287756"/>
  <tag k="building" v="shed"/>
 </way>
 <way id="423915969" visible="true" version="1" changeset="39914094" timestamp="2016-06-09T18:15:53Z" user="mcheckimport" uid="893327">
  <nd ref="4234290523"/>
  <nd ref="4234290358"/>
  <nd ref="4234290366"/>
  <nd ref="4234290533"/>
  <nd ref="4234290523"/>
  <tag k="building" v="shed"/>
 </way>
 <way id="423916106" visible="true" version="1" changeset="39914094" timestamp="2016-06-09T18:15:59Z" user="mcheckimport" uid="893327">
  <nd ref="4234289216"/>
  <nd ref="4234289130"/>
  <nd ref="4234289131"/>
  <nd ref="4234289217"/>
  <nd ref="4234289216"/>
  <tag k="building" v="roof"/>
  <tag k="layer" v="1"/>
 </way>
 <way id="423916381" visible="true" version="1" changeset="39914094" timestamp="2016-06-09T18:16:10Z" user="mcheckimport" uid="893327">
  <nd ref="4234289546"/>
  <nd ref="4234289670"/>
  <nd ref="4234290535"/>
  <nd ref="4234290302"/>
  <nd ref="4234289546"/>
  <tag k="building" v="yes"/>
 </way>
 <way id="423916418" visible="true" version="1" changeset="39914094" timestamp="2016-06-09T18:16:12Z" user="mcheckimport" uid="893327">
  <nd ref="4234287639"/>
  <nd ref="4234287469"/>
  <nd ref="4234287480"/>
  <nd ref="4234287655"/>
  <nd ref="4234287639"/>
  <tag k="building" v="roof"/>
  <tag k="layer" v="1"/>
 </way>
 <way id="423916487" visible="true" version="1" changeset="39914094" timestamp="2016-06-09T18:16:15Z" user="mcheckimport" uid="893327">
  <nd ref="4234287999"/>
  <nd ref="4234287952"/>
  <nd ref="4234287975"/>
  <nd ref="4234288020"/>
  <nd ref="4234287999"/>
  <tag k="building" v="shed"/>
 </way>
 <way id="423916607" visible="true" version="1" changeset="39914094" timestamp="2016-06-09T18:16:22Z" user="mcheckimport" uid="893327">
  <nd ref="4234287847"/>
  <nd ref="4234287625"/>
  <nd ref="4234287669"/>
  <nd ref="4234287876"/>
  <nd ref="4234287847"/>
  <tag k="building" v="roof"/>
  <tag k="layer" v="1"/>
 </way>
 <way id="423916718" visible="true" version="1" changeset="39914094" timestamp="2016-06-09T18:16:28Z" user="mcheckimport" uid="893327">
  <nd ref="4234291296"/>
  <nd ref="4234291208"/>
  <nd ref="4234291220"/>
  <nd ref="4234291307"/>
  <nd ref="4234291296"/>
  <tag k="amenity" v="place_of_worship"/>
  <tag k="building" v="church"/>
  <tag k="religion" v="christian"/>
 </way>
 <way id="423917042" visible="true" version="1" changeset="39914094" timestamp="2016-06-09T18:16:43Z" user="mcheckimport" uid="893327">
  <nd ref="4234288872"/>
  <nd ref="4234288710"/>
  <nd ref="4234288881"/>
  <nd ref="4234288995"/>
  <nd ref="4234288872"/>
  <tag k="building" v="yes"/>
 </way>
 <way id="423917446" visible="true" version="1" changeset="39914094" timestamp="2016-06-09T18:17:03Z" user="mcheckimport" uid="893327">
  <nd ref="4234291225"/>
  <nd ref="4234291162"/>
  <nd ref="4234291176"/>
  <nd ref="4234291238"/>
  <nd ref="4234291225"/>
  <tag k="building" v="shed"/>
 </way>
 <way id="423917600" visible="true" version="1" changeset="39914094" timestamp="2016-06-09T18:17:22Z" user="mcheckimport" uid="893327">
  <nd ref="4234286695"/>
  <nd ref="4234286712"/>
  <nd ref="4234286775"/>
  <nd ref="4234286757"/>
  <nd ref="4234286695"/>
  <tag k="building" v="roof"/>
  <tag k="layer" v="1"/>
 </way>
 <way id="423917684" visible="true" version="1" changeset="39914094" timestamp="2016-06-09T18:17:27Z" user="mcheckimport" uid="893327">
  <nd ref="4234288675"/>
  <nd ref="4234288612"/>
  <nd ref="4234288638"/>
  <nd ref="4234288691"/>
  <nd ref="4234288675"/>
  <tag k="building" v="shed"/>
 </way>
 <way id="423917924" visible="true" version="1" changeset="39914094" timestamp="2016-06-09T18:17:41Z" user="mcheckimport" uid="893327">
  <nd ref="4234288168"/>
  <nd ref="4234288085"/>
  <nd ref="4234288108"/>
  <nd ref="4234288197"/>
  <nd ref="4234288168"/>
  <tag k="building" v="yes"/>
 </way>
 <way id="423918165" visible="true" version="1" changeset="39914094" timestamp="2016-06-09T18:17:53Z" user="mcheckimport" uid="893327">
  <nd ref="4234288992"/>
  <nd ref="4234288989"/>
  <nd ref="4234289033"/>
  <nd ref="4234289038"/>
  <nd ref="4234288992"/>
  <tag k="building" v="shed"/>
 </way>
 <way id="423918393" visible="true" version="1" changeset="39914094" timestamp="2016-06-09T18:18:02Z" user="mcheckimport" uid="893327">
  <nd ref="4234289086"/>
  <nd ref="4234288964"/>
  <nd ref="4234289082"/>
  <nd ref="4234289225"/>
  <nd ref="4234289086"/>
  <tag k="building" v="yes"/>
 </way>
 <way id="423918399" visible="true" version="1" changeset="39914094" timestamp="2016-06-09T18:18:03Z" user="mcheckimport" uid="893327">
  <nd ref="4234286478"/>
  <nd ref="4234286541"/>
  <nd ref="4234286766"/>
  <nd ref="4234286711"/>
  <nd ref="4234286478"/>
  <tag k="building" v="shed"/>
 </way>
 <way id="423919057" visible="true" version="1" changeset="39914094" timestamp="2016-06-09T18:18:38Z" user="mcheckimport" uid="893327">
  <nd ref="4234286528"/>
  <nd ref="4234286498"/>
  <nd ref="4234286540"/>
  <nd ref="4234286566"/>
  <nd ref="4234286528"/>
  <tag k="building" v="roof"/>
  <tag k="layer" v="1"/>
 </way>
 <way id="423919234" visible="true" version="1" changeset="39914094" timestamp="2016-06-09T18:18:48Z" user="mcheckimport" uid="893327">
  <nd ref="4234291513"/>
  <nd ref="4234291490"/>
  <nd ref="4234291529"/>
  <nd ref="4234291545"/>
  <nd ref="4234291513"/>
  <tag k="building" v="roof"/>
  <tag k="layer" v="1"/>
 </way>
 <way id="423919351" visible="true" version="1" changeset="39914094" timestamp="2016-06-09T18:18:56Z" user="mcheckimport" uid="893327">
  <nd ref="4234286795"/>
  <nd ref="4234286843"/>
  <nd ref="4234286991"/>
  <nd ref="4234286960"/>
  <nd ref="4234286795"/>
  <tag k="amenity" v="place_of_worship"/>
  <tag k="building" v="church"/>
  <tag k="religion" v="christian"/>
 </way>
 <way id="423920398" visible="true" version="1" changeset="39914094" timestamp="2016-06-09T18:20:05Z" user="mcheckimport" uid="893327">
  <nd ref="4234287488"/>
  <nd ref="4234287656"/>
  <nd ref="4234287602"/>
  <nd ref="4234287438"/>
  <nd ref="4234287365"/>
  <nd ref="4234287625"/>
  <nd ref="4234287847"/>
  <nd ref="4234288002"/>
  <nd ref="4234287946"/>
  <nd ref="4234287879"/>
  <nd ref="4234287702"/>
  <nd ref="4234287762"/>
  <nd ref="4234287736"/>
  <nd ref="4234287760"/>
  <nd ref="4234287755"/>
  <nd ref="4234287693"/>
  <nd ref="4234287675"/>
  <nd ref="4234287658"/>
  <nd ref="4234286932"/>
  <nd ref="4234287005"/>
  <nd ref="4234286998"/>
  <nd ref="4234287029"/>
  <nd ref="4234287077"/>
  <nd ref="4234287137"/>
  <nd ref="4234287176"/>
  <nd ref="4234287647"/>
  <nd ref="4234287795"/>
  <nd ref="4234287041"/>
  <nd ref="4234287125"/>
  <nd ref="4234287144"/>
  <nd ref="4234287367"/>
  <nd ref="4234287345"/>
  <nd ref="4234287424"/>
  <nd ref="4234288277"/>
  <nd ref="4234288230"/>
  <nd ref="4234288081"/>
  <nd ref="4234288001"/>
  <nd ref="4234287933"/>
  <nd ref="4234287867"/>
  <nd ref="4234287646"/>
  <nd ref="4234287488"/>
  <tag k="building" v="yes"/>
 </way>
 <way id="423920407" visible="true" version="1" changeset="39914094" timestamp="2016-06-09T18:20:07Z" user="mcheckimport" uid="893327">
  <nd ref="4234287960"/>
  <nd ref="4234287891"/>
  <nd ref="4234287935"/>
  <nd ref="4234287859"/>
  <nd ref="4234287882"/>
  <nd ref="4234287885"/>
  <nd ref="4234287880"/>
  <nd ref="4234287873"/>
  <nd ref="4234287858"/>
  <nd ref="4234287834"/>
  <nd ref="4234287806"/>
  <nd ref="4234287776"/>
  <nd ref="4234287733"/>
  <nd ref="4234287597"/>
  <nd ref="4234287416"/>
  <nd ref="4234287166"/>
  <nd ref="4234287106"/>
  <nd ref="4234286999"/>
  <nd ref="4234286942"/>
  <nd ref="4234286878"/>
  <nd ref="4234286813"/>
  <nd ref="4234286964"/>
  <nd ref="4234287015"/>
  <nd ref="4234287199"/>
  <nd ref="4234287170"/>
  <nd ref="4234287222"/>
  <nd ref="4234287249"/>
  <nd ref="4234287278"/>
  <nd ref="4234287384"/>
  <nd ref="4234287447"/>
  <nd ref="4234287437"/>
  <nd ref="4234287474"/>
  <nd ref="4234287477"/>
  <nd ref="4234287614"/>
  <nd ref="4234287651"/>
  <nd ref="4234287671"/>
  <nd ref="4234287684"/>
  <nd ref="4234287722"/>
  <nd ref="4234287705"/>
  <nd ref="4234287738"/>
  <nd ref="4234287766"/>
  <nd ref="4234287892"/>
  <nd ref="4234287872"/>
  <nd ref="4234287960"/>
  <tag k="building" v="yes"/>
 </way>
 <way id="423920493" visible="true" version="1" changeset="39914094" timestamp="2016-06-09T18:20:14Z" user="mcheckimport" uid="893327">
  <nd ref="4234289300"/>
  <nd ref="4234289340"/>
  <nd ref="4234289436"/>
  <nd ref="4234289411"/>
  <nd ref="4234289403"/>
  <nd ref="4234289300"/>
  <tag k="building" v="shed"/>
 </way>
 <way id="423920632" visible="true" version="1" changeset="39914094" timestamp="2016-06-09T18:20:21Z" user="mcheckimport" uid="893327">
  <nd ref="4234289652"/>
  <nd ref="4234289537"/>
  <nd ref="4234289553"/>
  <nd ref="4234289596"/>
  <nd ref="4234289681"/>
  <nd ref="4234289652"/>
  <tag k="building" v="shed"/>
 </way>
 <way id="423920810" visible="true" version="1" changeset="39914094" timestamp="2016-06-09T18:20:30Z" user="mcheckimport" uid="893327">
  <nd ref="4234289124"/>
  <nd ref="4234289102"/>
  <nd ref="4234289343"/>
  <nd ref="4234289212"/>
  <nd ref="4234289134"/>
  <nd ref="4234289124"/>
  <tag k="building" v="yes"/>
 </way>
 <way id="423920954" visible="true" version="1" changeset="39914094" timestamp="2016-06-09T18:20:39Z" user="mcheckimport" uid="893327">
  <nd ref="4234290364"/>
  <nd ref="4234290317"/>
  <nd ref="4234290328"/>
  <nd ref="4234290353"/>
  <nd ref="4234290375"/>
  <nd ref="4234290364"/>
  <tag k="building" v="shed"/>
 </way>
 <way id="423920997" visible="true" version="1" changeset="39914094" timestamp="2016-06-09T18:20:41Z" user="mcheckimport" uid="893327">
  <nd ref="4234290533"/>
  <nd ref="4234290366"/>
  <nd ref="4234290384"/>
  <nd ref="4234290575"/>
  <nd ref="4234290561"/>
  <nd ref="4234290533"/>
  <tag k="building" v="shed"/>
 </way>
 <way id="423921366" visible="true" version="1" changeset="39914094" timestamp="2016-06-09T18:21:04Z" user="mcheckimport" uid="893327">
  <nd ref="4234288164"/>
  <nd ref="4234288163"/>
  <nd ref="4234288271"/>
  <nd ref="4234288274"/>
  <nd ref="4234288182"/>
  <nd ref="4234288167"/>
  <nd ref="4234288164"/>
  <tag k="building" v="roof"/>
  <tag k="layer" v="1"/>
 </way>
 <way id="423921599" visible="true" version="1" changeset="39914094" timestamp="2016-06-09T18:21:16Z" user="mcheckimport" uid="893327">
  <nd ref="4234288673"/>
  <nd ref="4234288652"/>
  <nd ref="4234288707"/>
  <nd ref="4234288754"/>
  <nd ref="4234288745"/>
  <nd ref="4234288703"/>
  <nd ref="4234288673"/>
  <tag k="building" v="shed"/>
 </way>
 <way id="423921885" visible="true" version="1" changeset="39914094" timestamp="2016-06-09T18:21:32Z" user="mcheckimport" uid="893327">
  <nd ref="4234288600"/>
  <nd ref="4234288489"/>
  <nd ref="4234288500"/>
  <nd ref="4234288242"/>
  <nd ref="4234288249"/>
  <nd ref="4234288629"/>
  <nd ref="4234288600"/>
  <tag k="building" v="yes"/>
 </way>
 <way id="423921886" visible="true" version="1" changeset="39914094" timestamp="2016-06-09T18:21:32Z" user="mcheckimport" uid="893327">
  <nd ref="4234291468"/>
  <nd ref="4234291513"/>
  <nd ref="4234291545"/>
  <nd ref="4234291600"/>
  <nd ref="4234292073"/>
  <nd ref="4234291869"/>
  <nd ref="4234291468"/>
  <tag k="building" v="yes"/>
 </way>
 <way id="423921968" visible="true" version="1" changeset="39914094" timestamp="2016-06-09T18:21:50Z" user="mcheckimport" uid="893327">
  <nd ref="4234291264"/>
  <nd ref="4234291343"/>
  <nd ref="4234291810"/>
  <nd ref="4234291683"/>
  <nd ref="4234291474"/>
  <nd ref="4234291461"/>
  <nd ref="4234291264"/>
  <tag k="building" v="yes"/>
 </way>
 <way id="423922219" visible="true" version="1" changeset="39914094" timestamp="2016-06-09T18:22:06Z" user="mcheckimport" uid="893327">
  <nd ref="4234291505"/>
  <nd ref="4234291467"/>
  <nd ref="4234291473"/>
  <nd ref="4234291491"/>
  <nd ref="4234291556"/>
  <nd ref="4234291521"/>
  <nd ref="4234291505"/>
  <tag k="building" v="shed"/>
 </way>
 <way id="423922534" visible="true" version="1" changeset="39914094" timestamp="2016-06-09T18:22:21Z" user="mcheckimport" uid="893327">
  <nd ref="4234285254"/>
  <nd ref="4234285314"/>
  <nd ref="4234286448"/>
  <nd ref="4234286565"/>
  <nd ref="4234286758"/>
  <nd ref="4234286541"/>
  <nd ref="4234286478"/>
  <nd ref="4234285254"/>
  <tag k="building" v="shed"/>
 </way>
 <way id="423922644" visible="true" version="1" changeset="39914094" timestamp="2016-06-09T18:22:28Z" user="mcheckimport" uid="893327">
  <nd ref="4234287654"/>
  <nd ref="4234287620"/>
  <nd ref="4234287640"/>
  <nd ref="4234287701"/>
  <nd ref="4234287756"/>
  <nd ref="4234287711"/>
  <nd ref="4234287698"/>
  <nd ref="4234287654"/>
  <tag k="building" v="shed"/>
 </way>
 <way id="423922921" visible="true" version="1" changeset="39914094" timestamp="2016-06-09T18:22:44Z" user="mcheckimport" uid="893327">
  <nd ref="4234287031"/>
  <nd ref="4234287046"/>
  <nd ref="4234286981"/>
  <nd ref="4234287066"/>
  <nd ref="4234287289"/>
  <nd ref="4234287201"/>
  <nd ref="4234287169"/>
  <nd ref="4234287134"/>
  <nd ref="4234287031"/>
  <tag k="building" v="yes"/>
 </way>
 <way id="423922979" visible="true" version="1" changeset="39914094" timestamp="2016-06-09T18:22:47Z" user="mcheckimport" uid="893327">
  <nd ref="4234291177"/>
  <nd ref="4234291105"/>
  <nd ref="4234291121"/>
  <nd ref="4234291067"/>
  <nd ref="4234291115"/>
  <nd ref="4234291329"/>
  <nd ref="4234291241"/>
  <nd ref="4234291194"/>
  <nd ref="4234291177"/>
  <tag k="building" v="yes"/>
 </way>
 <way id="423923023" visible="true" version="1" changeset="39914094" timestamp="2016-06-09T18:22:49Z" user="mcheckimport" uid="893327">
  <nd ref="4234291375"/>
  <nd ref="4234290916"/>
  <nd ref="4234291085"/>
  <nd ref="4234291396"/>
  <nd ref="4234291355"/>
  <nd ref="4234291318"/>
  <nd ref="4234291242"/>
  <nd ref="4234291434"/>
  <nd ref="4234291375"/>
  <tag k="building" v="yes"/>
 </way>
 <way id="423923247" visible="true" version="1" changeset="39914094" timestamp="2016-06-09T18:23:02Z" user="mcheckimport" uid="893327">
  <nd ref="4234288706"/>
  <nd ref="4234288553"/>
  <nd ref="4234288560"/>
  <nd ref="4234288378"/>
  <nd ref="4234288371"/>
  <nd ref="4234288235"/>
  <nd ref="4234288337"/>
  <nd ref="4234288837"/>
  <nd ref="4234288706"/>
  <tag k="building" v="yes"/>
 </way>
 <way id="423923261" visible="true" version="1" changeset="39914094" timestamp="2016-06-09T18:23:03Z" user="mcheckimport" uid="893327">
  <nd ref="4234289987"/>
  <nd ref="4234289894"/>
  <nd ref="4234289917"/>
  <nd ref="4234289867"/>
  <nd ref="4234289887"/>
  <nd ref="4234289933"/>
  <nd ref="4234289964"/>
  <nd ref="4234290184"/>
  <nd ref="4234289987"/>
  <tag k="building" v="yes"/>
 </way>
 <way id="423923269" visible="true" version="1" changeset="39914094" timestamp="2016-06-09T18:23:03Z" user="mcheckimport" uid="893327">
  <nd ref="4234291301"/>
  <nd ref="4234291218"/>
  <nd ref="4234291265"/>
  <nd ref="4234291238"/>
  <nd ref="4234291176"/>
  <nd ref="4234291162"/>
  <nd ref="4234291049"/>
  <nd ref="4234291154"/>
  <nd ref="4234291301"/>
  <tag k="building" v="yes"/>
 </way>
 <way id="423923308" visible="true" version="1" changeset="39914094" timestamp="2016-06-09T18:23:06Z" user="mcheckimport" uid="893327">
  <nd ref="4234288047"/>
  <nd ref="4234287837"/>
  <nd ref="4234287867"/>
  <nd ref="4234287933"/>
  <nd ref="4234287920"/>
  <nd ref="4234287982"/>
  <nd ref="4234288001"/>
  <nd ref="4234288081"/>
  <nd ref="4234288047"/>
  <tag k="building" v="roof"/>
  <tag k="layer" v="1"/>
 </way>
 <way id="423923335" visible="true" version="1" changeset="39914094" timestamp="2016-06-09T18:23:08Z" user="mcheckimport" uid="893327">
  <nd ref="4234288954"/>
  <nd ref="4234288950"/>
  <nd ref="4234288948"/>
  <nd ref="4234288938"/>
  <nd ref="4234288342"/>
  <nd ref="4234288346"/>
  <nd ref="4234288625"/>
  <nd ref="4234288628"/>
  <nd ref="4234288608"/>
  <nd ref="4234288575"/>
  <nd ref="4234288577"/>
  <nd ref="4234288502"/>
  <nd ref="4234288373"/>
  <nd ref="4234288336"/>
  <nd ref="4234288309"/>
  <nd ref="4234288269"/>
  <nd ref="4234288267"/>
  <nd ref="4234288186"/>
  <nd ref="4234288194"/>
  <nd ref="4234288275"/>
  <nd ref="4234288288"/>
  <nd ref="4234288295"/>
  <nd ref="4234288099"/>
  <nd ref="4234288130"/>
  <nd ref="4234288029"/>
  <nd ref="4234288025"/>
  <nd ref="4234288015"/>
  <nd ref="4234288018"/>
  <nd ref="4234288034"/>
  <nd ref="4234288036"/>
  <nd ref="4234288024"/>
  <nd ref="4234288030"/>
  <nd ref="4234287950"/>
  <nd ref="4234287974"/>
  <nd ref="4234287678"/>
  <nd ref="4234287704"/>
  <nd ref="4234287810"/>
  <nd ref="4234287813"/>
  <nd ref="4234287747"/>
  <nd ref="4234287745"/>
  <nd ref="4234287674"/>
  <nd ref="4234287673"/>
  <nd ref="4234287643"/>
  <nd ref="4234287633"/>
  <nd ref="4234287649"/>
  <nd ref="4234287619"/>
  <nd ref="4234287609"/>
  <nd ref="4234287441"/>
  <nd ref="4234287470"/>
  <nd ref="4234287430"/>
  <nd ref="4234287406"/>
  <nd ref="4234287071"/>
  <nd ref="4234287099"/>
  <nd ref="4234287353"/>
  <nd ref="4234287358"/>
  <nd ref="4234287331"/>
  <nd ref="4234287339"/>
  <nd ref="4234287411"/>
  <nd ref="4234287428"/>
  <nd ref="4234287327"/>
  <nd ref="4234287310"/>
  <nd ref="4234287145"/>
  <nd ref="4234287110"/>
  <nd ref="4234287124"/>
  <nd ref="4234287159"/>
  <nd ref="4234287190"/>
  <nd ref="4234286987"/>
  <nd ref="4234286969"/>
  <nd ref="4234286997"/>
  <nd ref="4234286986"/>
  <nd ref="4234286782"/>
  <nd ref="4234286796"/>
  <nd ref="4234286864"/>
  <nd ref="4234286883"/>
  <nd ref="4234286812"/>
  <nd ref="4234286828"/>
  <nd ref="4234287444"/>
  <nd ref="4234287442"/>
  <nd ref="4234287589"/>
  <nd ref="4234287593"/>
  <nd ref="4234287896"/>
  <nd ref="4234288366"/>
  <nd ref="4234288651"/>
  <nd ref="4234288954"/>
  <tag k="building" v="yes"/>
 </way>
 <way id="423923347" visible="true" version="1" changeset="39914094" timestamp="2016-06-09T18:23:09Z" user="mcheckimport" uid="893327">
  <nd ref="4234289458"/>
  <nd ref="4234289477"/>
  <nd ref="4234289620"/>
  <nd ref="4234289626"/>
  <nd ref="4234289797"/>
  <nd ref="4234289823"/>
  <nd ref="4234289894"/>
  <nd ref="4234289987"/>
  <nd ref="4234289942"/>
  <nd ref="4234289458"/>
  <tag k="building" v="yes"/>
 </way>
 <way id="423923368" visible="true" version="1" changeset="39914094" timestamp="2016-06-09T18:23:11Z" user="mcheckimport" uid="893327">
  <nd ref="4234287020"/>
  <nd ref="4234287031"/>
  <nd ref="4234287134"/>
  <nd ref="4234287169"/>
  <nd ref="4234287201"/>
  <nd ref="4234287233"/>
  <nd ref="4234287214"/>
  <nd ref="4234287195"/>
  <nd ref="4234287168"/>
  <nd ref="4234287020"/>
  <tag k="building" v="roof"/>
  <tag k="layer" v="1"/>
 </way>
 <way id="423923383" visible="true" version="1" changeset="39914094" timestamp="2016-06-09T18:23:12Z" user="mcheckimport" uid="893327">
  <nd ref="4234287103"/>
  <nd ref="4234287085"/>
  <nd ref="4234287198"/>
  <nd ref="4234287058"/>
  <nd ref="4234286285"/>
  <nd ref="4234286749"/>
  <nd ref="4234286763"/>
  <nd ref="4234287312"/>
  <nd ref="4234287215"/>
  <nd ref="4234287103"/>
  <tag k="building" v="yes"/>
 </way>
 <way id="448666191" visible="true" version="3" changeset="96529768" timestamp="2020-12-28T11:02:09Z" user="Domenico D'Erchia" uid="10192503">
  <nd ref="4456557600"/>
  <nd ref="4456557585"/>
  <nd ref="4457811658"/>
  <nd ref="4457811657"/>
  <nd ref="4456557600"/>
  <tag k="bridge" v="low_water_crossing"/>
  <tag k="layer" v="1"/>
  <tag k="man_made" v="bridge"/>
  <tag k="name" v="Ponte Viale Marconi"/>
 </way>
 <way id="448805135" visible="true" version="6" changeset="58509907" timestamp="2018-04-28T17:59:08Z" user="corfede" uid="1960233">
  <nd ref="4457811422"/>
  <nd ref="4457811423"/>
  <nd ref="4457811424"/>
  <nd ref="4457811425"/>
  <nd ref="4457811426"/>
  <nd ref="4457811427"/>
  <nd ref="4457811428"/>
  <nd ref="4457811429"/>
  <nd ref="4457811430"/>
  <nd ref="4457811431"/>
  <nd ref="4457811432"/>
  <nd ref="4457811433"/>
  <nd ref="4457811434"/>
  <nd ref="4457811435"/>
  <nd ref="4457811436"/>
  <nd ref="4457811437"/>
  <nd ref="4457811438"/>
  <nd ref="4457811439"/>
  <nd ref="4457811440"/>
  <nd ref="4457811441"/>
  <nd ref="4457811442"/>
  <nd ref="4457811443"/>
  <nd ref="4457811444"/>
  <nd ref="4457811445"/>
  <nd ref="4457811446"/>
  <nd ref="4457811447"/>
  <nd ref="4457811448"/>
  <nd ref="4457811449"/>
  <nd ref="4457811450"/>
  <nd ref="4457811451"/>
  <nd ref="4457811452"/>
  <nd ref="4457811453"/>
  <nd ref="4457811454"/>
  <nd ref="4457811455"/>
  <nd ref="4457811456"/>
  <nd ref="4457811457"/>
  <nd ref="4457811458"/>
  <nd ref="4457811459"/>
  <nd ref="4457811460"/>
  <nd ref="4457811461"/>
  <nd ref="4457811462"/>
  <nd ref="4457811463"/>
  <nd ref="4457811464"/>
  <nd ref="4457811465"/>
  <nd ref="4457811466"/>
  <nd ref="4457811467"/>
  <nd ref="4457811468"/>
  <nd ref="4457811469"/>
  <nd ref="4457811470"/>
  <nd ref="4457811471"/>
  <nd ref="4457811472"/>
  <nd ref="4457811473"/>
  <nd ref="4457811474"/>
  <nd ref="4457811475"/>
  <nd ref="4457879594"/>
  <nd ref="4457879595"/>
  <nd ref="4457879596"/>
  <nd ref="4457879597"/>
  <nd ref="4457879598"/>
  <nd ref="4457879649"/>
  <nd ref="4456556538"/>
  <nd ref="4457879599"/>
  <nd ref="4457879600"/>
  <tag k="intermittent" v="yes"/>
  <tag k="waterway" v="drain"/>
 </way>
 <way id="448805140" visible="true" version="2" changeset="43059878" timestamp="2016-10-21T13:36:17Z" user="Mfran22" uid="2783442">
  <nd ref="4457811610"/>
  <nd ref="4457811611"/>
  <nd ref="4457811612"/>
  <nd ref="4457811613"/>
  <nd ref="4457811614"/>
  <nd ref="4457811615"/>
  <nd ref="4457811616"/>
  <nd ref="4457811617"/>
  <nd ref="4457811618"/>
  <nd ref="4457811619"/>
  <nd ref="4457811620"/>
  <nd ref="4457811621"/>
  <nd ref="4457879624"/>
  <nd ref="4457811622"/>
  <nd ref="4457811623"/>
  <nd ref="4457811624"/>
  <nd ref="4457811625"/>
  <nd ref="4457811626"/>
  <nd ref="4457811627"/>
  <nd ref="4457879630"/>
  <nd ref="4457811610"/>
  <tag k="natural" v="bare_rock"/>
 </way>
 <way id="448805142" visible="true" version="1" changeset="43058091" timestamp="2016-10-21T12:17:27Z" user="Mfran22" uid="2783442">
  <nd ref="4457811422"/>
  <nd ref="4457811628"/>
  <nd ref="4457811629"/>
  <nd ref="4457811630"/>
  <nd ref="4457811631"/>
  <nd ref="4457811632"/>
  <nd ref="4457811633"/>
  <nd ref="4457811634"/>
  <nd ref="4457811635"/>
  <nd ref="4456557715"/>
  <nd ref="4456557720"/>
  <nd ref="4456557723"/>
  <nd ref="4456557733"/>
  <nd ref="4234293255"/>
  <nd ref="4456557743"/>
  <nd ref="4456557744"/>
  <nd ref="4456557736"/>
  <nd ref="4457811484"/>
  <nd ref="4457811482"/>
  <nd ref="4457811481"/>
  <nd ref="4457811480"/>
  <nd ref="4457811479"/>
  <nd ref="4457811478"/>
  <nd ref="4457811477"/>
  <nd ref="4457811476"/>
  <nd ref="4456557732"/>
  <nd ref="4456557734"/>
  <nd ref="4456557739"/>
  <nd ref="4456557745"/>
  <nd ref="4456557751"/>
  <nd ref="4457811636"/>
  <nd ref="4456557759"/>
  <nd ref="4456557767"/>
  <nd ref="4456557771"/>
  <nd ref="4456557774"/>
  <nd ref="4456557779"/>
  <nd ref="4456557782"/>
  <nd ref="4457811637"/>
  <nd ref="4456557992"/>
  <nd ref="4456557990"/>
  <nd ref="4457811638"/>
  <nd ref="4457811680"/>
  <nd ref="4457811639"/>
  <nd ref="4457811640"/>
  <nd ref="4457811641"/>
  <nd ref="4457811642"/>
  <nd ref="4457811643"/>
  <nd ref="4457811644"/>
  <nd ref="4457811679"/>
  <nd ref="4457811645"/>
  <nd ref="4457811594"/>
  <nd ref="4457811486"/>
  <nd ref="4457811589"/>
  <nd ref="4457811590"/>
  <nd ref="4457811591"/>
  <nd ref="4457811592"/>
  <nd ref="4456557703"/>
  <nd ref="4456557689"/>
  <nd ref="4456557664"/>
  <nd ref="4234291016"/>
  <nd ref="4456557656"/>
  <nd ref="4457811598"/>
  <nd ref="4457811597"/>
  <nd ref="4457811596"/>
  <nd ref="4457811595"/>
  <nd ref="4456557651"/>
  <nd ref="4457811646"/>
  <nd ref="4457811647"/>
  <nd ref="4457811648"/>
  <nd ref="4457811649"/>
  <nd ref="4457811678"/>
  <nd ref="4457811650"/>
  <nd ref="4457811651"/>
  <nd ref="4457811652"/>
  <nd ref="4457811677"/>
  <nd ref="4457811653"/>
  <nd ref="1489455884"/>
  <nd ref="4457811599"/>
  <nd ref="4457811600"/>
  <nd ref="4457811601"/>
  <nd ref="4457811602"/>
  <nd ref="4457811603"/>
  <nd ref="4457811604"/>
  <nd ref="4457811605"/>
  <nd ref="4457811606"/>
  <nd ref="4457811607"/>
  <nd ref="4457811608"/>
  <nd ref="4456557632"/>
  <nd ref="4456557631"/>
  <nd ref="4456557628"/>
  <nd ref="4456557629"/>
  <nd ref="4456557618"/>
  <nd ref="4457811654"/>
  <nd ref="4457811655"/>
  <nd ref="4457811656"/>
  <nd ref="4456557614"/>
  <nd ref="4456557610"/>
  <nd ref="4457811657"/>
  <nd ref="4457811658"/>
  <nd ref="4457811659"/>
  <nd ref="4456557611"/>
  <nd ref="4457811660"/>
  <nd ref="1489455858"/>
  <nd ref="1489455862"/>
  <nd ref="4234288736"/>
  <nd ref="4457811661"/>
  <nd ref="4457811662"/>
  <nd ref="4457811663"/>
  <nd ref="4457811664"/>
  <nd ref="4457811665"/>
  <nd ref="4457811666"/>
  <nd ref="4457811667"/>
  <nd ref="4457811668"/>
  <nd ref="4457811669"/>
  <nd ref="4457811670"/>
  <nd ref="4456557657"/>
  <nd ref="4456557660"/>
  <nd ref="4456557662"/>
  <nd ref="4456557663"/>
  <nd ref="4456557669"/>
  <nd ref="4456557690"/>
  <nd ref="4456557698"/>
  <nd ref="4457811671"/>
  <nd ref="4457811672"/>
  <nd ref="4457811673"/>
  <nd ref="4457811674"/>
  <nd ref="4457811675"/>
  <nd ref="4457811676"/>
  <nd ref="4456557692"/>
  <nd ref="4456557686"/>
  <nd ref="4456557680"/>
  <nd ref="4456557673"/>
  <nd ref="4456557667"/>
  <nd ref="4456557668"/>
  <nd ref="4456557665"/>
  <nd ref="4456557666"/>
  <nd ref="4456557671"/>
  <nd ref="4456557670"/>
  <nd ref="4456557688"/>
  <nd ref="4456557693"/>
  <nd ref="4456557695"/>
  <nd ref="4456557691"/>
  <nd ref="4456557697"/>
  <nd ref="4456557701"/>
  <nd ref="4456557702"/>
  <nd ref="4456557700"/>
  <nd ref="4456557696"/>
  <nd ref="4456557687"/>
  <nd ref="4456557677"/>
  <nd ref="4456557676"/>
  <nd ref="4456557683"/>
  <nd ref="4456557678"/>
  <nd ref="4456557674"/>
  <nd ref="4456557682"/>
  <nd ref="4456557675"/>
  <nd ref="4456557679"/>
  <nd ref="4456557681"/>
  <nd ref="4456557685"/>
  <nd ref="4456557694"/>
  <nd ref="4456557705"/>
  <nd ref="4456557714"/>
  <nd ref="4456557724"/>
  <nd ref="4456557735"/>
  <nd ref="4456557741"/>
  <nd ref="4456557746"/>
  <nd ref="4456557754"/>
  <nd ref="4456557757"/>
  <nd ref="4456557760"/>
  <nd ref="4456557762"/>
  <nd ref="4234294380"/>
  <nd ref="4234294538"/>
  <nd ref="4456557765"/>
  <nd ref="4456557766"/>
  <nd ref="4457811422"/>
  <tag k="natural" v="scrub"/>
 </way>
 <way id="448813218" visible="true" version="1" changeset="43059878" timestamp="2016-10-21T13:36:14Z" user="Mfran22" uid="2783442">
  <nd ref="4456557600"/>
  <nd ref="4456557581"/>
  <nd ref="1489455817"/>
  <nd ref="1489455812"/>
  <nd ref="1489455805"/>
  <nd ref="1489455806"/>
  <nd ref="1489455803"/>
  <nd ref="1489455804"/>
  <nd ref="4457879610"/>
  <nd ref="4456557558"/>
  <nd ref="4456557556"/>
  <nd ref="4457879638"/>
  <nd ref="4457879637"/>
  <nd ref="4457879636"/>
  <nd ref="4456557548"/>
  <nd ref="4456557546"/>
  <nd ref="4457879635"/>
  <nd ref="1489455770"/>
  <nd ref="4456557543"/>
  <nd ref="4457879611"/>
  <nd ref="1489455763"/>
  <nd ref="1489455761"/>
  <nd ref="1489455749"/>
  <nd ref="4456557520"/>
  <nd ref="1489455755"/>
  <nd ref="4456557512"/>
  <nd ref="1489455714"/>
  <nd ref="4457879612"/>
  <nd ref="4457879613"/>
  <nd ref="4457879614"/>
  <nd ref="4457879615"/>
  <nd ref="4457879616"/>
  <nd ref="1489455726"/>
  <nd ref="1489455730"/>
  <nd ref="1489455731"/>
  <nd ref="4456557515"/>
  <nd ref="4234279182"/>
  <nd ref="1489455743"/>
  <nd ref="4456557517"/>
  <nd ref="4456557521"/>
  <nd ref="4457879617"/>
  <nd ref="4456557524"/>
  <nd ref="1489455764"/>
  <nd ref="4234280901"/>
  <nd ref="4234281085"/>
  <nd ref="1489455768"/>
  <nd ref="4234281046"/>
  <nd ref="4457879626"/>
  <nd ref="4457879618"/>
  <nd ref="4457879619"/>
  <nd ref="4457879620"/>
  <nd ref="4457879621"/>
  <nd ref="4457879634"/>
  <nd ref="4457879622"/>
  <nd ref="4457879633"/>
  <nd ref="4457879623"/>
  <nd ref="4457811610"/>
  <nd ref="4457811611"/>
  <nd ref="4457811613"/>
  <nd ref="4457811614"/>
  <nd ref="4457811615"/>
  <nd ref="4457811616"/>
  <nd ref="4457811617"/>
  <nd ref="4457811618"/>
  <nd ref="4457811619"/>
  <nd ref="4457811620"/>
  <nd ref="4457811621"/>
  <nd ref="4457879624"/>
  <nd ref="4457879625"/>
  <nd ref="4456557588"/>
  <nd ref="4456557591"/>
  <nd ref="4456557597"/>
  <nd ref="4456557600"/>
  <tag k="natural" v="scrub"/>
 </way>
 <way id="487919046" visible="true" version="1" changeset="47927421" timestamp="2017-04-19T07:04:13Z" user="gscholz" uid="109705">
  <nd ref="4803069553"/>
  <nd ref="4234291112"/>
  <nd ref="4234291173"/>
  <nd ref="4234291183"/>
  <nd ref="4803069553"/>
 </way>
 <way id="503795291" visible="true" version="1" changeset="49891357" timestamp="2017-06-28T14:35:03Z" user="landfahrer" uid="1069176">
  <nd ref="4940537055"/>
  <nd ref="4234291481"/>
  <nd ref="4234291561"/>
  <nd ref="4234291563"/>
  <nd ref="4234291577"/>
  <nd ref="4234291580"/>
  <nd ref="4940537055"/>
 </way>
 <way id="505236950" visible="true" version="1" changeset="50052445" timestamp="2017-07-05T08:24:04Z" user="landfahrer" uid="1069176">
  <nd ref="4952213304"/>
  <nd ref="4234287864"/>
  <nd ref="4234287822"/>
  <nd ref="4234287845"/>
  <nd ref="4234287833"/>
  <nd ref="4234287861"/>
  <nd ref="4952213304"/>
 </way>
 <way id="1063678954" visible="true" version="1" changeset="121483293" timestamp="2022-05-25T16:15:04Z" user="grawal" uid="9265159">
  <nd ref="1093591811"/>
  <nd ref="1307592954"/>
  <nd ref="1431505187"/>
  <nd ref="4456557607"/>
  <nd ref="1446949172"/>
  <tag k="highway" v="primary"/>
  <tag k="name" v="Viale Guglielmo Marconi"/>
  <tag k="oneway" v="no"/>
 </way>
 <way id="1169137895" visible="true" version="1" changeset="135755610" timestamp="2023-05-05T20:10:00Z" user="Ale_Zena_IT" uid="22290">
  <nd ref="10871784167"/>
  <nd ref="10871784166"/>
  <nd ref="10871784165"/>
  <nd ref="10871784164"/>
  <nd ref="10871784163"/>
  <nd ref="10871784162"/>
  <nd ref="10871784161"/>
  <nd ref="10871784160"/>
  <nd ref="10871784167"/>
  <tag k="building" v="yes"/>
 </way>
 <way id="1169137897" visible="true" version="1" changeset="135755610" timestamp="2023-05-05T20:10:00Z" user="Ale_Zena_IT" uid="22290">
  <nd ref="10871784175"/>
  <nd ref="10871784172"/>
  <nd ref="10871784173"/>
  <nd ref="10871784174"/>
  <nd ref="10871784175"/>
  <tag k="leisure" v="pitch"/>
  <tag k="sport" v="multi"/>
 </way>
 <way id="1169137898" visible="true" version="1" changeset="135755610" timestamp="2023-05-05T20:10:00Z" user="Ale_Zena_IT" uid="22290">
  <nd ref="10871784179"/>
  <nd ref="10871784178"/>
  <nd ref="10871784177"/>
  <nd ref="10871784176"/>
  <nd ref="10871784179"/>
  <tag k="leisure" v="pitch"/>
  <tag k="sport" v="athletics"/>
 </way>
 <relation id="6300528" visible="true" version="1" changeset="39914094" timestamp="2016-06-09T18:23:23Z" user="mcheckimport" uid="893327">
  <member type="way" ref="423911230" role="outer"/>
  <member type="way" ref="423910786" role="inner"/>
  <member type="way" ref="423911823" role="inner"/>
  <member type="way" ref="423911019" role="inner"/>
  <member type="way" ref="423911556" role="inner"/>
  <member type="way" ref="423910803" role="inner"/>
  <member type="way" ref="423911285" role="inner"/>
  <member type="way" ref="423911784" role="inner"/>
  <member type="way" ref="423912073" role="inner"/>
  <member type="way" ref="423912041" role="inner"/>
  <tag k="building" v="yes"/>
  <tag k="type" v="multipolygon"/>
 </relation>
 <relation id="6300541" visible="true" version="1" changeset="39914094" timestamp="2016-06-09T18:23:24Z" user="mcheckimport" uid="893327">
  <member type="way" ref="423912354" role="outer"/>
  <member type="way" ref="423910846" role="inner"/>
  <tag k="building" v="yes"/>
  <tag k="type" v="multipolygon"/>
 </relation>
 <relation id="6300546" visible="true" version="1" changeset="39914094" timestamp="2016-06-09T18:23:24Z" user="mcheckimport" uid="893327">
  <member type="way" ref="423911000" role="outer"/>
  <member type="way" ref="423912368" role="inner"/>
  <tag k="building" v="yes"/>
  <tag k="type" v="multipolygon"/>
 </relation>
 <relation id="6300551" visible="true" version="1" changeset="39914094" timestamp="2016-06-09T18:23:25Z" user="mcheckimport" uid="893327">
  <member type="way" ref="423910995" role="outer"/>
  <member type="way" ref="423911710" role="inner"/>
  <tag k="building" v="yes"/>
  <tag k="type" v="multipolygon"/>
 </relation>
 <relation id="6300570" visible="true" version="1" changeset="39914094" timestamp="2016-06-09T18:23:26Z" user="mcheckimport" uid="893327">
  <member type="way" ref="423912374" role="outer"/>
  <member type="way" ref="423911678" role="inner"/>
  <tag k="building" v="yes"/>
  <tag k="type" v="multipolygon"/>
 </relation>
 <relation id="6300581" visible="true" version="2" changeset="49891357" timestamp="2017-06-28T14:35:03Z" user="landfahrer" uid="1069176">
  <member type="way" ref="423911215" role="outer"/>
  <member type="way" ref="503795291" role="inner"/>
  <member type="way" ref="423911659" role="inner"/>
  <tag k="building" v="yes"/>
  <tag k="type" v="multipolygon"/>
 </relation>
 <relation id="6300582" visible="true" version="1" changeset="39914094" timestamp="2016-06-09T18:23:27Z" user="mcheckimport" uid="893327">
  <member type="way" ref="423911633" role="outer"/>
  <member type="way" ref="423912039" role="inner"/>
  <tag k="building" v="yes"/>
  <tag k="type" v="multipolygon"/>
 </relation>
 <relation id="6300584" visible="true" version="1" changeset="39914094" timestamp="2016-06-09T18:23:27Z" user="mcheckimport" uid="893327">
  <member type="way" ref="423911959" role="outer"/>
  <member type="way" ref="423910953" role="inner"/>
  <tag k="building" v="yes"/>
  <tag k="type" v="multipolygon"/>
 </relation>
 <relation id="6300586" visible="true" version="1" changeset="39914094" timestamp="2016-06-09T18:23:27Z" user="mcheckimport" uid="893327">
  <member type="way" ref="423912385" role="outer"/>
  <member type="way" ref="423911412" role="inner"/>
  <tag k="building" v="yes"/>
  <tag k="type" v="multipolygon"/>
 </relation>
 <relation id="6300599" visible="true" version="2" changeset="50052445" timestamp="2017-07-05T08:24:05Z" user="landfahrer" uid="1069176">
  <member type="way" ref="423911366" role="outer"/>
  <member type="way" ref="505236950" role="inner"/>
  <member type="way" ref="423911061" role="inner"/>
  <tag k="building" v="yes"/>
  <tag k="type" v="multipolygon"/>
 </relation>
 <relation id="6300606" visible="true" version="1" changeset="39914094" timestamp="2016-06-09T18:23:28Z" user="mcheckimport" uid="893327">
  <member type="way" ref="423912376" role="outer"/>
  <member type="way" ref="423911795" role="inner"/>
  <tag k="building" v="yes"/>
  <tag k="type" v="multipolygon"/>
 </relation>
 <relation id="6300616" visible="true" version="1" changeset="39914094" timestamp="2016-06-09T18:23:30Z" user="mcheckimport" uid="893327">
  <member type="way" ref="423911988" role="outer"/>
  <member type="way" ref="423910863" role="inner"/>
  <tag k="building" v="yes"/>
  <tag k="type" v="multipolygon"/>
 </relation>
 <relation id="6300619" visible="true" version="1" changeset="39914094" timestamp="2016-06-09T18:23:30Z" user="mcheckimport" uid="893327">
  <member type="way" ref="423910974" role="outer"/>
  <member type="way" ref="423910873" role="inner"/>
  <tag k="building" v="yes"/>
  <tag k="type" v="multipolygon"/>
 </relation>
 <relation id="6300629" visible="true" version="1" changeset="39914094" timestamp="2016-06-09T18:23:31Z" user="mcheckimport" uid="893327">
  <member type="way" ref="423911488" role="outer"/>
  <member type="way" ref="423911193" role="inner"/>
  <tag k="building" v="yes"/>
  <tag k="type" v="multipolygon"/>
 </relation>
 <relation id="6300633" visible="true" version="1" changeset="39914094" timestamp="2016-06-09T18:23:31Z" user="mcheckimport" uid="893327">
  <member type="way" ref="423911913" role="outer"/>
  <member type="way" ref="423911418" role="inner"/>
  <tag k="building" v="yes"/>
  <tag k="type" v="multipolygon"/>
 </relation>
 <relation id="6300634" visible="true" version="1" changeset="39914094" timestamp="2016-06-09T18:23:31Z" user="mcheckimport" uid="893327">
  <member type="way" ref="423911855" role="outer"/>
  <member type="way" ref="423912086" role="inner"/>
  <tag k="building" v="yes"/>
  <tag k="type" v="multipolygon"/>
 </relation>
 <relation id="6300639" visible="true" version="1" changeset="39914094" timestamp="2016-06-09T18:23:31Z" user="mcheckimport" uid="893327">
  <member type="way" ref="423910912" role="outer"/>
  <member type="way" ref="423910853" role="inner"/>
  <tag k="building" v="yes"/>
  <tag k="type" v="multipolygon"/>
 </relation>
 <relation id="6300648" visible="true" version="1" changeset="39914094" timestamp="2016-06-09T18:23:32Z" user="mcheckimport" uid="893327">
  <member type="way" ref="423911087" role="outer"/>
  <member type="way" ref="423911718" role="inner"/>
  <tag k="building" v="yes"/>
  <tag k="type" v="multipolygon"/>
 </relation>
 <relation id="6300663" visible="true" version="1" changeset="39914094" timestamp="2016-06-09T18:23:33Z" user="mcheckimport" uid="893327">
  <member type="way" ref="423911552" role="outer"/>
  <member type="way" ref="423912260" role="inner"/>
  <tag k="building" v="yes"/>
  <tag k="type" v="multipolygon"/>
 </relation>
 <relation id="6300664" visible="true" version="1" changeset="39914094" timestamp="2016-06-09T18:23:33Z" user="mcheckimport" uid="893327">
  <member type="way" ref="423911732" role="outer"/>
  <member type="way" ref="423910948" role="inner"/>
  <tag k="building" v="yes"/>
  <tag k="type" v="multipolygon"/>
 </relation>
 <relation id="6300667" visible="true" version="1" changeset="39914094" timestamp="2016-06-09T18:23:33Z" user="mcheckimport" uid="893327">
  <member type="way" ref="423910994" role="outer"/>
  <member type="way" ref="423912318" role="inner"/>
  <tag k="building" v="yes"/>
  <tag k="type" v="multipolygon"/>
 </relation>
 <relation id="6300671" visible="true" version="1" changeset="39914094" timestamp="2016-06-09T18:23:34Z" user="mcheckimport" uid="893327">
  <member type="way" ref="423911150" role="outer"/>
  <member type="way" ref="423911609" role="inner"/>
  <tag k="building" v="yes"/>
  <tag k="type" v="multipolygon"/>
 </relation>
 <relation id="6300675" visible="true" version="1" changeset="39914094" timestamp="2016-06-09T18:23:34Z" user="mcheckimport" uid="893327">
  <member type="way" ref="423910957" role="outer"/>
  <member type="way" ref="423911565" role="inner"/>
  <tag k="building" v="yes"/>
  <tag k="type" v="multipolygon"/>
 </relation>
 <relation id="6300692" visible="true" version="1" changeset="39914094" timestamp="2016-06-09T18:23:35Z" user="mcheckimport" uid="893327">
  <member type="way" ref="423910804" role="outer"/>
  <member type="way" ref="423911288" role="inner"/>
  <tag k="building" v="yes"/>
  <tag k="type" v="multipolygon"/>
 </relation>
 <relation id="6300695" visible="true" version="1" changeset="39914094" timestamp="2016-06-09T18:23:35Z" user="mcheckimport" uid="893327">
  <member type="way" ref="423911716" role="outer"/>
  <member type="way" ref="423910835" role="inner"/>
  <tag k="building" v="yes"/>
  <tag k="type" v="multipolygon"/>
 </relation>
 <relation id="6300697" visible="true" version="1" changeset="39914094" timestamp="2016-06-09T18:23:35Z" user="mcheckimport" uid="893327">
  <member type="way" ref="423910836" role="outer"/>
  <member type="way" ref="423911005" role="inner"/>
  <tag k="building" v="yes"/>
  <tag k="type" v="multipolygon"/>
 </relation>
 <relation id="6300703" visible="true" version="1" changeset="39914094" timestamp="2016-06-09T18:23:36Z" user="mcheckimport" uid="893327">
  <member type="way" ref="423910962" role="outer"/>
  <member type="way" ref="423912311" role="inner"/>
  <tag k="building" v="yes"/>
  <tag k="type" v="multipolygon"/>
 </relation>
 <relation id="6300710" visible="true" version="1" changeset="39914094" timestamp="2016-06-09T18:23:36Z" user="mcheckimport" uid="893327">
  <member type="way" ref="423911408" role="outer"/>
  <member type="way" ref="423912170" role="inner"/>
  <tag k="building" v="yes"/>
  <tag k="type" v="multipolygon"/>
 </relation>
 <relation id="6300714" visible="true" version="1" changeset="39914094" timestamp="2016-06-09T18:23:36Z" user="mcheckimport" uid="893327">
  <member type="way" ref="423912266" role="outer"/>
  <member type="way" ref="423910997" role="inner"/>
  <tag k="building" v="yes"/>
  <tag k="type" v="multipolygon"/>
 </relation>
 <relation id="6300723" visible="true" version="1" changeset="39914094" timestamp="2016-06-09T18:23:37Z" user="mcheckimport" uid="893327">
  <member type="way" ref="423912108" role="outer"/>
  <member type="way" ref="423911015" role="inner"/>
  <tag k="building" v="yes"/>
  <tag k="type" v="multipolygon"/>
 </relation>
 <relation id="6300724" visible="true" version="1" changeset="39914094" timestamp="2016-06-09T18:23:37Z" user="mcheckimport" uid="893327">
  <member type="way" ref="423911662" role="outer"/>
  <member type="way" ref="423912043" role="inner"/>
  <tag k="building" v="yes"/>
  <tag k="type" v="multipolygon"/>
 </relation>
 <relation id="6300726" visible="true" version="1" changeset="39914094" timestamp="2016-06-09T18:23:37Z" user="mcheckimport" uid="893327">
  <member type="way" ref="423910964" role="outer"/>
  <member type="way" ref="423912068" role="inner"/>
  <tag k="building" v="yes"/>
  <tag k="type" v="multipolygon"/>
 </relation>
 <relation id="6300731" visible="true" version="1" changeset="39914094" timestamp="2016-06-09T18:23:38Z" user="mcheckimport" uid="893327">
  <member type="way" ref="423911764" role="outer"/>
  <member type="way" ref="423911238" role="inner"/>
  <tag k="building" v="yes"/>
  <tag k="type" v="multipolygon"/>
 </relation>
 <relation id="6300735" visible="true" version="1" changeset="39914094" timestamp="2016-06-09T18:23:38Z" user="mcheckimport" uid="893327">
  <member type="way" ref="423911517" role="outer"/>
  <member type="way" ref="423911074" role="inner"/>
  <tag k="building" v="yes"/>
  <tag k="type" v="multipolygon"/>
 </relation>
 <relation id="6300749" visible="true" version="1" changeset="39914094" timestamp="2016-06-09T18:23:39Z" user="mcheckimport" uid="893327">
  <member type="way" ref="423912288" role="outer"/>
  <member type="way" ref="423911075" role="inner"/>
  <tag k="building" v="yes"/>
  <tag k="type" v="multipolygon"/>
 </relation>
 <relation id="6300755" visible="true" version="1" changeset="39914094" timestamp="2016-06-09T18:23:40Z" user="mcheckimport" uid="893327">
  <member type="way" ref="423911491" role="outer"/>
  <member type="way" ref="423910999" role="inner"/>
  <tag k="building" v="yes"/>
  <tag k="type" v="multipolygon"/>
 </relation>
 <relation id="6300762" visible="true" version="1" changeset="39914094" timestamp="2016-06-09T18:23:40Z" user="mcheckimport" uid="893327">
  <member type="way" ref="423910932" role="outer"/>
  <member type="way" ref="423911047" role="inner"/>
  <tag k="building" v="yes"/>
  <tag k="type" v="multipolygon"/>
 </relation>
 <relation id="6300768" visible="true" version="1" changeset="39914094" timestamp="2016-06-09T18:23:41Z" user="mcheckimport" uid="893327">
  <member type="way" ref="423911805" role="outer"/>
  <member type="way" ref="423911140" role="inner"/>
  <tag k="building" v="yes"/>
  <tag k="type" v="multipolygon"/>
 </relation>
 <relation id="6300777" visible="true" version="1" changeset="39914094" timestamp="2016-06-09T18:23:41Z" user="mcheckimport" uid="893327">
  <member type="way" ref="423911911" role="outer"/>
  <member type="way" ref="423911327" role="inner"/>
  <tag k="building" v="yes"/>
  <tag k="type" v="multipolygon"/>
 </relation>
 <relation id="6300806" visible="true" version="1" changeset="39914094" timestamp="2016-06-09T18:23:44Z" user="mcheckimport" uid="893327">
  <member type="way" ref="423912390" role="outer"/>
  <member type="way" ref="423912053" role="inner"/>
  <member type="way" ref="423912263" role="inner"/>
  <tag k="building" v="yes"/>
  <tag k="type" v="multipolygon"/>
 </relation>
 <relation id="6300808" visible="true" version="1" changeset="39914094" timestamp="2016-06-09T18:23:44Z" user="mcheckimport" uid="893327">
  <member type="way" ref="423912373" role="outer"/>
  <member type="way" ref="423911407" role="inner"/>
  <member type="way" ref="423911892" role="inner"/>
  <tag k="building" v="yes"/>
  <tag k="type" v="multipolygon"/>
 </relation>
 <relation id="6300809" visible="true" version="1" changeset="39914094" timestamp="2016-06-09T18:23:44Z" user="mcheckimport" uid="893327">
  <member type="way" ref="423912224" role="outer"/>
  <member type="way" ref="423911746" role="inner"/>
  <member type="way" ref="423911622" role="inner"/>
  <tag k="building" v="yes"/>
  <tag k="type" v="multipolygon"/>
 </relation>
 <relation id="6300810" visible="true" version="1" changeset="39914094" timestamp="2016-06-09T18:23:44Z" user="mcheckimport" uid="893327">
  <member type="way" ref="423911948" role="outer"/>
  <member type="way" ref="423911569" role="inner"/>
  <member type="way" ref="423910930" role="inner"/>
  <tag k="building" v="yes"/>
  <tag k="type" v="multipolygon"/>
 </relation>
 <relation id="6300812" visible="true" version="1" changeset="39914094" timestamp="2016-06-09T18:23:44Z" user="mcheckimport" uid="893327">
  <member type="way" ref="423910914" role="outer"/>
  <member type="way" ref="423911754" role="inner"/>
  <member type="way" ref="423911625" role="inner"/>
  <tag k="building" v="yes"/>
  <tag k="type" v="multipolygon"/>
 </relation>
 <relation id="6300816" visible="true" version="1" changeset="39914094" timestamp="2016-06-09T18:23:44Z" user="mcheckimport" uid="893327">
  <member type="way" ref="423911998" role="outer"/>
  <member type="way" ref="423912135" role="inner"/>
  <member type="way" ref="423911020" role="inner"/>
  <tag k="building" v="yes"/>
  <tag k="type" v="multipolygon"/>
 </relation>
 <relation id="6300822" visible="true" version="1" changeset="39914094" timestamp="2016-06-09T18:23:45Z" user="mcheckimport" uid="893327">
  <member type="way" ref="423910896" role="outer"/>
  <member type="way" ref="423911325" role="inner"/>
  <member type="way" ref="423912128" role="inner"/>
  <tag k="building" v="yes"/>
  <tag k="type" v="multipolygon"/>
 </relation>
 <relation id="6300823" visible="true" version="1" changeset="39914094" timestamp="2016-06-09T18:23:45Z" user="mcheckimport" uid="893327">
  <member type="way" ref="423911539" role="outer"/>
  <member type="way" ref="423911002" role="inner"/>
  <member type="way" ref="423911895" role="inner"/>
  <tag k="building" v="yes"/>
  <tag k="type" v="multipolygon"/>
 </relation>
 <relation id="6300826" visible="true" version="1" changeset="39914094" timestamp="2016-06-09T18:23:45Z" user="mcheckimport" uid="893327">
  <member type="way" ref="423911482" role="outer"/>
  <member type="way" ref="423911349" role="inner"/>
  <member type="way" ref="423912245" role="inner"/>
  <tag k="building" v="yes"/>
  <tag k="type" v="multipolygon"/>
 </relation>
 <relation id="6300828" visible="true" version="1" changeset="39914094" timestamp="2016-06-09T18:23:45Z" user="mcheckimport" uid="893327">
  <member type="way" ref="423912036" role="outer"/>
  <member type="way" ref="423910793" role="inner"/>
  <member type="way" ref="423912137" role="inner"/>
  <tag k="building" v="yes"/>
  <tag k="type" v="multipolygon"/>
 </relation>
 <relation id="6300832" visible="true" version="1" changeset="39914094" timestamp="2016-06-09T18:23:46Z" user="mcheckimport" uid="893327">
  <member type="way" ref="423912237" role="outer"/>
  <member type="way" ref="423910969" role="inner"/>
  <member type="way" ref="423911084" role="inner"/>
  <tag k="building" v="yes"/>
  <tag k="type" v="multipolygon"/>
 </relation>
 <relation id="6300838" visible="true" version="1" changeset="39914094" timestamp="2016-06-09T18:23:46Z" user="mcheckimport" uid="893327">
  <member type="way" ref="423910784" role="outer"/>
  <member type="way" ref="423912111" role="inner"/>
  <member type="way" ref="423911649" role="inner"/>
  <tag k="building" v="yes"/>
  <tag k="type" v="multipolygon"/>
 </relation>
 <relation id="6300842" visible="true" version="1" changeset="39914094" timestamp="2016-06-09T18:23:46Z" user="mcheckimport" uid="893327">
  <member type="way" ref="423910945" role="outer"/>
  <member type="way" ref="423912026" role="inner"/>
  <member type="way" ref="423912121" role="inner"/>
  <tag k="building" v="yes"/>
  <tag k="type" v="multipolygon"/>
 </relation>
 <relation id="6300853" visible="true" version="1" changeset="39914094" timestamp="2016-06-09T18:23:48Z" user="mcheckimport" uid="893327">
  <member type="way" ref="423911476" role="outer"/>
  <member type="way" ref="423911341" role="inner"/>
  <member type="way" ref="423910866" role="inner"/>
  <tag k="building" v="yes"/>
  <tag k="type" v="multipolygon"/>
 </relation>
 <relation id="6300856" visible="true" version="1" changeset="39914094" timestamp="2016-06-09T18:23:48Z" user="mcheckimport" uid="893327">
  <member type="way" ref="423911076" role="outer"/>
  <member type="way" ref="423910998" role="inner"/>
  <member type="way" ref="423912360" role="inner"/>
  <tag k="building" v="yes"/>
  <tag k="type" v="multipolygon"/>
 </relation>
 <relation id="6300862" visible="true" version="1" changeset="39914094" timestamp="2016-06-09T18:23:48Z" user="mcheckimport" uid="893327">
  <member type="way" ref="423911372" role="outer"/>
  <member type="way" ref="423911063" role="inner"/>
  <member type="way" ref="423912093" role="inner"/>
  <tag k="building" v="yes"/>
  <tag k="type" v="multipolygon"/>
 </relation>
 <relation id="6300873" visible="true" version="2" changeset="47927421" timestamp="2017-04-19T07:04:13Z" user="gscholz" uid="109705">
  <member type="way" ref="423911884" role="outer"/>
  <member type="way" ref="423911750" role="inner"/>
  <member type="way" ref="423912310" role="inner"/>
  <member type="way" ref="487919046" role="inner"/>
  <tag k="building" v="yes"/>
  <tag k="type" v="multipolygon"/>
 </relation>
 <relation id="6300883" visible="true" version="1" changeset="39914094" timestamp="2016-06-09T18:23:50Z" user="mcheckimport" uid="893327">
  <member type="way" ref="423911185" role="outer"/>
  <member type="way" ref="423912293" role="inner"/>
  <member type="way" ref="423911406" role="inner"/>
  <member type="way" ref="423912166" role="inner"/>
  <tag k="building" v="yes"/>
  <tag k="type" v="multipolygon"/>
 </relation>
 <relation id="6300884" visible="true" version="1" changeset="39914094" timestamp="2016-06-09T18:23:50Z" user="mcheckimport" uid="893327">
  <member type="way" ref="423911100" role="outer"/>
  <member type="way" ref="423910968" role="inner"/>
  <member type="way" ref="423912388" role="inner"/>
  <member type="way" ref="423911534" role="inner"/>
  <tag k="building" v="yes"/>
  <tag k="type" v="multipolygon"/>
 </relation>
 <relation id="6300890" visible="true" version="1" changeset="39914094" timestamp="2016-06-09T18:23:51Z" user="mcheckimport" uid="893327">
  <member type="way" ref="423910862" role="outer"/>
  <member type="way" ref="423911654" role="inner"/>
  <member type="way" ref="423910815" role="inner"/>
  <member type="way" ref="423911390" role="inner"/>
  <tag k="building" v="yes"/>
  <tag k="type" v="multipolygon"/>
 </relation>
 <relation id="6300893" visible="true" version="1" changeset="39914094" timestamp="2016-06-09T18:23:51Z" user="mcheckimport" uid="893327">
  <member type="way" ref="423912044" role="outer"/>
  <member type="way" ref="423911405" role="inner"/>
  <member type="way" ref="423911035" role="inner"/>
  <member type="way" ref="423911763" role="inner"/>
  <tag k="building" v="yes"/>
  <tag k="type" v="multipolygon"/>
 </relation>
 <relation id="14182386" visible="true" version="6" changeset="153164015" timestamp="2024-06-25T15:59:41Z" user="arcanma" uid="1211510">
  <member type="way" ref="158470436" role=""/>
  <member type="way" ref="1296081998" role=""/>
  <member type="way" ref="127291304" role=""/>
  <member type="way" ref="1063298303" role=""/>
  <member type="way" ref="1063678993" role=""/>
  <member type="way" ref="1063678992" role=""/>
  <member type="way" ref="159508291" role=""/>
  <member type="way" ref="159511017" role=""/>
  <member type="way" ref="1063678991" role=""/>
  <member type="way" ref="127294428" role=""/>
  <member type="way" ref="1063678990" role=""/>
  <member type="way" ref="127293662" role=""/>
  <member type="way" ref="1063678987" role=""/>
  <member type="way" ref="159274944" role=""/>
  <member type="way" ref="127293695" role=""/>
  <member type="way" ref="1063678986" role=""/>
  <member type="way" ref="127854406" role=""/>
  <member type="way" ref="1063678983" role=""/>
  <member type="way" ref="1063610272" role=""/>
  <member type="way" ref="130774481" role=""/>
  <member type="way" ref="463314257" role=""/>
  <member type="way" ref="463314256" role=""/>
  <member type="way" ref="463314255" role=""/>
  <member type="way" ref="463314254" role=""/>
  <member type="way" ref="259741459" role=""/>
  <member type="way" ref="1063678979" role=""/>
  <member type="way" ref="780255215" role=""/>
  <member type="way" ref="780255216" role=""/>
  <member type="way" ref="1063678977" role=""/>
  <member type="way" ref="1063678976" role=""/>
  <member type="way" ref="1063678974" role=""/>
  <member type="way" ref="461978378" role=""/>
  <member type="way" ref="1063678972" role=""/>
  <member type="way" ref="651578124" role=""/>
  <member type="way" ref="1063678969" role=""/>
  <member type="way" ref="645696438" role=""/>
  <member type="way" ref="645696439" role=""/>
  <member type="way" ref="1063678966" role=""/>
  <member type="way" ref="1063678965" role=""/>
  <member type="way" ref="1063678964" role=""/>
  <member type="way" ref="1063678962" role=""/>
  <member type="way" ref="1063678961" role=""/>
  <member type="way" ref="651619385" role=""/>
  <member type="way" ref="651619384" role=""/>
  <member type="way" ref="651619383" role=""/>
  <member type="way" ref="651619381" role=""/>
  <member type="way" ref="1063678958" role=""/>
  <member type="way" ref="1063678957" role=""/>
  <member type="way" ref="115715626" role=""/>
  <member type="way" ref="135402274" role=""/>
  <member type="way" ref="1063678956" role=""/>
  <member type="way" ref="135402278" role=""/>
  <member type="way" ref="115088140" role=""/>
  <member type="way" ref="1063678955" role=""/>
  <member type="way" ref="448666193" role=""/>
  <member type="way" ref="131484580" role=""/>
  <member type="way" ref="1063678954" role=""/>
  <member type="way" ref="130010195" role=""/>
  <member type="way" ref="130018246" role=""/>
  <member type="way" ref="130018247" role=""/>
  <member type="way" ref="1063678953" role=""/>
  <member type="way" ref="130018250" role=""/>
  <member type="way" ref="130117193" role=""/>
  <member type="way" ref="130117199" role=""/>
  <member type="way" ref="1063678952" role=""/>
  <member type="way" ref="1063678950" role=""/>
  <member type="way" ref="1063678949" role=""/>
  <member type="way" ref="130992547" role=""/>
  <member type="node" ref="9770174725" role=""/>
  <tag k="cai_scale" v="E"/>
  <tag k="distance" v="16.2"/>
  <tag k="from" v="Crispiano"/>
  <tag k="name" v="Via Ellenica - Terra delle Gravine (Tappa 2)"/>
  <tag k="network" v="rwn"/>
  <tag k="osmc:symbol" v="yellow:green:yellow_lower"/>
  <tag k="route" v="hiking"/>
  <tag k="source" v="local knowledge"/>
  <tag k="survey:date" v="2022-05-04"/>
  <tag k="to" v="Massafra"/>
  <tag k="type" v="route"/>
  <tag k="website" v="https://camminomaterano.it/via/9/via-ellenica-terra-delle-gravine"/>
 </relation>
 <relation id="14254546" visible="true" version="3" changeset="137577718" timestamp="2023-06-20T19:55:14Z" user="Sportelli Francesco" uid="8224168">
  <member type="relation" ref="14178831" role=""/>
  <member type="relation" ref="14182386" role=""/>
  <member type="relation" ref="14195181" role=""/>
  <member type="relation" ref="14197407" role=""/>
  <member type="relation" ref="14197612" role=""/>
  <member type="relation" ref="14209555" role=""/>
  <member type="relation" ref="14212434" role=""/>
  <member type="relation" ref="14212515" role=""/>
  <member type="node" ref="10992706369" role="platform"/>
  <tag k="cai_scale" v="E"/>
  <tag k="distance" v="151"/>
  <tag k="from" v="Martina Franca"/>
  <tag k="name" v="Cammino Materano - Via Ellenica - Terra delle Gravine"/>
  <tag k="name:en" v="Cammino Materano - Via Ellenica - Terra delle Gravine"/>
  <tag k="name:it" v="Cammino Materano - Via Ellenica - Terra delle Gravine"/>
  <tag k="network" v="rwn"/>
  <tag k="osmc:symbol" v="yellow:green:yellow_lower"/>
  <tag k="route" v="hiking"/>
  <tag k="to" v="Matera"/>
  <tag k="type" v="route"/>
  <tag k="website" v="https://camminomaterano.it/via/9/via-ellenica-terra-delle-gravine"/>
 </relation>
</osm>
