Flow ID,Start Edge ID,End Edge ID,Flow Length,Start From Lat,Start From Lon,Start To Lat,Start To Lon,End From Lat,End From Lon,End To Lat,End To Lon,Random_const,Gamma,Gamma_agg,Gamma_norm,Start Count,End Count
2_1,-25634153#2,-256677977,26,41.10440468148953,16.876739151748147,41.10462013718466,16.876617630310452,41.10450954428582,16.871651082575962,41.10456510973252,16.872477433605628,0.5200785173341563,0.020003019897467552,1.4345179579558385,0.013944070749711272,26.0,0.0
2_2,-25634153#2,-25748495,31,41.10440468148953,16.876739151748147,41.10462013718466,16.876617630310452,41.10353883851455,16.871655188195383,41.103515666810864,16.87044227855002,0.8230576188459208,0.02655024576922325,1.4345179579558385,0.018508130638571343,26.0,0.0
2_3,-25634153#2,-316549013#0,3,41.10440468148953,16.876739151748147,41.10462013718466,16.876617630310452,41.10445259405902,16.876042926170484,41.10436880868841,16.875761886209244,0.5358234426938973,0.17860781423129907,1.4345179579558385,0.12450719995573419,26.0,0.0
2_4,-25634153#2,-31951057,37,41.10440468148953,16.876739151748147,41.10462013718466,16.876617630310452,41.10836405905024,16.870571573316074,41.10880559118211,16.870655444350444,0.7286020905114765,0.01969194839220207,1.4345179579558385,0.01372722333867659,26.0,0.0
2_5,-25634153#2,-608842788,19,41.10440468148953,16.876739151748147,41.10462013718466,16.876617630310452,41.10814243673671,16.874186571324426,41.10813805327221,16.874870976018755,0.9530471688200612,0.05016037730631901,1.4345179579558385,0.034966712705218846,26.0,0.0
2_6,-25634153#2,1218701183#0,23,41.10440468148953,16.876739151748147,41.10462013718466,16.876617630310452,41.10724146966218,16.87742479905898,41.10720934823202,16.87762157039797,0.568221490153214,0.02470528218057452,1.4345179579558385,0.017222009695702305,26.0,0.0
2_7,-25634153#2,1219598856#0,8,41.10440468148953,16.876739151748147,41.10462013718466,16.876617630310452,41.105709425071495,16.87508434379606,41.10600946787193,16.875045247470027,0.5865279937647704,0.0733159992205963,1.4345179579558385,0.05110845689591104,26.0,0.0
2_8,-25634153#2,1219606327,15,41.10440468148953,16.876739151748147,41.10462013718466,16.876617630310452,41.10712583087676,16.874581370472423,41.10710214853407,16.87435955003989,0.9353602092946987,0.062357347286313244,1.4345179579558385,0.04346919948996059,26.0,0.0
2_9,-25634153#2,1219744683,25,41.10440468148953,16.876739151748147,41.10462013718466,16.876617630310452,41.10732110319105,16.8777613495144,41.10733798267452,16.877764688678635,0.5047701201946216,0.020190804807784866,1.4345179579558385,0.014074975287556796,26.0,0.0
2_10,-25634153#2,1220606619#1,33,41.10440468148953,16.876739151748147,41.10462013718466,16.876617630310452,41.108816959023954,16.87701559688476,41.111533788969055,16.876450715532847,0.9494523686338687,0.028771283897996023,1.4345179579558385,0.02005641249621899,26.0,0.0
2_11,-25634153#2,1236906100,27,41.10440468148953,16.876739151748147,41.10462013718466,16.876617630310452,41.107448933153655,16.877721763272344,41.10745580783001,16.877714456595747,0.9943144226543674,0.0368264600983099,1.4345179579558385,0.025671661964264934,26.0,0.0
2_12,-25634153#2,25634153#2,2,41.10440468148953,16.876739151748147,41.10462013718466,16.876617630310452,41.10462013718466,16.876617630310452,41.10440468148953,16.876739151748147,0.8416915055290141,0.42084575276450703,1.4345179579558385,0.2933708500688304,26.0,0.0
2_13,-25634153#2,25634742,22,41.10440468148953,16.876739151748147,41.10462013718466,16.876617630310452,41.10710990602856,16.87028076266512,41.10764547042224,16.87037051448248,0.5997958020081875,0.027263445545826704,1.4345179579558385,0.0190053009755811,26.0,0.0
2_14,-25634153#2,25654863#0,25,41.10440468148953,16.876739151748147,41.10462013718466,16.876617630310452,41.10525531107702,16.871659522788697,41.10527065176782,16.87092044157714,0.7968747368429647,0.03187498947371859,1.4345179579558385,0.022220000312258105,26.0,0.0
2_15,-25634153#2,25654904#0,33,41.10440468148953,16.876739151748147,41.10462013718466,16.876617630310452,41.10282219209128,16.8716118519074,41.10292908909263,16.8704487313222,0.8846092525657767,0.02680634098684172,1.4345179579558385,0.018686654174089434,26.0,0.0
2_16,-25634153#2,25654922,26,41.10440468148953,16.876739151748147,41.10462013718466,16.876617630310452,41.10527065176782,16.87092044157714,41.104557904589925,16.87075349430906,0.7707162347536858,0.029642932105910992,1.4345179579558385,0.02066403696204098,26.0,0.0
2_17,-25634153#2,25654933#2,33,41.10440468148953,16.876739151748147,41.10462013718466,16.876617630310452,41.103532900952686,16.872347479668893,41.10351474321344,16.8729158168811,0.9501404028408656,0.028792133419420173,1.4345179579558385,0.020070946661726305,26.0,0.0
2_18,-25634153#2,25756473,16,41.10440468148953,16.876739151748147,41.10462013718466,16.876617630310452,41.10459014355675,16.87360777204878,41.104586032558366,16.87294674119706,0.7012298427292041,0.043826865170575255,1.4345179579558385,0.030551632293978198,26.0,0.0
2_19,-25634153#2,25756835#1,26,41.10440468148953,16.876739151748147,41.10462013718466,16.876617630310452,41.10428673559737,16.877531862648333,41.10433323843067,16.877513777059303,0.5448224390629037,0.020954709194727066,1.4345179579558385,0.014607491721182173,26.0,0.0
2_20,-25634153#2,25756837#3,25,41.10440468148953,16.876739151748147,41.10462013718466,16.876617630310452,41.10277476335755,16.87778529520797,41.102969188850125,16.879273627171905,0.9482444784175404,0.03792977913670162,1.4345179579558385,0.02644078376735754,26.0,0.0
2_21,-25634153#2,30002076#6,20,41.10440468148953,16.876739151748147,41.10462013718466,16.876617630310452,41.10877484203646,16.874159186639993,41.11248609314907,16.873643072909186,0.8504484254918157,0.042522421274590785,1.4345179579558385,0.029642306698749486,26.0,0.0
2_22,-25634153#2,30002079#1,19,41.10440468148953,16.876739151748147,41.10462013718466,16.876617630310452,41.10693282053231,16.873500754386423,41.10640317013077,16.873601328210643,0.9773008503266183,0.0514368868592957,1.4345179579558385,0.03585656531800571,26.0,0.0
2_23,-25634153#2,30651489#1,27,41.10440468148953,16.876739151748147,41.10462013718466,16.876617630310452,41.10686700172243,16.87802885995844,41.10675372463437,16.87807636260086,0.6355599116159624,0.023539255985776383,1.4345179579558385,0.016409174841784054,26.0,0.0
2_24,-25634153#2,325737262#5,20,41.10440468148953,16.876739151748147,41.10462013718466,16.876617630310452,41.10324733400062,16.87359019478166,41.102660798305045,16.873632821121205,0.9191112934924657,0.045955564674623285,1.4345179579558385,0.03203554505522476,26.0,0.0
2_25,-25634153#2,49810913#5,23,41.10440468148953,16.876739151748147,41.10462013718466,16.876617630310452,41.10451407293564,16.87751035535627,41.10489776456013,16.87885407695273,0.7360243361679368,0.03200105809425812,1.4345179579558385,0.022307882530699746,26.0,0.0
2_26,-25634153#2,559261510,29,41.10440468148953,16.876739151748147,41.10462013718466,16.876617630310452,41.10750236910344,16.877554656305445,41.10745023270787,16.87741550407253,0.8684119652483995,0.029945240180979292,1.4345179579558385,0.020874775400965148,26.0,0.0
2_27,-25654817#17,-25634723,32,41.10255940602009,16.871592123455162,41.10282219209128,16.8716118519074,41.10781671041559,16.87181707243336,41.10771770975772,16.87321379705395,0.616061927106323,0.019251935222072594,1.6926624907092902,0.011373758990786935,27.0,0.0
2_28,-25654817#17,-256677977,9,41.10255940602009,16.871592123455162,41.10282219209128,16.8716118519074,41.10450954428582,16.871651082575962,41.10456510973252,16.872477433605628,0.6880249625949493,0.07644721806610547,1.6926624907092902,0.045163887358354096,27.0,0.0
2_29,-25654817#17,-25748495,4,41.10255940602009,16.871592123455162,41.10282219209128,16.8716118519074,41.10353883851455,16.871655188195383,41.103515666810864,16.87044227855002,0.8326624529028754,0.20816561322571886,1.6926624907092902,0.1229811698246409,27.0,0.0
2_30,-25654817#17,-316549013#0,24,41.10255940602009,16.871592123455162,41.10282219209128,16.8716118519074,41.10445259405902,16.876042926170484,41.10436880868841,16.875761886209244,0.8221733624795384,0.03425722343664743,1.6926624907092902,0.020238661649725778,27.0,0.0
2_31,-25654817#17,-31951057,30,41.10255940602009,16.871592123455162,41.10282219209128,16.8716118519074,41.10836405905024,16.870571573316074,41.10880559118211,16.870655444350444,0.6641636608212205,0.022138788694040682,1.6926624907092902,0.013079269385099734,27.0,0.0
2_32,-25654817#17,-608842788,24,41.10255940602009,16.871592123455162,41.10282219209128,16.8716118519074,41.10814243673671,16.874186571324426,41.10813805327221,16.874870976018755,0.6446332009495387,0.026859716706230777,1.6926624907092902,0.01586832392970174,27.0,0.0
2_33,-25654817#17,1218701183#0,32,41.10255940602009,16.871592123455162,41.10282219209128,16.8716118519074,41.10724146966218,16.87742479905898,41.10720934823202,16.87762157039797,0.8502424186323638,0.02657007558226137,1.6926624907092902,0.0156972082314694,27.0,0.0
2_34,-25654817#17,1219598856#0,24,41.10255940602009,16.871592123455162,41.10282219209128,16.8716118519074,41.105709425071495,16.87508434379606,41.10600946787193,16.875045247470027,0.6482204357913957,0.027009184824641486,1.6926624907092902,0.015956627486513043,27.0,0.0
2_35,-25654817#17,1219606327,22,41.10255940602009,16.871592123455162,41.10282219209128,16.8716118519074,41.10712583087676,16.874581370472423,41.10710214853407,16.87435955003989,0.6149497184258887,0.027952259928449488,1.6926624907092902,0.01651378232924416,27.0,0.0
2_36,-25654817#17,1219744683,34,41.10255940602009,16.871592123455162,41.10282219209128,16.8716118519074,41.10732110319105,16.8777613495144,41.10733798267452,16.877764688678635,0.7349781080154072,0.021617003176923742,1.6926624907092902,0.012771006208015747,27.0,0.0
2_37,-25654817#17,1220606619#1,42,41.10255940602009,16.871592123455162,41.10282219209128,16.8716118519074,41.108816959023954,16.87701559688476,41.111533788969055,16.876450715532847,0.9809114679808217,0.023355034951924324,1.6926624907092902,0.01379780971110057,27.0,0.0
2_38,-25654817#17,1236906100,36,41.10255940602009,16.871592123455162,41.10282219209128,16.8716118519074,41.107448933153655,16.877721763272344,41.10745580783001,16.877714456595747,0.6902809301961237,0.019174470283225657,1.6926624907092902,0.011327993849022331,27.0,0.0
2_39,-25654817#17,25634153#2,24,41.10255940602009,16.871592123455162,41.10282219209128,16.8716118519074,41.10462013718466,16.876617630310452,41.10440468148953,16.876739151748147,0.9777651568599758,0.04074021486916565,1.6926624907092902,0.024068717238540534,27.0,0.0
2_40,-25654817#17,25634742,15,41.10255940602009,16.871592123455162,41.10282219209128,16.8716118519074,41.10710990602856,16.87028076266512,41.10764547042224,16.87037051448248,0.7385208332072771,0.04923472221381847,1.6926624907092902,0.029087146719478166,27.0,0.0
2_41,-25654817#17,25654863#0,10,41.10255940602009,16.871592123455162,41.10282219209128,16.8716118519074,41.10525531107702,16.871659522788697,41.10527065176782,16.87092044157714,0.9652620813197681,0.09652620813197682,1.6926624907092902,0.057026258135801575,27.0,0.0
2_42,-25654817#17,25654904#0,2,41.10255940602009,16.871592123455162,41.10282219209128,16.8716118519074,41.10282219209128,16.8716118519074,41.10292908909263,16.8704487313222,0.5951824246818449,0.29759121234092245,1.6926624907092902,0.17581249302465513,27.0,0.0
2_43,-25654817#17,25654922,11,41.10255940602009,16.871592123455162,41.10282219209128,16.8716118519074,41.10527065176782,16.87092044157714,41.104557904589925,16.87075349430906,0.8898037586127547,0.08089125078297771,1.6926624907092902,0.0477893562520436,27.0,0.0
2_44,-25654817#17,25654933#2,6,41.10255940602009,16.871592123455162,41.10282219209128,16.8716118519074,41.103532900952686,16.872347479668893,41.10351474321344,16.8729158168811,0.9374917488923982,0.1562486248153997,1.6926624907092902,0.09230937985157664,27.0,0.0
2_45,-25654817#17,25756473,16,41.10255940602009,16.871592123455162,41.10282219209128,16.8716118519074,41.10459014355675,16.87360777204878,41.104586032558366,16.87294674119706,0.892765814753145,0.05579786342207156,1.6926624907092902,0.03296455361203764,27.0,0.0
2_46,-25654817#17,25756835#1,17,41.10255940602009,16.871592123455162,41.10282219209128,16.8716118519074,41.10428673559737,16.877531862648333,41.10433323843067,16.877513777059303,0.6376074813924026,0.037506322434847215,1.6926624907092902,0.022158181350808236,27.0,0.0
2_47,-25654817#17,25756837#3,16,41.10255940602009,16.871592123455162,41.10282219209128,16.8716118519074,41.10277476335755,16.87778529520797,41.102969188850125,16.879273627171905,0.8386388859268116,0.05241493037042572,1.6926624907092902,0.030965966728820148,27.0,0.0
2_48,-25654817#17,30002076#6,25,41.10255940602009,16.871592123455162,41.10282219209128,16.8716118519074,41.10877484203646,16.874159186639993,41.11248609314907,16.873643072909186,0.8465494347282023,0.03386197738912809,1.6926624907092902,0.020005156122375366,27.0,0.0
2_49,-25654817#17,30002079#1,15,41.10255940602009,16.871592123455162,41.10282219209128,16.8716118519074,41.10693282053231,16.873500754386423,41.10640317013077,16.873601328210643,0.9859815432690149,0.06573210288460099,1.6926624907092902,0.038833555564320874,27.0,0.0
2_50,-25654817#17,30651489#1,36,41.10255940602009,16.871592123455162,41.10282219209128,16.8716118519074,41.10686700172243,16.87802885995844,41.10675372463437,16.87807636260086,0.9754369159416206,0.02709546988726724,1.6926624907092902,0.016007603427138747,27.0,0.0
2_51,-25654817#17,325737262#5,6,41.10255940602009,16.871592123455162,41.10282219209128,16.8716118519074,41.10324733400062,16.87359019478166,41.102660798305045,16.873632821121205,0.6582683341906735,0.10971138903177892,1.6926624907092902,0.06481586827495991,27.0,0.0
2_52,-25654817#17,49810913#5,23,41.10255940602009,16.871592123455162,41.10282219209128,16.8716118519074,41.10451407293564,16.87751035535627,41.10489776456013,16.87885407695273,0.9847885787031508,0.04281689472622395,1.6926624907092902,0.02529558902689575,27.0,0.0
2_53,-25654817#17,559261510,38,41.10255940602009,16.871592123455162,41.10282219209128,16.8716118519074,41.10750236910344,16.877554656305445,41.10745023270787,16.87741550407253,0.5204017657968645,0.013694783310443801,1.6926624907092902,0.008090675716873223,27.0,0.0
2_54,-25654933#2,-25634723,32,41.10351474321344,16.8729158168811,41.103532900952686,16.872347479668893,41.10781671041559,16.87181707243336,41.10771770975772,16.87321379705395,0.7758226746930936,0.024244458584159176,1.574028829134235,0.01540280465987042,27.0,0.0
2_55,-25654933#2,-256677977,9,41.10351474321344,16.8729158168811,41.103532900952686,16.872347479668893,41.10450954428582,16.871651082575962,41.10456510973252,16.872477433605628,0.8143306295689843,0.09048118106322046,1.574028829134235,0.0574838143930235,27.0,0.0
2_56,-25654933#2,-25748495,4,41.10351474321344,16.8729158168811,41.103532900952686,16.872347479668893,41.10353883851455,16.871655188195383,41.103515666810864,16.87044227855002,0.9035609418981994,0.22589023547454984,1.574028829134235,0.14351086288476464,27.0,0.0
2_57,-25654933#2,-316549013#0,24,41.10351474321344,16.8729158168811,41.103532900952686,16.872347479668893,41.10445259405902,16.876042926170484,41.10436880868841,16.875761886209244,0.6530493293709732,0.027210388723790547,1.574028829134235,0.017287096792729717,27.0,0.0
2_58,-25654933#2,-31951057,30,41.10351474321344,16.8729158168811,41.103532900952686,16.872347479668893,41.10836405905024,16.870571573316074,41.10880559118211,16.870655444350444,0.7266183043433179,0.024220610144777263,1.574028829134235,0.015387653451112045,27.0,0.0
2_59,-25654933#2,-608842788,24,41.10351474321344,16.8729158168811,41.103532900952686,16.872347479668893,41.10814243673671,16.874186571324426,41.10813805327221,16.874870976018755,0.7846825437339608,0.032695105988915035,1.574028829134235,0.02077160556639764,27.0,0.0
2_60,-25654933#2,1218701183#0,32,41.10351474321344,16.8729158168811,41.103532900952686,16.872347479668893,41.10724146966218,16.87742479905898,41.10720934823202,16.87762157039797,0.8151453057581075,0.02547329080494086,1.574028829134235,0.0161834969814066,27.0,0.0
2_61,-25654933#2,1219598856#0,24,41.10351474321344,16.8729158168811,41.103532900952686,16.872347479668893,41.105709425071495,16.87508434379606,41.10600946787193,16.875045247470027,0.7462056668589441,0.031091902785789334,1.574028829134235,0.019753070725452248,27.0,0.0
2_62,-25654933#2,1219606327,22,41.10351474321344,16.8729158168811,41.103532900952686,16.872347479668893,41.10712583087676,16.874581370472423,41.10710214853407,16.87435955003989,0.9590300564072811,0.04359227529124005,1.574028829134235,0.027694712119864517,27.0,0.0
2_63,-25654933#2,1219744683,34,41.10351474321344,16.8729158168811,41.103532900952686,16.872347479668893,41.10732110319105,16.8777613495144,41.10733798267452,16.877764688678635,0.9352319644309148,0.0275068224832622,1.574028829134235,0.0174754248296658,27.0,0.0
2_64,-25654933#2,1220606619#1,42,41.10351474321344,16.8729158168811,41.103532900952686,16.872347479668893,41.108816959023954,16.87701559688476,41.111533788969055,16.876450715532847,0.533929651014688,0.012712610738444952,1.574028829134235,0.0080764789711236,27.0,0.0
2_65,-25654933#2,1236906100,36,41.10351474321344,16.8729158168811,41.103532900952686,16.872347479668893,41.107448933153655,16.877721763272344,41.10745580783001,16.877714456595747,0.9980036837342632,0.027722324548173975,1.574028829134235,0.017612335959197215,27.0,0.0
2_66,-25654933#2,25634153#2,24,41.10351474321344,16.8729158168811,41.103532900952686,16.872347479668893,41.10462013718466,16.876617630310452,41.10440468148953,16.876739151748147,0.8056444396210728,0.0335685183175447,1.574028829134235,0.021326495230718504,27.0,0.0
2_67,-25654933#2,25634742,15,41.10351474321344,16.8729158168811,41.103532900952686,16.872347479668893,41.10710990602856,16.87028076266512,41.10764547042224,16.87037051448248,0.720570699493126,0.048038046632875066,1.574028829134235,0.030519165687262217,27.0,0.0
2_68,-25654933#2,25654863#0,10,41.10351474321344,16.8729158168811,41.103532900952686,16.872347479668893,41.10525531107702,16.871659522788697,41.10527065176782,16.87092044157714,0.6321188724580613,0.06321188724580613,1.574028829134235,0.04015929446513038,27.0,0.0
2_69,-25654933#2,25654904#0,6,41.10351474321344,16.8729158168811,41.103532900952686,16.872347479668893,41.10282219209128,16.8716118519074,41.10292908909263,16.8704487313222,0.6890954079073857,0.11484923465123094,1.574028829134235,0.07296514048881912,27.0,0.0
2_70,-25654933#2,25654922,11,41.10351474321344,16.8729158168811,41.103532900952686,16.872347479668893,41.10527065176782,16.87092044157714,41.104557904589925,16.87075349430906,0.7013915682720502,0.06376286984291366,1.574028829134235,0.0405093405296682,27.0,0.0
2_71,-25654933#2,25654933#2,4,41.10351474321344,16.8729158168811,41.103532900952686,16.872347479668893,41.103532900952686,16.872347479668893,41.10351474321344,16.8729158168811,0.7194556776621082,0.17986391941552704,1.574028829134235,0.11426977453421727,27.0,0.0
2_72,-25654933#2,25756473,16,41.10351474321344,16.8729158168811,41.103532900952686,16.872347479668893,41.10459014355675,16.87360777204878,41.104586032558366,16.87294674119706,0.6362236885981629,0.03976398053738518,1.574028829134235,0.02526254907240588,27.0,0.0
2_73,-25654933#2,25756835#1,16,41.10351474321344,16.8729158168811,41.103532900952686,16.872347479668893,41.10428673559737,16.877531862648333,41.10433323843067,16.877513777059303,0.7977956209015251,0.04986222630634532,1.574028829134235,0.031678089615277946,27.0,0.0
2_74,-25654933#2,25756837#3,15,41.10351474321344,16.8729158168811,41.103532900952686,16.872347479668893,41.10277476335755,16.87778529520797,41.102969188850125,16.879273627171905,0.8374438944381515,0.05582959296254343,1.574028829134235,0.03546923152179585,27.0,0.0
2_75,-25654933#2,30002076#6,25,41.10351474321344,16.8729158168811,41.103532900952686,16.872347479668893,41.10877484203646,16.874159186639993,41.11248609314907,16.873643072909186,0.6763603657209576,0.027054414628838303,1.574028829134235,0.017188004519408374,27.0,0.0
2_76,-25654933#2,30002079#1,15,41.10351474321344,16.8729158168811,41.103532900952686,16.872347479668893,41.10693282053231,16.873500754386423,41.10640317013077,16.873601328210643,0.8952653837681726,0.05968435891787817,1.574028829134235,0.03791821205124078,27.0,0.0
2_77,-25654933#2,30651489#1,36,41.10351474321344,16.8729158168811,41.103532900952686,16.872347479668893,41.10686700172243,16.87802885995844,41.10675372463437,16.87807636260086,0.6181893249527026,0.017171925693130627,1.574028829134235,0.010909536963548324,27.0,0.0
2_78,-25654933#2,325737262#5,4,41.10351474321344,16.8729158168811,41.103532900952686,16.872347479668893,41.10324733400062,16.87359019478166,41.102660798305045,16.873632821121205,0.7050574564077894,0.17626436410194735,1.574028829134235,0.11198293248472345,27.0,0.0
2_79,-25654933#2,49810913#5,23,41.10351474321344,16.8729158168811,41.103532900952686,16.872347479668893,41.10451407293564,16.87751035535627,41.10489776456013,16.87885407695273,0.7693814811936148,0.03345136874754847,1.574028829134235,0.021252068658709235,27.0,0.0
2_80,-25654933#2,559261510,38,41.10351474321344,16.8729158168811,41.103532900952686,16.872347479668893,41.10750236910344,16.877554656305445,41.10745023270787,16.87741550407253,0.7148147510553642,0.01881091450145695,1.574028829134235,0.0119508068424665,27.0,0.0
2_81,-25756473,-25634723,32,41.104586032558366,16.87294674119706,41.10459014355675,16.87360777204878,41.10781671041559,16.87181707243336,41.10771770975772,16.87321379705395,0.7307790001289394,0.022836843754029355,1.713559629402423,0.013327136892220872,27.0,0.0
2_82,-25756473,-256677977,19,41.104586032558366,16.87294674119706,41.10459014355675,16.87360777204878,41.10450954428582,16.871651082575962,41.10456510973252,16.872477433605628,0.7455405481299731,0.039238976217367,1.713559629402423,0.022899101696887535,27.0,0.0
2_83,-25756473,-25748495,24,41.104586032558366,16.87294674119706,41.10459014355675,16.87360777204878,41.10353883851455,16.871655188195383,41.103515666810864,16.87044227855002,0.8108825144654963,0.033786771436062346,1.713559629402423,0.01971730125775953,27.0,0.0
2_84,-25756473,-316549013#0,10,41.104586032558366,16.87294674119706,41.10459014355675,16.87360777204878,41.10445259405902,16.876042926170484,41.10436880868841,16.875761886209244,0.9373555810600005,0.09373555810600005,1.713559629402423,0.054702244671047055,27.0,0.0
2_85,-25756473,-31951057,30,41.104586032558366,16.87294674119706,41.10459014355675,16.87360777204878,41.10836405905024,16.870571573316074,41.10880559118211,16.870655444350444,0.6730185065476433,0.022433950218254776,1.713559629402423,0.013092016077712022,27.0,0.0
2_86,-25756473,-608842788,13,41.104586032558366,16.87294674119706,41.10459014355675,16.87360777204878,41.10814243673671,16.874186571324426,41.10813805327221,16.874870976018755,0.7679876106407844,0.059075970049291104,1.713559629402423,0.034475584645917996,27.0,0.0
2_87,-25756473,1218701183#0,21,41.104586032558366,16.87294674119706,41.10459014355675,16.87360777204878,41.10724146966218,16.87742479905898,41.10720934823202,16.87762157039797,0.6936019096599582,0.03302866236475991,1.713559629402423,0.019274883580373645,27.0,0.0
2_88,-25756473,1219598856#0,10,41.104586032558366,16.87294674119706,41.10459014355675,16.87360777204878,41.105709425071495,16.87508434379606,41.10600946787193,16.875045247470027,0.8535230559383271,0.08535230559383272,1.713559629402423,0.04980994190648504,27.0,0.0
2_89,-25756473,1219606327,11,41.104586032558366,16.87294674119706,41.10459014355675,16.87360777204878,41.10712583087676,16.874581370472423,41.10710214853407,16.87435955003989,0.5384456338394827,0.048949603076316614,1.713559629402423,0.028566034257813965,27.0,0.0
2_90,-25756473,1219744683,23,41.104586032558366,16.87294674119706,41.10459014355675,16.87360777204878,41.10732110319105,16.8777613495144,41.10733798267452,16.877764688678635,0.7953236336242767,0.03457928841844681,1.713559629402423,0.020179798721393662,27.0,0.0
2_91,-25756473,1220606619#1,31,41.104586032558366,16.87294674119706,41.10459014355675,16.87360777204878,41.108816959023954,16.87701559688476,41.111533788969055,16.876450715532847,0.7479637895558409,0.024127864179220672,1.713559629402423,0.014080551248534542,27.0,0.0
2_92,-25756473,1236906100,25,41.104586032558366,16.87294674119706,41.10459014355675,16.87360777204878,41.107448933153655,16.877721763272344,41.10745580783001,16.877714456595747,0.904878734603227,0.03619514938412908,1.713559629402423,0.021122783685532772,27.0,0.0
2_93,-25756473,25634153#2,10,41.104586032558366,16.87294674119706,41.10459014355675,16.87360777204878,41.10462013718466,16.876617630310452,41.10440468148953,16.876739151748147,0.6230564164200921,0.06230564164200922,1.713559629402423,0.03636035803652619,27.0,0.0
2_94,-25756473,25634742,15,41.104586032558366,16.87294674119706,41.10459014355675,16.87360777204878,41.10710990602856,16.87028076266512,41.10764547042224,16.87037051448248,0.6646830537165365,0.04431220358110243,1.713559629402423,0.02585973830193211,27.0,0.0
2_95,-25756473,25654863#0,18,41.104586032558366,16.87294674119706,41.10459014355675,16.87360777204878,41.10525531107702,16.871659522788697,41.10527065176782,16.87092044157714,0.6479643143037626,0.03599801746132014,1.713559629402423,0.02100774133776359,27.0,0.0
2_96,-25756473,25654904#0,18,41.104586032558366,16.87294674119706,41.10459014355675,16.87360777204878,41.10282219209128,16.8716118519074,41.10292908909263,16.8704487313222,0.6497437773692583,0.03609687652051435,1.713559629402423,0.02106543355780538,27.0,0.0
2_97,-25756473,25654922,19,41.104586032558366,16.87294674119706,41.10459014355675,16.87360777204878,41.10527065176782,16.87092044157714,41.104557904589925,16.87075349430906,0.7689833125683985,0.04047280592465255,1.713559629402423,0.023619140664959997,27.0,0.0
2_98,-25756473,25654933#2,26,41.104586032558366,16.87294674119706,41.10459014355675,16.87360777204878,41.103532900952686,16.872347479668893,41.10351474321344,16.8729158168811,0.8839464942087369,0.033997942084951424,1.713559629402423,0.019840536332434298,27.0,0.0
2_99,-25756473,25756473,2,41.104586032558366,16.87294674119706,41.10459014355675,16.87360777204878,41.10459014355675,16.87360777204878,41.104586032558366,16.87294674119706,0.8665160605604281,0.43325803028021403,1.713559629402423,0.2528409416550657,27.0,0.0
2_100,-25756473,25756835#1,12,41.104586032558366,16.87294674119706,41.10459014355675,16.87360777204878,41.10428673559737,16.877531862648333,41.10433323843067,16.877513777059303,0.7307635974381705,0.06089696645318088,1.713559629402423,0.03553828265341297,27.0,0.0
2_101,-25756473,25756837#3,11,41.104586032558366,16.87294674119706,41.10459014355675,16.87360777204878,41.10277476335755,16.87778529520797,41.102969188850125,16.879273627171905,0.5663067821187497,0.05148243473806816,1.713559629402423,0.03004414544711342,27.0,0.0
2_102,-25756473,30002076#6,14,41.104586032558366,16.87294674119706,41.10459014355675,16.87360777204878,41.10877484203646,16.874159186639993,41.11248609314907,16.873643072909186,0.6985476378429099,0.04989625984592213,1.713559629402423,0.029118484696866176,27.0,0.0
2_103,-25756473,30002079#1,12,41.104586032558366,16.87294674119706,41.10459014355675,16.87360777204878,41.10693282053231,16.873500754386423,41.10640317013077,16.873601328210643,0.8679627996321608,0.07233023330268007,1.713559629402423,0.042210514336115695,27.0,0.0
2_104,-25756473,30651489#1,25,41.104586032558366,16.87294674119706,41.10459014355675,16.87360777204878,41.10686700172243,16.87802885995844,41.10675372463437,16.87807636260086,0.8202672406583509,0.03281068962633404,1.713559629402423,0.01914767893882762,27.0,0.0
2_105,-25756473,325737262#5,6,41.104586032558366,16.87294674119706,41.10459014355675,16.87360777204878,41.10324733400062,16.87359019478166,41.102660798305045,16.873632821121205,0.555552920210853,0.0925921533684755,1.713559629402423,0.054034975952815575,27.0,0.0
2_106,-25756473,49810913#5,9,41.104586032558366,16.87294674119706,41.10459014355675,16.87360777204878,41.10451407293564,16.87751035535627,41.10489776456013,16.87885407695273,0.9199282111523819,0.10221424568359798,1.713559629402423,0.05965024147962893,27.0,0.0
2_107,-25756473,559261510,27,41.104586032558366,16.87294674119706,41.10459014355675,16.87360777204878,41.10750236910344,16.877554656305445,41.10745023270787,16.87741550407253,0.8519630244756191,0.0315541860916896,1.713559629402423,0.018414407967053723,27.0,0.0
2_108,-25756837#3,-25634723,43,41.102969188850125,16.879273627171905,41.10277476335755,16.87778529520797,41.10781671041559,16.87181707243336,41.10771770975772,16.87321379705395,0.9979328201841167,0.023207740004281784,1.6361581666573073,0.01418428882807553,27.0,0.0
2_109,-25756837#3,-256677977,30,41.102969188850125,16.879273627171905,41.10277476335755,16.87778529520797,41.10450954428582,16.871651082575962,41.10456510973252,16.872477433605628,0.5754261451616738,0.019180871505389125,1.6361581666573073,0.01172311570865786,27.0,0.0
2_110,-25756837#3,-25748495,35,41.102969188850125,16.879273627171905,41.10277476335755,16.87778529520797,41.10353883851455,16.871655188195383,41.103515666810864,16.87044227855002,0.7901061704826222,0.022574462013789206,1.6361581666573073,0.013797237011571522,27.0,0.0
2_111,-25756837#3,-316549013#0,8,41.102969188850125,16.879273627171905,41.10277476335755,16.87778529520797,41.10445259405902,16.876042926170484,41.10436880868841,16.875761886209244,0.8882167394026634,0.11102709242533293,1.6361581666573073,0.06785841044461047,27.0,0.0
2_112,-25756837#3,-31951057,41,41.102969188850125,16.879273627171905,41.10277476335755,16.87778529520797,41.10836405905024,16.870571573316074,41.10880559118211,16.870655444350444,0.8525796984049517,0.020794626790364677,1.6361581666573073,0.01270942333946135,27.0,0.0
2_113,-25756837#3,-608842788,23,41.102969188850125,16.879273627171905,41.10277476335755,16.87778529520797,41.10814243673671,16.874186571324426,41.10813805327221,16.874870976018755,0.7454703889998201,0.032411756043470435,1.6361581666573073,0.019809671646652646,27.0,0.0
2_114,-25756837#3,1218701183#0,17,41.102969188850125,16.879273627171905,41.10277476335755,16.87778529520797,41.10724146966218,16.87742479905898,41.10720934823202,16.87762157039797,0.8982728503549574,0.05283957943264455,1.6361581666573073,0.032294909202205374,27.0,0.0
2_115,-25756837#3,1219598856#0,12,41.102969188850125,16.879273627171905,41.10277476335755,16.87778529520797,41.105709425071495,16.87508434379606,41.10600946787193,16.875045247470027,0.9511791864577193,0.07926493220480993,1.6361581666573073,0.048445763875474966,27.0,0.0
2_116,-25756837#3,1219606327,19,41.102969188850125,16.879273627171905,41.10277476335755,16.87778529520797,41.10712583087676,16.874581370472423,41.10710214853407,16.87435955003989,0.5794652772657893,0.03049817248767312,1.6361581666573073,0.018640112618195887,27.0,0.0
2_117,-25756837#3,1219744683,19,41.102969188850125,16.879273627171905,41.10277476335755,16.87778529520797,41.10732110319105,16.8777613495144,41.10733798267452,16.877764688678635,0.9798722876885542,0.05157222566781864,1.6361581666573073,0.031520317973403135,27.0,0.0
2_118,-25756837#3,1220606619#1,27,41.102969188850125,16.879273627171905,41.10277476335755,16.87778529520797,41.108816959023954,16.87701559688476,41.111533788969055,16.876450715532847,0.6181178986342013,0.022893255504970417,1.6361581666573073,0.013992079721572176,27.0,0.0
2_119,-25756837#3,1236906100,21,41.102969188850125,16.879273627171905,41.10277476335755,16.87778529520797,41.107448933153655,16.877721763272344,41.10745580783001,16.877714456595747,0.7217039719095429,0.034366855805216326,1.6361581666573073,0.021004604875962736,27.0,0.0
2_120,-25756837#3,25634153#2,8,41.102969188850125,16.879273627171905,41.10277476335755,16.87778529520797,41.10462013718466,16.876617630310452,41.10440468148953,16.876739151748147,0.8359023013958693,0.10448778767448366,1.6361581666573073,0.0638616668020266,27.0,0.0
2_121,-25756837#3,25634742,26,41.102969188850125,16.879273627171905,41.10277476335755,16.87778529520797,41.10710990602856,16.87028076266512,41.10764547042224,16.87037051448248,0.7390581230106865,0.028425312423487944,1.6361581666573073,0.017373205722256813,27.0,0.0
2_122,-25756837#3,25654863#0,29,41.102969188850125,16.879273627171905,41.10277476335755,16.87778529520797,41.10525531107702,16.871659522788697,41.10527065176782,16.87092044157714,0.7680357594616923,0.026483991705575596,1.6361581666573073,0.0161866940771886,27.0,0.0
2_123,-25756837#3,25654904#0,16,41.102969188850125,16.879273627171905,41.10277476335755,16.87778529520797,41.10282219209128,16.8716118519074,41.10292908909263,16.8704487313222,0.8300586511872695,0.051878665699204345,1.6361581666573073,0.03170761039881196,27.0,0.0
2_124,-25756837#3,25654922,30,41.102969188850125,16.879273627171905,41.10277476335755,16.87778529520797,41.10527065176782,16.87092044157714,41.104557904589925,16.87075349430906,0.8246924713891959,0.02748974904630653,1.6361581666573073,0.01680140074872373,27.0,0.0
2_125,-25756837#3,25654933#2,37,41.102969188850125,16.879273627171905,41.10277476335755,16.87778529520797,41.103532900952686,16.872347479668893,41.10351474321344,16.8729158168811,0.5569327355436136,0.01505223609577334,1.6361581666573073,0.009199743889385253,27.0,0.0
2_126,-25756837#3,25756473,16,41.102969188850125,16.879273627171905,41.10277476335755,16.87778529520797,41.10459014355675,16.87360777204878,41.104586032558366,16.87294674119706,0.8598319136232174,0.05373949460145109,1.6361581666573073,0.0328449264237342,27.0,0.0
2_127,-25756837#3,25756835#1,3,41.102969188850125,16.879273627171905,41.10277476335755,16.87778529520797,41.10428673559737,16.877531862648333,41.10433323843067,16.877513777059303,0.8026156583267876,0.26753855277559585,1.6361581666573073,0.16351631414839352,27.0,0.0
2_128,-25756837#3,25756837#3,2,41.102969188850125,16.879273627171905,41.10277476335755,16.87778529520797,41.10277476335755,16.87778529520797,41.102969188850125,16.879273627171905,0.567679457207762,0.283839728603881,1.6361581666573073,0.17347939483367267,27.0,0.0
2_129,-25756837#3,30002076#6,24,41.102969188850125,16.879273627171905,41.10277476335755,16.87778529520797,41.10877484203646,16.874159186639993,41.11248609314907,16.873643072909186,0.832082485234497,0.034670103551437376,1.6361581666573073,0.02118994621544985,27.0,0.0
2_130,-25756837#3,30002079#1,23,41.102969188850125,16.879273627171905,41.10277476335755,16.87778529520797,41.10693282053231,16.873500754386423,41.10640317013077,16.873601328210643,0.952868061995451,0.04142904617371526,1.6361581666573073,0.025320929857505982,27.0,0.0
2_131,-25756837#3,30651489#1,21,41.102969188850125,16.879273627171905,41.10277476335755,16.87778529520797,41.10686700172243,16.87802885995844,41.10675372463437,16.87807636260086,0.5273211433777762,0.025110530637036964,1.6361581666573073,0.015347251353051098,27.0,0.0
2_132,-25756837#3,325737262#5,15,41.102969188850125,16.879273627171905,41.10277476335755,16.87778529520797,41.10324733400062,16.87359019478166,41.102660798305045,16.873632821121205,0.5005621805180681,0.03337081203453787,1.6361581666573073,0.020395835020470474,27.0,0.0
2_133,-25756837#3,49810913#5,6,41.102969188850125,16.879273627171905,41.10277476335755,16.87778529520797,41.10451407293564,16.87751035535627,41.10489776456013,16.87885407695273,0.6879523163555324,0.11465871939258873,1.6361581666573073,0.0700780167401774,27.0,0.0
2_134,-25756837#3,559261510,23,41.102969188850125,16.879273627171905,41.10277476335755,16.87778529520797,41.10750236910344,16.877554656305445,41.10745023270787,16.87741550407253,0.6290929261988214,0.027351866356470494,1.6361581666573073,0.016717128523308183,27.0,0.0
2_135,-30651489#1,-25634723,43,41.10675372463437,16.87807636260086,41.10686700172243,16.87802885995844,41.10781671041559,16.87181707243336,41.10771770975772,16.87321379705395,0.9483628107655243,0.022054949087570334,1.0481804668710506,0.021041175431752802,27.0,0.0
2_136,-30651489#1,-256677977,30,41.10675372463437,16.87807636260086,41.10686700172243,16.87802885995844,41.10450954428582,16.871651082575962,41.10456510973252,16.872477433605628,0.8370774789089117,0.027902582630297056,1.0481804668710506,0.026620017747124924,27.0,0.0
2_137,-30651489#1,-25748495,35,41.10675372463437,16.87807636260086,41.10686700172243,16.87802885995844,41.10353883851455,16.871655188195383,41.103515666810864,16.87044227855002,0.8590215700208441,0.024543473429166972,1.0481804668710506,0.023415312729908336,27.0,0.0
2_138,-30651489#1,-316549013#0,36,41.10675372463437,16.87807636260086,41.10686700172243,16.87802885995844,41.10445259405902,16.876042926170484,41.10436880868841,16.875761886209244,0.7846350543970667,0.021795418177696296,1.0481804668710506,0.02079357407103601,27.0,0.0
2_139,-30651489#1,-31951057,41,41.10675372463437,16.87807636260086,41.10686700172243,16.87802885995844,41.10836405905024,16.870571573316074,41.10880559118211,16.870655444350444,0.8873441376484796,0.021642539942645846,1.0481804668710506,0.020647723008282656,27.0,0.0
2_140,-30651489#1,-608842788,23,41.10675372463437,16.87807636260086,41.10686700172243,16.87802885995844,41.10814243673671,16.874186571324426,41.10813805327221,16.874870976018755,0.9152719250205337,0.039794431522631894,1.0481804668710506,0.0379652481422624,27.0,0.0
2_141,-30651489#1,1218701183#0,14,41.10675372463437,16.87807636260086,41.10686700172243,16.87802885995844,41.10724146966218,16.87742479905898,41.10720934823202,16.87762157039797,0.6722302103084041,0.048016443593457435,1.0481804668710506,0.045809328747360184,27.0,0.0
2_142,-30651489#1,1219598856#0,36,41.10675372463437,16.87807636260086,41.10686700172243,16.87802885995844,41.105709425071495,16.87508434379606,41.10600946787193,16.875045247470027,0.864433155622292,0.02401203210061922,1.0481804668710506,0.02290829953385616,27.0,0.0
2_143,-30651489#1,1219606327,19,41.10675372463437,16.87807636260086,41.10686700172243,16.87802885995844,41.10712583087676,16.874581370472423,41.10710214853407,16.87435955003989,0.5139849934514285,0.027051841760601495,1.0481804668710506,0.025808381872784385,27.0,0.0
2_144,-30651489#1,1219744683,5,41.10675372463437,16.87807636260086,41.10686700172243,16.87802885995844,41.10732110319105,16.8777613495144,41.10733798267452,16.877764688678635,0.5379214539411588,0.10758429078823176,1.0481804668710506,0.10263909144327435,27.0,0.0
2_145,-30651489#1,1220606619#1,13,41.10675372463437,16.87807636260086,41.10686700172243,16.87802885995844,41.108816959023954,16.87701559688476,41.111533788969055,16.876450715532847,0.8171107197714667,0.06285467075165128,1.0481804668710506,0.059965504737252276,27.0,0.0
2_146,-30651489#1,1236906100,7,41.10675372463437,16.87807636260086,41.10686700172243,16.87802885995844,41.107448933153655,16.877721763272344,41.10745580783001,16.877714456595747,0.5373341400022864,0.07676202000032663,1.0481804668710506,0.07323359137713263,27.0,0.0
2_147,-30651489#1,25634153#2,36,41.10675372463437,16.87807636260086,41.10686700172243,16.87802885995844,41.10462013718466,16.876617630310452,41.10440468148953,16.876739151748147,0.5939025851889734,0.01649729403302704,1.0481804668710506,0.01573898250772934,27.0,0.0
2_148,-30651489#1,25634742,26,41.10675372463437,16.87807636260086,41.10686700172243,16.87802885995844,41.10710990602856,16.87028076266512,41.10764547042224,16.87037051448248,0.980667094742344,0.03771796518239785,1.0481804668710506,0.03598422826461428,27.0,0.0
2_149,-30651489#1,25654863#0,29,41.10675372463437,16.87807636260086,41.10686700172243,16.87802885995844,41.10525531107702,16.871659522788697,41.10527065176782,16.87092044157714,0.7384459659220783,0.025463653997313047,1.0481804668710506,0.02429319645053607,27.0,0.0
2_150,-30651489#1,25654904#0,37,41.10675372463437,16.87807636260086,41.10686700172243,16.87802885995844,41.10282219209128,16.8716118519074,41.10292908909263,16.8704487313222,0.9463923048553271,0.025578170401495327,1.0481804668710506,0.024402449015148465,27.0,0.0
2_151,-30651489#1,25654922,30,41.10675372463437,16.87807636260086,41.10686700172243,16.87802885995844,41.10527065176782,16.87092044157714,41.104557904589925,16.87075349430906,0.8770530526015771,0.0292351017533859,1.0481804668710506,0.02789128654596696,27.0,0.0
2_152,-30651489#1,25654933#2,37,41.10675372463437,16.87807636260086,41.10686700172243,16.87802885995844,41.103532900952686,16.872347479668893,41.10351474321344,16.8729158168811,0.5196756816494963,0.01404528869322963,1.0481804668710506,0.013399685585781395,27.0,0.0
2_153,-30651489#1,25756473,28,41.10675372463437,16.87807636260086,41.10686700172243,16.87802885995844,41.10459014355675,16.87360777204878,41.104586032558366,16.87294674119706,0.8021926654338856,0.028649738051210197,1.0481804668710506,0.0273328295620059,27.0,0.0
2_154,-30651489#1,25756835#1,38,41.10675372463437,16.87807636260086,41.10686700172243,16.87802885995844,41.10428673559737,16.877531862648333,41.10433323843067,16.877513777059303,0.6880603639738083,0.01810685168352127,1.0481804668710506,0.01727455553295367,27.0,0.0
2_155,-30651489#1,25756837#3,37,41.10675372463437,16.87807636260086,41.10686700172243,16.87802885995844,41.10277476335755,16.87778529520797,41.102969188850125,16.879273627171905,0.5072761664071241,0.013710166659652004,1.0481804668710506,0.013079967708784501,27.0,0.0
2_156,-30651489#1,30002076#6,24,41.10675372463437,16.87807636260086,41.10686700172243,16.87802885995844,41.10877484203646,16.874159186639993,41.11248609314907,16.873643072909186,0.6792154276667921,0.02830064281944967,1.0481804668710506,0.026999780776234664,27.0,0.0
2_157,-30651489#1,30002079#1,23,41.10675372463437,16.87807636260086,41.10686700172243,16.87802885995844,41.10693282053231,16.873500754386423,41.10640317013077,16.873601328210643,0.8785219512498853,0.03819660657608197,1.0481804668710506,0.036440868517712034,27.0,0.0
2_158,-30651489#1,30651489#1,4,41.10675372463437,16.87807636260086,41.10686700172243,16.87802885995844,41.10686700172243,16.87802885995844,41.10675372463437,16.87807636260086,0.561953821785913,0.14048845544647826,1.0481804668710506,0.13403078943633992,27.0,0.0
2_159,-30651489#1,325737262#5,32,41.10675372463437,16.87807636260086,41.10686700172243,16.87802885995844,41.10324733400062,16.87359019478166,41.102660798305045,16.873632821121205,0.5106366318678914,0.015957394745871607,1.0481804668710506,0.015223900130009502,27.0,0.0
2_160,-30651489#1,49810913#5,35,41.10675372463437,16.87807636260086,41.10686700172243,16.87802885995844,41.10451407293564,16.87751035535627,41.10489776456013,16.87885407695273,0.9411702514639693,0.026890578613256264,1.0481804668710506,0.025654531317043136,27.0,0.0
2_161,-30651489#1,559261510,9,41.10675372463437,16.87807636260086,41.10686700172243,16.87802885995844,41.10750236910344,16.877554656305445,41.10745023270787,16.87741550407253,0.7679507798680592,0.08532786442978435,1.0481804668710506,0.08140569980711305,27.0,0.0
2_162,-31951057,-25634723,5,41.10836405905024,16.870571573316074,41.10880559118211,16.870655444350444,41.10781671041559,16.87181707243336,41.10771770975772,16.87321379705395,0.8007245669828923,0.16014491339657846,1.3939506004799909,0.11488564468599849,26.0,37.0
2_163,-31951057,-256677977,12,41.10836405905024,16.870571573316074,41.10880559118211,16.870655444350444,41.10450954428582,16.871651082575962,41.10456510973252,16.872477433605628,0.8013855338541722,0.06678212782118101,1.3939506004799909,0.04790853262532069,26.0,37.0
2_164,-31951057,-25748495,17,41.10836405905024,16.870571573316074,41.10880559118211,16.870655444350444,41.10353883851455,16.871655188195383,41.103515666810864,16.87044227855002,0.9743240967096756,0.05731318215939268,1.3939506004799909,0.041115647957436614,26.0,37.0
2_165,-31951057,-316549013#0,21,41.10836405905024,16.870571573316074,41.10880559118211,16.870655444350444,41.10445259405902,16.876042926170484,41.10436880868841,16.875761886209244,0.6840583276505767,0.03257420607859889,1.3939506004799909,0.0233682643182494,26.0,37.0
2_166,-31951057,-608842788,8,41.10836405905024,16.870571573316074,41.10880559118211,16.870655444350444,41.10814243673671,16.874186571324426,41.10813805327221,16.874870976018755,0.9741303063353564,0.12176628829191954,1.3939506004799909,0.08735337410808584,26.0,37.0
2_167,-31951057,1218701183#0,22,41.10836405905024,16.870571573316074,41.10880559118211,16.870655444350444,41.10724146966218,16.87742479905898,41.10720934823202,16.87762157039797,0.53774667619501,0.02444303073613682,1.3939506004799909,0.017535076729204135,26.0,37.0
2_168,-31951057,1219598856#0,21,41.10836405905024,16.870571573316074,41.10880559118211,16.870655444350444,41.105709425071495,16.87508434379606,41.10600946787193,16.875045247470027,0.8459927091705185,0.04028536710335802,1.3939506004799909,0.028900139710464786,26.0,37.0
2_169,-31951057,1219606327,12,41.10836405905024,16.870571573316074,41.10880559118211,16.870655444350444,41.10712583087676,16.874581370472423,41.10710214853407,16.87435955003989,0.600211385770409,0.05001761548086742,1.3939506004799909,0.03588191393844547,26.0,37.0
2_170,-31951057,1219744683,24,41.10836405905024,16.870571573316074,41.10880559118211,16.870655444350444,41.10732110319105,16.8777613495144,41.10733798267452,16.877764688678635,0.620895473219862,0.02587064471749425,1.3939506004799909,0.018559226351770278,26.0,37.0
2_171,-31951057,1220606619#1,14,41.10836405905024,16.870571573316074,41.10880559118211,16.870655444350444,41.108816959023954,16.87701559688476,41.111533788969055,16.876450715532847,0.5582153413320404,0.03987252438086003,1.3939506004799909,0.028603972312311775,26.0,37.0
2_172,-31951057,1236906100,26,41.10836405905024,16.870571573316074,41.10880559118211,16.870655444350444,41.107448933153655,16.877721763272344,41.10745580783001,16.877714456595747,0.7408253219258927,0.028493281612534335,1.3939506004799909,0.02044066812893011,26.0,37.0
2_173,-31951057,25634153#2,21,41.10836405905024,16.870571573316074,41.10880559118211,16.870655444350444,41.10462013718466,16.876617630310452,41.10440468148953,16.876739151748147,0.6164788901351337,0.029356137625482556,1.3939506004799909,0.0210596685530851,26.0,37.0
2_174,-31951057,25634742,8,41.10836405905024,16.870571573316074,41.10880559118211,16.870655444350444,41.10710990602856,16.87028076266512,41.10764547042224,16.87037051448248,0.9733325710649499,0.12166657138311873,1.3939506004799909,0.08728183863992328,26.0,37.0
2_175,-31951057,25654863#0,11,41.10836405905024,16.870571573316074,41.10880559118211,16.870655444350444,41.10525531107702,16.871659522788697,41.10527065176782,16.87092044157714,0.5039484947458237,0.04581349952234761,1.3939506004799909,0.032865941954164125,26.0,37.0
2_176,-31951057,25654904#0,19,41.10836405905024,16.870571573316074,41.10880559118211,16.870655444350444,41.10282219209128,16.8716118519074,41.10292908909263,16.8704487313222,0.8251362608182897,0.043428224253594196,1.3939506004799909,0.031154779974728077,26.0,37.0
2_177,-31951057,25654922,12,41.10836405905024,16.870571573316074,41.10880559118211,16.870655444350444,41.10527065176782,16.87092044157714,41.104557904589925,16.87075349430906,0.6875813431749757,0.057298445264581305,1.3939506004799909,0.041105075922239456,26.0,37.0
2_178,-31951057,25654933#2,19,41.10836405905024,16.870571573316074,41.10880559118211,16.870655444350444,41.103532900952686,16.872347479668893,41.10351474321344,16.8729158168811,0.9279689329948446,0.0488404701576234,1.3939506004799909,0.035037446908667884,26.0,37.0
2_179,-31951057,25756473,13,41.10836405905024,16.870571573316074,41.10880559118211,16.870655444350444,41.10459014355675,16.87360777204878,41.104586032558366,16.87294674119706,0.6965419566337894,0.0535801505102915,1.3939506004799909,0.038437625043413866,26.0,37.0
2_180,-31951057,25756835#1,23,41.10836405905024,16.870571573316074,41.10880559118211,16.870655444350444,41.10428673559737,16.877531862648333,41.10433323843067,16.877513777059303,0.9929259064667313,0.043170691585510054,1.3939506004799909,0.030970029763353682,26.0,37.0
2_181,-31951057,25756837#3,22,41.10836405905024,16.870571573316074,41.10880559118211,16.870655444350444,41.10277476335755,16.87778529520797,41.102969188850125,16.879273627171905,0.6488048718207147,0.02949113053730521,1.3939506004799909,0.02115651051561675,26.0,37.0
2_182,-31951057,30002076#6,9,41.10836405905024,16.870571573316074,41.10880559118211,16.870655444350444,41.10877484203646,16.874159186639993,41.11248609314907,16.873643072909186,0.651693597440407,0.07241039971560077,1.3939506004799909,0.05194617348037089,26.0,37.0
2_183,-31951057,30002079#1,8,41.10836405905024,16.870571573316074,41.10880559118211,16.870655444350444,41.10693282053231,16.873500754386423,41.10640317013077,16.873601328210643,0.578873399131538,0.07235917489144225,1.3939506004799909,0.05190942553238702,26.0,37.0
2_184,-31951057,30651489#1,26,41.10836405905024,16.870571573316074,41.10880559118211,16.870655444350444,41.10686700172243,16.87802885995844,41.10675372463437,16.87807636260086,0.679756661372037,0.02614448697584758,1.3939506004799909,0.018755676827317286,26.0,37.0
2_185,-31951057,325737262#5,21,41.10836405905024,16.870571573316074,41.10880559118211,16.870655444350444,41.10324733400062,16.87359019478166,41.102660798305045,16.873632821121205,0.6889927742557922,0.03280917972646629,1.3939506004799909,0.02353683101479265,26.0,37.0
2_186,-31951057,49810913#5,20,41.10836405905024,16.870571573316074,41.10880559118211,16.870655444350444,41.10451407293564,16.87751035535627,41.10489776456013,16.87885407695273,0.688590667697025,0.03442953338485125,1.3939506004799909,0.024699249294053777,26.0,37.0
2_187,-31951057,559261510,28,41.10836405905024,16.870571573316074,41.10880559118211,16.870655444350444,41.10750236910344,16.877554656305445,41.10745023270787,16.87741550407253,0.9965010486761892,0.035589323167006755,1.3939506004799909,0.025531265709668606,26.0,37.0
2_188,-608842790,-25634723,31,41.10825331007328,16.874956308863016,41.10822749751244,16.87572287225404,41.10781671041559,16.87181707243336,41.10771770975772,16.87321379705395,0.9516972978351396,0.030699912833391598,1.1518941998533603,0.0266516775909626,27.0,0.0
2_189,-608842790,-256677977,18,41.10825331007328,16.874956308863016,41.10822749751244,16.87572287225404,41.10450954428582,16.871651082575962,41.10456510973252,16.872477433605628,0.5109142676897327,0.028384125982762926,1.1518941998533603,0.024641261312346494,27.0,0.0
2_190,-608842790,-25748495,23,41.10825331007328,16.874956308863016,41.10822749751244,16.87572287225404,41.10353883851455,16.871655188195383,41.103515666810864,16.87044227855002,0.747574596126488,0.0325032433098473,1.1518941998533603,0.02821721240890445,27.0,0.0
2_191,-608842790,-316549013#0,24,41.10825331007328,16.874956308863016,41.10822749751244,16.87572287225404,41.10445259405902,16.876042926170484,41.10436880868841,16.875761886209244,0.9074224255097041,0.037809267729571,1.1518941998533603,0.03282355943313565,27.0,0.0
2_192,-608842790,-31951057,29,41.10825331007328,16.874956308863016,41.10822749751244,16.87572287225404,41.10836405905024,16.870571573316074,41.10880559118211,16.870655444350444,0.8906002575252634,0.0307103537077677,1.1518941998533603,0.026660741682419466,27.0,0.0
2_193,-608842790,-608842788,11,41.10825331007328,16.874956308863016,41.10822749751244,16.87572287225404,41.10814243673671,16.874186571324426,41.10813805327221,16.874870976018755,0.5084007276817861,0.04621824797107147,1.1518941998533603,0.040123691895449426,27.0,0.0
2_194,-608842790,1218701183#0,11,41.10825331007328,16.874956308863016,41.10822749751244,16.87572287225404,41.10724146966218,16.87742479905898,41.10720934823202,16.87762157039797,0.7670918085825017,0.06973561896204561,1.1518941998533603,0.06053995147377526,27.0,0.0
2_195,-608842790,1219598856#0,24,41.10825331007328,16.874956308863016,41.10822749751244,16.87572287225404,41.105709425071495,16.87508434379606,41.10600946787193,16.875045247470027,0.8613261824237082,0.035888590934321174,1.1518941998533603,0.03115615213523074,27.0,0.0
2_196,-608842790,1219606327,7,41.10825331007328,16.874956308863016,41.10822749751244,16.87572287225404,41.10712583087676,16.874581370472423,41.10710214853407,16.87435955003989,0.7282261580421313,0.10403230829173304,1.1518941998533603,0.09031411765505606,27.0,0.0
2_197,-608842790,1219744683,13,41.10825331007328,16.874956308863016,41.10822749751244,16.87572287225404,41.10732110319105,16.8777613495144,41.10733798267452,16.877764688678635,0.8481742509206791,0.06524417314774456,1.1518941998533603,0.0566407688796856,27.0,0.0
2_198,-608842790,1220606619#1,21,41.10825331007328,16.874956308863016,41.10822749751244,16.87572287225404,41.108816959023954,16.87701559688476,41.111533788969055,16.876450715532847,0.8155849587887143,0.038837378989938776,1.1518941998533603,0.03371609909563126,27.0,0.0
2_199,-608842790,1236906100,15,41.10825331007328,16.874956308863016,41.10822749751244,16.87572287225404,41.107448933153655,16.877721763272344,41.10745580783001,16.877714456595747,0.6681627677780468,0.04454418451853646,1.1518941998533603,0.03867037834221847,27.0,0.0
2_200,-608842790,25634153#2,24,41.10825331007328,16.874956308863016,41.10822749751244,16.87572287225404,41.10462013718466,16.876617630310452,41.10440468148953,16.876739151748147,0.5696536257857401,0.0237355677410725,1.1518941998533603,0.020605683876257136,27.0,0.0
2_201,-608842790,25634742,14,41.10825331007328,16.874956308863016,41.10822749751244,16.87572287225404,41.10710990602856,16.87028076266512,41.10764547042224,16.87037051448248,0.7250298507127655,0.05178784647948324,1.1518941998533603,0.04495885688640154,27.0,0.0
2_202,-608842790,25654863#0,17,41.10825331007328,16.874956308863016,41.10822749751244,16.87572287225404,41.10525531107702,16.871659522788697,41.10527065176782,16.87092044157714,0.6118673340015909,0.03599219611774064,1.1518941998533603,0.031246095450712885,27.0,0.0
2_203,-608842790,25654904#0,25,41.10825331007328,16.874956308863016,41.10822749751244,16.87572287225404,41.10282219209128,16.8716118519074,41.10292908909263,16.8704487313222,0.8847698459028901,0.035390793836115604,1.1518941998533603,0.030723996909282954,27.0,0.0
2_204,-608842790,25654922,18,41.10825331007328,16.874956308863016,41.10822749751244,16.87572287225404,41.10527065176782,16.87092044157714,41.104557904589925,16.87075349430906,0.7173329052919122,0.0398518280717729,1.1518941998533603,0.03459677813886567,27.0,0.0
2_205,-608842790,25654933#2,25,41.10825331007328,16.874956308863016,41.10822749751244,16.87572287225404,41.103532900952686,16.872347479668893,41.10351474321344,16.8729158168811,0.7560521013316277,0.03024208405326511,1.1518941998533603,0.02625422027223943,27.0,0.0
2_206,-608842790,25756473,16,41.10825331007328,16.874956308863016,41.10822749751244,16.87572287225404,41.10459014355675,16.87360777204878,41.104586032558366,16.87294674119706,0.6109072966203121,0.038181706038769504,1.1518941998533603,0.033146886271004886,27.0,0.0
2_207,-608842790,25756835#1,26,41.10825331007328,16.874956308863016,41.10822749751244,16.87572287225404,41.10428673559737,16.877531862648333,41.10433323843067,16.877513777059303,0.6013186431088662,0.023127640119571777,1.1518941998533603,0.020077920457031554,27.0,0.0
2_208,-608842790,25756837#3,25,41.10825331007328,16.874956308863016,41.10822749751244,16.87572287225404,41.10277476335755,16.87778529520797,41.102969188850125,16.879273627171905,0.6297348528925149,0.025189394115700595,1.1518941998533603,0.02186780185099229,27.0,0.0
2_209,-608842790,30002076#6,12,41.10825331007328,16.874956308863016,41.10822749751244,16.87572287225404,41.10877484203646,16.874159186639993,41.11248609314907,16.873643072909186,0.5427787673296429,0.04523156394413691,1.1518941998533603,0.03926711667607583,27.0,0.0
2_210,-608842790,30002079#1,11,41.10825331007328,16.874956308863016,41.10822749751244,16.87572287225404,41.10693282053231,16.873500754386423,41.10640317013077,16.873601328210643,0.6638844097679323,0.060353128160721116,1.1518941998533603,0.052394680143718286,27.0,0.0
2_211,-608842790,30651489#1,15,41.10825331007328,16.874956308863016,41.10822749751244,16.87572287225404,41.10686700172243,16.87802885995844,41.10675372463437,16.87807636260086,0.875226356308574,0.058348423753904935,1.1518941998533603,0.05065432551126038,27.0,0.0
2_212,-608842790,325737262#5,20,41.10825331007328,16.874956308863016,41.10822749751244,16.87572287225404,41.10324733400062,16.87359019478166,41.102660798305045,16.873632821121205,0.7214681413845792,0.03607340706922896,1.1518941998533603,0.03131659754326501,27.0,0.0
2_213,-608842790,49810913#5,23,41.10825331007328,16.874956308863016,41.10822749751244,16.87572287225404,41.10451407293564,16.87751035535627,41.10489776456013,16.87885407695273,0.9399196898973914,0.04086607347379963,1.1518941998533603,0.035477280360472346,27.0,0.0
2_214,-608842790,559261510,17,41.10825331007328,16.874956308863016,41.10822749751244,16.87572287225404,41.10750236910344,16.877554656305445,41.10745023270787,16.87741550407253,0.7295573884888694,0.04291514049934526,1.1518941998533603,0.03725614774760433,27.0,0.0
2_215,-784934276,-25634723,42,41.106359258768734,16.87720531294635,41.10615200180934,16.877221677580287,41.10781671041559,16.87181707243336,41.10771770975772,16.87321379705395,0.962240828734256,0.02291049592224419,0.7921118854186255,0.028923307860904215,27.0,0.0
2_216,-784934276,-256677977,29,41.106359258768734,16.87720531294635,41.10615200180934,16.877221677580287,41.10450954428582,16.871651082575962,41.10456510973252,16.872477433605628,0.7530341837011447,0.025966695989694644,0.7921118854186255,0.03278160127085005,27.0,0.0
2_217,-784934276,-25748495,34,41.106359258768734,16.87720531294635,41.10615200180934,16.877221677580287,41.10353883851455,16.871655188195383,41.103515666810864,16.87044227855002,0.972164673065736,0.028593078619580468,0.7921118854186255,0.03609727255193151,27.0,0.0
2_218,-784934276,-316549013#0,35,41.106359258768734,16.87720531294635,41.10615200180934,16.877221677580287,41.10445259405902,16.876042926170484,41.10436880868841,16.875761886209244,0.9218025189339976,0.026337214826685645,0.7921118854186255,0.03324936200492259,27.0,0.0
2_219,-784934276,-31951057,40,41.106359258768734,16.87720531294635,41.10615200180934,16.877221677580287,41.10836405905024,16.870571573316074,41.10880559118211,16.870655444350444,0.595645896774655,0.014891147419366375,0.7921118854186255,0.018799298045498344,27.0,0.0
2_220,-784934276,-608842788,22,41.106359258768734,16.87720531294635,41.10615200180934,16.877221677580287,41.10814243673671,16.874186571324426,41.10813805327221,16.874870976018755,0.5299959979862705,0.024090727181194115,0.7921118854186255,0.030413288355675076,27.0,0.0
2_221,-784934276,1218701183#0,16,41.106359258768734,16.87720531294635,41.10615200180934,16.877221677580287,41.10724146966218,16.87742479905898,41.10720934823202,16.87762157039797,0.6785319958458109,0.04240824974036318,0.7921118854186255,0.053538206560239554,27.0,0.0
2_222,-784934276,1219598856#0,11,41.106359258768734,16.87720531294635,41.10615200180934,16.877221677580287,41.105709425071495,16.87508434379606,41.10600946787193,16.875045247470027,0.5349133717995496,0.0486284883454136,0.7921118854186255,0.061390933832174206,27.0,0.0
2_223,-784934276,1219606327,18,41.106359258768734,16.87720531294635,41.10615200180934,16.877221677580287,41.10712583087676,16.874581370472423,41.10710214853407,16.87435955003989,0.5331595159989749,0.02961997311105416,0.7921118854186255,0.037393673363959455,27.0,0.0
2_224,-784934276,1219744683,18,41.106359258768734,16.87720531294635,41.10615200180934,16.877221677580287,41.10732110319105,16.8777613495144,41.10733798267452,16.877764688678635,0.9284931516106003,0.05158295286725557,0.7921118854186255,0.0651207914144532,27.0,0.0
2_225,-784934276,1220606619#1,26,41.106359258768734,16.87720531294635,41.10615200180934,16.877221677580287,41.108816959023954,16.87701559688476,41.111533788969055,16.876450715532847,0.591473750122699,0.02274899038933458,0.7921118854186255,0.02871941553725317,27.0,0.0
2_226,-784934276,1236906100,20,41.106359258768734,16.87720531294635,41.10615200180934,16.877221677580287,41.107448933153655,16.877721763272344,41.10745580783001,16.877714456595747,0.8399247969444052,0.041996239847220264,0.7921118854186255,0.053018065528742254,27.0,0.0
2_227,-784934276,25634153#2,35,41.106359258768734,16.87720531294635,41.10615200180934,16.877221677580287,41.10462013718466,16.876617630310452,41.10440468148953,16.876739151748147,0.6256472005185088,0.017875634300528822,0.7921118854186255,0.022567057292773324,27.0,0.0
2_228,-784934276,25634742,25,41.106359258768734,16.87720531294635,41.10615200180934,16.877221677580287,41.10710990602856,16.87028076266512,41.10764547042224,16.87037051448248,0.8920522640935555,0.03568209056374222,0.7921118854186255,0.04504678091641623,27.0,0.0
2_229,-784934276,25654863#0,28,41.106359258768734,16.87720531294635,41.10615200180934,16.877221677580287,41.10525531107702,16.871659522788697,41.10527065176782,16.87092044157714,0.9963443971452999,0.035583728469474996,0.7921118854186255,0.04492260389536921,27.0,0.0
2_230,-784934276,25654904#0,36,41.106359258768734,16.87720531294635,41.10615200180934,16.877221677580287,41.10282219209128,16.8716118519074,41.10292908909263,16.8704487313222,0.9750355980697969,0.027084322168605467,0.7921118854186255,0.03419254611271436,27.0,0.0
2_231,-784934276,25654922,29,41.106359258768734,16.87720531294635,41.10615200180934,16.877221677580287,41.10527065176782,16.87092044157714,41.104557904589925,16.87075349430906,0.6379987374169082,0.021999956462652005,0.7921118854186255,0.0277737992165402,27.0,0.0
2_232,-784934276,25654933#2,36,41.106359258768734,16.87720531294635,41.10615200180934,16.877221677580287,41.103532900952686,16.872347479668893,41.10351474321344,16.8729158168811,0.6352812687591843,0.01764670190997734,0.7921118854186255,0.022278042073123526,27.0,0.0
2_233,-784934276,25756473,27,41.106359258768734,16.87720531294635,41.10615200180934,16.877221677580287,41.10459014355675,16.87360777204878,41.104586032558366,16.87294674119706,0.6396782837256232,0.02369178828613419,0.7921118854186255,0.02990964877848443,27.0,0.0
2_234,-784934276,25756835#1,37,41.106359258768734,16.87720531294635,41.10615200180934,16.877221677580287,41.10428673559737,16.877531862648333,41.10433323843067,16.877513777059303,0.8127545040589823,0.021966337947540063,0.7921118854186255,0.027731357592155063,27.0,0.0
2_235,-784934276,25756837#3,36,41.106359258768734,16.87720531294635,41.10615200180934,16.877221677580287,41.10277476335755,16.87778529520797,41.102969188850125,16.879273627171905,0.6808992362922197,0.01891386767478388,0.7921118854186255,0.023877772853752893,27.0,0.0
2_236,-784934276,30002076#6,23,41.106359258768734,16.87720531294635,41.10615200180934,16.877221677580287,41.10877484203646,16.874159186639993,41.11248609314907,16.873643072909186,0.647148990152275,0.028136912615316305,0.7921118854186255,0.03552138672991398,27.0,0.0
2_237,-784934276,30002079#1,22,41.106359258768734,16.87720531294635,41.10615200180934,16.877221677580287,41.10693282053231,16.873500754386423,41.10640317013077,16.873601328210643,0.6897842987681861,0.03135383176219028,0.7921118854186255,0.039582579606945306,27.0,0.0
2_238,-784934276,30651489#1,20,41.106359258768734,16.87720531294635,41.10615200180934,16.877221677580287,41.10686700172243,16.87802885995844,41.10675372463437,16.87807636260086,0.8517382481857518,0.042586912409287594,0.7921118854186255,0.05376375887451899,27.0,0.0
2_239,-784934276,325737262#5,31,41.106359258768734,16.87720531294635,41.10615200180934,16.877221677580287,41.10324733400062,16.87359019478166,41.102660798305045,16.873632821121205,0.7519208526746464,0.024255511376601493,0.7921118854186255,0.03062131981996789,27.0,0.0
2_240,-784934276,49810913#5,34,41.106359258768734,16.87720531294635,41.10615200180934,16.877221677580287,41.10451407293564,16.87751035535627,41.10489776456013,16.87885407695273,0.9925648167994083,0.029193082847041422,0.7921118854186255,0.03685474663924918,27.0,0.0
2_241,-784934276,559261510,22,41.106359258768734,16.87720531294635,41.10615200180934,16.877221677580287,41.10750236910344,16.877554656305445,41.10745023270787,16.87741550407253,0.8000729520375379,0.03636695236534263,0.7921118854186255,0.04591138327147175,27.0,0.0
2_242,1070589232,-25634723,30,41.10505793879827,16.873610831591872,41.10484523366878,16.87360776085011,41.10781671041559,16.87181707243336,41.10771770975772,16.87321379705395,0.5103989407958978,0.017013298026529924,1.5055836199789294,0.01130013491164843,27.0,0.0
2_243,1070589232,-256677977,17,41.10505793879827,16.873610831591872,41.10484523366878,16.87360776085011,41.10450954428582,16.871651082575962,41.10456510973252,16.872477433605628,0.7000949756559565,0.041182057391526854,1.5055836199789294,0.027352886179847782,27.0,0.0
2_244,1070589232,-25748495,22,41.10505793879827,16.873610831591872,41.10484523366878,16.87360776085011,41.10353883851455,16.871655188195383,41.103515666810864,16.87044227855002,0.5140629810192436,0.023366499137238348,1.5055836199789294,0.015519894629011282,27.0,0.0
2_245,1070589232,-316549013#0,11,41.10505793879827,16.873610831591872,41.10484523366878,16.87360776085011,41.10445259405902,16.876042926170484,41.10436880868841,16.875761886209244,0.5922487129400842,0.0538407920854622,1.5055836199789294,0.03576074511637932,27.0,0.0
2_246,1070589232,-31951057,28,41.10505793879827,16.873610831591872,41.10484523366878,16.87360776085011,41.10836405905024,16.870571573316074,41.10880559118211,16.870655444350444,0.746547480318247,0.026662410011365965,1.5055836199789294,0.017709019716712317,27.0,0.0
2_247,1070589232,-608842788,11,41.10505793879827,16.873610831591872,41.10484523366878,16.87360776085011,41.10814243673671,16.874186571324426,41.10813805327221,16.874870976018755,0.5634711705986091,0.05122465187260083,1.5055836199789294,0.03402311980075721,27.0,0.0
2_248,1070589232,1218701183#0,19,41.10505793879827,16.873610831591872,41.10484523366878,16.87360776085011,41.10724146966218,16.87742479905898,41.10720934823202,16.87762157039797,0.8232357045893244,0.04332819497838549,1.5055836199789294,0.028778338448575753,27.0,0.0
2_249,1070589232,1219598856#0,11,41.10505793879827,16.873610831591872,41.10484523366878,16.87360776085011,41.105709425071495,16.87508434379606,41.10600946787193,16.875045247470027,0.7813875466301821,0.07103523151183473,1.5055836199789294,0.047181193106251296,27.0,0.0
2_250,1070589232,1219606327,9,41.10505793879827,16.873610831591872,41.10484523366878,16.87360776085011,41.10712583087676,16.874581370472423,41.10710214853407,16.87435955003989,0.9092144987294872,0.10102383319216524,1.5055836199789294,0.06709945024081695,27.0,0.0
2_251,1070589232,1219744683,21,41.10505793879827,16.873610831591872,41.10484523366878,16.87360776085011,41.10732110319105,16.8777613495144,41.10733798267452,16.877764688678635,0.6991255848714664,0.033291694517688875,1.5055836199789294,0.022112152441028012,27.0,0.0
2_252,1070589232,1220606619#1,29,41.10505793879827,16.873610831591872,41.10484523366878,16.87360776085011,41.108816959023954,16.87701559688476,41.111533788969055,16.876450715532847,0.6923722307543194,0.023874904508769636,1.5055836199789294,0.01585757455909607,27.0,0.0
2_253,1070589232,1236906100,23,41.10505793879827,16.873610831591872,41.10484523366878,16.87360776085011,41.107448933153655,16.877721763272344,41.10745580783001,16.877714456595747,0.8873147387013574,0.03857890168266771,1.5055836199789294,0.025623885097267214,27.0,0.0
2_254,1070589232,25634153#2,11,41.10505793879827,16.873610831591872,41.10484523366878,16.87360776085011,41.10462013718466,16.876617630310452,41.10440468148953,16.876739151748147,0.6377958280951597,0.05798143891774179,1.5055836199789294,0.038510938979631856,27.0,0.0
2_255,1070589232,25634742,13,41.10505793879827,16.873610831591872,41.10484523366878,16.87360776085011,41.10710990602856,16.87028076266512,41.10764547042224,16.87037051448248,0.9985444871306464,0.0768111143946651,1.5055836199789294,0.051017501369827654,27.0,0.0
2_256,1070589232,25654863#0,16,41.10505793879827,16.873610831591872,41.10484523366878,16.87360776085011,41.10525531107702,16.871659522788697,41.10527065176782,16.87092044157714,0.8218978393745504,0.0513686149609094,1.5055836199789294,0.03411873925782236,27.0,0.0
2_257,1070589232,25654904#0,24,41.10505793879827,16.873610831591872,41.10484523366878,16.87360776085011,41.10282219209128,16.8716118519074,41.10292908909263,16.8704487313222,0.7024921425655875,0.02927050594023281,1.5055836199789294,0.01944130206507059,27.0,0.0
2_258,1070589232,25654922,17,41.10505793879827,16.873610831591872,41.10484523366878,16.87360776085011,41.10527065176782,16.87092044157714,41.104557904589925,16.87075349430906,0.8898505684476959,0.05234415108515859,1.5055836199789294,0.03476668475304689,27.0,0.0
2_259,1070589232,25654933#2,24,41.10505793879827,16.873610831591872,41.10484523366878,16.87360776085011,41.103532900952686,16.872347479668893,41.10351474321344,16.8729158168811,0.5979182420213953,0.024913260084224804,1.5055836199789294,0.016547244373297222,27.0,0.0
2_260,1070589232,25756473,3,41.10505793879827,16.873610831591872,41.10484523366878,16.87360776085011,41.10459014355675,16.87360777204878,41.104586032558366,16.87294674119706,0.7741085684573075,0.2580361894857691,1.5055836199789294,0.17138615621321673,27.0,0.0
2_261,1070589232,25756835#1,13,41.10505793879827,16.873610831591872,41.10484523366878,16.87360776085011,41.10428673559737,16.877531862648333,41.10433323843067,16.877513777059303,0.5157856453224149,0.03967581887095499,1.5055836199789294,0.026352451198632363,27.0,0.0
2_262,1070589232,25756837#3,12,41.10505793879827,16.873610831591872,41.10484523366878,16.87360776085011,41.10277476335755,16.87778529520797,41.102969188850125,16.879273627171905,0.5577311124111992,0.04647759270093327,1.5055836199789294,0.030870150341821414,27.0,0.0
2_263,1070589232,30002076#6,12,41.10505793879827,16.873610831591872,41.10484523366878,16.87360776085011,41.10877484203646,16.874159186639993,41.11248609314907,16.873643072909186,0.7058382568181505,0.05881985473484587,1.5055836199789294,0.03906780995376999,27.0,0.0
2_264,1070589232,30002079#1,10,41.10505793879827,16.873610831591872,41.10484523366878,16.87360776085011,41.10693282053231,16.873500754386423,41.10640317013077,16.873601328210643,0.7663073734888646,0.07663073734888647,1.5055836199789294,0.050897695971186846,27.0,0.0
2_265,1070589232,30651489#1,23,41.10505793879827,16.873610831591872,41.10484523366878,16.87360776085011,41.10686700172243,16.87802885995844,41.10675372463437,16.87807636260086,0.7315182176024853,0.031805139895760226,1.5055836199789294,0.02112479139232754,27.0,0.0
2_266,1070589232,325737262#5,7,41.10505793879827,16.873610831591872,41.10484523366878,16.87360776085011,41.10324733400062,16.87359019478166,41.102660798305045,16.873632821121205,0.6079963145693654,0.0868566163670522,1.5055836199789294,0.05768966612978146,27.0,0.0
2_267,1070589232,49810913#5,10,41.10505793879827,16.873610831591872,41.10484523366878,16.87360776085011,41.10451407293564,16.87751035535627,41.10489776456013,16.87885407695273,0.6520460488103412,0.06520460488103412,1.5055836199789294,0.04330852435944186,27.0,0.0
2_268,1070589232,559261510,25,41.10505793879827,16.873610831591872,41.10484523366878,16.87360776085011,41.10750236910344,16.877554656305445,41.10745023270787,16.87741550407253,0.6241377848631207,0.024965511394524825,1.5055836199789294,0.016581949393733586,27.0,0.0
2_269,1218701183#0,-25634723,41,41.10724146966218,16.87742479905898,41.10720934823202,16.87762157039797,41.10781671041559,16.87181707243336,41.10771770975772,16.87321379705395,0.9686749356582469,0.02362621794288407,1.1744800703662548,0.020116320863168304,26.0,37.0
2_270,1218701183#0,-256677977,28,41.10724146966218,16.87742479905898,41.10720934823202,16.87762157039797,41.10450954428582,16.871651082575962,41.10456510973252,16.872477433605628,0.9446061430226658,0.033735933679380915,1.1744800703662548,0.02872414315967112,26.0,37.0
2_271,1218701183#0,-25748495,33,41.10724146966218,16.87742479905898,41.10720934823202,16.87762157039797,41.10353883851455,16.871655188195383,41.103515666810864,16.87044227855002,0.966768567734443,0.02929601720407403,1.1744800703662548,0.024943818071717673,26.0,37.0
2_272,1218701183#0,-316549013#0,34,41.10724146966218,16.87742479905898,41.10720934823202,16.87762157039797,41.10445259405902,16.876042926170484,41.10436880868841,16.875761886209244,0.7129323782780518,0.02096859936111917,1.1744800703662548,0.01785351653909311,26.0,37.0
2_273,1218701183#0,-31951057,39,41.10724146966218,16.87742479905898,41.10720934823202,16.87762157039797,41.10836405905024,16.870571573316074,41.10880559118211,16.870655444350444,0.6109866552753234,0.01566632449423906,1.1744800703662548,0.013338944516405127,26.0,37.0
2_274,1218701183#0,-608842788,21,41.10724146966218,16.87742479905898,41.10720934823202,16.87762157039797,41.10814243673671,16.874186571324426,41.10813805327221,16.874870976018755,0.835786807333736,0.03979937177779695,1.1744800703662548,0.033886800450675804,26.0,37.0
2_275,1218701183#0,1219598856#0,34,41.10724146966218,16.87742479905898,41.10720934823202,16.87762157039797,41.105709425071495,16.87508434379606,41.10600946787193,16.875045247470027,0.7306282398743074,0.021489065878656097,1.1744800703662548,0.018296662856062646,26.0,37.0
2_276,1218701183#0,1219606327,17,41.10724146966218,16.87742479905898,41.10720934823202,16.87762157039797,41.10712583087676,16.874581370472423,41.10710214853407,16.87435955003989,0.6461892391030758,0.03801113171194564,1.1744800703662548,0.032364220280121134,26.0,37.0
2_277,1218701183#0,1219744683,3,41.10724146966218,16.87742479905898,41.10720934823202,16.87762157039797,41.10732110319105,16.8777613495144,41.10733798267452,16.877764688678635,0.520088805795454,0.17336293526515134,1.1744800703662548,0.14760823928761016,26.0,37.0
2_278,1218701183#0,1220606619#1,11,41.10724146966218,16.87742479905898,41.10720934823202,16.87762157039797,41.108816959023954,16.87701559688476,41.111533788969055,16.876450715532847,0.5644144203947058,0.051310401854064165,1.1744800703662548,0.04368775865056894,26.0,37.0
2_279,1218701183#0,1236906100,5,41.10724146966218,16.87742479905898,41.10720934823202,16.87762157039797,41.107448933153655,16.877721763272344,41.10745580783001,16.877714456595747,0.5448945185961147,0.10897890371922295,1.1744800703662548,0.09278906170390656,26.0,37.0
2_280,1218701183#0,25634153#2,34,41.10724146966218,16.87742479905898,41.10720934823202,16.87762157039797,41.10462013718466,16.876617630310452,41.10440468148953,16.876739151748147,0.5941691540639136,0.017475563354820988,1.1744800703662548,0.014879403913062002,26.0,37.0
2_281,1218701183#0,25634742,24,41.10724146966218,16.87742479905898,41.10720934823202,16.87762157039797,41.10710990602856,16.87028076266512,41.10764547042224,16.87037051448248,0.8131909123970047,0.033882954683208524,1.1744800703662548,0.02884932280940478,26.0,37.0
2_282,1218701183#0,25654863#0,27,41.10724146966218,16.87742479905898,41.10720934823202,16.87762157039797,41.10525531107702,16.871659522788697,41.10527065176782,16.87092044157714,0.5256913365969325,0.01947004950359009,1.1744800703662548,0.016577590369429143,26.0,37.0
2_283,1218701183#0,25654904#0,35,41.10724146966218,16.87742479905898,41.10720934823202,16.87762157039797,41.10282219209128,16.8716118519074,41.10292908909263,16.8704487313222,0.8337741036072897,0.02382211724592256,1.1744800703662548,0.020283117480651477,26.0,37.0
2_284,1218701183#0,25654922,28,41.10724146966218,16.87742479905898,41.10720934823202,16.87762157039797,41.10527065176782,16.87092044157714,41.104557904589925,16.87075349430906,0.7490629910081218,0.02675224967886149,1.1744800703662548,0.022777951158012375,26.0,37.0
2_285,1218701183#0,25654933#2,35,41.10724146966218,16.87742479905898,41.10720934823202,16.87762157039797,41.103532900952686,16.872347479668893,41.10351474321344,16.8729158168811,0.5854573702648376,0.016727353436138216,1.1744800703662548,0.01424234762103872,26.0,37.0
2_286,1218701183#0,25756473,26,41.10724146966218,16.87742479905898,41.10720934823202,16.87762157039797,41.10459014355675,16.87360777204878,41.104586032558366,16.87294674119706,0.5582798949128096,0.02147230365049268,1.1744800703662548,0.018282390814683358,26.0,37.0
2_287,1218701183#0,25756835#1,36,41.10724146966218,16.87742479905898,41.10720934823202,16.87762157039797,41.10428673559737,16.877531862648333,41.10433323843067,16.877513777059303,0.9990883883040291,0.027752455230667473,1.1744800703662548,0.023629566759709283,26.0,37.0
2_288,1218701183#0,25756837#3,35,41.10724146966218,16.87742479905898,41.10720934823202,16.87762157039797,41.10277476335755,16.87778529520797,41.102969188850125,16.879273627171905,0.754552209549517,0.021558634558557627,1.1744800703662548,0.018355896453683282,26.0,37.0
2_289,1218701183#0,30002076#6,22,41.10724146966218,16.87742479905898,41.10720934823202,16.87762157039797,41.10877484203646,16.874159186639993,41.11248609314907,16.873643072909186,0.8997350520639888,0.0408970478210904,1.1744800703662548,0.03482140638481579,26.0,37.0
2_290,1218701183#0,30002079#1,21,41.10724146966218,16.87742479905898,41.10720934823202,16.87762157039797,41.10693282053231,16.873500754386423,41.10640317013077,16.873601328210643,0.6894923919919254,0.03283297104723454,1.1744800703662548,0.0279553241265267,26.0,37.0
2_291,1218701183#0,30651489#1,5,41.10724146966218,16.87742479905898,41.10720934823202,16.87762157039797,41.10686700172243,16.87802885995844,41.10675372463437,16.87807636260086,0.9932727860662198,0.198654557213244,1.1744800703662548,0.1691425527138104,26.0,37.0
2_292,1218701183#0,325737262#5,30,41.10724146966218,16.87742479905898,41.10720934823202,16.87762157039797,41.10324733400062,16.87359019478166,41.102660798305045,16.873632821121205,0.5569918931797513,0.018566396439325044,1.1744800703662548,0.015808183474356634,26.0,37.0
2_293,1218701183#0,49810913#5,33,41.10724146966218,16.87742479905898,41.10720934823202,16.87762157039797,41.10451407293564,16.87751035535627,41.10489776456013,16.87885407695273,0.6711712268436746,0.020338522025565898,1.1744800703662548,0.017317043122939878,26.0,37.0
2_294,1218701183#0,559261510,7,41.10724146966218,16.87742479905898,41.10720934823202,16.87762157039797,41.10750236910344,16.877554656305445,41.10745023270787,16.87741550407253,0.6862239411230067,0.09803199158900094,1.1744800703662548,0.08346841641887566,26.0,37.0
2_295,1218701185#2,-25634723,29,41.10639507644853,16.87499536702869,41.106575489123706,16.874973587085275,41.10781671041559,16.87181707243336,41.10771770975772,16.87321379705395,0.7226032683590903,0.02491735408134794,1.2952933837684195,0.019236841933721185,27.0,0.0
2_296,1218701185#2,-256677977,16,41.10639507644853,16.87499536702869,41.106575489123706,16.874973587085275,41.10450954428582,16.871651082575962,41.10456510973252,16.872477433605628,0.7974306484639534,0.04983941552899709,1.2952933837684195,0.03847731807600099,27.0,0.0
2_297,1218701185#2,-25748495,21,41.10639507644853,16.87499536702869,41.106575489123706,16.874973587085275,41.10353883851455,16.871655188195383,41.103515666810864,16.87044227855002,0.700037052144977,0.03333509772118938,1.2952933837684195,0.0257355577808998,27.0,0.0
2_298,1218701185#2,-316549013#0,22,41.10639507644853,16.87499536702869,41.106575489123706,16.874973587085275,41.10445259405902,16.876042926170484,41.10436880868841,16.875761886209244,0.7448933049741815,0.033858786589735526,1.2952933837684195,0.02613985913463834,27.0,0.0
2_299,1218701185#2,-31951057,27,41.10639507644853,16.87499536702869,41.106575489123706,16.874973587085275,41.10836405905024,16.870571573316074,41.10880559118211,16.870655444350444,0.7404441655746841,0.027423857984247558,1.2952933837684195,0.0211719277870955,27.0,0.0
2_300,1218701185#2,-608842788,9,41.10639507644853,16.87499536702869,41.106575489123706,16.874973587085275,41.10814243673671,16.874186571324426,41.10813805327221,16.874870976018755,0.5358942346194577,0.05954380384660641,1.2952933837684195,0.045969356898415234,27.0,0.0
2_301,1218701185#2,1218701183#0,13,41.10639507644853,16.87499536702869,41.106575489123706,16.874973587085275,41.10724146966218,16.87742479905898,41.10720934823202,16.87762157039797,0.6035293745743424,0.04642533650571865,1.2952933837684195,0.03584156075178321,27.0,0.0
2_302,1218701185#2,1219598856#0,22,41.10639507644853,16.87499536702869,41.106575489123706,16.874973587085275,41.105709425071495,16.87508434379606,41.10600946787193,16.875045247470027,0.6699138972330978,0.03045063169241354,1.2952933837684195,0.023508675388909182,27.0,0.0
2_303,1218701185#2,1219606327,5,41.10639507644853,16.87499536702869,41.106575489123706,16.874973587085275,41.10712583087676,16.874581370472423,41.10710214853407,16.87435955003989,0.7787010421735139,0.1557402084347028,1.2952933837684195,0.12023546972934047,27.0,0.0
2_304,1218701185#2,1219744683,15,41.10639507644853,16.87499536702869,41.106575489123706,16.874973587085275,41.10732110319105,16.8777613495144,41.10733798267452,16.877764688678635,0.6093569194016867,0.04062379462677911,1.2952933837684195,0.03136262034211246,27.0,0.0
2_305,1218701185#2,1220606619#1,23,41.10639507644853,16.87499536702869,41.106575489123706,16.874973587085275,41.108816959023954,16.87701559688476,41.111533788969055,16.876450715532847,0.6438356991701226,0.027992856485657504,1.2952933837684195,0.02161120934951231,27.0,0.0
2_306,1218701185#2,1236906100,17,41.10639507644853,16.87499536702869,41.106575489123706,16.874973587085275,41.107448933153655,16.877721763272344,41.10745580783001,16.877714456595747,0.5289025418189846,0.03111191422464615,1.2952933837684195,0.02401920261040145,27.0,0.0
2_307,1218701185#2,25634153#2,22,41.10639507644853,16.87499536702869,41.106575489123706,16.874973587085275,41.10462013718466,16.876617630310452,41.10440468148953,16.876739151748147,0.6392297952518341,0.029055899784174277,1.2952933837684195,0.02243190627565891,27.0,0.0
2_308,1218701185#2,25634742,12,41.10639507644853,16.87499536702869,41.106575489123706,16.874973587085275,41.10710990602856,16.87028076266512,41.10764547042224,16.87037051448248,0.9211247519869041,0.07676039599890867,1.2952933837684195,0.059261011413173685,27.0,0.0
2_309,1218701185#2,25654863#0,15,41.10639507644853,16.87499536702869,41.106575489123706,16.874973587085275,41.10525531107702,16.871659522788697,41.10527065176782,16.87092044157714,0.8591996929214636,0.057279979528097574,1.2952933837684195,0.04422162596202872,27.0,0.0
2_310,1218701185#2,25654904#0,23,41.10639507644853,16.87499536702869,41.106575489123706,16.874973587085275,41.10282219209128,16.8716118519074,41.10292908909263,16.8704487313222,0.9116567188831435,0.03963724864709319,1.2952933837684195,0.03060098132499979,27.0,0.0
2_311,1218701185#2,25654922,16,41.10639507644853,16.87499536702869,41.106575489123706,16.874973587085275,41.10527065176782,16.87092044157714,41.104557904589925,16.87075349430906,0.7890337096521387,0.04931460685325867,1.2952933837684195,0.038072152202141905,27.0,0.0
2_312,1218701185#2,25654933#2,23,41.10639507644853,16.87499536702869,41.106575489123706,16.874973587085275,41.103532900952686,16.872347479668893,41.10351474321344,16.8729158168811,0.5603533993449933,0.02436319127586927,1.2952933837684195,0.018809013912345494,27.0,0.0
2_313,1218701185#2,25756473,14,41.10639507644853,16.87499536702869,41.106575489123706,16.874973587085275,41.10459014355675,16.87360777204878,41.104586032558366,16.87294674119706,0.9595765916648128,0.0685411851189152,1.2952933837684195,0.0529155679924089,27.0,0.0
2_314,1218701185#2,25756835#1,24,41.10639507644853,16.87499536702869,41.106575489123706,16.874973587085275,41.10428673559737,16.877531862648333,41.10433323843067,16.877513777059303,0.5986456385354593,0.0249435682723108,1.2952933837684195,0.019257079967275093,27.0,0.0
2_315,1218701185#2,25756837#3,23,41.10639507644853,16.87499536702869,41.106575489123706,16.874973587085275,41.10277476335755,16.87778529520797,41.102969188850125,16.879273627171905,0.6025241498691631,0.026196702168224485,1.2952933837684195,0.020224531752034404,27.0,0.0
2_316,1218701185#2,30002076#6,10,41.10639507644853,16.87499536702869,41.106575489123706,16.874973587085275,41.10877484203646,16.874159186639993,41.11248609314907,16.873643072909186,0.8984723493441654,0.08984723493441654,1.2952933837684195,0.06936438961266243,27.0,0.0
2_317,1218701185#2,30002079#1,9,41.10639507644853,16.87499536702869,41.106575489123706,16.874973587085275,41.10693282053231,16.873500754386423,41.10640317013077,16.873601328210643,0.9211785949550044,0.1023531772172227,1.2952933837684195,0.07901930056914583,27.0,0.0
2_318,1218701185#2,30651489#1,17,41.10639507644853,16.87499536702869,41.106575489123706,16.874973587085275,41.10686700172243,16.87802885995844,41.10675372463437,16.87807636260086,0.587956000294859,0.03458564707616817,1.2952933837684195,0.026701014233198313,27.0,0.0
2_319,1218701185#2,325737262#5,18,41.10639507644853,16.87499536702869,41.106575489123706,16.874973587085275,41.10324733400062,16.87359019478166,41.102660798305045,16.873632821121205,0.6564188099273234,0.036467711662629076,1.2952933837684195,0.028154016780764315,27.0,0.0
2_320,1218701185#2,49810913#5,21,41.10639507644853,16.87499536702869,41.106575489123706,16.874973587085275,41.10451407293564,16.87751035535627,41.10489776456013,16.87885407695273,0.5067086716497577,0.024128984364274176,1.2952933837684195,0.018628200117934136,27.0,0.0
2_321,1218701185#2,559261510,19,41.10639507644853,16.87499536702869,41.106575489123706,16.874973587085275,41.10750236910344,16.877554656305445,41.10745023270787,16.87741550407253,0.9605410697514867,0.050554793144815084,1.2952933837684195,0.03902960810139796,27.0,0.0
2_322,1219744683,-25634723,39,41.10732110319105,16.8777613495144,41.10733798267452,16.877764688678635,41.10781671041559,16.87181707243336,41.10771770975772,16.87321379705395,0.9296674936399845,0.023837628042050883,1.151069765804987,0.020709107953487352,26.0,37.0
2_323,1219744683,-256677977,26,41.10732110319105,16.8777613495144,41.10733798267452,16.877764688678635,41.10450954428582,16.871651082575962,41.10456510973252,16.872477433605628,0.6247976211448654,0.024030677736340978,1.151069765804987,0.02087682124074852,26.0,37.0
2_324,1219744683,-25748495,31,41.10732110319105,16.8777613495144,41.10733798267452,16.877764688678635,41.10353883851455,16.871655188195383,41.103515666810864,16.87044227855002,0.647658715161594,0.020892216618115935,1.151069765804987,0.018150260947480634,26.0,37.0
2_325,1219744683,-316549013#0,32,41.10732110319105,16.8777613495144,41.10733798267452,16.877764688678635,41.10445259405902,16.876042926170484,41.10436880868841,16.875761886209244,0.8899401859357761,0.027810630810493002,1.151069765804987,0.024160682207688744,26.0,37.0
2_326,1219744683,-31951057,37,41.10732110319105,16.8777613495144,41.10733798267452,16.877764688678635,41.10836405905024,16.870571573316074,41.10880559118211,16.870655444350444,0.9904838228134847,0.026769833049013102,1.151069765804987,0.02325648179134645,26.0,37.0
2_327,1219744683,-608842788,19,41.10732110319105,16.8777613495144,41.10733798267452,16.877764688678635,41.10814243673671,16.874186571324426,41.10813805327221,16.874870976018755,0.6099177909375963,0.03210093636513665,1.151069765804987,0.027887915501531076,26.0,37.0
2_328,1219744683,1218701183#0,10,41.10732110319105,16.8777613495144,41.10733798267452,16.877764688678635,41.10724146966218,16.87742479905898,41.10720934823202,16.87762157039797,0.5097115256604934,0.05097115256604934,1.151069765804987,0.04428154928594034,26.0,37.0
2_329,1219744683,1219598856#0,32,41.10732110319105,16.8777613495144,41.10733798267452,16.877764688678635,41.105709425071495,16.87508434379606,41.10600946787193,16.875045247470027,0.5899096901054248,0.018434677815794526,1.151069765804987,0.01601525673198657,26.0,37.0
2_330,1219744683,1219606327,15,41.10732110319105,16.8777613495144,41.10733798267452,16.877764688678635,41.10712583087676,16.874581370472423,41.10710214853407,16.87435955003989,0.9113301054787815,0.0607553403652521,1.151069765804987,0.05278163163530194,26.0,37.0
2_331,1219744683,1220606619#1,9,41.10732110319105,16.8777613495144,41.10733798267452,16.877764688678635,41.108816959023954,16.87701559688476,41.111533788969055,16.876450715532847,0.815141999283592,0.09057133325373244,1.151069765804987,0.07868448633119335,26.0,37.0
2_332,1219744683,1236906100,3,41.10732110319105,16.8777613495144,41.10733798267452,16.877764688678635,41.107448933153655,16.877721763272344,41.10745580783001,16.877714456595747,0.7206642132169421,0.24022140440564735,1.151069765804987,0.20869404404662764,26.0,37.0
2_333,1219744683,25634153#2,32,41.10732110319105,16.8777613495144,41.10733798267452,16.877764688678635,41.10462013718466,16.876617630310452,41.10440468148953,16.876739151748147,0.8680459876557407,0.027126437114241897,1.151069765804987,0.02356628409510117,26.0,37.0
2_334,1219744683,25634742,22,41.10732110319105,16.8777613495144,41.10733798267452,16.877764688678635,41.10710990602856,16.87028076266512,41.10764547042224,16.87037051448248,0.7136763939592237,0.032439836089055624,1.151069765804987,0.028182337033558696,26.0,37.0
2_335,1219744683,25654863#0,25,41.10732110319105,16.8777613495144,41.10733798267452,16.877764688678635,41.10525531107702,16.871659522788697,41.10527065176782,16.87092044157714,0.7938651703623344,0.03175460681449337,1.151069765804987,0.027587039254989173,26.0,37.0
2_336,1219744683,25654904#0,33,41.10732110319105,16.8777613495144,41.10733798267452,16.877764688678635,41.10282219209128,16.8716118519074,41.10292908909263,16.8704487313222,0.8036872684844173,0.02435415965104295,1.151069765804987,0.021157848441976195,26.0,37.0
2_337,1219744683,25654922,26,41.10732110319105,16.8777613495144,41.10733798267452,16.877764688678635,41.10527065176782,16.87092044157714,41.104557904589925,16.87075349430906,0.6894749134797807,0.02651826590306849,1.151069765804987,0.02303793105409493,26.0,37.0
2_338,1219744683,25654933#2,33,41.10732110319105,16.8777613495144,41.10733798267452,16.877764688678635,41.103532900952686,16.872347479668893,41.10351474321344,16.8729158168811,0.7487564174446834,0.022689588407414647,1.151069765804987,0.01971174040137085,26.0,37.0
2_339,1219744683,25756473,24,41.10732110319105,16.8777613495144,41.10733798267452,16.877764688678635,41.10459014355675,16.87360777204878,41.104586032558366,16.87294674119706,0.7657083702093708,0.031904515425390446,1.151069765804987,0.02771727342093674,26.0,37.0
2_340,1219744683,25756835#1,34,41.10732110319105,16.8777613495144,41.10733798267452,16.877764688678635,41.10428673559737,16.877531862648333,41.10433323843067,16.877513777059303,0.7395809846240213,0.02175238190070651,1.151069765804987,0.018897535620262113,26.0,37.0
2_341,1219744683,25756837#3,33,41.10732110319105,16.8777613495144,41.10733798267452,16.877764688678635,41.10277476335755,16.87778529520797,41.102969188850125,16.879273627171905,0.5181858138991334,0.01570260042118586,1.151069765804987,0.013641745172764947,26.0,37.0
2_342,1219744683,30002076#6,20,41.10732110319105,16.8777613495144,41.10733798267452,16.877764688678635,41.10877484203646,16.874159186639993,41.11248609314907,16.873643072909186,0.6139936404064099,0.030699682020320498,1.151069765804987,0.026670565879081218,26.0,37.0
2_343,1219744683,30002079#1,19,41.10732110319105,16.8777613495144,41.10733798267452,16.877764688678635,41.10693282053231,16.873500754386423,41.10640317013077,16.873601328210643,0.7450978279080409,0.03921567515305478,1.151069765804987,0.03406889514262392,26.0,37.0
2_344,1219744683,30651489#1,14,41.10732110319105,16.8777613495144,41.10733798267452,16.877764688678635,41.10686700172243,16.87802885995844,41.10675372463437,16.87807636260086,0.7676845953510452,0.05483461395364608,1.151069765804987,0.04763795869079937,26.0,37.0
2_345,1219744683,325737262#5,28,41.10732110319105,16.8777613495144,41.10733798267452,16.877764688678635,41.10324733400062,16.87359019478166,41.102660798305045,16.873632821121205,0.6390328164753388,0.022822600588404955,1.151069765804987,0.01982729567433668,26.0,37.0
2_346,1219744683,49810913#5,31,41.10732110319105,16.8777613495144,41.10733798267452,16.877764688678635,41.10451407293564,16.87751035535627,41.10489776456013,16.87885407695273,0.9167483179483393,0.0295725263854303,1.151069765804987,0.025691341449446466,26.0,37.0
2_347,1219744683,559261510,5,41.10732110319105,16.8777613495144,41.10733798267452,16.877764688678635,41.10750236910344,16.877554656305445,41.10745023270787,16.87741550407253,0.6164322247495216,0.12328644494990433,1.151069765804987,0.10710597099532486,26.0,37.0
2_348,1236906100,-25634723,37,41.107448933153655,16.877721763272344,41.10745580783001,16.877714456595747,41.10781671041559,16.87181707243336,41.10771770975772,16.87321379705395,0.7179590882871634,0.01940429968343685,1.2561647138174554,0.015447257409792726,26.0,37.0
2_349,1236906100,-256677977,24,41.107448933153655,16.877721763272344,41.10745580783001,16.877714456595747,41.10450954428582,16.871651082575962,41.10456510973252,16.872477433605628,0.5775960663838366,0.024066502765993193,1.2561647138174554,0.01915871581271826,26.0,37.0
2_350,1236906100,-25748495,29,41.107448933153655,16.877721763272344,41.10745580783001,16.877714456595747,41.10353883851455,16.871655188195383,41.103515666810864,16.87044227855002,0.5904274813521382,0.020359568322487524,1.2561647138174554,0.016207721884350077,26.0,37.0
2_351,1236906100,-316549013#0,30,41.107448933153655,16.877721763272344,41.10745580783001,16.877714456595747,41.10445259405902,16.876042926170484,41.10436880868841,16.875761886209244,0.6510460893398564,0.021701536311328547,1.2561647138174554,0.01727602763603993,26.0,37.0
2_352,1236906100,-31951057,35,41.107448933153655,16.877721763272344,41.10745580783001,16.877714456595747,41.10836405905024,16.870571573316074,41.10880559118211,16.870655444350444,0.9356379079768005,0.026732511656480013,1.2561647138174554,0.02128105602906209,26.0,37.0
2_353,1236906100,-608842788,17,41.107448933153655,16.877721763272344,41.10745580783001,16.877714456595747,41.10814243673671,16.874186571324426,41.10813805327221,16.874870976018755,0.9412189928559868,0.05536582310917569,1.2561647138174554,0.04407528925161434,26.0,37.0
2_354,1236906100,1218701183#0,8,41.107448933153655,16.877721763272344,41.10745580783001,16.877714456595747,41.10724146966218,16.87742479905898,41.10720934823202,16.87762157039797,0.6556306031624333,0.08195382539530416,1.2561647138174554,0.0652413051360505,26.0,37.0
2_355,1236906100,1219598856#0,30,41.107448933153655,16.877721763272344,41.10745580783001,16.877714456595747,41.105709425071495,16.87508434379606,41.10600946787193,16.875045247470027,0.8785530662061238,0.029285102206870795,1.2561647138174554,0.02331310685990697,26.0,37.0
2_356,1236906100,1219606327,13,41.107448933153655,16.877721763272344,41.10745580783001,16.877714456595747,41.10712583087676,16.874581370472423,41.10710214853407,16.87435955003989,0.8736498458915326,0.06720383429934866,1.2561647138174554,0.05349922152734076,26.0,37.0
2_357,1236906100,1219744683,10,41.107448933153655,16.877721763272344,41.10745580783001,16.877714456595747,41.10732110319105,16.8777613495144,41.10733798267452,16.877764688678635,0.6994963939340424,0.06994963939340425,1.2561647138174554,0.05568508542230017,26.0,37.0
2_358,1236906100,1220606619#1,7,41.107448933153655,16.877721763272344,41.10745580783001,16.877714456595747,41.108816959023954,16.87701559688476,41.111533788969055,16.876450715532847,0.7345653944584545,0.10493791349406492,1.2561647138174554,0.08353833883389467,26.0,37.0
2_359,1236906100,25634153#2,30,41.107448933153655,16.877721763272344,41.10745580783001,16.877714456595747,41.10462013718466,16.876617630310452,41.10440468148953,16.876739151748147,0.5374684520666859,0.01791561506888953,1.2561647138174554,0.014262154374997837,26.0,37.0
2_360,1236906100,25634742,20,41.107448933153655,16.877721763272344,41.10745580783001,16.877714456595747,41.10710990602856,16.87028076266512,41.10764547042224,16.87037051448248,0.6309722472269567,0.03154861236134784,1.2561647138174554,0.025115028319393193,26.0,37.0
2_361,1236906100,25654863#0,23,41.107448933153655,16.877721763272344,41.10745580783001,16.877714456595747,41.10525531107702,16.871659522788697,41.10527065176782,16.87092044157714,0.9211080001308298,0.04004817391873173,1.2561647138174554,0.03188130782389696,26.0,37.0
2_362,1236906100,25654904#0,31,41.107448933153655,16.877721763272344,41.10745580783001,16.877714456595747,41.10282219209128,16.8716118519074,41.10292908909263,16.8704487313222,0.8266891801924693,0.02666739290943449,1.2561647138174554,0.021229216691171737,26.0,37.0
2_363,1236906100,25654922,24,41.107448933153655,16.877721763272344,41.10745580783001,16.877714456595747,41.10527065176782,16.87092044157714,41.104557904589925,16.87075349430906,0.6194051260938067,0.025808546920575277,1.2561647138174554,0.020545511776193508,26.0,37.0
2_364,1236906100,25654933#2,31,41.107448933153655,16.877721763272344,41.10745580783001,16.877714456595747,41.103532900952686,16.872347479668893,41.10351474321344,16.8729158168811,0.8476382031702605,0.02734316784420195,1.2561647138174554,0.02176718350980159,26.0,37.0
2_365,1236906100,25756473,22,41.107448933153655,16.877721763272344,41.10745580783001,16.877714456595747,41.10459014355675,16.87360777204878,41.104586032558366,16.87294674119706,0.9626736458014973,0.04375789299097715,1.2561647138174554,0.034834518522652916,26.0,37.0
2_366,1236906100,25756835#1,32,41.107448933153655,16.877721763272344,41.10745580783001,16.877714456595747,41.10428673559737,16.877531862648333,41.10433323843067,16.877513777059303,0.6607610140548241,0.020648781689213254,1.2561647138174554,0.01643795711030768,26.0,37.0
2_367,1236906100,25756837#3,31,41.107448933153655,16.877721763272344,41.10745580783001,16.877714456595747,41.10277476335755,16.87778529520797,41.102969188850125,16.879273627171905,0.9585609468897066,0.03092132086740989,1.2561647138174554,0.024615657904798735,26.0,37.0
2_368,1236906100,30002076#6,18,41.107448933153655,16.877721763272344,41.10745580783001,16.877714456595747,41.10877484203646,16.874159186639993,41.11248609314907,16.873643072909186,0.7107068199157541,0.03948371221754189,1.2561647138174554,0.03143195457031411,26.0,37.0
2_369,1236906100,30002079#1,17,41.107448933153655,16.877721763272344,41.10745580783001,16.877714456595747,41.10693282053231,16.873500754386423,41.10640317013077,16.873601328210643,0.6623345711854018,0.03896085712855305,1.2561647138174554,0.03101572325666744,26.0,37.0
2_370,1236906100,30651489#1,12,41.107448933153655,16.877721763272344,41.10745580783001,16.877714456595747,41.10686700172243,16.87802885995844,41.10675372463437,16.87807636260086,0.7979509876602341,0.06649591563835283,1.2561647138174554,0.05293566592574734,26.0,37.0
2_371,1236906100,325737262#5,26,41.107448933153655,16.877721763272344,41.10745580783001,16.877714456595747,41.10324733400062,16.87359019478166,41.102660798305045,16.873632821121205,0.8528513134355902,0.032801973593676544,1.2561647138174554,0.026112796540823144,26.0,37.0
2_372,1236906100,49810913#5,29,41.107448933153655,16.877721763272344,41.10745580783001,16.877714456595747,41.10451407293564,16.87751035535627,41.10489776456013,16.87885407695273,0.7269468573237492,0.025067133011163766,1.2561647138174554,0.019955291480036347,26.0,37.0
2_373,1236906100,559261510,3,41.107448933153655,16.877721763272344,41.10745580783001,16.877714456595747,41.10750236910344,16.877554656305445,41.10745023270787,16.87741550407253,0.8032051830584747,0.2677350610194915,1.2561647138174554,0.2131369063901269,26.0,37.0
2_374,25585833#0,-25634039,2,41.11259339866631,16.874814834207452,41.1090475045985,16.875575201432003,41.1090475045985,16.875575201432003,41.109344770915726,16.874799322625442,0.5986774873774547,0.29933874368872737,1.4588641953137238,0.20518616102190074,28.0,0.0
2_375,25585833#0,-25634723,33,41.11259339866631,16.874814834207452,41.1090475045985,16.875575201432003,41.10781671041559,16.87181707243336,41.10771770975772,16.87321379705395,0.8138911286468715,0.024663367534753684,1.4588641953137238,0.01690586938385304,28.0,0.0
2_376,25585833#0,-256677977,20,41.11259339866631,16.874814834207452,41.1090475045985,16.875575201432003,41.10450954428582,16.871651082575962,41.10456510973252,16.872477433605628,0.5958030968291697,0.029790154841458485,1.4588641953137238,0.020420101430381747,28.0,0.0
2_377,25585833#0,-25748495,25,41.11259339866631,16.874814834207452,41.1090475045985,16.875575201432003,41.10353883851455,16.871655188195383,41.103515666810864,16.87044227855002,0.8861971596899798,0.035447886387599194,1.4588641953137238,0.024298277044201667,28.0,0.0
2_378,25585833#0,-316549013#0,26,41.11259339866631,16.874814834207452,41.1090475045985,16.875575201432003,41.10445259405902,16.876042926170484,41.10436880868841,16.875761886209244,0.5083442582904891,0.01955170224194189,1.4588641953137238,0.013402002944994728,28.0,0.0
2_379,25585833#0,-31951057,31,41.11259339866631,16.874814834207452,41.1090475045985,16.875575201432003,41.10836405905024,16.870571573316074,41.10880559118211,16.870655444350444,0.9747013021423216,0.03144197748846199,1.4588641953137238,0.02155236764975269,28.0,0.0
2_380,25585833#0,-608842788,13,41.11259339866631,16.874814834207452,41.1090475045985,16.875575201432003,41.10814243673671,16.874186571324426,41.10813805327221,16.874870976018755,0.9296863397889936,0.07151433382992259,1.4588641953137238,0.04902055589522757,28.0,0.0
2_381,25585833#0,1218701183#0,14,41.11259339866631,16.874814834207452,41.1090475045985,16.875575201432003,41.10724146966218,16.87742479905898,41.10720934823202,16.87762157039797,0.8713362623781384,0.06223830445558132,1.4588641953137238,0.04266216461786368,28.0,0.0
2_382,25585833#0,1219598856#0,26,41.11259339866631,16.874814834207452,41.1090475045985,16.875575201432003,41.105709425071495,16.87508434379606,41.10600946787193,16.875045247470027,0.7200559786069101,0.02769446071565039,1.4588641953137238,0.018983576952956056,28.0,0.0
2_383,25585833#0,1219606327,9,41.11259339866631,16.874814834207452,41.1090475045985,16.875575201432003,41.10712583087676,16.874581370472423,41.10710214853407,16.87435955003989,0.840031854381695,0.09333687270907721,1.4588641953137238,0.06397913733773242,28.0,0.0
2_384,25585833#0,1219744683,16,41.11259339866631,16.874814834207452,41.1090475045985,16.875575201432003,41.10732110319105,16.8777613495144,41.10733798267452,16.877764688678635,0.6005645751580451,0.03753528594737782,1.4588641953137238,0.02572911588888915,28.0,0.0
2_385,25585833#0,1220606619#1,7,41.11259339866631,16.874814834207452,41.1090475045985,16.875575201432003,41.108816959023954,16.87701559688476,41.111533788969055,16.876450715532847,0.6915457831018068,0.09879225472882953,1.4588641953137238,0.06771860948138808,28.0,0.0
2_386,25585833#0,1236906100,18,41.11259339866631,16.874814834207452,41.1090475045985,16.875575201432003,41.107448933153655,16.877721763272344,41.10745580783001,16.877714456595747,0.7802762583318521,0.043348681018436225,1.4588641953137238,0.029713993363936278,28.0,0.0
2_387,25585833#0,25634153#2,26,41.11259339866631,16.874814834207452,41.1090475045985,16.875575201432003,41.10462013718466,16.876617630310452,41.10440468148953,16.876739151748147,0.5608992936169779,0.02157304975449915,1.4588641953137238,0.01478756543878297,28.0,0.0
2_388,25585833#0,25634742,16,41.11259339866631,16.874814834207452,41.1090475045985,16.875575201432003,41.10710990602856,16.87028076266512,41.10764547042224,16.87037051448248,0.9290233192318025,0.058063957451987655,1.4588641953137238,0.03980079683805057,28.0,0.0
2_389,25585833#0,25654863#0,19,41.11259339866631,16.874814834207452,41.1090475045985,16.875575201432003,41.10525531107702,16.871659522788697,41.10527065176782,16.87092044157714,0.9949925251375953,0.0523680276388208,1.4588641953137238,0.03589643765817368,28.0,0.0
2_390,25585833#0,25654904#0,27,41.11259339866631,16.874814834207452,41.1090475045985,16.875575201432003,41.10282219209128,16.8716118519074,41.10292908909263,16.8704487313222,0.5370515059046275,0.019890796514986202,1.4588641953137238,0.013634440120527294,28.0,0.0
2_391,25585833#0,25654922,20,41.11259339866631,16.874814834207452,41.1090475045985,16.875575201432003,41.10527065176782,16.87092044157714,41.104557904589925,16.87075349430906,0.6020069905771531,0.030100349528857658,1.4588641953137238,0.020632728958287088,28.0,0.0
2_392,25585833#0,25654933#2,27,41.11259339866631,16.874814834207452,41.1090475045985,16.875575201432003,41.103532900952686,16.872347479668893,41.10351474321344,16.8729158168811,0.9723574299410065,0.0360132381459632,1.4588641953137238,0.02468580575330295,28.0,0.0
2_393,25585833#0,25756473,18,41.11259339866631,16.874814834207452,41.1090475045985,16.875575201432003,41.10459014355675,16.87360777204878,41.104586032558366,16.87294674119706,0.6505983618673998,0.03614435343707777,1.4588641953137238,0.024775680665262367,28.0,0.0
2_394,25585833#0,25756835#1,28,41.11259339866631,16.874814834207452,41.1090475045985,16.875575201432003,41.10428673559737,16.877531862648333,41.10433323843067,16.877513777059303,0.5021793134480941,0.017934975480289075,1.4588641953137238,0.012293793718360618,28.0,0.0
2_395,25585833#0,25756837#3,27,41.11259339866631,16.874814834207452,41.1090475045985,16.875575201432003,41.10277476335755,16.87778529520797,41.102969188850125,16.879273627171905,0.7930862838678419,0.029373566069179326,1.4588641953137238,0.020134544506291513,28.0,0.0
2_396,25585833#0,30002076#6,14,41.11259339866631,16.874814834207452,41.1090475045985,16.875575201432003,41.10877484203646,16.874159186639993,41.11248609314907,16.873643072909186,0.9530380039067791,0.0680741431361985,1.4588641953137238,0.04666242639641957,28.0,0.0
2_397,25585833#0,30002079#1,13,41.11259339866631,16.874814834207452,41.1090475045985,16.875575201432003,41.10693282053231,16.873500754386423,41.10640317013077,16.873601328210643,0.5075369721698211,0.0390413055515247,1.4588641953137238,0.026761439260032698,28.0,0.0
2_398,25585833#0,30651489#1,18,41.11259339866631,16.874814834207452,41.1090475045985,16.875575201432003,41.10686700172243,16.87802885995844,41.10675372463437,16.87807636260086,0.740681047276282,0.04114894707090456,1.4588641953137238,0.028206153254762428,28.0,0.0
2_399,25585833#0,325737262#5,22,41.11259339866631,16.874814834207452,41.1090475045985,16.875575201432003,41.10324733400062,16.87359019478166,41.102660798305045,16.873632821121205,0.9009864529091164,0.04095392967768711,1.4588641953137238,0.028072475703525033,28.0,0.0
2_400,25585833#0,49810913#5,25,41.11259339866631,16.874814834207452,41.1090475045985,16.875575201432003,41.10451407293564,16.87751035535627,41.10489776456013,16.87885407695273,0.7670790811999746,0.030683163247998985,1.4588641953137238,0.021032227226195428,28.0,0.0
2_401,25585833#0,559261510,9,41.11259339866631,16.874814834207452,41.1090475045985,16.875575201432003,41.10750236910344,16.877554656305445,41.10745023270787,16.87741550407253,0.5652573031793837,0.06280636701993152,1.4588641953137238,0.04305155148894803,28.0,0.0
2_402,25621696#3,-25634723,38,41.10180646079573,16.876110848681638,41.10257563590522,16.875887679353013,41.10781671041559,16.87181707243336,41.10771770975772,16.87321379705395,0.6680555517729698,0.017580409257183415,1.5893050392528356,0.011061696038822302,27.0,0.0
2_403,25621696#3,-256677977,25,41.10180646079573,16.876110848681638,41.10257563590522,16.875887679353013,41.10450954428582,16.871651082575962,41.10456510973252,16.872477433605628,0.6372019339345318,0.025488077357381275,1.5893050392528356,0.016037246927351173,27.0,0.0
2_404,25621696#3,-25748495,30,41.10180646079573,16.876110848681638,41.10257563590522,16.875887679353013,41.10353883851455,16.871655188195383,41.103515666810864,16.87044227855002,0.6462116997157467,0.021540389990524888,1.5893050392528356,0.01355333901203224,27.0,0.0
2_405,25621696#3,-316549013#0,7,41.10180646079573,16.876110848681638,41.10257563590522,16.875887679353013,41.10445259405902,16.876042926170484,41.10436880868841,16.875761886209244,0.7935766199523149,0.1133680885646164,1.5893050392528356,0.07133186252144083,27.0,0.0
2_406,25621696#3,-31951057,36,41.10180646079573,16.876110848681638,41.10257563590522,16.875887679353013,41.10836405905024,16.870571573316074,41.10880559118211,16.870655444350444,0.5350638374686807,0.014862884374130018,1.5893050392528356,0.009351813532987576,27.0,0.0
2_407,25621696#3,-608842788,18,41.10180646079573,16.876110848681638,41.10257563590522,16.875887679353013,41.10814243673671,16.874186571324426,41.10813805327221,16.874870976018755,0.8595252940583469,0.047751405225463714,1.5893050392528356,0.03004546266833245,27.0,0.0
2_408,25621696#3,1218701183#0,22,41.10180646079573,16.876110848681638,41.10257563590522,16.875887679353013,41.10724146966218,16.87742479905898,41.10720934823202,16.87762157039797,0.9836601923848808,0.04471182692658549,1.5893050392528356,0.028132942274948947,27.0,0.0
2_409,25621696#3,1219598856#0,7,41.10180646079573,16.876110848681638,41.10257563590522,16.875887679353013,41.105709425071495,16.87508434379606,41.10600946787193,16.875045247470027,0.7028967932533908,0.10041382760762725,1.5893050392528356,0.06318096597418064,27.0,0.0
2_410,25621696#3,1219606327,14,41.10180646079573,16.876110848681638,41.10257563590522,16.875887679353013,41.10712583087676,16.874581370472423,41.10710214853407,16.87435955003989,0.504120676653061,0.036008619760932926,1.5893050392528356,0.022656833566614316,27.0,0.0
2_411,25621696#3,1219744683,24,41.10180646079573,16.876110848681638,41.10257563590522,16.875887679353013,41.10732110319105,16.8777613495144,41.10733798267452,16.877764688678635,0.504856387780821,0.021035682824200874,1.5893050392528356,0.013235774319378094,27.0,0.0
2_412,25621696#3,1220606619#1,32,41.10180646079573,16.876110848681638,41.10257563590522,16.875887679353013,41.108816959023954,16.87701559688476,41.111533788969055,16.876450715532847,0.7434163833474852,0.02323176197960891,1.5893050392528356,0.014617560132150988,27.0,0.0
2_413,25621696#3,1236906100,26,41.10180646079573,16.876110848681638,41.10257563590522,16.875887679353013,41.107448933153655,16.877721763272344,41.10745580783001,16.877714456595747,0.6228149371846449,0.02395442066094788,1.5893050392528356,0.015072261189210939,27.0,0.0
2_414,25621696#3,25634153#2,7,41.10180646079573,16.876110848681638,41.10257563590522,16.875887679353013,41.10462013718466,16.876617630310452,41.10440468148953,16.876739151748147,0.7583412352020891,0.108334462171727,1.5893050392528356,0.06816467543742089,27.0,0.0
2_415,25621696#3,25634742,21,41.10180646079573,16.876110848681638,41.10257563590522,16.875887679353013,41.10710990602856,16.87028076266512,41.10764547042224,16.87037051448248,0.9215736932113937,0.043884461581494935,1.5893050392528356,0.02761235917437593,27.0,0.0
2_416,25621696#3,25654863#0,24,41.10180646079573,16.876110848681638,41.10257563590522,16.875887679353013,41.10525531107702,16.871659522788697,41.10527065176782,16.87092044157714,0.5106159653181597,0.021275665221589985,1.5893050392528356,0.013386772643464407,27.0,0.0
2_417,25621696#3,25654904#0,32,41.10180646079573,16.876110848681638,41.10257563590522,16.875887679353013,41.10282219209128,16.8716118519074,41.10292908909263,16.8704487313222,0.5769805268764279,0.01803064146488837,1.5893050392528356,0.011344984769799093,27.0,0.0
2_418,25621696#3,25654922,25,41.10180646079573,16.876110848681638,41.10257563590522,16.875887679353013,41.10527065176782,16.87092044157714,41.104557904589925,16.87075349430906,0.6681264236558505,0.026725056946234022,1.5893050392528356,0.016815561699092083,27.0,0.0
2_419,25621696#3,25654933#2,32,41.10180646079573,16.876110848681638,41.10257563590522,16.875887679353013,41.103532900952686,16.872347479668893,41.10351474321344,16.8729158168811,0.9172282312454515,0.02866338222642036,1.5893050392528356,0.01803516727027783,27.0,0.0
2_420,25621696#3,25756473,15,41.10180646079573,16.876110848681638,41.10257563590522,16.875887679353013,41.10459014355675,16.87360777204878,41.104586032558366,16.87294674119706,0.7259121951192441,0.04839414634128294,1.5893050392528356,0.030449879127064244,27.0,0.0
2_421,25621696#3,25756835#1,4,41.10180646079573,16.876110848681638,41.10257563590522,16.875887679353013,41.10428673559737,16.877531862648333,41.10433323843067,16.877513777059303,0.8047907451157279,0.20119768627893198,1.5893050392528356,0.12659475765175895,27.0,0.0
2_422,25621696#3,25756837#3,3,41.10180646079573,16.876110848681638,41.10257563590522,16.875887679353013,41.10277476335755,16.87778529520797,41.102969188850125,16.879273627171905,0.7896021592707965,0.26320071975693216,1.5893050392528356,0.1656074279363439,27.0,0.0
2_423,25621696#3,30002076#6,19,41.10180646079573,16.876110848681638,41.10257563590522,16.875887679353013,41.10877484203646,16.874159186639993,41.11248609314907,16.873643072909186,0.9057783968332715,0.04767254720175113,1.5893050392528356,0.029995844739888925,27.0,0.0
2_424,25621696#3,30002079#1,18,41.10180646079573,16.876110848681638,41.10257563590522,16.875887679353013,41.10693282053231,16.873500754386423,41.10640317013077,16.873601328210643,0.8615926058003404,0.047866255877796686,1.5893050392528356,0.030117727368623698,27.0,0.0
2_425,25621696#3,30651489#1,26,41.10180646079573,16.876110848681638,41.10257563590522,16.875887679353013,41.10686700172243,16.87802885995844,41.10675372463437,16.87807636260086,0.6267895765000135,0.024107291403846678,1.5893050392528356,0.015168448352230735,27.0,0.0
2_426,25621696#3,325737262#5,14,41.10180646079573,16.876110848681638,41.10257563590522,16.875887679353013,41.10324733400062,16.87359019478166,41.102660798305045,16.873632821121205,0.5346425803697807,0.038188755740698625,1.5893050392528356,0.024028587840287684,27.0,0.0
2_427,25621696#3,49810913#5,6,41.10180646079573,16.876110848681638,41.10257563590522,16.875887679353013,41.10451407293564,16.87751035535627,41.10489776456013,16.87885407695273,0.9061709905797967,0.1510284984299661,1.5893050392528356,0.09502801205548787,27.0,0.0
2_428,25621696#3,559261510,28,41.10180646079573,16.876110848681638,41.10257563590522,16.875887679353013,41.10750236910344,16.877554656305445,41.10745023270787,16.87741550407253,0.8620660742420029,0.03078807408007153,1.5893050392528356,0.01937203577643322,27.0,0.0
2_429,25633936#4,-25634723,46,41.10718970587825,16.8760410665376,41.107204207951625,16.876162711339955,41.10781671041559,16.87181707243336,41.10771770975772,16.87321379705395,0.7295440933033261,0.01585965420224622,0.9580358324527248,0.016554343444172618,27.0,0.0
2_430,25633936#4,-256677977,33,41.10718970587825,16.8760410665376,41.107204207951625,16.876162711339955,41.10450954428582,16.871651082575962,41.10456510973252,16.872477433605628,0.7628002769893714,0.02311515990876883,0.9580358324527248,0.024127656947434135,27.0,0.0
2_431,25633936#4,-25748495,38,41.10718970587825,16.8760410665376,41.107204207951625,16.876162711339955,41.10353883851455,16.871655188195383,41.103515666810864,16.87044227855002,0.7288482180400137,0.019180216264210886,0.9580358324527248,0.020020353743039513,27.0,0.0
2_432,25633936#4,-316549013#0,39,41.10718970587825,16.8760410665376,41.107204207951625,16.876162711339955,41.10445259405902,16.876042926170484,41.10436880868841,16.875761886209244,0.6711524530889874,0.017209037258691984,0.9580358324527248,0.017962832574470726,27.0,0.0
2_433,25633936#4,-31951057,44,41.10718970587825,16.8760410665376,41.107204207951625,16.876162711339955,41.10836405905024,16.870571573316074,41.10880559118211,16.870655444350444,0.7072552473977121,0.016073982895402548,0.9580358324527248,0.01677806022583788,27.0,0.0
2_434,25633936#4,-608842788,26,41.10718970587825,16.8760410665376,41.107204207951625,16.876162711339955,41.10814243673671,16.874186571324426,41.10813805327221,16.874870976018755,0.7117910139862456,0.027376577461009445,0.9580358324527248,0.0285757343657189,27.0,0.0
2_435,25633936#4,1218701183#0,6,41.10718970587825,16.8760410665376,41.107204207951625,16.876162711339955,41.10724146966218,16.87742479905898,41.10720934823202,16.87762157039797,0.8355213398914019,0.13925355664856698,0.9580358324527248,0.14535318192854604,27.0,0.0
2_436,25633936#4,1219598856#0,39,41.10718970587825,16.8760410665376,41.107204207951625,16.876162711339955,41.105709425071495,16.87508434379606,41.10600946787193,16.875045247470027,0.7426242512785681,0.019041647468681235,0.9580358324527248,0.019875715316337986,27.0,0.0
2_437,25633936#4,1219606327,22,41.10718970587825,16.8760410665376,41.107204207951625,16.876162711339955,41.10712583087676,16.874581370472423,41.10710214853407,16.87435955003989,0.9431371174204297,0.0428698689736559,0.9580358324527248,0.044747667593916796,27.0,0.0
2_438,25633936#4,1219744683,8,41.10718970587825,16.8760410665376,41.107204207951625,16.876162711339955,41.10732110319105,16.8777613495144,41.10733798267452,16.877764688678635,0.933945214515129,0.11674315181439113,0.9580358324527248,0.12185676971550219,27.0,0.0
2_439,25633936#4,1220606619#1,16,41.10718970587825,16.8760410665376,41.107204207951625,16.876162711339955,41.108816959023954,16.87701559688476,41.111533788969055,16.876450715532847,0.840089074635538,0.05250556716472112,0.9580358324527248,0.0548054314735791,27.0,0.0
2_440,25633936#4,1236906100,10,41.10718970587825,16.8760410665376,41.107204207951625,16.876162711339955,41.107448933153655,16.877721763272344,41.10745580783001,16.877714456595747,0.5378237128580954,0.05378237128580954,0.9580358324527248,0.056138162544628493,27.0,0.0
2_441,25633936#4,25634153#2,39,41.10718970587825,16.8760410665376,41.107204207951625,16.876162711339955,41.10462013718466,16.876617630310452,41.10440468148953,16.876739151748147,0.570762112049619,0.01463492594999023,0.9580358324527248,0.015275969284491668,27.0,0.0
2_442,25633936#4,25634742,29,41.10718970587825,16.8760410665376,41.107204207951625,16.876162711339955,41.10710990602856,16.87028076266512,41.10764547042224,16.87037051448248,0.9876575982196425,0.034057158559298015,0.9580358324527248,0.035548940243817655,27.0,0.0
2_443,25633936#4,25654863#0,32,41.10718970587825,16.8760410665376,41.107204207951625,16.876162711339955,41.10525531107702,16.871659522788697,41.10527065176782,16.87092044157714,0.8548832099112125,0.02671510030972539,0.9580358324527248,0.027885282997537224,27.0,0.0
2_444,25633936#4,25654904#0,40,41.10718970587825,16.8760410665376,41.107204207951625,16.876162711339955,41.10282219209128,16.8716118519074,41.10292908909263,16.8704487313222,0.5206119330772858,0.013015298326932146,0.9580358324527248,0.01358539825552339,27.0,0.0
2_445,25633936#4,25654922,33,41.10718970587825,16.8760410665376,41.107204207951625,16.876162711339955,41.10527065176782,16.87092044157714,41.104557904589925,16.87075349430906,0.6737946880948859,0.02041802085136018,0.9580358324527248,0.021312377011084002,27.0,0.0
2_446,25633936#4,25654933#2,40,41.10718970587825,16.8760410665376,41.107204207951625,16.876162711339955,41.103532900952686,16.872347479668893,41.10351474321344,16.8729158168811,0.7607740260145571,0.01901935065036393,0.9580358324527248,0.019852441846221296,27.0,0.0
2_447,25633936#4,25756473,31,41.10718970587825,16.8760410665376,41.107204207951625,16.876162711339955,41.10459014355675,16.87360777204878,41.104586032558366,16.87294674119706,0.8207656727202819,0.0264763120232349,0.9580358324527248,0.027636035236230476,27.0,0.0
2_448,25633936#4,25756835#1,41,41.10718970587825,16.8760410665376,41.107204207951625,16.876162711339955,41.10428673559737,16.877531862648333,41.10433323843067,16.877513777059303,0.728239551247215,0.017761940274322315,0.9580358324527248,0.018539954010748125,27.0,0.0
2_449,25633936#4,25756837#3,40,41.10718970587825,16.8760410665376,41.107204207951625,16.876162711339955,41.10277476335755,16.87778529520797,41.102969188850125,16.879273627171905,0.5927753054019932,0.014819382635049831,0.9580358324527248,0.01546850559556822,27.0,0.0
2_450,25633936#4,30002076#6,27,41.10718970587825,16.8760410665376,41.107204207951625,16.876162711339955,41.10877484203646,16.874159186639993,41.11248609314907,16.873643072909186,0.5721894022112552,0.02119220008189834,0.9580358324527248,0.022120467068171053,27.0,0.0
2_451,25633936#4,30002079#1,26,41.10718970587825,16.8760410665376,41.107204207951625,16.876162711339955,41.10693282053231,16.873500754386423,41.10640317013077,16.873601328210643,0.7258139599518565,0.027915921536609867,0.9580358324527248,0.029138702949283897,27.0,0.0
2_452,25633936#4,30651489#1,10,41.10718970587825,16.8760410665376,41.107204207951625,16.876162711339955,41.10686700172243,16.87802885995844,41.10675372463437,16.87807636260086,0.9182422570669656,0.09182422570669657,0.9580358324527248,0.09584633747112765,27.0,0.0
2_453,25633936#4,325737262#5,35,41.10718970587825,16.8760410665376,41.107204207951625,16.876162711339955,41.10324733400062,16.87359019478166,41.102660798305045,16.873632821121205,0.6569249674040869,0.018769284782973912,0.9580358324527248,0.01959142252009671,27.0,0.0
2_454,25633936#4,49810913#5,38,41.10718970587825,16.8760410665376,41.107204207951625,16.876162711339955,41.10451407293564,16.87751035535627,41.10489776456013,16.87885407695273,0.9078003703479396,0.023889483430208934,0.9580358324527248,0.024935897615695687,27.0,0.0
2_455,25633936#4,559261510,12,41.10718970587825,16.8760410665376,41.107204207951625,16.876162711339955,41.10750236910344,16.877554656305445,41.10745023270787,16.87741550407253,0.534197231854853,0.04451643598790442,0.9580358324527248,0.046466358021218505,27.0,0.0
2_456,25634039,-25634039,2,41.109344770915726,16.874799322625442,41.1090475045985,16.875575201432003,41.1090475045985,16.875575201432003,41.109344770915726,16.874799322625442,0.8379799734529848,0.4189899867264924,1.5756379149982627,0.2659176849821835,28.0,0.0
2_457,25634039,-25634723,33,41.109344770915726,16.874799322625442,41.1090475045985,16.875575201432003,41.10781671041559,16.87181707243336,41.10771770975772,16.87321379705395,0.7689169448948419,0.023300513481661875,1.5756379149982627,0.014787987303344099,28.0,0.0
2_458,25634039,-256677977,20,41.109344770915726,16.874799322625442,41.1090475045985,16.875575201432003,41.10450954428582,16.871651082575962,41.10456510973252,16.872477433605628,0.830625362635985,0.04153126813179925,1.5756379149982627,0.026358383316667677,28.0,0.0
2_459,25634039,-25748495,25,41.109344770915726,16.874799322625442,41.1090475045985,16.875575201432003,41.10353883851455,16.871655188195383,41.103515666810864,16.87044227855002,0.803432167026713,0.03213728668106852,1.5756379149982627,0.02039636541819569,28.0,0.0
2_460,25634039,-316549013#0,26,41.109344770915726,16.874799322625442,41.1090475045985,16.875575201432003,41.10445259405902,16.876042926170484,41.10436880868841,16.875761886209244,0.831971971472844,0.031998921979724766,1.5756379149982627,0.0203085503814879,28.0,0.0
2_461,25634039,-31951057,31,41.109344770915726,16.874799322625442,41.1090475045985,16.875575201432003,41.10836405905024,16.870571573316074,41.10880559118211,16.870655444350444,0.855338086584663,0.02759155118015042,1.5756379149982627,0.01751135265120911,28.0,0.0
2_462,25634039,-608842788,13,41.109344770915726,16.874799322625442,41.1090475045985,16.875575201432003,41.10814243673671,16.874186571324426,41.10813805327221,16.874870976018755,0.8879069717644088,0.06830053628956992,1.5756379149982627,0.04334786288107648,28.0,0.0
2_463,25634039,1218701183#0,14,41.109344770915726,16.874799322625442,41.1090475045985,16.875575201432003,41.10724146966218,16.87742479905898,41.10720934823202,16.87762157039797,0.8613376144785537,0.06152411531989669,1.5756379149982627,0.03904711528851762,28.0,0.0
2_464,25634039,1219598856#0,26,41.109344770915726,16.874799322625442,41.1090475045985,16.875575201432003,41.105709425071495,16.87508434379606,41.10600946787193,16.875045247470027,0.6554179875606714,0.0252083841369489,1.5756379149982627,0.015998843323706574,28.0,0.0
2_465,25634039,1219606327,9,41.109344770915726,16.874799322625442,41.1090475045985,16.875575201432003,41.10712583087676,16.874581370472423,41.10710214853407,16.87435955003989,0.5877939823559073,0.06531044248398969,1.5756379149982627,0.04145015924173271,28.0,0.0
2_466,25634039,1219744683,16,41.109344770915726,16.874799322625442,41.1090475045985,16.875575201432003,41.10732110319105,16.8777613495144,41.10733798267452,16.877764688678635,0.6335228652729502,0.03959517907955939,1.5756379149982627,0.025129618107471757,28.0,0.0
2_467,25634039,1220606619#1,7,41.109344770915726,16.874799322625442,41.1090475045985,16.875575201432003,41.108816959023954,16.87701559688476,41.111533788969055,16.876450715532847,0.5062200309003353,0.07231714727147646,1.5756379149982627,0.045897059586533374,28.0,0.0
2_468,25634039,1236906100,18,41.109344770915726,16.874799322625442,41.1090475045985,16.875575201432003,41.107448933153655,16.877721763272344,41.10745580783001,16.877714456595747,0.712890426232315,0.039605023679573054,1.5756379149982627,0.025135866116560622,28.0,0.0
2_469,25634039,25634153#2,26,41.109344770915726,16.874799322625442,41.1090475045985,16.875575201432003,41.10462013718466,16.876617630310452,41.10440468148953,16.876739151748147,0.7848560223719043,0.03018677009122709,1.5756379149982627,0.019158443576334207,28.0,0.0
2_470,25634039,25634742,16,41.109344770915726,16.874799322625442,41.1090475045985,16.875575201432003,41.10710990602856,16.87028076266512,41.10764547042224,16.87037051448248,0.8816097362443465,0.055100608515271654,1.5756379149982627,0.03497034946339966,28.0,0.0
2_471,25634039,25654863#0,19,41.109344770915726,16.874799322625442,41.1090475045985,16.875575201432003,41.10525531107702,16.871659522788697,41.10527065176782,16.87092044157714,0.958649015987813,0.05045521136777963,1.5756379149982627,0.0320220850790045,28.0,0.0
2_472,25634039,25654904#0,27,41.109344770915726,16.874799322625442,41.1090475045985,16.875575201432003,41.10282219209128,16.8716118519074,41.10292908909263,16.8704487313222,0.9411990447927326,0.03485922388121232,1.5756379149982627,0.02212387982631832,28.0,0.0
2_473,25634039,25654922,20,41.109344770915726,16.874799322625442,41.1090475045985,16.875575201432003,41.10527065176782,16.87092044157714,41.104557904589925,16.87075349430906,0.9315618682453781,0.04657809341226891,1.5756379149982627,0.0295614195170724,28.0,0.0
2_474,25634039,25654933#2,27,41.109344770915726,16.874799322625442,41.1090475045985,16.875575201432003,41.103532900952686,16.872347479668893,41.10351474321344,16.8729158168811,0.6277494437203494,0.023249979397049973,1.5756379149982627,0.014755915160289608,28.0,0.0
2_475,25634039,25756473,18,41.109344770915726,16.874799322625442,41.1090475045985,16.875575201432003,41.10459014355675,16.87360777204878,41.104586032558366,16.87294674119706,0.7347358013226473,0.04081865562903596,1.5756379149982627,0.025906114114473418,28.0,0.0
2_476,25634039,25756835#1,28,41.109344770915726,16.874799322625442,41.1090475045985,16.875575201432003,41.10428673559737,16.877531862648333,41.10433323843067,16.877513777059303,0.9071851854280726,0.03239947090814545,1.5756379149982627,0.020562764198385753,28.0,0.0
2_477,25634039,25756837#3,27,41.109344770915726,16.874799322625442,41.1090475045985,16.875575201432003,41.10277476335755,16.87778529520797,41.102969188850125,16.879273627171905,0.6568448993960894,0.024327588866521827,1.5756379149982627,0.0154398346440836,28.0,0.0
2_478,25634039,30002076#6,14,41.109344770915726,16.874799322625442,41.1090475045985,16.875575201432003,41.10877484203646,16.874159186639993,41.11248609314907,16.873643072909186,0.530617618399365,0.0379012584570975,1.5756379149982627,0.024054548380894533,28.0,0.0
2_479,25634039,30002079#1,13,41.109344770915726,16.874799322625442,41.1090475045985,16.875575201432003,41.10693282053231,16.873500754386423,41.10640317013077,16.873601328210643,0.8880837570304467,0.06831413515618821,1.5756379149982627,0.0433564935864491,28.0,0.0
2_480,25634039,30651489#1,18,41.109344770915726,16.874799322625442,41.1090475045985,16.875575201432003,41.10686700172243,16.87802885995844,41.10675372463437,16.87807636260086,0.6837485689017514,0.03798603160565285,1.5756379149982627,0.024108350810849038,28.0,0.0
2_481,25634039,325737262#5,22,41.109344770915726,16.874799322625442,41.1090475045985,16.875575201432003,41.10324733400062,16.87359019478166,41.102660798305045,16.873632821121205,0.6591474420637484,0.029961247366534022,1.5756379149982627,0.019015312516497206,28.0,0.0
2_482,25634039,49810913#5,25,41.109344770915726,16.874799322625442,41.1090475045985,16.875575201432003,41.10451407293564,16.87751035535627,41.10489776456013,16.87885407695273,0.9551983180509265,0.03820793272203706,1.5756379149982627,0.02424918336779119,28.0,0.0
2_483,25634039,559261510,9,41.109344770915726,16.874799322625442,41.1090475045985,16.875575201432003,41.10750236910344,16.877554656305445,41.10745023270787,16.87741550407253,0.7009321606229606,0.07788135118032895,1.5756379149982627,0.04942845715947044,28.0,0.0
2_484,25634116#0,-25634723,41,41.10537530257043,16.878668463811408,41.105332746272914,16.87831202026653,41.10781671041559,16.87181707243336,41.10771770975772,16.87321379705395,0.8015970585393831,0.01955114776925325,0.9643614018066874,0.020273673057242918,28.0,0.0
2_485,25634116#0,-256677977,28,41.10537530257043,16.878668463811408,41.105332746272914,16.87831202026653,41.10450954428582,16.871651082575962,41.10456510973252,16.872477433605628,0.6017883914025548,0.02149244255009124,0.9643614018066874,0.02228670964000231,28.0,0.0
2_486,25634116#0,-25748495,33,41.10537530257043,16.878668463811408,41.105332746272914,16.87831202026653,41.10353883851455,16.871655188195383,41.103515666810864,16.87044227855002,0.6037162630657235,0.01829443221411283,0.9643614018066874,0.018970514767429555,28.0,0.0
2_487,25634116#0,-316549013#0,34,41.10537530257043,16.878668463811408,41.105332746272914,16.87831202026653,41.10445259405902,16.876042926170484,41.10436880868841,16.875761886209244,0.5161810714618407,0.015181796219465901,0.9643614018066874,0.015742849300089668,28.0,0.0
2_488,25634116#0,-31951057,39,41.10537530257043,16.878668463811408,41.105332746272914,16.87831202026653,41.10836405905024,16.870571573316074,41.10880559118211,16.870655444350444,0.6301674999026241,0.016158141023144206,0.9643614018066874,0.01675527555631391,28.0,0.0
2_489,25634116#0,-608842788,21,41.10537530257043,16.878668463811408,41.105332746272914,16.87831202026653,41.10814243673671,16.874186571324426,41.10813805327221,16.874870976018755,0.7285353521230371,0.03469215962490653,0.9643614018066874,0.03597423078102498,28.0,0.0
2_490,25634116#0,1218701183#0,15,41.10537530257043,16.878668463811408,41.105332746272914,16.87831202026653,41.10724146966218,16.87742479905898,41.10720934823202,16.87762157039797,0.613793789705307,0.0409195859803538,0.9643614018066874,0.042431795697850216,28.0,0.0
2_491,25634116#0,1219598856#0,10,41.10537530257043,16.878668463811408,41.105332746272914,16.87831202026653,41.105709425071495,16.87508434379606,41.10600946787193,16.875045247470027,0.5279287660696776,0.05279287660696777,0.9643614018066874,0.05474387144494036,28.0,0.0
2_492,25634116#0,1219606327,17,41.10537530257043,16.878668463811408,41.105332746272914,16.87831202026653,41.10712583087676,16.874581370472423,41.10710214853407,16.87435955003989,0.6137832296838316,0.0361048958637548,0.9643614018066874,0.03743917559963922,28.0,0.0
2_493,25634116#0,1219744683,17,41.10537530257043,16.878668463811408,41.105332746272914,16.87831202026653,41.10732110319105,16.8777613495144,41.10733798267452,16.877764688678635,0.5432317427752114,0.03195480839854185,0.9643614018066874,0.03313571897286221,28.0,0.0
2_494,25634116#0,1220606619#1,25,41.10537530257043,16.878668463811408,41.105332746272914,16.87831202026653,41.108816959023954,16.87701559688476,41.111533788969055,16.876450715532847,0.6807686556123163,0.02723074622449265,0.9643614018066874,0.028237076031327135,28.0,0.0
2_495,25634116#0,1236906100,19,41.10537530257043,16.878668463811408,41.105332746272914,16.87831202026653,41.107448933153655,16.877721763272344,41.10745580783001,16.877714456595747,0.6916888790553815,0.03640467784502007,0.9643614018066874,0.03775003621756071,28.0,0.0
2_496,25634116#0,25634153#2,34,41.10537530257043,16.878668463811408,41.105332746272914,16.87831202026653,41.10462013718466,16.876617630310452,41.10440468148953,16.876739151748147,0.9152277620562526,0.02691846358988978,0.9643614018066874,0.027913252790353553,28.0,0.0
2_497,25634116#0,25634742,24,41.10537530257043,16.878668463811408,41.105332746272914,16.87831202026653,41.10710990602856,16.87028076266512,41.10764547042224,16.87037051448248,0.6649342190057996,0.027705592458574985,0.9643614018066874,0.028729470514549642,28.0,0.0
2_498,25634116#0,25654863#0,27,41.10537530257043,16.878668463811408,41.105332746272914,16.87831202026653,41.10525531107702,16.871659522788697,41.10527065176782,16.87092044157714,0.9260097745361917,0.03429665831615525,0.9643614018066874,0.03556411346607404,28.0,0.0
2_499,25634116#0,25654904#0,35,41.10537530257043,16.878668463811408,41.105332746272914,16.87831202026653,41.10282219209128,16.8716118519074,41.10292908909263,16.8704487313222,0.7272199102540963,0.020777711721545605,0.9643614018066874,0.021545565472259158,28.0,0.0
2_500,25634116#0,25654922,28,41.10537530257043,16.878668463811408,41.105332746272914,16.87831202026653,41.10527065176782,16.87092044157714,41.104557904589925,16.87075349430906,0.6955018833556894,0.024839352976988905,0.9643614018066874,0.025757307302483802,28.0,0.0
2_501,25634116#0,25654933#2,35,41.10537530257043,16.878668463811408,41.105332746272914,16.87831202026653,41.103532900952686,16.872347479668893,41.10351474321344,16.8729158168811,0.9230071758915577,0.026371633596901648,0.9643614018066874,0.027346214341942333,28.0,0.0
2_502,25634116#0,25756473,26,41.10537530257043,16.878668463811408,41.105332746272914,16.87831202026653,41.10459014355675,16.87360777204878,41.104586032558366,16.87294674119706,0.962039872412406,0.037001533554323306,0.9643614018066874,0.038368949114929954,28.0,0.0
2_503,25634116#0,25756835#1,36,41.10537530257043,16.878668463811408,41.105332746272914,16.87831202026653,41.10428673559737,16.877531862648333,41.10433323843067,16.877513777059303,0.5779925314296909,0.01605534809526919,0.9643614018066874,0.016648683849426388,28.0,0.0
2_504,25634116#0,25756837#3,35,41.10537530257043,16.878668463811408,41.105332746272914,16.87831202026653,41.10277476335755,16.87778529520797,41.102969188850125,16.879273627171905,0.9934910366784392,0.02838545819081255,0.9643614018066874,0.029434461123841828,28.0,0.0
2_505,25634116#0,30002076#6,22,41.10537530257043,16.878668463811408,41.105332746272914,16.87831202026653,41.10877484203646,16.874159186639993,41.11248609314907,16.873643072909186,0.8025202882070372,0.0364781949185017,0.9643614018066874,0.03782627016195531,28.0,0.0
2_506,25634116#0,30002079#1,21,41.10537530257043,16.878668463811408,41.105332746272914,16.87831202026653,41.10693282053231,16.873500754386423,41.10640317013077,16.873601328210643,0.7527184956086896,0.035843737886128074,0.9643614018066874,0.037168366360346296,28.0,0.0
2_507,25634116#0,30651489#1,19,41.10537530257043,16.878668463811408,41.105332746272914,16.87831202026653,41.10686700172243,16.87802885995844,41.10675372463437,16.87807636260086,0.6502477868333212,0.03422356772806953,0.9643614018066874,0.035488321768118496,28.0,0.0
2_508,25634116#0,325737262#5,30,41.10537530257043,16.878668463811408,41.105332746272914,16.87831202026653,41.10324733400062,16.87359019478166,41.102660798305045,16.873632821121205,0.7848508405185759,0.02616169468395253,0.9643614018066874,0.02712851700092909,28.0,0.0
2_509,25634116#0,340008632,5,41.10537530257043,16.878668463811408,41.105332746272914,16.87831202026653,41.10653569752324,16.877189737473987,41.10648567529071,16.877191646829097,0.894829727151333,0.17896594543026662,0.9643614018066874,0.18557974748365294,28.0,0.0
2_510,25634116#0,49810913#5,33,41.10537530257043,16.878668463811408,41.105332746272914,16.87831202026653,41.10451407293564,16.87751035535627,41.10489776456013,16.87885407695273,0.883090678533334,0.026760323591919214,0.9643614018066874,0.02774926862666316,28.0,0.0
2_511,25634116#0,559261510,21,41.10537530257043,16.878668463811408,41.105332746272914,16.87831202026653,41.10750236910344,16.877554656305445,41.10745023270787,16.87741550407253,0.6887679696929566,0.032798474747283646,0.9643614018066874,0.03401056355619085,28.0,0.0
2_512,25634723,-25634723,2,41.10771770975772,16.87321379705395,41.10781671041559,16.87181707243336,41.10781671041559,16.87181707243336,41.10771770975772,16.87321379705395,0.8708655249589756,0.4354327624794878,1.818147612068052,0.23949252502342472,27.0,0.0
2_513,25634723,-256677977,9,41.10771770975772,16.87321379705395,41.10781671041559,16.87181707243336,41.10450954428582,16.871651082575962,41.10456510973252,16.872477433605628,0.7019613604940125,0.07799570672155694,1.818147612068052,0.042898445760870166,27.0,0.0
2_514,25634723,-25748495,14,41.10771770975772,16.87321379705395,41.10781671041559,16.87181707243336,41.10353883851455,16.871655188195383,41.103515666810864,16.87044227855002,0.5724382797844683,0.04088844855603344,1.818147612068052,0.022489069800842452,27.0,0.0
2_515,25634723,-316549013#0,18,41.10771770975772,16.87321379705395,41.10781671041559,16.87181707243336,41.10445259405902,16.876042926170484,41.10436880868841,16.875761886209244,0.7693295184593587,0.042740528803297706,1.818147612068052,0.023507733101319806,27.0,0.0
2_516,25634723,-31951057,20,41.10771770975772,16.87321379705395,41.10781671041559,16.87181707243336,41.10836405905024,16.870571573316074,41.10880559118211,16.870655444350444,0.8137313663526184,0.04068656831763093,1.818147612068052,0.0223780335807564,27.0,0.0
2_517,25634723,-608842788,18,41.10771770975772,16.87321379705395,41.10781671041559,16.87181707243336,41.10814243673671,16.874186571324426,41.10813805327221,16.874870976018755,0.7193913962081806,0.039966188678232255,1.818147612068052,0.02198181732492705,27.0,0.0
2_518,25634723,1218701183#0,26,41.10771770975772,16.87321379705395,41.10781671041559,16.87181707243336,41.10724146966218,16.87742479905898,41.10720934823202,16.87762157039797,0.5708163481563059,0.02195447492908869,1.818147612068052,0.012075188385896002,27.0,0.0
2_519,25634723,1219598856#0,18,41.10771770975772,16.87321379705395,41.10781671041559,16.87181707243336,41.105709425071495,16.87508434379606,41.10600946787193,16.875045247470027,0.7554445940842778,0.04196914411579321,1.818147612068052,0.023083463541255272,27.0,0.0
2_520,25634723,1219606327,16,41.10771770975772,16.87321379705395,41.10781671041559,16.87181707243336,41.10712583087676,16.874581370472423,41.10710214853407,16.87435955003989,0.9329953988436674,0.058312212427729215,1.818147612068052,0.03207232022343994,27.0,0.0
2_521,25634723,1219744683,28,41.10771770975772,16.87321379705395,41.10781671041559,16.87181707243336,41.10732110319105,16.8777613495144,41.10733798267452,16.877764688678635,0.8528335259306805,0.030458340211810018,1.818147612068052,0.01675240228551365,27.0,0.0
2_522,25634723,1220606619#1,36,41.10771770975772,16.87321379705395,41.10781671041559,16.87181707243336,41.108816959023954,16.87701559688476,41.111533788969055,16.876450715532847,0.612835189074682,0.017023199696518946,1.818147612068052,0.00936293598139477,27.0,0.0
2_523,25634723,1236906100,30,41.10771770975772,16.87321379705395,41.10781671041559,16.87181707243336,41.107448933153655,16.877721763272344,41.10745580783001,16.877714456595747,0.9747875398546382,0.03249291799515461,1.818147612068052,0.017871441119236484,27.0,0.0
2_524,25634723,25634153#2,18,41.10771770975772,16.87321379705395,41.10781671041559,16.87181707243336,41.10462013718466,16.876617630310452,41.10440468148953,16.876739151748147,0.6006833643723621,0.033371298020686786,1.818147612068052,0.01835455922235522,27.0,0.0
2_525,25634723,25634742,5,41.10771770975772,16.87321379705395,41.10781671041559,16.87181707243336,41.10710990602856,16.87028076266512,41.10764547042224,16.87037051448248,0.7058244312993516,0.1411648862598703,1.818147612068052,0.07764214815281269,27.0,0.0
2_526,25634723,25654863#0,8,41.10771770975772,16.87321379705395,41.10781671041559,16.87181707243336,41.10525531107702,16.871659522788697,41.10527065176782,16.87092044157714,0.9101640590971898,0.11377050738714872,1.818147612068052,0.06257495630827271,27.0,0.0
2_527,25634723,25654904#0,16,41.10771770975772,16.87321379705395,41.10781671041559,16.87181707243336,41.10282219209128,16.8716118519074,41.10292908909263,16.8704487313222,0.866340658560685,0.05414629116004281,1.818147612068052,0.02978102041915844,27.0,0.0
2_528,25634723,25654922,9,41.10771770975772,16.87321379705395,41.10781671041559,16.87181707243336,41.10527065176782,16.87092044157714,41.104557904589925,16.87075349430906,0.761758064021256,0.08463978489125067,1.818147612068052,0.04655275750409349,27.0,0.0
2_529,25634723,25654933#2,16,41.10771770975772,16.87321379705395,41.10781671041559,16.87181707243336,41.103532900952686,16.872347479668893,41.10351474321344,16.8729158168811,0.6154779704672534,0.03846737315420334,1.818147612068052,0.021157453277651436,27.0,0.0
2_530,25634723,25756473,10,41.10771770975772,16.87321379705395,41.10781671041559,16.87181707243336,41.10459014355675,16.87360777204878,41.104586032558366,16.87294674119706,0.9456453257984845,0.09456453257984845,1.818147612068052,0.05201147142958653,27.0,0.0
2_531,25634723,25756835#1,20,41.10771770975772,16.87321379705395,41.10781671041559,16.87181707243336,41.10428673559737,16.877531862648333,41.10433323843067,16.877513777059303,0.508048891508839,0.025402444575441954,1.818147612068052,0.013971607369408221,27.0,0.0
2_532,25634723,25756837#3,19,41.10771770975772,16.87321379705395,41.10781671041559,16.87181707243336,41.10277476335755,16.87778529520797,41.102969188850125,16.879273627171905,0.9325718340447194,0.04908272810761681,1.818147612068052,0.02699600834488222,27.0,0.0
2_533,25634723,30002076#6,19,41.10771770975772,16.87321379705395,41.10781671041559,16.87181707243336,41.10877484203646,16.874159186639993,41.11248609314907,16.873643072909186,0.9121451672008889,0.04800764037899415,1.818147612068052,0.026404698969622088,27.0,0.0
2_534,25634723,30002079#1,5,41.10771770975772,16.87321379705395,41.10781671041559,16.87181707243336,41.10693282053231,16.873500754386423,41.10640317013077,16.873601328210643,0.6055933282915169,0.12111866565830338,1.818147612068052,0.06661651939279944,27.0,0.0
2_535,25634723,30651489#1,30,41.10771770975772,16.87321379705395,41.10781671041559,16.87181707243336,41.10686700172243,16.87802885995844,41.10675372463437,16.87807636260086,0.6747697679066389,0.022492325596887963,1.818147612068052,0.012371011818619099,27.0,0.0
2_536,25634723,325737262#5,18,41.10771770975772,16.87321379705395,41.10781671041559,16.87181707243336,41.10324733400062,16.87359019478166,41.102660798305045,16.873632821121205,0.9789905165853315,0.054388362032518414,1.818147612068052,0.029914161903859045,27.0,0.0
2_537,25634723,49810913#5,17,41.10771770975772,16.87321379705395,41.10781671041559,16.87181707243336,41.10451407293564,16.87751035535627,41.10489776456013,16.87885407695273,0.6268932549120863,0.036876073818358016,1.818147612068052,0.020282222176896476,27.0,0.0
2_538,25634723,559261510,32,41.10771770975772,16.87321379705395,41.10781671041559,16.87181707243336,41.10750236910344,16.877554656305445,41.10745023270787,16.87741550407253,0.6634945764654853,0.020734205514546415,1.818147612068052,0.011404027581106186,27.0,0.0
2_539,25634741#2,-25634723,21,41.10764547042224,16.87037051448248,41.10757536101586,16.871791876349803,41.10781671041559,16.87181707243336,41.10771770975772,16.87321379705395,0.937256236038619,0.04463124933517233,1.6785469516460993,0.02658921711507911,27.0,0.0
2_540,25634741#2,-256677977,8,41.10764547042224,16.87037051448248,41.10757536101586,16.871791876349803,41.10450954428582,16.871651082575962,41.10456510973252,16.872477433605628,0.8274105063427195,0.10342631329283994,1.6785469516460993,0.061616574497015374,27.0,0.0
2_541,25634741#2,-25748495,13,41.10764547042224,16.87037051448248,41.10757536101586,16.871791876349803,41.10353883851455,16.871655188195383,41.103515666810864,16.87044227855002,0.7342568013780719,0.05648129241369784,1.6785469516460993,0.03364892019154327,27.0,0.0
2_542,25634741#2,-316549013#0,17,41.10764547042224,16.87037051448248,41.10757536101586,16.871791876349803,41.10445259405902,16.876042926170484,41.10436880868841,16.875761886209244,0.9339073602757335,0.05493572707504315,1.6785469516460993,0.03272814443538167,27.0,0.0
2_543,25634741#2,-31951057,19,41.10764547042224,16.87037051448248,41.10757536101586,16.871791876349803,41.10836405905024,16.870571573316074,41.10880559118211,16.870655444350444,0.7088653869188709,0.037308704574677415,1.6785469516460993,0.02222678641076433,27.0,0.0
2_544,25634741#2,-608842788,17,41.10764547042224,16.87037051448248,41.10757536101586,16.871791876349803,41.10814243673671,16.874186571324426,41.10813805327221,16.874870976018755,0.8761823377957814,0.0515401375173989,1.6785469516460993,0.03070521051964324,27.0,0.0
2_545,25634741#2,1218701183#0,25,41.10764547042224,16.87037051448248,41.10757536101586,16.871791876349803,41.10724146966218,16.87742479905898,41.10720934823202,16.87762157039797,0.5456039806021695,0.021824159224086783,1.6785469516460993,0.013001816364257492,27.0,0.0
2_546,25634741#2,1219598856#0,17,41.10764547042224,16.87037051448248,41.10757536101586,16.871791876349803,41.105709425071495,16.87508434379606,41.10600946787193,16.875045247470027,0.8608741198714767,0.05063965411008686,1.6785469516460993,0.030168744496795942,27.0,0.0
2_547,25634741#2,1219606327,15,41.10764547042224,16.87037051448248,41.10757536101586,16.871791876349803,41.10712583087676,16.874581370472423,41.10710214853407,16.87435955003989,0.6407081870458634,0.042713879136390895,1.6785469516460993,0.025446937361211557,27.0,0.0
2_548,25634741#2,1219744683,27,41.10764547042224,16.87037051448248,41.10757536101586,16.871791876349803,41.10732110319105,16.8777613495144,41.10733798267452,16.877764688678635,0.8491106237387419,0.031448541619953405,1.6785469516460993,0.018735574592723063,27.0,0.0
2_549,25634741#2,1220606619#1,35,41.10764547042224,16.87037051448248,41.10757536101586,16.871791876349803,41.108816959023954,16.87701559688476,41.111533788969055,16.876450715532847,0.5530852458863764,0.015802435596753612,1.6785469516460993,0.009414354231352689,27.0,0.0
2_550,25634741#2,1236906100,29,41.10764547042224,16.87037051448248,41.10757536101586,16.871791876349803,41.107448933153655,16.877721763272344,41.10745580783001,16.877714456595747,0.55543745202872,0.01915301558719724,1.6785469516460993,0.011410473545833476,27.0,0.0
2_551,25634741#2,25634153#2,17,41.10764547042224,16.87037051448248,41.10757536101586,16.871791876349803,41.10462013718466,16.876617630310452,41.10440468148953,16.876739151748147,0.6731330556446089,0.0395960620967417,1.6785469516460993,0.02358948735864139,27.0,0.0
2_552,25634741#2,25634742,4,41.10764547042224,16.87037051448248,41.10757536101586,16.871791876349803,41.10710990602856,16.87028076266512,41.10764547042224,16.87037051448248,0.9213091581282895,0.23032728953207238,1.6785469516460993,0.1372182585099556,27.0,0.0
2_553,25634741#2,25654863#0,7,41.10764547042224,16.87037051448248,41.10757536101586,16.871791876349803,41.10525531107702,16.871659522788697,41.10527065176782,16.87092044157714,0.8853814712929551,0.126483067327565,1.6785469516460993,0.07535271337124466,27.0,0.0
2_554,25634741#2,25654904#0,15,41.10764547042224,16.87037051448248,41.10757536101586,16.871791876349803,41.10282219209128,16.8716118519074,41.10292908909263,16.8704487313222,0.5028036290317102,0.033520241935447344,1.6785469516460993,0.019969797033425295,27.0,0.0
2_555,25634741#2,25654922,8,41.10764547042224,16.87037051448248,41.10757536101586,16.871791876349803,41.10527065176782,16.87092044157714,41.104557904589925,16.87075349430906,0.857439044910972,0.1071798806138715,1.6785469516460993,0.06385277487100584,27.0,0.0
2_556,25634741#2,25654933#2,15,41.10764547042224,16.87037051448248,41.10757536101586,16.871791876349803,41.103532900952686,16.872347479668893,41.10351474321344,16.8729158168811,0.7415307395788142,0.04943538263858761,1.6785469516460993,0.029451295711512778,27.0,0.0
2_557,25634741#2,25756473,9,41.10764547042224,16.87037051448248,41.10757536101586,16.871791876349803,41.10459014355675,16.87360777204878,41.104586032558366,16.87294674119706,0.9366625452646353,0.10407361614051502,1.6785469516460993,0.06200220734871505,27.0,0.0
2_558,25634741#2,25756835#1,19,41.10764547042224,16.87037051448248,41.10757536101586,16.871791876349803,41.10428673559737,16.877531862648333,41.10433323843067,16.877513777059303,0.5044576662662849,0.0265504034876992,1.6785469516460993,0.01581749230288854,27.0,0.0
2_559,25634741#2,25756837#3,18,41.10764547042224,16.87037051448248,41.10757536101586,16.871791876349803,41.10277476335755,16.87778529520797,41.102969188850125,16.879273627171905,0.9199798009100357,0.051109988939446425,1.6785469516460993,0.030448948055533647,27.0,0.0
2_560,25634741#2,30002076#6,18,41.10764547042224,16.87037051448248,41.10757536101586,16.871791876349803,41.10877484203646,16.874159186639993,41.11248609314907,16.873643072909186,0.9123316517280817,0.050685091762671206,1.6785469516460993,0.03019581413136278,27.0,0.0
2_561,25634741#2,30002079#1,4,41.10764547042224,16.87037051448248,41.10757536101586,16.871791876349803,41.10693282053231,16.873500754386423,41.10640317013077,16.873601328210643,0.641053195496266,0.1602632988740665,1.6785469516460993,0.09547740009113312,27.0,0.0
2_562,25634741#2,30651489#1,29,41.10764547042224,16.87037051448248,41.10757536101586,16.871791876349803,41.10686700172243,16.87802885995844,41.10675372463437,16.87807636260086,0.7419640777769618,0.02558496819920558,1.6785469516460993,0.015242330978061226,27.0,0.0
2_563,25634741#2,325737262#5,17,41.10764547042224,16.87037051448248,41.10757536101586,16.871791876349803,41.10324733400062,16.87359019478166,41.102660798305045,16.873632821121205,0.9700372170293393,0.057061012766431725,1.6785469516460993,0.0339942905442554,27.0,0.0
2_564,25634741#2,49810913#5,16,41.10764547042224,16.87037051448248,41.10757536101586,16.871791876349803,41.10451407293564,16.87751035535627,41.10489776456013,16.87885407695273,0.8773147706755531,0.05483217316722207,1.6785469516460993,0.0326664518460147,27.0,0.0
2_565,25634741#2,559261510,31,41.10764547042224,16.87037051448248,41.10757536101586,16.871791876349803,41.10750236910344,16.877554656305445,41.10745023270787,16.87741550407253,0.9901203051189897,0.031939364681257736,1.6785469516460993,0.0190279840846488,27.0,0.0
2_566,25654865#3,-25634723,25,41.104557904589925,16.87075349430906,41.10450954428582,16.871651082575962,41.10781671041559,16.87181707243336,41.10771770975772,16.87321379705395,0.7216599560706969,0.028866398242827877,2.1834873408021616,0.013220318571768338,27.0,0.0
2_567,25654865#3,-256677977,2,41.104557904589925,16.87075349430906,41.10450954428582,16.871651082575962,41.10450954428582,16.871651082575962,41.10456510973252,16.872477433605628,0.7316210380306014,0.3658105190153007,2.1834873408021616,0.16753498505785272,27.0,0.0
2_568,25654865#3,-25748495,7,41.104557904589925,16.87075349430906,41.10450954428582,16.871651082575962,41.10353883851455,16.871655188195383,41.103515666810864,16.87044227855002,0.9513085214438055,0.13590121734911506,2.1834873408021616,0.06224044207152956,27.0,0.0
2_569,25654865#3,-316549013#0,17,41.104557904589925,16.87075349430906,41.10450954428582,16.871651082575962,41.10445259405902,16.876042926170484,41.10436880868841,16.875761886209244,0.806335624964323,0.047431507350842526,2.1834873408021616,0.021722822232354833,27.0,0.0
2_570,25654865#3,-31951057,23,41.104557904589925,16.87075349430906,41.10450954428582,16.871651082575962,41.10836405905024,16.870571573316074,41.10880559118211,16.870655444350444,0.7805268627012852,0.03393595055222979,2.1834873408021616,0.015542087154836686,27.0,0.0
2_571,25654865#3,-608842788,17,41.104557904589925,16.87075349430906,41.10450954428582,16.871651082575962,41.10814243673671,16.874186571324426,41.10813805327221,16.874870976018755,0.923952567937502,0.05435015105514718,2.1834873408021616,0.024891443169613347,27.0,0.0
2_572,25654865#3,1218701183#0,25,41.104557904589925,16.87075349430906,41.10450954428582,16.871651082575962,41.10724146966218,16.87742479905898,41.10720934823202,16.87762157039797,0.826952674088096,0.03307810696352384,2.1834873408021616,0.015149209407081667,27.0,0.0
2_573,25654865#3,1219598856#0,17,41.104557904589925,16.87075349430906,41.10450954428582,16.871651082575962,41.105709425071495,16.87508434379606,41.10600946787193,16.875045247470027,0.8394256093374632,0.04937797701985078,2.1834873408021616,0.022614272176961867,27.0,0.0
2_574,25654865#3,1219606327,15,41.104557904589925,16.87075349430906,41.10450954428582,16.871651082575962,41.10712583087676,16.874581370472423,41.10710214853407,16.87435955003989,0.7200445210196187,0.04800296806797458,2.1834873408021616,0.021984541504298086,27.0,0.0
2_575,25654865#3,1219744683,27,41.104557904589925,16.87075349430906,41.10450954428582,16.871651082575962,41.10732110319105,16.8777613495144,41.10733798267452,16.877764688678635,0.638663994419129,0.023654222015523297,2.1834873408021616,0.01083323066431578,27.0,0.0
2_576,25654865#3,1220606619#1,35,41.104557904589925,16.87075349430906,41.10450954428582,16.871651082575962,41.108816959023954,16.87701559688476,41.111533788969055,16.876450715532847,0.7398471272506837,0.021138489350019534,2.1834873408021616,0.009681067966372433,27.0,0.0
2_577,25654865#3,1236906100,29,41.104557904589925,16.87075349430906,41.10450954428582,16.871651082575962,41.107448933153655,16.877721763272344,41.10745580783001,16.877714456595747,0.678327070373723,0.023390588633576653,2.1834873408021616,0.010712491067149263,27.0,0.0
2_578,25654865#3,25634153#2,17,41.104557904589925,16.87075349430906,41.10450954428582,16.871651082575962,41.10462013718466,16.876617630310452,41.10440468148953,16.876739151748147,0.7015062084106125,0.04126507108297721,2.1834873408021616,0.018898699484933765,27.0,0.0
2_579,25654865#3,25634742,8,41.104557904589925,16.87075349430906,41.10450954428582,16.871651082575962,41.10710990602856,16.87028076266512,41.10764547042224,16.87037051448248,0.9537495417226978,0.11921869271533722,2.1834873408021616,0.05460013002481576,27.0,0.0
2_580,25654865#3,25654863#0,3,41.104557904589925,16.87075349430906,41.10450954428582,16.871651082575962,41.10525531107702,16.871659522788697,41.10527065176782,16.87092044157714,0.7963929084644243,0.26546430282147476,2.1834873408021616,0.12157812773210284,27.0,0.0
2_581,25654865#3,25654904#0,9,41.104557904589925,16.87075349430906,41.10450954428582,16.871651082575962,41.10282219209128,16.8716118519074,41.10292908909263,16.8704487313222,0.9198523173216848,0.10220581303574275,2.1834873408021616,0.0468085209956815,27.0,0.0
2_582,25654865#3,25654922,4,41.104557904589925,16.87075349430906,41.10450954428582,16.871651082575962,41.10527065176782,16.87092044157714,41.104557904589925,16.87075349430906,0.8802711028293451,0.22006777570733627,2.1834873408021616,0.10078729177632355,27.0,0.0
2_583,25654865#3,25654933#2,9,41.104557904589925,16.87075349430906,41.10450954428582,16.871651082575962,41.103532900952686,16.872347479668893,41.10351474321344,16.8729158168811,0.6852593602558306,0.0761399289173145,2.1834873408021616,0.03487079017794648,27.0,0.0
2_584,25654865#3,25756473,9,41.104557904589925,16.87075349430906,41.10450954428582,16.871651082575962,41.10459014355675,16.87360777204878,41.104586032558366,16.87294674119706,0.5871678103779174,0.0652408678197686,2.1834873408021616,0.029879205892625254,27.0,0.0
2_585,25654865#3,25756835#1,19,41.104557904589925,16.87075349430906,41.10450954428582,16.871651082575962,41.10428673559737,16.877531862648333,41.10433323843067,16.877513777059303,0.9042459411909217,0.04759189164162746,2.1834873408021616,0.021796275504919266,27.0,0.0
2_586,25654865#3,25756837#3,18,41.104557904589925,16.87075349430906,41.10450954428582,16.871651082575962,41.10277476335755,16.87778529520797,41.102969188850125,16.879273627171905,0.8519119425046715,0.04732844125025953,2.1834873408021616,0.02167561971432002,27.0,0.0
2_587,25654865#3,30002076#6,18,41.104557904589925,16.87075349430906,41.10450954428582,16.871651082575962,41.10877484203646,16.874159186639993,41.11248609314907,16.873643072909186,0.786401576708962,0.04368897648383122,2.1834873408021616,0.020008806860213318,27.0,0.0
2_588,25654865#3,30002079#1,8,41.104557904589925,16.87075349430906,41.10450954428582,16.871651082575962,41.10693282053231,16.873500754386423,41.10640317013077,16.873601328210643,0.8157566886542786,0.10196958608178483,2.1834873408021616,0.04670033307558523,27.0,0.0
2_589,25654865#3,30651489#1,29,41.104557904589925,16.87075349430906,41.10450954428582,16.871651082575962,41.10686700172243,16.87802885995844,41.10675372463437,16.87807636260086,0.6300655198666976,0.021726397236782675,2.1834873408021616,0.009950319761781129,27.0,0.0
2_590,25654865#3,325737262#5,11,41.104557904589925,16.87075349430906,41.10450954428582,16.871651082575962,41.10324733400062,16.87359019478166,41.102660798305045,16.873632821121205,0.8491288764495044,0.07719353422268223,2.1834873408021616,0.035353323456559706,27.0,0.0
2_591,25654865#3,49810913#5,16,41.104557904589925,16.87075349430906,41.10450954428582,16.871651082575962,41.10451407293564,16.87751035535627,41.10489776456013,16.87885407695273,0.9625159018662739,0.06015724386664212,2.1834873408021616,0.027550992736482628,27.0,0.0
2_592,25654865#3,559261510,31,41.104557904589925,16.87075349430906,41.10450954428582,16.871651082575962,41.10750236910344,16.877554656305445,41.10745023270787,16.87741550407253,0.9080123913827265,0.029290722302668597,2.1834873408021616,0.013414651761575077,27.0,0.0
2_593,25654922,-25634723,26,41.10527065176782,16.87092044157714,41.104557904589925,16.87075349430906,41.10781671041559,16.87181707243336,41.10771770975772,16.87321379705395,0.6995792004021115,0.026906892323158137,1.6478946681145026,0.016328041375329297,26.0,37.0
2_594,25654922,-256677977,3,41.10527065176782,16.87092044157714,41.104557904589925,16.87075349430906,41.10450954428582,16.871651082575962,41.10456510973252,16.872477433605628,0.8533598533023774,0.28445328443412576,1.6478946681145026,0.17261618108127816,26.0,37.0
2_595,25654922,-25748495,8,41.10527065176782,16.87092044157714,41.104557904589925,16.87075349430906,41.10353883851455,16.871655188195383,41.103515666810864,16.87044227855002,0.7951577436422396,0.09939471795527995,1.6478946681145026,0.06031618396399447,26.0,37.0
2_596,25654922,-316549013#0,18,41.10527065176782,16.87092044157714,41.104557904589925,16.87075349430906,41.10445259405902,16.876042926170484,41.10436880868841,16.875761886209244,0.534621142928432,0.02970117460713511,1.6478946681145026,0.01802370939225064,26.0,37.0
2_597,25654922,-31951057,24,41.10527065176782,16.87092044157714,41.104557904589925,16.87075349430906,41.10836405905024,16.870571573316074,41.10880559118211,16.870655444350444,0.9816396837757055,0.040901653490654395,1.6478946681145026,0.02482055090174755,26.0,37.0
2_598,25654922,-608842788,18,41.10527065176782,16.87092044157714,41.104557904589925,16.87075349430906,41.10814243673671,16.874186571324426,41.10813805327221,16.874870976018755,0.501306066890505,0.027850337049472502,1.6478946681145026,0.016900556563690116,26.0,37.0
2_599,25654922,1218701183#0,26,41.10527065176782,16.87092044157714,41.104557904589925,16.87075349430906,41.10724146966218,16.87742479905898,41.10720934823202,16.87762157039797,0.9829465423509842,0.03780563624426862,1.6478946681145026,0.02294177957837881,26.0,37.0
2_600,25654922,1219598856#0,18,41.10527065176782,16.87092044157714,41.104557904589925,16.87075349430906,41.105709425071495,16.87508434379606,41.10600946787193,16.875045247470027,0.8732092555069009,0.04851162530593894,1.6478946681145026,0.029438547405123437,26.0,37.0
2_601,25654922,1219606327,16,41.10527065176782,16.87092044157714,41.104557904589925,16.87075349430906,41.10712583087676,16.874581370472423,41.10710214853407,16.87435955003989,0.9884275067650807,0.061776719172817546,1.6478946681145026,0.037488269346427086,26.0,37.0
2_602,25654922,1219744683,28,41.10527065176782,16.87092044157714,41.104557904589925,16.87075349430906,41.10732110319105,16.8777613495144,41.10733798267452,16.877764688678635,0.9594420435243937,0.034265787268728344,1.6478946681145026,0.020793675670991014,26.0,37.0
2_603,25654922,1220606619#1,36,41.10527065176782,16.87092044157714,41.104557904589925,16.87075349430906,41.108816959023954,16.87701559688476,41.111533788969055,16.876450715532847,0.8331828320647637,0.023143967557354546,1.6478946681145026,0.014044567292541544,26.0,37.0
2_604,25654922,1236906100,30,41.10527065176782,16.87092044157714,41.104557904589925,16.87075349430906,41.107448933153655,16.877721763272344,41.10745580783001,16.877714456595747,0.8438082537909577,0.028126941793031924,1.6478946681145026,0.017068409976236144,26.0,37.0
2_605,25654922,25634153#2,18,41.10527065176782,16.87092044157714,41.104557904589925,16.87075349430906,41.10462013718466,16.876617630310452,41.10440468148953,16.876739151748147,0.8976906767315305,0.049871704262862804,1.6478946681145026,0.03026389078612973,26.0,37.0
2_606,25654922,25634742,9,41.10527065176782,16.87092044157714,41.104557904589925,16.87075349430906,41.10710990602856,16.87028076266512,41.10764547042224,16.87037051448248,0.8335743852448323,0.0926193761383147,1.6478946681145026,0.05620467007414282,26.0,37.0
2_607,25654922,25654863#0,4,41.10527065176782,16.87092044157714,41.104557904589925,16.87075349430906,41.10525531107702,16.871659522788697,41.10527065176782,16.87092044157714,0.8391682437513233,0.20979206093783082,1.6478946681145026,0.1273091448119508,26.0,37.0
2_608,25654922,25654904#0,10,41.10527065176782,16.87092044157714,41.104557904589925,16.87075349430906,41.10282219209128,16.8716118519074,41.10292908909263,16.8704487313222,0.7131520326442293,0.07131520326442294,1.6478946681145026,0.043276554408675144,26.0,37.0
2_609,25654922,25654933#2,10,41.10527065176782,16.87092044157714,41.104557904589925,16.87075349430906,41.103532900952686,16.872347479668893,41.10351474321344,16.8729158168811,0.89099216895805,0.08909921689580501,1.6478946681145026,0.05406851458397584,26.0,37.0
2_610,25654922,25756473,10,41.10527065176782,16.87092044157714,41.104557904589925,16.87075349430906,41.10459014355675,16.87360777204878,41.104586032558366,16.87294674119706,0.8746659653993301,0.08746659653993301,1.6478946681145026,0.05307778356975391,26.0,37.0
2_611,25654922,25756835#1,20,41.10527065176782,16.87092044157714,41.104557904589925,16.87075349430906,41.10428673559737,16.877531862648333,41.10433323843067,16.877513777059303,0.9184785455804803,0.045923927279024016,1.6478946681145026,0.027868241925662344,26.0,37.0
2_612,25654922,25756837#3,19,41.10527065176782,16.87092044157714,41.104557904589925,16.87075349430906,41.10277476335755,16.87778529520797,41.102969188850125,16.879273627171905,0.6100588822577521,0.03210836222409221,1.6478946681145026,0.019484474854712733,26.0,37.0
2_613,25654922,30002076#6,19,41.10527065176782,16.87092044157714,41.104557904589925,16.87075349430906,41.10877484203646,16.874159186639993,41.11248609314907,16.873643072909186,0.5871785971960346,0.030904136694528135,1.6478946681145026,0.018753708773078442,26.0,37.0
2_614,25654922,30002079#1,9,41.10527065176782,16.87092044157714,41.104557904589925,16.87075349430906,41.10693282053231,16.873500754386423,41.10640317013077,16.873601328210643,0.505056019302203,0.056117335478022556,1.6478946681145026,0.034053957794663664,26.0,37.0
2_615,25654922,30651489#1,30,41.10527065176782,16.87092044157714,41.104557904589925,16.87075349430906,41.10686700172243,16.87802885995844,41.10675372463437,16.87807636260086,0.8275241106189606,0.02758413702063202,1.6478946681145026,0.016739017095184484,26.0,37.0
2_616,25654922,325737262#5,12,41.10527065176782,16.87092044157714,41.104557904589925,16.87075349430906,41.10324733400062,16.87359019478166,41.102660798305045,16.873632821121205,0.5908121988252004,0.04923434990210003,1.6478946681145026,0.029877121914857134,26.0,37.0
2_617,25654922,49810913#5,17,41.10527065176782,16.87092044157714,41.104557904589925,16.87075349430906,41.10451407293564,16.87751035535627,41.10489776456013,16.87885407695273,0.6933880216336956,0.040787530684335035,1.6478946681145026,0.02475129719971941,26.0,37.0
2_618,25654922,559261510,32,41.10527065176782,16.87092044157714,41.104557904589925,16.87075349430906,41.10750236910344,16.877554656305445,41.10745023270787,16.87741550407253,0.7114237949002711,0.02223199359063347,1.6478946681145026,0.01349114965950524,26.0,37.0
2_619,256677977,-25634723,25,41.10456510973252,16.872477433605628,41.10450954428582,16.871651082575962,41.10781671041559,16.87181707243336,41.10771770975772,16.87321379705395,0.8411353702809228,0.03364541481123691,2.0949164022388542,0.01606050474151607,27.0,0.0
2_620,256677977,-256677977,2,41.10456510973252,16.872477433605628,41.10450954428582,16.871651082575962,41.10450954428582,16.871651082575962,41.10456510973252,16.872477433605628,0.9080624188877802,0.4540312094438901,2.0949164022388542,0.21672998930108295,27.0,0.0
2_621,256677977,-25748495,7,41.10456510973252,16.872477433605628,41.10450954428582,16.871651082575962,41.10353883851455,16.871655188195383,41.103515666810864,16.87044227855002,0.6603821829949185,0.09434031185641692,2.0949164022388542,0.045032972082129225,27.0,0.0
2_622,256677977,-316549013#0,17,41.10456510973252,16.872477433605628,41.10450954428582,16.871651082575962,41.10445259405902,16.876042926170484,41.10436880868841,16.875761886209244,0.5550424625699686,0.03264955662176286,2.0949164022388542,0.015585135801538435,27.0,0.0
2_623,256677977,-31951057,23,41.10456510973252,16.872477433605628,41.10450954428582,16.871651082575962,41.10836405905024,16.870571573316074,41.10880559118211,16.870655444350444,0.5735867903170891,0.024938556100743005,2.0949164022388542,0.011904320417793744,27.0,0.0
2_624,256677977,-608842788,17,41.10456510973252,16.872477433605628,41.10450954428582,16.871651082575962,41.10814243673671,16.874186571324426,41.10813805327221,16.874870976018755,0.8852492840681296,0.05207348729812527,2.0949164022388542,0.02485707173922258,27.0,0.0
2_625,256677977,1218701183#0,25,41.10456510973252,16.872477433605628,41.10450954428582,16.871651082575962,41.10724146966218,16.87742479905898,41.10720934823202,16.87762157039797,0.7858396071885689,0.03143358428754276,2.0949164022388542,0.0150046962513394,27.0,0.0
2_626,256677977,1219598856#0,17,41.10456510973252,16.872477433605628,41.10450954428582,16.871651082575962,41.105709425071495,16.87508434379606,41.10600946787193,16.875045247470027,0.9895616601957256,0.058209509423277975,2.0949164022388542,0.027786077459257562,27.0,0.0
2_627,256677977,1219606327,15,41.10456510973252,16.872477433605628,41.10450954428582,16.871651082575962,41.10712583087676,16.874581370472423,41.10710214853407,16.87435955003989,0.5198739412109041,0.03465826274739361,2.0949164022388542,0.016543983669397997,27.0,0.0
2_628,256677977,1219744683,27,41.10456510973252,16.872477433605628,41.10450954428582,16.871651082575962,41.10732110319105,16.8777613495144,41.10733798267452,16.877764688678635,0.5898673560370351,0.02184693911248278,2.0949164022388542,0.010428549363179732,27.0,0.0
2_629,256677977,1220606619#1,35,41.10456510973252,16.872477433605628,41.10450954428582,16.871651082575962,41.108816959023954,16.87701559688476,41.111533788969055,16.876450715532847,0.7090247983685914,0.020257851381959756,2.0949164022388542,0.00967000466477327,27.0,0.0
2_630,256677977,1236906100,29,41.10456510973252,16.872477433605628,41.10450954428582,16.871651082575962,41.107448933153655,16.877721763272344,41.10745580783001,16.877714456595747,0.5450253305799595,0.018793976916550326,2.0949164022388542,0.008971230019711073,27.0,0.0
2_631,256677977,25634153#2,17,41.10456510973252,16.872477433605628,41.10450954428582,16.871651082575962,41.10462013718466,16.876617630310452,41.10440468148953,16.876739151748147,0.8135036563718419,0.04785315625716717,2.0949164022388542,0.022842513527521247,27.0,0.0
2_632,256677977,25634742,8,41.10456510973252,16.872477433605628,41.10450954428582,16.871651082575962,41.10710990602856,16.87028076266512,41.10764547042224,16.87037051448248,0.8819196458478729,0.11023995573098411,2.0949164022388542,0.05262260375314727,27.0,0.0
2_633,256677977,25654863#0,3,41.10456510973252,16.872477433605628,41.10450954428582,16.871651082575962,41.10525531107702,16.871659522788697,41.10527065176782,16.87092044157714,0.7077242144918154,0.2359080714972718,2.0949164022388542,0.11260977824468553,27.0,0.0
2_634,256677977,25654904#0,9,41.10456510973252,16.872477433605628,41.10450954428582,16.871651082575962,41.10282219209128,16.8716118519074,41.10292908909263,16.8704487313222,0.7621425760507987,0.08468250845008875,2.0949164022388542,0.04042285809571583,27.0,0.0
2_635,256677977,25654922,4,41.10456510973252,16.872477433605628,41.10450954428582,16.871651082575962,41.10527065176782,16.87092044157714,41.104557904589925,16.87075349430906,0.6891946972174532,0.1722986743043633,2.0949164022388542,0.08224608586778274,27.0,0.0
2_636,256677977,25654933#2,9,41.10456510973252,16.872477433605628,41.10450954428582,16.871651082575962,41.103532900952686,16.872347479668893,41.10351474321344,16.8729158168811,0.9101561074056476,0.10112845637840528,2.0949164022388542,0.04827326583071691,27.0,0.0
2_637,256677977,25756473,9,41.10456510973252,16.872477433605628,41.10450954428582,16.871651082575962,41.10459014355675,16.87360777204878,41.104586032558366,16.87294674119706,0.8231210497182626,0.09145789441314028,2.0949164022388542,0.04365706159701575,27.0,0.0
2_638,256677977,25756835#1,19,41.10456510973252,16.872477433605628,41.10450954428582,16.871651082575962,41.10428673559737,16.877531862648333,41.10433323843067,16.877513777059303,0.6881271127461468,0.03621721646032351,2.0949164022388542,0.01728814401453818,27.0,0.0
2_639,256677977,25756837#3,18,41.10456510973252,16.872477433605628,41.10450954428582,16.871651082575962,41.10277476335755,16.87778529520797,41.102969188850125,16.879273627171905,0.9157459034198638,0.05087477241221466,2.0949164022388542,0.024284869963233077,27.0,0.0
2_640,256677977,30002076#6,18,41.10456510973252,16.872477433605628,41.10450954428582,16.871651082575962,41.10877484203646,16.874159186639993,41.11248609314907,16.873643072909186,0.5056189327394336,0.02808994070774631,2.0949164022388542,0.013408621307144458,27.0,0.0
2_641,256677977,30002079#1,8,41.10456510973252,16.872477433605628,41.10450954428582,16.871651082575962,41.10693282053231,16.873500754386423,41.10640317013077,16.873601328210643,0.7519430598228964,0.09399288247786206,2.0949164022388542,0.0448671280521796,27.0,0.0
2_642,256677977,30651489#1,29,41.10456510973252,16.872477433605628,41.10450954428582,16.871651082575962,41.10686700172243,16.87802885995844,41.10675372463437,16.87807636260086,0.784154379956598,0.02703980620539993,2.0949164022388542,0.01290734378541419,27.0,0.0
2_643,256677977,325737262#5,11,41.10456510973252,16.872477433605628,41.10450954428582,16.871651082575962,41.10324733400062,16.87359019478166,41.102660798305045,16.873632821121205,0.83228750379464,0.07566250034496727,2.0949164022388542,0.03611719315582528,27.0,0.0
2_644,256677977,49810913#5,16,41.10456510973252,16.872477433605628,41.10450954428582,16.871651082575962,41.10451407293564,16.87751035535627,41.10489776456013,16.87885407695273,0.6295703392498871,0.03934814620311795,2.0949164022388542,0.01878268085593595,27.0,0.0
2_645,256677977,559261510,31,41.10456510973252,16.872477433605628,41.10450954428582,16.871651082575962,41.10750236910344,16.877554656305445,41.10745023270787,16.87741550407253,0.7205565722270092,0.023243760394419652,2.0949164022388542,0.011095316438201951,27.0,0.0
2_646,25748495,-25634723,30,41.103515666810864,16.87044227855002,41.10353883851455,16.871655188195383,41.10781671041559,16.87181707243336,41.10771770975772,16.87321379705395,0.8648032324548756,0.02882677441516252,1.7085271935647073,0.016872294759919932,27.0,0.0
2_647,25748495,-256677977,7,41.103515666810864,16.87044227855002,41.10353883851455,16.871655188195383,41.10450954428582,16.871651082575962,41.10456510973252,16.872477433605628,0.5459607229716141,0.07799438899594487,1.7085271935647073,0.04565007176339741,27.0,0.0
2_648,25748495,-25748495,2,41.103515666810864,16.87044227855002,41.10353883851455,16.871655188195383,41.10353883851455,16.871655188195383,41.103515666810864,16.87044227855002,0.5296895184991197,0.26484475924955986,1.7085271935647073,0.1550134877847523,27.0,0.0
2_649,25748495,-316549013#0,22,41.103515666810864,16.87044227855002,41.10353883851455,16.871655188195383,41.10445259405902,16.876042926170484,41.10436880868841,16.875761886209244,0.6972436042187857,0.031692891100853895,1.7085271935647073,0.018549831234894877,27.0,0.0
2_650,25748495,-31951057,28,41.103515666810864,16.87044227855002,41.10353883851455,16.871655188195383,41.10836405905024,16.870571573316074,41.10880559118211,16.870655444350444,0.9974894803572731,0.03562462429847404,1.7085271935647073,0.02085107245155757,27.0,0.0
2_651,25748495,-608842788,22,41.103515666810864,16.87044227855002,41.10353883851455,16.871655188195383,41.10814243673671,16.874186571324426,41.10813805327221,16.874870976018755,0.6484295970470131,0.02947407259304605,1.7085271935647073,0.017251158017304202,27.0,0.0
2_652,25748495,1218701183#0,30,41.103515666810864,16.87044227855002,41.10353883851455,16.871655188195383,41.10724146966218,16.87742479905898,41.10720934823202,16.87762157039797,0.9413873780992403,0.03137957926997468,1.7085271935647073,0.018366449997499694,27.0,0.0
2_653,25748495,1219598856#0,22,41.103515666810864,16.87044227855002,41.10353883851455,16.871655188195383,41.105709425071495,16.87508434379606,41.10600946787193,16.875045247470027,0.9235437654977896,0.04197926206808135,1.7085271935647073,0.024570438343737993,27.0,0.0
2_654,25748495,1219606327,20,41.103515666810864,16.87044227855002,41.10353883851455,16.871655188195383,41.10712583087676,16.874581370472423,41.10710214853407,16.87435955003989,0.5948239392579644,0.02974119696289822,1.7085271935647073,0.01740750575988525,27.0,0.0
2_655,25748495,1219744683,32,41.103515666810864,16.87044227855002,41.10353883851455,16.871655188195383,41.10732110319105,16.8777613495144,41.10733798267452,16.877764688678635,0.6049100297161686,0.01890343842863027,1.7085271935647073,0.011064171819934417,27.0,0.0
2_656,25748495,1220606619#1,40,41.103515666810864,16.87044227855002,41.10353883851455,16.871655188195383,41.108816959023954,16.87701559688476,41.111533788969055,16.876450715532847,0.9295011246000549,0.023237528115001373,1.7085271935647073,0.013600912061878337,27.0,0.0
2_657,25748495,1236906100,34,41.103515666810864,16.87044227855002,41.10353883851455,16.871655188195383,41.107448933153655,16.877721763272344,41.10745580783001,16.877714456595747,0.9225516971875486,0.027133873446692606,1.7085271935647073,0.015881440780629263,27.0,0.0
2_658,25748495,25634153#2,22,41.103515666810864,16.87044227855002,41.10353883851455,16.871655188195383,41.10462013718466,16.876617630310452,41.10440468148953,16.876739151748147,0.5417280642268835,0.024624002919403795,1.7085271935647073,0.014412414980663991,27.0,0.0
2_659,25748495,25634742,13,41.103515666810864,16.87044227855002,41.10353883851455,16.871655188195383,41.10710990602856,16.87028076266512,41.10764547042224,16.87037051448248,0.9830718821267852,0.07562091400975271,1.7085271935647073,0.04426087819648667,27.0,0.0
2_660,25748495,25654863#0,8,41.103515666810864,16.87044227855002,41.10353883851455,16.871655188195383,41.10525531107702,16.871659522788697,41.10527065176782,16.87092044157714,0.7996213051219732,0.09995266314024664,1.7085271935647073,0.05850223719980909,27.0,0.0
2_661,25748495,25654904#0,4,41.103515666810864,16.87044227855002,41.10353883851455,16.871655188195383,41.10282219209128,16.8716118519074,41.10292908909263,16.8704487313222,0.6965559129819434,0.17413897824548585,1.7085271935647073,0.1019234454689355,27.0,0.0
2_662,25748495,25654922,9,41.103515666810864,16.87044227855002,41.10353883851455,16.871655188195383,41.10527065176782,16.87092044157714,41.104557904589925,16.87075349430906,0.8861049864115067,0.09845610960127851,1.7085271935647073,0.05762630525994591,27.0,0.0
2_663,25748495,25654933#2,4,41.103515666810864,16.87044227855002,41.10353883851455,16.871655188195383,41.103532900952686,16.872347479668893,41.10351474321344,16.8729158168811,0.8081933025754351,0.20204832564385877,1.7085271935647073,0.11825877071485229,27.0,0.0
2_664,25748495,25756473,14,41.103515666810864,16.87044227855002,41.10353883851455,16.871655188195383,41.10459014355675,16.87360777204878,41.104586032558366,16.87294674119706,0.5111508647376777,0.03651077605269126,1.7085271935647073,0.021369736572067317,27.0,0.0
2_665,25748495,25756835#1,24,41.103515666810864,16.87044227855002,41.10353883851455,16.871655188195383,41.10428673559737,16.877531862648333,41.10433323843067,16.877513777059303,0.5202587429989787,0.021677447624957442,1.7085271935647073,0.01268779783348321,27.0,0.0
2_666,25748495,25756837#3,23,41.103515666810864,16.87044227855002,41.10353883851455,16.871655188195383,41.10277476335755,16.87778529520797,41.102969188850125,16.879273627171905,0.973819627925194,0.04233998382283452,1.7085271935647073,0.02478156858276015,27.0,0.0
2_667,25748495,30002076#6,23,41.103515666810864,16.87044227855002,41.10353883851455,16.871655188195383,41.10877484203646,16.874159186639993,41.11248609314907,16.873643072909186,0.930533904782094,0.040457995860091044,1.7085271935647073,0.02368004209267435,27.0,0.0
2_668,25748495,30002079#1,13,41.103515666810864,16.87044227855002,41.10353883851455,16.871655188195383,41.10693282053231,16.873500754386423,41.10640317013077,16.873601328210643,0.6303010505536122,0.04848469619643171,1.7085271935647073,0.028378065259395853,27.0,0.0
2_669,25748495,30651489#1,34,41.103515666810864,16.87044227855002,41.10353883851455,16.871655188195383,41.10686700172243,16.87802885995844,41.10675372463437,16.87807636260086,0.5375841742229801,0.015811299241852355,1.7085271935647073,0.00925434450291852,27.0,0.0
2_670,25748495,325737262#5,6,41.103515666810864,16.87044227855002,41.10353883851455,16.871655188195383,41.10324733400062,16.87359019478166,41.102660798305045,16.873632821121205,0.7755989491782158,0.12926649152970263,1.7085271935647073,0.07565960437539088,27.0,0.0
2_671,25748495,49810913#5,21,41.103515666810864,16.87044227855002,41.10353883851455,16.871655188195383,41.10451407293564,16.87751035535627,41.10489776456013,16.87885407695273,0.6474592303390276,0.030831391920906077,1.7085271935647073,0.018045596252160793,27.0,0.0
2_672,25748495,559261510,36,41.103515666810864,16.87044227855002,41.10353883851455,16.871655188195383,41.10750236910344,16.877554656305445,41.10745023270787,16.87741550407253,0.9890542371921934,0.02747372881089426,1.7085271935647073,0.01608035793306426,27.0,0.0
2_673,30002079#3,-25634723,31,41.10597569211098,16.87360048646128,41.10505793879827,16.873610831591872,41.10781671041559,16.87181707243336,41.10771770975772,16.87321379705395,0.5512759370484408,0.01778309474349809,1.3629985650863434,0.013047038492202347,27.0,0.0
2_674,30002079#3,-256677977,18,41.10597569211098,16.87360048646128,41.10505793879827,16.873610831591872,41.10450954428582,16.871651082575962,41.10456510973252,16.872477433605628,0.7598939028249178,0.04221632793471765,1.3629985650863434,0.030973127203580968,27.0,0.0
2_675,30002079#3,-25748495,23,41.10597569211098,16.87360048646128,41.10505793879827,16.873610831591872,41.10353883851455,16.871655188195383,41.103515666810864,16.87044227855002,0.5499826370388712,0.02391228856690744,1.3629985650863434,0.017543883889116672,27.0,0.0
2_676,30002079#3,-316549013#0,12,41.10597569211098,16.87360048646128,41.10505793879827,16.873610831591872,41.10445259405902,16.876042926170484,41.10436880868841,16.875761886209244,0.8371949170566745,0.0697662430880562,1.3629985650863434,0.05118585219026745,27.0,0.0
2_677,30002079#3,-31951057,29,41.10597569211098,16.87360048646128,41.10505793879827,16.873610831591872,41.10836405905024,16.870571573316074,41.10880559118211,16.870655444350444,0.5273735166382355,0.018185293677180536,1.3629985650863434,0.013342122393231228,27.0,0.0
2_678,30002079#3,-608842788,12,41.10597569211098,16.87360048646128,41.10505793879827,16.873610831591872,41.10814243673671,16.874186571324426,41.10813805327221,16.874870976018755,0.5943339783933809,0.04952783153278174,1.3629985650863434,0.03633740548336105,27.0,0.0
2_679,30002079#3,1218701183#0,20,41.10597569211098,16.87360048646128,41.10505793879827,16.873610831591872,41.10724146966218,16.87742479905898,41.10720934823202,16.87762157039797,0.6235243591945552,0.03117621795972776,1.3629985650863434,0.02287325809308743,27.0,0.0
2_680,30002079#3,1219598856#0,12,41.10597569211098,16.87360048646128,41.10505793879827,16.873610831591872,41.105709425071495,16.87508434379606,41.10600946787193,16.875045247470027,0.500621473596651,0.04171845613305425,1.3629985650863434,0.030607850368801717,27.0,0.0
2_681,30002079#3,1219606327,10,41.10597569211098,16.87360048646128,41.10505793879827,16.873610831591872,41.10712583087676,16.874581370472423,41.10710214853407,16.87435955003989,0.9435901357580586,0.09435901357580587,1.3629985650863434,0.06922898966502462,27.0,0.0
2_682,30002079#3,1219744683,22,41.10597569211098,16.87360048646128,41.10505793879827,16.873610831591872,41.10732110319105,16.8777613495144,41.10733798267452,16.877764688678635,0.6505484613914301,0.02957038460870137,1.3629985650863434,0.02169509592024269,27.0,0.0
2_683,30002079#3,1220606619#1,30,41.10597569211098,16.87360048646128,41.10505793879827,16.873610831591872,41.108816959023954,16.87701559688476,41.111533788969055,16.876450715532847,0.889953906027271,0.029665130200909034,1.3629985650863434,0.021764608533560565,27.0,0.0
2_684,30002079#3,1236906100,24,41.10597569211098,16.87360048646128,41.10505793879827,16.873610831591872,41.107448933153655,16.877721763272344,41.10745580783001,16.877714456595747,0.5851546534346928,0.024381443893112198,1.3629985650863434,0.017888092121041727,27.0,0.0
2_685,30002079#3,25634153#2,12,41.10597569211098,16.87360048646128,41.10505793879827,16.873610831591872,41.10462013718466,16.876617630310452,41.10440468148953,16.876739151748147,0.9923634664081065,0.08269695553400887,1.3629985650863434,0.06067281188133178,27.0,0.0
2_686,30002079#3,25634742,14,41.10597569211098,16.87360048646128,41.10505793879827,16.873610831591872,41.10710990602856,16.87028076266512,41.10764547042224,16.87037051448248,0.5934992862268514,0.04239280615906082,1.3629985650863434,0.031102605127376132,27.0,0.0
2_687,30002079#3,25654863#0,17,41.10597569211098,16.87360048646128,41.10505793879827,16.873610831591872,41.10525531107702,16.871659522788697,41.10527065176782,16.87092044157714,0.5747496351851951,0.033808802069717356,1.3629985650863434,0.02480472315653218,27.0,0.0
2_688,30002079#3,25654904#0,25,41.10597569211098,16.87360048646128,41.10505793879827,16.873610831591872,41.10282219209128,16.8716118519074,41.10292908909263,16.8704487313222,0.624850756391296,0.024994030255651837,1.3629985650863434,0.018337532331935,27.0,0.0
2_689,30002079#3,25654922,18,41.10597569211098,16.87360048646128,41.10505793879827,16.873610831591872,41.10527065176782,16.87092044157714,41.104557904589925,16.87075349430906,0.5556723340776775,0.030870685226537634,1.3629985650863434,0.022649095910516996,27.0,0.0
2_690,30002079#3,25654933#2,25,41.10597569211098,16.87360048646128,41.10505793879827,16.873610831591872,41.103532900952686,16.872347479668893,41.10351474321344,16.8729158168811,0.9266614603045351,0.037066458412181404,1.3629985650863434,0.027194789020070106,27.0,0.0
2_691,30002079#3,25756473,4,41.10597569211098,16.87360048646128,41.10505793879827,16.873610831591872,41.10459014355675,16.87360777204878,41.104586032558366,16.87294674119706,0.7578720589082371,0.18946801472705926,1.3629985650863434,0.13900822758023726,27.0,0.0
2_692,30002079#3,25756835#1,14,41.10597569211098,16.87360048646128,41.10505793879827,16.873610831591872,41.10428673559737,16.877531862648333,41.10433323843067,16.877513777059303,0.5591133229173555,0.03993666592266825,1.3629985650863434,0.029300592785391773,27.0,0.0
2_693,30002079#3,25756837#3,13,41.10597569211098,16.87360048646128,41.10505793879827,16.873610831591872,41.10277476335755,16.87778529520797,41.102969188850125,16.879273627171905,0.9797730025292686,0.07536715404071297,1.3629985650863434,0.055295108866045356,27.0,0.0
2_694,30002079#3,30002076#6,13,41.10597569211098,16.87360048646128,41.10505793879827,16.873610831591872,41.10877484203646,16.874159186639993,41.11248609314907,16.873643072909186,0.5040632188178306,0.03877409375521774,1.3629985650863434,0.028447640920855607,27.0,0.0
2_695,30002079#3,30002079#1,11,41.10597569211098,16.87360048646128,41.10505793879827,16.873610831591872,41.10693282053231,16.873500754386423,41.10640317013077,16.873601328210643,0.7613512332381474,0.06921374847619521,1.3629985650863434,0.050780499883953036,27.0,0.0
2_696,30002079#3,30651489#1,24,41.10597569211098,16.87360048646128,41.10505793879827,16.873610831591872,41.10686700172243,16.87802885995844,41.10675372463437,16.87807636260086,0.8664837504552978,0.03610348960230407,1.3629985650863434,0.02648828144585536,27.0,0.0
2_697,30002079#3,325737262#5,8,41.10597569211098,16.87360048646128,41.10505793879827,16.873610831591872,41.10324733400062,16.87359019478166,41.102660798305045,16.873632821121205,0.6136053917970218,0.07670067397462772,1.3629985650863434,0.05627348108746459,27.0,0.0
2_698,30002079#3,49810913#5,11,41.10597569211098,16.87360048646128,41.10505793879827,16.873610831591872,41.10451407293564,16.87751035535627,41.10489776456013,16.87885407695273,0.8447561503751636,0.07679601367046943,1.3629985650863434,0.05634342958065003,27.0,0.0
2_699,30002079#3,559261510,26,41.10597569211098,16.87360048646128,41.10505793879827,16.873610831591872,41.10750236910344,16.877554656305445,41.10745023270787,16.87741550407253,0.9502284309824494,0.036547247345478824,1.3629985650863434,0.026813856068266383,27.0,0.0
2_700,30002085#1,-25634723,21,41.10705777040282,16.873831918407728,41.10693282053231,16.873500754386423,41.10781671041559,16.87181707243336,41.10771770975772,16.87321379705395,0.9088912809767173,0.04328053718936749,1.5525945199088993,0.027876265589232556,27.0,0.0
2_701,30002085#1,-256677977,8,41.10705777040282,16.873831918407728,41.10693282053231,16.873500754386423,41.10450954428582,16.871651082575962,41.10456510973252,16.872477433605628,0.9403160849494275,0.11753951061867844,1.5525945199088993,0.07570522059138482,27.0,0.0
2_702,30002085#1,-25748495,13,41.10705777040282,16.873831918407728,41.10693282053231,16.873500754386423,41.10353883851455,16.871655188195383,41.103515666810864,16.87044227855002,0.7732711825254177,0.05948239865580136,1.5525945199088993,0.03831161188131179,27.0,0.0
2_703,30002085#1,-316549013#0,17,41.10705777040282,16.873831918407728,41.10693282053231,16.873500754386423,41.10445259405902,16.876042926170484,41.10436880868841,16.875761886209244,0.5158611558666601,0.03034477387450942,1.5525945199088993,0.019544558147925155,27.0,0.0
2_704,30002085#1,-31951057,19,41.10705777040282,16.873831918407728,41.10693282053231,16.873500754386423,41.10836405905024,16.870571573316074,41.10880559118211,16.870655444350444,0.9413278144504501,0.04954356918160263,1.5525945199088993,0.03191017908816893,27.0,0.0
2_705,30002085#1,-608842788,17,41.10705777040282,16.873831918407728,41.10693282053231,16.873500754386423,41.10814243673671,16.874186571324426,41.10813805327221,16.874870976018755,0.6554474694846313,0.03855573349909596,1.5525945199088993,0.02483309905110207,27.0,0.0
2_706,30002085#1,1218701183#0,25,41.10705777040282,16.873831918407728,41.10693282053231,16.873500754386423,41.10724146966218,16.87742479905898,41.10720934823202,16.87762157039797,0.8282421856456106,0.03312968742582442,1.5525945199088993,0.02133827409603916,27.0,0.0
2_707,30002085#1,1219598856#0,17,41.10705777040282,16.873831918407728,41.10693282053231,16.873500754386423,41.105709425071495,16.87508434379606,41.10600946787193,16.875045247470027,0.7859871350653675,0.04623453735678633,1.5525945199088993,0.029778887381039582,27.0,0.0
2_708,30002085#1,1219606327,15,41.10705777040282,16.873831918407728,41.10693282053231,16.873500754386423,41.10712583087676,16.874581370472423,41.10710214853407,16.87435955003989,0.6196661252703207,0.04131107501802138,1.5525945199088993,0.0266077681508533,27.0,0.0
2_709,30002085#1,1219744683,27,41.10705777040282,16.873831918407728,41.10693282053231,16.873500754386423,41.10732110319105,16.8777613495144,41.10733798267452,16.877764688678635,0.6315709853408424,0.023391517975586754,1.5525945199088993,0.015066083047207513,27.0,0.0
2_710,30002085#1,1220606619#1,35,41.10705777040282,16.873831918407728,41.10693282053231,16.873500754386423,41.108816959023954,16.87701559688476,41.111533788969055,16.876450715532847,0.9358616460461433,0.02673890417274695,1.5525945199088993,0.017222078160056813,27.0,0.0
2_711,30002085#1,1236906100,29,41.10705777040282,16.873831918407728,41.10693282053231,16.873500754386423,41.107448933153655,16.877721763272344,41.10745580783001,16.877714456595747,0.5056399658820547,0.017435860892484646,1.5525945199088993,0.011230144554102716,27.0,0.0
2_712,30002085#1,25634153#2,17,41.10705777040282,16.873831918407728,41.10693282053231,16.873500754386423,41.10462013718466,16.876617630310452,41.10440468148953,16.876739151748147,0.9941500264400133,0.05847941332000078,1.5525945199088993,0.03766560590683531,27.0,0.0
2_713,30002085#1,25634742,4,41.10705777040282,16.873831918407728,41.10693282053231,16.873500754386423,41.10710990602856,16.87028076266512,41.10764547042224,16.87037051448248,0.6718174681959981,0.16795436704899952,1.5525945199088993,0.10817658113262855,27.0,0.0
2_714,30002085#1,25654863#0,7,41.10705777040282,16.873831918407728,41.10693282053231,16.873500754386423,41.10525531107702,16.871659522788697,41.10527065176782,16.87092044157714,0.595813419093199,0.08511620272759984,1.5525945199088993,0.05482191366525895,27.0,0.0
2_715,30002085#1,25654904#0,15,41.10705777040282,16.873831918407728,41.10693282053231,16.873500754386423,41.10282219209128,16.8716118519074,41.10292908909263,16.8704487313222,0.7544475515799658,0.05029650343866438,1.5525945199088993,0.0323951313712067,27.0,0.0
2_716,30002085#1,25654922,8,41.10705777040282,16.873831918407728,41.10693282053231,16.873500754386423,41.10527065176782,16.87092044157714,41.104557904589925,16.87075349430906,0.9494048284992873,0.11867560356241091,1.5525945199088993,0.07643695893591997,27.0,0.0
2_717,30002085#1,25654933#2,15,41.10705777040282,16.873831918407728,41.10693282053231,16.873500754386423,41.103532900952686,16.872347479668893,41.10351474321344,16.8729158168811,0.583054974308695,0.038870331620579665,1.5525945199088993,0.025035726406441545,27.0,0.0
2_718,30002085#1,25756473,9,41.10705777040282,16.873831918407728,41.10693282053231,16.873500754386423,41.10459014355675,16.87360777204878,41.104586032558366,16.87294674119706,0.7095249287362582,0.07883610319291758,1.5525945199088993,0.050777007249480303,27.0,0.0
2_719,30002085#1,25756835#1,19,41.10705777040282,16.873831918407728,41.10693282053231,16.873500754386423,41.10428673559737,16.877531862648333,41.10433323843067,16.877513777059303,0.993472392946357,0.05228802068138721,1.5525945199088993,0.03367783410987132,27.0,0.0
2_720,30002085#1,25756837#3,18,41.10705777040282,16.873831918407728,41.10693282053231,16.873500754386423,41.10277476335755,16.87778529520797,41.102969188850125,16.879273627171905,0.6820308850993311,0.03789060472774061,1.5525945199088993,0.024404700803635385,27.0,0.0
2_721,30002085#1,30002076#6,18,41.10705777040282,16.873831918407728,41.10693282053231,16.873500754386423,41.10877484203646,16.874159186639993,41.11248609314907,16.873643072909186,0.7958487089591482,0.044213817164397116,1.5525945199088993,0.02847737551398251,27.0,0.0
2_722,30002085#1,30002079#1,4,41.10705777040282,16.873831918407728,41.10693282053231,16.873500754386423,41.10693282053231,16.873500754386423,41.10640317013077,16.873601328210643,0.6873085000488466,0.17182712501221165,1.5525945199088993,0.11067095935794868,27.0,0.0
2_723,30002085#1,30651489#1,29,41.10705777040282,16.873831918407728,41.10693282053231,16.873500754386423,41.10686700172243,16.87802885995844,41.10675372463437,16.87807636260086,0.783543501654486,0.027018741436361588,1.5525945199088993,0.01740231663187047,27.0,0.0
2_724,30002085#1,325737262#5,17,41.10705777040282,16.873831918407728,41.10693282053231,16.873500754386423,41.10324733400062,16.87359019478166,41.102660798305045,16.873632821121205,0.6614390891537736,0.03890818171492786,1.5525945199088993,0.02506010501519151,27.0,0.0
2_725,30002085#1,49810913#5,16,41.10705777040282,16.873831918407728,41.10693282053231,16.873500754386423,41.10451407293564,16.87751035535627,41.10489776456013,16.87885407695273,0.5980761059963726,0.03737975662477329,1.5525945199088993,0.024075672138123096,27.0,0.0
2_726,30002085#1,559261510,31,41.10705777040282,16.873831918407728,41.10693282053231,16.873500754386423,41.10750236910344,16.877554656305445,41.10745023270787,16.87741550407253,0.5534008950380639,0.017851641775421416,1.5525945199088993,0.011497942023181227,27.0,0.0
2_727,30029568#0,-25634723,7,41.11248556592378,16.87351490858981,41.10916325490317,16.873914783172836,41.10781671041559,16.87181707243336,41.10771770975772,16.87321379705395,0.6590432861275719,0.0941490408753674,1.4400280094670912,0.0653800066779319,27.0,0.0
2_728,30029568#0,-256677977,15,41.11248556592378,16.87351490858981,41.10916325490317,16.873914783172836,41.10450954428582,16.871651082575962,41.10456510973252,16.872477433605628,0.9000394587332676,0.06000263058221784,1.4400280094670912,0.04166768298098793,27.0,0.0
2_729,30029568#0,-25748495,20,41.11248556592378,16.87351490858981,41.10916325490317,16.873914783172836,41.10353883851455,16.871655188195383,41.103515666810864,16.87044227855002,0.6822524254243894,0.034112621271219466,1.4400280094670912,0.023688859554782875,27.0,0.0
2_730,30029568#0,-316549013#0,21,41.11248556592378,16.87351490858981,41.10916325490317,16.873914783172836,41.10445259405902,16.876042926170484,41.10436880868841,16.875761886209244,0.9644746417102948,0.04592736389096642,1.4400280094670912,0.031893382343280034,27.0,0.0
2_731,30029568#0,-31951057,7,41.11248556592378,16.87351490858981,41.10916325490317,16.873914783172836,41.10836405905024,16.870571573316074,41.10880559118211,16.870655444350444,0.9825287217596332,0.14036124596566188,1.4400280094670912,0.09747119156217325,27.0,0.0
2_732,30029568#0,-608842788,6,41.11248556592378,16.87351490858981,41.10916325490317,16.873914783172836,41.10814243673671,16.874186571324426,41.10813805327221,16.874870976018755,0.7033032476623495,0.11721720794372492,1.4400280094670912,0.08139925555135785,27.0,0.0
2_733,30029568#0,1218701183#0,20,41.11248556592378,16.87351490858981,41.10916325490317,16.873914783172836,41.10724146966218,16.87742479905898,41.10720934823202,16.87762157039797,0.545175558564222,0.0272587779282111,1.4400280094670912,0.01892933869966787,27.0,0.0
2_734,30029568#0,1219598856#0,21,41.11248556592378,16.87351490858981,41.10916325490317,16.873914783172836,41.105709425071495,16.87508434379606,41.10600946787193,16.875045247470027,0.6097069463789686,0.029033664113284216,1.4400280094670912,0.020161874576334563,27.0,0.0
2_735,30029568#0,1219606327,10,41.11248556592378,16.87351490858981,41.10916325490317,16.873914783172836,41.10712583087676,16.874581370472423,41.10710214853407,16.87435955003989,0.8762467508307265,0.08762467508307265,1.4400280094670912,0.06084928522709761,27.0,0.0
2_736,30029568#0,1219744683,22,41.11248556592378,16.87351490858981,41.10916325490317,16.873914783172836,41.10732110319105,16.8777613495144,41.10733798267452,16.877764688678635,0.801748802618458,0.03644312739174809,1.4400280094670912,0.0253072351038745,27.0,0.0
2_737,30029568#0,1220606619#1,12,41.11248556592378,16.87351490858981,41.10916325490317,16.873914783172836,41.108816959023954,16.87701559688476,41.111533788969055,16.876450715532847,0.536919293795837,0.044743274482986414,1.4400280094670912,0.031071114026139313,27.0,0.0
2_738,30029568#0,1236906100,24,41.11248556592378,16.87351490858981,41.10916325490317,16.873914783172836,41.107448933153655,16.877721763272344,41.10745580783001,16.877714456595747,0.821267668071517,0.03421948616964654,1.4400280094670912,0.0237630698463359,27.0,0.0
2_739,30029568#0,25634153#2,21,41.11248556592378,16.87351490858981,41.10916325490317,16.873914783172836,41.10462013718466,16.876617630310452,41.10440468148953,16.876739151748147,0.6622075128059398,0.031533691085997136,1.4400280094670912,0.02189797064965893,27.0,0.0
2_740,30029568#0,25634742,11,41.11248556592378,16.87351490858981,41.10916325490317,16.873914783172836,41.10710990602856,16.87028076266512,41.10764547042224,16.87037051448248,0.5156582174167706,0.04687801976516097,1.4400280094670912,0.03255354719281401,27.0,0.0
2_741,30029568#0,25654863#0,14,41.11248556592378,16.87351490858981,41.10916325490317,16.873914783172836,41.10525531107702,16.871659522788697,41.10527065176782,16.87092044157714,0.8393146666108321,0.059951047615059434,1.4400280094670912,0.04163186217276803,27.0,0.0
2_742,30029568#0,25654904#0,22,41.11248556592378,16.87351490858981,41.10916325490317,16.873914783172836,41.10282219209128,16.8716118519074,41.10292908909263,16.8704487313222,0.9744399515917932,0.04429272507235424,1.4400280094670912,0.030758238576724335,27.0,0.0
2_743,30029568#0,25654922,15,41.11248556592378,16.87351490858981,41.10916325490317,16.873914783172836,41.10527065176782,16.87092044157714,41.104557904589925,16.87075349430906,0.5200562747551152,0.03467041831700768,1.4400280094670912,0.024076211079976217,27.0,0.0
2_744,30029568#0,25654933#2,22,41.11248556592378,16.87351490858981,41.10916325490317,16.873914783172836,41.103532900952686,16.872347479668893,41.10351474321344,16.8729158168811,0.5137614080302455,0.02335279127410207,1.4400280094670912,0.01621690072732974,27.0,0.0
2_745,30029568#0,25756473,13,41.11248556592378,16.87351490858981,41.10916325490317,16.873914783172836,41.10459014355675,16.87360777204878,41.104586032558366,16.87294674119706,0.7684596992705661,0.05911228455927432,1.4400280094670912,0.04104939915797187,27.0,0.0
2_746,30029568#0,25756835#1,23,41.11248556592378,16.87351490858981,41.10916325490317,16.873914783172836,41.10428673559737,16.877531862648333,41.10433323843067,16.877513777059303,0.8781734345632918,0.03818145367666486,1.4400280094670912,0.026514382654816978,27.0,0.0
2_747,30029568#0,25756837#3,22,41.11248556592378,16.87351490858981,41.10916325490317,16.873914783172836,41.10277476335755,16.87778529520797,41.102969188850125,16.879273627171905,0.5707509292923123,0.025943224058741467,1.4400280094670912,0.01801577739334545,27.0,0.0
2_748,30029568#0,30002076#6,7,41.11248556592378,16.87351490858981,41.10916325490317,16.873914783172836,41.10877484203646,16.874159186639993,41.11248609314907,16.873643072909186,0.8843543744068976,0.12633633920098536,1.4400280094670912,0.0877318624154668,27.0,0.0
2_749,30029568#0,30002079#1,8,41.11248556592378,16.87351490858981,41.10916325490317,16.873914783172836,41.10693282053231,16.873500754386423,41.10640317013077,16.873601328210643,0.7179468288712079,0.08974335360890098,1.4400280094670912,0.06232056114110736,27.0,0.0
2_750,30029568#0,30651489#1,24,41.11248556592378,16.87351490858981,41.10916325490317,16.873914783172836,41.10686700172243,16.87802885995844,41.10675372463437,16.87807636260086,0.5822771416379693,0.02426154756824872,1.4400280094670912,0.016847969212228833,27.0,0.0
2_751,30029568#0,325737262#5,17,41.11248556592378,16.87351490858981,41.10916325490317,16.873914783172836,41.10324733400062,16.87359019478166,41.102660798305045,16.873632821121205,0.5328493414185291,0.0313440789069723,1.4400280094670912,0.021766298086501632,27.0,0.0
2_752,30029568#0,49810913#5,20,41.11248556592378,16.87351490858981,41.10916325490317,16.873914783172836,41.10451407293564,16.87751035535627,41.10489776456013,16.87885407695273,0.5313167443339017,0.026565837216695087,1.4400280094670912,0.018448139232046093,27.0,0.0
2_753,30029568#0,559261510,26,41.11248556592378,16.87351490858981,41.10916325490317,16.873914783172836,41.10750236910344,16.877554656305445,41.10745023270787,16.87741550407253,0.6959701279133084,0.026768081842819553,1.4400280094670912,0.01858858415728009,27.0,0.0
2_754,30029568#2,-25634723,6,41.10916325490317,16.873914783172836,41.108799907038346,16.873969472771005,41.10781671041559,16.87181707243336,41.10771770975772,16.87321379705395,0.673013170199528,0.11216886169992132,1.6348116044468863,0.06861271439155948,27.0,0.0
2_755,30029568#2,-256677977,14,41.10916325490317,16.873914783172836,41.108799907038346,16.873969472771005,41.10450954428582,16.871651082575962,41.10456510973252,16.872477433605628,0.5676383086988082,0.0405455934784863,1.6348116044468863,0.024801385901713293,27.0,0.0
2_756,30029568#2,-25748495,19,41.10916325490317,16.873914783172836,41.108799907038346,16.873969472771005,41.10353883851455,16.871655188195383,41.103515666810864,16.87044227855002,0.7833696433697587,0.0412299812299873,1.6348116044468863,0.025220019920238354,27.0,0.0
2_757,30029568#2,-316549013#0,20,41.10916325490317,16.873914783172836,41.108799907038346,16.873969472771005,41.10445259405902,16.876042926170484,41.10436880868841,16.875761886209244,0.8812147710672944,0.044060738553364724,1.6348116044468863,0.02695156948575246,27.0,0.0
2_758,30029568#2,-31951057,6,41.10916325490317,16.873914783172836,41.108799907038346,16.873969472771005,41.10836405905024,16.870571573316074,41.10880559118211,16.870655444350444,0.8702576470505887,0.1450429411750981,1.6348116044468863,0.08872150208657907,27.0,0.0
2_759,30029568#2,-608842788,5,41.10916325490317,16.873914783172836,41.108799907038346,16.873969472771005,41.10814243673671,16.874186571324426,41.10813805327221,16.874870976018755,0.6254098854366388,0.12508197708732777,1.6348116044468863,0.0765115544488977,27.0,0.0
2_760,30029568#2,1218701183#0,19,41.10916325490317,16.873914783172836,41.108799907038346,16.873969472771005,41.10724146966218,16.87742479905898,41.10720934823202,16.87762157039797,0.8863873150518522,0.046651963950097484,1.6348116044468863,0.028536599460878838,27.0,0.0
2_761,30029568#2,1219598856#0,20,41.10916325490317,16.873914783172836,41.108799907038346,16.873969472771005,41.105709425071495,16.87508434379606,41.10600946787193,16.875045247470027,0.6624849377411559,0.0331242468870578,1.6348116044468863,0.02026181291896621,27.0,0.0
2_762,30029568#2,1219606327,9,41.10916325490317,16.873914783172836,41.108799907038346,16.873969472771005,41.10712583087676,16.874581370472423,41.10710214853407,16.87435955003989,0.862475682867712,0.09583063142974578,1.6348116044468863,0.05861876143347332,27.0,0.0
2_763,30029568#2,1219744683,21,41.10916325490317,16.873914783172836,41.108799907038346,16.873969472771005,41.10732110319105,16.8777613495144,41.10733798267452,16.877764688678635,0.7267124277988601,0.034605353704707624,1.6348116044468863,0.021167793041459246,27.0,0.0
2_764,30029568#2,1220606619#1,11,41.10916325490317,16.873914783172836,41.108799907038346,16.873969472771005,41.108816959023954,16.87701559688476,41.111533788969055,16.876450715532847,0.521319023020677,0.04739263845642518,1.6348116044468863,0.028989663596411627,27.0,0.0
2_765,30029568#2,1236906100,23,41.10916325490317,16.873914783172836,41.108799907038346,16.873969472771005,41.107448933153655,16.877721763272344,41.10745580783001,16.877714456595747,0.9785947440238162,0.04254759756625288,1.6348116044468863,0.02602599434119396,27.0,0.0
2_766,30029568#2,25634153#2,20,41.10916325490317,16.873914783172836,41.108799907038346,16.873969472771005,41.10462013718466,16.876617630310452,41.10440468148953,16.876739151748147,0.9089298989014386,0.045446494945071934,1.6348116044468863,0.027799224584320263,27.0,0.0
2_767,30029568#2,25634742,10,41.10916325490317,16.873914783172836,41.108799907038346,16.873969472771005,41.10710990602856,16.87028076266512,41.10764547042224,16.87037051448248,0.9670300276701254,0.09670300276701255,1.6348116044468863,0.059152383371862925,27.0,0.0
2_768,30029568#2,25654863#0,13,41.10916325490317,16.873914783172836,41.108799907038346,16.873969472771005,41.10525531107702,16.871659522788697,41.10527065176782,16.87092044157714,0.5563630602250226,0.042797158478847894,1.6348116044468863,0.026178648574817075,27.0,0.0
2_769,30029568#2,25654904#0,21,41.10916325490317,16.873914783172836,41.108799907038346,16.873969472771005,41.10282219209128,16.8716118519074,41.10292908909263,16.8704487313222,0.9553492531776295,0.04549282157988712,1.6348116044468863,0.027827562182786758,27.0,0.0
2_770,30029568#2,25654922,14,41.10916325490317,16.873914783172836,41.108799907038346,16.873969472771005,41.10527065176782,16.87092044157714,41.104557904589925,16.87075349430906,0.5168820375667428,0.036920145540481626,1.6348116044468863,0.022583731018335287,27.0,0.0
2_771,30029568#2,25654933#2,21,41.10916325490317,16.873914783172836,41.108799907038346,16.873969472771005,41.103532900952686,16.872347479668893,41.10351474321344,16.8729158168811,0.8595912912582957,0.04093291863134741,1.6348116044468863,0.02503830931956006,27.0,0.0
2_772,30029568#2,25756473,12,41.10916325490317,16.873914783172836,41.108799907038346,16.873969472771005,41.10459014355675,16.87360777204878,41.104586032558366,16.87294674119706,0.8132857979053777,0.06777381649211481,1.6348116044468863,0.04145665244102855,27.0,0.0
2_773,30029568#2,25756835#1,22,41.10916325490317,16.873914783172836,41.108799907038346,16.873969472771005,41.10428673559737,16.877531862648333,41.10433323843067,16.877513777059303,0.7193487502184599,0.03269767046447545,1.6348116044468863,0.020000879841771253,27.0,0.0
2_774,30029568#2,25756837#3,21,41.10916325490317,16.873914783172836,41.108799907038346,16.873969472771005,41.10277476335755,16.87778529520797,41.102969188850125,16.879273627171905,0.6058578258147966,0.028850372657847456,1.6348116044468863,0.017647521328678445,27.0,0.0
2_775,30029568#2,30002076#6,6,41.10916325490317,16.873914783172836,41.108799907038346,16.873969472771005,41.10877484203646,16.874159186639993,41.11248609314907,16.873643072909186,0.7099663920558605,0.11832773200931009,1.6348116044468863,0.0723800416436024,27.0,0.0
2_776,30029568#2,30002079#1,7,41.10916325490317,16.873914783172836,41.108799907038346,16.873969472771005,41.10693282053231,16.873500754386423,41.10640317013077,16.873601328210643,0.7027611063736594,0.10039444376766563,1.6348116044468863,0.06141040563608708,27.0,0.0
2_777,30029568#2,30651489#1,23,41.10916325490317,16.873914783172836,41.108799907038346,16.873969472771005,41.10686700172243,16.87802885995844,41.10675372463437,16.87807636260086,0.9996850810636515,0.04346456874189789,1.6348116044468863,0.026586897611730293,27.0,0.0
2_778,30029568#2,325737262#5,16,41.10916325490317,16.873914783172836,41.108799907038346,16.873969472771005,41.10324733400062,16.87359019478166,41.102660798305045,16.873632821121205,0.9784502398230918,0.061153139988943235,1.6348116044468863,0.03740684236801308,27.0,0.0
2_779,30029568#2,49810913#5,19,41.10916325490317,16.873914783172836,41.108799907038346,16.873969472771005,41.10451407293564,16.87751035535627,41.10489776456013,16.87885407695273,0.7048624735294529,0.03709802492260278,1.6348116044468863,0.022692538284956897,27.0,0.0
2_780,30029568#2,559261510,25,41.10916325490317,16.873914783172836,41.108799907038346,16.873969472771005,41.10750236910344,16.877554656305445,41.10745023270787,16.87741550407253,0.7119192060227073,0.028476768240908293,1.6348116044468863,0.01741899076532612,27.0,0.0
2_781,30029568#3,-25634723,5,41.108799907038346,16.873969472771005,41.10814687352468,16.87402461599708,41.10781671041559,16.87181707243336,41.10771770975772,16.87321379705395,0.9881631274376104,0.19763262548752208,1.902882799250951,0.10385958902214998,27.0,0.0
2_782,30029568#3,-256677977,13,41.108799907038346,16.873969472771005,41.10814687352468,16.87402461599708,41.10450954428582,16.871651082575962,41.10456510973252,16.872477433605628,0.7065333818773287,0.05434872168287144,1.902882799250951,0.02856125543005866,27.0,0.0
2_783,30029568#3,-25748495,18,41.108799907038346,16.873969472771005,41.10814687352468,16.87402461599708,41.10353883851455,16.871655188195383,41.103515666810864,16.87044227855002,0.5306407291152108,0.029480040506400598,1.902882799250951,0.015492304895501232,27.0,0.0
2_784,30029568#3,-316549013#0,19,41.108799907038346,16.873969472771005,41.10814687352468,16.87402461599708,41.10445259405902,16.876042926170484,41.10436880868841,16.875761886209244,0.9679224817326002,0.05094328851224211,1.902882799250951,0.026771637503000913,27.0,0.0
2_785,30029568#3,-31951057,5,41.108799907038346,16.873969472771005,41.10814687352468,16.87402461599708,41.10836405905024,16.870571573316074,41.10880559118211,16.870655444350444,0.9765690365763786,0.19531380731527573,1.902882799250951,0.10264100731382872,27.0,0.0
2_786,30029568#3,-608842788,4,41.108799907038346,16.873969472771005,41.10814687352468,16.87402461599708,41.10814243673671,16.874186571324426,41.10813805327221,16.874870976018755,0.7207461101280777,0.1801865275320194,1.902882799250951,0.09469134284200155,27.0,0.0
2_787,30029568#3,1218701183#0,18,41.108799907038346,16.873969472771005,41.10814687352468,16.87402461599708,41.10724146966218,16.87742479905898,41.10720934823202,16.87762157039797,0.6459322682559918,0.035885126014221766,1.902882799250951,0.018858295439081983,27.0,0.0
2_788,30029568#3,1219598856#0,19,41.108799907038346,16.873969472771005,41.10814687352468,16.87402461599708,41.105709425071495,16.87508434379606,41.10600946787193,16.875045247470027,0.9249822914589529,0.04868327849783963,1.902882799250951,0.025583960566043937,27.0,0.0
2_789,30029568#3,1219606327,8,41.108799907038346,16.873969472771005,41.10814687352468,16.87402461599708,41.10712583087676,16.874581370472423,41.10710214853407,16.87435955003989,0.7028859464499038,0.08786074330623797,1.902882799250951,0.04617244075190726,27.0,0.0
2_790,30029568#3,1219744683,20,41.108799907038346,16.873969472771005,41.10814687352468,16.87402461599708,41.10732110319105,16.8777613495144,41.10733798267452,16.877764688678635,0.6752390891573349,0.03376195445786675,1.902882799250951,0.01774252963511824,27.0,0.0
2_791,30029568#3,1220606619#1,10,41.108799907038346,16.873969472771005,41.10814687352468,16.87402461599708,41.108816959023954,16.87701559688476,41.111533788969055,16.876450715532847,0.7183451070782649,0.0718345107078265,1.902882799250951,0.037750359999104185,27.0,0.0
2_792,30029568#3,1236906100,22,41.108799907038346,16.873969472771005,41.10814687352468,16.87402461599708,41.107448933153655,16.877721763272344,41.10745580783001,16.877714456595747,0.7366372324420742,0.03348351056554883,1.902882799250951,0.01759620223522397,27.0,0.0
2_793,30029568#3,25634153#2,19,41.108799907038346,16.873969472771005,41.10814687352468,16.87402461599708,41.10462013718466,16.876617630310452,41.10440468148953,16.876739151748147,0.5611852072246379,0.029536063538138837,1.902882799250951,0.01552174603173952,27.0,0.0
2_794,30029568#3,25634742,9,41.108799907038346,16.873969472771005,41.10814687352468,16.87402461599708,41.10710990602856,16.87028076266512,41.10764547042224,16.87037051448248,0.9803479084884434,0.10892754538760482,1.902882799250951,0.05724343371566707,27.0,0.0
2_795,30029568#3,25654863#0,12,41.108799907038346,16.873969472771005,41.10814687352468,16.87402461599708,41.10525531107702,16.871659522788697,41.10527065176782,16.87092044157714,0.5349869191027374,0.04458224325856145,1.902882799250951,0.02342879092506946,27.0,0.0
2_796,30029568#3,25654904#0,20,41.108799907038346,16.873969472771005,41.10814687352468,16.87402461599708,41.10282219209128,16.8716118519074,41.10292908909263,16.8704487313222,0.5749430449236612,0.02874715224618306,1.902882799250951,0.015107158600361024,27.0,0.0
2_797,30029568#3,25654922,13,41.108799907038346,16.873969472771005,41.10814687352468,16.87402461599708,41.10527065176782,16.87092044157714,41.104557904589925,16.87075349430906,0.6191379950440168,0.04762599961877052,1.902882799250951,0.025028341018962376,27.0,0.0
2_798,30029568#3,25654933#2,20,41.108799907038346,16.873969472771005,41.10814687352468,16.87402461599708,41.103532900952686,16.872347479668893,41.10351474321344,16.8729158168811,0.6018775836923485,0.030093879184617423,1.902882799250951,0.01581488844003611,27.0,0.0
2_799,30029568#3,25756473,11,41.108799907038346,16.873969472771005,41.10814687352468,16.87402461599708,41.10459014355675,16.87360777204878,41.104586032558366,16.87294674119706,0.5392217743002277,0.049020161300020695,1.902882799250951,0.025760998690679715,27.0,0.0
2_800,30029568#3,25756835#1,21,41.108799907038346,16.873969472771005,41.10814687352468,16.87402461599708,41.10428673559737,16.877531862648333,41.10433323843067,16.877513777059303,0.9690897984196579,0.04614713325807895,1.902882799250951,0.024251169476251645,27.0,0.0
2_801,30029568#3,25756837#3,20,41.108799907038346,16.873969472771005,41.10814687352468,16.87402461599708,41.10277476335755,16.87778529520797,41.102969188850125,16.879273627171905,0.8048814606674084,0.04024407303337042,1.902882799250951,0.021149002476249228,27.0,0.0
2_802,30029568#3,30002076#6,5,41.108799907038346,16.873969472771005,41.10814687352468,16.87402461599708,41.10877484203646,16.874159186639993,41.11248609314907,16.873643072909186,0.6827694169587866,0.1365538833917573,1.902882799250951,0.0717615837641237,27.0,0.0
2_803,30029568#3,30002079#1,6,41.108799907038346,16.873969472771005,41.10814687352468,16.87402461599708,41.10693282053231,16.873500754386423,41.10640317013077,16.873601328210643,0.9339789621843233,0.15566316036405387,1.902882799250951,0.08180386118647401,27.0,0.0
2_804,30029568#3,30651489#1,22,41.108799907038346,16.873969472771005,41.10814687352468,16.87402461599708,41.10686700172243,16.87802885995844,41.10675372463437,16.87807636260086,0.6502261876967579,0.029555735804398086,1.902882799250951,0.015532084170413638,27.0,0.0
2_805,30029568#3,325737262#5,15,41.108799907038346,16.873969472771005,41.10814687352468,16.87402461599708,41.10324733400062,16.87359019478166,41.102660798305045,16.873632821121205,0.7332474862312297,0.048883165748748646,1.902882799250951,0.02568900500230018,27.0,0.0
2_806,30029568#3,49810913#5,18,41.108799907038346,16.873969472771005,41.10814687352468,16.87402461599708,41.10451407293564,16.87751035535627,41.10489776456013,16.87885407695273,0.9678047438880546,0.05376693021600303,1.902882799250951,0.028255513286035167,27.0,0.0
2_807,30029568#3,559261510,24,41.108799907038346,16.873969472771005,41.10814687352468,16.87402461599708,41.10750236910344,16.877554656305445,41.10745023270787,16.87741550407253,0.8189169195545023,0.034121538314770924,1.902882799250951,0.017931497582616487,27.0,0.0
2_808,30701607#1,-25634723,33,41.10267213491131,16.870408214876715,41.10255940602009,16.871592123455162,41.10781671041559,16.87181707243336,41.10771770975772,16.87321379705395,0.8932885767565794,0.027069350810805436,1.418924712574038,0.01907736934238009,27.0,0.0
2_809,30701607#1,-256677977,10,41.10267213491131,16.870408214876715,41.10255940602009,16.871592123455162,41.10450954428582,16.871651082575962,41.10456510973252,16.872477433605628,0.9742151492498707,0.09742151492498707,1.418924712574038,0.06865869207976298,27.0,0.0
2_810,30701607#1,-25748495,5,41.10267213491131,16.870408214876715,41.10255940602009,16.871592123455162,41.10353883851455,16.871655188195383,41.103515666810864,16.87044227855002,0.7235133383416329,0.1447026676683266,1.418924712574038,0.10198051128859746,27.0,0.0
2_811,30701607#1,-316549013#0,25,41.10267213491131,16.870408214876715,41.10255940602009,16.871592123455162,41.10445259405902,16.876042926170484,41.10436880868841,16.875761886209244,0.6038562090877243,0.024154248363508973,1.418924712574038,0.01702292457764818,27.0,0.0
2_812,30701607#1,-31951057,31,41.10267213491131,16.870408214876715,41.10255940602009,16.871592123455162,41.10836405905024,16.870571573316074,41.10880559118211,16.870655444350444,0.7362489288024223,0.02374996544523943,1.418924712574038,0.016738002541484512,27.0,0.0
2_813,30701607#1,-608842788,25,41.10267213491131,16.870408214876715,41.10255940602009,16.871592123455162,41.10814243673671,16.874186571324426,41.10813805327221,16.874870976018755,0.5562565652509821,0.022250262610039286,1.418924712574038,0.0156810734303694,27.0,0.0
2_814,30701607#1,1218701183#0,33,41.10267213491131,16.870408214876715,41.10255940602009,16.871592123455162,41.10724146966218,16.87742479905898,41.10720934823202,16.87762157039797,0.8753455186420891,0.026525621777033003,1.418924712574038,0.01869417139751798,27.0,0.0
2_815,30701607#1,1219598856#0,25,41.10267213491131,16.870408214876715,41.10255940602009,16.871592123455162,41.105709425071495,16.87508434379606,41.10600946787193,16.875045247470027,0.510323496146295,0.0204129398458518,1.418924712574038,0.014386203626562514,27.0,0.0
2_816,30701607#1,1219606327,23,41.10267213491131,16.870408214876715,41.10255940602009,16.871592123455162,41.10712583087676,16.874581370472423,41.10710214853407,16.87435955003989,0.6721831965250603,0.029225356370654796,1.418924712574038,0.02059683372321972,27.0,0.0
2_817,30701607#1,1219744683,35,41.10267213491131,16.870408214876715,41.10255940602009,16.871592123455162,41.10732110319105,16.8777613495144,41.10733798267452,16.877764688678635,0.9722542499610549,0.02777869285603014,1.418924712574038,0.01957728455207286,27.0,0.0
2_818,30701607#1,1220606619#1,43,41.10267213491131,16.870408214876715,41.10255940602009,16.871592123455162,41.108816959023954,16.87701559688476,41.111533788969055,16.876450715532847,0.5000018018277211,0.011627948879714444,1.418924712574038,0.008194901939948917,27.0,0.0
2_819,30701607#1,1236906100,37,41.10267213491131,16.870408214876715,41.10255940602009,16.871592123455162,41.107448933153655,16.877721763272344,41.10745580783001,16.877714456595747,0.7115248671338754,0.019230401814429067,1.418924712574038,0.013552799273996465,27.0,0.0
2_820,30701607#1,25634153#2,25,41.10267213491131,16.870408214876715,41.10255940602009,16.871592123455162,41.10462013718466,16.876617630310452,41.10440468148953,16.876739151748147,0.9073995576982972,0.036295982307931886,1.418924712574038,0.02557992117995337,27.0,0.0
2_821,30701607#1,25634742,16,41.10267213491131,16.870408214876715,41.10255940602009,16.871592123455162,41.10710990602856,16.87028076266512,41.10764547042224,16.87037051448248,0.5227717657474733,0.03267323535921708,1.418924712574038,0.02302675756485017,27.0,0.0
2_822,30701607#1,25654863#0,11,41.10267213491131,16.870408214876715,41.10255940602009,16.871592123455162,41.10525531107702,16.871659522788697,41.10527065176782,16.87092044157714,0.8256184290345032,0.07505622082131848,1.418924712574038,0.052896549165854435,27.0,0.0
2_823,30701607#1,25654904#0,3,41.10267213491131,16.870408214876715,41.10255940602009,16.871592123455162,41.10282219209128,16.8716118519074,41.10292908909263,16.8704487313222,0.9190507138172372,0.30635023793907906,1.418924712574038,0.2159030956500407,27.0,0.0
2_824,30701607#1,25654922,12,41.10267213491131,16.870408214876715,41.10255940602009,16.871592123455162,41.10527065176782,16.87092044157714,41.104557904589925,16.87075349430906,0.6432041575731591,0.05360034646442992,1.418924712574038,0.03777532802793658,27.0,0.0
2_825,30701607#1,25654933#2,7,41.10267213491131,16.870408214876715,41.10255940602009,16.871592123455162,41.103532900952686,16.872347479668893,41.10351474321344,16.8729158168811,0.5026213559356905,0.07180305084795578,1.418924712574038,0.05060384826034889,27.0,0.0
2_826,30701607#1,25756473,17,41.10267213491131,16.870408214876715,41.10255940602009,16.871592123455162,41.10459014355675,16.87360777204878,41.104586032558366,16.87294674119706,0.5080822290857531,0.02988718994622077,1.418924712574038,0.021063266910055514,27.0,0.0
2_827,30701607#1,25756835#1,16,41.10267213491131,16.870408214876715,41.10255940602009,16.871592123455162,41.10428673559737,16.877531862648333,41.10433323843067,16.877513777059303,0.835213116577312,0.052200819786082,1.418924712574038,0.03678899896766596,27.0,0.0
2_828,30701607#1,25756837#3,15,41.10267213491131,16.870408214876715,41.10255940602009,16.871592123455162,41.10277476335755,16.87778529520797,41.102969188850125,16.879273627171905,0.8692834409600712,0.05795222939733807,1.418924712574038,0.040842356809903106,27.0,0.0
2_829,30701607#1,30002076#6,26,41.10267213491131,16.870408214876715,41.10255940602009,16.871592123455162,41.10877484203646,16.874159186639993,41.11248609314907,16.873643072909186,0.7553179172923614,0.029050689126629288,1.418924712574038,0.020473735406249367,27.0,0.0
2_830,30701607#1,30002079#1,16,41.10267213491131,16.870408214876715,41.10255940602009,16.871592123455162,41.10693282053231,16.873500754386423,41.10640317013077,16.873601328210643,0.9079225692545887,0.056745160578411794,1.418924712574038,0.0399916641634014,27.0,0.0
2_831,30701607#1,30651489#1,37,41.10267213491131,16.870408214876715,41.10255940602009,16.871592123455162,41.10686700172243,16.87802885995844,41.10675372463437,16.87807636260086,0.9412772095321582,0.025439924581950223,1.418924712574038,0.01792901649855703,27.0,0.0
2_832,30701607#1,325737262#5,7,41.10267213491131,16.870408214876715,41.10255940602009,16.871592123455162,41.10324733400062,16.87359019478166,41.102660798305045,16.873632821121205,0.5369602530804898,0.07670860758292711,1.418924712574038,0.05406108365240311,27.0,0.0
2_833,30701607#1,49810913#5,24,41.10267213491131,16.870408214876715,41.10255940602009,16.871592123455162,41.10451407293564,16.87751035535627,41.10489776456013,16.87885407695273,0.5591571617448563,0.023298215072702345,1.418924712574038,0.01641962738843106,27.0,0.0
2_834,30701607#1,559261510,39,41.10267213491131,16.870408214876715,41.10255940602009,16.871592123455162,41.10750236910344,16.877554656305445,41.10745023270787,16.87741550407253,0.6908394244137406,0.017713831395224117,1.418924712574038,0.012483982580788144,27.0,0.0
2_835,30705586#5,-25634723,48,41.10652089382636,16.876334866043567,41.10710630189211,16.87604631348818,41.10781671041559,16.87181707243336,41.10771770975772,16.87321379705395,0.9357637756281847,0.019495078658920514,0.8177300270013868,0.02384048281852741,27.0,0.0
2_836,30705586#5,-256677977,35,41.10652089382636,16.876334866043567,41.10710630189211,16.87604631348818,41.10450954428582,16.871651082575962,41.10456510973252,16.872477433605628,0.618002372503315,0.017657210642951858,0.8177300270013868,0.02159295862926887,27.0,0.0
2_837,30705586#5,-25748495,40,41.10652089382636,16.876334866043567,41.10710630189211,16.87604631348818,41.10353883851455,16.871655188195383,41.103515666810864,16.87044227855002,0.7216756004457114,0.018041890011142786,0.8177300270013868,0.022063382064252107,27.0,0.0
2_838,30705586#5,-316549013#0,41,41.10652089382636,16.876334866043567,41.10710630189211,16.87604631348818,41.10445259405902,16.876042926170484,41.10436880868841,16.875761886209244,0.992211417973847,0.024200278487167003,0.8177300270013868,0.029594459892721983,27.0,0.0
2_839,30705586#5,-31951057,46,41.10652089382636,16.876334866043567,41.10710630189211,16.87604631348818,41.10836405905024,16.870571573316074,41.10880559118211,16.870655444350444,0.5666812892373956,0.012319158461682512,0.8177300270013868,0.015065067999100906,27.0,0.0
2_840,30705586#5,-608842788,28,41.10652089382636,16.876334866043567,41.10710630189211,16.87604631348818,41.10814243673671,16.874186571324426,41.10813805327221,16.874870976018755,0.6207605954342881,0.02217002126551029,0.8177300270013868,0.027111663426140388,27.0,0.0
2_841,30705586#5,1218701183#0,8,41.10652089382636,16.876334866043567,41.10710630189211,16.87604631348818,41.10724146966218,16.87742479905898,41.10720934823202,16.87762157039797,0.7235902318174569,0.0904487789771821,0.8177300270013868,0.1106095850593349,27.0,0.0
2_842,30705586#5,1219598856#0,41,41.10652089382636,16.876334866043567,41.10710630189211,16.87604631348818,41.105709425071495,16.87508434379606,41.10600946787193,16.875045247470027,0.8937159734169491,0.0217979505711451,0.8177300270013868,0.026656659106769152,27.0,0.0
2_843,30705586#5,1219606327,24,41.10652089382636,16.876334866043567,41.10710630189211,16.87604631348818,41.10712583087676,16.874581370472423,41.10710214853407,16.87435955003989,0.8896991022482387,0.037070795927009945,0.8177300270013868,0.04533378340397799,27.0,0.0
2_844,30705586#5,1219744683,10,41.10652089382636,16.876334866043567,41.10710630189211,16.87604631348818,41.10732110319105,16.8777613495144,41.10733798267452,16.877764688678635,0.6826012418587387,0.06826012418587388,0.8177300270013868,0.0834751347412098,27.0,0.0
2_845,30705586#5,1220606619#1,18,41.10652089382636,16.876334866043567,41.10710630189211,16.87604631348818,41.108816959023954,16.87701559688476,41.111533788969055,16.876450715532847,0.6655729407137423,0.036976274484096794,0.8177300270013868,0.04521819336840139,27.0,0.0
2_846,30705586#5,1236906100,12,41.10652089382636,16.876334866043567,41.10710630189211,16.87604631348818,41.107448933153655,16.877721763272344,41.10745580783001,16.877714456595747,0.5678154861235926,0.04731795717696605,0.8177300270013868,0.05786501120728174,27.0,0.0
2_847,30705586#5,25634153#2,41,41.10652089382636,16.876334866043567,41.10710630189211,16.87604631348818,41.10462013718466,16.876617630310452,41.10440468148953,16.876739151748147,0.7992039917931455,0.019492780287637696,0.8177300270013868,0.023837672146047584,27.0,0.0
2_848,30705586#5,25634742,31,41.10652089382636,16.876334866043567,41.10710630189211,16.87604631348818,41.10710990602856,16.87028076266512,41.10764547042224,16.87037051448248,0.9632727443828211,0.03107331433492971,0.8177300270013868,0.0379994782004954,27.0,0.0
2_849,30705586#5,25654863#0,34,41.10652089382636,16.876334866043567,41.10710630189211,16.87604631348818,41.10525531107702,16.871659522788697,41.10527065176782,16.87092044157714,0.7815332370020924,0.02298627167653213,0.8177300270013868,0.02810985400746835,27.0,0.0
2_850,30705586#5,25654904#0,42,41.10652089382636,16.876334866043567,41.10710630189211,16.87604631348818,41.10282219209128,16.8716118519074,41.10292908909263,16.8704487313222,0.7840052738737673,0.018666792235089696,0.8177300270013868,0.022827573427309206,27.0,0.0
2_851,30705586#5,25654922,35,41.10652089382636,16.876334866043567,41.10710630189211,16.87604631348818,41.10527065176782,16.87092044157714,41.104557904589925,16.87075349430906,0.7218494586958815,0.020624270248453754,0.8177300270013868,0.02522136838252459,27.0,0.0
2_852,30705586#5,25654933#2,42,41.10652089382636,16.876334866043567,41.10710630189211,16.87604631348818,41.103532900952686,16.872347479668893,41.10351474321344,16.8729158168811,0.9480949706240414,0.022573689776762888,0.8177300270013868,0.02760530863656864,27.0,0.0
2_853,30705586#5,25756473,33,41.10652089382636,16.876334866043567,41.10710630189211,16.87604631348818,41.10459014355675,16.87360777204878,41.104586032558366,16.87294674119706,0.8228046597198561,0.024933474536965337,0.8177300270013868,0.030491083503924033,27.0,0.0
2_854,30705586#5,25756835#1,43,41.10652089382636,16.876334866043567,41.10710630189211,16.87604631348818,41.10428673559737,16.877531862648333,41.10433323843067,16.877513777059303,0.9203865982118438,0.02140433949329869,0.8177300270013868,0.026175313106439703,27.0,0.0
2_855,30705586#5,25756837#3,42,41.10652089382636,16.876334866043567,41.10710630189211,16.87604631348818,41.10277476335755,16.87778529520797,41.102969188850125,16.879273627171905,0.6610964874879934,0.01574039255923794,0.8177300270013868,0.019248886600089648,27.0,0.0
2_856,30705586#5,30002076#6,29,41.10652089382636,16.876334866043567,41.10710630189211,16.87604631348818,41.10877484203646,16.874159186639993,41.11248609314907,16.873643072909186,0.7260203267380636,0.025035183680622883,0.8177300270013868,0.030615463360721653,27.0,0.0
2_857,30705586#5,30002079#1,28,41.10652089382636,16.876334866043567,41.10710630189211,16.87604631348818,41.10693282053231,16.873500754386423,41.10640317013077,16.873601328210643,0.5668317438527533,0.020243990851884042,0.8177300270013868,0.024756325661806366,27.0,0.0
2_858,30705586#5,30651489#1,12,41.10652089382636,16.876334866043567,41.10710630189211,16.87604631348818,41.10686700172243,16.87802885995844,41.10675372463437,16.87807636260086,0.6582915993242502,0.05485763327702085,0.8177300270013868,0.06708526220833984,27.0,0.0
2_859,30705586#5,325737262#5,37,41.10652089382636,16.876334866043567,41.10710630189211,16.87604631348818,41.10324733400062,16.87359019478166,41.102660798305045,16.873632821121205,0.9277171515197729,0.02507343652756143,0.8177300270013868,0.030662242671344278,27.0,0.0
2_860,30705586#5,49810913#5,40,41.10652089382636,16.876334866043567,41.10710630189211,16.87604631348818,41.10451407293564,16.87751035535627,41.10489776456013,16.87885407695273,0.5435967109430727,0.013589917773576819,0.8177300270013868,0.016619076375868208,27.0,0.0
2_861,30705586#5,559261510,14,41.10652089382636,16.876334866043567,41.10710630189211,16.87604631348818,41.10750236910344,16.877554656305445,41.10745023270787,16.87741550407253,0.9195062924902961,0.065679020892164,0.8177300270013868,0.08031870999406583,27.0,0.0
2_862,30705618#0,-25634723,46,41.1065950847197,16.878149366716112,41.10655156385892,16.877890659887314,41.10781671041559,16.87181707243336,41.10771770975772,16.87321379705395,0.5714742371886024,0.01242335298236092,0.9566178471345972,0.012986745981766051,28.0,0.0
2_863,30705618#0,-256677977,33,41.1065950847197,16.878149366716112,41.10655156385892,16.877890659887314,41.10450954428582,16.871651082575962,41.10456510973252,16.872477433605628,0.968478494482488,0.029347833166136,0.9566178471345972,0.030678743088520623,28.0,0.0
2_864,30705618#0,-25748495,38,41.1065950847197,16.878149366716112,41.10655156385892,16.877890659887314,41.10353883851455,16.871655188195383,41.103515666810864,16.87044227855002,0.8270704132350213,0.021765010874605823,0.9566178471345972,0.02275204350389196,28.0,0.0
2_865,30705618#0,-316549013#0,39,41.1065950847197,16.878149366716112,41.10655156385892,16.877890659887314,41.10445259405902,16.876042926170484,41.10436880868841,16.875761886209244,0.9811750979443552,0.025158335844727056,0.9566178471345972,0.026299254106626813,28.0,0.0
2_866,30705618#0,-31951057,44,41.1065950847197,16.878149366716112,41.10655156385892,16.877890659887314,41.10836405905024,16.870571573316074,41.10880559118211,16.870655444350444,0.8762635612620064,0.019915080937772875,0.9566178471345972,0.020818220146556394,28.0,0.0
2_867,30705618#0,-608842788,26,41.1065950847197,16.878149366716112,41.10655156385892,16.877890659887314,41.10814243673671,16.874186571324426,41.10813805327221,16.874870976018755,0.9632591792287284,0.03704842997033571,0.9566178471345972,0.03872855820253472,28.0,0.0
2_868,30705618#0,1218701183#0,12,41.1065950847197,16.878149366716112,41.10655156385892,16.877890659887314,41.10724146966218,16.87742479905898,41.10720934823202,16.87762157039797,0.508817695899423,0.042401474658285254,0.9566178471345972,0.0443243608566288,28.0,0.0
2_869,30705618#0,1219598856#0,15,41.1065950847197,16.878149366716112,41.10655156385892,16.877890659887314,41.105709425071495,16.87508434379606,41.10600946787193,16.875045247470027,0.6109658668186122,0.040731057787907476,0.9566178471345972,0.0425781913957712,28.0,0.0
2_870,30705618#0,1219606327,22,41.1065950847197,16.878149366716112,41.10655156385892,16.877890659887314,41.10712583087676,16.874581370472423,41.10710214853407,16.87435955003989,0.6326287888666948,0.02875585403939522,0.9566178471345972,0.030059917997065384,28.0,0.0
2_871,30705618#0,1219744683,14,41.1065950847197,16.878149366716112,41.10655156385892,16.877890659887314,41.10732110319105,16.8777613495144,41.10733798267452,16.877764688678635,0.780708044872528,0.05576486034803771,0.9566178471345972,0.05829376957065231,28.0,0.0
2_872,30705618#0,1220606619#1,22,41.1065950847197,16.878149366716112,41.10655156385892,16.877890659887314,41.108816959023954,16.87701559688476,41.111533788969055,16.876450715532847,0.7362541504021458,0.033466097745552086,0.9566178471345972,0.034983768958309396,28.0,0.0
2_873,30705618#0,1236906100,16,41.1065950847197,16.878149366716112,41.10655156385892,16.877890659887314,41.107448933153655,16.877721763272344,41.10745580783001,16.877714456595747,0.7826731953672798,0.048917074710454984,0.9566178471345972,0.051135440193781266,28.0,0.0
2_874,30705618#0,25634153#2,39,41.1065950847197,16.878149366716112,41.10655156385892,16.877890659887314,41.10462013718466,16.876617630310452,41.10440468148953,16.876739151748147,0.8497553964290889,0.021788599908438178,0.9566178471345972,0.022776702288905236,28.0,0.0
2_875,30705618#0,25634742,29,41.1065950847197,16.878149366716112,41.10655156385892,16.877890659887314,41.10710990602856,16.87028076266512,41.10764547042224,16.87037051448248,0.8512608227136371,0.02935382147288404,0.9566178471345972,0.030685002962059442,28.0,0.0
2_876,30705618#0,25654863#0,32,41.1065950847197,16.878149366716112,41.10655156385892,16.877890659887314,41.10525531107702,16.871659522788697,41.10527065176782,16.87092044157714,0.8129404821967268,0.02540439006864771,0.9566178471345972,0.02655646676961201,28.0,0.0
2_877,30705618#0,25654904#0,40,41.1065950847197,16.878149366716112,41.10655156385892,16.877890659887314,41.10282219209128,16.8716118519074,41.10292908909263,16.8704487313222,0.6045024415134688,0.01511256103783672,0.9566178471345972,0.015797908311144405,28.0,0.0
2_878,30705618#0,25654922,33,41.1065950847197,16.878149366716112,41.10655156385892,16.877890659887314,41.10527065176782,16.87092044157714,41.104557904589925,16.87075349430906,0.9023743372913835,0.027344676887617683,0.9566178471345972,0.028584744649626275,28.0,0.0
2_879,30705618#0,25654933#2,40,41.1065950847197,16.878149366716112,41.10655156385892,16.877890659887314,41.103532900952686,16.872347479668893,41.10351474321344,16.8729158168811,0.5659224301052954,0.014148060752632386,0.9566178471345972,0.014789668408352137,28.0,0.0
2_880,30705618#0,25756473,31,41.1065950847197,16.878149366716112,41.10655156385892,16.877890659887314,41.10459014355675,16.87360777204878,41.104586032558366,16.87294674119706,0.7488384996221046,0.024156080632971116,0.9566178471345972,0.02525154710977531,28.0,0.0
2_881,30705618#0,25756835#1,41,41.1065950847197,16.878149366716112,41.10655156385892,16.877890659887314,41.10428673559737,16.877531862648333,41.10433323843067,16.877513777059303,0.9717175236622874,0.023700427406397252,0.9566178471345972,0.024775230231579168,28.0,0.0
2_882,30705618#0,25756837#3,40,41.1065950847197,16.878149366716112,41.10655156385892,16.877890659887314,41.10277476335755,16.87778529520797,41.102969188850125,16.879273627171905,0.5473164211765634,0.013682910529414087,0.9566178471345972,0.01430342384934502,28.0,0.0
2_883,30705618#0,30002076#6,27,41.1065950847197,16.878149366716112,41.10655156385892,16.877890659887314,41.10877484203646,16.874159186639993,41.11248609314907,16.873643072909186,0.7540373959838018,0.02792731096236303,0.9566178471345972,0.029193800895535273,28.0,0.0
2_884,30705618#0,30002079#1,26,41.1065950847197,16.878149366716112,41.10655156385892,16.877890659887314,41.10693282053231,16.873500754386423,41.10640317013077,16.873601328210643,0.8277082579274297,0.03183493299720884,0.9566178471345972,0.03327863168407899,28.0,0.0
2_885,30705618#0,30651489#1,16,41.1065950847197,16.878149366716112,41.10655156385892,16.877890659887314,41.10686700172243,16.87802885995844,41.10675372463437,16.87807636260086,0.7702914800752728,0.04814321750470455,0.9566178471345972,0.05032648894112755,28.0,0.0
2_886,30705618#0,325737262#5,35,41.1065950847197,16.878149366716112,41.10655156385892,16.877890659887314,41.10324733400062,16.87359019478166,41.102660798305045,16.873632821121205,0.5810161265340548,0.01660046075811585,0.9566178471345972,0.017353283558152292,28.0,0.0
2_887,30705618#0,340008632,3,41.1065950847197,16.878149366716112,41.10655156385892,16.877890659887314,41.10653569752324,16.877189737473987,41.10648567529071,16.877191646829097,0.5473919026209446,0.18246396754031485,0.9566178471345972,0.19073861948829182,28.0,0.0
2_888,30705618#0,49810913#5,38,41.1065950847197,16.878149366716112,41.10655156385892,16.877890659887314,41.10451407293564,16.87751035535627,41.10489776456013,16.87885407695273,0.7535488188663569,0.019830232075430446,0.9566178471345972,0.020729523429683944,28.0,0.0
2_889,30705618#0,559261510,18,41.1065950847197,16.878149366716112,41.10655156385892,16.877890659887314,41.10750236910344,16.877554656305445,41.10745023270787,16.87741550407253,0.7097712036128876,0.03943173353404931,0.9566178471345972,0.04121994342062617,28.0,0.0
2_890,316549013#0,-25634723,39,41.10436880868841,16.875761886209244,41.10445259405902,16.876042926170484,41.10781671041559,16.87181707243336,41.10771770975772,16.87321379705395,0.8269014527115516,0.021202601351578244,1.566467781401595,0.013535293609809991,27.0,0.0
2_891,316549013#0,-256677977,26,41.10436880868841,16.875761886209244,41.10445259405902,16.876042926170484,41.10450954428582,16.871651082575962,41.10456510973252,16.872477433605628,0.5637335832162291,0.02168206089293189,1.566467781401595,0.0138413704707874,27.0,0.0
2_892,316549013#0,-25748495,31,41.10436880868841,16.875761886209244,41.10445259405902,16.876042926170484,41.10353883851455,16.871655188195383,41.103515666810864,16.87044227855002,0.7560054270124088,0.02438727183910996,1.566467781401595,0.015568320094837496,27.0,0.0
2_893,316549013#0,-316549013#0,2,41.10436880868841,16.875761886209244,41.10445259405902,16.876042926170484,41.10445259405902,16.876042926170484,41.10436880868841,16.875761886209244,0.9453294581859522,0.4726647290929761,1.566467781401595,0.30173919611041083,27.0,0.0
2_894,316549013#0,-31951057,37,41.10436880868841,16.875761886209244,41.10445259405902,16.876042926170484,41.10836405905024,16.870571573316074,41.10880559118211,16.870655444350444,0.746265734674251,0.02016934418038516,1.566467781401595,0.01287568401971132,27.0,0.0
2_895,316549013#0,-608842788,19,41.10436880868841,16.875761886209244,41.10445259405902,16.876042926170484,41.10814243673671,16.874186571324426,41.10813805327221,16.874870976018755,0.7459993102657159,0.03926312159293241,1.566467781401595,0.025064748894995964,27.0,0.0
2_896,316549013#0,1218701183#0,23,41.10436880868841,16.875761886209244,41.10445259405902,16.876042926170484,41.10724146966218,16.87742479905898,41.10720934823202,16.87762157039797,0.7992153578780901,0.03474849382078652,1.566467781401595,0.022182705723890056,27.0,0.0
2_897,316549013#0,1219598856#0,8,41.10436880868841,16.875761886209244,41.10445259405902,16.876042926170484,41.105709425071495,16.87508434379606,41.10600946787193,16.875045247470027,0.5417459015656415,0.06771823769570519,1.566467781401595,0.04322989499031661,27.0,0.0
2_898,316549013#0,1219606327,15,41.10436880868841,16.875761886209244,41.10445259405902,16.876042926170484,41.10712583087676,16.874581370472423,41.10710214853407,16.87435955003989,0.7481154067087159,0.049874360447247724,1.566467781401595,0.03183874002350862,27.0,0.0
2_899,316549013#0,1219744683,25,41.10436880868841,16.875761886209244,41.10445259405902,16.876042926170484,41.10732110319105,16.8777613495144,41.10733798267452,16.877764688678635,0.9536803225768244,0.03814721290307298,1.566467781401595,0.024352376318229032,27.0,0.0
2_900,316549013#0,1220606619#1,33,41.10436880868841,16.875761886209244,41.10445259405902,16.876042926170484,41.108816959023954,16.87701559688476,41.111533788969055,16.876450715532847,0.6194541902738544,0.01877133909920771,1.566467781401595,0.01198322705521085,27.0,0.0
2_901,316549013#0,1236906100,27,41.10436880868841,16.875761886209244,41.10445259405902,16.876042926170484,41.107448933153655,16.877721763272344,41.10745580783001,16.877714456595747,0.7121373440541303,0.02637545718719001,1.566467781401595,0.01683753569677035,27.0,0.0
2_902,316549013#0,25634153#2,3,41.10436880868841,16.875761886209244,41.10445259405902,16.876042926170484,41.10462013718466,16.876617630310452,41.10440468148953,16.876739151748147,0.8135142969400941,0.2711714323133647,1.566467781401595,0.1731101242763732,27.0,0.0
2_903,316549013#0,25634742,22,41.10436880868841,16.875761886209244,41.10445259405902,16.876042926170484,41.10710990602856,16.87028076266512,41.10764547042224,16.87037051448248,0.6502884791272727,0.02955856723305785,1.566467781401595,0.018869566028744213,27.0,0.0
2_904,316549013#0,25654863#0,25,41.10436880868841,16.875761886209244,41.10445259405902,16.876042926170484,41.10525531107702,16.871659522788697,41.10527065176782,16.87092044157714,0.9834175055709676,0.03933670022283871,1.566467781401595,0.025111719940797153,27.0,0.0
2_905,316549013#0,25654904#0,33,41.10436880868841,16.875761886209244,41.10445259405902,16.876042926170484,41.10282219209128,16.8716118519074,41.10292908909263,16.8704487313222,0.5074109015510779,0.015376087925790241,1.566467781401595,0.009815770300767059,27.0,0.0
2_906,316549013#0,25654922,26,41.10436880868841,16.875761886209244,41.10445259405902,16.876042926170484,41.10527065176782,16.87092044157714,41.104557904589925,16.87075349430906,0.8032836735667199,0.030895525906412306,1.566467781401595,0.019723052253758182,27.0,0.0
2_907,316549013#0,25654933#2,33,41.10436880868841,16.875761886209244,41.10445259405902,16.876042926170484,41.103532900952686,16.872347479668893,41.10351474321344,16.8729158168811,0.6197901731777655,0.018781520399326228,1.566467781401595,0.011989726582516421,27.0,0.0
2_908,316549013#0,25756473,16,41.10436880868841,16.875761886209244,41.10445259405902,16.876042926170484,41.10459014355675,16.87360777204878,41.104586032558366,16.87294674119706,0.8157952261951783,0.050987201637198644,1.566467781401595,0.03254915437301743,27.0,0.0
2_909,316549013#0,25756835#1,26,41.10436880868841,16.875761886209244,41.10445259405902,16.876042926170484,41.10428673559737,16.877531862648333,41.10433323843067,16.877513777059303,0.8877540049510582,0.03414438480580993,1.566467781401595,0.02179705526739866,27.0,0.0
2_910,316549013#0,25756837#3,25,41.10436880868841,16.875761886209244,41.10445259405902,16.876042926170484,41.10277476335755,16.87778529520797,41.102969188850125,16.879273627171905,0.7805517452420483,0.03122206980968193,1.566467781401595,0.019931510995869973,27.0,0.0
2_911,316549013#0,30002076#6,20,41.10436880868841,16.875761886209244,41.10445259405902,16.876042926170484,41.10877484203646,16.874159186639993,41.11248609314907,16.873643072909186,0.9090395545897367,0.04545197772948684,1.566467781401595,0.02901558414997769,27.0,0.0
2_912,316549013#0,30002079#1,19,41.10436880868841,16.875761886209244,41.10445259405902,16.876042926170484,41.10693282053231,16.873500754386423,41.10640317013077,16.873601328210643,0.8006595912028593,0.04213997848436102,1.566467781401595,0.026901273671046288,27.0,0.0
2_913,316549013#0,30651489#1,27,41.10436880868841,16.875761886209244,41.10445259405902,16.876042926170484,41.10686700172243,16.87802885995844,41.10675372463437,16.87807636260086,0.8458757071757452,0.03132872989539797,1.566467781401595,0.01999960054548114,27.0,0.0
2_914,316549013#0,325737262#5,20,41.10436880868841,16.875761886209244,41.10445259405902,16.876042926170484,41.10324733400062,16.87359019478166,41.102660798305045,16.873632821121205,0.679743495380079,0.03398717476900395,1.566467781401595,0.021696695694943674,27.0,0.0
2_915,316549013#0,49810913#5,23,41.10436880868841,16.875761886209244,41.10445259405902,16.876042926170484,41.10451407293564,16.87751035535627,41.10489776456013,16.87885407695273,0.6278206778189176,0.027296551209518155,1.566467781401595,0.01742554269778508,27.0,0.0
2_916,316549013#0,559261510,29,41.10436880868841,16.875761886209244,41.10445259405902,16.876042926170484,41.10750236910344,16.877554656305445,41.10745023270787,16.87741550407253,0.8637838197594563,0.02978564895722263,1.566467781401595,0.019014530213045274,27.0,0.0
2_917,559261510,-25634723,35,41.10750236910344,16.877554656305445,41.10745023270787,16.87741550407253,41.10781671041559,16.87181707243336,41.10771770975772,16.87321379705395,0.8005251907153937,0.022872148306154107,1.1054364835551036,0.020690603798959907,26.0,37.0
2_918,559261510,-256677977,22,41.10750236910344,16.877554656305445,41.10745023270787,16.87741550407253,41.10450954428582,16.871651082575962,41.10456510973252,16.872477433605628,0.6812451402993569,0.030965688195425313,1.1054364835551036,0.028012182206832097,26.0,37.0
2_919,559261510,-25748495,27,41.10750236910344,16.877554656305445,41.10745023270787,16.87741550407253,41.10353883851455,16.871655188195383,41.103515666810864,16.87044227855002,0.8738919060683208,0.032366366891419286,1.1054364835551036,0.029279264229934286,26.0,37.0
2_920,559261510,-316549013#0,28,41.10750236910344,16.877554656305445,41.10745023270787,16.87741550407253,41.10445259405902,16.876042926170484,41.10436880868841,16.875761886209244,0.7604448394897736,0.027158744267491913,1.1054364835551036,0.02456834442459227,26.0,37.0
2_921,559261510,-31951057,33,41.10750236910344,16.877554656305445,41.10745023270787,16.87741550407253,41.10836405905024,16.870571573316074,41.10880559118211,16.870655444350444,0.5889908701060467,0.017848208185031716,1.1054364835551036,0.01614584686732209,26.0,37.0
2_922,559261510,-608842788,15,41.10750236910344,16.877554656305445,41.10745023270787,16.87741550407253,41.10814243673671,16.874186571324426,41.10813805327221,16.874870976018755,0.7495491398265042,0.049969942655100276,1.1054364835551036,0.04520381170557719,26.0,37.0
2_923,559261510,1218701183#0,6,41.10750236910344,16.877554656305445,41.10745023270787,16.87741550407253,41.10724146966218,16.87742479905898,41.10720934823202,16.87762157039797,0.7358690439066249,0.12264484065110415,1.1054364835551036,0.11094698110259228,26.0,37.0
2_924,559261510,1219598856#0,28,41.10750236910344,16.877554656305445,41.10745023270787,16.87741550407253,41.105709425071495,16.87508434379606,41.10600946787193,16.875045247470027,0.7642374988081031,0.02729419638600368,1.1054364835551036,0.024690877125952145,26.0,37.0
2_925,559261510,1219606327,11,41.10750236910344,16.877554656305445,41.10745023270787,16.87741550407253,41.10712583087676,16.874581370472423,41.10710214853407,16.87435955003989,0.891285444989745,0.08102594954452227,1.1054364835551036,0.0732976980133145,26.0,37.0
2_926,559261510,1219744683,8,41.10750236910344,16.877554656305445,41.10745023270787,16.87741550407253,41.10732110319105,16.8777613495144,41.10733798267452,16.877764688678635,0.664069075642365,0.08300863445529562,1.1054364835551036,0.07509127452383185,26.0,37.0
2_927,559261510,1220606619#1,16,41.10750236910344,16.877554656305445,41.10745023270787,16.87741550407253,41.108816959023954,16.87701559688476,41.111533788969055,16.876450715532847,0.9405404289062719,0.05878377680664199,1.1054364835551036,0.05317698274042151,26.0,37.0
2_928,559261510,1236906100,10,41.10750236910344,16.877554656305445,41.10745023270787,16.87741550407253,41.107448933153655,16.877721763272344,41.10745580783001,16.877714456595747,0.5473641227695941,0.05473641227695941,1.1054364835551036,0.04951565566293427,26.0,37.0
2_929,559261510,25634153#2,28,41.10750236910344,16.877554656305445,41.10745023270787,16.87741550407253,41.10462013718466,16.876617630310452,41.10440468148953,16.876739151748147,0.6059216444092816,0.021640058728902914,1.1054364835551036,0.01957603087181282,26.0,37.0
2_930,559261510,25634742,18,41.10750236910344,16.877554656305445,41.10745023270787,16.87741550407253,41.10710990602856,16.87028076266512,41.10764547042224,16.87037051448248,0.6358064143862547,0.03532257857701415,1.1054364835551036,0.03195351257397992,26.0,37.0
2_931,559261510,25654863#0,21,41.10750236910344,16.877554656305445,41.10745023270787,16.87741550407253,41.10525531107702,16.871659522788697,41.10527065176782,16.87092044157714,0.8491118786727174,0.040433898984415115,1.1054364835551036,0.036577315464004743,26.0,37.0
2_932,559261510,25654904#0,29,41.10750236910344,16.877554656305445,41.10745023270787,16.87741550407253,41.10282219209128,16.8716118519074,41.10292908909263,16.8704487313222,0.6214370772371066,0.02142886473231402,1.1054364835551036,0.01938498054940109,26.0,37.0
2_933,559261510,25654922,22,41.10750236910344,16.877554656305445,41.10745023270787,16.87741550407253,41.10527065176782,16.87092044157714,41.104557904589925,16.87075349430906,0.7693455333612419,0.03497025151642009,1.1054364835551036,0.03163479045304813,26.0,37.0
2_934,559261510,25654933#2,29,41.10750236910344,16.877554656305445,41.10745023270787,16.87741550407253,41.103532900952686,16.872347479668893,41.10351474321344,16.8729158168811,0.7618058096135963,0.0262691658487447,1.1054364835551036,0.02376361395659983,26.0,37.0
2_935,559261510,25756473,20,41.10750236910344,16.877554656305445,41.10745023270787,16.87741550407253,41.10459014355675,16.87360777204878,41.104586032558366,16.87294674119706,0.9661513869885823,0.04830756934942912,1.1054364835551036,0.043699995493247254,26.0,37.0
2_936,559261510,25756835#1,30,41.10750236910344,16.877554656305445,41.10745023270787,16.87741550407253,41.10428673559737,16.877531862648333,41.10433323843067,16.877513777059303,0.8604893754901146,0.02868297918300382,1.1054364835551036,0.02594719788038734,26.0,37.0
2_937,559261510,25756837#3,29,41.10750236910344,16.877554656305445,41.10745023270787,16.87741550407253,41.10277476335755,16.87778529520797,41.102969188850125,16.879273627171905,0.9337784036147088,0.03219925529705892,1.1054364835551036,0.029128091732150488,26.0,37.0
2_938,559261510,30002076#6,16,41.10750236910344,16.877554656305445,41.10745023270787,16.87741550407253,41.10877484203646,16.874159186639993,41.11248609314907,16.873643072909186,0.6703127718710646,0.04189454824194154,1.1054364835551036,0.03789864805909782,26.0,37.0
2_939,559261510,30002079#1,15,41.10750236910344,16.877554656305445,41.10745023270787,16.87741550407253,41.10693282053231,16.873500754386423,41.10640317013077,16.873601328210643,0.760168148569009,0.050677876571267266,1.1054364835551036,0.04584422291571769,26.0,37.0
2_940,559261510,30651489#1,10,41.10750236910344,16.877554656305445,41.10745023270787,16.87741550407253,41.10686700172243,16.87802885995844,41.10675372463437,16.87807636260086,0.5461205285409121,0.05461205285409121,1.1054364835551036,0.049403157636391616,26.0,37.0
2_941,559261510,325737262#5,24,41.10750236910344,16.877554656305445,41.10745023270787,16.87741550407253,41.10324733400062,16.87359019478166,41.102660798305045,16.873632821121205,0.8059879993162702,0.033582833304844587,1.1054364835551036,0.030379704129939327,26.0,37.0
2_942,559261510,49810913#5,27,41.10750236910344,16.877554656305445,41.10745023270787,16.87741550407253,41.10451407293564,16.87751035535627,41.10489776456013,16.87885407695273,0.7219703271016735,0.026739641744506427,1.1054364835551036,0.02418921588195756,26.0,37.0
2_943,736596146#0,-25634723,6,41.11530729321437,16.872364113273612,41.10922699339392,16.871939430706842,41.10781671041559,16.87181707243336,41.10771770975772,16.87321379705395,0.7538137990152607,0.12563563316921011,1.8880343236431674,0.0665430874830615,28.0,0.0
2_944,736596146#0,-256677977,13,41.11530729321437,16.872364113273612,41.10922699339392,16.871939430706842,41.10450954428582,16.871651082575962,41.10456510973252,16.872477433605628,0.8727916432597729,0.06713781871229023,1.8880343236431674,0.03555963886437219,28.0,0.0
2_945,736596146#0,-25748495,18,41.11530729321437,16.872364113273612,41.10922699339392,16.871939430706842,41.10353883851455,16.871655188195383,41.103515666810864,16.87044227855002,0.7653748823530394,0.042520826797391074,1.8880343236431674,0.02252121492968545,28.0,0.0
2_946,736596146#0,-316549013#0,22,41.11530729321437,16.872364113273612,41.10922699339392,16.871939430706842,41.10445259405902,16.876042926170484,41.10436880868841,16.875761886209244,0.5487106503645056,0.02494139319838662,1.8880343236431674,0.013210243524736081,28.0,0.0
2_947,736596146#0,-31951057,6,41.11530729321437,16.872364113273612,41.10922699339392,16.871939430706842,41.10836405905024,16.870571573316074,41.10880559118211,16.870655444350444,0.9369062693002214,0.15615104488337023,1.8880343236431674,0.08270561765109218,28.0,0.0
2_948,736596146#0,-608842788,9,41.11530729321437,16.872364113273612,41.10922699339392,16.871939430706842,41.10814243673671,16.874186571324426,41.10813805327221,16.874870976018755,0.5588704009314635,0.062096711214607046,1.8880343236431674,0.032889609281458766,28.0,0.0
2_949,736596146#0,1218701183#0,23,41.11530729321437,16.872364113273612,41.10922699339392,16.871939430706842,41.10724146966218,16.87742479905898,41.10720934823202,16.87762157039797,0.7367843646099468,0.03203410280912812,1.8880343236431674,0.016966907014335862,28.0,0.0
2_950,736596146#0,1219598856#0,22,41.11530729321437,16.872364113273612,41.10922699339392,16.871939430706842,41.105709425071495,16.87508434379606,41.10600946787193,16.875045247470027,0.8606036552779902,0.039118347967181374,1.8880343236431674,0.02071908729482114,28.0,0.0
2_951,736596146#0,1219606327,13,41.11530729321437,16.872364113273612,41.10922699339392,16.871939430706842,41.10712583087676,16.874581370472423,41.10710214853407,16.87435955003989,0.7421035957672832,0.057084891982098714,1.8880343236431674,0.030235092268845628,28.0,0.0
2_952,736596146#0,1219744683,25,41.11530729321437,16.872364113273612,41.10922699339392,16.871939430706842,41.10732110319105,16.8777613495144,41.10733798267452,16.877764688678635,0.7618225113395349,0.0304729004535814,1.8880343236431674,0.016140014019862006,28.0,0.0
2_953,736596146#0,1220606619#1,15,41.11530729321437,16.872364113273612,41.10922699339392,16.871939430706842,41.108816959023954,16.87701559688476,41.111533788969055,16.876450715532847,0.6363387463304546,0.04242258308869697,1.8880343236431674,0.02246918001301904,28.0,0.0
2_954,736596146#0,1236906100,27,41.11530729321437,16.872364113273612,41.10922699339392,16.871939430706842,41.107448933153655,16.877721763272344,41.10745580783001,16.877714456595747,0.8716938381868247,0.03228495696988239,1.8880343236431674,0.017099772268750424,28.0,0.0
2_955,736596146#0,25634153#2,22,41.11530729321437,16.872364113273612,41.10922699339392,16.871939430706842,41.10462013718466,16.876617630310452,41.10440468148953,16.876739151748147,0.8640736013457606,0.03927607278844367,1.8880343236431674,0.020802626465315638,28.0,0.0
2_956,736596146#0,25634742,9,41.11530729321437,16.872364113273612,41.10922699339392,16.871939430706842,41.10710990602856,16.87028076266512,41.10764547042224,16.87037051448248,0.9517954544309686,0.10575505049232983,1.8880343236431674,0.05601330927515342,28.0,0.0
2_957,736596146#0,25654863#0,12,41.11530729321437,16.872364113273612,41.10922699339392,16.871939430706842,41.10525531107702,16.871659522788697,41.10527065176782,16.87092044157714,0.9896460306694049,0.08247050255578374,1.8880343236431674,0.04368061614295653,28.0,0.0
2_958,736596146#0,25654904#0,20,41.11530729321437,16.872364113273612,41.10922699339392,16.871939430706842,41.10282219209128,16.8716118519074,41.10292908909263,16.8704487313222,0.6605048846809078,0.033025244234045396,1.8880343236431674,0.017491866445690247,28.0,0.0
2_959,736596146#0,25654922,13,41.11530729321437,16.872364113273612,41.10922699339392,16.871939430706842,41.10527065176782,16.87092044157714,41.104557904589925,16.87075349430906,0.5014986987436896,0.038576822980283816,1.8880343236431674,0.0204322678339055,28.0,0.0
2_960,736596146#0,25654933#2,20,41.11530729321437,16.872364113273612,41.10922699339392,16.871939430706842,41.103532900952686,16.872347479668893,41.10351474321344,16.8729158168811,0.7790683610451219,0.0389534180522561,1.8880343236431674,0.02063173193646779,28.0,0.0
2_961,736596146#0,25756473,14,41.11530729321437,16.872364113273612,41.10922699339392,16.871939430706842,41.10459014355675,16.87360777204878,41.104586032558366,16.87294674119706,0.5426013240071932,0.038757237429085226,1.8880343236431674,0.020527824597117984,28.0,0.0
2_962,736596146#0,25756835#1,24,41.11530729321437,16.872364113273612,41.10922699339392,16.871939430706842,41.10428673559737,16.877531862648333,41.10433323843067,16.877513777059303,0.8080349304939647,0.03366812210391519,1.8880343236431674,0.017832367601744066,28.0,0.0
2_963,736596146#0,25756837#3,23,41.11530729321437,16.872364113273612,41.10922699339392,16.871939430706842,41.10277476335755,16.87778529520797,41.102969188850125,16.879273627171905,0.5648912529624754,0.024560489259238063,1.8880343236431674,0.013008497224693421,28.0,0.0
2_964,736596146#0,30002076#6,10,41.11530729321437,16.872364113273612,41.10922699339392,16.871939430706842,41.10877484203646,16.874159186639993,41.11248609314907,16.873643072909186,0.7403865456266631,0.07403865456266631,1.8880343236431674,0.03921467615048475,28.0,0.0
2_965,736596146#0,30002079#1,9,41.11530729321437,16.872364113273612,41.10922699339392,16.871939430706842,41.10693282053231,16.873500754386423,41.10640317013077,16.873601328210643,0.894953987663579,0.09943933196261989,1.8880343236431674,0.052668180190040666,28.0,0.0
2_966,736596146#0,30651489#1,27,41.11530729321437,16.872364113273612,41.10922699339392,16.871939430706842,41.10686700172243,16.87802885995844,41.10675372463437,16.87807636260086,0.7058718094958485,0.02614340035169809,1.8880343236431674,0.013846888281803882,28.0,0.0
2_967,736596146#0,325737262#5,22,41.11530729321437,16.872364113273612,41.10922699339392,16.871939430706842,41.10324733400062,16.87359019478166,41.102660798305045,16.873632821121205,0.5244608715306168,0.023839130524118946,1.8880343236431674,0.012626428569433395,28.0,0.0
2_968,736596146#0,49810913#5,21,41.11530729321437,16.872364113273612,41.10922699339392,16.871939430706842,41.10451407293564,16.87751035535627,41.10489776456013,16.87885407695273,0.5417672603781268,0.025798440970386992,1.8880343236431674,0.013664180066708796,28.0,0.0
2_969,736596146#0,559261510,29,41.11530729321437,16.872364113273612,41.10922699339392,16.871939430706842,41.10750236910344,16.877554656305445,41.10745023270787,16.87741550407253,0.9684932979263079,0.033396320618148546,1.8880343236431674,0.017688407567563028,28.0,0.0
2_970,736596146#0,736596146#1,2,41.11530729321437,16.872364113273612,41.10922699339392,16.871939430706842,41.10922699339392,16.871939430706842,41.10885938846548,16.871906954533397,0.9168697470246466,0.4584348735123233,1.8880343236431674,0.24281066703688067,28.0,0.0
2_971,736596146#3,-25634723,3,41.10861080275709,16.87188917380748,41.10824673314128,16.87184977246174,41.10781671041559,16.87181707243336,41.10771770975772,16.87321379705395,0.5133721288507607,0.17112404295025355,1.9978301806995542,0.08565494935627274,27.0,0.0
2_972,736596146#3,-256677977,10,41.10861080275709,16.87188917380748,41.10824673314128,16.87184977246174,41.10450954428582,16.871651082575962,41.10456510973252,16.872477433605628,0.9447623885399462,0.09447623885399463,1.9978301806995542,0.0472894241796433,27.0,0.0
2_973,736596146#3,-25748495,15,41.10861080275709,16.87188917380748,41.10824673314128,16.87184977246174,41.10353883851455,16.871655188195383,41.103515666810864,16.87044227855002,0.6193342269196184,0.041288948461307894,1.9978301806995542,0.020666895945505376,27.0,0.0
2_974,736596146#3,-316549013#0,19,41.10861080275709,16.87188917380748,41.10824673314128,16.87184977246174,41.10445259405902,16.876042926170484,41.10436880868841,16.875761886209244,0.884690623029905,0.046562664369995,1.9978301806995542,0.023306617759518856,27.0,0.0
2_975,736596146#3,-31951057,3,41.10861080275709,16.87188917380748,41.10824673314128,16.87184977246174,41.10836405905024,16.870571573316074,41.10880559118211,16.870655444350444,0.9759100625779594,0.3253033541926531,1.9978301806995542,0.16282833112409276,27.0,0.0
2_976,736596146#3,-608842788,6,41.10861080275709,16.87188917380748,41.10824673314128,16.87184977246174,41.10814243673671,16.874186571324426,41.10813805327221,16.874870976018755,0.924900554395779,0.1541500923992965,1.9978301806995542,0.07715875647915169,27.0,0.0
2_977,736596146#3,1218701183#0,20,41.10861080275709,16.87188917380748,41.10824673314128,16.87184977246174,41.10724146966218,16.87742479905898,41.10720934823202,16.87762157039797,0.8781712397253124,0.04390856198626562,1.9978301806995542,0.02197812527333566,27.0,0.0
2_978,736596146#3,1219598856#0,19,41.10861080275709,16.87188917380748,41.10824673314128,16.87184977246174,41.105709425071495,16.87508434379606,41.10600946787193,16.875045247470027,0.5084269118071687,0.02675931114774572,1.9978301806995542,0.013394187056667528,27.0,0.0
2_979,736596146#3,1219606327,10,41.10861080275709,16.87188917380748,41.10824673314128,16.87184977246174,41.10712583087676,16.874581370472423,41.10710214853407,16.87435955003989,0.8475748154780578,0.08475748154780578,1.9978301806995542,0.04242476781391267,27.0,0.0
2_980,736596146#3,1219744683,22,41.10861080275709,16.87188917380748,41.10824673314128,16.87184977246174,41.10732110319105,16.8777613495144,41.10733798267452,16.877764688678635,0.8740067080936953,0.03972757764062251,1.9978301806995542,0.019885362642139897,27.0,0.0
2_981,736596146#3,1220606619#1,12,41.10861080275709,16.87188917380748,41.10824673314128,16.87184977246174,41.108816959023954,16.87701559688476,41.111533788969055,16.876450715532847,0.8202678357522385,0.0683556529793532,1.9978301806995542,0.034214946615441555,27.0,0.0
2_982,736596146#3,1236906100,24,41.10861080275709,16.87188917380748,41.10824673314128,16.87184977246174,41.107448933153655,16.877721763272344,41.10745580783001,16.877714456595747,0.9429266771992086,0.039288611549967024,1.9978301806995542,0.01966564121891974,27.0,0.0
2_983,736596146#3,25634153#2,19,41.10861080275709,16.87188917380748,41.10824673314128,16.87184977246174,41.10462013718466,16.876617630310452,41.10440468148953,16.876739151748147,0.8483306103356641,0.04464897949135074,1.9978301806995542,0.02234873610514613,27.0,0.0
2_984,736596146#3,25634742,6,41.10861080275709,16.87188917380748,41.10824673314128,16.87184977246174,41.10710990602856,16.87028076266512,41.10764547042224,16.87037051448248,0.8152303119708015,0.13587171866180026,1.9978301806995542,0.06800964364960381,27.0,0.0
2_985,736596146#3,25654863#0,9,41.10861080275709,16.87188917380748,41.10824673314128,16.87184977246174,41.10525531107702,16.871659522788697,41.10527065176782,16.87092044157714,0.9188432283050147,0.10209369203389052,1.9978301806995542,0.0511022873816741,27.0,0.0
2_986,736596146#3,25654904#0,17,41.10861080275709,16.87188917380748,41.10824673314128,16.87184977246174,41.10282219209128,16.8716118519074,41.10292908909263,16.8704487313222,0.5647114659009957,0.03321832152358799,1.9978301806995542,0.01662719977128204,27.0,0.0
2_987,736596146#3,25654922,10,41.10861080275709,16.87188917380748,41.10824673314128,16.87184977246174,41.10527065176782,16.87092044157714,41.104557904589925,16.87075349430906,0.5548957675835845,0.05548957675835845,1.9978301806995542,0.027774921659722042,27.0,0.0
2_988,736596146#3,25654933#2,17,41.10861080275709,16.87188917380748,41.10824673314128,16.87184977246174,41.103532900952686,16.872347479668893,41.10351474321344,16.8729158168811,0.9369421163125375,0.05511424213603162,1.9978301806995542,0.02758705052535195,27.0,0.0
2_989,736596146#3,25756473,11,41.10861080275709,16.87188917380748,41.10824673314128,16.87184977246174,41.10459014355675,16.87360777204878,41.104586032558366,16.87294674119706,0.5080971995763188,0.04619065450693808,1.9978301806995542,0.023120410810274224,27.0,0.0
2_990,736596146#3,25756835#1,21,41.10861080275709,16.87188917380748,41.10824673314128,16.87184977246174,41.10428673559737,16.877531862648333,41.10433323843067,16.877513777059303,0.9783247788711924,0.04658689423196154,1.9978301806995542,0.023318745848382776,27.0,0.0
2_991,736596146#3,25756837#3,20,41.10861080275709,16.87188917380748,41.10824673314128,16.87184977246174,41.10277476335755,16.87778529520797,41.102969188850125,16.879273627171905,0.8282550959651199,0.041412754798256,1.9978301806995542,0.020728866346265244,27.0,0.0
2_992,736596146#3,30002076#6,7,41.10861080275709,16.87188917380748,41.10824673314128,16.87184977246174,41.10877484203646,16.874159186639993,41.11248609314907,16.873643072909186,0.6777120589563949,0.09681600842234211,1.9978301806995542,0.048460579561592824,27.0,0.0
2_993,736596146#3,30002079#1,6,41.10861080275709,16.87188917380748,41.10824673314128,16.87184977246174,41.10693282053231,16.873500754386423,41.10640317013077,16.873601328210643,0.5564953145261626,0.09274921908769376,1.9978301806995542,0.04642497644880756,27.0,0.0
2_994,736596146#3,30651489#1,24,41.10861080275709,16.87188917380748,41.10824673314128,16.87184977246174,41.10686700172243,16.87802885995844,41.10675372463437,16.87807636260086,0.6320175728874394,0.02633406553697664,1.9978301806995542,0.013181333324214565,27.0,0.0
2_995,736596146#3,325737262#5,19,41.10861080275709,16.87188917380748,41.10824673314128,16.87184977246174,41.10324733400062,16.87359019478166,41.102660798305045,16.873632821121205,0.6858144075136845,0.036095495132299184,1.9978301806995542,0.01806734900744171,27.0,0.0
2_996,736596146#3,49810913#5,18,41.10861080275709,16.87188917380748,41.10824673314128,16.87184977246174,41.10451407293564,16.87751035535627,41.10489776456013,16.87885407695273,0.5361119737974053,0.02978399854430029,1.9978301806995542,0.01490817329322316,27.0,0.0
2_997,736596146#3,559261510,26,41.10861080275709,16.87188917380748,41.10824673314128,16.87184977246174,41.10750236910344,16.877554656305445,41.10745023270787,16.87741550407253,0.5127725656171704,0.019722021754506557,1.9978301806995542,0.009871720802416125,27.0,0.0
2_998,736596146#6,-25634723,20,41.10757536101586,16.871791876349803,41.10705991761608,16.87168898952678,41.10781671041559,16.87181707243336,41.10771770975772,16.87321379705395,0.5201183388653958,0.026005916943269793,1.7529274014378493,0.014835706785083216,27.0,0.0
2_999,736596146#6,-256677977,7,41.10757536101586,16.871791876349803,41.10705991761608,16.87168898952678,41.10450954428582,16.871651082575962,41.10456510973252,16.872477433605628,0.5816506110997222,0.08309294444281745,1.7529274014378493,0.04740238778551808,27.0,0.0
2_1000,736596146#6,-25748495,12,41.10757536101586,16.871791876349803,41.10705991761608,16.87168898952678,41.10353883851455,16.871655188195383,41.103515666810864,16.87044227855002,0.5981642379724993,0.0498470198310416,1.7529274014378493,0.02843644282709842,27.0,0.0
2_1001,736596146#6,-316549013#0,16,41.10757536101586,16.871791876349803,41.10705991761608,16.87168898952678,41.10445259405902,16.876042926170484,41.10436880868841,16.875761886209244,0.5811641415339923,0.03632275884587452,1.7529274014378493,0.02072119975766284,27.0,0.0
2_1002,736596146#6,-31951057,18,41.10757536101586,16.871791876349803,41.10705991761608,16.87168898952678,41.10836405905024,16.870571573316074,41.10880559118211,16.870655444350444,0.7954827616419791,0.04419348675788772,1.7529274014378493,0.025211247608793008,27.0,0.0
2_1003,736596146#6,-608842788,16,41.10757536101586,16.871791876349803,41.10705991761608,16.87168898952678,41.10814243673671,16.874186571324426,41.10813805327221,16.874870976018755,0.69326747373944,0.043329217108715,1.7529274014378493,0.024718204001588397,27.0,0.0
2_1004,736596146#6,1218701183#0,24,41.10757536101586,16.871791876349803,41.10705991761608,16.87168898952678,41.10724146966218,16.87742479905898,41.10720934823202,16.87762157039797,0.7173442673181567,0.029889344471589863,1.7529274014378493,0.01705110231437591,27.0,0.0
2_1005,736596146#6,1219598856#0,16,41.10757536101586,16.871791876349803,41.10705991761608,16.87168898952678,41.105709425071495,16.87508434379606,41.10600946787193,16.875045247470027,0.7665111327475942,0.04790694579672464,1.7529274014378493,0.027329680486156287,27.0,0.0
2_1006,736596146#6,1219606327,14,41.10757536101586,16.871791876349803,41.10705991761608,16.87168898952678,41.10712583087676,16.874581370472423,41.10710214853407,16.87435955003989,0.528954022652022,0.03778243018943014,1.7529274014378493,0.021553904718723017,27.0,0.0
2_1007,736596146#6,1219744683,26,41.10757536101586,16.871791876349803,41.10705991761608,16.87168898952678,41.10732110319105,16.8777613495144,41.10733798267452,16.877764688678635,0.9736577826372238,0.03744837625527784,1.7529274014378493,0.02136333554062797,27.0,0.0
2_1008,736596146#6,1220606619#1,34,41.10757536101586,16.871791876349803,41.10705991761608,16.87168898952678,41.108816959023954,16.87701559688476,41.111533788969055,16.876450715532847,0.7761402311235424,0.022827653856574776,1.7529274014378493,0.013022589434023483,27.0,0.0
2_1009,736596146#6,1236906100,28,41.10757536101586,16.871791876349803,41.10705991761608,16.87168898952678,41.107448933153655,16.877721763272344,41.10745580783001,16.877714456595747,0.5337920367597374,0.019064001312847762,1.7529274014378493,0.010875522453017962,27.0,0.0
2_1010,736596146#6,25634153#2,16,41.10757536101586,16.871791876349803,41.10705991761608,16.87168898952678,41.10462013718466,16.876617630310452,41.10440468148953,16.876739151748147,0.5519437802975817,0.03449648626859886,1.7529274014378493,0.01967935822116929,27.0,0.0
2_1011,736596146#6,25634742,3,41.10757536101586,16.871791876349803,41.10705991761608,16.87168898952678,41.10710990602856,16.87028076266512,41.10764547042224,16.87037051448248,0.9199972947873108,0.3066657649291036,1.7529274014378493,0.17494493193360952,27.0,0.0
2_1012,736596146#6,25654863#0,6,41.10757536101586,16.871791876349803,41.10705991761608,16.87168898952678,41.10525531107702,16.871659522788697,41.10527065176782,16.87092044157714,0.8367728784818738,0.13946214641364563,1.7529274014378493,0.07955956778315575,27.0,0.0
2_1013,736596146#6,25654904#0,14,41.10757536101586,16.871791876349803,41.10705991761608,16.87168898952678,41.10282219209128,16.8716118519074,41.10292908909263,16.8704487313222,0.5475133979004836,0.03910809985003454,1.7529274014378493,0.022310165165970872,27.0,0.0
2_1014,736596146#6,25654922,7,41.10757536101586,16.871791876349803,41.10705991761608,16.87168898952678,41.10527065176782,16.87092044157714,41.104557904589925,16.87075349430906,0.6177782730834576,0.08825403901192251,1.7529274014378493,0.05034665950200311,27.0,0.0
2_1015,736596146#6,25654933#2,14,41.10757536101586,16.871791876349803,41.10705991761608,16.87168898952678,41.103532900952686,16.872347479668893,41.10351474321344,16.8729158168811,0.6784898422739517,0.04846356016242512,1.7529274014378493,0.02764721466654728,27.0,0.0
2_1016,736596146#6,25756473,8,41.10757536101586,16.871791876349803,41.10705991761608,16.87168898952678,41.10459014355675,16.87360777204878,41.104586032558366,16.87294674119706,0.7553787335505777,0.09442234169382221,1.7529274014378493,0.053865517543037846,27.0,0.0
2_1017,736596146#6,25756835#1,18,41.10757536101586,16.871791876349803,41.10705991761608,16.87168898952678,41.10428673559737,16.877531862648333,41.10433323843067,16.877513777059303,0.6715069721336768,0.03730594289631538,1.7529274014378493,0.021282080972500603,27.0,0.0
2_1018,736596146#6,25756837#3,17,41.10757536101586,16.871791876349803,41.10705991761608,16.87168898952678,41.10277476335755,16.87778529520797,41.102969188850125,16.879273627171905,0.9088525384483769,0.05346191402637511,1.7529274014378493,0.030498646996174886,27.0,0.0
2_1019,736596146#6,30002076#6,17,41.10757536101586,16.871791876349803,41.10705991761608,16.87168898952678,41.10877484203646,16.874159186639993,41.11248609314907,16.873643072909186,0.8639584659172312,0.05082108623042537,1.7529274014378493,0.028992122656499673,27.0,0.0
2_1020,736596146#6,30002079#1,3,41.10757536101586,16.871791876349803,41.10705991761608,16.87168898952678,41.10693282053231,16.873500754386423,41.10640317013077,16.873601328210643,0.659968145031074,0.21998938167702467,1.7529274014378493,0.12549828446778633,27.0,0.0
2_1021,736596146#6,30651489#1,28,41.10757536101586,16.871791876349803,41.10705991761608,16.87168898952678,41.10686700172243,16.87802885995844,41.10675372463437,16.87807636260086,0.5873346619830088,0.0209762379279646,1.7529274014378493,0.011966404262240818,27.0,0.0
2_1022,736596146#6,325737262#5,16,41.10757536101586,16.871791876349803,41.10705991761608,16.87168898952678,41.10324733400062,16.87359019478166,41.102660798305045,16.873632821121205,0.9726637926133566,0.060791487038334785,1.7529274014378493,0.03467997989447264,27.0,0.0
2_1023,736596146#6,49810913#5,15,41.10757536101586,16.871791876349803,41.10705991761608,16.87168898952678,41.10451407293564,16.87751035535627,41.10489776456013,16.87885407695273,0.8357134527997847,0.055714230186652315,1.7529274014378493,0.0317835354396037,27.0,0.0
2_1024,736596146#6,559261510,30,41.10757536101586,16.871791876349803,41.10705991761608,16.87168898952678,41.10750236910344,16.877554656305445,41.10745023270787,16.87741550407253,0.7585376193946072,0.025284587313153573,1.7529274014378493,0.014424206782559129,27.0,0.0
