FlowID,Ingress,Egress
0_0,-1028425251,1028425251
0_1,-103484177#2,-1028425248
0_2,-103484177#2,-103484187#0
0_3,-103484177#2,-1055324690
0_4,-103484177#2,-1055324691
0_5,-103484177#2,-256677981
0_6,-103484177#2,-30690563#0
0_7,-103484177#2,-33831688
0_8,-103484177#2,-48563893#2
0_9,-103484177#2,-48874524
0_10,-103484177#2,-50370694#0
0_11,-103484177#2,-53104899#0
0_12,-103484177#2,-53104911#0
0_13,-103484177#2,-55995910
0_14,-103484177#2,103484177#2
0_15,-103484177#2,103484187#2
0_16,-103484177#2,1055324687#2
0_17,-103484177#2,114953453#6
0_18,-103484177#2,1223050325#0
0_19,-103484177#2,1223050326
0_20,-103484177#2,1226960836#1
0_21,-103484177#2,1240423339#1
0_22,-103484177#2,1240423345#0
0_23,-103484177#2,1240423346#0
0_24,-103484177#2,1240423347#0
0_25,-103484177#2,1240423347#1
0_26,-103484177#2,1240423348#0
0_27,-103484177#2,1240423348#1
0_28,-103484177#2,1240423349#0
0_29,-103484177#2,1240423360
0_30,-103484177#2,1296353454
0_31,-103484177#2,1296353456
0_32,-103484177#2,131750844#7
0_33,-103484177#2,131750844#8
0_34,-103484177#2,131750844#9
0_35,-103484177#2,131750850#0
0_36,-103484177#2,131750853#0
0_37,-103484177#2,131750853#2
0_38,-103484177#2,131752095#2
0_39,-103484177#2,151503390#1
0_40,-103484177#2,167058904#1
0_41,-103484177#2,167058911#2
0_42,-103484177#2,25748726#4
0_43,-103484177#2,25748858
0_44,-103484177#2,25817735#2
0_45,-103484177#2,25819014#1
0_46,-103484177#2,25819014#2
0_47,-103484177#2,25819177#5
0_48,-103484177#2,28279138#0
0_49,-103484177#2,28279138#5
0_50,-103484177#2,28921528#8
0_51,-103484177#2,30673346
0_52,-103484177#2,30674315#11
0_53,-103484177#2,30674315#8
0_54,-103484177#2,30674315#9
0_55,-103484177#2,30674359#0
0_56,-103484177#2,30674359#5
0_57,-103484177#2,30674385#2
0_58,-103484177#2,30674948
0_59,-103484177#2,30675059#0
0_60,-103484177#2,30675059#1
0_61,-103484177#2,30690502#1
0_62,-103484177#2,30690502#2
0_63,-103484177#2,30690502#4
0_64,-103484177#2,30690502#6
0_65,-103484177#2,30690562#1
0_66,-103484177#2,448630413#6
0_67,-103484177#2,48563898
0_68,-103484177#2,48563902#0
0_69,-103484177#2,48874527#2
0_70,-103484177#2,53104899#1
0_71,-103484177#2,53104910#1
0_72,-103484177#2,564714859
0_73,-103484177#2,577223386#2
0_74,-103484177#2,797350454
0_75,-103484177#2,96606465
0_76,-103484187#2,-1028425248
0_77,-103484187#2,-103484187#0
0_78,-103484187#2,-1055324690
0_79,-103484187#2,-1055324691
0_80,-103484187#2,-256677981
0_81,-103484187#2,-30690563#0
0_82,-103484187#2,-33831688
0_83,-103484187#2,-48563893#2
0_84,-103484187#2,-48874524
0_85,-103484187#2,-50370694#0
0_86,-103484187#2,-53104899#0
0_87,-103484187#2,-53104911#0
0_88,-103484187#2,-55995910
0_89,-103484187#2,103484177#2
0_90,-103484187#2,103484187#2
0_91,-103484187#2,1055324687#2
0_92,-103484187#2,114953453#6
0_93,-103484187#2,1223050325#0
0_94,-103484187#2,1223050326
0_95,-103484187#2,1226960836#1
0_96,-103484187#2,1240423339#1
0_97,-103484187#2,1240423345#0
0_98,-103484187#2,1240423346#0
0_99,-103484187#2,1240423347#0
0_100,-103484187#2,1240423347#1
0_101,-103484187#2,1240423348#0
0_102,-103484187#2,1240423348#1
0_103,-103484187#2,1240423349#0
0_104,-103484187#2,1240423360
0_105,-103484187#2,1296353454
0_106,-103484187#2,1296353456
0_107,-103484187#2,131750844#7
0_108,-103484187#2,131750844#8
0_109,-103484187#2,131750844#9
0_110,-103484187#2,131750850#0
0_111,-103484187#2,131750853#0
0_112,-103484187#2,131750853#2
0_113,-103484187#2,131752095#2
0_114,-103484187#2,151503390#1
0_115,-103484187#2,167058904#1
0_116,-103484187#2,167058911#2
0_117,-103484187#2,25748726#4
0_118,-103484187#2,25748858
0_119,-103484187#2,25817735#2
0_120,-103484187#2,25819014#1
0_121,-103484187#2,25819014#2
0_122,-103484187#2,25819177#5
0_123,-103484187#2,28279138#0
0_124,-103484187#2,28279138#5
0_125,-103484187#2,28921528#8
0_126,-103484187#2,30673346
0_127,-103484187#2,30674315#11
0_128,-103484187#2,30674315#8
0_129,-103484187#2,30674315#9
0_130,-103484187#2,30674359#0
0_131,-103484187#2,30674359#5
0_132,-103484187#2,30674385#2
0_133,-103484187#2,30674948
0_134,-103484187#2,30675059#0
0_135,-103484187#2,30675059#1
0_136,-103484187#2,30690502#1
0_137,-103484187#2,30690502#2
0_138,-103484187#2,30690502#4
0_139,-103484187#2,30690502#6
0_140,-103484187#2,30690562#1
0_141,-103484187#2,448630413#6
0_142,-103484187#2,48563898
0_143,-103484187#2,48563902#0
0_144,-103484187#2,48874527#2
0_145,-103484187#2,53104899#1
0_146,-103484187#2,53104910#1
0_147,-103484187#2,564714859
0_148,-103484187#2,577223386#2
0_149,-103484187#2,797350454
0_150,-103484187#2,96606465
0_151,-114953453#6,-1028425248
0_152,-114953453#6,-103484187#0
0_153,-114953453#6,-1055324690
0_154,-114953453#6,-1055324691
0_155,-114953453#6,-256677981
0_156,-114953453#6,-30690563#0
0_157,-114953453#6,-33831688
0_158,-114953453#6,-48563893#2
0_159,-114953453#6,-48874524
0_160,-114953453#6,-50370694#0
0_161,-114953453#6,-53104899#0
0_162,-114953453#6,-53104911#0
0_163,-114953453#6,-55995910
0_164,-114953453#6,103484177#2
0_165,-114953453#6,103484187#2
0_166,-114953453#6,1055324687#2
0_167,-114953453#6,114953453#6
0_168,-114953453#6,1223050325#0
0_169,-114953453#6,1223050326
0_170,-114953453#6,1226960836#1
0_171,-114953453#6,1240423339#1
0_172,-114953453#6,1240423345#0
0_173,-114953453#6,1240423346#0
0_174,-114953453#6,1240423347#0
0_175,-114953453#6,1240423347#1
0_176,-114953453#6,1240423348#0
0_177,-114953453#6,1240423348#1
0_178,-114953453#6,1240423349#0
0_179,-114953453#6,1240423360
0_180,-114953453#6,1296353454
0_181,-114953453#6,1296353456
0_182,-114953453#6,131750844#7
0_183,-114953453#6,131750844#8
0_184,-114953453#6,131750844#9
0_185,-114953453#6,131750850#0
0_186,-114953453#6,131750853#0
0_187,-114953453#6,131750853#2
0_188,-114953453#6,131752095#2
0_189,-114953453#6,151503390#1
0_190,-114953453#6,167058904#1
0_191,-114953453#6,167058911#2
0_192,-114953453#6,25748726#4
0_193,-114953453#6,25748858
0_194,-114953453#6,25817735#2
0_195,-114953453#6,25819014#1
0_196,-114953453#6,25819014#2
0_197,-114953453#6,25819177#5
0_198,-114953453#6,28279138#0
0_199,-114953453#6,28279138#5
0_200,-114953453#6,28921528#8
0_201,-114953453#6,30673346
0_202,-114953453#6,30674315#11
0_203,-114953453#6,30674315#8
0_204,-114953453#6,30674315#9
0_205,-114953453#6,30674359#0
0_206,-114953453#6,30674359#5
0_207,-114953453#6,30674385#2
0_208,-114953453#6,30674948
0_209,-114953453#6,30675059#0
0_210,-114953453#6,30675059#1
0_211,-114953453#6,30690502#1
0_212,-114953453#6,30690502#2
0_213,-114953453#6,30690502#4
0_214,-114953453#6,30690502#6
0_215,-114953453#6,30690562#1
0_216,-114953453#6,448630413#6
0_217,-114953453#6,48563898
0_218,-114953453#6,48563902#0
0_219,-114953453#6,48874527#2
0_220,-114953453#6,53104899#1
0_221,-114953453#6,53104910#1
0_222,-114953453#6,564714859
0_223,-114953453#6,577223386#2
0_224,-114953453#6,797350454
0_225,-114953453#6,96606465
0_226,-1240423339#1,-1028425248
0_227,-1240423339#1,-103484187#0
0_228,-1240423339#1,-1055324690
0_229,-1240423339#1,-1055324691
0_230,-1240423339#1,-256677981
0_231,-1240423339#1,-30690563#0
0_232,-1240423339#1,-33831688
0_233,-1240423339#1,-48563893#2
0_234,-1240423339#1,-48874524
0_235,-1240423339#1,-50370694#0
0_236,-1240423339#1,-53104899#0
0_237,-1240423339#1,-53104911#0
0_238,-1240423339#1,-55995910
0_239,-1240423339#1,103484177#2
0_240,-1240423339#1,103484187#2
0_241,-1240423339#1,1055324687#2
0_242,-1240423339#1,114953453#6
0_243,-1240423339#1,1223050325#0
0_244,-1240423339#1,1223050326
0_245,-1240423339#1,1226960836#1
0_246,-1240423339#1,1240423339#1
0_247,-1240423339#1,1240423345#0
0_248,-1240423339#1,1240423346#0
0_249,-1240423339#1,1240423347#0
0_250,-1240423339#1,1240423347#1
0_251,-1240423339#1,1240423348#0
0_252,-1240423339#1,1240423348#1
0_253,-1240423339#1,1240423349#0
0_254,-1240423339#1,1240423360
0_255,-1240423339#1,1296353454
0_256,-1240423339#1,1296353456
0_257,-1240423339#1,131750844#7
0_258,-1240423339#1,131750844#8
0_259,-1240423339#1,131750844#9
0_260,-1240423339#1,131750850#0
0_261,-1240423339#1,131750853#0
0_262,-1240423339#1,131750853#2
0_263,-1240423339#1,131752095#2
0_264,-1240423339#1,151503390#1
0_265,-1240423339#1,167058904#1
0_266,-1240423339#1,167058911#2
0_267,-1240423339#1,25748726#4
0_268,-1240423339#1,25748858
0_269,-1240423339#1,25817735#2
0_270,-1240423339#1,25819014#1
0_271,-1240423339#1,25819014#2
0_272,-1240423339#1,25819177#5
0_273,-1240423339#1,28279138#0
0_274,-1240423339#1,28279138#5
0_275,-1240423339#1,28921528#8
0_276,-1240423339#1,30673346
0_277,-1240423339#1,30674315#11
0_278,-1240423339#1,30674315#8
0_279,-1240423339#1,30674315#9
0_280,-1240423339#1,30674359#0
0_281,-1240423339#1,30674359#5
0_282,-1240423339#1,30674385#2
0_283,-1240423339#1,30674948
0_284,-1240423339#1,30675059#0
0_285,-1240423339#1,30675059#1
0_286,-1240423339#1,30690502#1
0_287,-1240423339#1,30690502#2
0_288,-1240423339#1,30690502#4
0_289,-1240423339#1,30690502#6
0_290,-1240423339#1,30690562#1
0_291,-1240423339#1,448630413#6
0_292,-1240423339#1,48563898
0_293,-1240423339#1,48563902#0
0_294,-1240423339#1,48874527#2
0_295,-1240423339#1,53104899#1
0_296,-1240423339#1,53104910#1
0_297,-1240423339#1,564714859
0_298,-1240423339#1,577223386#2
0_299,-1240423339#1,797350454
0_300,-1240423339#1,96606465
0_301,-1296353454,-1028425248
0_302,-1296353454,-103484187#0
0_303,-1296353454,-1055324690
0_304,-1296353454,-1055324691
0_305,-1296353454,-256677981
0_306,-1296353454,-30690563#0
0_307,-1296353454,-33831688
0_308,-1296353454,-48563893#2
0_309,-1296353454,-48874524
0_310,-1296353454,-50370694#0
0_311,-1296353454,-53104899#0
0_312,-1296353454,-53104911#0
0_313,-1296353454,-55995910
0_314,-1296353454,103484177#2
0_315,-1296353454,103484187#2
0_316,-1296353454,1055324687#2
0_317,-1296353454,114953453#6
0_318,-1296353454,1223050325#0
0_319,-1296353454,1223050326
0_320,-1296353454,1226960836#1
0_321,-1296353454,1240423339#1
0_322,-1296353454,1240423345#0
0_323,-1296353454,1240423346#0
0_324,-1296353454,1240423347#0
0_325,-1296353454,1240423347#1
0_326,-1296353454,1240423348#0
0_327,-1296353454,1240423348#1
0_328,-1296353454,1240423349#0
0_329,-1296353454,1240423360
0_330,-1296353454,1296353454
0_331,-1296353454,1296353456
0_332,-1296353454,131750844#7
0_333,-1296353454,131750844#8
0_334,-1296353454,131750844#9
0_335,-1296353454,131750850#0
0_336,-1296353454,131750853#0
0_337,-1296353454,131750853#2
0_338,-1296353454,131752095#2
0_339,-1296353454,151503390#1
0_340,-1296353454,167058904#1
0_341,-1296353454,167058911#2
0_342,-1296353454,25748726#4
0_343,-1296353454,25748858
0_344,-1296353454,25817735#2
0_345,-1296353454,25819014#1
0_346,-1296353454,25819014#2
0_347,-1296353454,25819177#5
0_348,-1296353454,28279138#0
0_349,-1296353454,28279138#5
0_350,-1296353454,28921528#8
0_351,-1296353454,30673346
0_352,-1296353454,30674315#11
0_353,-1296353454,30674315#8
0_354,-1296353454,30674315#9
0_355,-1296353454,30674359#0
0_356,-1296353454,30674359#5
0_357,-1296353454,30674385#2
0_358,-1296353454,30674948
0_359,-1296353454,30675059#0
0_360,-1296353454,30675059#1
0_361,-1296353454,30690502#1
0_362,-1296353454,30690502#2
0_363,-1296353454,30690502#4
0_364,-1296353454,30690502#6
0_365,-1296353454,30690562#1
0_366,-1296353454,448630413#6
0_367,-1296353454,48563898
0_368,-1296353454,48563902#0
0_369,-1296353454,48874527#2
0_370,-1296353454,53104899#1
0_371,-1296353454,53104910#1
0_372,-1296353454,564714859
0_373,-1296353454,577223386#2
0_374,-1296353454,797350454
0_375,-1296353454,96606465
0_376,-1296353456,-1028425248
0_377,-1296353456,-103484187#0
0_378,-1296353456,-1055324690
0_379,-1296353456,-1055324691
0_380,-1296353456,-256677981
0_381,-1296353456,-30690563#0
0_382,-1296353456,-33831688
0_383,-1296353456,-48563893#2
0_384,-1296353456,-48874524
0_385,-1296353456,-50370694#0
0_386,-1296353456,-53104899#0
0_387,-1296353456,-53104911#0
0_388,-1296353456,-55995910
0_389,-1296353456,103484177#2
0_390,-1296353456,103484187#2
0_391,-1296353456,1055324687#2
0_392,-1296353456,114953453#6
0_393,-1296353456,1223050325#0
0_394,-1296353456,1223050326
0_395,-1296353456,1226960836#1
0_396,-1296353456,1240423339#1
0_397,-1296353456,1240423345#0
0_398,-1296353456,1240423346#0
0_399,-1296353456,1240423347#0
0_400,-1296353456,1240423347#1
0_401,-1296353456,1240423348#0
0_402,-1296353456,1240423348#1
0_403,-1296353456,1240423349#0
0_404,-1296353456,1240423360
0_405,-1296353456,1296353454
0_406,-1296353456,1296353456
0_407,-1296353456,131750844#7
0_408,-1296353456,131750844#8
0_409,-1296353456,131750844#9
0_410,-1296353456,131750850#0
0_411,-1296353456,131750853#0
0_412,-1296353456,131750853#2
0_413,-1296353456,131752095#2
0_414,-1296353456,151503390#1
0_415,-1296353456,167058904#1
0_416,-1296353456,167058911#2
0_417,-1296353456,25748726#4
0_418,-1296353456,25748858
0_419,-1296353456,25817735#2
0_420,-1296353456,25819014#1
0_421,-1296353456,25819014#2
0_422,-1296353456,25819177#5
0_423,-1296353456,28279138#0
0_424,-1296353456,28279138#5
0_425,-1296353456,28921528#8
0_426,-1296353456,30673346
0_427,-1296353456,30674315#11
0_428,-1296353456,30674315#8
0_429,-1296353456,30674315#9
0_430,-1296353456,30674359#0
0_431,-1296353456,30674359#5
0_432,-1296353456,30674385#2
0_433,-1296353456,30674948
0_434,-1296353456,30675059#0
0_435,-1296353456,30675059#1
0_436,-1296353456,30690502#1
0_437,-1296353456,30690502#2
0_438,-1296353456,30690502#4
0_439,-1296353456,30690502#6
0_440,-1296353456,30690562#1
0_441,-1296353456,448630413#6
0_442,-1296353456,48563898
0_443,-1296353456,48563902#0
0_444,-1296353456,48874527#2
0_445,-1296353456,53104899#1
0_446,-1296353456,53104910#1
0_447,-1296353456,564714859
0_448,-1296353456,577223386#2
0_449,-1296353456,797350454
0_450,-1296353456,96606465
0_451,-25748858,-1028425248
0_452,-25748858,-103484187#0
0_453,-25748858,-1055324690
0_454,-25748858,-1055324691
0_455,-25748858,-256677981
0_456,-25748858,-30690563#0
0_457,-25748858,-33831688
0_458,-25748858,-48563893#2
0_459,-25748858,-48874524
0_460,-25748858,-50370694#0
0_461,-25748858,-53104899#0
0_462,-25748858,-53104911#0
0_463,-25748858,-55995910
0_464,-25748858,103484177#2
0_465,-25748858,103484187#2
0_466,-25748858,1055324687#2
0_467,-25748858,114953453#6
0_468,-25748858,1223050325#0
0_469,-25748858,1223050326
0_470,-25748858,1226960836#1
0_471,-25748858,1240423339#1
0_472,-25748858,1240423345#0
0_473,-25748858,1240423346#0
0_474,-25748858,1240423347#0
0_475,-25748858,1240423347#1
0_476,-25748858,1240423348#0
0_477,-25748858,1240423348#1
0_478,-25748858,1240423349#0
0_479,-25748858,1240423360
0_480,-25748858,1296353454
0_481,-25748858,1296353456
0_482,-25748858,131750844#7
0_483,-25748858,131750844#8
0_484,-25748858,131750844#9
0_485,-25748858,131750850#0
0_486,-25748858,131750853#0
0_487,-25748858,131750853#2
0_488,-25748858,131752095#2
0_489,-25748858,151503390#1
0_490,-25748858,167058904#1
0_491,-25748858,167058911#2
0_492,-25748858,25748726#4
0_493,-25748858,25748858
0_494,-25748858,25817735#2
0_495,-25748858,25819014#1
0_496,-25748858,25819014#2
0_497,-25748858,25819177#5
0_498,-25748858,28279138#0
0_499,-25748858,28279138#5
0_500,-25748858,28921528#8
0_501,-25748858,30673346
0_502,-25748858,30674315#11
0_503,-25748858,30674315#8
0_504,-25748858,30674315#9
0_505,-25748858,30674359#0
0_506,-25748858,30674359#5
0_507,-25748858,30674385#2
0_508,-25748858,30674948
0_509,-25748858,30675059#0
0_510,-25748858,30675059#1
0_511,-25748858,30690502#1
0_512,-25748858,30690502#2
0_513,-25748858,30690502#4
0_514,-25748858,30690502#6
0_515,-25748858,30690562#1
0_516,-25748858,448630413#6
0_517,-25748858,48563898
0_518,-25748858,48563902#0
0_519,-25748858,48874527#2
0_520,-25748858,53104899#1
0_521,-25748858,53104910#1
0_522,-25748858,564714859
0_523,-25748858,577223386#2
0_524,-25748858,797350454
0_525,-25748858,96606465
0_526,-25817735#3,-1028425248
0_527,-25817735#3,-103484187#0
0_528,-25817735#3,-1055324690
0_529,-25817735#3,-1055324691
0_530,-25817735#3,-256677981
0_531,-25817735#3,-30690563#0
0_532,-25817735#3,-33831688
0_533,-25817735#3,-48563893#2
0_534,-25817735#3,-48874524
0_535,-25817735#3,-50370694#0
0_536,-25817735#3,-53104899#0
0_537,-25817735#3,-53104911#0
0_538,-25817735#3,-55995910
0_539,-25817735#3,103484177#2
0_540,-25817735#3,103484187#2
0_541,-25817735#3,1055324687#2
0_542,-25817735#3,114953453#6
0_543,-25817735#3,1223050325#0
0_544,-25817735#3,1223050326
0_545,-25817735#3,1226960836#1
0_546,-25817735#3,1240423339#1
0_547,-25817735#3,1240423345#0
0_548,-25817735#3,1240423346#0
0_549,-25817735#3,1240423347#0
0_550,-25817735#3,1240423347#1
0_551,-25817735#3,1240423348#0
0_552,-25817735#3,1240423348#1
0_553,-25817735#3,1240423349#0
0_554,-25817735#3,1240423360
0_555,-25817735#3,1296353454
0_556,-25817735#3,1296353456
0_557,-25817735#3,131750844#7
0_558,-25817735#3,131750844#8
0_559,-25817735#3,131750844#9
0_560,-25817735#3,131750850#0
0_561,-25817735#3,131750853#0
0_562,-25817735#3,131750853#2
0_563,-25817735#3,131752095#2
0_564,-25817735#3,151503390#1
0_565,-25817735#3,167058904#1
0_566,-25817735#3,167058911#2
0_567,-25817735#3,25748726#4
0_568,-25817735#3,25748858
0_569,-25817735#3,25817735#2
0_570,-25817735#3,25819014#1
0_571,-25817735#3,25819014#2
0_572,-25817735#3,25819177#5
0_573,-25817735#3,28279138#0
0_574,-25817735#3,28279138#5
0_575,-25817735#3,28921528#8
0_576,-25817735#3,30673346
0_577,-25817735#3,30674315#11
0_578,-25817735#3,30674315#8
0_579,-25817735#3,30674315#9
0_580,-25817735#3,30674359#0
0_581,-25817735#3,30674359#5
0_582,-25817735#3,30674385#2
0_583,-25817735#3,30674948
0_584,-25817735#3,30675059#0
0_585,-25817735#3,30675059#1
0_586,-25817735#3,30690502#1
0_587,-25817735#3,30690502#2
0_588,-25817735#3,30690502#4
0_589,-25817735#3,30690502#6
0_590,-25817735#3,30690562#1
0_591,-25817735#3,448630413#6
0_592,-25817735#3,48563898
0_593,-25817735#3,48563902#0
0_594,-25817735#3,48874527#2
0_595,-25817735#3,53104899#1
0_596,-25817735#3,53104910#1
0_597,-25817735#3,564714859
0_598,-25817735#3,577223386#2
0_599,-25817735#3,797350454
0_600,-25817735#3,96606465
0_601,-30690562#1,-1028425248
0_602,-30690562#1,-103484187#0
0_603,-30690562#1,-1055324690
0_604,-30690562#1,-1055324691
0_605,-30690562#1,-256677981
0_606,-30690562#1,-30690563#0
0_607,-30690562#1,-33831688
0_608,-30690562#1,-48563893#2
0_609,-30690562#1,-48874524
0_610,-30690562#1,-50370694#0
0_611,-30690562#1,-53104899#0
0_612,-30690562#1,-53104911#0
0_613,-30690562#1,-55995910
0_614,-30690562#1,103484177#2
0_615,-30690562#1,103484187#2
0_616,-30690562#1,1055324687#2
0_617,-30690562#1,114953453#6
0_618,-30690562#1,1223050325#0
0_619,-30690562#1,1223050326
0_620,-30690562#1,1226960836#1
0_621,-30690562#1,1240423339#1
0_622,-30690562#1,1240423345#0
0_623,-30690562#1,1240423346#0
0_624,-30690562#1,1240423347#0
0_625,-30690562#1,1240423347#1
0_626,-30690562#1,1240423348#0
0_627,-30690562#1,1240423348#1
0_628,-30690562#1,1240423349#0
0_629,-30690562#1,1240423360
0_630,-30690562#1,1296353454
0_631,-30690562#1,1296353456
0_632,-30690562#1,131750844#7
0_633,-30690562#1,131750844#8
0_634,-30690562#1,131750844#9
0_635,-30690562#1,131750850#0
0_636,-30690562#1,131750853#0
0_637,-30690562#1,131750853#2
0_638,-30690562#1,131752095#2
0_639,-30690562#1,151503390#1
0_640,-30690562#1,167058904#1
0_641,-30690562#1,167058911#2
0_642,-30690562#1,25748726#4
0_643,-30690562#1,25748858
0_644,-30690562#1,25817735#2
0_645,-30690562#1,25819014#1
0_646,-30690562#1,25819014#2
0_647,-30690562#1,25819177#5
0_648,-30690562#1,28279138#0
0_649,-30690562#1,28279138#5
0_650,-30690562#1,28921528#8
0_651,-30690562#1,30673346
0_652,-30690562#1,30674315#11
0_653,-30690562#1,30674315#8
0_654,-30690562#1,30674315#9
0_655,-30690562#1,30674359#0
0_656,-30690562#1,30674359#5
0_657,-30690562#1,30674385#2
0_658,-30690562#1,30674948
0_659,-30690562#1,30675059#0
0_660,-30690562#1,30675059#1
0_661,-30690562#1,30690502#1
0_662,-30690562#1,30690502#2
0_663,-30690562#1,30690502#4
0_664,-30690562#1,30690502#6
0_665,-30690562#1,30690562#1
0_666,-30690562#1,448630413#6
0_667,-30690562#1,48563898
0_668,-30690562#1,48563902#0
0_669,-30690562#1,48874527#2
0_670,-30690562#1,53104899#1
0_671,-30690562#1,53104910#1
0_672,-30690562#1,564714859
0_673,-30690562#1,577223386#2
0_674,-30690562#1,797350454
0_675,-30690562#1,96606465
0_676,-48563898,-1028425248
0_677,-48563898,-103484187#0
0_678,-48563898,-1055324690
0_679,-48563898,-1055324691
0_680,-48563898,-256677981
0_681,-48563898,-30690563#0
0_682,-48563898,-33831688
0_683,-48563898,-48563893#2
0_684,-48563898,-48874524
0_685,-48563898,-50370694#0
0_686,-48563898,-53104899#0
0_687,-48563898,-53104911#0
0_688,-48563898,-55995910
0_689,-48563898,103484177#2
0_690,-48563898,103484187#2
0_691,-48563898,1055324687#2
0_692,-48563898,114953453#6
0_693,-48563898,1223050325#0
0_694,-48563898,1223050326
0_695,-48563898,1226960836#1
0_696,-48563898,1240423339#1
0_697,-48563898,1240423345#0
0_698,-48563898,1240423346#0
0_699,-48563898,1240423347#0
0_700,-48563898,1240423347#1
0_701,-48563898,1240423348#0
0_702,-48563898,1240423348#1
0_703,-48563898,1240423349#0
0_704,-48563898,1240423360
0_705,-48563898,1296353454
0_706,-48563898,1296353456
0_707,-48563898,131750844#7
0_708,-48563898,131750844#8
0_709,-48563898,131750844#9
0_710,-48563898,131750850#0
0_711,-48563898,131750853#0
0_712,-48563898,131750853#2
0_713,-48563898,131752095#2
0_714,-48563898,151503390#1
0_715,-48563898,167058904#1
0_716,-48563898,167058911#2
0_717,-48563898,25748726#4
0_718,-48563898,25748858
0_719,-48563898,25817735#2
0_720,-48563898,25819014#1
0_721,-48563898,25819014#2
0_722,-48563898,25819177#5
0_723,-48563898,28279138#0
0_724,-48563898,28279138#5
0_725,-48563898,28921528#8
0_726,-48563898,30673346
0_727,-48563898,30674315#11
0_728,-48563898,30674315#8
0_729,-48563898,30674315#9
0_730,-48563898,30674359#0
0_731,-48563898,30674359#5
0_732,-48563898,30674385#2
0_733,-48563898,30674948
0_734,-48563898,30675059#0
0_735,-48563898,30675059#1
0_736,-48563898,30690502#1
0_737,-48563898,30690502#2
0_738,-48563898,30690502#4
0_739,-48563898,30690502#6
0_740,-48563898,30690562#1
0_741,-48563898,448630413#6
0_742,-48563898,48563898
0_743,-48563898,48563902#0
0_744,-48563898,48874527#2
0_745,-48563898,53104899#1
0_746,-48563898,53104910#1
0_747,-48563898,564714859
0_748,-48563898,577223386#2
0_749,-48563898,797350454
0_750,-48563898,96606465
0_751,-48874527#2,-1028425248
0_752,-48874527#2,-103484187#0
0_753,-48874527#2,-1055324690
0_754,-48874527#2,-1055324691
0_755,-48874527#2,-256677981
0_756,-48874527#2,-30690563#0
0_757,-48874527#2,-33831688
0_758,-48874527#2,-48563893#2
0_759,-48874527#2,-48874524
0_760,-48874527#2,-50370694#0
0_761,-48874527#2,-53104899#0
0_762,-48874527#2,-53104911#0
0_763,-48874527#2,-55995910
0_764,-48874527#2,103484177#2
0_765,-48874527#2,103484187#2
0_766,-48874527#2,1055324687#2
0_767,-48874527#2,114953453#6
0_768,-48874527#2,1223050325#0
0_769,-48874527#2,1223050326
0_770,-48874527#2,1226960836#1
0_771,-48874527#2,1240423339#1
0_772,-48874527#2,1240423345#0
0_773,-48874527#2,1240423346#0
0_774,-48874527#2,1240423347#0
0_775,-48874527#2,1240423347#1
0_776,-48874527#2,1240423348#0
0_777,-48874527#2,1240423348#1
0_778,-48874527#2,1240423349#0
0_779,-48874527#2,1240423360
0_780,-48874527#2,1296353454
0_781,-48874527#2,1296353456
0_782,-48874527#2,131750844#7
0_783,-48874527#2,131750844#8
0_784,-48874527#2,131750844#9
0_785,-48874527#2,131750850#0
0_786,-48874527#2,131750853#0
0_787,-48874527#2,131750853#2
0_788,-48874527#2,131752095#2
0_789,-48874527#2,151503390#1
0_790,-48874527#2,167058904#1
0_791,-48874527#2,167058911#2
0_792,-48874527#2,25748726#4
0_793,-48874527#2,25748858
0_794,-48874527#2,25817735#2
0_795,-48874527#2,25819014#1
0_796,-48874527#2,25819014#2
0_797,-48874527#2,25819177#5
0_798,-48874527#2,28279138#0
0_799,-48874527#2,28279138#5
0_800,-48874527#2,28921528#8
0_801,-48874527#2,30673346
0_802,-48874527#2,30674315#11
0_803,-48874527#2,30674315#8
0_804,-48874527#2,30674315#9
0_805,-48874527#2,30674359#0
0_806,-48874527#2,30674359#5
0_807,-48874527#2,30674385#2
0_808,-48874527#2,30674948
0_809,-48874527#2,30675059#0
0_810,-48874527#2,30675059#1
0_811,-48874527#2,30690502#1
0_812,-48874527#2,30690502#2
0_813,-48874527#2,30690502#4
0_814,-48874527#2,30690502#6
0_815,-48874527#2,30690562#1
0_816,-48874527#2,448630413#6
0_817,-48874527#2,48563898
0_818,-48874527#2,48563902#0
0_819,-48874527#2,48874527#2
0_820,-48874527#2,53104899#1
0_821,-48874527#2,53104910#1
0_822,-48874527#2,564714859
0_823,-48874527#2,577223386#2
0_824,-48874527#2,797350454
0_825,-48874527#2,96606465
0_826,-53104899#1,-1028425248
0_827,-53104899#1,-103484187#0
0_828,-53104899#1,-1055324690
0_829,-53104899#1,-1055324691
0_830,-53104899#1,-256677981
0_831,-53104899#1,-30690563#0
0_832,-53104899#1,-33831688
0_833,-53104899#1,-48563893#2
0_834,-53104899#1,-48874524
0_835,-53104899#1,-50370694#0
0_836,-53104899#1,-53104899#0
0_837,-53104899#1,-53104911#0
0_838,-53104899#1,-55995910
0_839,-53104899#1,103484177#2
0_840,-53104899#1,103484187#2
0_841,-53104899#1,1055324687#2
0_842,-53104899#1,114953453#6
0_843,-53104899#1,1223050325#0
0_844,-53104899#1,1223050326
0_845,-53104899#1,1226960836#1
0_846,-53104899#1,1240423339#1
0_847,-53104899#1,1240423345#0
0_848,-53104899#1,1240423346#0
0_849,-53104899#1,1240423347#0
0_850,-53104899#1,1240423347#1
0_851,-53104899#1,1240423348#0
0_852,-53104899#1,1240423348#1
0_853,-53104899#1,1240423349#0
0_854,-53104899#1,1240423360
0_855,-53104899#1,1296353454
0_856,-53104899#1,1296353456
0_857,-53104899#1,131750844#7
0_858,-53104899#1,131750844#8
0_859,-53104899#1,131750844#9
0_860,-53104899#1,131750850#0
0_861,-53104899#1,131750853#0
0_862,-53104899#1,131750853#2
0_863,-53104899#1,131752095#2
0_864,-53104899#1,151503390#1
0_865,-53104899#1,167058904#1
0_866,-53104899#1,167058911#2
0_867,-53104899#1,25748726#4
0_868,-53104899#1,25748858
0_869,-53104899#1,25817735#2
0_870,-53104899#1,25819014#1
0_871,-53104899#1,25819014#2
0_872,-53104899#1,25819177#5
0_873,-53104899#1,28279138#0
0_874,-53104899#1,28279138#5
0_875,-53104899#1,28921528#8
0_876,-53104899#1,30673346
0_877,-53104899#1,30674315#11
0_878,-53104899#1,30674315#8
0_879,-53104899#1,30674315#9
0_880,-53104899#1,30674359#0
0_881,-53104899#1,30674359#5
0_882,-53104899#1,30674385#2
0_883,-53104899#1,30674948
0_884,-53104899#1,30675059#0
0_885,-53104899#1,30675059#1
0_886,-53104899#1,30690502#1
0_887,-53104899#1,30690502#2
0_888,-53104899#1,30690502#4
0_889,-53104899#1,30690502#6
0_890,-53104899#1,30690562#1
0_891,-53104899#1,448630413#6
0_892,-53104899#1,48563898
0_893,-53104899#1,48563902#0
0_894,-53104899#1,48874527#2
0_895,-53104899#1,53104899#1
0_896,-53104899#1,53104910#1
0_897,-53104899#1,564714859
0_898,-53104899#1,577223386#2
0_899,-53104899#1,797350454
0_900,-53104899#1,96606465
0_901,-53104910#1,-1028425248
0_902,-53104910#1,-103484187#0
0_903,-53104910#1,-1055324690
0_904,-53104910#1,-1055324691
0_905,-53104910#1,-256677981
0_906,-53104910#1,-30690563#0
0_907,-53104910#1,-33831688
0_908,-53104910#1,-48563893#2
0_909,-53104910#1,-48874524
0_910,-53104910#1,-50370694#0
0_911,-53104910#1,-53104899#0
0_912,-53104910#1,-53104911#0
0_913,-53104910#1,-55995910
0_914,-53104910#1,103484177#2
0_915,-53104910#1,103484187#2
0_916,-53104910#1,1055324687#2
0_917,-53104910#1,114953453#6
0_918,-53104910#1,1223050325#0
0_919,-53104910#1,1223050326
0_920,-53104910#1,1226960836#1
0_921,-53104910#1,1240423339#1
0_922,-53104910#1,1240423345#0
0_923,-53104910#1,1240423346#0
0_924,-53104910#1,1240423347#0
0_925,-53104910#1,1240423347#1
0_926,-53104910#1,1240423348#0
0_927,-53104910#1,1240423348#1
0_928,-53104910#1,1240423349#0
0_929,-53104910#1,1240423360
0_930,-53104910#1,1296353454
0_931,-53104910#1,1296353456
0_932,-53104910#1,131750844#7
0_933,-53104910#1,131750844#8
0_934,-53104910#1,131750844#9
0_935,-53104910#1,131750850#0
0_936,-53104910#1,131750853#0
0_937,-53104910#1,131750853#2
0_938,-53104910#1,131752095#2
0_939,-53104910#1,151503390#1
0_940,-53104910#1,167058904#1
0_941,-53104910#1,167058911#2
0_942,-53104910#1,25748726#4
0_943,-53104910#1,25748858
0_944,-53104910#1,25817735#2
0_945,-53104910#1,25819014#1
0_946,-53104910#1,25819014#2
0_947,-53104910#1,25819177#5
0_948,-53104910#1,28279138#0
0_949,-53104910#1,28279138#5
0_950,-53104910#1,28921528#8
0_951,-53104910#1,30673346
0_952,-53104910#1,30674315#11
0_953,-53104910#1,30674315#8
0_954,-53104910#1,30674315#9
0_955,-53104910#1,30674359#0
0_956,-53104910#1,30674359#5
0_957,-53104910#1,30674385#2
0_958,-53104910#1,30674948
0_959,-53104910#1,30675059#0
0_960,-53104910#1,30675059#1
0_961,-53104910#1,30690502#1
0_962,-53104910#1,30690502#2
0_963,-53104910#1,30690502#4
0_964,-53104910#1,30690502#6
0_965,-53104910#1,30690562#1
0_966,-53104910#1,448630413#6
0_967,-53104910#1,48563898
0_968,-53104910#1,48563902#0
0_969,-53104910#1,48874527#2
0_970,-53104910#1,53104899#1
0_971,-53104910#1,53104910#1
0_972,-53104910#1,564714859
0_973,-53104910#1,577223386#2
0_974,-53104910#1,797350454
0_975,-53104910#1,96606465
0_976,-564714859,-1028425248
0_977,-564714859,-103484187#0
0_978,-564714859,-1055324690
0_979,-564714859,-1055324691
0_980,-564714859,-256677981
0_981,-564714859,-30690563#0
0_982,-564714859,-33831688
0_983,-564714859,-48563893#2
0_984,-564714859,-48874524
0_985,-564714859,-50370694#0
0_986,-564714859,-53104899#0
0_987,-564714859,-53104911#0
0_988,-564714859,-55995910
0_989,-564714859,103484177#2
0_990,-564714859,103484187#2
0_991,-564714859,1055324687#2
0_992,-564714859,114953453#6
0_993,-564714859,1223050325#0
0_994,-564714859,1223050326
0_995,-564714859,1226960836#1
0_996,-564714859,1240423339#1
0_997,-564714859,1240423345#0
0_998,-564714859,1240423346#0
0_999,-564714859,1240423347#0
0_1000,-564714859,1240423347#1
0_1001,-564714859,1240423348#0
0_1002,-564714859,1240423348#1
0_1003,-564714859,1240423349#0
0_1004,-564714859,1240423360
0_1005,-564714859,1296353454
0_1006,-564714859,1296353456
0_1007,-564714859,131750844#7
0_1008,-564714859,131750844#8
0_1009,-564714859,131750844#9
0_1010,-564714859,131750850#0
0_1011,-564714859,131750853#0
0_1012,-564714859,131750853#2
0_1013,-564714859,131752095#2
0_1014,-564714859,151503390#1
0_1015,-564714859,167058904#1
0_1016,-564714859,167058911#2
0_1017,-564714859,25748726#4
0_1018,-564714859,25748858
0_1019,-564714859,25817735#2
0_1020,-564714859,25819014#1
0_1021,-564714859,25819014#2
0_1022,-564714859,25819177#5
0_1023,-564714859,28279138#0
0_1024,-564714859,28279138#5
0_1025,-564714859,28921528#8
0_1026,-564714859,30673346
0_1027,-564714859,30674315#11
0_1028,-564714859,30674315#8
0_1029,-564714859,30674315#9
0_1030,-564714859,30674359#0
0_1031,-564714859,30674359#5
0_1032,-564714859,30674385#2
0_1033,-564714859,30674948
0_1034,-564714859,30675059#0
0_1035,-564714859,30675059#1
0_1036,-564714859,30690502#1
0_1037,-564714859,30690502#2
0_1038,-564714859,30690502#4
0_1039,-564714859,30690502#6
0_1040,-564714859,30690562#1
0_1041,-564714859,448630413#6
0_1042,-564714859,48563898
0_1043,-564714859,48563902#0
0_1044,-564714859,48874527#2
0_1045,-564714859,53104899#1
0_1046,-564714859,53104910#1
0_1047,-564714859,564714859
0_1048,-564714859,577223386#2
0_1049,-564714859,797350454
0_1050,-564714859,96606465
0_1051,-577223386#2,-1028425248
0_1052,-577223386#2,-103484187#0
0_1053,-577223386#2,-1055324690
0_1054,-577223386#2,-1055324691
0_1055,-577223386#2,-256677981
0_1056,-577223386#2,-30690563#0
0_1057,-577223386#2,-33831688
0_1058,-577223386#2,-48563893#2
0_1059,-577223386#2,-48874524
0_1060,-577223386#2,-50370694#0
0_1061,-577223386#2,-53104899#0
0_1062,-577223386#2,-53104911#0
0_1063,-577223386#2,-55995910
0_1064,-577223386#2,103484177#2
0_1065,-577223386#2,103484187#2
0_1066,-577223386#2,1055324687#2
0_1067,-577223386#2,114953453#6
0_1068,-577223386#2,1223050325#0
0_1069,-577223386#2,1223050326
0_1070,-577223386#2,1226960836#1
0_1071,-577223386#2,1240423339#1
0_1072,-577223386#2,1240423345#0
0_1073,-577223386#2,1240423346#0
0_1074,-577223386#2,1240423347#0
0_1075,-577223386#2,1240423347#1
0_1076,-577223386#2,1240423348#0
0_1077,-577223386#2,1240423348#1
0_1078,-577223386#2,1240423349#0
0_1079,-577223386#2,1240423360
0_1080,-577223386#2,1296353454
0_1081,-577223386#2,1296353456
0_1082,-577223386#2,131750844#7
0_1083,-577223386#2,131750844#8
0_1084,-577223386#2,131750844#9
0_1085,-577223386#2,131750850#0
0_1086,-577223386#2,131750853#0
0_1087,-577223386#2,131750853#2
0_1088,-577223386#2,131752095#2
0_1089,-577223386#2,151503390#1
0_1090,-577223386#2,167058904#1
0_1091,-577223386#2,167058911#2
0_1092,-577223386#2,25748726#4
0_1093,-577223386#2,25748858
0_1094,-577223386#2,25817735#2
0_1095,-577223386#2,25819014#1
0_1096,-577223386#2,25819014#2
0_1097,-577223386#2,25819177#5
0_1098,-577223386#2,28279138#0
0_1099,-577223386#2,28279138#5
0_1100,-577223386#2,28921528#8
0_1101,-577223386#2,30673346
0_1102,-577223386#2,30674315#11
0_1103,-577223386#2,30674315#8
0_1104,-577223386#2,30674315#9
0_1105,-577223386#2,30674359#0
0_1106,-577223386#2,30674359#5
0_1107,-577223386#2,30674385#2
0_1108,-577223386#2,30674948
0_1109,-577223386#2,30675059#0
0_1110,-577223386#2,30675059#1
0_1111,-577223386#2,30690502#1
0_1112,-577223386#2,30690502#2
0_1113,-577223386#2,30690502#4
0_1114,-577223386#2,30690502#6
0_1115,-577223386#2,30690562#1
0_1116,-577223386#2,448630413#6
0_1117,-577223386#2,48563898
0_1118,-577223386#2,48563902#0
0_1119,-577223386#2,48874527#2
0_1120,-577223386#2,53104899#1
0_1121,-577223386#2,53104910#1
0_1122,-577223386#2,564714859
0_1123,-577223386#2,577223386#2
0_1124,-577223386#2,797350454
0_1125,-577223386#2,96606465
0_1126,-95637947,-1028425248
0_1127,-95637947,-103484187#0
0_1128,-95637947,-1055324690
0_1129,-95637947,-1055324691
0_1130,-95637947,-256677981
0_1131,-95637947,-30690563#0
0_1132,-95637947,-33831688
0_1133,-95637947,-48563893#2
0_1134,-95637947,-48874524
0_1135,-95637947,-50370694#0
0_1136,-95637947,-53104899#0
0_1137,-95637947,-53104911#0
0_1138,-95637947,-55995910
0_1139,-95637947,103484177#2
0_1140,-95637947,103484187#2
0_1141,-95637947,1055324687#2
0_1142,-95637947,114953453#6
0_1143,-95637947,1223050325#0
0_1144,-95637947,1223050326
0_1145,-95637947,1226960836#1
0_1146,-95637947,1240423339#1
0_1147,-95637947,1240423345#0
0_1148,-95637947,1240423346#0
0_1149,-95637947,1240423347#0
0_1150,-95637947,1240423347#1
0_1151,-95637947,1240423348#0
0_1152,-95637947,1240423348#1
0_1153,-95637947,1240423349#0
0_1154,-95637947,1240423360
0_1155,-95637947,1296353454
0_1156,-95637947,1296353456
0_1157,-95637947,131750844#7
0_1158,-95637947,131750844#8
0_1159,-95637947,131750844#9
0_1160,-95637947,131750850#0
0_1161,-95637947,131750853#0
0_1162,-95637947,131750853#2
0_1163,-95637947,131752095#2
0_1164,-95637947,151503390#1
0_1165,-95637947,167058904#1
0_1166,-95637947,167058911#2
0_1167,-95637947,25748726#4
0_1168,-95637947,25748858
0_1169,-95637947,25817735#2
0_1170,-95637947,25819014#1
0_1171,-95637947,25819014#2
0_1172,-95637947,25819177#5
0_1173,-95637947,28279138#0
0_1174,-95637947,28279138#5
0_1175,-95637947,28921528#8
0_1176,-95637947,30673346
0_1177,-95637947,30674315#11
0_1178,-95637947,30674315#8
0_1179,-95637947,30674315#9
0_1180,-95637947,30674359#0
0_1181,-95637947,30674359#5
0_1182,-95637947,30674385#2
0_1183,-95637947,30674948
0_1184,-95637947,30675059#0
0_1185,-95637947,30675059#1
0_1186,-95637947,30690502#1
0_1187,-95637947,30690502#2
0_1188,-95637947,30690502#4
0_1189,-95637947,30690502#6
0_1190,-95637947,30690562#1
0_1191,-95637947,448630413#6
0_1192,-95637947,48563898
0_1193,-95637947,48563902#0
0_1194,-95637947,48874527#2
0_1195,-95637947,53104899#1
0_1196,-95637947,53104910#1
0_1197,-95637947,564714859
0_1198,-95637947,577223386#2
0_1199,-95637947,797350454
0_1200,-95637947,96606465
0_1201,1028425248,-1028425248
0_1202,1028425248,-103484187#0
0_1203,1028425248,-1055324690
0_1204,1028425248,-1055324691
0_1205,1028425248,-256677981
0_1206,1028425248,-30690563#0
0_1207,1028425248,-33831688
0_1208,1028425248,-48563893#2
0_1209,1028425248,-48874524
0_1210,1028425248,-50370694#0
0_1211,1028425248,-53104899#0
0_1212,1028425248,-53104911#0
0_1213,1028425248,-55995910
0_1214,1028425248,103484177#2
0_1215,1028425248,103484187#2
0_1216,1028425248,1055324687#2
0_1217,1028425248,114953453#6
0_1218,1028425248,1223050325#0
0_1219,1028425248,1223050326
0_1220,1028425248,1226960836#1
0_1221,1028425248,1240423339#1
0_1222,1028425248,1240423345#0
0_1223,1028425248,1240423346#0
0_1224,1028425248,1240423347#0
0_1225,1028425248,1240423347#1
0_1226,1028425248,1240423348#0
0_1227,1028425248,1240423348#1
0_1228,1028425248,1240423349#0
0_1229,1028425248,1240423360
0_1230,1028425248,1296353454
0_1231,1028425248,1296353456
0_1232,1028425248,131750844#7
0_1233,1028425248,131750844#8
0_1234,1028425248,131750844#9
0_1235,1028425248,131750850#0
0_1236,1028425248,131750853#0
0_1237,1028425248,131750853#2
0_1238,1028425248,131752095#2
0_1239,1028425248,151503390#1
0_1240,1028425248,167058904#1
0_1241,1028425248,167058911#2
0_1242,1028425248,25748726#4
0_1243,1028425248,25748858
0_1244,1028425248,25817735#2
0_1245,1028425248,25819014#1
0_1246,1028425248,25819014#2
0_1247,1028425248,25819177#5
0_1248,1028425248,28279138#0
0_1249,1028425248,28279138#5
0_1250,1028425248,28921528#8
0_1251,1028425248,30673346
0_1252,1028425248,30674315#11
0_1253,1028425248,30674315#8
0_1254,1028425248,30674315#9
0_1255,1028425248,30674359#0
0_1256,1028425248,30674359#5
0_1257,1028425248,30674385#2
0_1258,1028425248,30674948
0_1259,1028425248,30675059#0
0_1260,1028425248,30675059#1
0_1261,1028425248,30690502#1
0_1262,1028425248,30690502#2
0_1263,1028425248,30690502#4
0_1264,1028425248,30690502#6
0_1265,1028425248,30690562#1
0_1266,1028425248,448630413#6
0_1267,1028425248,48563898
0_1268,1028425248,48563902#0
0_1269,1028425248,48874527#2
0_1270,1028425248,53104899#1
0_1271,1028425248,53104910#1
0_1272,1028425248,564714859
0_1273,1028425248,577223386#2
0_1274,1028425248,797350454
0_1275,1028425248,96606465
0_1276,1028425251,-1028425251
0_1277,103484187#0,-1028425248
0_1278,103484187#0,-103484187#0
0_1279,103484187#0,-1055324690
0_1280,103484187#0,-1055324691
0_1281,103484187#0,-256677981
0_1282,103484187#0,-30690563#0
0_1283,103484187#0,-33831688
0_1284,103484187#0,-48563893#2
0_1285,103484187#0,-48874524
0_1286,103484187#0,-50370694#0
0_1287,103484187#0,-53104899#0
0_1288,103484187#0,-53104911#0
0_1289,103484187#0,-55995910
0_1290,103484187#0,103484177#2
0_1291,103484187#0,103484187#2
0_1292,103484187#0,1055324687#2
0_1293,103484187#0,114953453#6
0_1294,103484187#0,1223050325#0
0_1295,103484187#0,1223050326
0_1296,103484187#0,1226960836#1
0_1297,103484187#0,1240423339#1
0_1298,103484187#0,1240423345#0
0_1299,103484187#0,1240423346#0
0_1300,103484187#0,1240423347#0
0_1301,103484187#0,1240423347#1
0_1302,103484187#0,1240423348#0
0_1303,103484187#0,1240423348#1
0_1304,103484187#0,1240423349#0
0_1305,103484187#0,1240423360
0_1306,103484187#0,1296353454
0_1307,103484187#0,1296353456
0_1308,103484187#0,131750844#7
0_1309,103484187#0,131750844#8
0_1310,103484187#0,131750844#9
0_1311,103484187#0,131750850#0
0_1312,103484187#0,131750853#0
0_1313,103484187#0,131750853#2
0_1314,103484187#0,131752095#2
0_1315,103484187#0,151503390#1
0_1316,103484187#0,167058904#1
0_1317,103484187#0,167058911#2
0_1318,103484187#0,25748726#4
0_1319,103484187#0,25748858
0_1320,103484187#0,25817735#2
0_1321,103484187#0,25819014#1
0_1322,103484187#0,25819014#2
0_1323,103484187#0,25819177#5
0_1324,103484187#0,28279138#0
0_1325,103484187#0,28279138#5
0_1326,103484187#0,28921528#8
0_1327,103484187#0,30673346
0_1328,103484187#0,30674315#11
0_1329,103484187#0,30674315#8
0_1330,103484187#0,30674315#9
0_1331,103484187#0,30674359#0
0_1332,103484187#0,30674359#5
0_1333,103484187#0,30674385#2
0_1334,103484187#0,30674948
0_1335,103484187#0,30675059#0
0_1336,103484187#0,30675059#1
0_1337,103484187#0,30690502#1
0_1338,103484187#0,30690502#2
0_1339,103484187#0,30690502#4
0_1340,103484187#0,30690502#6
0_1341,103484187#0,30690562#1
0_1342,103484187#0,448630413#6
0_1343,103484187#0,48563898
0_1344,103484187#0,48563902#0
0_1345,103484187#0,48874527#2
0_1346,103484187#0,53104899#1
0_1347,103484187#0,53104910#1
0_1348,103484187#0,564714859
0_1349,103484187#0,577223386#2
0_1350,103484187#0,797350454
0_1351,103484187#0,96606465
0_1352,1055324687#2,-1028425248
0_1353,1055324687#2,-103484187#0
0_1354,1055324687#2,-1055324690
0_1355,1055324687#2,-1055324691
0_1356,1055324687#2,-256677981
0_1357,1055324687#2,-30690563#0
0_1358,1055324687#2,-33831688
0_1359,1055324687#2,-48563893#2
0_1360,1055324687#2,-48874524
0_1361,1055324687#2,-50370694#0
0_1362,1055324687#2,-53104899#0
0_1363,1055324687#2,-53104911#0
0_1364,1055324687#2,-55995910
0_1365,1055324687#2,103484177#2
0_1366,1055324687#2,103484187#2
0_1367,1055324687#2,114953453#6
0_1368,1055324687#2,1223050325#0
0_1369,1055324687#2,1223050326
0_1370,1055324687#2,1226960836#1
0_1371,1055324687#2,1240423339#1
0_1372,1055324687#2,1240423345#0
0_1373,1055324687#2,1240423346#0
0_1374,1055324687#2,1240423347#0
0_1375,1055324687#2,1240423347#1
0_1376,1055324687#2,1240423348#0
0_1377,1055324687#2,1240423348#1
0_1378,1055324687#2,1240423349#0
0_1379,1055324687#2,1240423360
0_1380,1055324687#2,1296353454
0_1381,1055324687#2,1296353456
0_1382,1055324687#2,131750844#7
0_1383,1055324687#2,131750844#8
0_1384,1055324687#2,131750844#9
0_1385,1055324687#2,131750850#0
0_1386,1055324687#2,131750853#0
0_1387,1055324687#2,131750853#2
0_1388,1055324687#2,131752095#2
0_1389,1055324687#2,151503390#1
0_1390,1055324687#2,167058904#1
0_1391,1055324687#2,167058911#2
0_1392,1055324687#2,25748726#4
0_1393,1055324687#2,25748858
0_1394,1055324687#2,25817735#2
0_1395,1055324687#2,25819014#1
0_1396,1055324687#2,25819014#2
0_1397,1055324687#2,25819177#5
0_1398,1055324687#2,28279138#0
0_1399,1055324687#2,28279138#5
0_1400,1055324687#2,28921528#8
0_1401,1055324687#2,30673346
0_1402,1055324687#2,30674315#11
0_1403,1055324687#2,30674315#8
0_1404,1055324687#2,30674315#9
0_1405,1055324687#2,30674359#0
0_1406,1055324687#2,30674359#5
0_1407,1055324687#2,30674385#2
0_1408,1055324687#2,30674948
0_1409,1055324687#2,30675059#0
0_1410,1055324687#2,30675059#1
0_1411,1055324687#2,30690502#1
0_1412,1055324687#2,30690502#2
0_1413,1055324687#2,30690502#4
0_1414,1055324687#2,30690502#6
0_1415,1055324687#2,30690562#1
0_1416,1055324687#2,448630413#6
0_1417,1055324687#2,48563898
0_1418,1055324687#2,48563902#0
0_1419,1055324687#2,48874527#2
0_1420,1055324687#2,53104899#1
0_1421,1055324687#2,53104910#1
0_1422,1055324687#2,564714859
0_1423,1055324687#2,577223386#2
0_1424,1055324687#2,797350454
0_1425,1055324687#2,96606465
0_1426,1055324690,-1028425248
0_1427,1055324690,-103484187#0
0_1428,1055324690,-1055324690
0_1429,1055324690,-1055324691
0_1430,1055324690,-256677981
0_1431,1055324690,-30690563#0
0_1432,1055324690,-33831688
0_1433,1055324690,-48563893#2
0_1434,1055324690,-48874524
0_1435,1055324690,-50370694#0
0_1436,1055324690,-53104899#0
0_1437,1055324690,-53104911#0
0_1438,1055324690,-55995910
0_1439,1055324690,103484177#2
0_1440,1055324690,103484187#2
0_1441,1055324690,1055324687#2
0_1442,1055324690,114953453#6
0_1443,1055324690,1223050325#0
0_1444,1055324690,1223050326
0_1445,1055324690,1226960836#1
0_1446,1055324690,1240423339#1
0_1447,1055324690,1240423345#0
0_1448,1055324690,1240423346#0
0_1449,1055324690,1240423347#0
0_1450,1055324690,1240423347#1
0_1451,1055324690,1240423348#0
0_1452,1055324690,1240423348#1
0_1453,1055324690,1240423349#0
0_1454,1055324690,1240423360
0_1455,1055324690,1296353454
0_1456,1055324690,1296353456
0_1457,1055324690,131750844#7
0_1458,1055324690,131750844#8
0_1459,1055324690,131750844#9
0_1460,1055324690,131750850#0
0_1461,1055324690,131750853#0
0_1462,1055324690,131750853#2
0_1463,1055324690,131752095#2
0_1464,1055324690,151503390#1
0_1465,1055324690,167058904#1
0_1466,1055324690,167058911#2
0_1467,1055324690,25748726#4
0_1468,1055324690,25748858
0_1469,1055324690,25817735#2
0_1470,1055324690,25819014#1
0_1471,1055324690,25819014#2
0_1472,1055324690,25819177#5
0_1473,1055324690,28279138#0
0_1474,1055324690,28279138#5
0_1475,1055324690,28921528#8
0_1476,1055324690,30673346
0_1477,1055324690,30674315#11
0_1478,1055324690,30674315#8
0_1479,1055324690,30674315#9
0_1480,1055324690,30674359#0
0_1481,1055324690,30674359#5
0_1482,1055324690,30674385#2
0_1483,1055324690,30674948
0_1484,1055324690,30675059#0
0_1485,1055324690,30675059#1
0_1486,1055324690,30690502#1
0_1487,1055324690,30690502#2
0_1488,1055324690,30690502#4
0_1489,1055324690,30690502#6
0_1490,1055324690,30690562#1
0_1491,1055324690,448630413#6
0_1492,1055324690,48563898
0_1493,1055324690,48563902#0
0_1494,1055324690,48874527#2
0_1495,1055324690,53104899#1
0_1496,1055324690,53104910#1
0_1497,1055324690,564714859
0_1498,1055324690,577223386#2
0_1499,1055324690,797350454
0_1500,1055324690,96606465
0_1501,1055324691,-1028425248
0_1502,1055324691,-103484187#0
0_1503,1055324691,-1055324690
0_1504,1055324691,-1055324691
0_1505,1055324691,-256677981
0_1506,1055324691,-30690563#0
0_1507,1055324691,-33831688
0_1508,1055324691,-48563893#2
0_1509,1055324691,-48874524
0_1510,1055324691,-50370694#0
0_1511,1055324691,-53104899#0
0_1512,1055324691,-53104911#0
0_1513,1055324691,-55995910
0_1514,1055324691,103484177#2
0_1515,1055324691,103484187#2
0_1516,1055324691,1055324687#2
0_1517,1055324691,114953453#6
0_1518,1055324691,1223050325#0
0_1519,1055324691,1223050326
0_1520,1055324691,1226960836#1
0_1521,1055324691,1240423339#1
0_1522,1055324691,1240423345#0
0_1523,1055324691,1240423346#0
0_1524,1055324691,1240423347#0
0_1525,1055324691,1240423347#1
0_1526,1055324691,1240423348#0
0_1527,1055324691,1240423348#1
0_1528,1055324691,1240423349#0
0_1529,1055324691,1240423360
0_1530,1055324691,1296353454
0_1531,1055324691,1296353456
0_1532,1055324691,131750844#7
0_1533,1055324691,131750844#8
0_1534,1055324691,131750844#9
0_1535,1055324691,131750850#0
0_1536,1055324691,131750853#0
0_1537,1055324691,131750853#2
0_1538,1055324691,131752095#2
0_1539,1055324691,151503390#1
0_1540,1055324691,167058904#1
0_1541,1055324691,167058911#2
0_1542,1055324691,25748726#4
0_1543,1055324691,25748858
0_1544,1055324691,25817735#2
0_1545,1055324691,25819014#1
0_1546,1055324691,25819014#2
0_1547,1055324691,25819177#5
0_1548,1055324691,28279138#0
0_1549,1055324691,28279138#5
0_1550,1055324691,28921528#8
0_1551,1055324691,30673346
0_1552,1055324691,30674315#11
0_1553,1055324691,30674315#8
0_1554,1055324691,30674315#9
0_1555,1055324691,30674359#0
0_1556,1055324691,30674359#5
0_1557,1055324691,30674385#2
0_1558,1055324691,30674948
0_1559,1055324691,30675059#0
0_1560,1055324691,30675059#1
0_1561,1055324691,30690502#1
0_1562,1055324691,30690502#2
0_1563,1055324691,30690502#4
0_1564,1055324691,30690502#6
0_1565,1055324691,30690562#1
0_1566,1055324691,448630413#6
0_1567,1055324691,48563898
0_1568,1055324691,48563902#0
0_1569,1055324691,48874527#2
0_1570,1055324691,53104899#1
0_1571,1055324691,53104910#1
0_1572,1055324691,564714859
0_1573,1055324691,577223386#2
0_1574,1055324691,797350454
0_1575,1055324691,96606465
0_1576,1223049032#4,-1028425248
0_1577,1223049032#4,-103484187#0
0_1578,1223049032#4,-1055324690
0_1579,1223049032#4,-1055324691
0_1580,1223049032#4,-256677981
0_1581,1223049032#4,-30690563#0
0_1582,1223049032#4,-33831688
0_1583,1223049032#4,-48563893#2
0_1584,1223049032#4,-48874524
0_1585,1223049032#4,-50370694#0
0_1586,1223049032#4,-53104899#0
0_1587,1223049032#4,-53104911#0
0_1588,1223049032#4,-55995910
0_1589,1223049032#4,103484177#2
0_1590,1223049032#4,103484187#2
0_1591,1223049032#4,1055324687#2
0_1592,1223049032#4,114953453#6
0_1593,1223049032#4,1223050325#0
0_1594,1223049032#4,1223050326
0_1595,1223049032#4,1226960836#1
0_1596,1223049032#4,1240423339#1
0_1597,1223049032#4,1240423345#0
0_1598,1223049032#4,1240423346#0
0_1599,1223049032#4,1240423347#0
0_1600,1223049032#4,1240423347#1
0_1601,1223049032#4,1240423348#0
0_1602,1223049032#4,1240423348#1
0_1603,1223049032#4,1240423349#0
0_1604,1223049032#4,1240423360
0_1605,1223049032#4,1296353454
0_1606,1223049032#4,1296353456
0_1607,1223049032#4,131750844#7
0_1608,1223049032#4,131750844#8
0_1609,1223049032#4,131750844#9
0_1610,1223049032#4,131750850#0
0_1611,1223049032#4,131750853#0
0_1612,1223049032#4,131750853#2
0_1613,1223049032#4,131752095#2
0_1614,1223049032#4,151503390#1
0_1615,1223049032#4,167058904#1
0_1616,1223049032#4,167058911#2
0_1617,1223049032#4,25748726#4
0_1618,1223049032#4,25748858
0_1619,1223049032#4,25817735#2
0_1620,1223049032#4,25819014#1
0_1621,1223049032#4,25819014#2
0_1622,1223049032#4,25819177#5
0_1623,1223049032#4,28279138#0
0_1624,1223049032#4,28279138#5
0_1625,1223049032#4,28921528#8
0_1626,1223049032#4,30673346
0_1627,1223049032#4,30674315#11
0_1628,1223049032#4,30674315#8
0_1629,1223049032#4,30674315#9
0_1630,1223049032#4,30674359#0
0_1631,1223049032#4,30674359#5
0_1632,1223049032#4,30674385#2
0_1633,1223049032#4,30674948
0_1634,1223049032#4,30675059#0
0_1635,1223049032#4,30675059#1
0_1636,1223049032#4,30690502#1
0_1637,1223049032#4,30690502#2
0_1638,1223049032#4,30690502#4
0_1639,1223049032#4,30690502#6
0_1640,1223049032#4,30690562#1
0_1641,1223049032#4,448630413#6
0_1642,1223049032#4,48563898
0_1643,1223049032#4,48563902#0
0_1644,1223049032#4,48874527#2
0_1645,1223049032#4,53104899#1
0_1646,1223049032#4,53104910#1
0_1647,1223049032#4,564714859
0_1648,1223049032#4,577223386#2
0_1649,1223049032#4,797350454
0_1650,1223049032#4,96606465
0_1651,1226960836#0,-1028425248
0_1652,1226960836#0,-103484187#0
0_1653,1226960836#0,-1055324690
0_1654,1226960836#0,-1055324691
0_1655,1226960836#0,-256677981
0_1656,1226960836#0,-30690563#0
0_1657,1226960836#0,-33831688
0_1658,1226960836#0,-48563893#2
0_1659,1226960836#0,-48874524
0_1660,1226960836#0,-50370694#0
0_1661,1226960836#0,-53104899#0
0_1662,1226960836#0,-53104911#0
0_1663,1226960836#0,-55995910
0_1664,1226960836#0,103484177#2
0_1665,1226960836#0,103484187#2
0_1666,1226960836#0,1055324687#2
0_1667,1226960836#0,114953453#6
0_1668,1226960836#0,1223050325#0
0_1669,1226960836#0,1223050326
0_1670,1226960836#0,1226960836#1
0_1671,1226960836#0,1240423339#1
0_1672,1226960836#0,1240423345#0
0_1673,1226960836#0,1240423346#0
0_1674,1226960836#0,1240423347#0
0_1675,1226960836#0,1240423347#1
0_1676,1226960836#0,1240423348#0
0_1677,1226960836#0,1240423348#1
0_1678,1226960836#0,1240423349#0
0_1679,1226960836#0,1240423360
0_1680,1226960836#0,1296353454
0_1681,1226960836#0,1296353456
0_1682,1226960836#0,131750844#7
0_1683,1226960836#0,131750844#8
0_1684,1226960836#0,131750844#9
0_1685,1226960836#0,131750850#0
0_1686,1226960836#0,131750853#0
0_1687,1226960836#0,131750853#2
0_1688,1226960836#0,131752095#2
0_1689,1226960836#0,151503390#1
0_1690,1226960836#0,167058904#1
0_1691,1226960836#0,167058911#2
0_1692,1226960836#0,25748726#4
0_1693,1226960836#0,25748858
0_1694,1226960836#0,25817735#2
0_1695,1226960836#0,25819014#1
0_1696,1226960836#0,25819014#2
0_1697,1226960836#0,25819177#5
0_1698,1226960836#0,28279138#0
0_1699,1226960836#0,28279138#5
0_1700,1226960836#0,28921528#8
0_1701,1226960836#0,30673346
0_1702,1226960836#0,30674315#11
0_1703,1226960836#0,30674315#8
0_1704,1226960836#0,30674315#9
0_1705,1226960836#0,30674359#0
0_1706,1226960836#0,30674359#5
0_1707,1226960836#0,30674385#2
0_1708,1226960836#0,30674948
0_1709,1226960836#0,30675059#0
0_1710,1226960836#0,30675059#1
0_1711,1226960836#0,30690502#1
0_1712,1226960836#0,30690502#2
0_1713,1226960836#0,30690502#4
0_1714,1226960836#0,30690502#6
0_1715,1226960836#0,30690562#1
0_1716,1226960836#0,448630413#6
0_1717,1226960836#0,48563898
0_1718,1226960836#0,48563902#0
0_1719,1226960836#0,48874527#2
0_1720,1226960836#0,53104899#1
0_1721,1226960836#0,53104910#1
0_1722,1226960836#0,564714859
0_1723,1226960836#0,577223386#2
0_1724,1226960836#0,797350454
0_1725,1226960836#0,96606465
0_1726,1240423343#1,-1028425248
0_1727,1240423343#1,-103484187#0
0_1728,1240423343#1,-1055324690
0_1729,1240423343#1,-1055324691
0_1730,1240423343#1,-256677981
0_1731,1240423343#1,-30690563#0
0_1732,1240423343#1,-33831688
0_1733,1240423343#1,-48563893#2
0_1734,1240423343#1,-48874524
0_1735,1240423343#1,-50370694#0
0_1736,1240423343#1,-53104899#0
0_1737,1240423343#1,-53104911#0
0_1738,1240423343#1,-55995910
0_1739,1240423343#1,103484177#2
0_1740,1240423343#1,103484187#2
0_1741,1240423343#1,1055324687#2
0_1742,1240423343#1,114953453#6
0_1743,1240423343#1,1223050325#0
0_1744,1240423343#1,1223050326
0_1745,1240423343#1,1226960836#1
0_1746,1240423343#1,1240423339#1
0_1747,1240423343#1,1240423345#0
0_1748,1240423343#1,1240423346#0
0_1749,1240423343#1,1240423347#0
0_1750,1240423343#1,1240423347#1
0_1751,1240423343#1,1240423348#0
0_1752,1240423343#1,1240423348#1
0_1753,1240423343#1,1240423349#0
0_1754,1240423343#1,1240423360
0_1755,1240423343#1,1296353454
0_1756,1240423343#1,1296353456
0_1757,1240423343#1,131750844#7
0_1758,1240423343#1,131750844#8
0_1759,1240423343#1,131750844#9
0_1760,1240423343#1,131750850#0
0_1761,1240423343#1,131750853#0
0_1762,1240423343#1,131750853#2
0_1763,1240423343#1,131752095#2
0_1764,1240423343#1,151503390#1
0_1765,1240423343#1,167058904#1
0_1766,1240423343#1,167058911#2
0_1767,1240423343#1,25748726#4
0_1768,1240423343#1,25748858
0_1769,1240423343#1,25817735#2
0_1770,1240423343#1,25819014#1
0_1771,1240423343#1,25819014#2
0_1772,1240423343#1,25819177#5
0_1773,1240423343#1,28279138#0
0_1774,1240423343#1,28279138#5
0_1775,1240423343#1,28921528#8
0_1776,1240423343#1,30673346
0_1777,1240423343#1,30674315#11
0_1778,1240423343#1,30674315#8
0_1779,1240423343#1,30674315#9
0_1780,1240423343#1,30674359#0
0_1781,1240423343#1,30674359#5
0_1782,1240423343#1,30674385#2
0_1783,1240423343#1,30674948
0_1784,1240423343#1,30675059#0
0_1785,1240423343#1,30675059#1
0_1786,1240423343#1,30690502#1
0_1787,1240423343#1,30690502#2
0_1788,1240423343#1,30690502#4
0_1789,1240423343#1,30690502#6
0_1790,1240423343#1,30690562#1
0_1791,1240423343#1,448630413#6
0_1792,1240423343#1,48563898
0_1793,1240423343#1,48563902#0
0_1794,1240423343#1,48874527#2
0_1795,1240423343#1,53104899#1
0_1796,1240423343#1,53104910#1
0_1797,1240423343#1,564714859
0_1798,1240423343#1,577223386#2
0_1799,1240423343#1,797350454
0_1800,1240423343#1,96606465
0_1801,1240423344,-1028425248
0_1802,1240423344,-103484187#0
0_1803,1240423344,-1055324690
0_1804,1240423344,-1055324691
0_1805,1240423344,-256677981
0_1806,1240423344,-30690563#0
0_1807,1240423344,-33831688
0_1808,1240423344,-48563893#2
0_1809,1240423344,-48874524
0_1810,1240423344,-50370694#0
0_1811,1240423344,-53104899#0
0_1812,1240423344,-53104911#0
0_1813,1240423344,-55995910
0_1814,1240423344,103484177#2
0_1815,1240423344,103484187#2
0_1816,1240423344,1055324687#2
0_1817,1240423344,114953453#6
0_1818,1240423344,1223050325#0
0_1819,1240423344,1223050326
0_1820,1240423344,1226960836#1
0_1821,1240423344,1240423339#1
0_1822,1240423344,1240423345#0
0_1823,1240423344,1240423346#0
0_1824,1240423344,1240423347#0
0_1825,1240423344,1240423347#1
0_1826,1240423344,1240423348#0
0_1827,1240423344,1240423348#1
0_1828,1240423344,1240423349#0
0_1829,1240423344,1240423360
0_1830,1240423344,1296353454
0_1831,1240423344,1296353456
0_1832,1240423344,131750844#7
0_1833,1240423344,131750844#8
0_1834,1240423344,131750844#9
0_1835,1240423344,131750850#0
0_1836,1240423344,131750853#0
0_1837,1240423344,131750853#2
0_1838,1240423344,131752095#2
0_1839,1240423344,151503390#1
0_1840,1240423344,167058904#1
0_1841,1240423344,167058911#2
0_1842,1240423344,25748726#4
0_1843,1240423344,25748858
0_1844,1240423344,25817735#2
0_1845,1240423344,25819014#1
0_1846,1240423344,25819014#2
0_1847,1240423344,25819177#5
0_1848,1240423344,28279138#0
0_1849,1240423344,28279138#5
0_1850,1240423344,28921528#8
0_1851,1240423344,30673346
0_1852,1240423344,30674315#11
0_1853,1240423344,30674315#8
0_1854,1240423344,30674315#9
0_1855,1240423344,30674359#0
0_1856,1240423344,30674359#5
0_1857,1240423344,30674385#2
0_1858,1240423344,30674948
0_1859,1240423344,30675059#0
0_1860,1240423344,30675059#1
0_1861,1240423344,30690502#1
0_1862,1240423344,30690502#2
0_1863,1240423344,30690502#4
0_1864,1240423344,30690502#6
0_1865,1240423344,30690562#1
0_1866,1240423344,448630413#6
0_1867,1240423344,48563898
0_1868,1240423344,48563902#0
0_1869,1240423344,48874527#2
0_1870,1240423344,53104899#1
0_1871,1240423344,53104910#1
0_1872,1240423344,564714859
0_1873,1240423344,577223386#2
0_1874,1240423344,797350454
0_1875,1240423344,96606465
0_1876,1240423346#2,-1028425248
0_1877,1240423346#2,-103484187#0
0_1878,1240423346#2,-1055324690
0_1879,1240423346#2,-1055324691
0_1880,1240423346#2,-256677981
0_1881,1240423346#2,-30690563#0
0_1882,1240423346#2,-33831688
0_1883,1240423346#2,-48563893#2
0_1884,1240423346#2,-48874524
0_1885,1240423346#2,-50370694#0
0_1886,1240423346#2,-53104899#0
0_1887,1240423346#2,-53104911#0
0_1888,1240423346#2,-55995910
0_1889,1240423346#2,103484177#2
0_1890,1240423346#2,103484187#2
0_1891,1240423346#2,1055324687#2
0_1892,1240423346#2,114953453#6
0_1893,1240423346#2,1223050325#0
0_1894,1240423346#2,1223050326
0_1895,1240423346#2,1226960836#1
0_1896,1240423346#2,1240423339#1
0_1897,1240423346#2,1240423345#0
0_1898,1240423346#2,1240423346#0
0_1899,1240423346#2,1240423347#0
0_1900,1240423346#2,1240423347#1
0_1901,1240423346#2,1240423348#0
0_1902,1240423346#2,1240423348#1
0_1903,1240423346#2,1240423349#0
0_1904,1240423346#2,1240423360
0_1905,1240423346#2,1296353454
0_1906,1240423346#2,1296353456
0_1907,1240423346#2,131750844#7
0_1908,1240423346#2,131750844#8
0_1909,1240423346#2,131750844#9
0_1910,1240423346#2,131750850#0
0_1911,1240423346#2,131750853#0
0_1912,1240423346#2,131750853#2
0_1913,1240423346#2,131752095#2
0_1914,1240423346#2,151503390#1
0_1915,1240423346#2,167058904#1
0_1916,1240423346#2,167058911#2
0_1917,1240423346#2,25748726#4
0_1918,1240423346#2,25748858
0_1919,1240423346#2,25817735#2
0_1920,1240423346#2,25819014#1
0_1921,1240423346#2,25819014#2
0_1922,1240423346#2,25819177#5
0_1923,1240423346#2,28279138#0
0_1924,1240423346#2,28279138#5
0_1925,1240423346#2,28921528#8
0_1926,1240423346#2,30673346
0_1927,1240423346#2,30674315#11
0_1928,1240423346#2,30674315#8
0_1929,1240423346#2,30674315#9
0_1930,1240423346#2,30674359#0
0_1931,1240423346#2,30674359#5
0_1932,1240423346#2,30674385#2
0_1933,1240423346#2,30674948
0_1934,1240423346#2,30675059#0
0_1935,1240423346#2,30675059#1
0_1936,1240423346#2,30690502#1
0_1937,1240423346#2,30690502#2
0_1938,1240423346#2,30690502#4
0_1939,1240423346#2,30690502#6
0_1940,1240423346#2,30690562#1
0_1941,1240423346#2,448630413#6
0_1942,1240423346#2,48563898
0_1943,1240423346#2,48563902#0
0_1944,1240423346#2,48874527#2
0_1945,1240423346#2,53104899#1
0_1946,1240423346#2,53104910#1
0_1947,1240423346#2,564714859
0_1948,1240423346#2,577223386#2
0_1949,1240423346#2,797350454
0_1950,1240423346#2,96606465
0_1951,1240423346#3,-1028425248
0_1952,1240423346#3,-103484187#0
0_1953,1240423346#3,-1055324690
0_1954,1240423346#3,-1055324691
0_1955,1240423346#3,-256677981
0_1956,1240423346#3,-30690563#0
0_1957,1240423346#3,-33831688
0_1958,1240423346#3,-48563893#2
0_1959,1240423346#3,-48874524
0_1960,1240423346#3,-50370694#0
0_1961,1240423346#3,-53104899#0
0_1962,1240423346#3,-53104911#0
0_1963,1240423346#3,-55995910
0_1964,1240423346#3,103484177#2
0_1965,1240423346#3,103484187#2
0_1966,1240423346#3,1055324687#2
0_1967,1240423346#3,114953453#6
0_1968,1240423346#3,1223050325#0
0_1969,1240423346#3,1223050326
0_1970,1240423346#3,1226960836#1
0_1971,1240423346#3,1240423339#1
0_1972,1240423346#3,1240423345#0
0_1973,1240423346#3,1240423346#0
0_1974,1240423346#3,1240423347#0
0_1975,1240423346#3,1240423347#1
0_1976,1240423346#3,1240423348#0
0_1977,1240423346#3,1240423348#1
0_1978,1240423346#3,1240423349#0
0_1979,1240423346#3,1240423360
0_1980,1240423346#3,1296353454
0_1981,1240423346#3,1296353456
0_1982,1240423346#3,131750844#7
0_1983,1240423346#3,131750844#8
0_1984,1240423346#3,131750844#9
0_1985,1240423346#3,131750850#0
0_1986,1240423346#3,131750853#0
0_1987,1240423346#3,131750853#2
0_1988,1240423346#3,131752095#2
0_1989,1240423346#3,151503390#1
0_1990,1240423346#3,167058904#1
0_1991,1240423346#3,167058911#2
0_1992,1240423346#3,25748726#4
0_1993,1240423346#3,25748858
0_1994,1240423346#3,25817735#2
0_1995,1240423346#3,25819014#1
0_1996,1240423346#3,25819014#2
0_1997,1240423346#3,25819177#5
0_1998,1240423346#3,28279138#0
0_1999,1240423346#3,28279138#5
0_2000,1240423346#3,28921528#8
0_2001,1240423346#3,30673346
0_2002,1240423346#3,30674315#11
0_2003,1240423346#3,30674315#8
0_2004,1240423346#3,30674315#9
0_2005,1240423346#3,30674359#0
0_2006,1240423346#3,30674359#5
0_2007,1240423346#3,30674385#2
0_2008,1240423346#3,30674948
0_2009,1240423346#3,30675059#0
0_2010,1240423346#3,30675059#1
0_2011,1240423346#3,30690502#1
0_2012,1240423346#3,30690502#2
0_2013,1240423346#3,30690502#4
0_2014,1240423346#3,30690502#6
0_2015,1240423346#3,30690562#1
0_2016,1240423346#3,448630413#6
0_2017,1240423346#3,48563898
0_2018,1240423346#3,48563902#0
0_2019,1240423346#3,48874527#2
0_2020,1240423346#3,53104899#1
0_2021,1240423346#3,53104910#1
0_2022,1240423346#3,564714859
0_2023,1240423346#3,577223386#2
0_2024,1240423346#3,797350454
0_2025,1240423346#3,96606465
0_2026,1240423347#0,-1028425248
0_2027,1240423347#0,-103484187#0
0_2028,1240423347#0,-1055324690
0_2029,1240423347#0,-1055324691
0_2030,1240423347#0,-256677981
0_2031,1240423347#0,-30690563#0
0_2032,1240423347#0,-33831688
0_2033,1240423347#0,-48563893#2
0_2034,1240423347#0,-48874524
0_2035,1240423347#0,-50370694#0
0_2036,1240423347#0,-53104899#0
0_2037,1240423347#0,-53104911#0
0_2038,1240423347#0,-55995910
0_2039,1240423347#0,103484177#2
0_2040,1240423347#0,103484187#2
0_2041,1240423347#0,1055324687#2
0_2042,1240423347#0,114953453#6
0_2043,1240423347#0,1223050325#0
0_2044,1240423347#0,1223050326
0_2045,1240423347#0,1226960836#1
0_2046,1240423347#0,1240423339#1
0_2047,1240423347#0,1240423345#0
0_2048,1240423347#0,1240423346#0
0_2049,1240423347#0,1240423347#1
0_2050,1240423347#0,1240423348#0
0_2051,1240423347#0,1240423348#1
0_2052,1240423347#0,1240423349#0
0_2053,1240423347#0,1240423360
0_2054,1240423347#0,1296353454
0_2055,1240423347#0,1296353456
0_2056,1240423347#0,131750844#7
0_2057,1240423347#0,131750844#8
0_2058,1240423347#0,131750844#9
0_2059,1240423347#0,131750850#0
0_2060,1240423347#0,131750853#0
0_2061,1240423347#0,131750853#2
0_2062,1240423347#0,131752095#2
0_2063,1240423347#0,151503390#1
0_2064,1240423347#0,167058904#1
0_2065,1240423347#0,167058911#2
0_2066,1240423347#0,25748726#4
0_2067,1240423347#0,25748858
0_2068,1240423347#0,25817735#2
0_2069,1240423347#0,25819014#1
0_2070,1240423347#0,25819014#2
0_2071,1240423347#0,25819177#5
0_2072,1240423347#0,28279138#0
0_2073,1240423347#0,28279138#5
0_2074,1240423347#0,28921528#8
0_2075,1240423347#0,30673346
0_2076,1240423347#0,30674315#11
0_2077,1240423347#0,30674315#8
0_2078,1240423347#0,30674315#9
0_2079,1240423347#0,30674359#0
0_2080,1240423347#0,30674359#5
0_2081,1240423347#0,30674385#2
0_2082,1240423347#0,30674948
0_2083,1240423347#0,30675059#0
0_2084,1240423347#0,30675059#1
0_2085,1240423347#0,30690502#1
0_2086,1240423347#0,30690502#2
0_2087,1240423347#0,30690502#4
0_2088,1240423347#0,30690502#6
0_2089,1240423347#0,30690562#1
0_2090,1240423347#0,448630413#6
0_2091,1240423347#0,48563898
0_2092,1240423347#0,48563902#0
0_2093,1240423347#0,48874527#2
0_2094,1240423347#0,53104899#1
0_2095,1240423347#0,53104910#1
0_2096,1240423347#0,564714859
0_2097,1240423347#0,577223386#2
0_2098,1240423347#0,797350454
0_2099,1240423347#0,96606465
0_2100,1240423348#3,-1028425248
0_2101,1240423348#3,-103484187#0
0_2102,1240423348#3,-1055324690
0_2103,1240423348#3,-1055324691
0_2104,1240423348#3,-256677981
0_2105,1240423348#3,-30690563#0
0_2106,1240423348#3,-33831688
0_2107,1240423348#3,-48563893#2
0_2108,1240423348#3,-48874524
0_2109,1240423348#3,-50370694#0
0_2110,1240423348#3,-53104899#0
0_2111,1240423348#3,-53104911#0
0_2112,1240423348#3,-55995910
0_2113,1240423348#3,103484177#2
0_2114,1240423348#3,103484187#2
0_2115,1240423348#3,1055324687#2
0_2116,1240423348#3,114953453#6
0_2117,1240423348#3,1223050325#0
0_2118,1240423348#3,1223050326
0_2119,1240423348#3,1226960836#1
0_2120,1240423348#3,1240423339#1
0_2121,1240423348#3,1240423345#0
0_2122,1240423348#3,1240423346#0
0_2123,1240423348#3,1240423347#0
0_2124,1240423348#3,1240423347#1
0_2125,1240423348#3,1240423348#0
0_2126,1240423348#3,1240423348#1
0_2127,1240423348#3,1240423349#0
0_2128,1240423348#3,1240423360
0_2129,1240423348#3,1296353454
0_2130,1240423348#3,1296353456
0_2131,1240423348#3,131750844#7
0_2132,1240423348#3,131750844#8
0_2133,1240423348#3,131750844#9
0_2134,1240423348#3,131750850#0
0_2135,1240423348#3,131750853#0
0_2136,1240423348#3,131750853#2
0_2137,1240423348#3,131752095#2
0_2138,1240423348#3,151503390#1
0_2139,1240423348#3,167058904#1
0_2140,1240423348#3,167058911#2
0_2141,1240423348#3,25748726#4
0_2142,1240423348#3,25748858
0_2143,1240423348#3,25817735#2
0_2144,1240423348#3,25819014#1
0_2145,1240423348#3,25819014#2
0_2146,1240423348#3,25819177#5
0_2147,1240423348#3,28279138#0
0_2148,1240423348#3,28279138#5
0_2149,1240423348#3,28921528#8
0_2150,1240423348#3,30673346
0_2151,1240423348#3,30674315#11
0_2152,1240423348#3,30674315#8
0_2153,1240423348#3,30674315#9
0_2154,1240423348#3,30674359#0
0_2155,1240423348#3,30674359#5
0_2156,1240423348#3,30674385#2
0_2157,1240423348#3,30674948
0_2158,1240423348#3,30675059#0
0_2159,1240423348#3,30675059#1
0_2160,1240423348#3,30690502#1
0_2161,1240423348#3,30690502#2
0_2162,1240423348#3,30690502#4
0_2163,1240423348#3,30690502#6
0_2164,1240423348#3,30690562#1
0_2165,1240423348#3,448630413#6
0_2166,1240423348#3,48563898
0_2167,1240423348#3,48563902#0
0_2168,1240423348#3,48874527#2
0_2169,1240423348#3,53104899#1
0_2170,1240423348#3,53104910#1
0_2171,1240423348#3,564714859
0_2172,1240423348#3,577223386#2
0_2173,1240423348#3,797350454
0_2174,1240423348#3,96606465
0_2175,1240423348#4,-1028425248
0_2176,1240423348#4,-103484187#0
0_2177,1240423348#4,-1055324690
0_2178,1240423348#4,-1055324691
0_2179,1240423348#4,-256677981
0_2180,1240423348#4,-30690563#0
0_2181,1240423348#4,-33831688
0_2182,1240423348#4,-48563893#2
0_2183,1240423348#4,-48874524
0_2184,1240423348#4,-50370694#0
0_2185,1240423348#4,-53104899#0
0_2186,1240423348#4,-53104911#0
0_2187,1240423348#4,-55995910
0_2188,1240423348#4,103484177#2
0_2189,1240423348#4,103484187#2
0_2190,1240423348#4,1055324687#2
0_2191,1240423348#4,114953453#6
0_2192,1240423348#4,1223050325#0
0_2193,1240423348#4,1223050326
0_2194,1240423348#4,1226960836#1
0_2195,1240423348#4,1240423339#1
0_2196,1240423348#4,1240423345#0
0_2197,1240423348#4,1240423346#0
0_2198,1240423348#4,1240423347#0
0_2199,1240423348#4,1240423347#1
0_2200,1240423348#4,1240423348#0
0_2201,1240423348#4,1240423348#1
0_2202,1240423348#4,1240423349#0
0_2203,1240423348#4,1240423360
0_2204,1240423348#4,1296353454
0_2205,1240423348#4,1296353456
0_2206,1240423348#4,131750844#7
0_2207,1240423348#4,131750844#8
0_2208,1240423348#4,131750844#9
0_2209,1240423348#4,131750850#0
0_2210,1240423348#4,131750853#0
0_2211,1240423348#4,131750853#2
0_2212,1240423348#4,131752095#2
0_2213,1240423348#4,151503390#1
0_2214,1240423348#4,167058904#1
0_2215,1240423348#4,167058911#2
0_2216,1240423348#4,25748726#4
0_2217,1240423348#4,25748858
0_2218,1240423348#4,25817735#2
0_2219,1240423348#4,25819014#1
0_2220,1240423348#4,25819014#2
0_2221,1240423348#4,25819177#5
0_2222,1240423348#4,28279138#0
0_2223,1240423348#4,28279138#5
0_2224,1240423348#4,28921528#8
0_2225,1240423348#4,30673346
0_2226,1240423348#4,30674315#11
0_2227,1240423348#4,30674315#8
0_2228,1240423348#4,30674315#9
0_2229,1240423348#4,30674359#0
0_2230,1240423348#4,30674359#5
0_2231,1240423348#4,30674385#2
0_2232,1240423348#4,30674948
0_2233,1240423348#4,30675059#0
0_2234,1240423348#4,30675059#1
0_2235,1240423348#4,30690502#1
0_2236,1240423348#4,30690502#2
0_2237,1240423348#4,30690502#4
0_2238,1240423348#4,30690502#6
0_2239,1240423348#4,30690562#1
0_2240,1240423348#4,448630413#6
0_2241,1240423348#4,48563898
0_2242,1240423348#4,48563902#0
0_2243,1240423348#4,48874527#2
0_2244,1240423348#4,53104899#1
0_2245,1240423348#4,53104910#1
0_2246,1240423348#4,564714859
0_2247,1240423348#4,577223386#2
0_2248,1240423348#4,797350454
0_2249,1240423348#4,96606465
0_2250,1240423361#1,-1028425248
0_2251,1240423361#1,-103484187#0
0_2252,1240423361#1,-1055324690
0_2253,1240423361#1,-1055324691
0_2254,1240423361#1,-256677981
0_2255,1240423361#1,-30690563#0
0_2256,1240423361#1,-33831688
0_2257,1240423361#1,-48563893#2
0_2258,1240423361#1,-48874524
0_2259,1240423361#1,-50370694#0
0_2260,1240423361#1,-53104899#0
0_2261,1240423361#1,-53104911#0
0_2262,1240423361#1,-55995910
0_2263,1240423361#1,103484177#2
0_2264,1240423361#1,103484187#2
0_2265,1240423361#1,1055324687#2
0_2266,1240423361#1,114953453#6
0_2267,1240423361#1,1223050325#0
0_2268,1240423361#1,1223050326
0_2269,1240423361#1,1226960836#1
0_2270,1240423361#1,1240423339#1
0_2271,1240423361#1,1240423345#0
0_2272,1240423361#1,1240423346#0
0_2273,1240423361#1,1240423347#0
0_2274,1240423361#1,1240423347#1
0_2275,1240423361#1,1240423348#0
0_2276,1240423361#1,1240423348#1
0_2277,1240423361#1,1240423349#0
0_2278,1240423361#1,1240423360
0_2279,1240423361#1,1296353454
0_2280,1240423361#1,1296353456
0_2281,1240423361#1,131750844#7
0_2282,1240423361#1,131750844#8
0_2283,1240423361#1,131750844#9
0_2284,1240423361#1,131750850#0
0_2285,1240423361#1,131750853#0
0_2286,1240423361#1,131750853#2
0_2287,1240423361#1,131752095#2
0_2288,1240423361#1,151503390#1
0_2289,1240423361#1,167058904#1
0_2290,1240423361#1,167058911#2
0_2291,1240423361#1,25748726#4
0_2292,1240423361#1,25748858
0_2293,1240423361#1,25817735#2
0_2294,1240423361#1,25819014#1
0_2295,1240423361#1,25819014#2
0_2296,1240423361#1,25819177#5
0_2297,1240423361#1,28279138#0
0_2298,1240423361#1,28279138#5
0_2299,1240423361#1,28921528#8
0_2300,1240423361#1,30673346
0_2301,1240423361#1,30674315#11
0_2302,1240423361#1,30674315#8
0_2303,1240423361#1,30674315#9
0_2304,1240423361#1,30674359#0
0_2305,1240423361#1,30674359#5
0_2306,1240423361#1,30674385#2
0_2307,1240423361#1,30674948
0_2308,1240423361#1,30675059#0
0_2309,1240423361#1,30675059#1
0_2310,1240423361#1,30690502#1
0_2311,1240423361#1,30690502#2
0_2312,1240423361#1,30690502#4
0_2313,1240423361#1,30690502#6
0_2314,1240423361#1,30690562#1
0_2315,1240423361#1,448630413#6
0_2316,1240423361#1,48563898
0_2317,1240423361#1,48563902#0
0_2318,1240423361#1,48874527#2
0_2319,1240423361#1,53104899#1
0_2320,1240423361#1,53104910#1
0_2321,1240423361#1,564714859
0_2322,1240423361#1,577223386#2
0_2323,1240423361#1,797350454
0_2324,1240423361#1,96606465
0_2325,131750844#6,-1028425248
0_2326,131750844#6,-103484187#0
0_2327,131750844#6,-1055324690
0_2328,131750844#6,-1055324691
0_2329,131750844#6,-256677981
0_2330,131750844#6,-30690563#0
0_2331,131750844#6,-33831688
0_2332,131750844#6,-48563893#2
0_2333,131750844#6,-48874524
0_2334,131750844#6,-50370694#0
0_2335,131750844#6,-53104899#0
0_2336,131750844#6,-53104911#0
0_2337,131750844#6,-55995910
0_2338,131750844#6,103484177#2
0_2339,131750844#6,103484187#2
0_2340,131750844#6,1055324687#2
0_2341,131750844#6,114953453#6
0_2342,131750844#6,1223050325#0
0_2343,131750844#6,1223050326
0_2344,131750844#6,1226960836#1
0_2345,131750844#6,1240423339#1
0_2346,131750844#6,1240423345#0
0_2347,131750844#6,1240423346#0
0_2348,131750844#6,1240423347#0
0_2349,131750844#6,1240423347#1
0_2350,131750844#6,1240423348#0
0_2351,131750844#6,1240423348#1
0_2352,131750844#6,1240423349#0
0_2353,131750844#6,1240423360
0_2354,131750844#6,1296353454
0_2355,131750844#6,1296353456
0_2356,131750844#6,131750844#7
0_2357,131750844#6,131750844#8
0_2358,131750844#6,131750844#9
0_2359,131750844#6,131750850#0
0_2360,131750844#6,131750853#0
0_2361,131750844#6,131750853#2
0_2362,131750844#6,131752095#2
0_2363,131750844#6,151503390#1
0_2364,131750844#6,167058904#1
0_2365,131750844#6,167058911#2
0_2366,131750844#6,25748726#4
0_2367,131750844#6,25748858
0_2368,131750844#6,25817735#2
0_2369,131750844#6,25819014#1
0_2370,131750844#6,25819014#2
0_2371,131750844#6,25819177#5
0_2372,131750844#6,28279138#0
0_2373,131750844#6,28279138#5
0_2374,131750844#6,28921528#8
0_2375,131750844#6,30673346
0_2376,131750844#6,30674315#11
0_2377,131750844#6,30674315#8
0_2378,131750844#6,30674315#9
0_2379,131750844#6,30674359#0
0_2380,131750844#6,30674359#5
0_2381,131750844#6,30674385#2
0_2382,131750844#6,30674948
0_2383,131750844#6,30675059#0
0_2384,131750844#6,30675059#1
0_2385,131750844#6,30690502#1
0_2386,131750844#6,30690502#2
0_2387,131750844#6,30690502#4
0_2388,131750844#6,30690502#6
0_2389,131750844#6,30690562#1
0_2390,131750844#6,448630413#6
0_2391,131750844#6,48563898
0_2392,131750844#6,48563902#0
0_2393,131750844#6,48874527#2
0_2394,131750844#6,53104899#1
0_2395,131750844#6,53104910#1
0_2396,131750844#6,564714859
0_2397,131750844#6,577223386#2
0_2398,131750844#6,797350454
0_2399,131750844#6,96606465
0_2400,131750844#7,-1028425248
0_2401,131750844#7,-103484187#0
0_2402,131750844#7,-1055324690
0_2403,131750844#7,-1055324691
0_2404,131750844#7,-256677981
0_2405,131750844#7,-30690563#0
0_2406,131750844#7,-33831688
0_2407,131750844#7,-48563893#2
0_2408,131750844#7,-48874524
0_2409,131750844#7,-50370694#0
0_2410,131750844#7,-53104899#0
0_2411,131750844#7,-53104911#0
0_2412,131750844#7,-55995910
0_2413,131750844#7,103484177#2
0_2414,131750844#7,103484187#2
0_2415,131750844#7,1055324687#2
0_2416,131750844#7,114953453#6
0_2417,131750844#7,1223050325#0
0_2418,131750844#7,1223050326
0_2419,131750844#7,1226960836#1
0_2420,131750844#7,1240423339#1
0_2421,131750844#7,1240423345#0
0_2422,131750844#7,1240423346#0
0_2423,131750844#7,1240423347#0
0_2424,131750844#7,1240423347#1
0_2425,131750844#7,1240423348#0
0_2426,131750844#7,1240423348#1
0_2427,131750844#7,1240423349#0
0_2428,131750844#7,1240423360
0_2429,131750844#7,1296353454
0_2430,131750844#7,1296353456
0_2431,131750844#7,131750844#8
0_2432,131750844#7,131750844#9
0_2433,131750844#7,131750850#0
0_2434,131750844#7,131750853#0
0_2435,131750844#7,131750853#2
0_2436,131750844#7,131752095#2
0_2437,131750844#7,151503390#1
0_2438,131750844#7,167058904#1
0_2439,131750844#7,167058911#2
0_2440,131750844#7,25748726#4
0_2441,131750844#7,25748858
0_2442,131750844#7,25817735#2
0_2443,131750844#7,25819014#1
0_2444,131750844#7,25819014#2
0_2445,131750844#7,25819177#5
0_2446,131750844#7,28279138#0
0_2447,131750844#7,28279138#5
0_2448,131750844#7,28921528#8
0_2449,131750844#7,30673346
0_2450,131750844#7,30674315#11
0_2451,131750844#7,30674315#8
0_2452,131750844#7,30674315#9
0_2453,131750844#7,30674359#0
0_2454,131750844#7,30674359#5
0_2455,131750844#7,30674385#2
0_2456,131750844#7,30674948
0_2457,131750844#7,30675059#0
0_2458,131750844#7,30675059#1
0_2459,131750844#7,30690502#1
0_2460,131750844#7,30690502#2
0_2461,131750844#7,30690502#4
0_2462,131750844#7,30690502#6
0_2463,131750844#7,30690562#1
0_2464,131750844#7,448630413#6
0_2465,131750844#7,48563898
0_2466,131750844#7,48563902#0
0_2467,131750844#7,48874527#2
0_2468,131750844#7,53104899#1
0_2469,131750844#7,53104910#1
0_2470,131750844#7,564714859
0_2471,131750844#7,577223386#2
0_2472,131750844#7,797350454
0_2473,131750844#7,96606465
0_2474,131750850#0,-1028425248
0_2475,131750850#0,-103484187#0
0_2476,131750850#0,-1055324690
0_2477,131750850#0,-1055324691
0_2478,131750850#0,-256677981
0_2479,131750850#0,-30690563#0
0_2480,131750850#0,-33831688
0_2481,131750850#0,-48563893#2
0_2482,131750850#0,-48874524
0_2483,131750850#0,-50370694#0
0_2484,131750850#0,-53104899#0
0_2485,131750850#0,-53104911#0
0_2486,131750850#0,-55995910
0_2487,131750850#0,103484177#2
0_2488,131750850#0,103484187#2
0_2489,131750850#0,1055324687#2
0_2490,131750850#0,114953453#6
0_2491,131750850#0,1223050325#0
0_2492,131750850#0,1223050326
0_2493,131750850#0,1226960836#1
0_2494,131750850#0,1240423339#1
0_2495,131750850#0,1240423345#0
0_2496,131750850#0,1240423346#0
0_2497,131750850#0,1240423347#0
0_2498,131750850#0,1240423347#1
0_2499,131750850#0,1240423348#0
0_2500,131750850#0,1240423348#1
0_2501,131750850#0,1240423349#0
0_2502,131750850#0,1240423360
0_2503,131750850#0,1296353454
0_2504,131750850#0,1296353456
0_2505,131750850#0,131750844#7
0_2506,131750850#0,131750844#8
0_2507,131750850#0,131750844#9
0_2508,131750850#0,131750853#0
0_2509,131750850#0,131750853#2
0_2510,131750850#0,131752095#2
0_2511,131750850#0,151503390#1
0_2512,131750850#0,167058904#1
0_2513,131750850#0,167058911#2
0_2514,131750850#0,25748726#4
0_2515,131750850#0,25748858
0_2516,131750850#0,25817735#2
0_2517,131750850#0,25819014#1
0_2518,131750850#0,25819014#2
0_2519,131750850#0,25819177#5
0_2520,131750850#0,28279138#0
0_2521,131750850#0,28279138#5
0_2522,131750850#0,28921528#8
0_2523,131750850#0,30673346
0_2524,131750850#0,30674315#11
0_2525,131750850#0,30674315#8
0_2526,131750850#0,30674315#9
0_2527,131750850#0,30674359#0
0_2528,131750850#0,30674359#5
0_2529,131750850#0,30674385#2
0_2530,131750850#0,30674948
0_2531,131750850#0,30675059#0
0_2532,131750850#0,30675059#1
0_2533,131750850#0,30690502#1
0_2534,131750850#0,30690502#2
0_2535,131750850#0,30690502#4
0_2536,131750850#0,30690502#6
0_2537,131750850#0,30690562#1
0_2538,131750850#0,448630413#6
0_2539,131750850#0,48563898
0_2540,131750850#0,48563902#0
0_2541,131750850#0,48874527#2
0_2542,131750850#0,53104899#1
0_2543,131750850#0,53104910#1
0_2544,131750850#0,564714859
0_2545,131750850#0,577223386#2
0_2546,131750850#0,797350454
0_2547,131750850#0,96606465
0_2548,131750853#0,-1028425248
0_2549,131750853#0,-103484187#0
0_2550,131750853#0,-1055324690
0_2551,131750853#0,-1055324691
0_2552,131750853#0,-256677981
0_2553,131750853#0,-30690563#0
0_2554,131750853#0,-33831688
0_2555,131750853#0,-48563893#2
0_2556,131750853#0,-48874524
0_2557,131750853#0,-50370694#0
0_2558,131750853#0,-53104899#0
0_2559,131750853#0,-53104911#0
0_2560,131750853#0,-55995910
0_2561,131750853#0,103484177#2
0_2562,131750853#0,103484187#2
0_2563,131750853#0,1055324687#2
0_2564,131750853#0,114953453#6
0_2565,131750853#0,1223050325#0
0_2566,131750853#0,1223050326
0_2567,131750853#0,1226960836#1
0_2568,131750853#0,1240423339#1
0_2569,131750853#0,1240423345#0
0_2570,131750853#0,1240423346#0
0_2571,131750853#0,1240423347#0
0_2572,131750853#0,1240423347#1
0_2573,131750853#0,1240423348#0
0_2574,131750853#0,1240423348#1
0_2575,131750853#0,1240423349#0
0_2576,131750853#0,1240423360
0_2577,131750853#0,1296353454
0_2578,131750853#0,1296353456
0_2579,131750853#0,131750844#7
0_2580,131750853#0,131750844#8
0_2581,131750853#0,131750844#9
0_2582,131750853#0,131750850#0
0_2583,131750853#0,131750853#2
0_2584,131750853#0,131752095#2
0_2585,131750853#0,151503390#1
0_2586,131750853#0,167058904#1
0_2587,131750853#0,167058911#2
0_2588,131750853#0,25748726#4
0_2589,131750853#0,25748858
0_2590,131750853#0,25817735#2
0_2591,131750853#0,25819014#1
0_2592,131750853#0,25819014#2
0_2593,131750853#0,25819177#5
0_2594,131750853#0,28279138#0
0_2595,131750853#0,28279138#5
0_2596,131750853#0,28921528#8
0_2597,131750853#0,30673346
0_2598,131750853#0,30674315#11
0_2599,131750853#0,30674315#8
0_2600,131750853#0,30674315#9
0_2601,131750853#0,30674359#0
0_2602,131750853#0,30674359#5
0_2603,131750853#0,30674385#2
0_2604,131750853#0,30674948
0_2605,131750853#0,30675059#0
0_2606,131750853#0,30675059#1
0_2607,131750853#0,30690502#1
0_2608,131750853#0,30690502#2
0_2609,131750853#0,30690502#4
0_2610,131750853#0,30690502#6
0_2611,131750853#0,30690562#1
0_2612,131750853#0,448630413#6
0_2613,131750853#0,48563898
0_2614,131750853#0,48563902#0
0_2615,131750853#0,48874527#2
0_2616,131750853#0,53104899#1
0_2617,131750853#0,53104910#1
0_2618,131750853#0,564714859
0_2619,131750853#0,577223386#2
0_2620,131750853#0,797350454
0_2621,131750853#0,96606465
0_2622,131750853#2,-1028425248
0_2623,131750853#2,-103484187#0
0_2624,131750853#2,-1055324690
0_2625,131750853#2,-1055324691
0_2626,131750853#2,-256677981
0_2627,131750853#2,-30690563#0
0_2628,131750853#2,-33831688
0_2629,131750853#2,-48563893#2
0_2630,131750853#2,-48874524
0_2631,131750853#2,-50370694#0
0_2632,131750853#2,-53104899#0
0_2633,131750853#2,-53104911#0
0_2634,131750853#2,-55995910
0_2635,131750853#2,103484177#2
0_2636,131750853#2,103484187#2
0_2637,131750853#2,1055324687#2
0_2638,131750853#2,114953453#6
0_2639,131750853#2,1223050325#0
0_2640,131750853#2,1223050326
0_2641,131750853#2,1226960836#1
0_2642,131750853#2,1240423339#1
0_2643,131750853#2,1240423345#0
0_2644,131750853#2,1240423346#0
0_2645,131750853#2,1240423347#0
0_2646,131750853#2,1240423347#1
0_2647,131750853#2,1240423348#0
0_2648,131750853#2,1240423348#1
0_2649,131750853#2,1240423349#0
0_2650,131750853#2,1240423360
0_2651,131750853#2,1296353454
0_2652,131750853#2,1296353456
0_2653,131750853#2,131750844#7
0_2654,131750853#2,131750844#8
0_2655,131750853#2,131750844#9
0_2656,131750853#2,131750850#0
0_2657,131750853#2,131750853#0
0_2658,131750853#2,131752095#2
0_2659,131750853#2,151503390#1
0_2660,131750853#2,167058904#1
0_2661,131750853#2,167058911#2
0_2662,131750853#2,25748726#4
0_2663,131750853#2,25748858
0_2664,131750853#2,25817735#2
0_2665,131750853#2,25819014#1
0_2666,131750853#2,25819014#2
0_2667,131750853#2,25819177#5
0_2668,131750853#2,28279138#0
0_2669,131750853#2,28279138#5
0_2670,131750853#2,28921528#8
0_2671,131750853#2,30673346
0_2672,131750853#2,30674315#11
0_2673,131750853#2,30674315#8
0_2674,131750853#2,30674315#9
0_2675,131750853#2,30674359#0
0_2676,131750853#2,30674359#5
0_2677,131750853#2,30674385#2
0_2678,131750853#2,30674948
0_2679,131750853#2,30675059#0
0_2680,131750853#2,30675059#1
0_2681,131750853#2,30690502#1
0_2682,131750853#2,30690502#2
0_2683,131750853#2,30690502#4
0_2684,131750853#2,30690502#6
0_2685,131750853#2,30690562#1
0_2686,131750853#2,448630413#6
0_2687,131750853#2,48563898
0_2688,131750853#2,48563902#0
0_2689,131750853#2,48874527#2
0_2690,131750853#2,53104899#1
0_2691,131750853#2,53104910#1
0_2692,131750853#2,564714859
0_2693,131750853#2,577223386#2
0_2694,131750853#2,797350454
0_2695,131750853#2,96606465
0_2696,131752095#2,-1028425248
0_2697,131752095#2,-103484187#0
0_2698,131752095#2,-1055324690
0_2699,131752095#2,-1055324691
0_2700,131752095#2,-256677981
0_2701,131752095#2,-30690563#0
0_2702,131752095#2,-33831688
0_2703,131752095#2,-48563893#2
0_2704,131752095#2,-48874524
0_2705,131752095#2,-50370694#0
0_2706,131752095#2,-53104899#0
0_2707,131752095#2,-53104911#0
0_2708,131752095#2,-55995910
0_2709,131752095#2,103484177#2
0_2710,131752095#2,103484187#2
0_2711,131752095#2,1055324687#2
0_2712,131752095#2,114953453#6
0_2713,131752095#2,1223050325#0
0_2714,131752095#2,1223050326
0_2715,131752095#2,1226960836#1
0_2716,131752095#2,1240423339#1
0_2717,131752095#2,1240423345#0
0_2718,131752095#2,1240423346#0
0_2719,131752095#2,1240423347#0
0_2720,131752095#2,1240423347#1
0_2721,131752095#2,1240423348#0
0_2722,131752095#2,1240423348#1
0_2723,131752095#2,1240423349#0
0_2724,131752095#2,1240423360
0_2725,131752095#2,1296353454
0_2726,131752095#2,1296353456
0_2727,131752095#2,131750844#7
0_2728,131752095#2,131750844#8
0_2729,131752095#2,131750844#9
0_2730,131752095#2,131750850#0
0_2731,131752095#2,131750853#0
0_2732,131752095#2,131750853#2
0_2733,131752095#2,151503390#1
0_2734,131752095#2,167058904#1
0_2735,131752095#2,167058911#2
0_2736,131752095#2,25748726#4
0_2737,131752095#2,25748858
0_2738,131752095#2,25817735#2
0_2739,131752095#2,25819014#1
0_2740,131752095#2,25819014#2
0_2741,131752095#2,25819177#5
0_2742,131752095#2,28279138#0
0_2743,131752095#2,28279138#5
0_2744,131752095#2,28921528#8
0_2745,131752095#2,30673346
0_2746,131752095#2,30674315#11
0_2747,131752095#2,30674315#8
0_2748,131752095#2,30674315#9
0_2749,131752095#2,30674359#0
0_2750,131752095#2,30674359#5
0_2751,131752095#2,30674385#2
0_2752,131752095#2,30674948
0_2753,131752095#2,30675059#0
0_2754,131752095#2,30675059#1
0_2755,131752095#2,30690502#1
0_2756,131752095#2,30690502#2
0_2757,131752095#2,30690502#4
0_2758,131752095#2,30690502#6
0_2759,131752095#2,30690562#1
0_2760,131752095#2,448630413#6
0_2761,131752095#2,48563898
0_2762,131752095#2,48563902#0
0_2763,131752095#2,48874527#2
0_2764,131752095#2,53104899#1
0_2765,131752095#2,53104910#1
0_2766,131752095#2,564714859
0_2767,131752095#2,577223386#2
0_2768,131752095#2,797350454
0_2769,131752095#2,96606465
0_2770,151503388#1,-1028425248
0_2771,151503388#1,-103484187#0
0_2772,151503388#1,-1055324690
0_2773,151503388#1,-1055324691
0_2774,151503388#1,-256677981
0_2775,151503388#1,-30690563#0
0_2776,151503388#1,-33831688
0_2777,151503388#1,-48563893#2
0_2778,151503388#1,-48874524
0_2779,151503388#1,-50370694#0
0_2780,151503388#1,-53104899#0
0_2781,151503388#1,-53104911#0
0_2782,151503388#1,-55995910
0_2783,151503388#1,103484177#2
0_2784,151503388#1,103484187#2
0_2785,151503388#1,1055324687#2
0_2786,151503388#1,114953453#6
0_2787,151503388#1,1223050325#0
0_2788,151503388#1,1223050326
0_2789,151503388#1,1226960836#1
0_2790,151503388#1,1240423339#1
0_2791,151503388#1,1240423345#0
0_2792,151503388#1,1240423346#0
0_2793,151503388#1,1240423347#0
0_2794,151503388#1,1240423347#1
0_2795,151503388#1,1240423348#0
0_2796,151503388#1,1240423348#1
0_2797,151503388#1,1240423349#0
0_2798,151503388#1,1240423360
0_2799,151503388#1,1296353454
0_2800,151503388#1,1296353456
0_2801,151503388#1,131750844#7
0_2802,151503388#1,131750844#8
0_2803,151503388#1,131750844#9
0_2804,151503388#1,131750850#0
0_2805,151503388#1,131750853#0
0_2806,151503388#1,131750853#2
0_2807,151503388#1,131752095#2
0_2808,151503388#1,151503390#1
0_2809,151503388#1,167058904#1
0_2810,151503388#1,167058911#2
0_2811,151503388#1,25748726#4
0_2812,151503388#1,25748858
0_2813,151503388#1,25817735#2
0_2814,151503388#1,25819014#1
0_2815,151503388#1,25819014#2
0_2816,151503388#1,25819177#5
0_2817,151503388#1,28279138#0
0_2818,151503388#1,28279138#5
0_2819,151503388#1,28921528#8
0_2820,151503388#1,30673346
0_2821,151503388#1,30674315#11
0_2822,151503388#1,30674315#8
0_2823,151503388#1,30674315#9
0_2824,151503388#1,30674359#0
0_2825,151503388#1,30674359#5
0_2826,151503388#1,30674385#2
0_2827,151503388#1,30674948
0_2828,151503388#1,30675059#0
0_2829,151503388#1,30675059#1
0_2830,151503388#1,30690502#1
0_2831,151503388#1,30690502#2
0_2832,151503388#1,30690502#4
0_2833,151503388#1,30690502#6
0_2834,151503388#1,30690562#1
0_2835,151503388#1,448630413#6
0_2836,151503388#1,48563898
0_2837,151503388#1,48563902#0
0_2838,151503388#1,48874527#2
0_2839,151503388#1,53104899#1
0_2840,151503388#1,53104910#1
0_2841,151503388#1,564714859
0_2842,151503388#1,577223386#2
0_2843,151503388#1,797350454
0_2844,151503388#1,96606465
0_2845,151503390#1,-1028425248
0_2846,151503390#1,-103484187#0
0_2847,151503390#1,-1055324690
0_2848,151503390#1,-1055324691
0_2849,151503390#1,-256677981
0_2850,151503390#1,-30690563#0
0_2851,151503390#1,-33831688
0_2852,151503390#1,-48563893#2
0_2853,151503390#1,-48874524
0_2854,151503390#1,-50370694#0
0_2855,151503390#1,-53104899#0
0_2856,151503390#1,-53104911#0
0_2857,151503390#1,-55995910
0_2858,151503390#1,103484177#2
0_2859,151503390#1,103484187#2
0_2860,151503390#1,1055324687#2
0_2861,151503390#1,114953453#6
0_2862,151503390#1,1223050325#0
0_2863,151503390#1,1223050326
0_2864,151503390#1,1226960836#1
0_2865,151503390#1,1240423339#1
0_2866,151503390#1,1240423345#0
0_2867,151503390#1,1240423346#0
0_2868,151503390#1,1240423347#0
0_2869,151503390#1,1240423347#1
0_2870,151503390#1,1240423348#0
0_2871,151503390#1,1240423348#1
0_2872,151503390#1,1240423349#0
0_2873,151503390#1,1240423360
0_2874,151503390#1,1296353454
0_2875,151503390#1,1296353456
0_2876,151503390#1,131750844#7
0_2877,151503390#1,131750844#8
0_2878,151503390#1,131750844#9
0_2879,151503390#1,131750850#0
0_2880,151503390#1,131750853#0
0_2881,151503390#1,131750853#2
0_2882,151503390#1,131752095#2
0_2883,151503390#1,167058904#1
0_2884,151503390#1,167058911#2
0_2885,151503390#1,25748726#4
0_2886,151503390#1,25748858
0_2887,151503390#1,25817735#2
0_2888,151503390#1,25819014#1
0_2889,151503390#1,25819014#2
0_2890,151503390#1,25819177#5
0_2891,151503390#1,28279138#0
0_2892,151503390#1,28279138#5
0_2893,151503390#1,28921528#8
0_2894,151503390#1,30673346
0_2895,151503390#1,30674315#11
0_2896,151503390#1,30674315#8
0_2897,151503390#1,30674315#9
0_2898,151503390#1,30674359#0
0_2899,151503390#1,30674359#5
0_2900,151503390#1,30674385#2
0_2901,151503390#1,30674948
0_2902,151503390#1,30675059#0
0_2903,151503390#1,30675059#1
0_2904,151503390#1,30690502#1
0_2905,151503390#1,30690502#2
0_2906,151503390#1,30690502#4
0_2907,151503390#1,30690502#6
0_2908,151503390#1,30690562#1
0_2909,151503390#1,448630413#6
0_2910,151503390#1,48563898
0_2911,151503390#1,48563902#0
0_2912,151503390#1,48874527#2
0_2913,151503390#1,53104899#1
0_2914,151503390#1,53104910#1
0_2915,151503390#1,564714859
0_2916,151503390#1,577223386#2
0_2917,151503390#1,797350454
0_2918,151503390#1,96606465
0_2919,151503390#3,-1028425248
0_2920,151503390#3,-103484187#0
0_2921,151503390#3,-1055324690
0_2922,151503390#3,-1055324691
0_2923,151503390#3,-256677981
0_2924,151503390#3,-30690563#0
0_2925,151503390#3,-33831688
0_2926,151503390#3,-48563893#2
0_2927,151503390#3,-48874524
0_2928,151503390#3,-50370694#0
0_2929,151503390#3,-53104899#0
0_2930,151503390#3,-53104911#0
0_2931,151503390#3,-55995910
0_2932,151503390#3,103484177#2
0_2933,151503390#3,103484187#2
0_2934,151503390#3,1055324687#2
0_2935,151503390#3,114953453#6
0_2936,151503390#3,1223050325#0
0_2937,151503390#3,1223050326
0_2938,151503390#3,1226960836#1
0_2939,151503390#3,1240423339#1
0_2940,151503390#3,1240423345#0
0_2941,151503390#3,1240423346#0
0_2942,151503390#3,1240423347#0
0_2943,151503390#3,1240423347#1
0_2944,151503390#3,1240423348#0
0_2945,151503390#3,1240423348#1
0_2946,151503390#3,1240423349#0
0_2947,151503390#3,1240423360
0_2948,151503390#3,1296353454
0_2949,151503390#3,1296353456
0_2950,151503390#3,131750844#7
0_2951,151503390#3,131750844#8
0_2952,151503390#3,131750844#9
0_2953,151503390#3,131750850#0
0_2954,151503390#3,131750853#0
0_2955,151503390#3,131750853#2
0_2956,151503390#3,131752095#2
0_2957,151503390#3,151503390#1
0_2958,151503390#3,167058904#1
0_2959,151503390#3,167058911#2
0_2960,151503390#3,25748726#4
0_2961,151503390#3,25748858
0_2962,151503390#3,25817735#2
0_2963,151503390#3,25819014#1
0_2964,151503390#3,25819014#2
0_2965,151503390#3,25819177#5
0_2966,151503390#3,28279138#0
0_2967,151503390#3,28279138#5
0_2968,151503390#3,28921528#8
0_2969,151503390#3,30673346
0_2970,151503390#3,30674315#11
0_2971,151503390#3,30674315#8
0_2972,151503390#3,30674315#9
0_2973,151503390#3,30674359#0
0_2974,151503390#3,30674359#5
0_2975,151503390#3,30674385#2
0_2976,151503390#3,30674948
0_2977,151503390#3,30675059#0
0_2978,151503390#3,30675059#1
0_2979,151503390#3,30690502#1
0_2980,151503390#3,30690502#2
0_2981,151503390#3,30690502#4
0_2982,151503390#3,30690502#6
0_2983,151503390#3,30690562#1
0_2984,151503390#3,448630413#6
0_2985,151503390#3,48563898
0_2986,151503390#3,48563902#0
0_2987,151503390#3,48874527#2
0_2988,151503390#3,53104899#1
0_2989,151503390#3,53104910#1
0_2990,151503390#3,564714859
0_2991,151503390#3,577223386#2
0_2992,151503390#3,797350454
0_2993,151503390#3,96606465
0_2994,151503390#5,-1028425248
0_2995,151503390#5,-103484187#0
0_2996,151503390#5,-1055324690
0_2997,151503390#5,-1055324691
0_2998,151503390#5,-256677981
0_2999,151503390#5,-30690563#0
0_3000,151503390#5,-33831688
0_3001,151503390#5,-48563893#2
0_3002,151503390#5,-48874524
0_3003,151503390#5,-50370694#0
0_3004,151503390#5,-53104899#0
0_3005,151503390#5,-53104911#0
0_3006,151503390#5,-55995910
0_3007,151503390#5,103484177#2
0_3008,151503390#5,103484187#2
0_3009,151503390#5,1055324687#2
0_3010,151503390#5,114953453#6
0_3011,151503390#5,1223050325#0
0_3012,151503390#5,1223050326
0_3013,151503390#5,1226960836#1
0_3014,151503390#5,1240423339#1
0_3015,151503390#5,1240423345#0
0_3016,151503390#5,1240423346#0
0_3017,151503390#5,1240423347#0
0_3018,151503390#5,1240423347#1
0_3019,151503390#5,1240423348#0
0_3020,151503390#5,1240423348#1
0_3021,151503390#5,1240423349#0
0_3022,151503390#5,1240423360
0_3023,151503390#5,1296353454
0_3024,151503390#5,1296353456
0_3025,151503390#5,131750844#7
0_3026,151503390#5,131750844#8
0_3027,151503390#5,131750844#9
0_3028,151503390#5,131750850#0
0_3029,151503390#5,131750853#0
0_3030,151503390#5,131750853#2
0_3031,151503390#5,131752095#2
0_3032,151503390#5,151503390#1
0_3033,151503390#5,167058904#1
0_3034,151503390#5,167058911#2
0_3035,151503390#5,25748726#4
0_3036,151503390#5,25748858
0_3037,151503390#5,25817735#2
0_3038,151503390#5,25819014#1
0_3039,151503390#5,25819014#2
0_3040,151503390#5,25819177#5
0_3041,151503390#5,28279138#0
0_3042,151503390#5,28279138#5
0_3043,151503390#5,28921528#8
0_3044,151503390#5,30673346
0_3045,151503390#5,30674315#11
0_3046,151503390#5,30674315#8
0_3047,151503390#5,30674315#9
0_3048,151503390#5,30674359#0
0_3049,151503390#5,30674359#5
0_3050,151503390#5,30674385#2
0_3051,151503390#5,30674948
0_3052,151503390#5,30675059#0
0_3053,151503390#5,30675059#1
0_3054,151503390#5,30690502#1
0_3055,151503390#5,30690502#2
0_3056,151503390#5,30690502#4
0_3057,151503390#5,30690502#6
0_3058,151503390#5,30690562#1
0_3059,151503390#5,448630413#6
0_3060,151503390#5,48563898
0_3061,151503390#5,48563902#0
0_3062,151503390#5,48874527#2
0_3063,151503390#5,53104899#1
0_3064,151503390#5,53104910#1
0_3065,151503390#5,564714859
0_3066,151503390#5,577223386#2
0_3067,151503390#5,797350454
0_3068,151503390#5,96606465
0_3069,167058911#1,-1028425248
0_3070,167058911#1,-103484187#0
0_3071,167058911#1,-1055324690
0_3072,167058911#1,-1055324691
0_3073,167058911#1,-256677981
0_3074,167058911#1,-30690563#0
0_3075,167058911#1,-33831688
0_3076,167058911#1,-48563893#2
0_3077,167058911#1,-48874524
0_3078,167058911#1,-50370694#0
0_3079,167058911#1,-53104899#0
0_3080,167058911#1,-53104911#0
0_3081,167058911#1,-55995910
0_3082,167058911#1,103484177#2
0_3083,167058911#1,103484187#2
0_3084,167058911#1,1055324687#2
0_3085,167058911#1,114953453#6
0_3086,167058911#1,1223050325#0
0_3087,167058911#1,1223050326
0_3088,167058911#1,1226960836#1
0_3089,167058911#1,1240423339#1
0_3090,167058911#1,1240423345#0
0_3091,167058911#1,1240423346#0
0_3092,167058911#1,1240423347#0
0_3093,167058911#1,1240423347#1
0_3094,167058911#1,1240423348#0
0_3095,167058911#1,1240423348#1
0_3096,167058911#1,1240423349#0
0_3097,167058911#1,1240423360
0_3098,167058911#1,1296353454
0_3099,167058911#1,1296353456
0_3100,167058911#1,131750844#7
0_3101,167058911#1,131750844#8
0_3102,167058911#1,131750844#9
0_3103,167058911#1,131750850#0
0_3104,167058911#1,131750853#0
0_3105,167058911#1,131750853#2
0_3106,167058911#1,131752095#2
0_3107,167058911#1,151503390#1
0_3108,167058911#1,167058904#1
0_3109,167058911#1,167058911#2
0_3110,167058911#1,25748726#4
0_3111,167058911#1,25748858
0_3112,167058911#1,25817735#2
0_3113,167058911#1,25819014#1
0_3114,167058911#1,25819014#2
0_3115,167058911#1,25819177#5
0_3116,167058911#1,28279138#0
0_3117,167058911#1,28279138#5
0_3118,167058911#1,28921528#8
0_3119,167058911#1,30673346
0_3120,167058911#1,30674315#11
0_3121,167058911#1,30674315#8
0_3122,167058911#1,30674315#9
0_3123,167058911#1,30674359#0
0_3124,167058911#1,30674359#5
0_3125,167058911#1,30674385#2
0_3126,167058911#1,30674948
0_3127,167058911#1,30675059#0
0_3128,167058911#1,30675059#1
0_3129,167058911#1,30690502#1
0_3130,167058911#1,30690502#2
0_3131,167058911#1,30690502#4
0_3132,167058911#1,30690502#6
0_3133,167058911#1,30690562#1
0_3134,167058911#1,448630413#6
0_3135,167058911#1,48563898
0_3136,167058911#1,48563902#0
0_3137,167058911#1,48874527#2
0_3138,167058911#1,53104899#1
0_3139,167058911#1,53104910#1
0_3140,167058911#1,564714859
0_3141,167058911#1,577223386#2
0_3142,167058911#1,797350454
0_3143,167058911#1,96606465
0_3144,256677981,-1028425248
0_3145,256677981,-103484187#0
0_3146,256677981,-1055324690
0_3147,256677981,-1055324691
0_3148,256677981,-256677981
0_3149,256677981,-30690563#0
0_3150,256677981,-33831688
0_3151,256677981,-48563893#2
0_3152,256677981,-48874524
0_3153,256677981,-50370694#0
0_3154,256677981,-53104899#0
0_3155,256677981,-53104911#0
0_3156,256677981,-55995910
0_3157,256677981,103484177#2
0_3158,256677981,103484187#2
0_3159,256677981,1055324687#2
0_3160,256677981,114953453#6
0_3161,256677981,1223050325#0
0_3162,256677981,1223050326
0_3163,256677981,1226960836#1
0_3164,256677981,1240423339#1
0_3165,256677981,1240423345#0
0_3166,256677981,1240423346#0
0_3167,256677981,1240423347#0
0_3168,256677981,1240423347#1
0_3169,256677981,1240423348#0
0_3170,256677981,1240423348#1
0_3171,256677981,1240423349#0
0_3172,256677981,1240423360
0_3173,256677981,1296353454
0_3174,256677981,1296353456
0_3175,256677981,131750844#7
0_3176,256677981,131750844#8
0_3177,256677981,131750844#9
0_3178,256677981,131750850#0
0_3179,256677981,131750853#0
0_3180,256677981,131750853#2
0_3181,256677981,131752095#2
0_3182,256677981,151503390#1
0_3183,256677981,167058904#1
0_3184,256677981,167058911#2
0_3185,256677981,25748726#4
0_3186,256677981,25748858
0_3187,256677981,25817735#2
0_3188,256677981,25819014#1
0_3189,256677981,25819014#2
0_3190,256677981,25819177#5
0_3191,256677981,28279138#0
0_3192,256677981,28279138#5
0_3193,256677981,28921528#8
0_3194,256677981,30673346
0_3195,256677981,30674315#11
0_3196,256677981,30674315#8
0_3197,256677981,30674315#9
0_3198,256677981,30674359#0
0_3199,256677981,30674359#5
0_3200,256677981,30674385#2
0_3201,256677981,30674948
0_3202,256677981,30675059#0
0_3203,256677981,30675059#1
0_3204,256677981,30690502#1
0_3205,256677981,30690502#2
0_3206,256677981,30690502#4
0_3207,256677981,30690502#6
0_3208,256677981,30690562#1
0_3209,256677981,448630413#6
0_3210,256677981,48563898
0_3211,256677981,48563902#0
0_3212,256677981,48874527#2
0_3213,256677981,53104899#1
0_3214,256677981,53104910#1
0_3215,256677981,564714859
0_3216,256677981,577223386#2
0_3217,256677981,797350454
0_3218,256677981,96606465
0_3219,25748726#6,-1028425248
0_3220,25748726#6,-103484187#0
0_3221,25748726#6,-1055324690
0_3222,25748726#6,-1055324691
0_3223,25748726#6,-256677981
0_3224,25748726#6,-30690563#0
0_3225,25748726#6,-33831688
0_3226,25748726#6,-48563893#2
0_3227,25748726#6,-48874524
0_3228,25748726#6,-50370694#0
0_3229,25748726#6,-53104899#0
0_3230,25748726#6,-53104911#0
0_3231,25748726#6,-55995910
0_3232,25748726#6,103484177#2
0_3233,25748726#6,103484187#2
0_3234,25748726#6,1055324687#2
0_3235,25748726#6,114953453#6
0_3236,25748726#6,1223050325#0
0_3237,25748726#6,1223050326
0_3238,25748726#6,1226960836#1
0_3239,25748726#6,1240423339#1
0_3240,25748726#6,1240423345#0
0_3241,25748726#6,1240423346#0
0_3242,25748726#6,1240423347#0
0_3243,25748726#6,1240423347#1
0_3244,25748726#6,1240423348#0
0_3245,25748726#6,1240423348#1
0_3246,25748726#6,1240423349#0
0_3247,25748726#6,1240423360
0_3248,25748726#6,1296353454
0_3249,25748726#6,1296353456
0_3250,25748726#6,131750844#7
0_3251,25748726#6,131750844#8
0_3252,25748726#6,131750844#9
0_3253,25748726#6,131750850#0
0_3254,25748726#6,131750853#0
0_3255,25748726#6,131750853#2
0_3256,25748726#6,131752095#2
0_3257,25748726#6,151503390#1
0_3258,25748726#6,167058904#1
0_3259,25748726#6,167058911#2
0_3260,25748726#6,25748726#4
0_3261,25748726#6,25748858
0_3262,25748726#6,25817735#2
0_3263,25748726#6,25819014#1
0_3264,25748726#6,25819014#2
0_3265,25748726#6,25819177#5
0_3266,25748726#6,28279138#0
0_3267,25748726#6,28279138#5
0_3268,25748726#6,28921528#8
0_3269,25748726#6,30673346
0_3270,25748726#6,30674315#11
0_3271,25748726#6,30674315#8
0_3272,25748726#6,30674315#9
0_3273,25748726#6,30674359#0
0_3274,25748726#6,30674359#5
0_3275,25748726#6,30674385#2
0_3276,25748726#6,30674948
0_3277,25748726#6,30675059#0
0_3278,25748726#6,30675059#1
0_3279,25748726#6,30690502#1
0_3280,25748726#6,30690502#2
0_3281,25748726#6,30690502#4
0_3282,25748726#6,30690502#6
0_3283,25748726#6,30690562#1
0_3284,25748726#6,448630413#6
0_3285,25748726#6,48563898
0_3286,25748726#6,48563902#0
0_3287,25748726#6,48874527#2
0_3288,25748726#6,53104899#1
0_3289,25748726#6,53104910#1
0_3290,25748726#6,564714859
0_3291,25748726#6,577223386#2
0_3292,25748726#6,797350454
0_3293,25748726#6,96606465
0_3294,25756821#0,-1028425248
0_3295,25756821#0,-103484187#0
0_3296,25756821#0,-1055324690
0_3297,25756821#0,-1055324691
0_3298,25756821#0,-256677981
0_3299,25756821#0,-30690563#0
0_3300,25756821#0,-33831688
0_3301,25756821#0,-48563893#2
0_3302,25756821#0,-48874524
0_3303,25756821#0,-50370694#0
0_3304,25756821#0,-53104899#0
0_3305,25756821#0,-53104911#0
0_3306,25756821#0,-55995910
0_3307,25756821#0,103484177#2
0_3308,25756821#0,103484187#2
0_3309,25756821#0,1055324687#2
0_3310,25756821#0,114953453#6
0_3311,25756821#0,1223050325#0
0_3312,25756821#0,1223050326
0_3313,25756821#0,1226960836#1
0_3314,25756821#0,1240423339#1
0_3315,25756821#0,1240423345#0
0_3316,25756821#0,1240423346#0
0_3317,25756821#0,1240423347#0
0_3318,25756821#0,1240423347#1
0_3319,25756821#0,1240423348#0
0_3320,25756821#0,1240423348#1
0_3321,25756821#0,1240423349#0
0_3322,25756821#0,1240423360
0_3323,25756821#0,1296353454
0_3324,25756821#0,1296353456
0_3325,25756821#0,131750844#7
0_3326,25756821#0,131750844#8
0_3327,25756821#0,131750844#9
0_3328,25756821#0,131750850#0
0_3329,25756821#0,131750853#0
0_3330,25756821#0,131750853#2
0_3331,25756821#0,131752095#2
0_3332,25756821#0,151503390#1
0_3333,25756821#0,167058904#1
0_3334,25756821#0,167058911#2
0_3335,25756821#0,25748726#4
0_3336,25756821#0,25748858
0_3337,25756821#0,25817735#2
0_3338,25756821#0,25819014#1
0_3339,25756821#0,25819014#2
0_3340,25756821#0,25819177#5
0_3341,25756821#0,28279138#0
0_3342,25756821#0,28279138#5
0_3343,25756821#0,28921528#8
0_3344,25756821#0,30673346
0_3345,25756821#0,30674315#11
0_3346,25756821#0,30674315#8
0_3347,25756821#0,30674315#9
0_3348,25756821#0,30674359#0
0_3349,25756821#0,30674359#5
0_3350,25756821#0,30674385#2
0_3351,25756821#0,30674948
0_3352,25756821#0,30675059#0
0_3353,25756821#0,30675059#1
0_3354,25756821#0,30690502#1
0_3355,25756821#0,30690502#2
0_3356,25756821#0,30690502#4
0_3357,25756821#0,30690502#6
0_3358,25756821#0,30690562#1
0_3359,25756821#0,448630413#6
0_3360,25756821#0,48563898
0_3361,25756821#0,48563902#0
0_3362,25756821#0,48874527#2
0_3363,25756821#0,53104899#1
0_3364,25756821#0,53104910#1
0_3365,25756821#0,564714859
0_3366,25756821#0,577223386#2
0_3367,25756821#0,797350454
0_3368,25756821#0,96606465
0_3369,25756821#4,-1028425248
0_3370,25756821#4,-103484187#0
0_3371,25756821#4,-1055324690
0_3372,25756821#4,-1055324691
0_3373,25756821#4,-256677981
0_3374,25756821#4,-30690563#0
0_3375,25756821#4,-33831688
0_3376,25756821#4,-48563893#2
0_3377,25756821#4,-48874524
0_3378,25756821#4,-50370694#0
0_3379,25756821#4,-53104899#0
0_3380,25756821#4,-53104911#0
0_3381,25756821#4,-55995910
0_3382,25756821#4,103484177#2
0_3383,25756821#4,103484187#2
0_3384,25756821#4,1055324687#2
0_3385,25756821#4,114953453#6
0_3386,25756821#4,1223050325#0
0_3387,25756821#4,1223050326
0_3388,25756821#4,1226960836#1
0_3389,25756821#4,1240423339#1
0_3390,25756821#4,1240423345#0
0_3391,25756821#4,1240423346#0
0_3392,25756821#4,1240423347#0
0_3393,25756821#4,1240423347#1
0_3394,25756821#4,1240423348#0
0_3395,25756821#4,1240423348#1
0_3396,25756821#4,1240423349#0
0_3397,25756821#4,1240423360
0_3398,25756821#4,1296353454
0_3399,25756821#4,1296353456
0_3400,25756821#4,131750844#7
0_3401,25756821#4,131750844#8
0_3402,25756821#4,131750844#9
0_3403,25756821#4,131750850#0
0_3404,25756821#4,131750853#0
0_3405,25756821#4,131750853#2
0_3406,25756821#4,131752095#2
0_3407,25756821#4,151503390#1
0_3408,25756821#4,167058904#1
0_3409,25756821#4,167058911#2
0_3410,25756821#4,25748726#4
0_3411,25756821#4,25748858
0_3412,25756821#4,25817735#2
0_3413,25756821#4,25819014#1
0_3414,25756821#4,25819014#2
0_3415,25756821#4,25819177#5
0_3416,25756821#4,28279138#0
0_3417,25756821#4,28279138#5
0_3418,25756821#4,28921528#8
0_3419,25756821#4,30673346
0_3420,25756821#4,30674315#11
0_3421,25756821#4,30674315#8
0_3422,25756821#4,30674315#9
0_3423,25756821#4,30674359#0
0_3424,25756821#4,30674359#5
0_3425,25756821#4,30674385#2
0_3426,25756821#4,30674948
0_3427,25756821#4,30675059#0
0_3428,25756821#4,30675059#1
0_3429,25756821#4,30690502#1
0_3430,25756821#4,30690502#2
0_3431,25756821#4,30690502#4
0_3432,25756821#4,30690502#6
0_3433,25756821#4,30690562#1
0_3434,25756821#4,448630413#6
0_3435,25756821#4,48563898
0_3436,25756821#4,48563902#0
0_3437,25756821#4,48874527#2
0_3438,25756821#4,53104899#1
0_3439,25756821#4,53104910#1
0_3440,25756821#4,564714859
0_3441,25756821#4,577223386#2
0_3442,25756821#4,797350454
0_3443,25756821#4,96606465
0_3444,25817423#1,-1028425248
0_3445,25817423#1,-103484187#0
0_3446,25817423#1,-1055324690
0_3447,25817423#1,-1055324691
0_3448,25817423#1,-256677981
0_3449,25817423#1,-30690563#0
0_3450,25817423#1,-33831688
0_3451,25817423#1,-48563893#2
0_3452,25817423#1,-48874524
0_3453,25817423#1,-50370694#0
0_3454,25817423#1,-53104899#0
0_3455,25817423#1,-53104911#0
0_3456,25817423#1,-55995910
0_3457,25817423#1,103484177#2
0_3458,25817423#1,103484187#2
0_3459,25817423#1,1055324687#2
0_3460,25817423#1,114953453#6
0_3461,25817423#1,1223050325#0
0_3462,25817423#1,1223050326
0_3463,25817423#1,1226960836#1
0_3464,25817423#1,1240423339#1
0_3465,25817423#1,1240423345#0
0_3466,25817423#1,1240423346#0
0_3467,25817423#1,1240423347#0
0_3468,25817423#1,1240423347#1
0_3469,25817423#1,1240423348#0
0_3470,25817423#1,1240423348#1
0_3471,25817423#1,1240423349#0
0_3472,25817423#1,1240423360
0_3473,25817423#1,1296353454
0_3474,25817423#1,1296353456
0_3475,25817423#1,131750844#7
0_3476,25817423#1,131750844#8
0_3477,25817423#1,131750844#9
0_3478,25817423#1,131750850#0
0_3479,25817423#1,131750853#0
0_3480,25817423#1,131750853#2
0_3481,25817423#1,131752095#2
0_3482,25817423#1,151503390#1
0_3483,25817423#1,167058904#1
0_3484,25817423#1,167058911#2
0_3485,25817423#1,25748726#4
0_3486,25817423#1,25748858
0_3487,25817423#1,25817735#2
0_3488,25817423#1,25819014#1
0_3489,25817423#1,25819014#2
0_3490,25817423#1,25819177#5
0_3491,25817423#1,28279138#0
0_3492,25817423#1,28279138#5
0_3493,25817423#1,28921528#8
0_3494,25817423#1,30673346
0_3495,25817423#1,30674315#11
0_3496,25817423#1,30674315#8
0_3497,25817423#1,30674315#9
0_3498,25817423#1,30674359#0
0_3499,25817423#1,30674359#5
0_3500,25817423#1,30674385#2
0_3501,25817423#1,30674948
0_3502,25817423#1,30675059#0
0_3503,25817423#1,30675059#1
0_3504,25817423#1,30690502#1
0_3505,25817423#1,30690502#2
0_3506,25817423#1,30690502#4
0_3507,25817423#1,30690502#6
0_3508,25817423#1,30690562#1
0_3509,25817423#1,448630413#6
0_3510,25817423#1,48563898
0_3511,25817423#1,48563902#0
0_3512,25817423#1,48874527#2
0_3513,25817423#1,53104899#1
0_3514,25817423#1,53104910#1
0_3515,25817423#1,564714859
0_3516,25817423#1,577223386#2
0_3517,25817423#1,797350454
0_3518,25817423#1,96606465
0_3519,25819014#0,-1028425248
0_3520,25819014#0,-103484187#0
0_3521,25819014#0,-1055324690
0_3522,25819014#0,-1055324691
0_3523,25819014#0,-256677981
0_3524,25819014#0,-30690563#0
0_3525,25819014#0,-33831688
0_3526,25819014#0,-48563893#2
0_3527,25819014#0,-48874524
0_3528,25819014#0,-50370694#0
0_3529,25819014#0,-53104899#0
0_3530,25819014#0,-53104911#0
0_3531,25819014#0,-55995910
0_3532,25819014#0,103484177#2
0_3533,25819014#0,103484187#2
0_3534,25819014#0,1055324687#2
0_3535,25819014#0,114953453#6
0_3536,25819014#0,1223050325#0
0_3537,25819014#0,1223050326
0_3538,25819014#0,1226960836#1
0_3539,25819014#0,1240423339#1
0_3540,25819014#0,1240423345#0
0_3541,25819014#0,1240423346#0
0_3542,25819014#0,1240423347#0
0_3543,25819014#0,1240423347#1
0_3544,25819014#0,1240423348#0
0_3545,25819014#0,1240423348#1
0_3546,25819014#0,1240423349#0
0_3547,25819014#0,1240423360
0_3548,25819014#0,1296353454
0_3549,25819014#0,1296353456
0_3550,25819014#0,131750844#7
0_3551,25819014#0,131750844#8
0_3552,25819014#0,131750844#9
0_3553,25819014#0,131750850#0
0_3554,25819014#0,131750853#0
0_3555,25819014#0,131750853#2
0_3556,25819014#0,131752095#2
0_3557,25819014#0,151503390#1
0_3558,25819014#0,167058904#1
0_3559,25819014#0,167058911#2
0_3560,25819014#0,25748726#4
0_3561,25819014#0,25748858
0_3562,25819014#0,25817735#2
0_3563,25819014#0,25819014#1
0_3564,25819014#0,25819014#2
0_3565,25819014#0,25819177#5
0_3566,25819014#0,28279138#0
0_3567,25819014#0,28279138#5
0_3568,25819014#0,28921528#8
0_3569,25819014#0,30673346
0_3570,25819014#0,30674315#11
0_3571,25819014#0,30674315#8
0_3572,25819014#0,30674315#9
0_3573,25819014#0,30674359#0
0_3574,25819014#0,30674359#5
0_3575,25819014#0,30674385#2
0_3576,25819014#0,30674948
0_3577,25819014#0,30675059#0
0_3578,25819014#0,30675059#1
0_3579,25819014#0,30690502#1
0_3580,25819014#0,30690502#2
0_3581,25819014#0,30690502#4
0_3582,25819014#0,30690502#6
0_3583,25819014#0,30690562#1
0_3584,25819014#0,448630413#6
0_3585,25819014#0,48563898
0_3586,25819014#0,48563902#0
0_3587,25819014#0,48874527#2
0_3588,25819014#0,53104899#1
0_3589,25819014#0,53104910#1
0_3590,25819014#0,564714859
0_3591,25819014#0,577223386#2
0_3592,25819014#0,797350454
0_3593,25819014#0,96606465
0_3594,25819014#5,-1028425248
0_3595,25819014#5,-103484187#0
0_3596,25819014#5,-1055324690
0_3597,25819014#5,-1055324691
0_3598,25819014#5,-256677981
0_3599,25819014#5,-30690563#0
0_3600,25819014#5,-33831688
0_3601,25819014#5,-48563893#2
0_3602,25819014#5,-48874524
0_3603,25819014#5,-50370694#0
0_3604,25819014#5,-53104899#0
0_3605,25819014#5,-53104911#0
0_3606,25819014#5,-55995910
0_3607,25819014#5,103484177#2
0_3608,25819014#5,103484187#2
0_3609,25819014#5,1055324687#2
0_3610,25819014#5,114953453#6
0_3611,25819014#5,1223050325#0
0_3612,25819014#5,1223050326
0_3613,25819014#5,1226960836#1
0_3614,25819014#5,1240423339#1
0_3615,25819014#5,1240423345#0
0_3616,25819014#5,1240423346#0
0_3617,25819014#5,1240423347#0
0_3618,25819014#5,1240423347#1
0_3619,25819014#5,1240423348#0
0_3620,25819014#5,1240423348#1
0_3621,25819014#5,1240423349#0
0_3622,25819014#5,1240423360
0_3623,25819014#5,1296353454
0_3624,25819014#5,1296353456
0_3625,25819014#5,131750844#7
0_3626,25819014#5,131750844#8
0_3627,25819014#5,131750844#9
0_3628,25819014#5,131750850#0
0_3629,25819014#5,131750853#0
0_3630,25819014#5,131750853#2
0_3631,25819014#5,131752095#2
0_3632,25819014#5,151503390#1
0_3633,25819014#5,167058904#1
0_3634,25819014#5,167058911#2
0_3635,25819014#5,25748726#4
0_3636,25819014#5,25748858
0_3637,25819014#5,25817735#2
0_3638,25819014#5,25819014#1
0_3639,25819014#5,25819014#2
0_3640,25819014#5,25819177#5
0_3641,25819014#5,28279138#0
0_3642,25819014#5,28279138#5
0_3643,25819014#5,28921528#8
0_3644,25819014#5,30673346
0_3645,25819014#5,30674315#11
0_3646,25819014#5,30674315#8
0_3647,25819014#5,30674315#9
0_3648,25819014#5,30674359#0
0_3649,25819014#5,30674359#5
0_3650,25819014#5,30674385#2
0_3651,25819014#5,30674948
0_3652,25819014#5,30675059#0
0_3653,25819014#5,30675059#1
0_3654,25819014#5,30690502#1
0_3655,25819014#5,30690502#2
0_3656,25819014#5,30690502#4
0_3657,25819014#5,30690502#6
0_3658,25819014#5,30690562#1
0_3659,25819014#5,448630413#6
0_3660,25819014#5,48563898
0_3661,25819014#5,48563902#0
0_3662,25819014#5,48874527#2
0_3663,25819014#5,53104899#1
0_3664,25819014#5,53104910#1
0_3665,25819014#5,564714859
0_3666,25819014#5,577223386#2
0_3667,25819014#5,797350454
0_3668,25819014#5,96606465
0_3669,25819177#5,-1028425248
0_3670,25819177#5,-103484187#0
0_3671,25819177#5,-1055324690
0_3672,25819177#5,-1055324691
0_3673,25819177#5,-256677981
0_3674,25819177#5,-30690563#0
0_3675,25819177#5,-33831688
0_3676,25819177#5,-48563893#2
0_3677,25819177#5,-48874524
0_3678,25819177#5,-50370694#0
0_3679,25819177#5,-53104899#0
0_3680,25819177#5,-53104911#0
0_3681,25819177#5,-55995910
0_3682,25819177#5,103484177#2
0_3683,25819177#5,103484187#2
0_3684,25819177#5,1055324687#2
0_3685,25819177#5,114953453#6
0_3686,25819177#5,1223050325#0
0_3687,25819177#5,1223050326
0_3688,25819177#5,1226960836#1
0_3689,25819177#5,1240423339#1
0_3690,25819177#5,1240423345#0
0_3691,25819177#5,1240423346#0
0_3692,25819177#5,1240423347#0
0_3693,25819177#5,1240423347#1
0_3694,25819177#5,1240423348#0
0_3695,25819177#5,1240423348#1
0_3696,25819177#5,1240423349#0
0_3697,25819177#5,1240423360
0_3698,25819177#5,1296353454
0_3699,25819177#5,1296353456
0_3700,25819177#5,131750844#7
0_3701,25819177#5,131750844#8
0_3702,25819177#5,131750844#9
0_3703,25819177#5,131750850#0
0_3704,25819177#5,131750853#0
0_3705,25819177#5,131750853#2
0_3706,25819177#5,131752095#2
0_3707,25819177#5,151503390#1
0_3708,25819177#5,167058904#1
0_3709,25819177#5,167058911#2
0_3710,25819177#5,25748726#4
0_3711,25819177#5,25748858
0_3712,25819177#5,25817735#2
0_3713,25819177#5,25819014#1
0_3714,25819177#5,25819014#2
0_3715,25819177#5,28279138#0
0_3716,25819177#5,28279138#5
0_3717,25819177#5,28921528#8
0_3718,25819177#5,30673346
0_3719,25819177#5,30674315#11
0_3720,25819177#5,30674315#8
0_3721,25819177#5,30674315#9
0_3722,25819177#5,30674359#0
0_3723,25819177#5,30674359#5
0_3724,25819177#5,30674385#2
0_3725,25819177#5,30674948
0_3726,25819177#5,30675059#0
0_3727,25819177#5,30675059#1
0_3728,25819177#5,30690502#1
0_3729,25819177#5,30690502#2
0_3730,25819177#5,30690502#4
0_3731,25819177#5,30690502#6
0_3732,25819177#5,30690562#1
0_3733,25819177#5,448630413#6
0_3734,25819177#5,48563898
0_3735,25819177#5,48563902#0
0_3736,25819177#5,48874527#2
0_3737,25819177#5,53104899#1
0_3738,25819177#5,53104910#1
0_3739,25819177#5,564714859
0_3740,25819177#5,577223386#2
0_3741,25819177#5,797350454
0_3742,25819177#5,96606465
0_3743,28921530#1,-1028425248
0_3744,28921530#1,-103484187#0
0_3745,28921530#1,-1055324690
0_3746,28921530#1,-1055324691
0_3747,28921530#1,-256677981
0_3748,28921530#1,-30690563#0
0_3749,28921530#1,-33831688
0_3750,28921530#1,-48563893#2
0_3751,28921530#1,-48874524
0_3752,28921530#1,-50370694#0
0_3753,28921530#1,-53104899#0
0_3754,28921530#1,-53104911#0
0_3755,28921530#1,-55995910
0_3756,28921530#1,103484177#2
0_3757,28921530#1,103484187#2
0_3758,28921530#1,1055324687#2
0_3759,28921530#1,114953453#6
0_3760,28921530#1,1223050325#0
0_3761,28921530#1,1223050326
0_3762,28921530#1,1226960836#1
0_3763,28921530#1,1240423339#1
0_3764,28921530#1,1240423345#0
0_3765,28921530#1,1240423346#0
0_3766,28921530#1,1240423347#0
0_3767,28921530#1,1240423347#1
0_3768,28921530#1,1240423348#0
0_3769,28921530#1,1240423348#1
0_3770,28921530#1,1240423349#0
0_3771,28921530#1,1240423360
0_3772,28921530#1,1296353454
0_3773,28921530#1,1296353456
0_3774,28921530#1,131750844#7
0_3775,28921530#1,131750844#8
0_3776,28921530#1,131750844#9
0_3777,28921530#1,131750850#0
0_3778,28921530#1,131750853#0
0_3779,28921530#1,131750853#2
0_3780,28921530#1,131752095#2
0_3781,28921530#1,151503390#1
0_3782,28921530#1,167058904#1
0_3783,28921530#1,167058911#2
0_3784,28921530#1,25748726#4
0_3785,28921530#1,25748858
0_3786,28921530#1,25817735#2
0_3787,28921530#1,25819014#1
0_3788,28921530#1,25819014#2
0_3789,28921530#1,25819177#5
0_3790,28921530#1,28279138#0
0_3791,28921530#1,28279138#5
0_3792,28921530#1,28921528#8
0_3793,28921530#1,30673346
0_3794,28921530#1,30674315#11
0_3795,28921530#1,30674315#8
0_3796,28921530#1,30674315#9
0_3797,28921530#1,30674359#0
0_3798,28921530#1,30674359#5
0_3799,28921530#1,30674385#2
0_3800,28921530#1,30674948
0_3801,28921530#1,30675059#0
0_3802,28921530#1,30675059#1
0_3803,28921530#1,30690502#1
0_3804,28921530#1,30690502#2
0_3805,28921530#1,30690502#4
0_3806,28921530#1,30690502#6
0_3807,28921530#1,30690562#1
0_3808,28921530#1,448630413#6
0_3809,28921530#1,48563898
0_3810,28921530#1,48563902#0
0_3811,28921530#1,48874527#2
0_3812,28921530#1,53104899#1
0_3813,28921530#1,53104910#1
0_3814,28921530#1,564714859
0_3815,28921530#1,577223386#2
0_3816,28921530#1,797350454
0_3817,28921530#1,96606465
0_3818,30655445#1,-1028425248
0_3819,30655445#1,-103484187#0
0_3820,30655445#1,-1055324690
0_3821,30655445#1,-1055324691
0_3822,30655445#1,-256677981
0_3823,30655445#1,-30690563#0
0_3824,30655445#1,-33831688
0_3825,30655445#1,-48563893#2
0_3826,30655445#1,-48874524
0_3827,30655445#1,-50370694#0
0_3828,30655445#1,-53104899#0
0_3829,30655445#1,-53104911#0
0_3830,30655445#1,-55995910
0_3831,30655445#1,103484177#2
0_3832,30655445#1,103484187#2
0_3833,30655445#1,1055324687#2
0_3834,30655445#1,114953453#6
0_3835,30655445#1,1223050325#0
0_3836,30655445#1,1223050326
0_3837,30655445#1,1226960836#1
0_3838,30655445#1,1240423339#1
0_3839,30655445#1,1240423345#0
0_3840,30655445#1,1240423346#0
0_3841,30655445#1,1240423347#0
0_3842,30655445#1,1240423347#1
0_3843,30655445#1,1240423348#0
0_3844,30655445#1,1240423348#1
0_3845,30655445#1,1240423349#0
0_3846,30655445#1,1240423360
0_3847,30655445#1,1296353454
0_3848,30655445#1,1296353456
0_3849,30655445#1,131750844#7
0_3850,30655445#1,131750844#8
0_3851,30655445#1,131750844#9
0_3852,30655445#1,131750850#0
0_3853,30655445#1,131750853#0
0_3854,30655445#1,131750853#2
0_3855,30655445#1,131752095#2
0_3856,30655445#1,151503390#1
0_3857,30655445#1,167058904#1
0_3858,30655445#1,167058911#2
0_3859,30655445#1,25748726#4
0_3860,30655445#1,25748858
0_3861,30655445#1,25817735#2
0_3862,30655445#1,25819014#1
0_3863,30655445#1,25819014#2
0_3864,30655445#1,25819177#5
0_3865,30655445#1,28279138#0
0_3866,30655445#1,28279138#5
0_3867,30655445#1,28921528#8
0_3868,30655445#1,30673346
0_3869,30655445#1,30674315#11
0_3870,30655445#1,30674315#8
0_3871,30655445#1,30674315#9
0_3872,30655445#1,30674359#0
0_3873,30655445#1,30674359#5
0_3874,30655445#1,30674385#2
0_3875,30655445#1,30674948
0_3876,30655445#1,30675059#0
0_3877,30655445#1,30675059#1
0_3878,30655445#1,30690502#1
0_3879,30655445#1,30690502#2
0_3880,30655445#1,30690502#4
0_3881,30655445#1,30690502#6
0_3882,30655445#1,30690562#1
0_3883,30655445#1,448630413#6
0_3884,30655445#1,48563898
0_3885,30655445#1,48563902#0
0_3886,30655445#1,48874527#2
0_3887,30655445#1,53104899#1
0_3888,30655445#1,53104910#1
0_3889,30655445#1,564714859
0_3890,30655445#1,577223386#2
0_3891,30655445#1,797350454
0_3892,30655445#1,96606465
0_3893,30673862#1,-1028425248
0_3894,30673862#1,-103484187#0
0_3895,30673862#1,-1055324690
0_3896,30673862#1,-1055324691
0_3897,30673862#1,-256677981
0_3898,30673862#1,-30690563#0
0_3899,30673862#1,-33831688
0_3900,30673862#1,-48563893#2
0_3901,30673862#1,-48874524
0_3902,30673862#1,-50370694#0
0_3903,30673862#1,-53104899#0
0_3904,30673862#1,-53104911#0
0_3905,30673862#1,-55995910
0_3906,30673862#1,103484177#2
0_3907,30673862#1,103484187#2
0_3908,30673862#1,1055324687#2
0_3909,30673862#1,114953453#6
0_3910,30673862#1,1223050325#0
0_3911,30673862#1,1223050326
0_3912,30673862#1,1226960836#1
0_3913,30673862#1,1240423339#1
0_3914,30673862#1,1240423345#0
0_3915,30673862#1,1240423346#0
0_3916,30673862#1,1240423347#0
0_3917,30673862#1,1240423347#1
0_3918,30673862#1,1240423348#0
0_3919,30673862#1,1240423348#1
0_3920,30673862#1,1240423349#0
0_3921,30673862#1,1240423360
0_3922,30673862#1,1296353454
0_3923,30673862#1,1296353456
0_3924,30673862#1,131750844#7
0_3925,30673862#1,131750844#8
0_3926,30673862#1,131750844#9
0_3927,30673862#1,131750850#0
0_3928,30673862#1,131750853#0
0_3929,30673862#1,131750853#2
0_3930,30673862#1,131752095#2
0_3931,30673862#1,151503390#1
0_3932,30673862#1,167058904#1
0_3933,30673862#1,167058911#2
0_3934,30673862#1,25748726#4
0_3935,30673862#1,25748858
0_3936,30673862#1,25817735#2
0_3937,30673862#1,25819014#1
0_3938,30673862#1,25819014#2
0_3939,30673862#1,25819177#5
0_3940,30673862#1,28279138#0
0_3941,30673862#1,28279138#5
0_3942,30673862#1,28921528#8
0_3943,30673862#1,30673346
0_3944,30673862#1,30674315#11
0_3945,30673862#1,30674315#8
0_3946,30673862#1,30674315#9
0_3947,30673862#1,30674359#0
0_3948,30673862#1,30674359#5
0_3949,30673862#1,30674385#2
0_3950,30673862#1,30674948
0_3951,30673862#1,30675059#0
0_3952,30673862#1,30675059#1
0_3953,30673862#1,30690502#1
0_3954,30673862#1,30690502#2
0_3955,30673862#1,30690502#4
0_3956,30673862#1,30690502#6
0_3957,30673862#1,30690562#1
0_3958,30673862#1,448630413#6
0_3959,30673862#1,48563898
0_3960,30673862#1,48563902#0
0_3961,30673862#1,48874527#2
0_3962,30673862#1,53104899#1
0_3963,30673862#1,53104910#1
0_3964,30673862#1,564714859
0_3965,30673862#1,577223386#2
0_3966,30673862#1,797350454
0_3967,30673862#1,96606465
0_3968,30674192#0,-1028425248
0_3969,30674192#0,-103484187#0
0_3970,30674192#0,-1055324690
0_3971,30674192#0,-1055324691
0_3972,30674192#0,-256677981
0_3973,30674192#0,-30690563#0
0_3974,30674192#0,-33831688
0_3975,30674192#0,-48563893#2
0_3976,30674192#0,-48874524
0_3977,30674192#0,-50370694#0
0_3978,30674192#0,-53104899#0
0_3979,30674192#0,-53104911#0
0_3980,30674192#0,-55995910
0_3981,30674192#0,103484177#2
0_3982,30674192#0,103484187#2
0_3983,30674192#0,1055324687#2
0_3984,30674192#0,114953453#6
0_3985,30674192#0,1223050325#0
0_3986,30674192#0,1223050326
0_3987,30674192#0,1226960836#1
0_3988,30674192#0,1240423339#1
0_3989,30674192#0,1240423345#0
0_3990,30674192#0,1240423346#0
0_3991,30674192#0,1240423347#0
0_3992,30674192#0,1240423347#1
0_3993,30674192#0,1240423348#0
0_3994,30674192#0,1240423348#1
0_3995,30674192#0,1240423349#0
0_3996,30674192#0,1240423360
0_3997,30674192#0,1296353454
0_3998,30674192#0,1296353456
0_3999,30674192#0,131750844#7
0_4000,30674192#0,131750844#8
0_4001,30674192#0,131750844#9
0_4002,30674192#0,131750850#0
0_4003,30674192#0,131750853#0
0_4004,30674192#0,131750853#2
0_4005,30674192#0,131752095#2
0_4006,30674192#0,151503390#1
0_4007,30674192#0,167058904#1
0_4008,30674192#0,167058911#2
0_4009,30674192#0,25748726#4
0_4010,30674192#0,25748858
0_4011,30674192#0,25817735#2
0_4012,30674192#0,25819014#1
0_4013,30674192#0,25819014#2
0_4014,30674192#0,25819177#5
0_4015,30674192#0,28279138#0
0_4016,30674192#0,28279138#5
0_4017,30674192#0,28921528#8
0_4018,30674192#0,30673346
0_4019,30674192#0,30674315#11
0_4020,30674192#0,30674315#8
0_4021,30674192#0,30674315#9
0_4022,30674192#0,30674359#0
0_4023,30674192#0,30674359#5
0_4024,30674192#0,30674385#2
0_4025,30674192#0,30674948
0_4026,30674192#0,30675059#0
0_4027,30674192#0,30675059#1
0_4028,30674192#0,30690502#1
0_4029,30674192#0,30690502#2
0_4030,30674192#0,30690502#4
0_4031,30674192#0,30690502#6
0_4032,30674192#0,30690562#1
0_4033,30674192#0,448630413#6
0_4034,30674192#0,48563898
0_4035,30674192#0,48563902#0
0_4036,30674192#0,48874527#2
0_4037,30674192#0,53104899#1
0_4038,30674192#0,53104910#1
0_4039,30674192#0,564714859
0_4040,30674192#0,577223386#2
0_4041,30674192#0,797350454
0_4042,30674192#0,96606465
0_4043,30674192#1,-1028425248
0_4044,30674192#1,-103484187#0
0_4045,30674192#1,-1055324690
0_4046,30674192#1,-1055324691
0_4047,30674192#1,-256677981
0_4048,30674192#1,-30690563#0
0_4049,30674192#1,-33831688
0_4050,30674192#1,-48563893#2
0_4051,30674192#1,-48874524
0_4052,30674192#1,-50370694#0
0_4053,30674192#1,-53104899#0
0_4054,30674192#1,-53104911#0
0_4055,30674192#1,-55995910
0_4056,30674192#1,103484177#2
0_4057,30674192#1,103484187#2
0_4058,30674192#1,1055324687#2
0_4059,30674192#1,114953453#6
0_4060,30674192#1,1223050325#0
0_4061,30674192#1,1223050326
0_4062,30674192#1,1226960836#1
0_4063,30674192#1,1240423339#1
0_4064,30674192#1,1240423345#0
0_4065,30674192#1,1240423346#0
0_4066,30674192#1,1240423347#0
0_4067,30674192#1,1240423347#1
0_4068,30674192#1,1240423348#0
0_4069,30674192#1,1240423348#1
0_4070,30674192#1,1240423349#0
0_4071,30674192#1,1240423360
0_4072,30674192#1,1296353454
0_4073,30674192#1,1296353456
0_4074,30674192#1,131750844#7
0_4075,30674192#1,131750844#8
0_4076,30674192#1,131750844#9
0_4077,30674192#1,131750850#0
0_4078,30674192#1,131750853#0
0_4079,30674192#1,131750853#2
0_4080,30674192#1,131752095#2
0_4081,30674192#1,151503390#1
0_4082,30674192#1,167058904#1
0_4083,30674192#1,167058911#2
0_4084,30674192#1,25748726#4
0_4085,30674192#1,25748858
0_4086,30674192#1,25817735#2
0_4087,30674192#1,25819014#1
0_4088,30674192#1,25819014#2
0_4089,30674192#1,25819177#5
0_4090,30674192#1,28279138#0
0_4091,30674192#1,28279138#5
0_4092,30674192#1,28921528#8
0_4093,30674192#1,30673346
0_4094,30674192#1,30674315#11
0_4095,30674192#1,30674315#8
0_4096,30674192#1,30674315#9
0_4097,30674192#1,30674359#0
0_4098,30674192#1,30674359#5
0_4099,30674192#1,30674385#2
0_4100,30674192#1,30674948
0_4101,30674192#1,30675059#0
0_4102,30674192#1,30675059#1
0_4103,30674192#1,30690502#1
0_4104,30674192#1,30690502#2
0_4105,30674192#1,30690502#4
0_4106,30674192#1,30690502#6
0_4107,30674192#1,30690562#1
0_4108,30674192#1,448630413#6
0_4109,30674192#1,48563898
0_4110,30674192#1,48563902#0
0_4111,30674192#1,48874527#2
0_4112,30674192#1,53104899#1
0_4113,30674192#1,53104910#1
0_4114,30674192#1,564714859
0_4115,30674192#1,577223386#2
0_4116,30674192#1,797350454
0_4117,30674192#1,96606465
0_4118,30674315#11,-1028425248
0_4119,30674315#11,-103484187#0
0_4120,30674315#11,-1055324690
0_4121,30674315#11,-1055324691
0_4122,30674315#11,-256677981
0_4123,30674315#11,-30690563#0
0_4124,30674315#11,-33831688
0_4125,30674315#11,-48563893#2
0_4126,30674315#11,-48874524
0_4127,30674315#11,-50370694#0
0_4128,30674315#11,-53104899#0
0_4129,30674315#11,-53104911#0
0_4130,30674315#11,-55995910
0_4131,30674315#11,103484177#2
0_4132,30674315#11,103484187#2
0_4133,30674315#11,1055324687#2
0_4134,30674315#11,114953453#6
0_4135,30674315#11,1223050325#0
0_4136,30674315#11,1223050326
0_4137,30674315#11,1226960836#1
0_4138,30674315#11,1240423339#1
0_4139,30674315#11,1240423345#0
0_4140,30674315#11,1240423346#0
0_4141,30674315#11,1240423347#0
0_4142,30674315#11,1240423347#1
0_4143,30674315#11,1240423348#0
0_4144,30674315#11,1240423348#1
0_4145,30674315#11,1240423349#0
0_4146,30674315#11,1240423360
0_4147,30674315#11,1296353454
0_4148,30674315#11,1296353456
0_4149,30674315#11,131750844#7
0_4150,30674315#11,131750844#8
0_4151,30674315#11,131750844#9
0_4152,30674315#11,131750850#0
0_4153,30674315#11,131750853#0
0_4154,30674315#11,131750853#2
0_4155,30674315#11,131752095#2
0_4156,30674315#11,151503390#1
0_4157,30674315#11,167058904#1
0_4158,30674315#11,167058911#2
0_4159,30674315#11,25748726#4
0_4160,30674315#11,25748858
0_4161,30674315#11,25817735#2
0_4162,30674315#11,25819014#1
0_4163,30674315#11,25819014#2
0_4164,30674315#11,25819177#5
0_4165,30674315#11,28279138#0
0_4166,30674315#11,28279138#5
0_4167,30674315#11,28921528#8
0_4168,30674315#11,30673346
0_4169,30674315#11,30674315#8
0_4170,30674315#11,30674315#9
0_4171,30674315#11,30674359#0
0_4172,30674315#11,30674359#5
0_4173,30674315#11,30674385#2
0_4174,30674315#11,30674948
0_4175,30674315#11,30675059#0
0_4176,30674315#11,30675059#1
0_4177,30674315#11,30690502#1
0_4178,30674315#11,30690502#2
0_4179,30674315#11,30690502#4
0_4180,30674315#11,30690502#6
0_4181,30674315#11,30690562#1
0_4182,30674315#11,448630413#6
0_4183,30674315#11,48563898
0_4184,30674315#11,48563902#0
0_4185,30674315#11,48874527#2
0_4186,30674315#11,53104899#1
0_4187,30674315#11,53104910#1
0_4188,30674315#11,564714859
0_4189,30674315#11,577223386#2
0_4190,30674315#11,797350454
0_4191,30674315#11,96606465
0_4192,30674315#8,-1028425248
0_4193,30674315#8,-103484187#0
0_4194,30674315#8,-1055324690
0_4195,30674315#8,-1055324691
0_4196,30674315#8,-256677981
0_4197,30674315#8,-30690563#0
0_4198,30674315#8,-33831688
0_4199,30674315#8,-48563893#2
0_4200,30674315#8,-48874524
0_4201,30674315#8,-50370694#0
0_4202,30674315#8,-53104899#0
0_4203,30674315#8,-53104911#0
0_4204,30674315#8,-55995910
0_4205,30674315#8,103484177#2
0_4206,30674315#8,103484187#2
0_4207,30674315#8,1055324687#2
0_4208,30674315#8,114953453#6
0_4209,30674315#8,1223050325#0
0_4210,30674315#8,1223050326
0_4211,30674315#8,1226960836#1
0_4212,30674315#8,1240423339#1
0_4213,30674315#8,1240423345#0
0_4214,30674315#8,1240423346#0
0_4215,30674315#8,1240423347#0
0_4216,30674315#8,1240423347#1
0_4217,30674315#8,1240423348#0
0_4218,30674315#8,1240423348#1
0_4219,30674315#8,1240423349#0
0_4220,30674315#8,1240423360
0_4221,30674315#8,1296353454
0_4222,30674315#8,1296353456
0_4223,30674315#8,131750844#7
0_4224,30674315#8,131750844#8
0_4225,30674315#8,131750844#9
0_4226,30674315#8,131750850#0
0_4227,30674315#8,131750853#0
0_4228,30674315#8,131750853#2
0_4229,30674315#8,131752095#2
0_4230,30674315#8,151503390#1
0_4231,30674315#8,167058904#1
0_4232,30674315#8,167058911#2
0_4233,30674315#8,25748726#4
0_4234,30674315#8,25748858
0_4235,30674315#8,25817735#2
0_4236,30674315#8,25819014#1
0_4237,30674315#8,25819014#2
0_4238,30674315#8,25819177#5
0_4239,30674315#8,28279138#0
0_4240,30674315#8,28279138#5
0_4241,30674315#8,28921528#8
0_4242,30674315#8,30673346
0_4243,30674315#8,30674315#11
0_4244,30674315#8,30674315#9
0_4245,30674315#8,30674359#0
0_4246,30674315#8,30674359#5
0_4247,30674315#8,30674385#2
0_4248,30674315#8,30674948
0_4249,30674315#8,30675059#0
0_4250,30674315#8,30675059#1
0_4251,30674315#8,30690502#1
0_4252,30674315#8,30690502#2
0_4253,30674315#8,30690502#4
0_4254,30674315#8,30690502#6
0_4255,30674315#8,30690562#1
0_4256,30674315#8,448630413#6
0_4257,30674315#8,48563898
0_4258,30674315#8,48563902#0
0_4259,30674315#8,48874527#2
0_4260,30674315#8,53104899#1
0_4261,30674315#8,53104910#1
0_4262,30674315#8,564714859
0_4263,30674315#8,577223386#2
0_4264,30674315#8,797350454
0_4265,30674315#8,96606465
0_4266,30674359#2,-1028425248
0_4267,30674359#2,-103484187#0
0_4268,30674359#2,-1055324690
0_4269,30674359#2,-1055324691
0_4270,30674359#2,-256677981
0_4271,30674359#2,-30690563#0
0_4272,30674359#2,-33831688
0_4273,30674359#2,-48563893#2
0_4274,30674359#2,-48874524
0_4275,30674359#2,-50370694#0
0_4276,30674359#2,-53104899#0
0_4277,30674359#2,-53104911#0
0_4278,30674359#2,-55995910
0_4279,30674359#2,103484177#2
0_4280,30674359#2,103484187#2
0_4281,30674359#2,1055324687#2
0_4282,30674359#2,114953453#6
0_4283,30674359#2,1223050325#0
0_4284,30674359#2,1223050326
0_4285,30674359#2,1226960836#1
0_4286,30674359#2,1240423339#1
0_4287,30674359#2,1240423345#0
0_4288,30674359#2,1240423346#0
0_4289,30674359#2,1240423347#0
0_4290,30674359#2,1240423347#1
0_4291,30674359#2,1240423348#0
0_4292,30674359#2,1240423348#1
0_4293,30674359#2,1240423349#0
0_4294,30674359#2,1240423360
0_4295,30674359#2,1296353454
0_4296,30674359#2,1296353456
0_4297,30674359#2,131750844#7
0_4298,30674359#2,131750844#8
0_4299,30674359#2,131750844#9
0_4300,30674359#2,131750850#0
0_4301,30674359#2,131750853#0
0_4302,30674359#2,131750853#2
0_4303,30674359#2,131752095#2
0_4304,30674359#2,151503390#1
0_4305,30674359#2,167058904#1
0_4306,30674359#2,167058911#2
0_4307,30674359#2,25748726#4
0_4308,30674359#2,25748858
0_4309,30674359#2,25817735#2
0_4310,30674359#2,25819014#1
0_4311,30674359#2,25819014#2
0_4312,30674359#2,25819177#5
0_4313,30674359#2,28279138#0
0_4314,30674359#2,28279138#5
0_4315,30674359#2,28921528#8
0_4316,30674359#2,30673346
0_4317,30674359#2,30674315#11
0_4318,30674359#2,30674315#8
0_4319,30674359#2,30674315#9
0_4320,30674359#2,30674359#0
0_4321,30674359#2,30674359#5
0_4322,30674359#2,30674385#2
0_4323,30674359#2,30674948
0_4324,30674359#2,30675059#0
0_4325,30674359#2,30675059#1
0_4326,30674359#2,30690502#1
0_4327,30674359#2,30690502#2
0_4328,30674359#2,30690502#4
0_4329,30674359#2,30690502#6
0_4330,30674359#2,30690562#1
0_4331,30674359#2,448630413#6
0_4332,30674359#2,48563898
0_4333,30674359#2,48563902#0
0_4334,30674359#2,48874527#2
0_4335,30674359#2,53104899#1
0_4336,30674359#2,53104910#1
0_4337,30674359#2,564714859
0_4338,30674359#2,577223386#2
0_4339,30674359#2,797350454
0_4340,30674359#2,96606465
0_4341,30674359#3,-1028425248
0_4342,30674359#3,-103484187#0
0_4343,30674359#3,-1055324690
0_4344,30674359#3,-1055324691
0_4345,30674359#3,-256677981
0_4346,30674359#3,-30690563#0
0_4347,30674359#3,-33831688
0_4348,30674359#3,-48563893#2
0_4349,30674359#3,-48874524
0_4350,30674359#3,-50370694#0
0_4351,30674359#3,-53104899#0
0_4352,30674359#3,-53104911#0
0_4353,30674359#3,-55995910
0_4354,30674359#3,103484177#2
0_4355,30674359#3,103484187#2
0_4356,30674359#3,1055324687#2
0_4357,30674359#3,114953453#6
0_4358,30674359#3,1223050325#0
0_4359,30674359#3,1223050326
0_4360,30674359#3,1226960836#1
0_4361,30674359#3,1240423339#1
0_4362,30674359#3,1240423345#0
0_4363,30674359#3,1240423346#0
0_4364,30674359#3,1240423347#0
0_4365,30674359#3,1240423347#1
0_4366,30674359#3,1240423348#0
0_4367,30674359#3,1240423348#1
0_4368,30674359#3,1240423349#0
0_4369,30674359#3,1240423360
0_4370,30674359#3,1296353454
0_4371,30674359#3,1296353456
0_4372,30674359#3,131750844#7
0_4373,30674359#3,131750844#8
0_4374,30674359#3,131750844#9
0_4375,30674359#3,131750850#0
0_4376,30674359#3,131750853#0
0_4377,30674359#3,131750853#2
0_4378,30674359#3,131752095#2
0_4379,30674359#3,151503390#1
0_4380,30674359#3,167058904#1
0_4381,30674359#3,167058911#2
0_4382,30674359#3,25748726#4
0_4383,30674359#3,25748858
0_4384,30674359#3,25817735#2
0_4385,30674359#3,25819014#1
0_4386,30674359#3,25819014#2
0_4387,30674359#3,25819177#5
0_4388,30674359#3,28279138#0
0_4389,30674359#3,28279138#5
0_4390,30674359#3,28921528#8
0_4391,30674359#3,30673346
0_4392,30674359#3,30674315#11
0_4393,30674359#3,30674315#8
0_4394,30674359#3,30674315#9
0_4395,30674359#3,30674359#0
0_4396,30674359#3,30674359#5
0_4397,30674359#3,30674385#2
0_4398,30674359#3,30674948
0_4399,30674359#3,30675059#0
0_4400,30674359#3,30675059#1
0_4401,30674359#3,30690502#1
0_4402,30674359#3,30690502#2
0_4403,30674359#3,30690502#4
0_4404,30674359#3,30690502#6
0_4405,30674359#3,30690562#1
0_4406,30674359#3,448630413#6
0_4407,30674359#3,48563898
0_4408,30674359#3,48563902#0
0_4409,30674359#3,48874527#2
0_4410,30674359#3,53104899#1
0_4411,30674359#3,53104910#1
0_4412,30674359#3,564714859
0_4413,30674359#3,577223386#2
0_4414,30674359#3,797350454
0_4415,30674359#3,96606465
0_4416,30674359#4,-1028425248
0_4417,30674359#4,-103484187#0
0_4418,30674359#4,-1055324690
0_4419,30674359#4,-1055324691
0_4420,30674359#4,-256677981
0_4421,30674359#4,-30690563#0
0_4422,30674359#4,-33831688
0_4423,30674359#4,-48563893#2
0_4424,30674359#4,-48874524
0_4425,30674359#4,-50370694#0
0_4426,30674359#4,-53104899#0
0_4427,30674359#4,-53104911#0
0_4428,30674359#4,-55995910
0_4429,30674359#4,103484177#2
0_4430,30674359#4,103484187#2
0_4431,30674359#4,1055324687#2
0_4432,30674359#4,114953453#6
0_4433,30674359#4,1223050325#0
0_4434,30674359#4,1223050326
0_4435,30674359#4,1226960836#1
0_4436,30674359#4,1240423339#1
0_4437,30674359#4,1240423345#0
0_4438,30674359#4,1240423346#0
0_4439,30674359#4,1240423347#0
0_4440,30674359#4,1240423347#1
0_4441,30674359#4,1240423348#0
0_4442,30674359#4,1240423348#1
0_4443,30674359#4,1240423349#0
0_4444,30674359#4,1240423360
0_4445,30674359#4,1296353454
0_4446,30674359#4,1296353456
0_4447,30674359#4,131750844#7
0_4448,30674359#4,131750844#8
0_4449,30674359#4,131750844#9
0_4450,30674359#4,131750850#0
0_4451,30674359#4,131750853#0
0_4452,30674359#4,131750853#2
0_4453,30674359#4,131752095#2
0_4454,30674359#4,151503390#1
0_4455,30674359#4,167058904#1
0_4456,30674359#4,167058911#2
0_4457,30674359#4,25748726#4
0_4458,30674359#4,25748858
0_4459,30674359#4,25817735#2
0_4460,30674359#4,25819014#1
0_4461,30674359#4,25819014#2
0_4462,30674359#4,25819177#5
0_4463,30674359#4,28279138#0
0_4464,30674359#4,28279138#5
0_4465,30674359#4,28921528#8
0_4466,30674359#4,30673346
0_4467,30674359#4,30674315#11
0_4468,30674359#4,30674315#8
0_4469,30674359#4,30674315#9
0_4470,30674359#4,30674359#0
0_4471,30674359#4,30674359#5
0_4472,30674359#4,30674385#2
0_4473,30674359#4,30674948
0_4474,30674359#4,30675059#0
0_4475,30674359#4,30675059#1
0_4476,30674359#4,30690502#1
0_4477,30674359#4,30690502#2
0_4478,30674359#4,30690502#4
0_4479,30674359#4,30690502#6
0_4480,30674359#4,30690562#1
0_4481,30674359#4,448630413#6
0_4482,30674359#4,48563898
0_4483,30674359#4,48563902#0
0_4484,30674359#4,48874527#2
0_4485,30674359#4,53104899#1
0_4486,30674359#4,53104910#1
0_4487,30674359#4,564714859
0_4488,30674359#4,577223386#2
0_4489,30674359#4,797350454
0_4490,30674359#4,96606465
0_4491,30674359#7,-1028425248
0_4492,30674359#7,-103484187#0
0_4493,30674359#7,-1055324690
0_4494,30674359#7,-1055324691
0_4495,30674359#7,-256677981
0_4496,30674359#7,-30690563#0
0_4497,30674359#7,-33831688
0_4498,30674359#7,-48563893#2
0_4499,30674359#7,-48874524
0_4500,30674359#7,-50370694#0
0_4501,30674359#7,-53104899#0
0_4502,30674359#7,-53104911#0
0_4503,30674359#7,-55995910
0_4504,30674359#7,103484177#2
0_4505,30674359#7,103484187#2
0_4506,30674359#7,1055324687#2
0_4507,30674359#7,114953453#6
0_4508,30674359#7,1223050325#0
0_4509,30674359#7,1223050326
0_4510,30674359#7,1226960836#1
0_4511,30674359#7,1240423339#1
0_4512,30674359#7,1240423345#0
0_4513,30674359#7,1240423346#0
0_4514,30674359#7,1240423347#0
0_4515,30674359#7,1240423347#1
0_4516,30674359#7,1240423348#0
0_4517,30674359#7,1240423348#1
0_4518,30674359#7,1240423349#0
0_4519,30674359#7,1240423360
0_4520,30674359#7,1296353454
0_4521,30674359#7,1296353456
0_4522,30674359#7,131750844#7
0_4523,30674359#7,131750844#8
0_4524,30674359#7,131750844#9
0_4525,30674359#7,131750850#0
0_4526,30674359#7,131750853#0
0_4527,30674359#7,131750853#2
0_4528,30674359#7,131752095#2
0_4529,30674359#7,151503390#1
0_4530,30674359#7,167058904#1
0_4531,30674359#7,167058911#2
0_4532,30674359#7,25748726#4
0_4533,30674359#7,25748858
0_4534,30674359#7,25817735#2
0_4535,30674359#7,25819014#1
0_4536,30674359#7,25819014#2
0_4537,30674359#7,25819177#5
0_4538,30674359#7,28279138#0
0_4539,30674359#7,28279138#5
0_4540,30674359#7,28921528#8
0_4541,30674359#7,30673346
0_4542,30674359#7,30674315#11
0_4543,30674359#7,30674315#8
0_4544,30674359#7,30674315#9
0_4545,30674359#7,30674359#0
0_4546,30674359#7,30674359#5
0_4547,30674359#7,30674385#2
0_4548,30674359#7,30674948
0_4549,30674359#7,30675059#0
0_4550,30674359#7,30675059#1
0_4551,30674359#7,30690502#1
0_4552,30674359#7,30690502#2
0_4553,30674359#7,30690502#4
0_4554,30674359#7,30690502#6
0_4555,30674359#7,30690562#1
0_4556,30674359#7,448630413#6
0_4557,30674359#7,48563898
0_4558,30674359#7,48563902#0
0_4559,30674359#7,48874527#2
0_4560,30674359#7,53104899#1
0_4561,30674359#7,53104910#1
0_4562,30674359#7,564714859
0_4563,30674359#7,577223386#2
0_4564,30674359#7,797350454
0_4565,30674359#7,96606465
0_4566,30674359#8,-1028425248
0_4567,30674359#8,-103484187#0
0_4568,30674359#8,-1055324690
0_4569,30674359#8,-1055324691
0_4570,30674359#8,-256677981
0_4571,30674359#8,-30690563#0
0_4572,30674359#8,-33831688
0_4573,30674359#8,-48563893#2
0_4574,30674359#8,-48874524
0_4575,30674359#8,-50370694#0
0_4576,30674359#8,-53104899#0
0_4577,30674359#8,-53104911#0
0_4578,30674359#8,-55995910
0_4579,30674359#8,103484177#2
0_4580,30674359#8,103484187#2
0_4581,30674359#8,1055324687#2
0_4582,30674359#8,114953453#6
0_4583,30674359#8,1223050325#0
0_4584,30674359#8,1223050326
0_4585,30674359#8,1226960836#1
0_4586,30674359#8,1240423339#1
0_4587,30674359#8,1240423345#0
0_4588,30674359#8,1240423346#0
0_4589,30674359#8,1240423347#0
0_4590,30674359#8,1240423347#1
0_4591,30674359#8,1240423348#0
0_4592,30674359#8,1240423348#1
0_4593,30674359#8,1240423349#0
0_4594,30674359#8,1240423360
0_4595,30674359#8,1296353454
0_4596,30674359#8,1296353456
0_4597,30674359#8,131750844#7
0_4598,30674359#8,131750844#8
0_4599,30674359#8,131750844#9
0_4600,30674359#8,131750850#0
0_4601,30674359#8,131750853#0
0_4602,30674359#8,131750853#2
0_4603,30674359#8,131752095#2
0_4604,30674359#8,151503390#1
0_4605,30674359#8,167058904#1
0_4606,30674359#8,167058911#2
0_4607,30674359#8,25748726#4
0_4608,30674359#8,25748858
0_4609,30674359#8,25817735#2
0_4610,30674359#8,25819014#1
0_4611,30674359#8,25819014#2
0_4612,30674359#8,25819177#5
0_4613,30674359#8,28279138#0
0_4614,30674359#8,28279138#5
0_4615,30674359#8,28921528#8
0_4616,30674359#8,30673346
0_4617,30674359#8,30674315#11
0_4618,30674359#8,30674315#8
0_4619,30674359#8,30674315#9
0_4620,30674359#8,30674359#0
0_4621,30674359#8,30674359#5
0_4622,30674359#8,30674385#2
0_4623,30674359#8,30674948
0_4624,30674359#8,30675059#0
0_4625,30674359#8,30675059#1
0_4626,30674359#8,30690502#1
0_4627,30674359#8,30690502#2
0_4628,30674359#8,30690502#4
0_4629,30674359#8,30690502#6
0_4630,30674359#8,30690562#1
0_4631,30674359#8,448630413#6
0_4632,30674359#8,48563898
0_4633,30674359#8,48563902#0
0_4634,30674359#8,48874527#2
0_4635,30674359#8,53104899#1
0_4636,30674359#8,53104910#1
0_4637,30674359#8,564714859
0_4638,30674359#8,577223386#2
0_4639,30674359#8,797350454
0_4640,30674359#8,96606465
0_4641,30674385#2,-1028425248
0_4642,30674385#2,-103484187#0
0_4643,30674385#2,-1055324690
0_4644,30674385#2,-1055324691
0_4645,30674385#2,-256677981
0_4646,30674385#2,-30690563#0
0_4647,30674385#2,-33831688
0_4648,30674385#2,-48563893#2
0_4649,30674385#2,-48874524
0_4650,30674385#2,-50370694#0
0_4651,30674385#2,-53104899#0
0_4652,30674385#2,-53104911#0
0_4653,30674385#2,-55995910
0_4654,30674385#2,103484177#2
0_4655,30674385#2,103484187#2
0_4656,30674385#2,1055324687#2
0_4657,30674385#2,114953453#6
0_4658,30674385#2,1223050325#0
0_4659,30674385#2,1223050326
0_4660,30674385#2,1226960836#1
0_4661,30674385#2,1240423339#1
0_4662,30674385#2,1240423345#0
0_4663,30674385#2,1240423346#0
0_4664,30674385#2,1240423347#0
0_4665,30674385#2,1240423347#1
0_4666,30674385#2,1240423348#0
0_4667,30674385#2,1240423348#1
0_4668,30674385#2,1240423349#0
0_4669,30674385#2,1240423360
0_4670,30674385#2,1296353454
0_4671,30674385#2,1296353456
0_4672,30674385#2,131750844#7
0_4673,30674385#2,131750844#8
0_4674,30674385#2,131750844#9
0_4675,30674385#2,131750850#0
0_4676,30674385#2,131750853#0
0_4677,30674385#2,131750853#2
0_4678,30674385#2,131752095#2
0_4679,30674385#2,151503390#1
0_4680,30674385#2,167058904#1
0_4681,30674385#2,167058911#2
0_4682,30674385#2,25748726#4
0_4683,30674385#2,25748858
0_4684,30674385#2,25817735#2
0_4685,30674385#2,25819014#1
0_4686,30674385#2,25819014#2
0_4687,30674385#2,25819177#5
0_4688,30674385#2,28279138#0
0_4689,30674385#2,28279138#5
0_4690,30674385#2,28921528#8
0_4691,30674385#2,30673346
0_4692,30674385#2,30674315#11
0_4693,30674385#2,30674315#8
0_4694,30674385#2,30674315#9
0_4695,30674385#2,30674359#0
0_4696,30674385#2,30674359#5
0_4697,30674385#2,30674948
0_4698,30674385#2,30675059#0
0_4699,30674385#2,30675059#1
0_4700,30674385#2,30690502#1
0_4701,30674385#2,30690502#2
0_4702,30674385#2,30690502#4
0_4703,30674385#2,30690502#6
0_4704,30674385#2,30690562#1
0_4705,30674385#2,448630413#6
0_4706,30674385#2,48563898
0_4707,30674385#2,48563902#0
0_4708,30674385#2,48874527#2
0_4709,30674385#2,53104899#1
0_4710,30674385#2,53104910#1
0_4711,30674385#2,564714859
0_4712,30674385#2,577223386#2
0_4713,30674385#2,797350454
0_4714,30674385#2,96606465
0_4715,30674845#1,-1028425248
0_4716,30674845#1,-103484187#0
0_4717,30674845#1,-1055324690
0_4718,30674845#1,-1055324691
0_4719,30674845#1,-256677981
0_4720,30674845#1,-30690563#0
0_4721,30674845#1,-33831688
0_4722,30674845#1,-48563893#2
0_4723,30674845#1,-48874524
0_4724,30674845#1,-50370694#0
0_4725,30674845#1,-53104899#0
0_4726,30674845#1,-53104911#0
0_4727,30674845#1,-55995910
0_4728,30674845#1,103484177#2
0_4729,30674845#1,103484187#2
0_4730,30674845#1,1055324687#2
0_4731,30674845#1,114953453#6
0_4732,30674845#1,1223050325#0
0_4733,30674845#1,1223050326
0_4734,30674845#1,1226960836#1
0_4735,30674845#1,1240423339#1
0_4736,30674845#1,1240423345#0
0_4737,30674845#1,1240423346#0
0_4738,30674845#1,1240423347#0
0_4739,30674845#1,1240423347#1
0_4740,30674845#1,1240423348#0
0_4741,30674845#1,1240423348#1
0_4742,30674845#1,1240423349#0
0_4743,30674845#1,1240423360
0_4744,30674845#1,1296353454
0_4745,30674845#1,1296353456
0_4746,30674845#1,131750844#7
0_4747,30674845#1,131750844#8
0_4748,30674845#1,131750844#9
0_4749,30674845#1,131750850#0
0_4750,30674845#1,131750853#0
0_4751,30674845#1,131750853#2
0_4752,30674845#1,131752095#2
0_4753,30674845#1,151503390#1
0_4754,30674845#1,167058904#1
0_4755,30674845#1,167058911#2
0_4756,30674845#1,25748726#4
0_4757,30674845#1,25748858
0_4758,30674845#1,25817735#2
0_4759,30674845#1,25819014#1
0_4760,30674845#1,25819014#2
0_4761,30674845#1,25819177#5
0_4762,30674845#1,28279138#0
0_4763,30674845#1,28279138#5
0_4764,30674845#1,28921528#8
0_4765,30674845#1,30673346
0_4766,30674845#1,30674315#11
0_4767,30674845#1,30674315#8
0_4768,30674845#1,30674315#9
0_4769,30674845#1,30674359#0
0_4770,30674845#1,30674359#5
0_4771,30674845#1,30674385#2
0_4772,30674845#1,30674948
0_4773,30674845#1,30675059#0
0_4774,30674845#1,30675059#1
0_4775,30674845#1,30690502#1
0_4776,30674845#1,30690502#2
0_4777,30674845#1,30690502#4
0_4778,30674845#1,30690502#6
0_4779,30674845#1,30690562#1
0_4780,30674845#1,448630413#6
0_4781,30674845#1,48563898
0_4782,30674845#1,48563902#0
0_4783,30674845#1,48874527#2
0_4784,30674845#1,53104899#1
0_4785,30674845#1,53104910#1
0_4786,30674845#1,564714859
0_4787,30674845#1,577223386#2
0_4788,30674845#1,797350454
0_4789,30674845#1,96606465
0_4790,30690502#1,-1028425248
0_4791,30690502#1,-103484187#0
0_4792,30690502#1,-1055324690
0_4793,30690502#1,-1055324691
0_4794,30690502#1,-256677981
0_4795,30690502#1,-30690563#0
0_4796,30690502#1,-33831688
0_4797,30690502#1,-48563893#2
0_4798,30690502#1,-48874524
0_4799,30690502#1,-50370694#0
0_4800,30690502#1,-53104899#0
0_4801,30690502#1,-53104911#0
0_4802,30690502#1,-55995910
0_4803,30690502#1,103484177#2
0_4804,30690502#1,103484187#2
0_4805,30690502#1,1055324687#2
0_4806,30690502#1,114953453#6
0_4807,30690502#1,1223050325#0
0_4808,30690502#1,1223050326
0_4809,30690502#1,1226960836#1
0_4810,30690502#1,1240423339#1
0_4811,30690502#1,1240423345#0
0_4812,30690502#1,1240423346#0
0_4813,30690502#1,1240423347#0
0_4814,30690502#1,1240423347#1
0_4815,30690502#1,1240423348#0
0_4816,30690502#1,1240423348#1
0_4817,30690502#1,1240423349#0
0_4818,30690502#1,1240423360
0_4819,30690502#1,1296353454
0_4820,30690502#1,1296353456
0_4821,30690502#1,131750844#7
0_4822,30690502#1,131750844#8
0_4823,30690502#1,131750844#9
0_4824,30690502#1,131750850#0
0_4825,30690502#1,131750853#0
0_4826,30690502#1,131750853#2
0_4827,30690502#1,131752095#2
0_4828,30690502#1,151503390#1
0_4829,30690502#1,167058904#1
0_4830,30690502#1,167058911#2
0_4831,30690502#1,25748726#4
0_4832,30690502#1,25748858
0_4833,30690502#1,25817735#2
0_4834,30690502#1,25819014#1
0_4835,30690502#1,25819014#2
0_4836,30690502#1,25819177#5
0_4837,30690502#1,28279138#0
0_4838,30690502#1,28279138#5
0_4839,30690502#1,28921528#8
0_4840,30690502#1,30673346
0_4841,30690502#1,30674315#11
0_4842,30690502#1,30674315#8
0_4843,30690502#1,30674315#9
0_4844,30690502#1,30674359#0
0_4845,30690502#1,30674359#5
0_4846,30690502#1,30674385#2
0_4847,30690502#1,30674948
0_4848,30690502#1,30675059#0
0_4849,30690502#1,30675059#1
0_4850,30690502#1,30690502#2
0_4851,30690502#1,30690502#4
0_4852,30690502#1,30690502#6
0_4853,30690502#1,30690562#1
0_4854,30690502#1,448630413#6
0_4855,30690502#1,48563898
0_4856,30690502#1,48563902#0
0_4857,30690502#1,48874527#2
0_4858,30690502#1,53104899#1
0_4859,30690502#1,53104910#1
0_4860,30690502#1,564714859
0_4861,30690502#1,577223386#2
0_4862,30690502#1,797350454
0_4863,30690502#1,96606465
0_4864,30690502#2,-1028425248
0_4865,30690502#2,-103484187#0
0_4866,30690502#2,-1055324690
0_4867,30690502#2,-1055324691
0_4868,30690502#2,-256677981
0_4869,30690502#2,-30690563#0
0_4870,30690502#2,-33831688
0_4871,30690502#2,-48563893#2
0_4872,30690502#2,-48874524
0_4873,30690502#2,-50370694#0
0_4874,30690502#2,-53104899#0
0_4875,30690502#2,-53104911#0
0_4876,30690502#2,-55995910
0_4877,30690502#2,103484177#2
0_4878,30690502#2,103484187#2
0_4879,30690502#2,1055324687#2
0_4880,30690502#2,114953453#6
0_4881,30690502#2,1223050325#0
0_4882,30690502#2,1223050326
0_4883,30690502#2,1226960836#1
0_4884,30690502#2,1240423339#1
0_4885,30690502#2,1240423345#0
0_4886,30690502#2,1240423346#0
0_4887,30690502#2,1240423347#0
0_4888,30690502#2,1240423347#1
0_4889,30690502#2,1240423348#0
0_4890,30690502#2,1240423348#1
0_4891,30690502#2,1240423349#0
0_4892,30690502#2,1240423360
0_4893,30690502#2,1296353454
0_4894,30690502#2,1296353456
0_4895,30690502#2,131750844#7
0_4896,30690502#2,131750844#8
0_4897,30690502#2,131750844#9
0_4898,30690502#2,131750850#0
0_4899,30690502#2,131750853#0
0_4900,30690502#2,131750853#2
0_4901,30690502#2,131752095#2
0_4902,30690502#2,151503390#1
0_4903,30690502#2,167058904#1
0_4904,30690502#2,167058911#2
0_4905,30690502#2,25748726#4
0_4906,30690502#2,25748858
0_4907,30690502#2,25817735#2
0_4908,30690502#2,25819014#1
0_4909,30690502#2,25819014#2
0_4910,30690502#2,25819177#5
0_4911,30690502#2,28279138#0
0_4912,30690502#2,28279138#5
0_4913,30690502#2,28921528#8
0_4914,30690502#2,30673346
0_4915,30690502#2,30674315#11
0_4916,30690502#2,30674315#8
0_4917,30690502#2,30674315#9
0_4918,30690502#2,30674359#0
0_4919,30690502#2,30674359#5
0_4920,30690502#2,30674385#2
0_4921,30690502#2,30674948
0_4922,30690502#2,30675059#0
0_4923,30690502#2,30675059#1
0_4924,30690502#2,30690502#1
0_4925,30690502#2,30690502#4
0_4926,30690502#2,30690502#6
0_4927,30690502#2,30690562#1
0_4928,30690502#2,448630413#6
0_4929,30690502#2,48563898
0_4930,30690502#2,48563902#0
0_4931,30690502#2,48874527#2
0_4932,30690502#2,53104899#1
0_4933,30690502#2,53104910#1
0_4934,30690502#2,564714859
0_4935,30690502#2,577223386#2
0_4936,30690502#2,797350454
0_4937,30690502#2,96606465
0_4938,30690502#4,-1028425248
0_4939,30690502#4,-103484187#0
0_4940,30690502#4,-1055324690
0_4941,30690502#4,-1055324691
0_4942,30690502#4,-256677981
0_4943,30690502#4,-30690563#0
0_4944,30690502#4,-33831688
0_4945,30690502#4,-48563893#2
0_4946,30690502#4,-48874524
0_4947,30690502#4,-50370694#0
0_4948,30690502#4,-53104899#0
0_4949,30690502#4,-53104911#0
0_4950,30690502#4,-55995910
0_4951,30690502#4,103484177#2
0_4952,30690502#4,103484187#2
0_4953,30690502#4,1055324687#2
0_4954,30690502#4,114953453#6
0_4955,30690502#4,1223050325#0
0_4956,30690502#4,1223050326
0_4957,30690502#4,1226960836#1
0_4958,30690502#4,1240423339#1
0_4959,30690502#4,1240423345#0
0_4960,30690502#4,1240423346#0
0_4961,30690502#4,1240423347#0
0_4962,30690502#4,1240423347#1
0_4963,30690502#4,1240423348#0
0_4964,30690502#4,1240423348#1
0_4965,30690502#4,1240423349#0
0_4966,30690502#4,1240423360
0_4967,30690502#4,1296353454
0_4968,30690502#4,1296353456
0_4969,30690502#4,131750844#7
0_4970,30690502#4,131750844#8
0_4971,30690502#4,131750844#9
0_4972,30690502#4,131750850#0
0_4973,30690502#4,131750853#0
0_4974,30690502#4,131750853#2
0_4975,30690502#4,131752095#2
0_4976,30690502#4,151503390#1
0_4977,30690502#4,167058904#1
0_4978,30690502#4,167058911#2
0_4979,30690502#4,25748726#4
0_4980,30690502#4,25748858
0_4981,30690502#4,25817735#2
0_4982,30690502#4,25819014#1
0_4983,30690502#4,25819014#2
0_4984,30690502#4,25819177#5
0_4985,30690502#4,28279138#0
0_4986,30690502#4,28279138#5
0_4987,30690502#4,28921528#8
0_4988,30690502#4,30673346
0_4989,30690502#4,30674315#11
0_4990,30690502#4,30674315#8
0_4991,30690502#4,30674315#9
0_4992,30690502#4,30674359#0
0_4993,30690502#4,30674359#5
0_4994,30690502#4,30674385#2
0_4995,30690502#4,30674948
0_4996,30690502#4,30675059#0
0_4997,30690502#4,30675059#1
0_4998,30690502#4,30690502#1
0_4999,30690502#4,30690502#2
0_5000,30690502#4,30690502#6
0_5001,30690502#4,30690562#1
0_5002,30690502#4,448630413#6
0_5003,30690502#4,48563898
0_5004,30690502#4,48563902#0
0_5005,30690502#4,48874527#2
0_5006,30690502#4,53104899#1
0_5007,30690502#4,53104910#1
0_5008,30690502#4,564714859
0_5009,30690502#4,577223386#2
0_5010,30690502#4,797350454
0_5011,30690502#4,96606465
0_5012,30690502#6,-1028425248
0_5013,30690502#6,-103484187#0
0_5014,30690502#6,-1055324690
0_5015,30690502#6,-1055324691
0_5016,30690502#6,-256677981
0_5017,30690502#6,-30690563#0
0_5018,30690502#6,-33831688
0_5019,30690502#6,-48563893#2
0_5020,30690502#6,-48874524
0_5021,30690502#6,-50370694#0
0_5022,30690502#6,-53104899#0
0_5023,30690502#6,-53104911#0
0_5024,30690502#6,-55995910
0_5025,30690502#6,103484177#2
0_5026,30690502#6,103484187#2
0_5027,30690502#6,1055324687#2
0_5028,30690502#6,114953453#6
0_5029,30690502#6,1223050325#0
0_5030,30690502#6,1223050326
0_5031,30690502#6,1226960836#1
0_5032,30690502#6,1240423339#1
0_5033,30690502#6,1240423345#0
0_5034,30690502#6,1240423346#0
0_5035,30690502#6,1240423347#0
0_5036,30690502#6,1240423347#1
0_5037,30690502#6,1240423348#0
0_5038,30690502#6,1240423348#1
0_5039,30690502#6,1240423349#0
0_5040,30690502#6,1240423360
0_5041,30690502#6,1296353454
0_5042,30690502#6,1296353456
0_5043,30690502#6,131750844#7
0_5044,30690502#6,131750844#8
0_5045,30690502#6,131750844#9
0_5046,30690502#6,131750850#0
0_5047,30690502#6,131750853#0
0_5048,30690502#6,131750853#2
0_5049,30690502#6,131752095#2
0_5050,30690502#6,151503390#1
0_5051,30690502#6,167058904#1
0_5052,30690502#6,167058911#2
0_5053,30690502#6,25748726#4
0_5054,30690502#6,25748858
0_5055,30690502#6,25817735#2
0_5056,30690502#6,25819014#1
0_5057,30690502#6,25819014#2
0_5058,30690502#6,25819177#5
0_5059,30690502#6,28279138#0
0_5060,30690502#6,28279138#5
0_5061,30690502#6,28921528#8
0_5062,30690502#6,30673346
0_5063,30690502#6,30674315#11
0_5064,30690502#6,30674315#8
0_5065,30690502#6,30674315#9
0_5066,30690502#6,30674359#0
0_5067,30690502#6,30674359#5
0_5068,30690502#6,30674385#2
0_5069,30690502#6,30674948
0_5070,30690502#6,30675059#0
0_5071,30690502#6,30675059#1
0_5072,30690502#6,30690502#1
0_5073,30690502#6,30690502#2
0_5074,30690502#6,30690502#4
0_5075,30690502#6,30690562#1
0_5076,30690502#6,448630413#6
0_5077,30690502#6,48563898
0_5078,30690502#6,48563902#0
0_5079,30690502#6,48874527#2
0_5080,30690502#6,53104899#1
0_5081,30690502#6,53104910#1
0_5082,30690502#6,564714859
0_5083,30690502#6,577223386#2
0_5084,30690502#6,797350454
0_5085,30690502#6,96606465
0_5086,30690506#1,-1028425248
0_5087,30690506#1,-103484187#0
0_5088,30690506#1,-1055324690
0_5089,30690506#1,-1055324691
0_5090,30690506#1,-256677981
0_5091,30690506#1,-30690563#0
0_5092,30690506#1,-33831688
0_5093,30690506#1,-48563893#2
0_5094,30690506#1,-48874524
0_5095,30690506#1,-50370694#0
0_5096,30690506#1,-53104899#0
0_5097,30690506#1,-53104911#0
0_5098,30690506#1,-55995910
0_5099,30690506#1,103484177#2
0_5100,30690506#1,103484187#2
0_5101,30690506#1,1055324687#2
0_5102,30690506#1,114953453#6
0_5103,30690506#1,1223050325#0
0_5104,30690506#1,1223050326
0_5105,30690506#1,1226960836#1
0_5106,30690506#1,1240423339#1
0_5107,30690506#1,1240423345#0
0_5108,30690506#1,1240423346#0
0_5109,30690506#1,1240423347#0
0_5110,30690506#1,1240423347#1
0_5111,30690506#1,1240423348#0
0_5112,30690506#1,1240423348#1
0_5113,30690506#1,1240423349#0
0_5114,30690506#1,1240423360
0_5115,30690506#1,1296353454
0_5116,30690506#1,1296353456
0_5117,30690506#1,131750844#7
0_5118,30690506#1,131750844#8
0_5119,30690506#1,131750844#9
0_5120,30690506#1,131750850#0
0_5121,30690506#1,131750853#0
0_5122,30690506#1,131750853#2
0_5123,30690506#1,131752095#2
0_5124,30690506#1,151503390#1
0_5125,30690506#1,167058904#1
0_5126,30690506#1,167058911#2
0_5127,30690506#1,25748726#4
0_5128,30690506#1,25748858
0_5129,30690506#1,25817735#2
0_5130,30690506#1,25819014#1
0_5131,30690506#1,25819014#2
0_5132,30690506#1,25819177#5
0_5133,30690506#1,28279138#0
0_5134,30690506#1,28279138#5
0_5135,30690506#1,28921528#8
0_5136,30690506#1,30673346
0_5137,30690506#1,30674315#11
0_5138,30690506#1,30674315#8
0_5139,30690506#1,30674315#9
0_5140,30690506#1,30674359#0
0_5141,30690506#1,30674359#5
0_5142,30690506#1,30674385#2
0_5143,30690506#1,30674948
0_5144,30690506#1,30675059#0
0_5145,30690506#1,30675059#1
0_5146,30690506#1,30690502#1
0_5147,30690506#1,30690502#2
0_5148,30690506#1,30690502#4
0_5149,30690506#1,30690502#6
0_5150,30690506#1,30690562#1
0_5151,30690506#1,448630413#6
0_5152,30690506#1,48563898
0_5153,30690506#1,48563902#0
0_5154,30690506#1,48874527#2
0_5155,30690506#1,53104899#1
0_5156,30690506#1,53104910#1
0_5157,30690506#1,564714859
0_5158,30690506#1,577223386#2
0_5159,30690506#1,797350454
0_5160,30690506#1,96606465
0_5161,30690507#1,-1028425248
0_5162,30690507#1,-103484187#0
0_5163,30690507#1,-1055324690
0_5164,30690507#1,-1055324691
0_5165,30690507#1,-256677981
0_5166,30690507#1,-30690563#0
0_5167,30690507#1,-33831688
0_5168,30690507#1,-48563893#2
0_5169,30690507#1,-48874524
0_5170,30690507#1,-50370694#0
0_5171,30690507#1,-53104899#0
0_5172,30690507#1,-53104911#0
0_5173,30690507#1,-55995910
0_5174,30690507#1,103484177#2
0_5175,30690507#1,103484187#2
0_5176,30690507#1,1055324687#2
0_5177,30690507#1,114953453#6
0_5178,30690507#1,1223050325#0
0_5179,30690507#1,1223050326
0_5180,30690507#1,1226960836#1
0_5181,30690507#1,1240423339#1
0_5182,30690507#1,1240423345#0
0_5183,30690507#1,1240423346#0
0_5184,30690507#1,1240423347#0
0_5185,30690507#1,1240423347#1
0_5186,30690507#1,1240423348#0
0_5187,30690507#1,1240423348#1
0_5188,30690507#1,1240423349#0
0_5189,30690507#1,1240423360
0_5190,30690507#1,1296353454
0_5191,30690507#1,1296353456
0_5192,30690507#1,131750844#7
0_5193,30690507#1,131750844#8
0_5194,30690507#1,131750844#9
0_5195,30690507#1,131750850#0
0_5196,30690507#1,131750853#0
0_5197,30690507#1,131750853#2
0_5198,30690507#1,131752095#2
0_5199,30690507#1,151503390#1
0_5200,30690507#1,167058904#1
0_5201,30690507#1,167058911#2
0_5202,30690507#1,25748726#4
0_5203,30690507#1,25748858
0_5204,30690507#1,25817735#2
0_5205,30690507#1,25819014#1
0_5206,30690507#1,25819014#2
0_5207,30690507#1,25819177#5
0_5208,30690507#1,28279138#0
0_5209,30690507#1,28279138#5
0_5210,30690507#1,28921528#8
0_5211,30690507#1,30673346
0_5212,30690507#1,30674315#11
0_5213,30690507#1,30674315#8
0_5214,30690507#1,30674315#9
0_5215,30690507#1,30674359#0
0_5216,30690507#1,30674359#5
0_5217,30690507#1,30674385#2
0_5218,30690507#1,30674948
0_5219,30690507#1,30675059#0
0_5220,30690507#1,30675059#1
0_5221,30690507#1,30690502#1
0_5222,30690507#1,30690502#2
0_5223,30690507#1,30690502#4
0_5224,30690507#1,30690502#6
0_5225,30690507#1,30690562#1
0_5226,30690507#1,448630413#6
0_5227,30690507#1,48563898
0_5228,30690507#1,48563902#0
0_5229,30690507#1,48874527#2
0_5230,30690507#1,53104899#1
0_5231,30690507#1,53104910#1
0_5232,30690507#1,564714859
0_5233,30690507#1,577223386#2
0_5234,30690507#1,797350454
0_5235,30690507#1,96606465
0_5236,30690563#0,-1028425248
0_5237,30690563#0,-103484187#0
0_5238,30690563#0,-1055324690
0_5239,30690563#0,-1055324691
0_5240,30690563#0,-256677981
0_5241,30690563#0,-30690563#0
0_5242,30690563#0,-33831688
0_5243,30690563#0,-48563893#2
0_5244,30690563#0,-48874524
0_5245,30690563#0,-50370694#0
0_5246,30690563#0,-53104899#0
0_5247,30690563#0,-53104911#0
0_5248,30690563#0,-55995910
0_5249,30690563#0,103484177#2
0_5250,30690563#0,103484187#2
0_5251,30690563#0,1055324687#2
0_5252,30690563#0,114953453#6
0_5253,30690563#0,1223050325#0
0_5254,30690563#0,1223050326
0_5255,30690563#0,1226960836#1
0_5256,30690563#0,1240423339#1
0_5257,30690563#0,1240423345#0
0_5258,30690563#0,1240423346#0
0_5259,30690563#0,1240423347#0
0_5260,30690563#0,1240423347#1
0_5261,30690563#0,1240423348#0
0_5262,30690563#0,1240423348#1
0_5263,30690563#0,1240423349#0
0_5264,30690563#0,1240423360
0_5265,30690563#0,1296353454
0_5266,30690563#0,1296353456
0_5267,30690563#0,131750844#7
0_5268,30690563#0,131750844#8
0_5269,30690563#0,131750844#9
0_5270,30690563#0,131750850#0
0_5271,30690563#0,131750853#0
0_5272,30690563#0,131750853#2
0_5273,30690563#0,131752095#2
0_5274,30690563#0,151503390#1
0_5275,30690563#0,167058904#1
0_5276,30690563#0,167058911#2
0_5277,30690563#0,25748726#4
0_5278,30690563#0,25748858
0_5279,30690563#0,25817735#2
0_5280,30690563#0,25819014#1
0_5281,30690563#0,25819014#2
0_5282,30690563#0,25819177#5
0_5283,30690563#0,28279138#0
0_5284,30690563#0,28279138#5
0_5285,30690563#0,28921528#8
0_5286,30690563#0,30673346
0_5287,30690563#0,30674315#11
0_5288,30690563#0,30674315#8
0_5289,30690563#0,30674315#9
0_5290,30690563#0,30674359#0
0_5291,30690563#0,30674359#5
0_5292,30690563#0,30674385#2
0_5293,30690563#0,30674948
0_5294,30690563#0,30675059#0
0_5295,30690563#0,30675059#1
0_5296,30690563#0,30690502#1
0_5297,30690563#0,30690502#2
0_5298,30690563#0,30690502#4
0_5299,30690563#0,30690502#6
0_5300,30690563#0,30690562#1
0_5301,30690563#0,448630413#6
0_5302,30690563#0,48563898
0_5303,30690563#0,48563902#0
0_5304,30690563#0,48874527#2
0_5305,30690563#0,53104899#1
0_5306,30690563#0,53104910#1
0_5307,30690563#0,564714859
0_5308,30690563#0,577223386#2
0_5309,30690563#0,797350454
0_5310,30690563#0,96606465
0_5311,33831688,-1028425248
0_5312,33831688,-103484187#0
0_5313,33831688,-1055324690
0_5314,33831688,-1055324691
0_5315,33831688,-256677981
0_5316,33831688,-30690563#0
0_5317,33831688,-33831688
0_5318,33831688,-48563893#2
0_5319,33831688,-48874524
0_5320,33831688,-50370694#0
0_5321,33831688,-53104899#0
0_5322,33831688,-53104911#0
0_5323,33831688,-55995910
0_5324,33831688,103484177#2
0_5325,33831688,103484187#2
0_5326,33831688,1055324687#2
0_5327,33831688,114953453#6
0_5328,33831688,1223050325#0
0_5329,33831688,1223050326
0_5330,33831688,1226960836#1
0_5331,33831688,1240423339#1
0_5332,33831688,1240423345#0
0_5333,33831688,1240423346#0
0_5334,33831688,1240423347#0
0_5335,33831688,1240423347#1
0_5336,33831688,1240423348#0
0_5337,33831688,1240423348#1
0_5338,33831688,1240423349#0
0_5339,33831688,1240423360
0_5340,33831688,1296353454
0_5341,33831688,1296353456
0_5342,33831688,131750844#7
0_5343,33831688,131750844#8
0_5344,33831688,131750844#9
0_5345,33831688,131750850#0
0_5346,33831688,131750853#0
0_5347,33831688,131750853#2
0_5348,33831688,131752095#2
0_5349,33831688,151503390#1
0_5350,33831688,167058904#1
0_5351,33831688,167058911#2
0_5352,33831688,25748726#4
0_5353,33831688,25748858
0_5354,33831688,25817735#2
0_5355,33831688,25819014#1
0_5356,33831688,25819014#2
0_5357,33831688,25819177#5
0_5358,33831688,28279138#0
0_5359,33831688,28279138#5
0_5360,33831688,28921528#8
0_5361,33831688,30673346
0_5362,33831688,30674315#11
0_5363,33831688,30674315#8
0_5364,33831688,30674315#9
0_5365,33831688,30674359#0
0_5366,33831688,30674359#5
0_5367,33831688,30674385#2
0_5368,33831688,30674948
0_5369,33831688,30675059#0
0_5370,33831688,30675059#1
0_5371,33831688,30690502#1
0_5372,33831688,30690502#2
0_5373,33831688,30690502#4
0_5374,33831688,30690502#6
0_5375,33831688,30690562#1
0_5376,33831688,448630413#6
0_5377,33831688,48563898
0_5378,33831688,48563902#0
0_5379,33831688,48874527#2
0_5380,33831688,53104899#1
0_5381,33831688,53104910#1
0_5382,33831688,564714859
0_5383,33831688,577223386#2
0_5384,33831688,797350454
0_5385,33831688,96606465
0_5386,384004721,-1028425248
0_5387,384004721,-103484187#0
0_5388,384004721,-1055324690
0_5389,384004721,-1055324691
0_5390,384004721,-256677981
0_5391,384004721,-30690563#0
0_5392,384004721,-33831688
0_5393,384004721,-48563893#2
0_5394,384004721,-48874524
0_5395,384004721,-50370694#0
0_5396,384004721,-53104899#0
0_5397,384004721,-53104911#0
0_5398,384004721,-55995910
0_5399,384004721,103484177#2
0_5400,384004721,103484187#2
0_5401,384004721,1055324687#2
0_5402,384004721,114953453#6
0_5403,384004721,1223050325#0
0_5404,384004721,1223050326
0_5405,384004721,1226960836#1
0_5406,384004721,1240423339#1
0_5407,384004721,1240423345#0
0_5408,384004721,1240423346#0
0_5409,384004721,1240423347#0
0_5410,384004721,1240423347#1
0_5411,384004721,1240423348#0
0_5412,384004721,1240423348#1
0_5413,384004721,1240423349#0
0_5414,384004721,1240423360
0_5415,384004721,1296353454
0_5416,384004721,1296353456
0_5417,384004721,131750844#7
0_5418,384004721,131750844#8
0_5419,384004721,131750844#9
0_5420,384004721,131750850#0
0_5421,384004721,131750853#0
0_5422,384004721,131750853#2
0_5423,384004721,131752095#2
0_5424,384004721,151503390#1
0_5425,384004721,167058904#1
0_5426,384004721,167058911#2
0_5427,384004721,25748726#4
0_5428,384004721,25748858
0_5429,384004721,25817735#2
0_5430,384004721,25819014#1
0_5431,384004721,25819014#2
0_5432,384004721,25819177#5
0_5433,384004721,28279138#0
0_5434,384004721,28279138#5
0_5435,384004721,28921528#8
0_5436,384004721,30673346
0_5437,384004721,30674315#11
0_5438,384004721,30674315#8
0_5439,384004721,30674315#9
0_5440,384004721,30674359#0
0_5441,384004721,30674359#5
0_5442,384004721,30674385#2
0_5443,384004721,30674948
0_5444,384004721,30675059#0
0_5445,384004721,30675059#1
0_5446,384004721,30690502#1
0_5447,384004721,30690502#2
0_5448,384004721,30690502#4
0_5449,384004721,30690502#6
0_5450,384004721,30690562#1
0_5451,384004721,448630413#6
0_5452,384004721,48563898
0_5453,384004721,48563902#0
0_5454,384004721,48874527#2
0_5455,384004721,53104899#1
0_5456,384004721,53104910#1
0_5457,384004721,564714859
0_5458,384004721,577223386#2
0_5459,384004721,797350454
0_5460,384004721,96606465
0_5461,48559286#0,-1028425248
0_5462,48559286#0,-103484187#0
0_5463,48559286#0,-1055324690
0_5464,48559286#0,-1055324691
0_5465,48559286#0,-256677981
0_5466,48559286#0,-30690563#0
0_5467,48559286#0,-33831688
0_5468,48559286#0,-48563893#2
0_5469,48559286#0,-48874524
0_5470,48559286#0,-50370694#0
0_5471,48559286#0,-53104899#0
0_5472,48559286#0,-53104911#0
0_5473,48559286#0,-55995910
0_5474,48559286#0,103484177#2
0_5475,48559286#0,103484187#2
0_5476,48559286#0,1055324687#2
0_5477,48559286#0,114953453#6
0_5478,48559286#0,1223050325#0
0_5479,48559286#0,1223050326
0_5480,48559286#0,1226960836#1
0_5481,48559286#0,1240423339#1
0_5482,48559286#0,1240423345#0
0_5483,48559286#0,1240423346#0
0_5484,48559286#0,1240423347#0
0_5485,48559286#0,1240423347#1
0_5486,48559286#0,1240423348#0
0_5487,48559286#0,1240423348#1
0_5488,48559286#0,1240423349#0
0_5489,48559286#0,1240423360
0_5490,48559286#0,1296353454
0_5491,48559286#0,1296353456
0_5492,48559286#0,131750844#7
0_5493,48559286#0,131750844#8
0_5494,48559286#0,131750844#9
0_5495,48559286#0,131750850#0
0_5496,48559286#0,131750853#0
0_5497,48559286#0,131750853#2
0_5498,48559286#0,131752095#2
0_5499,48559286#0,151503390#1
0_5500,48559286#0,167058904#1
0_5501,48559286#0,167058911#2
0_5502,48559286#0,25748726#4
0_5503,48559286#0,25748858
0_5504,48559286#0,25817735#2
0_5505,48559286#0,25819014#1
0_5506,48559286#0,25819014#2
0_5507,48559286#0,25819177#5
0_5508,48559286#0,28279138#0
0_5509,48559286#0,28279138#5
0_5510,48559286#0,28921528#8
0_5511,48559286#0,30673346
0_5512,48559286#0,30674315#11
0_5513,48559286#0,30674315#8
0_5514,48559286#0,30674315#9
0_5515,48559286#0,30674359#0
0_5516,48559286#0,30674359#5
0_5517,48559286#0,30674385#2
0_5518,48559286#0,30674948
0_5519,48559286#0,30675059#0
0_5520,48559286#0,30675059#1
0_5521,48559286#0,30690502#1
0_5522,48559286#0,30690502#2
0_5523,48559286#0,30690502#4
0_5524,48559286#0,30690502#6
0_5525,48559286#0,30690562#1
0_5526,48559286#0,448630413#6
0_5527,48559286#0,48563898
0_5528,48559286#0,48563902#0
0_5529,48559286#0,48874527#2
0_5530,48559286#0,53104899#1
0_5531,48559286#0,53104910#1
0_5532,48559286#0,564714859
0_5533,48559286#0,577223386#2
0_5534,48559286#0,797350454
0_5535,48559286#0,96606465
0_5536,48563902#2,-1028425248
0_5537,48563902#2,-103484187#0
0_5538,48563902#2,-1055324690
0_5539,48563902#2,-1055324691
0_5540,48563902#2,-256677981
0_5541,48563902#2,-30690563#0
0_5542,48563902#2,-33831688
0_5543,48563902#2,-48563893#2
0_5544,48563902#2,-48874524
0_5545,48563902#2,-50370694#0
0_5546,48563902#2,-53104899#0
0_5547,48563902#2,-53104911#0
0_5548,48563902#2,-55995910
0_5549,48563902#2,103484177#2
0_5550,48563902#2,103484187#2
0_5551,48563902#2,1055324687#2
0_5552,48563902#2,114953453#6
0_5553,48563902#2,1223050325#0
0_5554,48563902#2,1223050326
0_5555,48563902#2,1226960836#1
0_5556,48563902#2,1240423339#1
0_5557,48563902#2,1240423345#0
0_5558,48563902#2,1240423346#0
0_5559,48563902#2,1240423347#0
0_5560,48563902#2,1240423347#1
0_5561,48563902#2,1240423348#0
0_5562,48563902#2,1240423348#1
0_5563,48563902#2,1240423349#0
0_5564,48563902#2,1240423360
0_5565,48563902#2,1296353454
0_5566,48563902#2,1296353456
0_5567,48563902#2,131750844#7
0_5568,48563902#2,131750844#8
0_5569,48563902#2,131750844#9
0_5570,48563902#2,131750850#0
0_5571,48563902#2,131750853#0
0_5572,48563902#2,131750853#2
0_5573,48563902#2,131752095#2
0_5574,48563902#2,151503390#1
0_5575,48563902#2,167058904#1
0_5576,48563902#2,167058911#2
0_5577,48563902#2,25748726#4
0_5578,48563902#2,25748858
0_5579,48563902#2,25817735#2
0_5580,48563902#2,25819014#1
0_5581,48563902#2,25819014#2
0_5582,48563902#2,25819177#5
0_5583,48563902#2,28279138#0
0_5584,48563902#2,28279138#5
0_5585,48563902#2,28921528#8
0_5586,48563902#2,30673346
0_5587,48563902#2,30674315#11
0_5588,48563902#2,30674315#8
0_5589,48563902#2,30674315#9
0_5590,48563902#2,30674359#0
0_5591,48563902#2,30674359#5
0_5592,48563902#2,30674385#2
0_5593,48563902#2,30674948
0_5594,48563902#2,30675059#0
0_5595,48563902#2,30675059#1
0_5596,48563902#2,30690502#1
0_5597,48563902#2,30690502#2
0_5598,48563902#2,30690502#4
0_5599,48563902#2,30690502#6
0_5600,48563902#2,30690562#1
0_5601,48563902#2,448630413#6
0_5602,48563902#2,48563898
0_5603,48563902#2,48563902#0
0_5604,48563902#2,48874527#2
0_5605,48563902#2,53104899#1
0_5606,48563902#2,53104910#1
0_5607,48563902#2,564714859
0_5608,48563902#2,577223386#2
0_5609,48563902#2,797350454
0_5610,48563902#2,96606465
0_5611,48874524,-1028425248
0_5612,48874524,-103484187#0
0_5613,48874524,-1055324690
0_5614,48874524,-1055324691
0_5615,48874524,-256677981
0_5616,48874524,-30690563#0
0_5617,48874524,-33831688
0_5618,48874524,-48563893#2
0_5619,48874524,-48874524
0_5620,48874524,-50370694#0
0_5621,48874524,-53104899#0
0_5622,48874524,-53104911#0
0_5623,48874524,-55995910
0_5624,48874524,103484177#2
0_5625,48874524,103484187#2
0_5626,48874524,1055324687#2
0_5627,48874524,114953453#6
0_5628,48874524,1223050325#0
0_5629,48874524,1223050326
0_5630,48874524,1226960836#1
0_5631,48874524,1240423339#1
0_5632,48874524,1240423345#0
0_5633,48874524,1240423346#0
0_5634,48874524,1240423347#0
0_5635,48874524,1240423347#1
0_5636,48874524,1240423348#0
0_5637,48874524,1240423348#1
0_5638,48874524,1240423349#0
0_5639,48874524,1240423360
0_5640,48874524,1296353454
0_5641,48874524,1296353456
0_5642,48874524,131750844#7
0_5643,48874524,131750844#8
0_5644,48874524,131750844#9
0_5645,48874524,131750850#0
0_5646,48874524,131750853#0
0_5647,48874524,131750853#2
0_5648,48874524,131752095#2
0_5649,48874524,151503390#1
0_5650,48874524,167058904#1
0_5651,48874524,167058911#2
0_5652,48874524,25748726#4
0_5653,48874524,25748858
0_5654,48874524,25817735#2
0_5655,48874524,25819014#1
0_5656,48874524,25819014#2
0_5657,48874524,25819177#5
0_5658,48874524,28279138#0
0_5659,48874524,28279138#5
0_5660,48874524,28921528#8
0_5661,48874524,30673346
0_5662,48874524,30674315#11
0_5663,48874524,30674315#8
0_5664,48874524,30674315#9
0_5665,48874524,30674359#0
0_5666,48874524,30674359#5
0_5667,48874524,30674385#2
0_5668,48874524,30674948
0_5669,48874524,30675059#0
0_5670,48874524,30675059#1
0_5671,48874524,30690502#1
0_5672,48874524,30690502#2
0_5673,48874524,30690502#4
0_5674,48874524,30690502#6
0_5675,48874524,30690562#1
0_5676,48874524,448630413#6
0_5677,48874524,48563898
0_5678,48874524,48563902#0
0_5679,48874524,48874527#2
0_5680,48874524,53104899#1
0_5681,48874524,53104910#1
0_5682,48874524,564714859
0_5683,48874524,577223386#2
0_5684,48874524,797350454
0_5685,48874524,96606465
0_5686,50367869#1,-1028425248
0_5687,50367869#1,-103484187#0
0_5688,50367869#1,-1055324690
0_5689,50367869#1,-1055324691
0_5690,50367869#1,-256677981
0_5691,50367869#1,-30690563#0
0_5692,50367869#1,-33831688
0_5693,50367869#1,-48563893#2
0_5694,50367869#1,-48874524
0_5695,50367869#1,-50370694#0
0_5696,50367869#1,-53104899#0
0_5697,50367869#1,-53104911#0
0_5698,50367869#1,-55995910
0_5699,50367869#1,103484177#2
0_5700,50367869#1,103484187#2
0_5701,50367869#1,1055324687#2
0_5702,50367869#1,114953453#6
0_5703,50367869#1,1223050325#0
0_5704,50367869#1,1223050326
0_5705,50367869#1,1226960836#1
0_5706,50367869#1,1240423339#1
0_5707,50367869#1,1240423345#0
0_5708,50367869#1,1240423346#0
0_5709,50367869#1,1240423347#0
0_5710,50367869#1,1240423347#1
0_5711,50367869#1,1240423348#0
0_5712,50367869#1,1240423348#1
0_5713,50367869#1,1240423349#0
0_5714,50367869#1,1240423360
0_5715,50367869#1,1296353454
0_5716,50367869#1,1296353456
0_5717,50367869#1,131750844#7
0_5718,50367869#1,131750844#8
0_5719,50367869#1,131750844#9
0_5720,50367869#1,131750850#0
0_5721,50367869#1,131750853#0
0_5722,50367869#1,131750853#2
0_5723,50367869#1,131752095#2
0_5724,50367869#1,151503390#1
0_5725,50367869#1,167058904#1
0_5726,50367869#1,167058911#2
0_5727,50367869#1,25748726#4
0_5728,50367869#1,25748858
0_5729,50367869#1,25817735#2
0_5730,50367869#1,25819014#1
0_5731,50367869#1,25819014#2
0_5732,50367869#1,25819177#5
0_5733,50367869#1,28279138#0
0_5734,50367869#1,28279138#5
0_5735,50367869#1,28921528#8
0_5736,50367869#1,30673346
0_5737,50367869#1,30674315#11
0_5738,50367869#1,30674315#8
0_5739,50367869#1,30674315#9
0_5740,50367869#1,30674359#0
0_5741,50367869#1,30674359#5
0_5742,50367869#1,30674385#2
0_5743,50367869#1,30674948
0_5744,50367869#1,30675059#0
0_5745,50367869#1,30675059#1
0_5746,50367869#1,30690502#1
0_5747,50367869#1,30690502#2
0_5748,50367869#1,30690502#4
0_5749,50367869#1,30690502#6
0_5750,50367869#1,30690562#1
0_5751,50367869#1,448630413#6
0_5752,50367869#1,48563898
0_5753,50367869#1,48563902#0
0_5754,50367869#1,48874527#2
0_5755,50367869#1,53104899#1
0_5756,50367869#1,53104910#1
0_5757,50367869#1,564714859
0_5758,50367869#1,577223386#2
0_5759,50367869#1,797350454
0_5760,50367869#1,96606465
0_5761,50367869#2,-1028425248
0_5762,50367869#2,-103484187#0
0_5763,50367869#2,-1055324690
0_5764,50367869#2,-1055324691
0_5765,50367869#2,-256677981
0_5766,50367869#2,-30690563#0
0_5767,50367869#2,-33831688
0_5768,50367869#2,-48563893#2
0_5769,50367869#2,-48874524
0_5770,50367869#2,-50370694#0
0_5771,50367869#2,-53104899#0
0_5772,50367869#2,-53104911#0
0_5773,50367869#2,-55995910
0_5774,50367869#2,103484177#2
0_5775,50367869#2,103484187#2
0_5776,50367869#2,1055324687#2
0_5777,50367869#2,114953453#6
0_5778,50367869#2,1223050325#0
0_5779,50367869#2,1223050326
0_5780,50367869#2,1226960836#1
0_5781,50367869#2,1240423339#1
0_5782,50367869#2,1240423345#0
0_5783,50367869#2,1240423346#0
0_5784,50367869#2,1240423347#0
0_5785,50367869#2,1240423347#1
0_5786,50367869#2,1240423348#0
0_5787,50367869#2,1240423348#1
0_5788,50367869#2,1240423349#0
0_5789,50367869#2,1240423360
0_5790,50367869#2,1296353454
0_5791,50367869#2,1296353456
0_5792,50367869#2,131750844#7
0_5793,50367869#2,131750844#8
0_5794,50367869#2,131750844#9
0_5795,50367869#2,131750850#0
0_5796,50367869#2,131750853#0
0_5797,50367869#2,131750853#2
0_5798,50367869#2,131752095#2
0_5799,50367869#2,151503390#1
0_5800,50367869#2,167058904#1
0_5801,50367869#2,167058911#2
0_5802,50367869#2,25748726#4
0_5803,50367869#2,25748858
0_5804,50367869#2,25817735#2
0_5805,50367869#2,25819014#1
0_5806,50367869#2,25819014#2
0_5807,50367869#2,25819177#5
0_5808,50367869#2,28279138#0
0_5809,50367869#2,28279138#5
0_5810,50367869#2,28921528#8
0_5811,50367869#2,30673346
0_5812,50367869#2,30674315#11
0_5813,50367869#2,30674315#8
0_5814,50367869#2,30674315#9
0_5815,50367869#2,30674359#0
0_5816,50367869#2,30674359#5
0_5817,50367869#2,30674385#2
0_5818,50367869#2,30674948
0_5819,50367869#2,30675059#0
0_5820,50367869#2,30675059#1
0_5821,50367869#2,30690502#1
0_5822,50367869#2,30690502#2
0_5823,50367869#2,30690502#4
0_5824,50367869#2,30690502#6
0_5825,50367869#2,30690562#1
0_5826,50367869#2,448630413#6
0_5827,50367869#2,48563898
0_5828,50367869#2,48563902#0
0_5829,50367869#2,48874527#2
0_5830,50367869#2,53104899#1
0_5831,50367869#2,53104910#1
0_5832,50367869#2,564714859
0_5833,50367869#2,577223386#2
0_5834,50367869#2,797350454
0_5835,50367869#2,96606465
0_5836,50370694#0,-1028425248
0_5837,50370694#0,-103484187#0
0_5838,50370694#0,-1055324690
0_5839,50370694#0,-1055324691
0_5840,50370694#0,-256677981
0_5841,50370694#0,-30690563#0
0_5842,50370694#0,-33831688
0_5843,50370694#0,-48563893#2
0_5844,50370694#0,-48874524
0_5845,50370694#0,-50370694#0
0_5846,50370694#0,-53104899#0
0_5847,50370694#0,-53104911#0
0_5848,50370694#0,-55995910
0_5849,50370694#0,103484177#2
0_5850,50370694#0,103484187#2
0_5851,50370694#0,1055324687#2
0_5852,50370694#0,114953453#6
0_5853,50370694#0,1223050325#0
0_5854,50370694#0,1223050326
0_5855,50370694#0,1226960836#1
0_5856,50370694#0,1240423339#1
0_5857,50370694#0,1240423345#0
0_5858,50370694#0,1240423346#0
0_5859,50370694#0,1240423347#0
0_5860,50370694#0,1240423347#1
0_5861,50370694#0,1240423348#0
0_5862,50370694#0,1240423348#1
0_5863,50370694#0,1240423349#0
0_5864,50370694#0,1240423360
0_5865,50370694#0,1296353454
0_5866,50370694#0,1296353456
0_5867,50370694#0,131750844#7
0_5868,50370694#0,131750844#8
0_5869,50370694#0,131750844#9
0_5870,50370694#0,131750850#0
0_5871,50370694#0,131750853#0
0_5872,50370694#0,131750853#2
0_5873,50370694#0,131752095#2
0_5874,50370694#0,151503390#1
0_5875,50370694#0,167058904#1
0_5876,50370694#0,167058911#2
0_5877,50370694#0,25748726#4
0_5878,50370694#0,25748858
0_5879,50370694#0,25817735#2
0_5880,50370694#0,25819014#1
0_5881,50370694#0,25819014#2
0_5882,50370694#0,25819177#5
0_5883,50370694#0,28279138#0
0_5884,50370694#0,28279138#5
0_5885,50370694#0,28921528#8
0_5886,50370694#0,30673346
0_5887,50370694#0,30674315#11
0_5888,50370694#0,30674315#8
0_5889,50370694#0,30674315#9
0_5890,50370694#0,30674359#0
0_5891,50370694#0,30674359#5
0_5892,50370694#0,30674385#2
0_5893,50370694#0,30674948
0_5894,50370694#0,30675059#0
0_5895,50370694#0,30675059#1
0_5896,50370694#0,30690502#1
0_5897,50370694#0,30690502#2
0_5898,50370694#0,30690502#4
0_5899,50370694#0,30690502#6
0_5900,50370694#0,30690562#1
0_5901,50370694#0,448630413#6
0_5902,50370694#0,48563898
0_5903,50370694#0,48563902#0
0_5904,50370694#0,48874527#2
0_5905,50370694#0,53104899#1
0_5906,50370694#0,53104910#1
0_5907,50370694#0,564714859
0_5908,50370694#0,577223386#2
0_5909,50370694#0,797350454
0_5910,50370694#0,96606465
0_5911,50835386#2,-1028425248
0_5912,50835386#2,-103484187#0
0_5913,50835386#2,-1055324690
0_5914,50835386#2,-1055324691
0_5915,50835386#2,-256677981
0_5916,50835386#2,-30690563#0
0_5917,50835386#2,-33831688
0_5918,50835386#2,-48563893#2
0_5919,50835386#2,-48874524
0_5920,50835386#2,-50370694#0
0_5921,50835386#2,-53104899#0
0_5922,50835386#2,-53104911#0
0_5923,50835386#2,-55995910
0_5924,50835386#2,103484177#2
0_5925,50835386#2,103484187#2
0_5926,50835386#2,1055324687#2
0_5927,50835386#2,114953453#6
0_5928,50835386#2,1223050325#0
0_5929,50835386#2,1223050326
0_5930,50835386#2,1226960836#1
0_5931,50835386#2,1240423339#1
0_5932,50835386#2,1240423345#0
0_5933,50835386#2,1240423346#0
0_5934,50835386#2,1240423347#0
0_5935,50835386#2,1240423347#1
0_5936,50835386#2,1240423348#0
0_5937,50835386#2,1240423348#1
0_5938,50835386#2,1240423349#0
0_5939,50835386#2,1240423360
0_5940,50835386#2,1296353454
0_5941,50835386#2,1296353456
0_5942,50835386#2,131750844#7
0_5943,50835386#2,131750844#8
0_5944,50835386#2,131750844#9
0_5945,50835386#2,131750850#0
0_5946,50835386#2,131750853#0
0_5947,50835386#2,131750853#2
0_5948,50835386#2,131752095#2
0_5949,50835386#2,151503390#1
0_5950,50835386#2,167058904#1
0_5951,50835386#2,167058911#2
0_5952,50835386#2,25748726#4
0_5953,50835386#2,25748858
0_5954,50835386#2,25817735#2
0_5955,50835386#2,25819014#1
0_5956,50835386#2,25819014#2
0_5957,50835386#2,25819177#5
0_5958,50835386#2,28279138#0
0_5959,50835386#2,28279138#5
0_5960,50835386#2,28921528#8
0_5961,50835386#2,30673346
0_5962,50835386#2,30674315#11
0_5963,50835386#2,30674315#8
0_5964,50835386#2,30674315#9
0_5965,50835386#2,30674359#0
0_5966,50835386#2,30674359#5
0_5967,50835386#2,30674385#2
0_5968,50835386#2,30674948
0_5969,50835386#2,30675059#0
0_5970,50835386#2,30675059#1
0_5971,50835386#2,30690502#1
0_5972,50835386#2,30690502#2
0_5973,50835386#2,30690502#4
0_5974,50835386#2,30690502#6
0_5975,50835386#2,30690562#1
0_5976,50835386#2,448630413#6
0_5977,50835386#2,48563898
0_5978,50835386#2,48563902#0
0_5979,50835386#2,48874527#2
0_5980,50835386#2,53104899#1
0_5981,50835386#2,53104910#1
0_5982,50835386#2,564714859
0_5983,50835386#2,577223386#2
0_5984,50835386#2,797350454
0_5985,50835386#2,96606465
0_5986,53104899#0,-1028425248
0_5987,53104899#0,-103484187#0
0_5988,53104899#0,-1055324690
0_5989,53104899#0,-1055324691
0_5990,53104899#0,-256677981
0_5991,53104899#0,-30690563#0
0_5992,53104899#0,-33831688
0_5993,53104899#0,-48563893#2
0_5994,53104899#0,-48874524
0_5995,53104899#0,-50370694#0
0_5996,53104899#0,-53104899#0
0_5997,53104899#0,-53104911#0
0_5998,53104899#0,-55995910
0_5999,53104899#0,103484177#2
0_6000,53104899#0,103484187#2
0_6001,53104899#0,1055324687#2
0_6002,53104899#0,114953453#6
0_6003,53104899#0,1223050325#0
0_6004,53104899#0,1223050326
0_6005,53104899#0,1226960836#1
0_6006,53104899#0,1240423339#1
0_6007,53104899#0,1240423345#0
0_6008,53104899#0,1240423346#0
0_6009,53104899#0,1240423347#0
0_6010,53104899#0,1240423347#1
0_6011,53104899#0,1240423348#0
0_6012,53104899#0,1240423348#1
0_6013,53104899#0,1240423349#0
0_6014,53104899#0,1240423360
0_6015,53104899#0,1296353454
0_6016,53104899#0,1296353456
0_6017,53104899#0,131750844#7
0_6018,53104899#0,131750844#8
0_6019,53104899#0,131750844#9
0_6020,53104899#0,131750850#0
0_6021,53104899#0,131750853#0
0_6022,53104899#0,131750853#2
0_6023,53104899#0,131752095#2
0_6024,53104899#0,151503390#1
0_6025,53104899#0,167058904#1
0_6026,53104899#0,167058911#2
0_6027,53104899#0,25748726#4
0_6028,53104899#0,25748858
0_6029,53104899#0,25817735#2
0_6030,53104899#0,25819014#1
0_6031,53104899#0,25819014#2
0_6032,53104899#0,25819177#5
0_6033,53104899#0,28279138#0
0_6034,53104899#0,28279138#5
0_6035,53104899#0,28921528#8
0_6036,53104899#0,30673346
0_6037,53104899#0,30674315#11
0_6038,53104899#0,30674315#8
0_6039,53104899#0,30674315#9
0_6040,53104899#0,30674359#0
0_6041,53104899#0,30674359#5
0_6042,53104899#0,30674385#2
0_6043,53104899#0,30674948
0_6044,53104899#0,30675059#0
0_6045,53104899#0,30675059#1
0_6046,53104899#0,30690502#1
0_6047,53104899#0,30690502#2
0_6048,53104899#0,30690502#4
0_6049,53104899#0,30690502#6
0_6050,53104899#0,30690562#1
0_6051,53104899#0,448630413#6
0_6052,53104899#0,48563898
0_6053,53104899#0,48563902#0
0_6054,53104899#0,48874527#2
0_6055,53104899#0,53104899#1
0_6056,53104899#0,53104910#1
0_6057,53104899#0,564714859
0_6058,53104899#0,577223386#2
0_6059,53104899#0,797350454
0_6060,53104899#0,96606465
0_6061,53104911#0,-1028425248
0_6062,53104911#0,-103484187#0
0_6063,53104911#0,-1055324690
0_6064,53104911#0,-1055324691
0_6065,53104911#0,-256677981
0_6066,53104911#0,-30690563#0
0_6067,53104911#0,-33831688
0_6068,53104911#0,-48563893#2
0_6069,53104911#0,-48874524
0_6070,53104911#0,-50370694#0
0_6071,53104911#0,-53104899#0
0_6072,53104911#0,-53104911#0
0_6073,53104911#0,-55995910
0_6074,53104911#0,103484177#2
0_6075,53104911#0,103484187#2
0_6076,53104911#0,1055324687#2
0_6077,53104911#0,114953453#6
0_6078,53104911#0,1223050325#0
0_6079,53104911#0,1223050326
0_6080,53104911#0,1226960836#1
0_6081,53104911#0,1240423339#1
0_6082,53104911#0,1240423345#0
0_6083,53104911#0,1240423346#0
0_6084,53104911#0,1240423347#0
0_6085,53104911#0,1240423347#1
0_6086,53104911#0,1240423348#0
0_6087,53104911#0,1240423348#1
0_6088,53104911#0,1240423349#0
0_6089,53104911#0,1240423360
0_6090,53104911#0,1296353454
0_6091,53104911#0,1296353456
0_6092,53104911#0,131750844#7
0_6093,53104911#0,131750844#8
0_6094,53104911#0,131750844#9
0_6095,53104911#0,131750850#0
0_6096,53104911#0,131750853#0
0_6097,53104911#0,131750853#2
0_6098,53104911#0,131752095#2
0_6099,53104911#0,151503390#1
0_6100,53104911#0,167058904#1
0_6101,53104911#0,167058911#2
0_6102,53104911#0,25748726#4
0_6103,53104911#0,25748858
0_6104,53104911#0,25817735#2
0_6105,53104911#0,25819014#1
0_6106,53104911#0,25819014#2
0_6107,53104911#0,25819177#5
0_6108,53104911#0,28279138#0
0_6109,53104911#0,28279138#5
0_6110,53104911#0,28921528#8
0_6111,53104911#0,30673346
0_6112,53104911#0,30674315#11
0_6113,53104911#0,30674315#8
0_6114,53104911#0,30674315#9
0_6115,53104911#0,30674359#0
0_6116,53104911#0,30674359#5
0_6117,53104911#0,30674385#2
0_6118,53104911#0,30674948
0_6119,53104911#0,30675059#0
0_6120,53104911#0,30675059#1
0_6121,53104911#0,30690502#1
0_6122,53104911#0,30690502#2
0_6123,53104911#0,30690502#4
0_6124,53104911#0,30690502#6
0_6125,53104911#0,30690562#1
0_6126,53104911#0,448630413#6
0_6127,53104911#0,48563898
0_6128,53104911#0,48563902#0
0_6129,53104911#0,48874527#2
0_6130,53104911#0,53104899#1
0_6131,53104911#0,53104910#1
0_6132,53104911#0,564714859
0_6133,53104911#0,577223386#2
0_6134,53104911#0,797350454
0_6135,53104911#0,96606465
0_6136,55995910,-1028425248
0_6137,55995910,-103484187#0
0_6138,55995910,-1055324690
0_6139,55995910,-1055324691
0_6140,55995910,-256677981
0_6141,55995910,-30690563#0
0_6142,55995910,-33831688
0_6143,55995910,-48563893#2
0_6144,55995910,-48874524
0_6145,55995910,-50370694#0
0_6146,55995910,-53104899#0
0_6147,55995910,-53104911#0
0_6148,55995910,-55995910
0_6149,55995910,103484177#2
0_6150,55995910,103484187#2
0_6151,55995910,1055324687#2
0_6152,55995910,114953453#6
0_6153,55995910,1223050325#0
0_6154,55995910,1223050326
0_6155,55995910,1226960836#1
0_6156,55995910,1240423339#1
0_6157,55995910,1240423345#0
0_6158,55995910,1240423346#0
0_6159,55995910,1240423347#0
0_6160,55995910,1240423347#1
0_6161,55995910,1240423348#0
0_6162,55995910,1240423348#1
0_6163,55995910,1240423349#0
0_6164,55995910,1240423360
0_6165,55995910,1296353454
0_6166,55995910,1296353456
0_6167,55995910,131750844#7
0_6168,55995910,131750844#8
0_6169,55995910,131750844#9
0_6170,55995910,131750850#0
0_6171,55995910,131750853#0
0_6172,55995910,131750853#2
0_6173,55995910,131752095#2
0_6174,55995910,151503390#1
0_6175,55995910,167058904#1
0_6176,55995910,167058911#2
0_6177,55995910,25748726#4
0_6178,55995910,25748858
0_6179,55995910,25817735#2
0_6180,55995910,25819014#1
0_6181,55995910,25819014#2
0_6182,55995910,25819177#5
0_6183,55995910,28279138#0
0_6184,55995910,28279138#5
0_6185,55995910,28921528#8
0_6186,55995910,30673346
0_6187,55995910,30674315#11
0_6188,55995910,30674315#8
0_6189,55995910,30674315#9
0_6190,55995910,30674359#0
0_6191,55995910,30674359#5
0_6192,55995910,30674385#2
0_6193,55995910,30674948
0_6194,55995910,30675059#0
0_6195,55995910,30675059#1
0_6196,55995910,30690502#1
0_6197,55995910,30690502#2
0_6198,55995910,30690502#4
0_6199,55995910,30690502#6
0_6200,55995910,30690562#1
0_6201,55995910,448630413#6
0_6202,55995910,48563898
0_6203,55995910,48563902#0
0_6204,55995910,48874527#2
0_6205,55995910,53104899#1
0_6206,55995910,53104910#1
0_6207,55995910,564714859
0_6208,55995910,577223386#2
0_6209,55995910,797350454
0_6210,55995910,96606465
0_6211,564714858#2,-1028425248
0_6212,564714858#2,-103484187#0
0_6213,564714858#2,-1055324690
0_6214,564714858#2,-1055324691
0_6215,564714858#2,-256677981
0_6216,564714858#2,-30690563#0
0_6217,564714858#2,-33831688
0_6218,564714858#2,-48563893#2
0_6219,564714858#2,-48874524
0_6220,564714858#2,-50370694#0
0_6221,564714858#2,-53104899#0
0_6222,564714858#2,-53104911#0
0_6223,564714858#2,-55995910
0_6224,564714858#2,103484177#2
0_6225,564714858#2,103484187#2
0_6226,564714858#2,1055324687#2
0_6227,564714858#2,114953453#6
0_6228,564714858#2,1223050325#0
0_6229,564714858#2,1223050326
0_6230,564714858#2,1226960836#1
0_6231,564714858#2,1240423339#1
0_6232,564714858#2,1240423345#0
0_6233,564714858#2,1240423346#0
0_6234,564714858#2,1240423347#0
0_6235,564714858#2,1240423347#1
0_6236,564714858#2,1240423348#0
0_6237,564714858#2,1240423348#1
0_6238,564714858#2,1240423349#0
0_6239,564714858#2,1240423360
0_6240,564714858#2,1296353454
0_6241,564714858#2,1296353456
0_6242,564714858#2,131750844#7
0_6243,564714858#2,131750844#8
0_6244,564714858#2,131750844#9
0_6245,564714858#2,131750850#0
0_6246,564714858#2,131750853#0
0_6247,564714858#2,131750853#2
0_6248,564714858#2,131752095#2
0_6249,564714858#2,151503390#1
0_6250,564714858#2,167058904#1
0_6251,564714858#2,167058911#2
0_6252,564714858#2,25748726#4
0_6253,564714858#2,25748858
0_6254,564714858#2,25817735#2
0_6255,564714858#2,25819014#1
0_6256,564714858#2,25819014#2
0_6257,564714858#2,25819177#5
0_6258,564714858#2,28279138#0
0_6259,564714858#2,28279138#5
0_6260,564714858#2,28921528#8
0_6261,564714858#2,30673346
0_6262,564714858#2,30674315#11
0_6263,564714858#2,30674315#8
0_6264,564714858#2,30674315#9
0_6265,564714858#2,30674359#0
0_6266,564714858#2,30674359#5
0_6267,564714858#2,30674385#2
0_6268,564714858#2,30674948
0_6269,564714858#2,30675059#0
0_6270,564714858#2,30675059#1
0_6271,564714858#2,30690502#1
0_6272,564714858#2,30690502#2
0_6273,564714858#2,30690502#4
0_6274,564714858#2,30690502#6
0_6275,564714858#2,30690562#1
0_6276,564714858#2,448630413#6
0_6277,564714858#2,48563898
0_6278,564714858#2,48563902#0
0_6279,564714858#2,48874527#2
0_6280,564714858#2,53104899#1
0_6281,564714858#2,53104910#1
0_6282,564714858#2,564714859
0_6283,564714858#2,577223386#2
0_6284,564714858#2,797350454
0_6285,564714858#2,96606465
0_6286,797350454,-1028425248
0_6287,797350454,-103484187#0
0_6288,797350454,-1055324690
0_6289,797350454,-1055324691
0_6290,797350454,-256677981
0_6291,797350454,-30690563#0
0_6292,797350454,-33831688
0_6293,797350454,-48563893#2
0_6294,797350454,-48874524
0_6295,797350454,-50370694#0
0_6296,797350454,-53104899#0
0_6297,797350454,-53104911#0
0_6298,797350454,-55995910
0_6299,797350454,103484177#2
0_6300,797350454,103484187#2
0_6301,797350454,1055324687#2
0_6302,797350454,114953453#6
0_6303,797350454,1223050325#0
0_6304,797350454,1223050326
0_6305,797350454,1226960836#1
0_6306,797350454,1240423339#1
0_6307,797350454,1240423345#0
0_6308,797350454,1240423346#0
0_6309,797350454,1240423347#0
0_6310,797350454,1240423347#1
0_6311,797350454,1240423348#0
0_6312,797350454,1240423348#1
0_6313,797350454,1240423349#0
0_6314,797350454,1240423360
0_6315,797350454,1296353454
0_6316,797350454,1296353456
0_6317,797350454,131750844#7
0_6318,797350454,131750844#8
0_6319,797350454,131750844#9
0_6320,797350454,131750850#0
0_6321,797350454,131750853#0
0_6322,797350454,131750853#2
0_6323,797350454,131752095#2
0_6324,797350454,151503390#1
0_6325,797350454,167058904#1
0_6326,797350454,167058911#2
0_6327,797350454,25748726#4
0_6328,797350454,25748858
0_6329,797350454,25817735#2
0_6330,797350454,25819014#1
0_6331,797350454,25819014#2
0_6332,797350454,25819177#5
0_6333,797350454,28279138#0
0_6334,797350454,28279138#5
0_6335,797350454,28921528#8
0_6336,797350454,30673346
0_6337,797350454,30674315#11
0_6338,797350454,30674315#8
0_6339,797350454,30674315#9
0_6340,797350454,30674359#0
0_6341,797350454,30674359#5
0_6342,797350454,30674385#2
0_6343,797350454,30674948
0_6344,797350454,30675059#0
0_6345,797350454,30675059#1
0_6346,797350454,30690502#1
0_6347,797350454,30690502#2
0_6348,797350454,30690502#4
0_6349,797350454,30690502#6
0_6350,797350454,30690562#1
0_6351,797350454,448630413#6
0_6352,797350454,48563898
0_6353,797350454,48563902#0
0_6354,797350454,48874527#2
0_6355,797350454,53104899#1
0_6356,797350454,53104910#1
0_6357,797350454,564714859
0_6358,797350454,577223386#2
0_6359,797350454,96606465
