FlowID,Ingress,Egress
3_0,-110540729#3,-110540722#0
3_1,-110540729#3,-1213551188#0
3_2,-110540729#3,-1213551191
3_3,-110540729#3,-128617369
3_4,-110540729#3,-128617374
3_5,-110540729#3,-128619666
3_6,-110540729#3,-151503392
3_7,-110540729#3,-151505951
3_8,-110540729#3,-173680979#2
3_9,-110540729#3,-202332915
3_10,-110540729#3,-202332917
3_11,-110540729#3,-223996981#0
3_12,-110540729#3,-25654991#0
3_13,-110540729#3,-31785293
3_14,-110540729#3,-380823372
3_15,-110540729#3,-431858308
3_16,-110540729#3,-48563893#0
3_17,-110540729#3,-50077954
3_18,-110540729#3,-50370685
3_19,-110540729#3,-50835389
3_20,-110540729#3,-577230015
3_21,-110540729#3,-577230016#0
3_22,-110540729#3,-794480008
3_23,-110540729#3,-93814018#0
3_24,-110540729#3,-95637907
3_25,-110540729#3,108634758#0
3_26,-110540729#3,110540729#3
3_27,-110540729#3,110540747#1
3_28,-110540729#3,1157760112#1
3_29,-110540729#3,1157760112#1-AddedOffRampEdge
3_30,-110540729#3,1157760112#1-AddedOnRampEdge
3_31,-110540729#3,1158669976
3_32,-110540729#3,1177928034#2
3_33,-110540729#3,1177928034#4
3_34,-110540729#3,1177928034#6
3_35,-110540729#3,1177928034#7
3_36,-110540729#3,1177928034#9
3_37,-110540729#3,1207872176
3_38,-110540729#3,1211804126
3_39,-110540729#3,1213551187#2
3_40,-110540729#3,1213551192
3_41,-110540729#3,1223054104#0
3_42,-110540729#3,1223054104#2
3_43,-110540729#3,1238851923#2
3_44,-110540729#3,1238851927#1
3_45,-110540729#3,128617366#1
3_46,-110540729#3,128617367
3_47,-110540729#3,128619665#0
3_48,-110540729#3,129120200
3_49,-110540729#3,129127803#6
3_50,-110540729#3,131752095#4
3_51,-110540729#3,147961515
3_52,-110540729#3,159344785#0
3_53,-110540729#3,159344785#2
3_54,-110540729#3,25749210
3_55,-110540729#3,25817392#11
3_56,-110540729#3,25817411
3_57,-110540729#3,25817423#3
3_58,-110540729#3,25819177#2
3_59,-110540729#3,25838188#0
3_60,-110540729#3,25838210#1
3_61,-110540729#3,27237138
3_62,-110540729#3,28921528#2
3_63,-110540729#3,30672980#6
3_64,-110540729#3,30673027
3_65,-110540729#3,31785294
3_66,-110540729#3,416563917#2
3_67,-110540729#3,431858310
3_68,-110540729#3,48563893#0
3_69,-110540729#3,48563895#1
3_70,-110540729#3,48563895#5
3_71,-110540729#3,559456673#1
3_72,-110540729#3,559456673#3
3_73,-110540729#3,559456673#4
3_74,-110540729#3,559495119#0
3_75,-110540729#3,559495119#2
3_76,-110540729#3,559495119#4
3_77,-110540729#3,559495121#3
3_78,-110540729#3,559495121#6
3_79,-110540729#3,559495121#9
3_80,-110540729#3,577223388
3_81,-110540729#3,577223393#0
3_82,-110540729#3,577223393#2
3_83,-110540729#3,577223395
3_84,-110540729#3,577230016#2
3_85,-110540747#1,-110540722#0
3_86,-110540747#1,-1213551188#0
3_87,-110540747#1,-1213551191
3_88,-110540747#1,-128617369
3_89,-110540747#1,-128617374
3_90,-110540747#1,-128619666
3_91,-110540747#1,-151503392
3_92,-110540747#1,-151505951
3_93,-110540747#1,-173680979#2
3_94,-110540747#1,-202332915
3_95,-110540747#1,-202332917
3_96,-110540747#1,-223996981#0
3_97,-110540747#1,-25654991#0
3_98,-110540747#1,-31785293
3_99,-110540747#1,-380823372
3_100,-110540747#1,-431858308
3_101,-110540747#1,-48563893#0
3_102,-110540747#1,-50077954
3_103,-110540747#1,-50370685
3_104,-110540747#1,-50835389
3_105,-110540747#1,-577230015
3_106,-110540747#1,-577230016#0
3_107,-110540747#1,-794480008
3_108,-110540747#1,-93814018#0
3_109,-110540747#1,-95637907
3_110,-110540747#1,108634758#0
3_111,-110540747#1,110540729#3
3_112,-110540747#1,110540747#1
3_113,-110540747#1,1157760112#1
3_114,-110540747#1,1157760112#1-AddedOffRampEdge
3_115,-110540747#1,1157760112#1-AddedOnRampEdge
3_116,-110540747#1,1158669976
3_117,-110540747#1,1177928034#2
3_118,-110540747#1,1177928034#4
3_119,-110540747#1,1177928034#6
3_120,-110540747#1,1177928034#7
3_121,-110540747#1,1177928034#9
3_122,-110540747#1,1207872176
3_123,-110540747#1,1211804126
3_124,-110540747#1,1213551187#2
3_125,-110540747#1,1213551192
3_126,-110540747#1,1223054104#0
3_127,-110540747#1,1223054104#2
3_128,-110540747#1,1238851923#2
3_129,-110540747#1,1238851927#1
3_130,-110540747#1,128617366#1
3_131,-110540747#1,128617367
3_132,-110540747#1,128619665#0
3_133,-110540747#1,129120200
3_134,-110540747#1,129127803#6
3_135,-110540747#1,131752095#4
3_136,-110540747#1,147961515
3_137,-110540747#1,159344785#0
3_138,-110540747#1,159344785#2
3_139,-110540747#1,25749210
3_140,-110540747#1,25817392#11
3_141,-110540747#1,25817411
3_142,-110540747#1,25817423#3
3_143,-110540747#1,25819177#2
3_144,-110540747#1,25838188#0
3_145,-110540747#1,25838210#1
3_146,-110540747#1,27237138
3_147,-110540747#1,28921528#2
3_148,-110540747#1,30672980#6
3_149,-110540747#1,30673027
3_150,-110540747#1,31785294
3_151,-110540747#1,416563917#2
3_152,-110540747#1,431858310
3_153,-110540747#1,48563893#0
3_154,-110540747#1,48563895#1
3_155,-110540747#1,48563895#5
3_156,-110540747#1,559456673#1
3_157,-110540747#1,559456673#3
3_158,-110540747#1,559456673#4
3_159,-110540747#1,559495119#0
3_160,-110540747#1,559495119#2
3_161,-110540747#1,559495119#4
3_162,-110540747#1,559495121#3
3_163,-110540747#1,559495121#6
3_164,-110540747#1,559495121#9
3_165,-110540747#1,577223388
3_166,-110540747#1,577223393#0
3_167,-110540747#1,577223393#2
3_168,-110540747#1,577223395
3_169,-110540747#1,577230016#2
3_170,-1207872176,-110540722#0
3_171,-1207872176,-1213551188#0
3_172,-1207872176,-1213551191
3_173,-1207872176,-128617369
3_174,-1207872176,-128617374
3_175,-1207872176,-128619666
3_176,-1207872176,-151503392
3_177,-1207872176,-151505951
3_178,-1207872176,-173680979#2
3_179,-1207872176,-202332915
3_180,-1207872176,-202332917
3_181,-1207872176,-223996981#0
3_182,-1207872176,-25654991#0
3_183,-1207872176,-31785293
3_184,-1207872176,-380823372
3_185,-1207872176,-431858308
3_186,-1207872176,-48563893#0
3_187,-1207872176,-50077954
3_188,-1207872176,-50370685
3_189,-1207872176,-50835389
3_190,-1207872176,-577230015
3_191,-1207872176,-577230016#0
3_192,-1207872176,-794480008
3_193,-1207872176,-93814018#0
3_194,-1207872176,-95637907
3_195,-1207872176,108634758#0
3_196,-1207872176,110540729#3
3_197,-1207872176,110540747#1
3_198,-1207872176,1157760112#1
3_199,-1207872176,1157760112#1-AddedOffRampEdge
3_200,-1207872176,1157760112#1-AddedOnRampEdge
3_201,-1207872176,1158669976
3_202,-1207872176,1177928034#2
3_203,-1207872176,1177928034#4
3_204,-1207872176,1177928034#6
3_205,-1207872176,1177928034#7
3_206,-1207872176,1177928034#9
3_207,-1207872176,1207872176
3_208,-1207872176,1211804126
3_209,-1207872176,1213551187#2
3_210,-1207872176,1213551192
3_211,-1207872176,1223054104#0
3_212,-1207872176,1223054104#2
3_213,-1207872176,1238851923#2
3_214,-1207872176,1238851927#1
3_215,-1207872176,128617366#1
3_216,-1207872176,128617367
3_217,-1207872176,128619665#0
3_218,-1207872176,129120200
3_219,-1207872176,129127803#6
3_220,-1207872176,131752095#4
3_221,-1207872176,147961515
3_222,-1207872176,159344785#0
3_223,-1207872176,159344785#2
3_224,-1207872176,25749210
3_225,-1207872176,25817392#11
3_226,-1207872176,25817411
3_227,-1207872176,25817423#3
3_228,-1207872176,25819177#2
3_229,-1207872176,25838188#0
3_230,-1207872176,25838210#1
3_231,-1207872176,27237138
3_232,-1207872176,28921528#2
3_233,-1207872176,30672980#6
3_234,-1207872176,30673027
3_235,-1207872176,31785294
3_236,-1207872176,416563917#2
3_237,-1207872176,431858310
3_238,-1207872176,48563893#0
3_239,-1207872176,48563895#1
3_240,-1207872176,48563895#5
3_241,-1207872176,559456673#1
3_242,-1207872176,559456673#3
3_243,-1207872176,559456673#4
3_244,-1207872176,559495119#0
3_245,-1207872176,559495119#2
3_246,-1207872176,559495119#4
3_247,-1207872176,559495121#3
3_248,-1207872176,559495121#6
3_249,-1207872176,559495121#9
3_250,-1207872176,577223388
3_251,-1207872176,577223393#0
3_252,-1207872176,577223393#2
3_253,-1207872176,577223395
3_254,-1207872176,577230016#2
3_255,-1213551187#2,-110540722#0
3_256,-1213551187#2,-1213551188#0
3_257,-1213551187#2,-1213551191
3_258,-1213551187#2,-128617369
3_259,-1213551187#2,-128617374
3_260,-1213551187#2,-128619666
3_261,-1213551187#2,-151503392
3_262,-1213551187#2,-151505951
3_263,-1213551187#2,-173680979#2
3_264,-1213551187#2,-202332915
3_265,-1213551187#2,-202332917
3_266,-1213551187#2,-223996981#0
3_267,-1213551187#2,-25654991#0
3_268,-1213551187#2,-31785293
3_269,-1213551187#2,-380823372
3_270,-1213551187#2,-431858308
3_271,-1213551187#2,-48563893#0
3_272,-1213551187#2,-50077954
3_273,-1213551187#2,-50370685
3_274,-1213551187#2,-50835389
3_275,-1213551187#2,-577230015
3_276,-1213551187#2,-577230016#0
3_277,-1213551187#2,-794480008
3_278,-1213551187#2,-93814018#0
3_279,-1213551187#2,-95637907
3_280,-1213551187#2,108634758#0
3_281,-1213551187#2,110540729#3
3_282,-1213551187#2,110540747#1
3_283,-1213551187#2,1157760112#1
3_284,-1213551187#2,1157760112#1-AddedOffRampEdge
3_285,-1213551187#2,1157760112#1-AddedOnRampEdge
3_286,-1213551187#2,1158669976
3_287,-1213551187#2,1177928034#2
3_288,-1213551187#2,1177928034#4
3_289,-1213551187#2,1177928034#6
3_290,-1213551187#2,1177928034#7
3_291,-1213551187#2,1177928034#9
3_292,-1213551187#2,1207872176
3_293,-1213551187#2,1211804126
3_294,-1213551187#2,1213551187#2
3_295,-1213551187#2,1213551192
3_296,-1213551187#2,1223054104#0
3_297,-1213551187#2,1223054104#2
3_298,-1213551187#2,1238851923#2
3_299,-1213551187#2,1238851927#1
3_300,-1213551187#2,128617366#1
3_301,-1213551187#2,128617367
3_302,-1213551187#2,128619665#0
3_303,-1213551187#2,129120200
3_304,-1213551187#2,129127803#6
3_305,-1213551187#2,131752095#4
3_306,-1213551187#2,147961515
3_307,-1213551187#2,159344785#0
3_308,-1213551187#2,159344785#2
3_309,-1213551187#2,25749210
3_310,-1213551187#2,25817392#11
3_311,-1213551187#2,25817411
3_312,-1213551187#2,25817423#3
3_313,-1213551187#2,25819177#2
3_314,-1213551187#2,25838188#0
3_315,-1213551187#2,25838210#1
3_316,-1213551187#2,27237138
3_317,-1213551187#2,28921528#2
3_318,-1213551187#2,30672980#6
3_319,-1213551187#2,30673027
3_320,-1213551187#2,31785294
3_321,-1213551187#2,416563917#2
3_322,-1213551187#2,431858310
3_323,-1213551187#2,48563893#0
3_324,-1213551187#2,48563895#1
3_325,-1213551187#2,48563895#5
3_326,-1213551187#2,559456673#1
3_327,-1213551187#2,559456673#3
3_328,-1213551187#2,559456673#4
3_329,-1213551187#2,559495119#0
3_330,-1213551187#2,559495119#2
3_331,-1213551187#2,559495119#4
3_332,-1213551187#2,559495121#3
3_333,-1213551187#2,559495121#6
3_334,-1213551187#2,559495121#9
3_335,-1213551187#2,577223388
3_336,-1213551187#2,577223393#0
3_337,-1213551187#2,577223393#2
3_338,-1213551187#2,577223395
3_339,-1213551187#2,577230016#2
3_340,-1213551192,-110540722#0
3_341,-1213551192,-1213551188#0
3_342,-1213551192,-1213551191
3_343,-1213551192,-128617369
3_344,-1213551192,-128617374
3_345,-1213551192,-128619666
3_346,-1213551192,-151503392
3_347,-1213551192,-151505951
3_348,-1213551192,-173680979#2
3_349,-1213551192,-202332915
3_350,-1213551192,-202332917
3_351,-1213551192,-223996981#0
3_352,-1213551192,-25654991#0
3_353,-1213551192,-31785293
3_354,-1213551192,-380823372
3_355,-1213551192,-431858308
3_356,-1213551192,-48563893#0
3_357,-1213551192,-50077954
3_358,-1213551192,-50370685
3_359,-1213551192,-50835389
3_360,-1213551192,-577230015
3_361,-1213551192,-577230016#0
3_362,-1213551192,-794480008
3_363,-1213551192,-93814018#0
3_364,-1213551192,-95637907
3_365,-1213551192,108634758#0
3_366,-1213551192,110540729#3
3_367,-1213551192,110540747#1
3_368,-1213551192,1157760112#1
3_369,-1213551192,1157760112#1-AddedOffRampEdge
3_370,-1213551192,1157760112#1-AddedOnRampEdge
3_371,-1213551192,1158669976
3_372,-1213551192,1177928034#2
3_373,-1213551192,1177928034#4
3_374,-1213551192,1177928034#6
3_375,-1213551192,1177928034#7
3_376,-1213551192,1177928034#9
3_377,-1213551192,1207872176
3_378,-1213551192,1211804126
3_379,-1213551192,1213551187#2
3_380,-1213551192,1213551192
3_381,-1213551192,1223054104#0
3_382,-1213551192,1223054104#2
3_383,-1213551192,1238851923#2
3_384,-1213551192,1238851927#1
3_385,-1213551192,128617366#1
3_386,-1213551192,128617367
3_387,-1213551192,128619665#0
3_388,-1213551192,129120200
3_389,-1213551192,129127803#6
3_390,-1213551192,131752095#4
3_391,-1213551192,147961515
3_392,-1213551192,159344785#0
3_393,-1213551192,159344785#2
3_394,-1213551192,25749210
3_395,-1213551192,25817392#11
3_396,-1213551192,25817411
3_397,-1213551192,25817423#3
3_398,-1213551192,25819177#2
3_399,-1213551192,25838188#0
3_400,-1213551192,25838210#1
3_401,-1213551192,27237138
3_402,-1213551192,28921528#2
3_403,-1213551192,30672980#6
3_404,-1213551192,30673027
3_405,-1213551192,31785294
3_406,-1213551192,416563917#2
3_407,-1213551192,431858310
3_408,-1213551192,48563893#0
3_409,-1213551192,48563895#1
3_410,-1213551192,48563895#5
3_411,-1213551192,559456673#1
3_412,-1213551192,559456673#3
3_413,-1213551192,559456673#4
3_414,-1213551192,559495119#0
3_415,-1213551192,559495119#2
3_416,-1213551192,559495119#4
3_417,-1213551192,559495121#3
3_418,-1213551192,559495121#6
3_419,-1213551192,559495121#9
3_420,-1213551192,577223388
3_421,-1213551192,577223393#0
3_422,-1213551192,577223393#2
3_423,-1213551192,577223395
3_424,-1213551192,577230016#2
3_425,-1238851923#2,-110540722#0
3_426,-1238851923#2,-1213551188#0
3_427,-1238851923#2,-1213551191
3_428,-1238851923#2,-128617369
3_429,-1238851923#2,-128617374
3_430,-1238851923#2,-128619666
3_431,-1238851923#2,-151503392
3_432,-1238851923#2,-151505951
3_433,-1238851923#2,-173680979#2
3_434,-1238851923#2,-202332915
3_435,-1238851923#2,-202332917
3_436,-1238851923#2,-223996981#0
3_437,-1238851923#2,-25654991#0
3_438,-1238851923#2,-31785293
3_439,-1238851923#2,-380823372
3_440,-1238851923#2,-431858308
3_441,-1238851923#2,-48563893#0
3_442,-1238851923#2,-50077954
3_443,-1238851923#2,-50370685
3_444,-1238851923#2,-50835389
3_445,-1238851923#2,-577230015
3_446,-1238851923#2,-577230016#0
3_447,-1238851923#2,-794480008
3_448,-1238851923#2,-93814018#0
3_449,-1238851923#2,-95637907
3_450,-1238851923#2,108634758#0
3_451,-1238851923#2,110540729#3
3_452,-1238851923#2,110540747#1
3_453,-1238851923#2,1157760112#1
3_454,-1238851923#2,1157760112#1-AddedOffRampEdge
3_455,-1238851923#2,1157760112#1-AddedOnRampEdge
3_456,-1238851923#2,1158669976
3_457,-1238851923#2,1177928034#2
3_458,-1238851923#2,1177928034#4
3_459,-1238851923#2,1177928034#6
3_460,-1238851923#2,1177928034#7
3_461,-1238851923#2,1177928034#9
3_462,-1238851923#2,1207872176
3_463,-1238851923#2,1211804126
3_464,-1238851923#2,1213551187#2
3_465,-1238851923#2,1213551192
3_466,-1238851923#2,1223054104#0
3_467,-1238851923#2,1223054104#2
3_468,-1238851923#2,1238851923#2
3_469,-1238851923#2,1238851927#1
3_470,-1238851923#2,128617366#1
3_471,-1238851923#2,128617367
3_472,-1238851923#2,128619665#0
3_473,-1238851923#2,129120200
3_474,-1238851923#2,129127803#6
3_475,-1238851923#2,131752095#4
3_476,-1238851923#2,147961515
3_477,-1238851923#2,159344785#0
3_478,-1238851923#2,159344785#2
3_479,-1238851923#2,25749210
3_480,-1238851923#2,25817392#11
3_481,-1238851923#2,25817411
3_482,-1238851923#2,25817423#3
3_483,-1238851923#2,25819177#2
3_484,-1238851923#2,25838188#0
3_485,-1238851923#2,25838210#1
3_486,-1238851923#2,27237138
3_487,-1238851923#2,28921528#2
3_488,-1238851923#2,30672980#6
3_489,-1238851923#2,30673027
3_490,-1238851923#2,31785294
3_491,-1238851923#2,416563917#2
3_492,-1238851923#2,431858310
3_493,-1238851923#2,48563893#0
3_494,-1238851923#2,48563895#1
3_495,-1238851923#2,48563895#5
3_496,-1238851923#2,559456673#1
3_497,-1238851923#2,559456673#3
3_498,-1238851923#2,559456673#4
3_499,-1238851923#2,559495119#0
3_500,-1238851923#2,559495119#2
3_501,-1238851923#2,559495119#4
3_502,-1238851923#2,559495121#3
3_503,-1238851923#2,559495121#6
3_504,-1238851923#2,559495121#9
3_505,-1238851923#2,577223388
3_506,-1238851923#2,577223393#0
3_507,-1238851923#2,577223393#2
3_508,-1238851923#2,577223395
3_509,-1238851923#2,577230016#2
3_510,-1238851927#1,-110540722#0
3_511,-1238851927#1,-1213551188#0
3_512,-1238851927#1,-1213551191
3_513,-1238851927#1,-128617369
3_514,-1238851927#1,-128617374
3_515,-1238851927#1,-128619666
3_516,-1238851927#1,-151503392
3_517,-1238851927#1,-151505951
3_518,-1238851927#1,-173680979#2
3_519,-1238851927#1,-202332915
3_520,-1238851927#1,-202332917
3_521,-1238851927#1,-223996981#0
3_522,-1238851927#1,-25654991#0
3_523,-1238851927#1,-31785293
3_524,-1238851927#1,-380823372
3_525,-1238851927#1,-431858308
3_526,-1238851927#1,-48563893#0
3_527,-1238851927#1,-50077954
3_528,-1238851927#1,-50370685
3_529,-1238851927#1,-50835389
3_530,-1238851927#1,-577230015
3_531,-1238851927#1,-577230016#0
3_532,-1238851927#1,-794480008
3_533,-1238851927#1,-93814018#0
3_534,-1238851927#1,-95637907
3_535,-1238851927#1,108634758#0
3_536,-1238851927#1,110540729#3
3_537,-1238851927#1,110540747#1
3_538,-1238851927#1,1157760112#1
3_539,-1238851927#1,1157760112#1-AddedOffRampEdge
3_540,-1238851927#1,1157760112#1-AddedOnRampEdge
3_541,-1238851927#1,1158669976
3_542,-1238851927#1,1177928034#2
3_543,-1238851927#1,1177928034#4
3_544,-1238851927#1,1177928034#6
3_545,-1238851927#1,1177928034#7
3_546,-1238851927#1,1177928034#9
3_547,-1238851927#1,1207872176
3_548,-1238851927#1,1211804126
3_549,-1238851927#1,1213551187#2
3_550,-1238851927#1,1213551192
3_551,-1238851927#1,1223054104#0
3_552,-1238851927#1,1223054104#2
3_553,-1238851927#1,1238851923#2
3_554,-1238851927#1,1238851927#1
3_555,-1238851927#1,128617366#1
3_556,-1238851927#1,128617367
3_557,-1238851927#1,128619665#0
3_558,-1238851927#1,129120200
3_559,-1238851927#1,129127803#6
3_560,-1238851927#1,131752095#4
3_561,-1238851927#1,147961515
3_562,-1238851927#1,159344785#0
3_563,-1238851927#1,159344785#2
3_564,-1238851927#1,25749210
3_565,-1238851927#1,25817392#11
3_566,-1238851927#1,25817411
3_567,-1238851927#1,25817423#3
3_568,-1238851927#1,25819177#2
3_569,-1238851927#1,25838188#0
3_570,-1238851927#1,25838210#1
3_571,-1238851927#1,27237138
3_572,-1238851927#1,28921528#2
3_573,-1238851927#1,30672980#6
3_574,-1238851927#1,30673027
3_575,-1238851927#1,31785294
3_576,-1238851927#1,416563917#2
3_577,-1238851927#1,431858310
3_578,-1238851927#1,48563893#0
3_579,-1238851927#1,48563895#1
3_580,-1238851927#1,48563895#5
3_581,-1238851927#1,559456673#1
3_582,-1238851927#1,559456673#3
3_583,-1238851927#1,559456673#4
3_584,-1238851927#1,559495119#0
3_585,-1238851927#1,559495119#2
3_586,-1238851927#1,559495119#4
3_587,-1238851927#1,559495121#3
3_588,-1238851927#1,559495121#6
3_589,-1238851927#1,559495121#9
3_590,-1238851927#1,577223388
3_591,-1238851927#1,577223393#0
3_592,-1238851927#1,577223393#2
3_593,-1238851927#1,577223395
3_594,-1238851927#1,577230016#2
3_595,-128617367,-110540722#0
3_596,-128617367,-1213551188#0
3_597,-128617367,-1213551191
3_598,-128617367,-128617369
3_599,-128617367,-128617374
3_600,-128617367,-128619666
3_601,-128617367,-151503392
3_602,-128617367,-151505951
3_603,-128617367,-173680979#2
3_604,-128617367,-202332915
3_605,-128617367,-202332917
3_606,-128617367,-223996981#0
3_607,-128617367,-25654991#0
3_608,-128617367,-31785293
3_609,-128617367,-380823372
3_610,-128617367,-431858308
3_611,-128617367,-48563893#0
3_612,-128617367,-50077954
3_613,-128617367,-50370685
3_614,-128617367,-50835389
3_615,-128617367,-577230015
3_616,-128617367,-577230016#0
3_617,-128617367,-794480008
3_618,-128617367,-93814018#0
3_619,-128617367,-95637907
3_620,-128617367,108634758#0
3_621,-128617367,110540729#3
3_622,-128617367,110540747#1
3_623,-128617367,1157760112#1
3_624,-128617367,1157760112#1-AddedOffRampEdge
3_625,-128617367,1157760112#1-AddedOnRampEdge
3_626,-128617367,1158669976
3_627,-128617367,1177928034#2
3_628,-128617367,1177928034#4
3_629,-128617367,1177928034#6
3_630,-128617367,1177928034#7
3_631,-128617367,1177928034#9
3_632,-128617367,1207872176
3_633,-128617367,1211804126
3_634,-128617367,1213551187#2
3_635,-128617367,1213551192
3_636,-128617367,1223054104#0
3_637,-128617367,1223054104#2
3_638,-128617367,1238851923#2
3_639,-128617367,1238851927#1
3_640,-128617367,128617366#1
3_641,-128617367,128617367
3_642,-128617367,128619665#0
3_643,-128617367,129120200
3_644,-128617367,129127803#6
3_645,-128617367,131752095#4
3_646,-128617367,147961515
3_647,-128617367,159344785#0
3_648,-128617367,159344785#2
3_649,-128617367,25749210
3_650,-128617367,25817392#11
3_651,-128617367,25817411
3_652,-128617367,25817423#3
3_653,-128617367,25819177#2
3_654,-128617367,25838188#0
3_655,-128617367,25838210#1
3_656,-128617367,27237138
3_657,-128617367,28921528#2
3_658,-128617367,30672980#6
3_659,-128617367,30673027
3_660,-128617367,31785294
3_661,-128617367,416563917#2
3_662,-128617367,431858310
3_663,-128617367,48563893#0
3_664,-128617367,48563895#1
3_665,-128617367,48563895#5
3_666,-128617367,559456673#1
3_667,-128617367,559456673#3
3_668,-128617367,559456673#4
3_669,-128617367,559495119#0
3_670,-128617367,559495119#2
3_671,-128617367,559495119#4
3_672,-128617367,559495121#3
3_673,-128617367,559495121#6
3_674,-128617367,559495121#9
3_675,-128617367,577223388
3_676,-128617367,577223393#0
3_677,-128617367,577223393#2
3_678,-128617367,577223395
3_679,-128617367,577230016#2
3_680,-129120200,-110540722#0
3_681,-129120200,-1213551188#0
3_682,-129120200,-1213551191
3_683,-129120200,-128617369
3_684,-129120200,-128617374
3_685,-129120200,-128619666
3_686,-129120200,-151503392
3_687,-129120200,-151505951
3_688,-129120200,-173680979#2
3_689,-129120200,-202332915
3_690,-129120200,-202332917
3_691,-129120200,-223996981#0
3_692,-129120200,-25654991#0
3_693,-129120200,-31785293
3_694,-129120200,-380823372
3_695,-129120200,-431858308
3_696,-129120200,-48563893#0
3_697,-129120200,-50077954
3_698,-129120200,-50370685
3_699,-129120200,-50835389
3_700,-129120200,-577230015
3_701,-129120200,-577230016#0
3_702,-129120200,-794480008
3_703,-129120200,-93814018#0
3_704,-129120200,-95637907
3_705,-129120200,108634758#0
3_706,-129120200,110540729#3
3_707,-129120200,110540747#1
3_708,-129120200,1157760112#1
3_709,-129120200,1157760112#1-AddedOffRampEdge
3_710,-129120200,1157760112#1-AddedOnRampEdge
3_711,-129120200,1158669976
3_712,-129120200,1177928034#2
3_713,-129120200,1177928034#4
3_714,-129120200,1177928034#6
3_715,-129120200,1177928034#7
3_716,-129120200,1177928034#9
3_717,-129120200,1207872176
3_718,-129120200,1211804126
3_719,-129120200,1213551187#2
3_720,-129120200,1213551192
3_721,-129120200,1223054104#0
3_722,-129120200,1223054104#2
3_723,-129120200,1238851923#2
3_724,-129120200,1238851927#1
3_725,-129120200,128617366#1
3_726,-129120200,128617367
3_727,-129120200,128619665#0
3_728,-129120200,129120200
3_729,-129120200,129127803#6
3_730,-129120200,131752095#4
3_731,-129120200,147961515
3_732,-129120200,159344785#0
3_733,-129120200,159344785#2
3_734,-129120200,25749210
3_735,-129120200,25817392#11
3_736,-129120200,25817411
3_737,-129120200,25817423#3
3_738,-129120200,25819177#2
3_739,-129120200,25838188#0
3_740,-129120200,25838210#1
3_741,-129120200,27237138
3_742,-129120200,28921528#2
3_743,-129120200,30672980#6
3_744,-129120200,30673027
3_745,-129120200,31785294
3_746,-129120200,416563917#2
3_747,-129120200,431858310
3_748,-129120200,48563893#0
3_749,-129120200,48563895#1
3_750,-129120200,48563895#5
3_751,-129120200,559456673#1
3_752,-129120200,559456673#3
3_753,-129120200,559456673#4
3_754,-129120200,559495119#0
3_755,-129120200,559495119#2
3_756,-129120200,559495119#4
3_757,-129120200,559495121#3
3_758,-129120200,559495121#6
3_759,-129120200,559495121#9
3_760,-129120200,577223388
3_761,-129120200,577223393#0
3_762,-129120200,577223393#2
3_763,-129120200,577223395
3_764,-129120200,577230016#2
3_765,-129127803#6,-110540722#0
3_766,-129127803#6,-1213551188#0
3_767,-129127803#6,-1213551191
3_768,-129127803#6,-128617369
3_769,-129127803#6,-128617374
3_770,-129127803#6,-128619666
3_771,-129127803#6,-151503392
3_772,-129127803#6,-151505951
3_773,-129127803#6,-173680979#2
3_774,-129127803#6,-202332915
3_775,-129127803#6,-202332917
3_776,-129127803#6,-223996981#0
3_777,-129127803#6,-25654991#0
3_778,-129127803#6,-31785293
3_779,-129127803#6,-380823372
3_780,-129127803#6,-431858308
3_781,-129127803#6,-48563893#0
3_782,-129127803#6,-50077954
3_783,-129127803#6,-50370685
3_784,-129127803#6,-50835389
3_785,-129127803#6,-577230015
3_786,-129127803#6,-577230016#0
3_787,-129127803#6,-794480008
3_788,-129127803#6,-93814018#0
3_789,-129127803#6,-95637907
3_790,-129127803#6,108634758#0
3_791,-129127803#6,110540729#3
3_792,-129127803#6,110540747#1
3_793,-129127803#6,1157760112#1
3_794,-129127803#6,1157760112#1-AddedOffRampEdge
3_795,-129127803#6,1157760112#1-AddedOnRampEdge
3_796,-129127803#6,1158669976
3_797,-129127803#6,1177928034#2
3_798,-129127803#6,1177928034#4
3_799,-129127803#6,1177928034#6
3_800,-129127803#6,1177928034#7
3_801,-129127803#6,1177928034#9
3_802,-129127803#6,1207872176
3_803,-129127803#6,1211804126
3_804,-129127803#6,1213551187#2
3_805,-129127803#6,1213551192
3_806,-129127803#6,1223054104#0
3_807,-129127803#6,1223054104#2
3_808,-129127803#6,1238851923#2
3_809,-129127803#6,1238851927#1
3_810,-129127803#6,128617366#1
3_811,-129127803#6,128617367
3_812,-129127803#6,128619665#0
3_813,-129127803#6,129120200
3_814,-129127803#6,129127803#6
3_815,-129127803#6,131752095#4
3_816,-129127803#6,147961515
3_817,-129127803#6,159344785#0
3_818,-129127803#6,159344785#2
3_819,-129127803#6,25749210
3_820,-129127803#6,25817392#11
3_821,-129127803#6,25817411
3_822,-129127803#6,25817423#3
3_823,-129127803#6,25819177#2
3_824,-129127803#6,25838188#0
3_825,-129127803#6,25838210#1
3_826,-129127803#6,27237138
3_827,-129127803#6,28921528#2
3_828,-129127803#6,30672980#6
3_829,-129127803#6,30673027
3_830,-129127803#6,31785294
3_831,-129127803#6,416563917#2
3_832,-129127803#6,431858310
3_833,-129127803#6,48563893#0
3_834,-129127803#6,48563895#1
3_835,-129127803#6,48563895#5
3_836,-129127803#6,559456673#1
3_837,-129127803#6,559456673#3
3_838,-129127803#6,559456673#4
3_839,-129127803#6,559495119#0
3_840,-129127803#6,559495119#2
3_841,-129127803#6,559495119#4
3_842,-129127803#6,559495121#3
3_843,-129127803#6,559495121#6
3_844,-129127803#6,559495121#9
3_845,-129127803#6,577223388
3_846,-129127803#6,577223393#0
3_847,-129127803#6,577223393#2
3_848,-129127803#6,577223395
3_849,-129127803#6,577230016#2
3_850,-147961515,-110540722#0
3_851,-147961515,-1213551188#0
3_852,-147961515,-1213551191
3_853,-147961515,-128617369
3_854,-147961515,-128617374
3_855,-147961515,-128619666
3_856,-147961515,-151503392
3_857,-147961515,-151505951
3_858,-147961515,-173680979#2
3_859,-147961515,-202332915
3_860,-147961515,-202332917
3_861,-147961515,-223996981#0
3_862,-147961515,-25654991#0
3_863,-147961515,-31785293
3_864,-147961515,-380823372
3_865,-147961515,-431858308
3_866,-147961515,-48563893#0
3_867,-147961515,-50077954
3_868,-147961515,-50370685
3_869,-147961515,-50835389
3_870,-147961515,-577230015
3_871,-147961515,-577230016#0
3_872,-147961515,-794480008
3_873,-147961515,-93814018#0
3_874,-147961515,-95637907
3_875,-147961515,108634758#0
3_876,-147961515,110540729#3
3_877,-147961515,110540747#1
3_878,-147961515,1157760112#1
3_879,-147961515,1157760112#1-AddedOffRampEdge
3_880,-147961515,1157760112#1-AddedOnRampEdge
3_881,-147961515,1158669976
3_882,-147961515,1177928034#2
3_883,-147961515,1177928034#4
3_884,-147961515,1177928034#6
3_885,-147961515,1177928034#7
3_886,-147961515,1177928034#9
3_887,-147961515,1207872176
3_888,-147961515,1211804126
3_889,-147961515,1213551187#2
3_890,-147961515,1213551192
3_891,-147961515,1223054104#0
3_892,-147961515,1223054104#2
3_893,-147961515,1238851923#2
3_894,-147961515,1238851927#1
3_895,-147961515,128617366#1
3_896,-147961515,128617367
3_897,-147961515,128619665#0
3_898,-147961515,129120200
3_899,-147961515,129127803#6
3_900,-147961515,131752095#4
3_901,-147961515,147961515
3_902,-147961515,159344785#0
3_903,-147961515,159344785#2
3_904,-147961515,25749210
3_905,-147961515,25817392#11
3_906,-147961515,25817411
3_907,-147961515,25817423#3
3_908,-147961515,25819177#2
3_909,-147961515,25838188#0
3_910,-147961515,25838210#1
3_911,-147961515,27237138
3_912,-147961515,28921528#2
3_913,-147961515,30672980#6
3_914,-147961515,30673027
3_915,-147961515,31785294
3_916,-147961515,416563917#2
3_917,-147961515,431858310
3_918,-147961515,48563893#0
3_919,-147961515,48563895#1
3_920,-147961515,48563895#5
3_921,-147961515,559456673#1
3_922,-147961515,559456673#3
3_923,-147961515,559456673#4
3_924,-147961515,559495119#0
3_925,-147961515,559495119#2
3_926,-147961515,559495119#4
3_927,-147961515,559495121#3
3_928,-147961515,559495121#6
3_929,-147961515,559495121#9
3_930,-147961515,577223388
3_931,-147961515,577223393#0
3_932,-147961515,577223393#2
3_933,-147961515,577223395
3_934,-147961515,577230016#2
3_935,-151503393,-110540722#0
3_936,-151503393,-1213551188#0
3_937,-151503393,-1213551191
3_938,-151503393,-128617369
3_939,-151503393,-128617374
3_940,-151503393,-128619666
3_941,-151503393,-151503392
3_942,-151503393,-151505951
3_943,-151503393,-173680979#2
3_944,-151503393,-202332915
3_945,-151503393,-202332917
3_946,-151503393,-223996981#0
3_947,-151503393,-25654991#0
3_948,-151503393,-31785293
3_949,-151503393,-380823372
3_950,-151503393,-431858308
3_951,-151503393,-48563893#0
3_952,-151503393,-50077954
3_953,-151503393,-50370685
3_954,-151503393,-50835389
3_955,-151503393,-577230015
3_956,-151503393,-577230016#0
3_957,-151503393,-794480008
3_958,-151503393,-93814018#0
3_959,-151503393,-95637907
3_960,-151503393,108634758#0
3_961,-151503393,110540729#3
3_962,-151503393,110540747#1
3_963,-151503393,1157760112#1
3_964,-151503393,1157760112#1-AddedOffRampEdge
3_965,-151503393,1157760112#1-AddedOnRampEdge
3_966,-151503393,1158669976
3_967,-151503393,1177928034#2
3_968,-151503393,1177928034#4
3_969,-151503393,1177928034#6
3_970,-151503393,1177928034#7
3_971,-151503393,1177928034#9
3_972,-151503393,1207872176
3_973,-151503393,1211804126
3_974,-151503393,1213551187#2
3_975,-151503393,1213551192
3_976,-151503393,1223054104#0
3_977,-151503393,1223054104#2
3_978,-151503393,1238851923#2
3_979,-151503393,1238851927#1
3_980,-151503393,128617366#1
3_981,-151503393,128617367
3_982,-151503393,128619665#0
3_983,-151503393,129120200
3_984,-151503393,129127803#6
3_985,-151503393,131752095#4
3_986,-151503393,147961515
3_987,-151503393,159344785#0
3_988,-151503393,159344785#2
3_989,-151503393,25749210
3_990,-151503393,25817392#11
3_991,-151503393,25817411
3_992,-151503393,25817423#3
3_993,-151503393,25819177#2
3_994,-151503393,25838188#0
3_995,-151503393,25838210#1
3_996,-151503393,27237138
3_997,-151503393,28921528#2
3_998,-151503393,30672980#6
3_999,-151503393,30673027
3_1000,-151503393,31785294
3_1001,-151503393,416563917#2
3_1002,-151503393,431858310
3_1003,-151503393,48563893#0
3_1004,-151503393,48563895#1
3_1005,-151503393,48563895#5
3_1006,-151503393,559456673#1
3_1007,-151503393,559456673#3
3_1008,-151503393,559456673#4
3_1009,-151503393,559495119#0
3_1010,-151503393,559495119#2
3_1011,-151503393,559495119#4
3_1012,-151503393,559495121#3
3_1013,-151503393,559495121#6
3_1014,-151503393,559495121#9
3_1015,-151503393,577223388
3_1016,-151503393,577223393#0
3_1017,-151503393,577223393#2
3_1018,-151503393,577223395
3_1019,-151503393,577230016#2
3_1020,-25749210,-110540722#0
3_1021,-25749210,-1213551188#0
3_1022,-25749210,-1213551191
3_1023,-25749210,-128617369
3_1024,-25749210,-128617374
3_1025,-25749210,-128619666
3_1026,-25749210,-151503392
3_1027,-25749210,-151505951
3_1028,-25749210,-173680979#2
3_1029,-25749210,-202332915
3_1030,-25749210,-202332917
3_1031,-25749210,-223996981#0
3_1032,-25749210,-25654991#0
3_1033,-25749210,-31785293
3_1034,-25749210,-380823372
3_1035,-25749210,-431858308
3_1036,-25749210,-48563893#0
3_1037,-25749210,-50077954
3_1038,-25749210,-50370685
3_1039,-25749210,-50835389
3_1040,-25749210,-577230015
3_1041,-25749210,-577230016#0
3_1042,-25749210,-794480008
3_1043,-25749210,-93814018#0
3_1044,-25749210,-95637907
3_1045,-25749210,108634758#0
3_1046,-25749210,110540729#3
3_1047,-25749210,110540747#1
3_1048,-25749210,1157760112#1
3_1049,-25749210,1157760112#1-AddedOffRampEdge
3_1050,-25749210,1157760112#1-AddedOnRampEdge
3_1051,-25749210,1158669976
3_1052,-25749210,1177928034#2
3_1053,-25749210,1177928034#4
3_1054,-25749210,1177928034#6
3_1055,-25749210,1177928034#7
3_1056,-25749210,1177928034#9
3_1057,-25749210,1207872176
3_1058,-25749210,1211804126
3_1059,-25749210,1213551187#2
3_1060,-25749210,1213551192
3_1061,-25749210,1223054104#0
3_1062,-25749210,1223054104#2
3_1063,-25749210,1238851923#2
3_1064,-25749210,1238851927#1
3_1065,-25749210,128617366#1
3_1066,-25749210,128617367
3_1067,-25749210,128619665#0
3_1068,-25749210,129120200
3_1069,-25749210,129127803#6
3_1070,-25749210,131752095#4
3_1071,-25749210,147961515
3_1072,-25749210,159344785#0
3_1073,-25749210,159344785#2
3_1074,-25749210,25749210
3_1075,-25749210,25817392#11
3_1076,-25749210,25817411
3_1077,-25749210,25817423#3
3_1078,-25749210,25819177#2
3_1079,-25749210,25838188#0
3_1080,-25749210,25838210#1
3_1081,-25749210,27237138
3_1082,-25749210,28921528#2
3_1083,-25749210,30672980#6
3_1084,-25749210,30673027
3_1085,-25749210,31785294
3_1086,-25749210,416563917#2
3_1087,-25749210,431858310
3_1088,-25749210,48563893#0
3_1089,-25749210,48563895#1
3_1090,-25749210,48563895#5
3_1091,-25749210,559456673#1
3_1092,-25749210,559456673#3
3_1093,-25749210,559456673#4
3_1094,-25749210,559495119#0
3_1095,-25749210,559495119#2
3_1096,-25749210,559495119#4
3_1097,-25749210,559495121#3
3_1098,-25749210,559495121#6
3_1099,-25749210,559495121#9
3_1100,-25749210,577223388
3_1101,-25749210,577223393#0
3_1102,-25749210,577223393#2
3_1103,-25749210,577223395
3_1104,-25749210,577230016#2
3_1105,-27237138,-110540722#0
3_1106,-27237138,-1213551188#0
3_1107,-27237138,-1213551191
3_1108,-27237138,-128617369
3_1109,-27237138,-128617374
3_1110,-27237138,-128619666
3_1111,-27237138,-151503392
3_1112,-27237138,-151505951
3_1113,-27237138,-173680979#2
3_1114,-27237138,-202332915
3_1115,-27237138,-202332917
3_1116,-27237138,-223996981#0
3_1117,-27237138,-25654991#0
3_1118,-27237138,-31785293
3_1119,-27237138,-380823372
3_1120,-27237138,-431858308
3_1121,-27237138,-48563893#0
3_1122,-27237138,-50077954
3_1123,-27237138,-50370685
3_1124,-27237138,-50835389
3_1125,-27237138,-577230015
3_1126,-27237138,-577230016#0
3_1127,-27237138,-794480008
3_1128,-27237138,-93814018#0
3_1129,-27237138,-95637907
3_1130,-27237138,108634758#0
3_1131,-27237138,110540729#3
3_1132,-27237138,110540747#1
3_1133,-27237138,1157760112#1
3_1134,-27237138,1157760112#1-AddedOffRampEdge
3_1135,-27237138,1157760112#1-AddedOnRampEdge
3_1136,-27237138,1158669976
3_1137,-27237138,1177928034#2
3_1138,-27237138,1177928034#4
3_1139,-27237138,1177928034#6
3_1140,-27237138,1177928034#7
3_1141,-27237138,1177928034#9
3_1142,-27237138,1207872176
3_1143,-27237138,1211804126
3_1144,-27237138,1213551187#2
3_1145,-27237138,1213551192
3_1146,-27237138,1223054104#0
3_1147,-27237138,1223054104#2
3_1148,-27237138,1238851923#2
3_1149,-27237138,1238851927#1
3_1150,-27237138,128617366#1
3_1151,-27237138,128617367
3_1152,-27237138,128619665#0
3_1153,-27237138,129120200
3_1154,-27237138,129127803#6
3_1155,-27237138,131752095#4
3_1156,-27237138,147961515
3_1157,-27237138,159344785#0
3_1158,-27237138,159344785#2
3_1159,-27237138,25749210
3_1160,-27237138,25817392#11
3_1161,-27237138,25817411
3_1162,-27237138,25817423#3
3_1163,-27237138,25819177#2
3_1164,-27237138,25838188#0
3_1165,-27237138,25838210#1
3_1166,-27237138,27237138
3_1167,-27237138,28921528#2
3_1168,-27237138,30672980#6
3_1169,-27237138,30673027
3_1170,-27237138,31785294
3_1171,-27237138,416563917#2
3_1172,-27237138,431858310
3_1173,-27237138,48563893#0
3_1174,-27237138,48563895#1
3_1175,-27237138,48563895#5
3_1176,-27237138,559456673#1
3_1177,-27237138,559456673#3
3_1178,-27237138,559456673#4
3_1179,-27237138,559495119#0
3_1180,-27237138,559495119#2
3_1181,-27237138,559495119#4
3_1182,-27237138,559495121#3
3_1183,-27237138,559495121#6
3_1184,-27237138,559495121#9
3_1185,-27237138,577223388
3_1186,-27237138,577223393#0
3_1187,-27237138,577223393#2
3_1188,-27237138,577223395
3_1189,-27237138,577230016#2
3_1190,-31785294,-110540722#0
3_1191,-31785294,-1213551188#0
3_1192,-31785294,-1213551191
3_1193,-31785294,-128617369
3_1194,-31785294,-128617374
3_1195,-31785294,-128619666
3_1196,-31785294,-151503392
3_1197,-31785294,-151505951
3_1198,-31785294,-173680979#2
3_1199,-31785294,-202332915
3_1200,-31785294,-202332917
3_1201,-31785294,-223996981#0
3_1202,-31785294,-25654991#0
3_1203,-31785294,-31785293
3_1204,-31785294,-380823372
3_1205,-31785294,-431858308
3_1206,-31785294,-48563893#0
3_1207,-31785294,-50077954
3_1208,-31785294,-50370685
3_1209,-31785294,-50835389
3_1210,-31785294,-577230015
3_1211,-31785294,-577230016#0
3_1212,-31785294,-794480008
3_1213,-31785294,-93814018#0
3_1214,-31785294,-95637907
3_1215,-31785294,108634758#0
3_1216,-31785294,110540729#3
3_1217,-31785294,110540747#1
3_1218,-31785294,1157760112#1
3_1219,-31785294,1157760112#1-AddedOffRampEdge
3_1220,-31785294,1157760112#1-AddedOnRampEdge
3_1221,-31785294,1158669976
3_1222,-31785294,1177928034#2
3_1223,-31785294,1177928034#4
3_1224,-31785294,1177928034#6
3_1225,-31785294,1177928034#7
3_1226,-31785294,1177928034#9
3_1227,-31785294,1207872176
3_1228,-31785294,1211804126
3_1229,-31785294,1213551187#2
3_1230,-31785294,1213551192
3_1231,-31785294,1223054104#0
3_1232,-31785294,1223054104#2
3_1233,-31785294,1238851923#2
3_1234,-31785294,1238851927#1
3_1235,-31785294,128617366#1
3_1236,-31785294,128617367
3_1237,-31785294,128619665#0
3_1238,-31785294,129120200
3_1239,-31785294,129127803#6
3_1240,-31785294,131752095#4
3_1241,-31785294,147961515
3_1242,-31785294,159344785#0
3_1243,-31785294,159344785#2
3_1244,-31785294,25749210
3_1245,-31785294,25817392#11
3_1246,-31785294,25817411
3_1247,-31785294,25817423#3
3_1248,-31785294,25819177#2
3_1249,-31785294,25838188#0
3_1250,-31785294,25838210#1
3_1251,-31785294,27237138
3_1252,-31785294,28921528#2
3_1253,-31785294,30672980#6
3_1254,-31785294,30673027
3_1255,-31785294,31785294
3_1256,-31785294,416563917#2
3_1257,-31785294,431858310
3_1258,-31785294,48563893#0
3_1259,-31785294,48563895#1
3_1260,-31785294,48563895#5
3_1261,-31785294,559456673#1
3_1262,-31785294,559456673#3
3_1263,-31785294,559456673#4
3_1264,-31785294,559495119#0
3_1265,-31785294,559495119#2
3_1266,-31785294,559495119#4
3_1267,-31785294,559495121#3
3_1268,-31785294,559495121#6
3_1269,-31785294,559495121#9
3_1270,-31785294,577223388
3_1271,-31785294,577223393#0
3_1272,-31785294,577223393#2
3_1273,-31785294,577223395
3_1274,-31785294,577230016#2
3_1275,-431858310,-110540722#0
3_1276,-431858310,-1213551188#0
3_1277,-431858310,-1213551191
3_1278,-431858310,-128617369
3_1279,-431858310,-128617374
3_1280,-431858310,-128619666
3_1281,-431858310,-151503392
3_1282,-431858310,-151505951
3_1283,-431858310,-173680979#2
3_1284,-431858310,-202332915
3_1285,-431858310,-202332917
3_1286,-431858310,-223996981#0
3_1287,-431858310,-25654991#0
3_1288,-431858310,-31785293
3_1289,-431858310,-380823372
3_1290,-431858310,-431858308
3_1291,-431858310,-48563893#0
3_1292,-431858310,-50077954
3_1293,-431858310,-50370685
3_1294,-431858310,-50835389
3_1295,-431858310,-577230015
3_1296,-431858310,-577230016#0
3_1297,-431858310,-794480008
3_1298,-431858310,-93814018#0
3_1299,-431858310,-95637907
3_1300,-431858310,108634758#0
3_1301,-431858310,110540729#3
3_1302,-431858310,110540747#1
3_1303,-431858310,1157760112#1
3_1304,-431858310,1157760112#1-AddedOffRampEdge
3_1305,-431858310,1157760112#1-AddedOnRampEdge
3_1306,-431858310,1158669976
3_1307,-431858310,1177928034#2
3_1308,-431858310,1177928034#4
3_1309,-431858310,1177928034#6
3_1310,-431858310,1177928034#7
3_1311,-431858310,1177928034#9
3_1312,-431858310,1207872176
3_1313,-431858310,1211804126
3_1314,-431858310,1213551187#2
3_1315,-431858310,1213551192
3_1316,-431858310,1223054104#0
3_1317,-431858310,1223054104#2
3_1318,-431858310,1238851923#2
3_1319,-431858310,1238851927#1
3_1320,-431858310,128617366#1
3_1321,-431858310,128617367
3_1322,-431858310,128619665#0
3_1323,-431858310,129120200
3_1324,-431858310,129127803#6
3_1325,-431858310,131752095#4
3_1326,-431858310,147961515
3_1327,-431858310,159344785#0
3_1328,-431858310,159344785#2
3_1329,-431858310,25749210
3_1330,-431858310,25817392#11
3_1331,-431858310,25817411
3_1332,-431858310,25817423#3
3_1333,-431858310,25819177#2
3_1334,-431858310,25838188#0
3_1335,-431858310,25838210#1
3_1336,-431858310,27237138
3_1337,-431858310,28921528#2
3_1338,-431858310,30672980#6
3_1339,-431858310,30673027
3_1340,-431858310,31785294
3_1341,-431858310,416563917#2
3_1342,-431858310,431858310
3_1343,-431858310,48563893#0
3_1344,-431858310,48563895#1
3_1345,-431858310,48563895#5
3_1346,-431858310,559456673#1
3_1347,-431858310,559456673#3
3_1348,-431858310,559456673#4
3_1349,-431858310,559495119#0
3_1350,-431858310,559495119#2
3_1351,-431858310,559495119#4
3_1352,-431858310,559495121#3
3_1353,-431858310,559495121#6
3_1354,-431858310,559495121#9
3_1355,-431858310,577223388
3_1356,-431858310,577223393#0
3_1357,-431858310,577223393#2
3_1358,-431858310,577223395
3_1359,-431858310,577230016#2
3_1360,-48563893#0,-110540722#0
3_1361,-48563893#0,-1213551188#0
3_1362,-48563893#0,-1213551191
3_1363,-48563893#0,-128617369
3_1364,-48563893#0,-128617374
3_1365,-48563893#0,-128619666
3_1366,-48563893#0,-151503392
3_1367,-48563893#0,-151505951
3_1368,-48563893#0,-173680979#2
3_1369,-48563893#0,-202332915
3_1370,-48563893#0,-202332917
3_1371,-48563893#0,-223996981#0
3_1372,-48563893#0,-25654991#0
3_1373,-48563893#0,-31785293
3_1374,-48563893#0,-380823372
3_1375,-48563893#0,-431858308
3_1376,-48563893#0,-50077954
3_1377,-48563893#0,-50370685
3_1378,-48563893#0,-50835389
3_1379,-48563893#0,-577230015
3_1380,-48563893#0,-577230016#0
3_1381,-48563893#0,-794480008
3_1382,-48563893#0,-93814018#0
3_1383,-48563893#0,-95637907
3_1384,-48563893#0,108634758#0
3_1385,-48563893#0,110540729#3
3_1386,-48563893#0,110540747#1
3_1387,-48563893#0,1157760112#1
3_1388,-48563893#0,1157760112#1-AddedOffRampEdge
3_1389,-48563893#0,1157760112#1-AddedOnRampEdge
3_1390,-48563893#0,1158669976
3_1391,-48563893#0,1177928034#2
3_1392,-48563893#0,1177928034#4
3_1393,-48563893#0,1177928034#6
3_1394,-48563893#0,1177928034#7
3_1395,-48563893#0,1177928034#9
3_1396,-48563893#0,1207872176
3_1397,-48563893#0,1211804126
3_1398,-48563893#0,1213551187#2
3_1399,-48563893#0,1213551192
3_1400,-48563893#0,1223054104#0
3_1401,-48563893#0,1223054104#2
3_1402,-48563893#0,1238851923#2
3_1403,-48563893#0,1238851927#1
3_1404,-48563893#0,128617366#1
3_1405,-48563893#0,128617367
3_1406,-48563893#0,128619665#0
3_1407,-48563893#0,129120200
3_1408,-48563893#0,129127803#6
3_1409,-48563893#0,131752095#4
3_1410,-48563893#0,147961515
3_1411,-48563893#0,159344785#0
3_1412,-48563893#0,159344785#2
3_1413,-48563893#0,25749210
3_1414,-48563893#0,25817392#11
3_1415,-48563893#0,25817411
3_1416,-48563893#0,25817423#3
3_1417,-48563893#0,25819177#2
3_1418,-48563893#0,25838188#0
3_1419,-48563893#0,25838210#1
3_1420,-48563893#0,27237138
3_1421,-48563893#0,28921528#2
3_1422,-48563893#0,30672980#6
3_1423,-48563893#0,30673027
3_1424,-48563893#0,31785294
3_1425,-48563893#0,416563917#2
3_1426,-48563893#0,431858310
3_1427,-48563893#0,48563893#0
3_1428,-48563893#0,48563895#1
3_1429,-48563893#0,48563895#5
3_1430,-48563893#0,559456673#1
3_1431,-48563893#0,559456673#3
3_1432,-48563893#0,559456673#4
3_1433,-48563893#0,559495119#0
3_1434,-48563893#0,559495119#2
3_1435,-48563893#0,559495119#4
3_1436,-48563893#0,559495121#3
3_1437,-48563893#0,559495121#6
3_1438,-48563893#0,559495121#9
3_1439,-48563893#0,577223388
3_1440,-48563893#0,577223393#0
3_1441,-48563893#0,577223393#2
3_1442,-48563893#0,577223395
3_1443,-48563893#0,577230016#2
3_1444,-577230016#2,-110540722#0
3_1445,-577230016#2,-1213551188#0
3_1446,-577230016#2,-1213551191
3_1447,-577230016#2,-128617369
3_1448,-577230016#2,-128617374
3_1449,-577230016#2,-128619666
3_1450,-577230016#2,-151503392
3_1451,-577230016#2,-151505951
3_1452,-577230016#2,-173680979#2
3_1453,-577230016#2,-202332915
3_1454,-577230016#2,-202332917
3_1455,-577230016#2,-223996981#0
3_1456,-577230016#2,-25654991#0
3_1457,-577230016#2,-31785293
3_1458,-577230016#2,-380823372
3_1459,-577230016#2,-431858308
3_1460,-577230016#2,-48563893#0
3_1461,-577230016#2,-50077954
3_1462,-577230016#2,-50370685
3_1463,-577230016#2,-50835389
3_1464,-577230016#2,-577230015
3_1465,-577230016#2,-577230016#0
3_1466,-577230016#2,-794480008
3_1467,-577230016#2,-93814018#0
3_1468,-577230016#2,-95637907
3_1469,-577230016#2,108634758#0
3_1470,-577230016#2,110540729#3
3_1471,-577230016#2,110540747#1
3_1472,-577230016#2,1157760112#1
3_1473,-577230016#2,1157760112#1-AddedOffRampEdge
3_1474,-577230016#2,1157760112#1-AddedOnRampEdge
3_1475,-577230016#2,1158669976
3_1476,-577230016#2,1177928034#2
3_1477,-577230016#2,1177928034#4
3_1478,-577230016#2,1177928034#6
3_1479,-577230016#2,1177928034#7
3_1480,-577230016#2,1177928034#9
3_1481,-577230016#2,1207872176
3_1482,-577230016#2,1211804126
3_1483,-577230016#2,1213551187#2
3_1484,-577230016#2,1213551192
3_1485,-577230016#2,1223054104#0
3_1486,-577230016#2,1223054104#2
3_1487,-577230016#2,1238851923#2
3_1488,-577230016#2,1238851927#1
3_1489,-577230016#2,128617366#1
3_1490,-577230016#2,128617367
3_1491,-577230016#2,128619665#0
3_1492,-577230016#2,129120200
3_1493,-577230016#2,129127803#6
3_1494,-577230016#2,131752095#4
3_1495,-577230016#2,147961515
3_1496,-577230016#2,159344785#0
3_1497,-577230016#2,159344785#2
3_1498,-577230016#2,25749210
3_1499,-577230016#2,25817392#11
3_1500,-577230016#2,25817411
3_1501,-577230016#2,25817423#3
3_1502,-577230016#2,25819177#2
3_1503,-577230016#2,25838188#0
3_1504,-577230016#2,25838210#1
3_1505,-577230016#2,27237138
3_1506,-577230016#2,28921528#2
3_1507,-577230016#2,30672980#6
3_1508,-577230016#2,30673027
3_1509,-577230016#2,31785294
3_1510,-577230016#2,416563917#2
3_1511,-577230016#2,431858310
3_1512,-577230016#2,48563893#0
3_1513,-577230016#2,48563895#1
3_1514,-577230016#2,48563895#5
3_1515,-577230016#2,559456673#1
3_1516,-577230016#2,559456673#3
3_1517,-577230016#2,559456673#4
3_1518,-577230016#2,559495119#0
3_1519,-577230016#2,559495119#2
3_1520,-577230016#2,559495119#4
3_1521,-577230016#2,559495121#3
3_1522,-577230016#2,559495121#6
3_1523,-577230016#2,559495121#9
3_1524,-577230016#2,577223388
3_1525,-577230016#2,577223393#0
3_1526,-577230016#2,577223393#2
3_1527,-577230016#2,577223395
3_1528,-577230016#2,577230016#2
3_1529,101269229#0,-110540722#0
3_1530,101269229#0,-1213551188#0
3_1531,101269229#0,-1213551191
3_1532,101269229#0,-128617369
3_1533,101269229#0,-128617374
3_1534,101269229#0,-128619666
3_1535,101269229#0,-151503392
3_1536,101269229#0,-151505951
3_1537,101269229#0,-173680979#2
3_1538,101269229#0,-202332915
3_1539,101269229#0,-202332917
3_1540,101269229#0,-223996981#0
3_1541,101269229#0,-25654991#0
3_1542,101269229#0,-31785293
3_1543,101269229#0,-380823372
3_1544,101269229#0,-431858308
3_1545,101269229#0,-48563893#0
3_1546,101269229#0,-50077954
3_1547,101269229#0,-50370685
3_1548,101269229#0,-50835389
3_1549,101269229#0,-577230015
3_1550,101269229#0,-577230016#0
3_1551,101269229#0,-794480008
3_1552,101269229#0,-93814018#0
3_1553,101269229#0,-95637907
3_1554,101269229#0,108634758#0
3_1555,101269229#0,110540729#3
3_1556,101269229#0,110540747#1
3_1557,101269229#0,1157760112#1
3_1558,101269229#0,1157760112#1-AddedOffRampEdge
3_1559,101269229#0,1157760112#1-AddedOnRampEdge
3_1560,101269229#0,1158669976
3_1561,101269229#0,1177928034#2
3_1562,101269229#0,1177928034#4
3_1563,101269229#0,1177928034#6
3_1564,101269229#0,1177928034#7
3_1565,101269229#0,1177928034#9
3_1566,101269229#0,1207872176
3_1567,101269229#0,1211804126
3_1568,101269229#0,1213551187#2
3_1569,101269229#0,1213551192
3_1570,101269229#0,1223054104#0
3_1571,101269229#0,1223054104#2
3_1572,101269229#0,1238851923#2
3_1573,101269229#0,1238851927#1
3_1574,101269229#0,128617366#1
3_1575,101269229#0,128617367
3_1576,101269229#0,128619665#0
3_1577,101269229#0,129120200
3_1578,101269229#0,129127803#6
3_1579,101269229#0,131752095#4
3_1580,101269229#0,147961515
3_1581,101269229#0,159344785#0
3_1582,101269229#0,159344785#2
3_1583,101269229#0,25749210
3_1584,101269229#0,25817392#11
3_1585,101269229#0,25817411
3_1586,101269229#0,25817423#3
3_1587,101269229#0,25819177#2
3_1588,101269229#0,25838188#0
3_1589,101269229#0,25838210#1
3_1590,101269229#0,27237138
3_1591,101269229#0,28921528#2
3_1592,101269229#0,30672980#6
3_1593,101269229#0,30673027
3_1594,101269229#0,31785294
3_1595,101269229#0,416563917#2
3_1596,101269229#0,431858310
3_1597,101269229#0,48563893#0
3_1598,101269229#0,48563895#1
3_1599,101269229#0,48563895#5
3_1600,101269229#0,559456673#1
3_1601,101269229#0,559456673#3
3_1602,101269229#0,559456673#4
3_1603,101269229#0,559495119#0
3_1604,101269229#0,559495119#2
3_1605,101269229#0,559495119#4
3_1606,101269229#0,559495121#3
3_1607,101269229#0,559495121#6
3_1608,101269229#0,559495121#9
3_1609,101269229#0,577223388
3_1610,101269229#0,577223393#0
3_1611,101269229#0,577223393#2
3_1612,101269229#0,577223395
3_1613,101269229#0,577230016#2
3_1614,101269229#10,-110540722#0
3_1615,101269229#10,-1213551188#0
3_1616,101269229#10,-1213551191
3_1617,101269229#10,-128617369
3_1618,101269229#10,-128617374
3_1619,101269229#10,-128619666
3_1620,101269229#10,-151503392
3_1621,101269229#10,-151505951
3_1622,101269229#10,-173680979#2
3_1623,101269229#10,-202332915
3_1624,101269229#10,-202332917
3_1625,101269229#10,-223996981#0
3_1626,101269229#10,-25654991#0
3_1627,101269229#10,-31785293
3_1628,101269229#10,-380823372
3_1629,101269229#10,-431858308
3_1630,101269229#10,-48563893#0
3_1631,101269229#10,-50077954
3_1632,101269229#10,-50370685
3_1633,101269229#10,-50835389
3_1634,101269229#10,-577230015
3_1635,101269229#10,-577230016#0
3_1636,101269229#10,-794480008
3_1637,101269229#10,-93814018#0
3_1638,101269229#10,-95637907
3_1639,101269229#10,108634758#0
3_1640,101269229#10,110540729#3
3_1641,101269229#10,110540747#1
3_1642,101269229#10,1157760112#1
3_1643,101269229#10,1157760112#1-AddedOffRampEdge
3_1644,101269229#10,1157760112#1-AddedOnRampEdge
3_1645,101269229#10,1158669976
3_1646,101269229#10,1177928034#2
3_1647,101269229#10,1177928034#4
3_1648,101269229#10,1177928034#6
3_1649,101269229#10,1177928034#7
3_1650,101269229#10,1177928034#9
3_1651,101269229#10,1207872176
3_1652,101269229#10,1211804126
3_1653,101269229#10,1213551187#2
3_1654,101269229#10,1213551192
3_1655,101269229#10,1223054104#0
3_1656,101269229#10,1223054104#2
3_1657,101269229#10,1238851923#2
3_1658,101269229#10,1238851927#1
3_1659,101269229#10,128617366#1
3_1660,101269229#10,128617367
3_1661,101269229#10,128619665#0
3_1662,101269229#10,129120200
3_1663,101269229#10,129127803#6
3_1664,101269229#10,131752095#4
3_1665,101269229#10,147961515
3_1666,101269229#10,159344785#0
3_1667,101269229#10,159344785#2
3_1668,101269229#10,25749210
3_1669,101269229#10,25817392#11
3_1670,101269229#10,25817411
3_1671,101269229#10,25817423#3
3_1672,101269229#10,25819177#2
3_1673,101269229#10,25838188#0
3_1674,101269229#10,25838210#1
3_1675,101269229#10,27237138
3_1676,101269229#10,28921528#2
3_1677,101269229#10,30672980#6
3_1678,101269229#10,30673027
3_1679,101269229#10,31785294
3_1680,101269229#10,416563917#2
3_1681,101269229#10,431858310
3_1682,101269229#10,48563893#0
3_1683,101269229#10,48563895#1
3_1684,101269229#10,48563895#5
3_1685,101269229#10,559456673#1
3_1686,101269229#10,559456673#3
3_1687,101269229#10,559456673#4
3_1688,101269229#10,559495119#0
3_1689,101269229#10,559495119#2
3_1690,101269229#10,559495119#4
3_1691,101269229#10,559495121#3
3_1692,101269229#10,559495121#6
3_1693,101269229#10,559495121#9
3_1694,101269229#10,577223388
3_1695,101269229#10,577223393#0
3_1696,101269229#10,577223393#2
3_1697,101269229#10,577223395
3_1698,101269229#10,577230016#2
3_1699,101269229#9,-110540722#0
3_1700,101269229#9,-1213551188#0
3_1701,101269229#9,-1213551191
3_1702,101269229#9,-128617369
3_1703,101269229#9,-128617374
3_1704,101269229#9,-128619666
3_1705,101269229#9,-151503392
3_1706,101269229#9,-151505951
3_1707,101269229#9,-173680979#2
3_1708,101269229#9,-202332915
3_1709,101269229#9,-202332917
3_1710,101269229#9,-223996981#0
3_1711,101269229#9,-25654991#0
3_1712,101269229#9,-31785293
3_1713,101269229#9,-380823372
3_1714,101269229#9,-431858308
3_1715,101269229#9,-48563893#0
3_1716,101269229#9,-50077954
3_1717,101269229#9,-50370685
3_1718,101269229#9,-50835389
3_1719,101269229#9,-577230015
3_1720,101269229#9,-577230016#0
3_1721,101269229#9,-794480008
3_1722,101269229#9,-93814018#0
3_1723,101269229#9,-95637907
3_1724,101269229#9,108634758#0
3_1725,101269229#9,110540729#3
3_1726,101269229#9,110540747#1
3_1727,101269229#9,1157760112#1
3_1728,101269229#9,1157760112#1-AddedOffRampEdge
3_1729,101269229#9,1157760112#1-AddedOnRampEdge
3_1730,101269229#9,1158669976
3_1731,101269229#9,1177928034#2
3_1732,101269229#9,1177928034#4
3_1733,101269229#9,1177928034#6
3_1734,101269229#9,1177928034#7
3_1735,101269229#9,1177928034#9
3_1736,101269229#9,1207872176
3_1737,101269229#9,1211804126
3_1738,101269229#9,1213551187#2
3_1739,101269229#9,1213551192
3_1740,101269229#9,1223054104#0
3_1741,101269229#9,1223054104#2
3_1742,101269229#9,1238851923#2
3_1743,101269229#9,1238851927#1
3_1744,101269229#9,128617366#1
3_1745,101269229#9,128617367
3_1746,101269229#9,128619665#0
3_1747,101269229#9,129120200
3_1748,101269229#9,129127803#6
3_1749,101269229#9,131752095#4
3_1750,101269229#9,147961515
3_1751,101269229#9,159344785#0
3_1752,101269229#9,159344785#2
3_1753,101269229#9,25749210
3_1754,101269229#9,25817392#11
3_1755,101269229#9,25817411
3_1756,101269229#9,25817423#3
3_1757,101269229#9,25819177#2
3_1758,101269229#9,25838188#0
3_1759,101269229#9,25838210#1
3_1760,101269229#9,27237138
3_1761,101269229#9,28921528#2
3_1762,101269229#9,30672980#6
3_1763,101269229#9,30673027
3_1764,101269229#9,31785294
3_1765,101269229#9,416563917#2
3_1766,101269229#9,431858310
3_1767,101269229#9,48563893#0
3_1768,101269229#9,48563895#1
3_1769,101269229#9,48563895#5
3_1770,101269229#9,559456673#1
3_1771,101269229#9,559456673#3
3_1772,101269229#9,559456673#4
3_1773,101269229#9,559495119#0
3_1774,101269229#9,559495119#2
3_1775,101269229#9,559495119#4
3_1776,101269229#9,559495121#3
3_1777,101269229#9,559495121#6
3_1778,101269229#9,559495121#9
3_1779,101269229#9,577223388
3_1780,101269229#9,577223393#0
3_1781,101269229#9,577223393#2
3_1782,101269229#9,577223395
3_1783,101269229#9,577230016#2
3_1784,101269230#1,-110540722#0
3_1785,101269230#1,-1213551188#0
3_1786,101269230#1,-1213551191
3_1787,101269230#1,-128617369
3_1788,101269230#1,-128617374
3_1789,101269230#1,-128619666
3_1790,101269230#1,-151503392
3_1791,101269230#1,-151505951
3_1792,101269230#1,-173680979#2
3_1793,101269230#1,-202332915
3_1794,101269230#1,-202332917
3_1795,101269230#1,-223996981#0
3_1796,101269230#1,-25654991#0
3_1797,101269230#1,-31785293
3_1798,101269230#1,-380823372
3_1799,101269230#1,-431858308
3_1800,101269230#1,-48563893#0
3_1801,101269230#1,-50077954
3_1802,101269230#1,-50370685
3_1803,101269230#1,-50835389
3_1804,101269230#1,-577230015
3_1805,101269230#1,-577230016#0
3_1806,101269230#1,-794480008
3_1807,101269230#1,-93814018#0
3_1808,101269230#1,-95637907
3_1809,101269230#1,108634758#0
3_1810,101269230#1,110540729#3
3_1811,101269230#1,110540747#1
3_1812,101269230#1,1157760112#1
3_1813,101269230#1,1157760112#1-AddedOffRampEdge
3_1814,101269230#1,1157760112#1-AddedOnRampEdge
3_1815,101269230#1,1158669976
3_1816,101269230#1,1177928034#2
3_1817,101269230#1,1177928034#4
3_1818,101269230#1,1177928034#6
3_1819,101269230#1,1177928034#7
3_1820,101269230#1,1177928034#9
3_1821,101269230#1,1207872176
3_1822,101269230#1,1211804126
3_1823,101269230#1,1213551187#2
3_1824,101269230#1,1213551192
3_1825,101269230#1,1223054104#0
3_1826,101269230#1,1223054104#2
3_1827,101269230#1,1238851923#2
3_1828,101269230#1,1238851927#1
3_1829,101269230#1,128617366#1
3_1830,101269230#1,128617367
3_1831,101269230#1,128619665#0
3_1832,101269230#1,129120200
3_1833,101269230#1,129127803#6
3_1834,101269230#1,131752095#4
3_1835,101269230#1,147961515
3_1836,101269230#1,159344785#0
3_1837,101269230#1,159344785#2
3_1838,101269230#1,25749210
3_1839,101269230#1,25817392#11
3_1840,101269230#1,25817411
3_1841,101269230#1,25817423#3
3_1842,101269230#1,25819177#2
3_1843,101269230#1,25838188#0
3_1844,101269230#1,25838210#1
3_1845,101269230#1,27237138
3_1846,101269230#1,28921528#2
3_1847,101269230#1,30672980#6
3_1848,101269230#1,30673027
3_1849,101269230#1,31785294
3_1850,101269230#1,416563917#2
3_1851,101269230#1,431858310
3_1852,101269230#1,48563893#0
3_1853,101269230#1,48563895#1
3_1854,101269230#1,48563895#5
3_1855,101269230#1,559456673#1
3_1856,101269230#1,559456673#3
3_1857,101269230#1,559456673#4
3_1858,101269230#1,559495119#0
3_1859,101269230#1,559495119#2
3_1860,101269230#1,559495119#4
3_1861,101269230#1,559495121#3
3_1862,101269230#1,559495121#6
3_1863,101269230#1,559495121#9
3_1864,101269230#1,577223388
3_1865,101269230#1,577223393#0
3_1866,101269230#1,577223393#2
3_1867,101269230#1,577223395
3_1868,101269230#1,577230016#2
3_1869,108634758#2,-110540722#0
3_1870,108634758#2,-1213551188#0
3_1871,108634758#2,-1213551191
3_1872,108634758#2,-128617369
3_1873,108634758#2,-128617374
3_1874,108634758#2,-128619666
3_1875,108634758#2,-151503392
3_1876,108634758#2,-151505951
3_1877,108634758#2,-173680979#2
3_1878,108634758#2,-202332915
3_1879,108634758#2,-202332917
3_1880,108634758#2,-223996981#0
3_1881,108634758#2,-25654991#0
3_1882,108634758#2,-31785293
3_1883,108634758#2,-380823372
3_1884,108634758#2,-431858308
3_1885,108634758#2,-48563893#0
3_1886,108634758#2,-50077954
3_1887,108634758#2,-50370685
3_1888,108634758#2,-50835389
3_1889,108634758#2,-577230015
3_1890,108634758#2,-577230016#0
3_1891,108634758#2,-794480008
3_1892,108634758#2,-93814018#0
3_1893,108634758#2,-95637907
3_1894,108634758#2,108634758#0
3_1895,108634758#2,110540729#3
3_1896,108634758#2,110540747#1
3_1897,108634758#2,1157760112#1
3_1898,108634758#2,1157760112#1-AddedOffRampEdge
3_1899,108634758#2,1157760112#1-AddedOnRampEdge
3_1900,108634758#2,1158669976
3_1901,108634758#2,1177928034#2
3_1902,108634758#2,1177928034#4
3_1903,108634758#2,1177928034#6
3_1904,108634758#2,1177928034#7
3_1905,108634758#2,1177928034#9
3_1906,108634758#2,1207872176
3_1907,108634758#2,1211804126
3_1908,108634758#2,1213551187#2
3_1909,108634758#2,1213551192
3_1910,108634758#2,1223054104#0
3_1911,108634758#2,1223054104#2
3_1912,108634758#2,1238851923#2
3_1913,108634758#2,1238851927#1
3_1914,108634758#2,128617366#1
3_1915,108634758#2,128617367
3_1916,108634758#2,128619665#0
3_1917,108634758#2,129120200
3_1918,108634758#2,129127803#6
3_1919,108634758#2,131752095#4
3_1920,108634758#2,147961515
3_1921,108634758#2,159344785#0
3_1922,108634758#2,159344785#2
3_1923,108634758#2,25749210
3_1924,108634758#2,25817392#11
3_1925,108634758#2,25817411
3_1926,108634758#2,25817423#3
3_1927,108634758#2,25819177#2
3_1928,108634758#2,25838188#0
3_1929,108634758#2,25838210#1
3_1930,108634758#2,27237138
3_1931,108634758#2,28921528#2
3_1932,108634758#2,30672980#6
3_1933,108634758#2,30673027
3_1934,108634758#2,31785294
3_1935,108634758#2,416563917#2
3_1936,108634758#2,431858310
3_1937,108634758#2,48563893#0
3_1938,108634758#2,48563895#1
3_1939,108634758#2,48563895#5
3_1940,108634758#2,559456673#1
3_1941,108634758#2,559456673#3
3_1942,108634758#2,559456673#4
3_1943,108634758#2,559495119#0
3_1944,108634758#2,559495119#2
3_1945,108634758#2,559495119#4
3_1946,108634758#2,559495121#3
3_1947,108634758#2,559495121#6
3_1948,108634758#2,559495121#9
3_1949,108634758#2,577223388
3_1950,108634758#2,577223393#0
3_1951,108634758#2,577223393#2
3_1952,108634758#2,577223395
3_1953,108634758#2,577230016#2
3_1954,108634758#3,-110540722#0
3_1955,108634758#3,-1213551188#0
3_1956,108634758#3,-1213551191
3_1957,108634758#3,-128617369
3_1958,108634758#3,-128617374
3_1959,108634758#3,-128619666
3_1960,108634758#3,-151503392
3_1961,108634758#3,-151505951
3_1962,108634758#3,-173680979#2
3_1963,108634758#3,-202332915
3_1964,108634758#3,-202332917
3_1965,108634758#3,-223996981#0
3_1966,108634758#3,-25654991#0
3_1967,108634758#3,-31785293
3_1968,108634758#3,-380823372
3_1969,108634758#3,-431858308
3_1970,108634758#3,-48563893#0
3_1971,108634758#3,-50077954
3_1972,108634758#3,-50370685
3_1973,108634758#3,-50835389
3_1974,108634758#3,-577230015
3_1975,108634758#3,-577230016#0
3_1976,108634758#3,-794480008
3_1977,108634758#3,-93814018#0
3_1978,108634758#3,-95637907
3_1979,108634758#3,108634758#0
3_1980,108634758#3,110540729#3
3_1981,108634758#3,110540747#1
3_1982,108634758#3,1157760112#1
3_1983,108634758#3,1157760112#1-AddedOffRampEdge
3_1984,108634758#3,1157760112#1-AddedOnRampEdge
3_1985,108634758#3,1158669976
3_1986,108634758#3,1177928034#2
3_1987,108634758#3,1177928034#4
3_1988,108634758#3,1177928034#6
3_1989,108634758#3,1177928034#7
3_1990,108634758#3,1177928034#9
3_1991,108634758#3,1207872176
3_1992,108634758#3,1211804126
3_1993,108634758#3,1213551187#2
3_1994,108634758#3,1213551192
3_1995,108634758#3,1223054104#0
3_1996,108634758#3,1223054104#2
3_1997,108634758#3,1238851923#2
3_1998,108634758#3,1238851927#1
3_1999,108634758#3,128617366#1
3_2000,108634758#3,128617367
3_2001,108634758#3,128619665#0
3_2002,108634758#3,129120200
3_2003,108634758#3,129127803#6
3_2004,108634758#3,131752095#4
3_2005,108634758#3,147961515
3_2006,108634758#3,159344785#0
3_2007,108634758#3,159344785#2
3_2008,108634758#3,25749210
3_2009,108634758#3,25817392#11
3_2010,108634758#3,25817411
3_2011,108634758#3,25817423#3
3_2012,108634758#3,25819177#2
3_2013,108634758#3,25838188#0
3_2014,108634758#3,25838210#1
3_2015,108634758#3,27237138
3_2016,108634758#3,28921528#2
3_2017,108634758#3,30672980#6
3_2018,108634758#3,30673027
3_2019,108634758#3,31785294
3_2020,108634758#3,416563917#2
3_2021,108634758#3,431858310
3_2022,108634758#3,48563893#0
3_2023,108634758#3,48563895#1
3_2024,108634758#3,48563895#5
3_2025,108634758#3,559456673#1
3_2026,108634758#3,559456673#3
3_2027,108634758#3,559456673#4
3_2028,108634758#3,559495119#0
3_2029,108634758#3,559495119#2
3_2030,108634758#3,559495119#4
3_2031,108634758#3,559495121#3
3_2032,108634758#3,559495121#6
3_2033,108634758#3,559495121#9
3_2034,108634758#3,577223388
3_2035,108634758#3,577223393#0
3_2036,108634758#3,577223393#2
3_2037,108634758#3,577223395
3_2038,108634758#3,577230016#2
3_2039,110540707,-110540722#0
3_2040,110540707,-1213551188#0
3_2041,110540707,-1213551191
3_2042,110540707,-128617369
3_2043,110540707,-128617374
3_2044,110540707,-128619666
3_2045,110540707,-151503392
3_2046,110540707,-151505951
3_2047,110540707,-173680979#2
3_2048,110540707,-202332915
3_2049,110540707,-202332917
3_2050,110540707,-223996981#0
3_2051,110540707,-25654991#0
3_2052,110540707,-31785293
3_2053,110540707,-380823372
3_2054,110540707,-431858308
3_2055,110540707,-48563893#0
3_2056,110540707,-50077954
3_2057,110540707,-50370685
3_2058,110540707,-50835389
3_2059,110540707,-577230015
3_2060,110540707,-577230016#0
3_2061,110540707,-794480008
3_2062,110540707,-93814018#0
3_2063,110540707,-95637907
3_2064,110540707,108634758#0
3_2065,110540707,110540729#3
3_2066,110540707,110540747#1
3_2067,110540707,1157760112#1
3_2068,110540707,1157760112#1-AddedOffRampEdge
3_2069,110540707,1157760112#1-AddedOnRampEdge
3_2070,110540707,1158669976
3_2071,110540707,1177928034#2
3_2072,110540707,1177928034#4
3_2073,110540707,1177928034#6
3_2074,110540707,1177928034#7
3_2075,110540707,1177928034#9
3_2076,110540707,1207872176
3_2077,110540707,1211804126
3_2078,110540707,1213551187#2
3_2079,110540707,1213551192
3_2080,110540707,1223054104#0
3_2081,110540707,1223054104#2
3_2082,110540707,1238851923#2
3_2083,110540707,1238851927#1
3_2084,110540707,128617366#1
3_2085,110540707,128617367
3_2086,110540707,128619665#0
3_2087,110540707,129120200
3_2088,110540707,129127803#6
3_2089,110540707,131752095#4
3_2090,110540707,147961515
3_2091,110540707,159344785#0
3_2092,110540707,159344785#2
3_2093,110540707,25749210
3_2094,110540707,25817392#11
3_2095,110540707,25817411
3_2096,110540707,25817423#3
3_2097,110540707,25819177#2
3_2098,110540707,25838188#0
3_2099,110540707,25838210#1
3_2100,110540707,27237138
3_2101,110540707,28921528#2
3_2102,110540707,30672980#6
3_2103,110540707,30673027
3_2104,110540707,31785294
3_2105,110540707,416563917#2
3_2106,110540707,431858310
3_2107,110540707,48563893#0
3_2108,110540707,48563895#1
3_2109,110540707,48563895#5
3_2110,110540707,559456673#1
3_2111,110540707,559456673#3
3_2112,110540707,559456673#4
3_2113,110540707,559495119#0
3_2114,110540707,559495119#2
3_2115,110540707,559495119#4
3_2116,110540707,559495121#3
3_2117,110540707,559495121#6
3_2118,110540707,559495121#9
3_2119,110540707,577223388
3_2120,110540707,577223393#0
3_2121,110540707,577223393#2
3_2122,110540707,577223395
3_2123,110540707,577230016#2
3_2124,110540722#0,-110540722#0
3_2125,110540722#0,-1213551188#0
3_2126,110540722#0,-1213551191
3_2127,110540722#0,-128617369
3_2128,110540722#0,-128617374
3_2129,110540722#0,-128619666
3_2130,110540722#0,-151503392
3_2131,110540722#0,-151505951
3_2132,110540722#0,-173680979#2
3_2133,110540722#0,-202332915
3_2134,110540722#0,-202332917
3_2135,110540722#0,-223996981#0
3_2136,110540722#0,-25654991#0
3_2137,110540722#0,-31785293
3_2138,110540722#0,-380823372
3_2139,110540722#0,-431858308
3_2140,110540722#0,-48563893#0
3_2141,110540722#0,-50077954
3_2142,110540722#0,-50370685
3_2143,110540722#0,-50835389
3_2144,110540722#0,-577230015
3_2145,110540722#0,-577230016#0
3_2146,110540722#0,-794480008
3_2147,110540722#0,-93814018#0
3_2148,110540722#0,-95637907
3_2149,110540722#0,108634758#0
3_2150,110540722#0,110540729#3
3_2151,110540722#0,110540747#1
3_2152,110540722#0,1157760112#1
3_2153,110540722#0,1157760112#1-AddedOffRampEdge
3_2154,110540722#0,1157760112#1-AddedOnRampEdge
3_2155,110540722#0,1158669976
3_2156,110540722#0,1177928034#2
3_2157,110540722#0,1177928034#4
3_2158,110540722#0,1177928034#6
3_2159,110540722#0,1177928034#7
3_2160,110540722#0,1177928034#9
3_2161,110540722#0,1207872176
3_2162,110540722#0,1211804126
3_2163,110540722#0,1213551187#2
3_2164,110540722#0,1213551192
3_2165,110540722#0,1223054104#0
3_2166,110540722#0,1223054104#2
3_2167,110540722#0,1238851923#2
3_2168,110540722#0,1238851927#1
3_2169,110540722#0,128617366#1
3_2170,110540722#0,128617367
3_2171,110540722#0,128619665#0
3_2172,110540722#0,129120200
3_2173,110540722#0,129127803#6
3_2174,110540722#0,131752095#4
3_2175,110540722#0,147961515
3_2176,110540722#0,159344785#0
3_2177,110540722#0,159344785#2
3_2178,110540722#0,25749210
3_2179,110540722#0,25817392#11
3_2180,110540722#0,25817411
3_2181,110540722#0,25817423#3
3_2182,110540722#0,25819177#2
3_2183,110540722#0,25838188#0
3_2184,110540722#0,25838210#1
3_2185,110540722#0,27237138
3_2186,110540722#0,28921528#2
3_2187,110540722#0,30672980#6
3_2188,110540722#0,30673027
3_2189,110540722#0,31785294
3_2190,110540722#0,416563917#2
3_2191,110540722#0,431858310
3_2192,110540722#0,48563893#0
3_2193,110540722#0,48563895#1
3_2194,110540722#0,48563895#5
3_2195,110540722#0,559456673#1
3_2196,110540722#0,559456673#3
3_2197,110540722#0,559456673#4
3_2198,110540722#0,559495119#0
3_2199,110540722#0,559495119#2
3_2200,110540722#0,559495119#4
3_2201,110540722#0,559495121#3
3_2202,110540722#0,559495121#6
3_2203,110540722#0,559495121#9
3_2204,110540722#0,577223388
3_2205,110540722#0,577223393#0
3_2206,110540722#0,577223393#2
3_2207,110540722#0,577223395
3_2208,110540722#0,577230016#2
3_2209,1146088387#0,-110540722#0
3_2210,1146088387#0,-1213551188#0
3_2211,1146088387#0,-1213551191
3_2212,1146088387#0,-128617369
3_2213,1146088387#0,-128617374
3_2214,1146088387#0,-128619666
3_2215,1146088387#0,-151503392
3_2216,1146088387#0,-151505951
3_2217,1146088387#0,-173680979#2
3_2218,1146088387#0,-202332915
3_2219,1146088387#0,-202332917
3_2220,1146088387#0,-223996981#0
3_2221,1146088387#0,-25654991#0
3_2222,1146088387#0,-31785293
3_2223,1146088387#0,-380823372
3_2224,1146088387#0,-431858308
3_2225,1146088387#0,-48563893#0
3_2226,1146088387#0,-50077954
3_2227,1146088387#0,-50370685
3_2228,1146088387#0,-50835389
3_2229,1146088387#0,-577230015
3_2230,1146088387#0,-577230016#0
3_2231,1146088387#0,-794480008
3_2232,1146088387#0,-93814018#0
3_2233,1146088387#0,-95637907
3_2234,1146088387#0,108634758#0
3_2235,1146088387#0,110540729#3
3_2236,1146088387#0,110540747#1
3_2237,1146088387#0,1157760112#1
3_2238,1146088387#0,1157760112#1-AddedOffRampEdge
3_2239,1146088387#0,1157760112#1-AddedOnRampEdge
3_2240,1146088387#0,1158669976
3_2241,1146088387#0,1177928034#2
3_2242,1146088387#0,1177928034#4
3_2243,1146088387#0,1177928034#6
3_2244,1146088387#0,1177928034#7
3_2245,1146088387#0,1177928034#9
3_2246,1146088387#0,1207872176
3_2247,1146088387#0,1211804126
3_2248,1146088387#0,1213551187#2
3_2249,1146088387#0,1213551192
3_2250,1146088387#0,1223054104#0
3_2251,1146088387#0,1223054104#2
3_2252,1146088387#0,1238851923#2
3_2253,1146088387#0,1238851927#1
3_2254,1146088387#0,128617366#1
3_2255,1146088387#0,128617367
3_2256,1146088387#0,128619665#0
3_2257,1146088387#0,129120200
3_2258,1146088387#0,129127803#6
3_2259,1146088387#0,131752095#4
3_2260,1146088387#0,147961515
3_2261,1146088387#0,159344785#0
3_2262,1146088387#0,159344785#2
3_2263,1146088387#0,25749210
3_2264,1146088387#0,25817392#11
3_2265,1146088387#0,25817411
3_2266,1146088387#0,25817423#3
3_2267,1146088387#0,25819177#2
3_2268,1146088387#0,25838188#0
3_2269,1146088387#0,25838210#1
3_2270,1146088387#0,27237138
3_2271,1146088387#0,28921528#2
3_2272,1146088387#0,30672980#6
3_2273,1146088387#0,30673027
3_2274,1146088387#0,31785294
3_2275,1146088387#0,416563917#2
3_2276,1146088387#0,431858310
3_2277,1146088387#0,48563893#0
3_2278,1146088387#0,48563895#1
3_2279,1146088387#0,48563895#5
3_2280,1146088387#0,559456673#1
3_2281,1146088387#0,559456673#3
3_2282,1146088387#0,559456673#4
3_2283,1146088387#0,559495119#0
3_2284,1146088387#0,559495119#2
3_2285,1146088387#0,559495119#4
3_2286,1146088387#0,559495121#3
3_2287,1146088387#0,559495121#6
3_2288,1146088387#0,559495121#9
3_2289,1146088387#0,577223388
3_2290,1146088387#0,577223393#0
3_2291,1146088387#0,577223393#2
3_2292,1146088387#0,577223395
3_2293,1146088387#0,577230016#2
3_2294,114953463#0,-110540722#0
3_2295,114953463#0,-1213551188#0
3_2296,114953463#0,-1213551191
3_2297,114953463#0,-128617369
3_2298,114953463#0,-128617374
3_2299,114953463#0,-128619666
3_2300,114953463#0,-151503392
3_2301,114953463#0,-151505951
3_2302,114953463#0,-173680979#2
3_2303,114953463#0,-202332915
3_2304,114953463#0,-202332917
3_2305,114953463#0,-223996981#0
3_2306,114953463#0,-25654991#0
3_2307,114953463#0,-31785293
3_2308,114953463#0,-380823372
3_2309,114953463#0,-431858308
3_2310,114953463#0,-48563893#0
3_2311,114953463#0,-50077954
3_2312,114953463#0,-50370685
3_2313,114953463#0,-50835389
3_2314,114953463#0,-577230015
3_2315,114953463#0,-577230016#0
3_2316,114953463#0,-794480008
3_2317,114953463#0,-93814018#0
3_2318,114953463#0,-95637907
3_2319,114953463#0,108634758#0
3_2320,114953463#0,110540729#3
3_2321,114953463#0,110540747#1
3_2322,114953463#0,1157760112#1
3_2323,114953463#0,1157760112#1-AddedOffRampEdge
3_2324,114953463#0,1157760112#1-AddedOnRampEdge
3_2325,114953463#0,1158669976
3_2326,114953463#0,1177928034#2
3_2327,114953463#0,1177928034#4
3_2328,114953463#0,1177928034#6
3_2329,114953463#0,1177928034#7
3_2330,114953463#0,1177928034#9
3_2331,114953463#0,1207872176
3_2332,114953463#0,1211804126
3_2333,114953463#0,1213551187#2
3_2334,114953463#0,1213551192
3_2335,114953463#0,1223054104#0
3_2336,114953463#0,1223054104#2
3_2337,114953463#0,1238851923#2
3_2338,114953463#0,1238851927#1
3_2339,114953463#0,128617366#1
3_2340,114953463#0,128617367
3_2341,114953463#0,128619665#0
3_2342,114953463#0,129120200
3_2343,114953463#0,129127803#6
3_2344,114953463#0,131752095#4
3_2345,114953463#0,147961515
3_2346,114953463#0,159344785#0
3_2347,114953463#0,159344785#2
3_2348,114953463#0,25749210
3_2349,114953463#0,25817392#11
3_2350,114953463#0,25817411
3_2351,114953463#0,25817423#3
3_2352,114953463#0,25819177#2
3_2353,114953463#0,25838188#0
3_2354,114953463#0,25838210#1
3_2355,114953463#0,27237138
3_2356,114953463#0,28921528#2
3_2357,114953463#0,30672980#6
3_2358,114953463#0,30673027
3_2359,114953463#0,31785294
3_2360,114953463#0,416563917#2
3_2361,114953463#0,431858310
3_2362,114953463#0,48563893#0
3_2363,114953463#0,48563895#1
3_2364,114953463#0,48563895#5
3_2365,114953463#0,559456673#1
3_2366,114953463#0,559456673#3
3_2367,114953463#0,559456673#4
3_2368,114953463#0,559495119#0
3_2369,114953463#0,559495119#2
3_2370,114953463#0,559495119#4
3_2371,114953463#0,559495121#3
3_2372,114953463#0,559495121#6
3_2373,114953463#0,559495121#9
3_2374,114953463#0,577223388
3_2375,114953463#0,577223393#0
3_2376,114953463#0,577223393#2
3_2377,114953463#0,577223395
3_2378,114953463#0,577230016#2
3_2379,114953468,-110540722#0
3_2380,114953468,-1213551188#0
3_2381,114953468,-1213551191
3_2382,114953468,-128617369
3_2383,114953468,-128617374
3_2384,114953468,-128619666
3_2385,114953468,-151503392
3_2386,114953468,-151505951
3_2387,114953468,-173680979#2
3_2388,114953468,-202332915
3_2389,114953468,-202332917
3_2390,114953468,-223996981#0
3_2391,114953468,-25654991#0
3_2392,114953468,-31785293
3_2393,114953468,-380823372
3_2394,114953468,-431858308
3_2395,114953468,-48563893#0
3_2396,114953468,-50077954
3_2397,114953468,-50370685
3_2398,114953468,-50835389
3_2399,114953468,-577230015
3_2400,114953468,-577230016#0
3_2401,114953468,-794480008
3_2402,114953468,-93814018#0
3_2403,114953468,-95637907
3_2404,114953468,108634758#0
3_2405,114953468,110540729#3
3_2406,114953468,110540747#1
3_2407,114953468,1146088387#0
3_2408,114953468,1157760112#1
3_2409,114953468,1157760112#1-AddedOffRampEdge
3_2410,114953468,1157760112#1-AddedOnRampEdge
3_2411,114953468,1158669976
3_2412,114953468,1177928034#2
3_2413,114953468,1177928034#4
3_2414,114953468,1177928034#6
3_2415,114953468,1177928034#7
3_2416,114953468,1177928034#9
3_2417,114953468,1207872176
3_2418,114953468,1211804126
3_2419,114953468,1213551187#2
3_2420,114953468,1213551192
3_2421,114953468,1223054104#0
3_2422,114953468,1223054104#2
3_2423,114953468,1238851923#2
3_2424,114953468,1238851927#1
3_2425,114953468,128617366#1
3_2426,114953468,128617367
3_2427,114953468,128619665#0
3_2428,114953468,129120200
3_2429,114953468,129127803#6
3_2430,114953468,131752095#4
3_2431,114953468,147961515
3_2432,114953468,159344785#0
3_2433,114953468,159344785#2
3_2434,114953468,25749210
3_2435,114953468,25817392#11
3_2436,114953468,25817411
3_2437,114953468,25817423#3
3_2438,114953468,25819177#2
3_2439,114953468,25838188#0
3_2440,114953468,25838210#1
3_2441,114953468,27237138
3_2442,114953468,28921528#2
3_2443,114953468,30672817#1
3_2444,114953468,30672817#1-AddedOnRampEdge
3_2445,114953468,30672817#3
3_2446,114953468,30672980#6
3_2447,114953468,30673027
3_2448,114953468,31785294
3_2449,114953468,416563917#2
3_2450,114953468,431858310
3_2451,114953468,48563893#0
3_2452,114953468,48563895#1
3_2453,114953468,48563895#5
3_2454,114953468,559456673#1
3_2455,114953468,559456673#3
3_2456,114953468,559456673#4
3_2457,114953468,559495119#0
3_2458,114953468,559495119#2
3_2459,114953468,559495119#4
3_2460,114953468,559495121#3
3_2461,114953468,559495121#6
3_2462,114953468,559495121#9
3_2463,114953468,577223388
3_2464,114953468,577223393#0
3_2465,114953468,577223393#2
3_2466,114953468,577223395
3_2467,114953468,577230016#2
3_2468,1157760112#1,-110540722#0
3_2469,1157760112#1,-1213551188#0
3_2470,1157760112#1,-1213551191
3_2471,1157760112#1,-128617369
3_2472,1157760112#1,-128617374
3_2473,1157760112#1,-128619666
3_2474,1157760112#1,-151503392
3_2475,1157760112#1,-151505951
3_2476,1157760112#1,-173680979#2
3_2477,1157760112#1,-202332915
3_2478,1157760112#1,-202332917
3_2479,1157760112#1,-223996981#0
3_2480,1157760112#1,-25654991#0
3_2481,1157760112#1,-31785293
3_2482,1157760112#1,-380823372
3_2483,1157760112#1,-431858308
3_2484,1157760112#1,-48563893#0
3_2485,1157760112#1,-50077954
3_2486,1157760112#1,-50370685
3_2487,1157760112#1,-50835389
3_2488,1157760112#1,-577230015
3_2489,1157760112#1,-577230016#0
3_2490,1157760112#1,-794480008
3_2491,1157760112#1,-93814018#0
3_2492,1157760112#1,-95637907
3_2493,1157760112#1,108634758#0
3_2494,1157760112#1,110540729#3
3_2495,1157760112#1,110540747#1
3_2496,1157760112#1,1157760112#1-AddedOffRampEdge
3_2497,1157760112#1,1157760112#1-AddedOnRampEdge
3_2498,1157760112#1,1158669976
3_2499,1157760112#1,1177928034#2
3_2500,1157760112#1,1177928034#4
3_2501,1157760112#1,1177928034#6
3_2502,1157760112#1,1177928034#7
3_2503,1157760112#1,1177928034#9
3_2504,1157760112#1,1207872176
3_2505,1157760112#1,1211804126
3_2506,1157760112#1,1213551187#2
3_2507,1157760112#1,1213551192
3_2508,1157760112#1,1223054104#0
3_2509,1157760112#1,1223054104#2
3_2510,1157760112#1,1238851923#2
3_2511,1157760112#1,1238851927#1
3_2512,1157760112#1,128617366#1
3_2513,1157760112#1,128617367
3_2514,1157760112#1,128619665#0
3_2515,1157760112#1,129120200
3_2516,1157760112#1,129127803#6
3_2517,1157760112#1,131752095#4
3_2518,1157760112#1,147961515
3_2519,1157760112#1,159344785#0
3_2520,1157760112#1,159344785#2
3_2521,1157760112#1,25749210
3_2522,1157760112#1,25817392#11
3_2523,1157760112#1,25817411
3_2524,1157760112#1,25817423#3
3_2525,1157760112#1,25819177#2
3_2526,1157760112#1,25838188#0
3_2527,1157760112#1,25838210#1
3_2528,1157760112#1,27237138
3_2529,1157760112#1,28921528#2
3_2530,1157760112#1,30672980#6
3_2531,1157760112#1,30673027
3_2532,1157760112#1,31785294
3_2533,1157760112#1,416563917#2
3_2534,1157760112#1,431858310
3_2535,1157760112#1,48563893#0
3_2536,1157760112#1,48563895#1
3_2537,1157760112#1,48563895#5
3_2538,1157760112#1,559456673#1
3_2539,1157760112#1,559456673#3
3_2540,1157760112#1,559456673#4
3_2541,1157760112#1,559495119#0
3_2542,1157760112#1,559495119#2
3_2543,1157760112#1,559495119#4
3_2544,1157760112#1,559495121#3
3_2545,1157760112#1,559495121#6
3_2546,1157760112#1,559495121#9
3_2547,1157760112#1,577223388
3_2548,1157760112#1,577223393#0
3_2549,1157760112#1,577223393#2
3_2550,1157760112#1,577223395
3_2551,1157760112#1,577230016#2
3_2552,1157760112#1-AddedOffRampEdge,-110540722#0
3_2553,1157760112#1-AddedOffRampEdge,-1213551188#0
3_2554,1157760112#1-AddedOffRampEdge,-1213551191
3_2555,1157760112#1-AddedOffRampEdge,-128617369
3_2556,1157760112#1-AddedOffRampEdge,-128617374
3_2557,1157760112#1-AddedOffRampEdge,-128619666
3_2558,1157760112#1-AddedOffRampEdge,-151503392
3_2559,1157760112#1-AddedOffRampEdge,-151505951
3_2560,1157760112#1-AddedOffRampEdge,-173680979#2
3_2561,1157760112#1-AddedOffRampEdge,-202332915
3_2562,1157760112#1-AddedOffRampEdge,-202332917
3_2563,1157760112#1-AddedOffRampEdge,-223996981#0
3_2564,1157760112#1-AddedOffRampEdge,-25654991#0
3_2565,1157760112#1-AddedOffRampEdge,-31785293
3_2566,1157760112#1-AddedOffRampEdge,-380823372
3_2567,1157760112#1-AddedOffRampEdge,-431858308
3_2568,1157760112#1-AddedOffRampEdge,-48563893#0
3_2569,1157760112#1-AddedOffRampEdge,-50077954
3_2570,1157760112#1-AddedOffRampEdge,-50370685
3_2571,1157760112#1-AddedOffRampEdge,-50835389
3_2572,1157760112#1-AddedOffRampEdge,-577230015
3_2573,1157760112#1-AddedOffRampEdge,-577230016#0
3_2574,1157760112#1-AddedOffRampEdge,-794480008
3_2575,1157760112#1-AddedOffRampEdge,-93814018#0
3_2576,1157760112#1-AddedOffRampEdge,-95637907
3_2577,1157760112#1-AddedOffRampEdge,108634758#0
3_2578,1157760112#1-AddedOffRampEdge,110540729#3
3_2579,1157760112#1-AddedOffRampEdge,110540747#1
3_2580,1157760112#1-AddedOffRampEdge,1157760112#1
3_2581,1157760112#1-AddedOffRampEdge,1157760112#1-AddedOnRampEdge
3_2582,1157760112#1-AddedOffRampEdge,1158669976
3_2583,1157760112#1-AddedOffRampEdge,1177928034#2
3_2584,1157760112#1-AddedOffRampEdge,1177928034#4
3_2585,1157760112#1-AddedOffRampEdge,1177928034#6
3_2586,1157760112#1-AddedOffRampEdge,1177928034#7
3_2587,1157760112#1-AddedOffRampEdge,1177928034#9
3_2588,1157760112#1-AddedOffRampEdge,1207872176
3_2589,1157760112#1-AddedOffRampEdge,1211804126
3_2590,1157760112#1-AddedOffRampEdge,1213551187#2
3_2591,1157760112#1-AddedOffRampEdge,1213551192
3_2592,1157760112#1-AddedOffRampEdge,1223054104#0
3_2593,1157760112#1-AddedOffRampEdge,1223054104#2
3_2594,1157760112#1-AddedOffRampEdge,1238851923#2
3_2595,1157760112#1-AddedOffRampEdge,1238851927#1
3_2596,1157760112#1-AddedOffRampEdge,128617366#1
3_2597,1157760112#1-AddedOffRampEdge,128617367
3_2598,1157760112#1-AddedOffRampEdge,128619665#0
3_2599,1157760112#1-AddedOffRampEdge,129120200
3_2600,1157760112#1-AddedOffRampEdge,129127803#6
3_2601,1157760112#1-AddedOffRampEdge,131752095#4
3_2602,1157760112#1-AddedOffRampEdge,147961515
3_2603,1157760112#1-AddedOffRampEdge,159344785#0
3_2604,1157760112#1-AddedOffRampEdge,159344785#2
3_2605,1157760112#1-AddedOffRampEdge,25749210
3_2606,1157760112#1-AddedOffRampEdge,25817392#11
3_2607,1157760112#1-AddedOffRampEdge,25817411
3_2608,1157760112#1-AddedOffRampEdge,25817423#3
3_2609,1157760112#1-AddedOffRampEdge,25819177#2
3_2610,1157760112#1-AddedOffRampEdge,25838188#0
3_2611,1157760112#1-AddedOffRampEdge,25838210#1
3_2612,1157760112#1-AddedOffRampEdge,27237138
3_2613,1157760112#1-AddedOffRampEdge,28921528#2
3_2614,1157760112#1-AddedOffRampEdge,30672980#6
3_2615,1157760112#1-AddedOffRampEdge,30673027
3_2616,1157760112#1-AddedOffRampEdge,31785294
3_2617,1157760112#1-AddedOffRampEdge,416563917#2
3_2618,1157760112#1-AddedOffRampEdge,431858310
3_2619,1157760112#1-AddedOffRampEdge,48563893#0
3_2620,1157760112#1-AddedOffRampEdge,48563895#1
3_2621,1157760112#1-AddedOffRampEdge,48563895#5
3_2622,1157760112#1-AddedOffRampEdge,559456673#1
3_2623,1157760112#1-AddedOffRampEdge,559456673#3
3_2624,1157760112#1-AddedOffRampEdge,559456673#4
3_2625,1157760112#1-AddedOffRampEdge,559495119#0
3_2626,1157760112#1-AddedOffRampEdge,559495119#2
3_2627,1157760112#1-AddedOffRampEdge,559495119#4
3_2628,1157760112#1-AddedOffRampEdge,559495121#3
3_2629,1157760112#1-AddedOffRampEdge,559495121#6
3_2630,1157760112#1-AddedOffRampEdge,559495121#9
3_2631,1157760112#1-AddedOffRampEdge,577223388
3_2632,1157760112#1-AddedOffRampEdge,577223393#0
3_2633,1157760112#1-AddedOffRampEdge,577223393#2
3_2634,1157760112#1-AddedOffRampEdge,577223395
3_2635,1157760112#1-AddedOffRampEdge,577230016#2
3_2636,1157760112#1-AddedOnRampEdge,-110540722#0
3_2637,1157760112#1-AddedOnRampEdge,-1213551188#0
3_2638,1157760112#1-AddedOnRampEdge,-1213551191
3_2639,1157760112#1-AddedOnRampEdge,-128617369
3_2640,1157760112#1-AddedOnRampEdge,-128617374
3_2641,1157760112#1-AddedOnRampEdge,-128619666
3_2642,1157760112#1-AddedOnRampEdge,-151503392
3_2643,1157760112#1-AddedOnRampEdge,-151505951
3_2644,1157760112#1-AddedOnRampEdge,-173680979#2
3_2645,1157760112#1-AddedOnRampEdge,-202332915
3_2646,1157760112#1-AddedOnRampEdge,-202332917
3_2647,1157760112#1-AddedOnRampEdge,-223996981#0
3_2648,1157760112#1-AddedOnRampEdge,-25654991#0
3_2649,1157760112#1-AddedOnRampEdge,-31785293
3_2650,1157760112#1-AddedOnRampEdge,-380823372
3_2651,1157760112#1-AddedOnRampEdge,-431858308
3_2652,1157760112#1-AddedOnRampEdge,-48563893#0
3_2653,1157760112#1-AddedOnRampEdge,-50077954
3_2654,1157760112#1-AddedOnRampEdge,-50370685
3_2655,1157760112#1-AddedOnRampEdge,-50835389
3_2656,1157760112#1-AddedOnRampEdge,-577230015
3_2657,1157760112#1-AddedOnRampEdge,-577230016#0
3_2658,1157760112#1-AddedOnRampEdge,-794480008
3_2659,1157760112#1-AddedOnRampEdge,-93814018#0
3_2660,1157760112#1-AddedOnRampEdge,-95637907
3_2661,1157760112#1-AddedOnRampEdge,108634758#0
3_2662,1157760112#1-AddedOnRampEdge,110540729#3
3_2663,1157760112#1-AddedOnRampEdge,110540747#1
3_2664,1157760112#1-AddedOnRampEdge,1157760112#1
3_2665,1157760112#1-AddedOnRampEdge,1157760112#1-AddedOffRampEdge
3_2666,1157760112#1-AddedOnRampEdge,1158669976
3_2667,1157760112#1-AddedOnRampEdge,1177928034#2
3_2668,1157760112#1-AddedOnRampEdge,1177928034#4
3_2669,1157760112#1-AddedOnRampEdge,1177928034#6
3_2670,1157760112#1-AddedOnRampEdge,1177928034#7
3_2671,1157760112#1-AddedOnRampEdge,1177928034#9
3_2672,1157760112#1-AddedOnRampEdge,1207872176
3_2673,1157760112#1-AddedOnRampEdge,1211804126
3_2674,1157760112#1-AddedOnRampEdge,1213551187#2
3_2675,1157760112#1-AddedOnRampEdge,1213551192
3_2676,1157760112#1-AddedOnRampEdge,1223054104#0
3_2677,1157760112#1-AddedOnRampEdge,1223054104#2
3_2678,1157760112#1-AddedOnRampEdge,1238851923#2
3_2679,1157760112#1-AddedOnRampEdge,1238851927#1
3_2680,1157760112#1-AddedOnRampEdge,128617366#1
3_2681,1157760112#1-AddedOnRampEdge,128617367
3_2682,1157760112#1-AddedOnRampEdge,128619665#0
3_2683,1157760112#1-AddedOnRampEdge,129120200
3_2684,1157760112#1-AddedOnRampEdge,129127803#6
3_2685,1157760112#1-AddedOnRampEdge,131752095#4
3_2686,1157760112#1-AddedOnRampEdge,147961515
3_2687,1157760112#1-AddedOnRampEdge,159344785#0
3_2688,1157760112#1-AddedOnRampEdge,159344785#2
3_2689,1157760112#1-AddedOnRampEdge,25749210
3_2690,1157760112#1-AddedOnRampEdge,25817392#11
3_2691,1157760112#1-AddedOnRampEdge,25817411
3_2692,1157760112#1-AddedOnRampEdge,25817423#3
3_2693,1157760112#1-AddedOnRampEdge,25819177#2
3_2694,1157760112#1-AddedOnRampEdge,25838188#0
3_2695,1157760112#1-AddedOnRampEdge,25838210#1
3_2696,1157760112#1-AddedOnRampEdge,27237138
3_2697,1157760112#1-AddedOnRampEdge,28921528#2
3_2698,1157760112#1-AddedOnRampEdge,30672980#6
3_2699,1157760112#1-AddedOnRampEdge,30673027
3_2700,1157760112#1-AddedOnRampEdge,31785294
3_2701,1157760112#1-AddedOnRampEdge,416563917#2
3_2702,1157760112#1-AddedOnRampEdge,431858310
3_2703,1157760112#1-AddedOnRampEdge,48563893#0
3_2704,1157760112#1-AddedOnRampEdge,48563895#1
3_2705,1157760112#1-AddedOnRampEdge,48563895#5
3_2706,1157760112#1-AddedOnRampEdge,559456673#1
3_2707,1157760112#1-AddedOnRampEdge,559456673#3
3_2708,1157760112#1-AddedOnRampEdge,559456673#4
3_2709,1157760112#1-AddedOnRampEdge,559495119#0
3_2710,1157760112#1-AddedOnRampEdge,559495119#2
3_2711,1157760112#1-AddedOnRampEdge,559495119#4
3_2712,1157760112#1-AddedOnRampEdge,559495121#3
3_2713,1157760112#1-AddedOnRampEdge,559495121#6
3_2714,1157760112#1-AddedOnRampEdge,559495121#9
3_2715,1157760112#1-AddedOnRampEdge,577223388
3_2716,1157760112#1-AddedOnRampEdge,577223393#0
3_2717,1157760112#1-AddedOnRampEdge,577223393#2
3_2718,1157760112#1-AddedOnRampEdge,577223395
3_2719,1157760112#1-AddedOnRampEdge,577230016#2
3_2720,1177928034#2,-110540722#0
3_2721,1177928034#2,-1213551188#0
3_2722,1177928034#2,-1213551191
3_2723,1177928034#2,-128617369
3_2724,1177928034#2,-128617374
3_2725,1177928034#2,-128619666
3_2726,1177928034#2,-151503392
3_2727,1177928034#2,-151505951
3_2728,1177928034#2,-173680979#2
3_2729,1177928034#2,-202332915
3_2730,1177928034#2,-202332917
3_2731,1177928034#2,-223996981#0
3_2732,1177928034#2,-25654991#0
3_2733,1177928034#2,-31785293
3_2734,1177928034#2,-380823372
3_2735,1177928034#2,-431858308
3_2736,1177928034#2,-48563893#0
3_2737,1177928034#2,-50077954
3_2738,1177928034#2,-50370685
3_2739,1177928034#2,-50835389
3_2740,1177928034#2,-577230015
3_2741,1177928034#2,-577230016#0
3_2742,1177928034#2,-794480008
3_2743,1177928034#2,-93814018#0
3_2744,1177928034#2,-95637907
3_2745,1177928034#2,108634758#0
3_2746,1177928034#2,110540729#3
3_2747,1177928034#2,110540747#1
3_2748,1177928034#2,1157760112#1
3_2749,1177928034#2,1157760112#1-AddedOffRampEdge
3_2750,1177928034#2,1157760112#1-AddedOnRampEdge
3_2751,1177928034#2,1158669976
3_2752,1177928034#2,1177928034#4
3_2753,1177928034#2,1177928034#6
3_2754,1177928034#2,1177928034#7
3_2755,1177928034#2,1177928034#9
3_2756,1177928034#2,1207872176
3_2757,1177928034#2,1211804126
3_2758,1177928034#2,1213551187#2
3_2759,1177928034#2,1213551192
3_2760,1177928034#2,1223054104#0
3_2761,1177928034#2,1223054104#2
3_2762,1177928034#2,1238851923#2
3_2763,1177928034#2,1238851927#1
3_2764,1177928034#2,128617366#1
3_2765,1177928034#2,128617367
3_2766,1177928034#2,128619665#0
3_2767,1177928034#2,129120200
3_2768,1177928034#2,129127803#6
3_2769,1177928034#2,131752095#4
3_2770,1177928034#2,147961515
3_2771,1177928034#2,159344785#0
3_2772,1177928034#2,159344785#2
3_2773,1177928034#2,25749210
3_2774,1177928034#2,25817392#11
3_2775,1177928034#2,25817411
3_2776,1177928034#2,25817423#3
3_2777,1177928034#2,25819177#2
3_2778,1177928034#2,25838188#0
3_2779,1177928034#2,25838210#1
3_2780,1177928034#2,27237138
3_2781,1177928034#2,28921528#2
3_2782,1177928034#2,30672980#6
3_2783,1177928034#2,30673027
3_2784,1177928034#2,31785294
3_2785,1177928034#2,416563917#2
3_2786,1177928034#2,431858310
3_2787,1177928034#2,48563893#0
3_2788,1177928034#2,48563895#1
3_2789,1177928034#2,48563895#5
3_2790,1177928034#2,559456673#1
3_2791,1177928034#2,559456673#3
3_2792,1177928034#2,559456673#4
3_2793,1177928034#2,559495119#0
3_2794,1177928034#2,559495119#2
3_2795,1177928034#2,559495119#4
3_2796,1177928034#2,559495121#3
3_2797,1177928034#2,559495121#6
3_2798,1177928034#2,559495121#9
3_2799,1177928034#2,577223388
3_2800,1177928034#2,577223393#0
3_2801,1177928034#2,577223393#2
3_2802,1177928034#2,577223395
3_2803,1177928034#2,577230016#2
3_2804,1177928034#4,-110540722#0
3_2805,1177928034#4,-1213551188#0
3_2806,1177928034#4,-1213551191
3_2807,1177928034#4,-128617369
3_2808,1177928034#4,-128617374
3_2809,1177928034#4,-128619666
3_2810,1177928034#4,-151503392
3_2811,1177928034#4,-151505951
3_2812,1177928034#4,-173680979#2
3_2813,1177928034#4,-202332915
3_2814,1177928034#4,-202332917
3_2815,1177928034#4,-223996981#0
3_2816,1177928034#4,-25654991#0
3_2817,1177928034#4,-31785293
3_2818,1177928034#4,-380823372
3_2819,1177928034#4,-431858308
3_2820,1177928034#4,-48563893#0
3_2821,1177928034#4,-50077954
3_2822,1177928034#4,-50370685
3_2823,1177928034#4,-50835389
3_2824,1177928034#4,-577230015
3_2825,1177928034#4,-577230016#0
3_2826,1177928034#4,-794480008
3_2827,1177928034#4,-93814018#0
3_2828,1177928034#4,-95637907
3_2829,1177928034#4,108634758#0
3_2830,1177928034#4,110540729#3
3_2831,1177928034#4,110540747#1
3_2832,1177928034#4,1157760112#1
3_2833,1177928034#4,1157760112#1-AddedOffRampEdge
3_2834,1177928034#4,1157760112#1-AddedOnRampEdge
3_2835,1177928034#4,1158669976
3_2836,1177928034#4,1177928034#2
3_2837,1177928034#4,1177928034#6
3_2838,1177928034#4,1177928034#7
3_2839,1177928034#4,1177928034#9
3_2840,1177928034#4,1207872176
3_2841,1177928034#4,1211804126
3_2842,1177928034#4,1213551187#2
3_2843,1177928034#4,1213551192
3_2844,1177928034#4,1223054104#0
3_2845,1177928034#4,1223054104#2
3_2846,1177928034#4,1238851923#2
3_2847,1177928034#4,1238851927#1
3_2848,1177928034#4,128617366#1
3_2849,1177928034#4,128617367
3_2850,1177928034#4,128619665#0
3_2851,1177928034#4,129120200
3_2852,1177928034#4,129127803#6
3_2853,1177928034#4,131752095#4
3_2854,1177928034#4,147961515
3_2855,1177928034#4,159344785#0
3_2856,1177928034#4,159344785#2
3_2857,1177928034#4,25749210
3_2858,1177928034#4,25817392#11
3_2859,1177928034#4,25817411
3_2860,1177928034#4,25817423#3
3_2861,1177928034#4,25819177#2
3_2862,1177928034#4,25838188#0
3_2863,1177928034#4,25838210#1
3_2864,1177928034#4,27237138
3_2865,1177928034#4,28921528#2
3_2866,1177928034#4,30672980#6
3_2867,1177928034#4,30673027
3_2868,1177928034#4,31785294
3_2869,1177928034#4,416563917#2
3_2870,1177928034#4,431858310
3_2871,1177928034#4,48563893#0
3_2872,1177928034#4,48563895#1
3_2873,1177928034#4,48563895#5
3_2874,1177928034#4,559456673#1
3_2875,1177928034#4,559456673#3
3_2876,1177928034#4,559456673#4
3_2877,1177928034#4,559495119#0
3_2878,1177928034#4,559495119#2
3_2879,1177928034#4,559495119#4
3_2880,1177928034#4,559495121#3
3_2881,1177928034#4,559495121#6
3_2882,1177928034#4,559495121#9
3_2883,1177928034#4,577223388
3_2884,1177928034#4,577223393#0
3_2885,1177928034#4,577223393#2
3_2886,1177928034#4,577223395
3_2887,1177928034#4,577230016#2
3_2888,1177928034#6,-110540722#0
3_2889,1177928034#6,-1213551188#0
3_2890,1177928034#6,-1213551191
3_2891,1177928034#6,-128617369
3_2892,1177928034#6,-128617374
3_2893,1177928034#6,-128619666
3_2894,1177928034#6,-151503392
3_2895,1177928034#6,-151505951
3_2896,1177928034#6,-173680979#2
3_2897,1177928034#6,-202332915
3_2898,1177928034#6,-202332917
3_2899,1177928034#6,-223996981#0
3_2900,1177928034#6,-25654991#0
3_2901,1177928034#6,-31785293
3_2902,1177928034#6,-380823372
3_2903,1177928034#6,-431858308
3_2904,1177928034#6,-48563893#0
3_2905,1177928034#6,-50077954
3_2906,1177928034#6,-50370685
3_2907,1177928034#6,-50835389
3_2908,1177928034#6,-577230015
3_2909,1177928034#6,-577230016#0
3_2910,1177928034#6,-794480008
3_2911,1177928034#6,-93814018#0
3_2912,1177928034#6,-95637907
3_2913,1177928034#6,108634758#0
3_2914,1177928034#6,110540729#3
3_2915,1177928034#6,110540747#1
3_2916,1177928034#6,1157760112#1
3_2917,1177928034#6,1157760112#1-AddedOffRampEdge
3_2918,1177928034#6,1157760112#1-AddedOnRampEdge
3_2919,1177928034#6,1158669976
3_2920,1177928034#6,1177928034#2
3_2921,1177928034#6,1177928034#4
3_2922,1177928034#6,1177928034#7
3_2923,1177928034#6,1177928034#9
3_2924,1177928034#6,1207872176
3_2925,1177928034#6,1211804126
3_2926,1177928034#6,1213551187#2
3_2927,1177928034#6,1213551192
3_2928,1177928034#6,1223054104#0
3_2929,1177928034#6,1223054104#2
3_2930,1177928034#6,1238851923#2
3_2931,1177928034#6,1238851927#1
3_2932,1177928034#6,128617366#1
3_2933,1177928034#6,128617367
3_2934,1177928034#6,128619665#0
3_2935,1177928034#6,129120200
3_2936,1177928034#6,129127803#6
3_2937,1177928034#6,131752095#4
3_2938,1177928034#6,147961515
3_2939,1177928034#6,159344785#0
3_2940,1177928034#6,159344785#2
3_2941,1177928034#6,25749210
3_2942,1177928034#6,25817392#11
3_2943,1177928034#6,25817411
3_2944,1177928034#6,25817423#3
3_2945,1177928034#6,25819177#2
3_2946,1177928034#6,25838188#0
3_2947,1177928034#6,25838210#1
3_2948,1177928034#6,27237138
3_2949,1177928034#6,28921528#2
3_2950,1177928034#6,30672980#6
3_2951,1177928034#6,30673027
3_2952,1177928034#6,31785294
3_2953,1177928034#6,416563917#2
3_2954,1177928034#6,431858310
3_2955,1177928034#6,48563893#0
3_2956,1177928034#6,48563895#1
3_2957,1177928034#6,48563895#5
3_2958,1177928034#6,559456673#1
3_2959,1177928034#6,559456673#3
3_2960,1177928034#6,559456673#4
3_2961,1177928034#6,559495119#0
3_2962,1177928034#6,559495119#2
3_2963,1177928034#6,559495119#4
3_2964,1177928034#6,559495121#3
3_2965,1177928034#6,559495121#6
3_2966,1177928034#6,559495121#9
3_2967,1177928034#6,577223388
3_2968,1177928034#6,577223393#0
3_2969,1177928034#6,577223393#2
3_2970,1177928034#6,577223395
3_2971,1177928034#6,577230016#2
3_2972,1177928034#8,-110540722#0
3_2973,1177928034#8,-1213551188#0
3_2974,1177928034#8,-1213551191
3_2975,1177928034#8,-128617369
3_2976,1177928034#8,-128617374
3_2977,1177928034#8,-128619666
3_2978,1177928034#8,-151503392
3_2979,1177928034#8,-151505951
3_2980,1177928034#8,-173680979#2
3_2981,1177928034#8,-202332915
3_2982,1177928034#8,-202332917
3_2983,1177928034#8,-223996981#0
3_2984,1177928034#8,-25654991#0
3_2985,1177928034#8,-31785293
3_2986,1177928034#8,-380823372
3_2987,1177928034#8,-431858308
3_2988,1177928034#8,-48563893#0
3_2989,1177928034#8,-50077954
3_2990,1177928034#8,-50370685
3_2991,1177928034#8,-50835389
3_2992,1177928034#8,-577230015
3_2993,1177928034#8,-577230016#0
3_2994,1177928034#8,-794480008
3_2995,1177928034#8,-93814018#0
3_2996,1177928034#8,-95637907
3_2997,1177928034#8,108634758#0
3_2998,1177928034#8,110540729#3
3_2999,1177928034#8,110540747#1
3_3000,1177928034#8,1157760112#1
3_3001,1177928034#8,1157760112#1-AddedOffRampEdge
3_3002,1177928034#8,1157760112#1-AddedOnRampEdge
3_3003,1177928034#8,1158669976
3_3004,1177928034#8,1177928034#2
3_3005,1177928034#8,1177928034#4
3_3006,1177928034#8,1177928034#6
3_3007,1177928034#8,1177928034#7
3_3008,1177928034#8,1177928034#9
3_3009,1177928034#8,1207872176
3_3010,1177928034#8,1211804126
3_3011,1177928034#8,1213551187#2
3_3012,1177928034#8,1213551192
3_3013,1177928034#8,1223054104#0
3_3014,1177928034#8,1223054104#2
3_3015,1177928034#8,1238851923#2
3_3016,1177928034#8,1238851927#1
3_3017,1177928034#8,128617366#1
3_3018,1177928034#8,128617367
3_3019,1177928034#8,128619665#0
3_3020,1177928034#8,129120200
3_3021,1177928034#8,129127803#6
3_3022,1177928034#8,131752095#4
3_3023,1177928034#8,147961515
3_3024,1177928034#8,159344785#0
3_3025,1177928034#8,159344785#2
3_3026,1177928034#8,25749210
3_3027,1177928034#8,25817392#11
3_3028,1177928034#8,25817411
3_3029,1177928034#8,25817423#3
3_3030,1177928034#8,25819177#2
3_3031,1177928034#8,25838188#0
3_3032,1177928034#8,25838210#1
3_3033,1177928034#8,27237138
3_3034,1177928034#8,28921528#2
3_3035,1177928034#8,30672980#6
3_3036,1177928034#8,30673027
3_3037,1177928034#8,31785294
3_3038,1177928034#8,416563917#2
3_3039,1177928034#8,431858310
3_3040,1177928034#8,48563893#0
3_3041,1177928034#8,48563895#1
3_3042,1177928034#8,48563895#5
3_3043,1177928034#8,559456673#1
3_3044,1177928034#8,559456673#3
3_3045,1177928034#8,559456673#4
3_3046,1177928034#8,559495119#0
3_3047,1177928034#8,559495119#2
3_3048,1177928034#8,559495119#4
3_3049,1177928034#8,559495121#3
3_3050,1177928034#8,559495121#6
3_3051,1177928034#8,559495121#9
3_3052,1177928034#8,577223388
3_3053,1177928034#8,577223393#0
3_3054,1177928034#8,577223393#2
3_3055,1177928034#8,577223395
3_3056,1177928034#8,577230016#2
3_3057,1177928034#9,-110540722#0
3_3058,1177928034#9,-1213551188#0
3_3059,1177928034#9,-1213551191
3_3060,1177928034#9,-128617369
3_3061,1177928034#9,-128617374
3_3062,1177928034#9,-128619666
3_3063,1177928034#9,-151503392
3_3064,1177928034#9,-151505951
3_3065,1177928034#9,-173680979#2
3_3066,1177928034#9,-202332915
3_3067,1177928034#9,-202332917
3_3068,1177928034#9,-223996981#0
3_3069,1177928034#9,-25654991#0
3_3070,1177928034#9,-31785293
3_3071,1177928034#9,-380823372
3_3072,1177928034#9,-431858308
3_3073,1177928034#9,-48563893#0
3_3074,1177928034#9,-50077954
3_3075,1177928034#9,-50370685
3_3076,1177928034#9,-50835389
3_3077,1177928034#9,-577230015
3_3078,1177928034#9,-577230016#0
3_3079,1177928034#9,-794480008
3_3080,1177928034#9,-93814018#0
3_3081,1177928034#9,-95637907
3_3082,1177928034#9,108634758#0
3_3083,1177928034#9,110540729#3
3_3084,1177928034#9,110540747#1
3_3085,1177928034#9,1157760112#1
3_3086,1177928034#9,1157760112#1-AddedOffRampEdge
3_3087,1177928034#9,1157760112#1-AddedOnRampEdge
3_3088,1177928034#9,1158669976
3_3089,1177928034#9,1177928034#2
3_3090,1177928034#9,1177928034#4
3_3091,1177928034#9,1177928034#6
3_3092,1177928034#9,1177928034#7
3_3093,1177928034#9,1207872176
3_3094,1177928034#9,1211804126
3_3095,1177928034#9,1213551187#2
3_3096,1177928034#9,1213551192
3_3097,1177928034#9,1223054104#0
3_3098,1177928034#9,1223054104#2
3_3099,1177928034#9,1238851923#2
3_3100,1177928034#9,1238851927#1
3_3101,1177928034#9,128617366#1
3_3102,1177928034#9,128617367
3_3103,1177928034#9,128619665#0
3_3104,1177928034#9,129120200
3_3105,1177928034#9,129127803#6
3_3106,1177928034#9,131752095#4
3_3107,1177928034#9,147961515
3_3108,1177928034#9,159344785#0
3_3109,1177928034#9,159344785#2
3_3110,1177928034#9,25749210
3_3111,1177928034#9,25817392#11
3_3112,1177928034#9,25817411
3_3113,1177928034#9,25817423#3
3_3114,1177928034#9,25819177#2
3_3115,1177928034#9,25838188#0
3_3116,1177928034#9,25838210#1
3_3117,1177928034#9,27237138
3_3118,1177928034#9,28921528#2
3_3119,1177928034#9,30672980#6
3_3120,1177928034#9,30673027
3_3121,1177928034#9,31785294
3_3122,1177928034#9,416563917#2
3_3123,1177928034#9,431858310
3_3124,1177928034#9,48563893#0
3_3125,1177928034#9,48563895#1
3_3126,1177928034#9,48563895#5
3_3127,1177928034#9,559456673#1
3_3128,1177928034#9,559456673#3
3_3129,1177928034#9,559456673#4
3_3130,1177928034#9,559495119#0
3_3131,1177928034#9,559495119#2
3_3132,1177928034#9,559495119#4
3_3133,1177928034#9,559495121#3
3_3134,1177928034#9,559495121#6
3_3135,1177928034#9,559495121#9
3_3136,1177928034#9,577223388
3_3137,1177928034#9,577223393#0
3_3138,1177928034#9,577223393#2
3_3139,1177928034#9,577223395
3_3140,1177928034#9,577230016#2
3_3141,1213551188#0,-110540722#0
3_3142,1213551188#0,-1213551188#0
3_3143,1213551188#0,-1213551191
3_3144,1213551188#0,-128617369
3_3145,1213551188#0,-128617374
3_3146,1213551188#0,-128619666
3_3147,1213551188#0,-151503392
3_3148,1213551188#0,-151505951
3_3149,1213551188#0,-173680979#2
3_3150,1213551188#0,-202332915
3_3151,1213551188#0,-202332917
3_3152,1213551188#0,-223996981#0
3_3153,1213551188#0,-25654991#0
3_3154,1213551188#0,-31785293
3_3155,1213551188#0,-380823372
3_3156,1213551188#0,-431858308
3_3157,1213551188#0,-48563893#0
3_3158,1213551188#0,-50077954
3_3159,1213551188#0,-50370685
3_3160,1213551188#0,-50835389
3_3161,1213551188#0,-577230015
3_3162,1213551188#0,-577230016#0
3_3163,1213551188#0,-794480008
3_3164,1213551188#0,-93814018#0
3_3165,1213551188#0,-95637907
3_3166,1213551188#0,108634758#0
3_3167,1213551188#0,110540729#3
3_3168,1213551188#0,110540747#1
3_3169,1213551188#0,1157760112#1
3_3170,1213551188#0,1157760112#1-AddedOffRampEdge
3_3171,1213551188#0,1157760112#1-AddedOnRampEdge
3_3172,1213551188#0,1158669976
3_3173,1213551188#0,1177928034#2
3_3174,1213551188#0,1177928034#4
3_3175,1213551188#0,1177928034#6
3_3176,1213551188#0,1177928034#7
3_3177,1213551188#0,1177928034#9
3_3178,1213551188#0,1207872176
3_3179,1213551188#0,1211804126
3_3180,1213551188#0,1213551187#2
3_3181,1213551188#0,1213551192
3_3182,1213551188#0,1223054104#0
3_3183,1213551188#0,1223054104#2
3_3184,1213551188#0,1238851923#2
3_3185,1213551188#0,1238851927#1
3_3186,1213551188#0,128617366#1
3_3187,1213551188#0,128617367
3_3188,1213551188#0,128619665#0
3_3189,1213551188#0,129120200
3_3190,1213551188#0,129127803#6
3_3191,1213551188#0,131752095#4
3_3192,1213551188#0,147961515
3_3193,1213551188#0,159344785#0
3_3194,1213551188#0,159344785#2
3_3195,1213551188#0,25749210
3_3196,1213551188#0,25817392#11
3_3197,1213551188#0,25817411
3_3198,1213551188#0,25817423#3
3_3199,1213551188#0,25819177#2
3_3200,1213551188#0,25838188#0
3_3201,1213551188#0,25838210#1
3_3202,1213551188#0,27237138
3_3203,1213551188#0,28921528#2
3_3204,1213551188#0,30672980#6
3_3205,1213551188#0,30673027
3_3206,1213551188#0,31785294
3_3207,1213551188#0,416563917#2
3_3208,1213551188#0,431858310
3_3209,1213551188#0,48563893#0
3_3210,1213551188#0,48563895#1
3_3211,1213551188#0,48563895#5
3_3212,1213551188#0,559456673#1
3_3213,1213551188#0,559456673#3
3_3214,1213551188#0,559456673#4
3_3215,1213551188#0,559495119#0
3_3216,1213551188#0,559495119#2
3_3217,1213551188#0,559495119#4
3_3218,1213551188#0,559495121#3
3_3219,1213551188#0,559495121#6
3_3220,1213551188#0,559495121#9
3_3221,1213551188#0,577223388
3_3222,1213551188#0,577223393#0
3_3223,1213551188#0,577223393#2
3_3224,1213551188#0,577223395
3_3225,1213551188#0,577230016#2
3_3226,1213551191,-110540722#0
3_3227,1213551191,-1213551188#0
3_3228,1213551191,-1213551191
3_3229,1213551191,-128617369
3_3230,1213551191,-128617374
3_3231,1213551191,-128619666
3_3232,1213551191,-151503392
3_3233,1213551191,-151505951
3_3234,1213551191,-173680979#2
3_3235,1213551191,-202332915
3_3236,1213551191,-202332917
3_3237,1213551191,-223996981#0
3_3238,1213551191,-25654991#0
3_3239,1213551191,-31785293
3_3240,1213551191,-380823372
3_3241,1213551191,-431858308
3_3242,1213551191,-48563893#0
3_3243,1213551191,-50077954
3_3244,1213551191,-50370685
3_3245,1213551191,-50835389
3_3246,1213551191,-577230015
3_3247,1213551191,-577230016#0
3_3248,1213551191,-794480008
3_3249,1213551191,-93814018#0
3_3250,1213551191,-95637907
3_3251,1213551191,108634758#0
3_3252,1213551191,110540729#3
3_3253,1213551191,110540747#1
3_3254,1213551191,1157760112#1
3_3255,1213551191,1157760112#1-AddedOffRampEdge
3_3256,1213551191,1157760112#1-AddedOnRampEdge
3_3257,1213551191,1158669976
3_3258,1213551191,1177928034#2
3_3259,1213551191,1177928034#4
3_3260,1213551191,1177928034#6
3_3261,1213551191,1177928034#7
3_3262,1213551191,1177928034#9
3_3263,1213551191,1207872176
3_3264,1213551191,1211804126
3_3265,1213551191,1213551187#2
3_3266,1213551191,1213551192
3_3267,1213551191,1223054104#0
3_3268,1213551191,1223054104#2
3_3269,1213551191,1238851923#2
3_3270,1213551191,1238851927#1
3_3271,1213551191,128617366#1
3_3272,1213551191,128617367
3_3273,1213551191,128619665#0
3_3274,1213551191,129120200
3_3275,1213551191,129127803#6
3_3276,1213551191,131752095#4
3_3277,1213551191,147961515
3_3278,1213551191,159344785#0
3_3279,1213551191,159344785#2
3_3280,1213551191,25749210
3_3281,1213551191,25817392#11
3_3282,1213551191,25817411
3_3283,1213551191,25817423#3
3_3284,1213551191,25819177#2
3_3285,1213551191,25838188#0
3_3286,1213551191,25838210#1
3_3287,1213551191,27237138
3_3288,1213551191,28921528#2
3_3289,1213551191,30672980#6
3_3290,1213551191,30673027
3_3291,1213551191,31785294
3_3292,1213551191,416563917#2
3_3293,1213551191,431858310
3_3294,1213551191,48563893#0
3_3295,1213551191,48563895#1
3_3296,1213551191,48563895#5
3_3297,1213551191,559456673#1
3_3298,1213551191,559456673#3
3_3299,1213551191,559456673#4
3_3300,1213551191,559495119#0
3_3301,1213551191,559495119#2
3_3302,1213551191,559495119#4
3_3303,1213551191,559495121#3
3_3304,1213551191,559495121#6
3_3305,1213551191,559495121#9
3_3306,1213551191,577223388
3_3307,1213551191,577223393#0
3_3308,1213551191,577223393#2
3_3309,1213551191,577223395
3_3310,1213551191,577230016#2
3_3311,1223054104#0,-110540722#0
3_3312,1223054104#0,-1213551188#0
3_3313,1223054104#0,-1213551191
3_3314,1223054104#0,-128617369
3_3315,1223054104#0,-128617374
3_3316,1223054104#0,-128619666
3_3317,1223054104#0,-151503392
3_3318,1223054104#0,-151505951
3_3319,1223054104#0,-173680979#2
3_3320,1223054104#0,-202332915
3_3321,1223054104#0,-202332917
3_3322,1223054104#0,-223996981#0
3_3323,1223054104#0,-25654991#0
3_3324,1223054104#0,-31785293
3_3325,1223054104#0,-380823372
3_3326,1223054104#0,-431858308
3_3327,1223054104#0,-48563893#0
3_3328,1223054104#0,-50077954
3_3329,1223054104#0,-50370685
3_3330,1223054104#0,-50835389
3_3331,1223054104#0,-577230015
3_3332,1223054104#0,-577230016#0
3_3333,1223054104#0,-794480008
3_3334,1223054104#0,-93814018#0
3_3335,1223054104#0,-95637907
3_3336,1223054104#0,108634758#0
3_3337,1223054104#0,110540729#3
3_3338,1223054104#0,110540747#1
3_3339,1223054104#0,1157760112#1
3_3340,1223054104#0,1157760112#1-AddedOffRampEdge
3_3341,1223054104#0,1157760112#1-AddedOnRampEdge
3_3342,1223054104#0,1158669976
3_3343,1223054104#0,1177928034#2
3_3344,1223054104#0,1177928034#4
3_3345,1223054104#0,1177928034#6
3_3346,1223054104#0,1177928034#7
3_3347,1223054104#0,1177928034#9
3_3348,1223054104#0,1207872176
3_3349,1223054104#0,1211804126
3_3350,1223054104#0,1213551187#2
3_3351,1223054104#0,1213551192
3_3352,1223054104#0,1223054104#2
3_3353,1223054104#0,1238851923#2
3_3354,1223054104#0,1238851927#1
3_3355,1223054104#0,128617366#1
3_3356,1223054104#0,128617367
3_3357,1223054104#0,128619665#0
3_3358,1223054104#0,129120200
3_3359,1223054104#0,129127803#6
3_3360,1223054104#0,131752095#4
3_3361,1223054104#0,147961515
3_3362,1223054104#0,159344785#0
3_3363,1223054104#0,159344785#2
3_3364,1223054104#0,25749210
3_3365,1223054104#0,25817392#11
3_3366,1223054104#0,25817411
3_3367,1223054104#0,25817423#3
3_3368,1223054104#0,25819177#2
3_3369,1223054104#0,25838188#0
3_3370,1223054104#0,25838210#1
3_3371,1223054104#0,27237138
3_3372,1223054104#0,28921528#2
3_3373,1223054104#0,30672980#6
3_3374,1223054104#0,30673027
3_3375,1223054104#0,31785294
3_3376,1223054104#0,416563917#2
3_3377,1223054104#0,431858310
3_3378,1223054104#0,48563893#0
3_3379,1223054104#0,48563895#1
3_3380,1223054104#0,48563895#5
3_3381,1223054104#0,559456673#1
3_3382,1223054104#0,559456673#3
3_3383,1223054104#0,559456673#4
3_3384,1223054104#0,559495119#0
3_3385,1223054104#0,559495119#2
3_3386,1223054104#0,559495119#4
3_3387,1223054104#0,559495121#3
3_3388,1223054104#0,559495121#6
3_3389,1223054104#0,559495121#9
3_3390,1223054104#0,577223388
3_3391,1223054104#0,577223393#0
3_3392,1223054104#0,577223393#2
3_3393,1223054104#0,577223395
3_3394,1223054104#0,577230016#2
3_3395,1223054104#2,-110540722#0
3_3396,1223054104#2,-1213551188#0
3_3397,1223054104#2,-1213551191
3_3398,1223054104#2,-128617369
3_3399,1223054104#2,-128617374
3_3400,1223054104#2,-128619666
3_3401,1223054104#2,-151503392
3_3402,1223054104#2,-151505951
3_3403,1223054104#2,-173680979#2
3_3404,1223054104#2,-202332915
3_3405,1223054104#2,-202332917
3_3406,1223054104#2,-223996981#0
3_3407,1223054104#2,-25654991#0
3_3408,1223054104#2,-31785293
3_3409,1223054104#2,-380823372
3_3410,1223054104#2,-431858308
3_3411,1223054104#2,-48563893#0
3_3412,1223054104#2,-50077954
3_3413,1223054104#2,-50370685
3_3414,1223054104#2,-50835389
3_3415,1223054104#2,-577230015
3_3416,1223054104#2,-577230016#0
3_3417,1223054104#2,-794480008
3_3418,1223054104#2,-93814018#0
3_3419,1223054104#2,-95637907
3_3420,1223054104#2,108634758#0
3_3421,1223054104#2,110540729#3
3_3422,1223054104#2,110540747#1
3_3423,1223054104#2,1157760112#1
3_3424,1223054104#2,1157760112#1-AddedOffRampEdge
3_3425,1223054104#2,1157760112#1-AddedOnRampEdge
3_3426,1223054104#2,1158669976
3_3427,1223054104#2,1177928034#2
3_3428,1223054104#2,1177928034#4
3_3429,1223054104#2,1177928034#6
3_3430,1223054104#2,1177928034#7
3_3431,1223054104#2,1177928034#9
3_3432,1223054104#2,1207872176
3_3433,1223054104#2,1211804126
3_3434,1223054104#2,1213551187#2
3_3435,1223054104#2,1213551192
3_3436,1223054104#2,1223054104#0
3_3437,1223054104#2,1238851923#2
3_3438,1223054104#2,1238851927#1
3_3439,1223054104#2,128617366#1
3_3440,1223054104#2,128617367
3_3441,1223054104#2,128619665#0
3_3442,1223054104#2,129120200
3_3443,1223054104#2,129127803#6
3_3444,1223054104#2,131752095#4
3_3445,1223054104#2,147961515
3_3446,1223054104#2,159344785#0
3_3447,1223054104#2,159344785#2
3_3448,1223054104#2,25749210
3_3449,1223054104#2,25817392#11
3_3450,1223054104#2,25817411
3_3451,1223054104#2,25817423#3
3_3452,1223054104#2,25819177#2
3_3453,1223054104#2,25838188#0
3_3454,1223054104#2,25838210#1
3_3455,1223054104#2,27237138
3_3456,1223054104#2,28921528#2
3_3457,1223054104#2,30672980#6
3_3458,1223054104#2,30673027
3_3459,1223054104#2,31785294
3_3460,1223054104#2,416563917#2
3_3461,1223054104#2,431858310
3_3462,1223054104#2,48563893#0
3_3463,1223054104#2,48563895#1
3_3464,1223054104#2,48563895#5
3_3465,1223054104#2,559456673#1
3_3466,1223054104#2,559456673#3
3_3467,1223054104#2,559456673#4
3_3468,1223054104#2,559495119#0
3_3469,1223054104#2,559495119#2
3_3470,1223054104#2,559495119#4
3_3471,1223054104#2,559495121#3
3_3472,1223054104#2,559495121#6
3_3473,1223054104#2,559495121#9
3_3474,1223054104#2,577223388
3_3475,1223054104#2,577223393#0
3_3476,1223054104#2,577223393#2
3_3477,1223054104#2,577223395
3_3478,1223054104#2,577230016#2
3_3479,1227460006,-110540722#0
3_3480,1227460006,-1213551188#0
3_3481,1227460006,-1213551191
3_3482,1227460006,-128617369
3_3483,1227460006,-128617374
3_3484,1227460006,-128619666
3_3485,1227460006,-151503392
3_3486,1227460006,-151505951
3_3487,1227460006,-173680979#2
3_3488,1227460006,-202332915
3_3489,1227460006,-202332917
3_3490,1227460006,-223996981#0
3_3491,1227460006,-25654991#0
3_3492,1227460006,-31785293
3_3493,1227460006,-380823372
3_3494,1227460006,-431858308
3_3495,1227460006,-48563893#0
3_3496,1227460006,-50077954
3_3497,1227460006,-50370685
3_3498,1227460006,-50835389
3_3499,1227460006,-577230015
3_3500,1227460006,-577230016#0
3_3501,1227460006,-794480008
3_3502,1227460006,-93814018#0
3_3503,1227460006,-95637907
3_3504,1227460006,108634758#0
3_3505,1227460006,110540729#3
3_3506,1227460006,110540747#1
3_3507,1227460006,1157760112#1
3_3508,1227460006,1157760112#1-AddedOffRampEdge
3_3509,1227460006,1157760112#1-AddedOnRampEdge
3_3510,1227460006,1158669976
3_3511,1227460006,1177928034#2
3_3512,1227460006,1177928034#4
3_3513,1227460006,1177928034#6
3_3514,1227460006,1177928034#7
3_3515,1227460006,1177928034#9
3_3516,1227460006,1207872176
3_3517,1227460006,1211804126
3_3518,1227460006,1213551187#2
3_3519,1227460006,1213551192
3_3520,1227460006,1223054104#0
3_3521,1227460006,1223054104#2
3_3522,1227460006,1238851923#2
3_3523,1227460006,1238851927#1
3_3524,1227460006,128617366#1
3_3525,1227460006,128617367
3_3526,1227460006,128619665#0
3_3527,1227460006,129120200
3_3528,1227460006,129127803#6
3_3529,1227460006,131752095#4
3_3530,1227460006,147961515
3_3531,1227460006,159344785#0
3_3532,1227460006,159344785#2
3_3533,1227460006,25749210
3_3534,1227460006,25817392#11
3_3535,1227460006,25817411
3_3536,1227460006,25817423#3
3_3537,1227460006,25819177#2
3_3538,1227460006,25838188#0
3_3539,1227460006,25838210#1
3_3540,1227460006,27237138
3_3541,1227460006,28921528#2
3_3542,1227460006,30672980#6
3_3543,1227460006,30673027
3_3544,1227460006,31785294
3_3545,1227460006,416563917#2
3_3546,1227460006,431858310
3_3547,1227460006,48563893#0
3_3548,1227460006,48563895#1
3_3549,1227460006,48563895#5
3_3550,1227460006,559456673#1
3_3551,1227460006,559456673#3
3_3552,1227460006,559456673#4
3_3553,1227460006,559495119#0
3_3554,1227460006,559495119#2
3_3555,1227460006,559495119#4
3_3556,1227460006,559495121#3
3_3557,1227460006,559495121#6
3_3558,1227460006,559495121#9
3_3559,1227460006,577223388
3_3560,1227460006,577223393#0
3_3561,1227460006,577223393#2
3_3562,1227460006,577223395
3_3563,1227460006,577230016#2
3_3564,128617366#1,-110540722#0
3_3565,128617366#1,-1213551188#0
3_3566,128617366#1,-1213551191
3_3567,128617366#1,-128617369
3_3568,128617366#1,-128617374
3_3569,128617366#1,-128619666
3_3570,128617366#1,-151503392
3_3571,128617366#1,-151505951
3_3572,128617366#1,-173680979#2
3_3573,128617366#1,-202332915
3_3574,128617366#1,-202332917
3_3575,128617366#1,-223996981#0
3_3576,128617366#1,-25654991#0
3_3577,128617366#1,-31785293
3_3578,128617366#1,-380823372
3_3579,128617366#1,-431858308
3_3580,128617366#1,-48563893#0
3_3581,128617366#1,-50077954
3_3582,128617366#1,-50370685
3_3583,128617366#1,-50835389
3_3584,128617366#1,-577230015
3_3585,128617366#1,-577230016#0
3_3586,128617366#1,-794480008
3_3587,128617366#1,-93814018#0
3_3588,128617366#1,-95637907
3_3589,128617366#1,108634758#0
3_3590,128617366#1,110540729#3
3_3591,128617366#1,110540747#1
3_3592,128617366#1,1157760112#1
3_3593,128617366#1,1157760112#1-AddedOffRampEdge
3_3594,128617366#1,1157760112#1-AddedOnRampEdge
3_3595,128617366#1,1158669976
3_3596,128617366#1,1177928034#2
3_3597,128617366#1,1177928034#4
3_3598,128617366#1,1177928034#6
3_3599,128617366#1,1177928034#7
3_3600,128617366#1,1177928034#9
3_3601,128617366#1,1207872176
3_3602,128617366#1,1211804126
3_3603,128617366#1,1213551187#2
3_3604,128617366#1,1213551192
3_3605,128617366#1,1223054104#0
3_3606,128617366#1,1223054104#2
3_3607,128617366#1,1238851923#2
3_3608,128617366#1,1238851927#1
3_3609,128617366#1,128617367
3_3610,128617366#1,128619665#0
3_3611,128617366#1,129120200
3_3612,128617366#1,129127803#6
3_3613,128617366#1,131752095#4
3_3614,128617366#1,147961515
3_3615,128617366#1,159344785#0
3_3616,128617366#1,159344785#2
3_3617,128617366#1,25749210
3_3618,128617366#1,25817392#11
3_3619,128617366#1,25817411
3_3620,128617366#1,25817423#3
3_3621,128617366#1,25819177#2
3_3622,128617366#1,25838188#0
3_3623,128617366#1,25838210#1
3_3624,128617366#1,27237138
3_3625,128617366#1,28921528#2
3_3626,128617366#1,30672980#6
3_3627,128617366#1,30673027
3_3628,128617366#1,31785294
3_3629,128617366#1,416563917#2
3_3630,128617366#1,431858310
3_3631,128617366#1,48563893#0
3_3632,128617366#1,48563895#1
3_3633,128617366#1,48563895#5
3_3634,128617366#1,559456673#1
3_3635,128617366#1,559456673#3
3_3636,128617366#1,559456673#4
3_3637,128617366#1,559495119#0
3_3638,128617366#1,559495119#2
3_3639,128617366#1,559495119#4
3_3640,128617366#1,559495121#3
3_3641,128617366#1,559495121#6
3_3642,128617366#1,559495121#9
3_3643,128617366#1,577223388
3_3644,128617366#1,577223393#0
3_3645,128617366#1,577223393#2
3_3646,128617366#1,577223395
3_3647,128617366#1,577230016#2
3_3648,128617369,-110540722#0
3_3649,128617369,-1213551188#0
3_3650,128617369,-1213551191
3_3651,128617369,-128617369
3_3652,128617369,-128617374
3_3653,128617369,-128619666
3_3654,128617369,-151503392
3_3655,128617369,-151505951
3_3656,128617369,-173680979#2
3_3657,128617369,-202332915
3_3658,128617369,-202332917
3_3659,128617369,-223996981#0
3_3660,128617369,-25654991#0
3_3661,128617369,-31785293
3_3662,128617369,-380823372
3_3663,128617369,-431858308
3_3664,128617369,-48563893#0
3_3665,128617369,-50077954
3_3666,128617369,-50370685
3_3667,128617369,-50835389
3_3668,128617369,-577230015
3_3669,128617369,-577230016#0
3_3670,128617369,-794480008
3_3671,128617369,-93814018#0
3_3672,128617369,-95637907
3_3673,128617369,108634758#0
3_3674,128617369,110540729#3
3_3675,128617369,110540747#1
3_3676,128617369,1157760112#1
3_3677,128617369,1157760112#1-AddedOffRampEdge
3_3678,128617369,1157760112#1-AddedOnRampEdge
3_3679,128617369,1158669976
3_3680,128617369,1177928034#2
3_3681,128617369,1177928034#4
3_3682,128617369,1177928034#6
3_3683,128617369,1177928034#7
3_3684,128617369,1177928034#9
3_3685,128617369,1207872176
3_3686,128617369,1211804126
3_3687,128617369,1213551187#2
3_3688,128617369,1213551192
3_3689,128617369,1223054104#0
3_3690,128617369,1223054104#2
3_3691,128617369,1238851923#2
3_3692,128617369,1238851927#1
3_3693,128617369,128617366#1
3_3694,128617369,128617367
3_3695,128617369,128619665#0
3_3696,128617369,129120200
3_3697,128617369,129127803#6
3_3698,128617369,131752095#4
3_3699,128617369,147961515
3_3700,128617369,159344785#0
3_3701,128617369,159344785#2
3_3702,128617369,25749210
3_3703,128617369,25817392#11
3_3704,128617369,25817411
3_3705,128617369,25817423#3
3_3706,128617369,25819177#2
3_3707,128617369,25838188#0
3_3708,128617369,25838210#1
3_3709,128617369,27237138
3_3710,128617369,28921528#2
3_3711,128617369,30672980#6
3_3712,128617369,30673027
3_3713,128617369,31785294
3_3714,128617369,416563917#2
3_3715,128617369,431858310
3_3716,128617369,48563893#0
3_3717,128617369,48563895#1
3_3718,128617369,48563895#5
3_3719,128617369,559456673#1
3_3720,128617369,559456673#3
3_3721,128617369,559456673#4
3_3722,128617369,559495119#0
3_3723,128617369,559495119#2
3_3724,128617369,559495119#4
3_3725,128617369,559495121#3
3_3726,128617369,559495121#6
3_3727,128617369,559495121#9
3_3728,128617369,577223388
3_3729,128617369,577223393#0
3_3730,128617369,577223393#2
3_3731,128617369,577223395
3_3732,128617369,577230016#2
3_3733,128617374,-110540722#0
3_3734,128617374,-1213551188#0
3_3735,128617374,-1213551191
3_3736,128617374,-128617369
3_3737,128617374,-128617374
3_3738,128617374,-128619666
3_3739,128617374,-151503392
3_3740,128617374,-151505951
3_3741,128617374,-173680979#2
3_3742,128617374,-202332915
3_3743,128617374,-202332917
3_3744,128617374,-223996981#0
3_3745,128617374,-25654991#0
3_3746,128617374,-31785293
3_3747,128617374,-380823372
3_3748,128617374,-431858308
3_3749,128617374,-48563893#0
3_3750,128617374,-50077954
3_3751,128617374,-50370685
3_3752,128617374,-50835389
3_3753,128617374,-577230015
3_3754,128617374,-577230016#0
3_3755,128617374,-794480008
3_3756,128617374,-93814018#0
3_3757,128617374,-95637907
3_3758,128617374,108634758#0
3_3759,128617374,110540729#3
3_3760,128617374,110540747#1
3_3761,128617374,1157760112#1
3_3762,128617374,1157760112#1-AddedOffRampEdge
3_3763,128617374,1157760112#1-AddedOnRampEdge
3_3764,128617374,1158669976
3_3765,128617374,1177928034#2
3_3766,128617374,1177928034#4
3_3767,128617374,1177928034#6
3_3768,128617374,1177928034#7
3_3769,128617374,1177928034#9
3_3770,128617374,1207872176
3_3771,128617374,1211804126
3_3772,128617374,1213551187#2
3_3773,128617374,1213551192
3_3774,128617374,1223054104#0
3_3775,128617374,1223054104#2
3_3776,128617374,1238851923#2
3_3777,128617374,1238851927#1
3_3778,128617374,128617366#1
3_3779,128617374,128617367
3_3780,128617374,128619665#0
3_3781,128617374,129120200
3_3782,128617374,129127803#6
3_3783,128617374,131752095#4
3_3784,128617374,147961515
3_3785,128617374,159344785#0
3_3786,128617374,159344785#2
3_3787,128617374,25749210
3_3788,128617374,25817392#11
3_3789,128617374,25817411
3_3790,128617374,25817423#3
3_3791,128617374,25819177#2
3_3792,128617374,25838188#0
3_3793,128617374,25838210#1
3_3794,128617374,27237138
3_3795,128617374,28921528#2
3_3796,128617374,30672980#6
3_3797,128617374,30673027
3_3798,128617374,31785294
3_3799,128617374,416563917#2
3_3800,128617374,431858310
3_3801,128617374,48563893#0
3_3802,128617374,48563895#1
3_3803,128617374,48563895#5
3_3804,128617374,559456673#1
3_3805,128617374,559456673#3
3_3806,128617374,559456673#4
3_3807,128617374,559495119#0
3_3808,128617374,559495119#2
3_3809,128617374,559495119#4
3_3810,128617374,559495121#3
3_3811,128617374,559495121#6
3_3812,128617374,559495121#9
3_3813,128617374,577223388
3_3814,128617374,577223393#0
3_3815,128617374,577223393#2
3_3816,128617374,577223395
3_3817,128617374,577230016#2
3_3818,128619665#2,-110540722#0
3_3819,128619665#2,-1213551188#0
3_3820,128619665#2,-1213551191
3_3821,128619665#2,-128617369
3_3822,128619665#2,-128617374
3_3823,128619665#2,-128619666
3_3824,128619665#2,-151503392
3_3825,128619665#2,-151505951
3_3826,128619665#2,-173680979#2
3_3827,128619665#2,-202332915
3_3828,128619665#2,-202332917
3_3829,128619665#2,-223996981#0
3_3830,128619665#2,-25654991#0
3_3831,128619665#2,-31785293
3_3832,128619665#2,-380823372
3_3833,128619665#2,-431858308
3_3834,128619665#2,-48563893#0
3_3835,128619665#2,-50077954
3_3836,128619665#2,-50370685
3_3837,128619665#2,-50835389
3_3838,128619665#2,-577230015
3_3839,128619665#2,-577230016#0
3_3840,128619665#2,-794480008
3_3841,128619665#2,-93814018#0
3_3842,128619665#2,-95637907
3_3843,128619665#2,108634758#0
3_3844,128619665#2,110540729#3
3_3845,128619665#2,110540747#1
3_3846,128619665#2,1157760112#1
3_3847,128619665#2,1157760112#1-AddedOffRampEdge
3_3848,128619665#2,1157760112#1-AddedOnRampEdge
3_3849,128619665#2,1158669976
3_3850,128619665#2,1177928034#2
3_3851,128619665#2,1177928034#4
3_3852,128619665#2,1177928034#6
3_3853,128619665#2,1177928034#7
3_3854,128619665#2,1177928034#9
3_3855,128619665#2,1207872176
3_3856,128619665#2,1211804126
3_3857,128619665#2,1213551187#2
3_3858,128619665#2,1213551192
3_3859,128619665#2,1223054104#0
3_3860,128619665#2,1223054104#2
3_3861,128619665#2,1238851923#2
3_3862,128619665#2,1238851927#1
3_3863,128619665#2,128617366#1
3_3864,128619665#2,128617367
3_3865,128619665#2,128619665#0
3_3866,128619665#2,129120200
3_3867,128619665#2,129127803#6
3_3868,128619665#2,131752095#4
3_3869,128619665#2,147961515
3_3870,128619665#2,159344785#0
3_3871,128619665#2,159344785#2
3_3872,128619665#2,25749210
3_3873,128619665#2,25817392#11
3_3874,128619665#2,25817411
3_3875,128619665#2,25817423#3
3_3876,128619665#2,25819177#2
3_3877,128619665#2,25838188#0
3_3878,128619665#2,25838210#1
3_3879,128619665#2,27237138
3_3880,128619665#2,28921528#2
3_3881,128619665#2,30672980#6
3_3882,128619665#2,30673027
3_3883,128619665#2,31785294
3_3884,128619665#2,416563917#2
3_3885,128619665#2,431858310
3_3886,128619665#2,48563893#0
3_3887,128619665#2,48563895#1
3_3888,128619665#2,48563895#5
3_3889,128619665#2,559456673#1
3_3890,128619665#2,559456673#3
3_3891,128619665#2,559456673#4
3_3892,128619665#2,559495119#0
3_3893,128619665#2,559495119#2
3_3894,128619665#2,559495119#4
3_3895,128619665#2,559495121#3
3_3896,128619665#2,559495121#6
3_3897,128619665#2,559495121#9
3_3898,128619665#2,577223388
3_3899,128619665#2,577223393#0
3_3900,128619665#2,577223393#2
3_3901,128619665#2,577223395
3_3902,128619665#2,577230016#2
3_3903,128619666,-110540722#0
3_3904,128619666,-1213551188#0
3_3905,128619666,-1213551191
3_3906,128619666,-128617369
3_3907,128619666,-128617374
3_3908,128619666,-128619666
3_3909,128619666,-151503392
3_3910,128619666,-151505951
3_3911,128619666,-173680979#2
3_3912,128619666,-202332915
3_3913,128619666,-202332917
3_3914,128619666,-223996981#0
3_3915,128619666,-25654991#0
3_3916,128619666,-31785293
3_3917,128619666,-380823372
3_3918,128619666,-431858308
3_3919,128619666,-48563893#0
3_3920,128619666,-50077954
3_3921,128619666,-50370685
3_3922,128619666,-50835389
3_3923,128619666,-577230015
3_3924,128619666,-577230016#0
3_3925,128619666,-794480008
3_3926,128619666,-93814018#0
3_3927,128619666,-95637907
3_3928,128619666,108634758#0
3_3929,128619666,110540729#3
3_3930,128619666,110540747#1
3_3931,128619666,1157760112#1
3_3932,128619666,1157760112#1-AddedOffRampEdge
3_3933,128619666,1157760112#1-AddedOnRampEdge
3_3934,128619666,1158669976
3_3935,128619666,1177928034#2
3_3936,128619666,1177928034#4
3_3937,128619666,1177928034#6
3_3938,128619666,1177928034#7
3_3939,128619666,1177928034#9
3_3940,128619666,1207872176
3_3941,128619666,1211804126
3_3942,128619666,1213551187#2
3_3943,128619666,1213551192
3_3944,128619666,1223054104#0
3_3945,128619666,1223054104#2
3_3946,128619666,1238851923#2
3_3947,128619666,1238851927#1
3_3948,128619666,128617366#1
3_3949,128619666,128617367
3_3950,128619666,128619665#0
3_3951,128619666,129120200
3_3952,128619666,129127803#6
3_3953,128619666,131752095#4
3_3954,128619666,147961515
3_3955,128619666,159344785#0
3_3956,128619666,159344785#2
3_3957,128619666,25749210
3_3958,128619666,25817392#11
3_3959,128619666,25817411
3_3960,128619666,25817423#3
3_3961,128619666,25819177#2
3_3962,128619666,25838188#0
3_3963,128619666,25838210#1
3_3964,128619666,27237138
3_3965,128619666,28921528#2
3_3966,128619666,30672980#6
3_3967,128619666,30673027
3_3968,128619666,31785294
3_3969,128619666,416563917#2
3_3970,128619666,431858310
3_3971,128619666,48563893#0
3_3972,128619666,48563895#1
3_3973,128619666,48563895#5
3_3974,128619666,559456673#1
3_3975,128619666,559456673#3
3_3976,128619666,559456673#4
3_3977,128619666,559495119#0
3_3978,128619666,559495119#2
3_3979,128619666,559495119#4
3_3980,128619666,559495121#3
3_3981,128619666,559495121#6
3_3982,128619666,559495121#9
3_3983,128619666,577223388
3_3984,128619666,577223393#0
3_3985,128619666,577223393#2
3_3986,128619666,577223395
3_3987,128619666,577230016#2
3_3988,131752095#4,-110540722#0
3_3989,131752095#4,-1213551188#0
3_3990,131752095#4,-1213551191
3_3991,131752095#4,-128617369
3_3992,131752095#4,-128617374
3_3993,131752095#4,-128619666
3_3994,131752095#4,-151503392
3_3995,131752095#4,-151505951
3_3996,131752095#4,-173680979#2
3_3997,131752095#4,-202332915
3_3998,131752095#4,-202332917
3_3999,131752095#4,-223996981#0
3_4000,131752095#4,-25654991#0
3_4001,131752095#4,-31785293
3_4002,131752095#4,-380823372
3_4003,131752095#4,-431858308
3_4004,131752095#4,-48563893#0
3_4005,131752095#4,-50077954
3_4006,131752095#4,-50370685
3_4007,131752095#4,-50835389
3_4008,131752095#4,-577230015
3_4009,131752095#4,-577230016#0
3_4010,131752095#4,-794480008
3_4011,131752095#4,-93814018#0
3_4012,131752095#4,-95637907
3_4013,131752095#4,108634758#0
3_4014,131752095#4,110540729#3
3_4015,131752095#4,110540747#1
3_4016,131752095#4,1157760112#1
3_4017,131752095#4,1157760112#1-AddedOffRampEdge
3_4018,131752095#4,1157760112#1-AddedOnRampEdge
3_4019,131752095#4,1158669976
3_4020,131752095#4,1177928034#2
3_4021,131752095#4,1177928034#4
3_4022,131752095#4,1177928034#6
3_4023,131752095#4,1177928034#7
3_4024,131752095#4,1177928034#9
3_4025,131752095#4,1207872176
3_4026,131752095#4,1211804126
3_4027,131752095#4,1213551187#2
3_4028,131752095#4,1213551192
3_4029,131752095#4,1223054104#0
3_4030,131752095#4,1223054104#2
3_4031,131752095#4,1238851923#2
3_4032,131752095#4,1238851927#1
3_4033,131752095#4,128617366#1
3_4034,131752095#4,128617367
3_4035,131752095#4,128619665#0
3_4036,131752095#4,129120200
3_4037,131752095#4,129127803#6
3_4038,131752095#4,147961515
3_4039,131752095#4,159344785#0
3_4040,131752095#4,159344785#2
3_4041,131752095#4,25749210
3_4042,131752095#4,25817392#11
3_4043,131752095#4,25817411
3_4044,131752095#4,25817423#3
3_4045,131752095#4,25819177#2
3_4046,131752095#4,25838188#0
3_4047,131752095#4,25838210#1
3_4048,131752095#4,27237138
3_4049,131752095#4,28921528#2
3_4050,131752095#4,30672980#6
3_4051,131752095#4,30673027
3_4052,131752095#4,31785294
3_4053,131752095#4,416563917#2
3_4054,131752095#4,431858310
3_4055,131752095#4,48563893#0
3_4056,131752095#4,48563895#1
3_4057,131752095#4,48563895#5
3_4058,131752095#4,559456673#1
3_4059,131752095#4,559456673#3
3_4060,131752095#4,559456673#4
3_4061,131752095#4,559495119#0
3_4062,131752095#4,559495119#2
3_4063,131752095#4,559495119#4
3_4064,131752095#4,559495121#3
3_4065,131752095#4,559495121#6
3_4066,131752095#4,559495121#9
3_4067,131752095#4,577223388
3_4068,131752095#4,577223393#0
3_4069,131752095#4,577223393#2
3_4070,131752095#4,577223395
3_4071,131752095#4,577230016#2
3_4072,151503392,-110540722#0
3_4073,151503392,-1213551188#0
3_4074,151503392,-1213551191
3_4075,151503392,-128617369
3_4076,151503392,-128617374
3_4077,151503392,-128619666
3_4078,151503392,-151503392
3_4079,151503392,-151505951
3_4080,151503392,-173680979#2
3_4081,151503392,-202332915
3_4082,151503392,-202332917
3_4083,151503392,-223996981#0
3_4084,151503392,-25654991#0
3_4085,151503392,-31785293
3_4086,151503392,-380823372
3_4087,151503392,-431858308
3_4088,151503392,-48563893#0
3_4089,151503392,-50077954
3_4090,151503392,-50370685
3_4091,151503392,-50835389
3_4092,151503392,-577230015
3_4093,151503392,-577230016#0
3_4094,151503392,-794480008
3_4095,151503392,-93814018#0
3_4096,151503392,-95637907
3_4097,151503392,108634758#0
3_4098,151503392,110540729#3
3_4099,151503392,110540747#1
3_4100,151503392,1157760112#1
3_4101,151503392,1157760112#1-AddedOffRampEdge
3_4102,151503392,1157760112#1-AddedOnRampEdge
3_4103,151503392,1158669976
3_4104,151503392,1177928034#2
3_4105,151503392,1177928034#4
3_4106,151503392,1177928034#6
3_4107,151503392,1177928034#7
3_4108,151503392,1177928034#9
3_4109,151503392,1207872176
3_4110,151503392,1211804126
3_4111,151503392,1213551187#2
3_4112,151503392,1213551192
3_4113,151503392,1223054104#0
3_4114,151503392,1223054104#2
3_4115,151503392,1238851923#2
3_4116,151503392,1238851927#1
3_4117,151503392,128617366#1
3_4118,151503392,128617367
3_4119,151503392,128619665#0
3_4120,151503392,129120200
3_4121,151503392,129127803#6
3_4122,151503392,131752095#4
3_4123,151503392,147961515
3_4124,151503392,159344785#0
3_4125,151503392,159344785#2
3_4126,151503392,25749210
3_4127,151503392,25817392#11
3_4128,151503392,25817411
3_4129,151503392,25817423#3
3_4130,151503392,25819177#2
3_4131,151503392,25838188#0
3_4132,151503392,25838210#1
3_4133,151503392,27237138
3_4134,151503392,28921528#2
3_4135,151503392,30672980#6
3_4136,151503392,30673027
3_4137,151503392,31785294
3_4138,151503392,416563917#2
3_4139,151503392,431858310
3_4140,151503392,48563893#0
3_4141,151503392,48563895#1
3_4142,151503392,48563895#5
3_4143,151503392,559456673#1
3_4144,151503392,559456673#3
3_4145,151503392,559456673#4
3_4146,151503392,559495119#0
3_4147,151503392,559495119#2
3_4148,151503392,559495119#4
3_4149,151503392,559495121#3
3_4150,151503392,559495121#6
3_4151,151503392,559495121#9
3_4152,151503392,577223388
3_4153,151503392,577223393#0
3_4154,151503392,577223393#2
3_4155,151503392,577223395
3_4156,151503392,577230016#2
3_4157,151505951,-110540722#0
3_4158,151505951,-1213551188#0
3_4159,151505951,-1213551191
3_4160,151505951,-128617369
3_4161,151505951,-128617374
3_4162,151505951,-128619666
3_4163,151505951,-151503392
3_4164,151505951,-151505951
3_4165,151505951,-173680979#2
3_4166,151505951,-202332915
3_4167,151505951,-202332917
3_4168,151505951,-223996981#0
3_4169,151505951,-25654991#0
3_4170,151505951,-31785293
3_4171,151505951,-380823372
3_4172,151505951,-431858308
3_4173,151505951,-48563893#0
3_4174,151505951,-50077954
3_4175,151505951,-50370685
3_4176,151505951,-50835389
3_4177,151505951,-577230015
3_4178,151505951,-577230016#0
3_4179,151505951,-794480008
3_4180,151505951,-93814018#0
3_4181,151505951,-95637907
3_4182,151505951,108634758#0
3_4183,151505951,110540729#3
3_4184,151505951,110540747#1
3_4185,151505951,1157760112#1
3_4186,151505951,1157760112#1-AddedOffRampEdge
3_4187,151505951,1157760112#1-AddedOnRampEdge
3_4188,151505951,1158669976
3_4189,151505951,1177928034#2
3_4190,151505951,1177928034#4
3_4191,151505951,1177928034#6
3_4192,151505951,1177928034#7
3_4193,151505951,1177928034#9
3_4194,151505951,1207872176
3_4195,151505951,1211804126
3_4196,151505951,1213551187#2
3_4197,151505951,1213551192
3_4198,151505951,1223054104#0
3_4199,151505951,1223054104#2
3_4200,151505951,1238851923#2
3_4201,151505951,1238851927#1
3_4202,151505951,128617366#1
3_4203,151505951,128617367
3_4204,151505951,128619665#0
3_4205,151505951,129120200
3_4206,151505951,129127803#6
3_4207,151505951,131752095#4
3_4208,151505951,147961515
3_4209,151505951,159344785#0
3_4210,151505951,159344785#2
3_4211,151505951,25749210
3_4212,151505951,25817392#11
3_4213,151505951,25817411
3_4214,151505951,25817423#3
3_4215,151505951,25819177#2
3_4216,151505951,25838188#0
3_4217,151505951,25838210#1
3_4218,151505951,27237138
3_4219,151505951,28921528#2
3_4220,151505951,30672980#6
3_4221,151505951,30673027
3_4222,151505951,31785294
3_4223,151505951,416563917#2
3_4224,151505951,431858310
3_4225,151505951,48563893#0
3_4226,151505951,48563895#1
3_4227,151505951,48563895#5
3_4228,151505951,559456673#1
3_4229,151505951,559456673#3
3_4230,151505951,559456673#4
3_4231,151505951,559495119#0
3_4232,151505951,559495119#2
3_4233,151505951,559495119#4
3_4234,151505951,559495121#3
3_4235,151505951,559495121#6
3_4236,151505951,559495121#9
3_4237,151505951,577223388
3_4238,151505951,577223393#0
3_4239,151505951,577223393#2
3_4240,151505951,577223395
3_4241,151505951,577230016#2
3_4242,159344785#2,-110540722#0
3_4243,159344785#2,-1213551188#0
3_4244,159344785#2,-1213551191
3_4245,159344785#2,-128617369
3_4246,159344785#2,-128617374
3_4247,159344785#2,-128619666
3_4248,159344785#2,-151503392
3_4249,159344785#2,-151505951
3_4250,159344785#2,-173680979#2
3_4251,159344785#2,-202332915
3_4252,159344785#2,-202332917
3_4253,159344785#2,-223996981#0
3_4254,159344785#2,-25654991#0
3_4255,159344785#2,-31785293
3_4256,159344785#2,-380823372
3_4257,159344785#2,-431858308
3_4258,159344785#2,-48563893#0
3_4259,159344785#2,-50077954
3_4260,159344785#2,-50370685
3_4261,159344785#2,-50835389
3_4262,159344785#2,-577230015
3_4263,159344785#2,-577230016#0
3_4264,159344785#2,-794480008
3_4265,159344785#2,-93814018#0
3_4266,159344785#2,-95637907
3_4267,159344785#2,108634758#0
3_4268,159344785#2,110540729#3
3_4269,159344785#2,110540747#1
3_4270,159344785#2,1157760112#1
3_4271,159344785#2,1157760112#1-AddedOffRampEdge
3_4272,159344785#2,1157760112#1-AddedOnRampEdge
3_4273,159344785#2,1158669976
3_4274,159344785#2,1177928034#2
3_4275,159344785#2,1177928034#4
3_4276,159344785#2,1177928034#6
3_4277,159344785#2,1177928034#7
3_4278,159344785#2,1177928034#9
3_4279,159344785#2,1207872176
3_4280,159344785#2,1211804126
3_4281,159344785#2,1213551187#2
3_4282,159344785#2,1213551192
3_4283,159344785#2,1223054104#0
3_4284,159344785#2,1223054104#2
3_4285,159344785#2,1238851923#2
3_4286,159344785#2,1238851927#1
3_4287,159344785#2,128617366#1
3_4288,159344785#2,128617367
3_4289,159344785#2,128619665#0
3_4290,159344785#2,129120200
3_4291,159344785#2,129127803#6
3_4292,159344785#2,131752095#4
3_4293,159344785#2,147961515
3_4294,159344785#2,159344785#0
3_4295,159344785#2,25749210
3_4296,159344785#2,25817392#11
3_4297,159344785#2,25817411
3_4298,159344785#2,25817423#3
3_4299,159344785#2,25819177#2
3_4300,159344785#2,25838188#0
3_4301,159344785#2,25838210#1
3_4302,159344785#2,27237138
3_4303,159344785#2,28921528#2
3_4304,159344785#2,30672980#6
3_4305,159344785#2,30673027
3_4306,159344785#2,31785294
3_4307,159344785#2,416563917#2
3_4308,159344785#2,431858310
3_4309,159344785#2,48563893#0
3_4310,159344785#2,48563895#1
3_4311,159344785#2,48563895#5
3_4312,159344785#2,559456673#1
3_4313,159344785#2,559456673#3
3_4314,159344785#2,559456673#4
3_4315,159344785#2,559495119#0
3_4316,159344785#2,559495119#2
3_4317,159344785#2,559495119#4
3_4318,159344785#2,559495121#3
3_4319,159344785#2,559495121#6
3_4320,159344785#2,559495121#9
3_4321,159344785#2,577223388
3_4322,159344785#2,577223393#0
3_4323,159344785#2,577223393#2
3_4324,159344785#2,577223395
3_4325,159344785#2,577230016#2
3_4326,173680979#0,-110540722#0
3_4327,173680979#0,-1213551188#0
3_4328,173680979#0,-1213551191
3_4329,173680979#0,-128617369
3_4330,173680979#0,-128617374
3_4331,173680979#0,-128619666
3_4332,173680979#0,-151503392
3_4333,173680979#0,-151505951
3_4334,173680979#0,-173680979#2
3_4335,173680979#0,-202332915
3_4336,173680979#0,-202332917
3_4337,173680979#0,-223996981#0
3_4338,173680979#0,-25654991#0
3_4339,173680979#0,-31785293
3_4340,173680979#0,-380823372
3_4341,173680979#0,-431858308
3_4342,173680979#0,-48563893#0
3_4343,173680979#0,-50077954
3_4344,173680979#0,-50370685
3_4345,173680979#0,-50835389
3_4346,173680979#0,-577230015
3_4347,173680979#0,-577230016#0
3_4348,173680979#0,-794480008
3_4349,173680979#0,-93814018#0
3_4350,173680979#0,-95637907
3_4351,173680979#0,108634758#0
3_4352,173680979#0,110540729#3
3_4353,173680979#0,110540747#1
3_4354,173680979#0,1157760112#1
3_4355,173680979#0,1157760112#1-AddedOffRampEdge
3_4356,173680979#0,1157760112#1-AddedOnRampEdge
3_4357,173680979#0,1158669976
3_4358,173680979#0,1177928034#2
3_4359,173680979#0,1177928034#4
3_4360,173680979#0,1177928034#6
3_4361,173680979#0,1177928034#7
3_4362,173680979#0,1177928034#9
3_4363,173680979#0,1207872176
3_4364,173680979#0,1211804126
3_4365,173680979#0,1213551187#2
3_4366,173680979#0,1213551192
3_4367,173680979#0,1223054104#0
3_4368,173680979#0,1223054104#2
3_4369,173680979#0,1238851923#2
3_4370,173680979#0,1238851927#1
3_4371,173680979#0,128617366#1
3_4372,173680979#0,128617367
3_4373,173680979#0,128619665#0
3_4374,173680979#0,129120200
3_4375,173680979#0,129127803#6
3_4376,173680979#0,131752095#4
3_4377,173680979#0,147961515
3_4378,173680979#0,159344785#0
3_4379,173680979#0,159344785#2
3_4380,173680979#0,25749210
3_4381,173680979#0,25817392#11
3_4382,173680979#0,25817411
3_4383,173680979#0,25817423#3
3_4384,173680979#0,25819177#2
3_4385,173680979#0,25838188#0
3_4386,173680979#0,25838210#1
3_4387,173680979#0,27237138
3_4388,173680979#0,28921528#2
3_4389,173680979#0,30672980#6
3_4390,173680979#0,30673027
3_4391,173680979#0,31785294
3_4392,173680979#0,416563917#2
3_4393,173680979#0,431858310
3_4394,173680979#0,48563893#0
3_4395,173680979#0,48563895#1
3_4396,173680979#0,48563895#5
3_4397,173680979#0,559456673#1
3_4398,173680979#0,559456673#3
3_4399,173680979#0,559456673#4
3_4400,173680979#0,559495119#0
3_4401,173680979#0,559495119#2
3_4402,173680979#0,559495119#4
3_4403,173680979#0,559495121#3
3_4404,173680979#0,559495121#6
3_4405,173680979#0,559495121#9
3_4406,173680979#0,577223388
3_4407,173680979#0,577223393#0
3_4408,173680979#0,577223393#2
3_4409,173680979#0,577223395
3_4410,173680979#0,577230016#2
3_4411,202332915,-110540722#0
3_4412,202332915,-1213551188#0
3_4413,202332915,-1213551191
3_4414,202332915,-128617369
3_4415,202332915,-128617374
3_4416,202332915,-128619666
3_4417,202332915,-151503392
3_4418,202332915,-151505951
3_4419,202332915,-173680979#2
3_4420,202332915,-202332915
3_4421,202332915,-202332917
3_4422,202332915,-223996981#0
3_4423,202332915,-25654991#0
3_4424,202332915,-31785293
3_4425,202332915,-380823372
3_4426,202332915,-431858308
3_4427,202332915,-48563893#0
3_4428,202332915,-50077954
3_4429,202332915,-50370685
3_4430,202332915,-50835389
3_4431,202332915,-577230015
3_4432,202332915,-577230016#0
3_4433,202332915,-794480008
3_4434,202332915,-93814018#0
3_4435,202332915,-95637907
3_4436,202332915,108634758#0
3_4437,202332915,110540729#3
3_4438,202332915,110540747#1
3_4439,202332915,1157760112#1
3_4440,202332915,1157760112#1-AddedOffRampEdge
3_4441,202332915,1157760112#1-AddedOnRampEdge
3_4442,202332915,1158669976
3_4443,202332915,1177928034#2
3_4444,202332915,1177928034#4
3_4445,202332915,1177928034#6
3_4446,202332915,1177928034#7
3_4447,202332915,1177928034#9
3_4448,202332915,1207872176
3_4449,202332915,1211804126
3_4450,202332915,1213551187#2
3_4451,202332915,1213551192
3_4452,202332915,1223054104#0
3_4453,202332915,1223054104#2
3_4454,202332915,1238851923#2
3_4455,202332915,1238851927#1
3_4456,202332915,128617366#1
3_4457,202332915,128617367
3_4458,202332915,128619665#0
3_4459,202332915,129120200
3_4460,202332915,129127803#6
3_4461,202332915,131752095#4
3_4462,202332915,147961515
3_4463,202332915,159344785#0
3_4464,202332915,159344785#2
3_4465,202332915,25749210
3_4466,202332915,25817392#11
3_4467,202332915,25817411
3_4468,202332915,25817423#3
3_4469,202332915,25819177#2
3_4470,202332915,25838188#0
3_4471,202332915,25838210#1
3_4472,202332915,27237138
3_4473,202332915,28921528#2
3_4474,202332915,30672980#6
3_4475,202332915,30673027
3_4476,202332915,31785294
3_4477,202332915,416563917#2
3_4478,202332915,431858310
3_4479,202332915,48563893#0
3_4480,202332915,48563895#1
3_4481,202332915,48563895#5
3_4482,202332915,559456673#1
3_4483,202332915,559456673#3
3_4484,202332915,559456673#4
3_4485,202332915,559495119#0
3_4486,202332915,559495119#2
3_4487,202332915,559495119#4
3_4488,202332915,559495121#3
3_4489,202332915,559495121#6
3_4490,202332915,559495121#9
3_4491,202332915,577223388
3_4492,202332915,577223393#0
3_4493,202332915,577223393#2
3_4494,202332915,577223395
3_4495,202332915,577230016#2
3_4496,202332917,-110540722#0
3_4497,202332917,-1213551188#0
3_4498,202332917,-1213551191
3_4499,202332917,-128617369
3_4500,202332917,-128617374
3_4501,202332917,-128619666
3_4502,202332917,-151503392
3_4503,202332917,-151505951
3_4504,202332917,-173680979#2
3_4505,202332917,-202332915
3_4506,202332917,-202332917
3_4507,202332917,-223996981#0
3_4508,202332917,-25654991#0
3_4509,202332917,-31785293
3_4510,202332917,-380823372
3_4511,202332917,-431858308
3_4512,202332917,-48563893#0
3_4513,202332917,-50077954
3_4514,202332917,-50370685
3_4515,202332917,-50835389
3_4516,202332917,-577230015
3_4517,202332917,-577230016#0
3_4518,202332917,-794480008
3_4519,202332917,-93814018#0
3_4520,202332917,-95637907
3_4521,202332917,108634758#0
3_4522,202332917,110540729#3
3_4523,202332917,110540747#1
3_4524,202332917,1157760112#1
3_4525,202332917,1157760112#1-AddedOffRampEdge
3_4526,202332917,1157760112#1-AddedOnRampEdge
3_4527,202332917,1158669976
3_4528,202332917,1177928034#2
3_4529,202332917,1177928034#4
3_4530,202332917,1177928034#6
3_4531,202332917,1177928034#7
3_4532,202332917,1177928034#9
3_4533,202332917,1207872176
3_4534,202332917,1211804126
3_4535,202332917,1213551187#2
3_4536,202332917,1213551192
3_4537,202332917,1223054104#0
3_4538,202332917,1223054104#2
3_4539,202332917,1238851923#2
3_4540,202332917,1238851927#1
3_4541,202332917,128617366#1
3_4542,202332917,128617367
3_4543,202332917,128619665#0
3_4544,202332917,129120200
3_4545,202332917,129127803#6
3_4546,202332917,131752095#4
3_4547,202332917,147961515
3_4548,202332917,159344785#0
3_4549,202332917,159344785#2
3_4550,202332917,25749210
3_4551,202332917,25817392#11
3_4552,202332917,25817411
3_4553,202332917,25817423#3
3_4554,202332917,25819177#2
3_4555,202332917,25838188#0
3_4556,202332917,25838210#1
3_4557,202332917,27237138
3_4558,202332917,28921528#2
3_4559,202332917,30672980#6
3_4560,202332917,30673027
3_4561,202332917,31785294
3_4562,202332917,416563917#2
3_4563,202332917,431858310
3_4564,202332917,48563893#0
3_4565,202332917,48563895#1
3_4566,202332917,48563895#5
3_4567,202332917,559456673#1
3_4568,202332917,559456673#3
3_4569,202332917,559456673#4
3_4570,202332917,559495119#0
3_4571,202332917,559495119#2
3_4572,202332917,559495119#4
3_4573,202332917,559495121#3
3_4574,202332917,559495121#6
3_4575,202332917,559495121#9
3_4576,202332917,577223388
3_4577,202332917,577223393#0
3_4578,202332917,577223393#2
3_4579,202332917,577223395
3_4580,202332917,577230016#2
3_4581,25654991#0,-110540722#0
3_4582,25654991#0,-1213551188#0
3_4583,25654991#0,-1213551191
3_4584,25654991#0,-128617369
3_4585,25654991#0,-128617374
3_4586,25654991#0,-128619666
3_4587,25654991#0,-151503392
3_4588,25654991#0,-151505951
3_4589,25654991#0,-173680979#2
3_4590,25654991#0,-202332915
3_4591,25654991#0,-202332917
3_4592,25654991#0,-223996981#0
3_4593,25654991#0,-25654991#0
3_4594,25654991#0,-31785293
3_4595,25654991#0,-380823372
3_4596,25654991#0,-431858308
3_4597,25654991#0,-48563893#0
3_4598,25654991#0,-50077954
3_4599,25654991#0,-50370685
3_4600,25654991#0,-50835389
3_4601,25654991#0,-577230015
3_4602,25654991#0,-577230016#0
3_4603,25654991#0,-794480008
3_4604,25654991#0,-93814018#0
3_4605,25654991#0,-95637907
3_4606,25654991#0,108634758#0
3_4607,25654991#0,110540729#3
3_4608,25654991#0,110540747#1
3_4609,25654991#0,1157760112#1
3_4610,25654991#0,1157760112#1-AddedOffRampEdge
3_4611,25654991#0,1157760112#1-AddedOnRampEdge
3_4612,25654991#0,1158669976
3_4613,25654991#0,1177928034#2
3_4614,25654991#0,1177928034#4
3_4615,25654991#0,1177928034#6
3_4616,25654991#0,1177928034#7
3_4617,25654991#0,1177928034#9
3_4618,25654991#0,1207872176
3_4619,25654991#0,1211804126
3_4620,25654991#0,1213551187#2
3_4621,25654991#0,1213551192
3_4622,25654991#0,1223054104#0
3_4623,25654991#0,1223054104#2
3_4624,25654991#0,1238851923#2
3_4625,25654991#0,1238851927#1
3_4626,25654991#0,128617366#1
3_4627,25654991#0,128617367
3_4628,25654991#0,128619665#0
3_4629,25654991#0,129120200
3_4630,25654991#0,129127803#6
3_4631,25654991#0,131752095#4
3_4632,25654991#0,147961515
3_4633,25654991#0,159344785#0
3_4634,25654991#0,159344785#2
3_4635,25654991#0,25749210
3_4636,25654991#0,25817392#11
3_4637,25654991#0,25817411
3_4638,25654991#0,25817423#3
3_4639,25654991#0,25819177#2
3_4640,25654991#0,25838188#0
3_4641,25654991#0,25838210#1
3_4642,25654991#0,27237138
3_4643,25654991#0,28921528#2
3_4644,25654991#0,30672980#6
3_4645,25654991#0,30673027
3_4646,25654991#0,31785294
3_4647,25654991#0,416563917#2
3_4648,25654991#0,431858310
3_4649,25654991#0,48563893#0
3_4650,25654991#0,48563895#1
3_4651,25654991#0,48563895#5
3_4652,25654991#0,559456673#1
3_4653,25654991#0,559456673#3
3_4654,25654991#0,559456673#4
3_4655,25654991#0,559495119#0
3_4656,25654991#0,559495119#2
3_4657,25654991#0,559495119#4
3_4658,25654991#0,559495121#3
3_4659,25654991#0,559495121#6
3_4660,25654991#0,559495121#9
3_4661,25654991#0,577223388
3_4662,25654991#0,577223393#0
3_4663,25654991#0,577223393#2
3_4664,25654991#0,577223395
3_4665,25654991#0,577230016#2
3_4666,25817392#4,-110540722#0
3_4667,25817392#4,-1213551188#0
3_4668,25817392#4,-1213551191
3_4669,25817392#4,-128617369
3_4670,25817392#4,-128617374
3_4671,25817392#4,-128619666
3_4672,25817392#4,-151503392
3_4673,25817392#4,-151505951
3_4674,25817392#4,-173680979#2
3_4675,25817392#4,-202332915
3_4676,25817392#4,-202332917
3_4677,25817392#4,-223996981#0
3_4678,25817392#4,-25654991#0
3_4679,25817392#4,-31785293
3_4680,25817392#4,-380823372
3_4681,25817392#4,-431858308
3_4682,25817392#4,-48563893#0
3_4683,25817392#4,-50077954
3_4684,25817392#4,-50370685
3_4685,25817392#4,-50835389
3_4686,25817392#4,-577230015
3_4687,25817392#4,-577230016#0
3_4688,25817392#4,-794480008
3_4689,25817392#4,-93814018#0
3_4690,25817392#4,-95637907
3_4691,25817392#4,108634758#0
3_4692,25817392#4,110540729#3
3_4693,25817392#4,110540747#1
3_4694,25817392#4,1157760112#1
3_4695,25817392#4,1157760112#1-AddedOffRampEdge
3_4696,25817392#4,1157760112#1-AddedOnRampEdge
3_4697,25817392#4,1158669976
3_4698,25817392#4,1177928034#2
3_4699,25817392#4,1177928034#4
3_4700,25817392#4,1177928034#6
3_4701,25817392#4,1177928034#7
3_4702,25817392#4,1177928034#9
3_4703,25817392#4,1207872176
3_4704,25817392#4,1211804126
3_4705,25817392#4,1213551187#2
3_4706,25817392#4,1213551192
3_4707,25817392#4,1223054104#0
3_4708,25817392#4,1223054104#2
3_4709,25817392#4,1238851923#2
3_4710,25817392#4,1238851927#1
3_4711,25817392#4,128617366#1
3_4712,25817392#4,128617367
3_4713,25817392#4,128619665#0
3_4714,25817392#4,129120200
3_4715,25817392#4,129127803#6
3_4716,25817392#4,131752095#4
3_4717,25817392#4,147961515
3_4718,25817392#4,159344785#0
3_4719,25817392#4,159344785#2
3_4720,25817392#4,25749210
3_4721,25817392#4,25817392#11
3_4722,25817392#4,25817411
3_4723,25817392#4,25817423#3
3_4724,25817392#4,25819177#2
3_4725,25817392#4,25838188#0
3_4726,25817392#4,25838210#1
3_4727,25817392#4,27237138
3_4728,25817392#4,28921528#2
3_4729,25817392#4,30672980#6
3_4730,25817392#4,30673027
3_4731,25817392#4,31785294
3_4732,25817392#4,416563917#2
3_4733,25817392#4,431858310
3_4734,25817392#4,48563893#0
3_4735,25817392#4,48563895#1
3_4736,25817392#4,48563895#5
3_4737,25817392#4,559456673#1
3_4738,25817392#4,559456673#3
3_4739,25817392#4,559456673#4
3_4740,25817392#4,559495119#0
3_4741,25817392#4,559495119#2
3_4742,25817392#4,559495119#4
3_4743,25817392#4,559495121#3
3_4744,25817392#4,559495121#6
3_4745,25817392#4,559495121#9
3_4746,25817392#4,577223388
3_4747,25817392#4,577223393#0
3_4748,25817392#4,577223393#2
3_4749,25817392#4,577223395
3_4750,25817392#4,577230016#2
3_4751,25817392#7,-110540722#0
3_4752,25817392#7,-1213551188#0
3_4753,25817392#7,-1213551191
3_4754,25817392#7,-128617369
3_4755,25817392#7,-128617374
3_4756,25817392#7,-128619666
3_4757,25817392#7,-151503392
3_4758,25817392#7,-151505951
3_4759,25817392#7,-173680979#2
3_4760,25817392#7,-202332915
3_4761,25817392#7,-202332917
3_4762,25817392#7,-223996981#0
3_4763,25817392#7,-25654991#0
3_4764,25817392#7,-31785293
3_4765,25817392#7,-380823372
3_4766,25817392#7,-431858308
3_4767,25817392#7,-48563893#0
3_4768,25817392#7,-50077954
3_4769,25817392#7,-50370685
3_4770,25817392#7,-50835389
3_4771,25817392#7,-577230015
3_4772,25817392#7,-577230016#0
3_4773,25817392#7,-794480008
3_4774,25817392#7,-93814018#0
3_4775,25817392#7,-95637907
3_4776,25817392#7,108634758#0
3_4777,25817392#7,110540729#3
3_4778,25817392#7,110540747#1
3_4779,25817392#7,1157760112#1
3_4780,25817392#7,1157760112#1-AddedOffRampEdge
3_4781,25817392#7,1157760112#1-AddedOnRampEdge
3_4782,25817392#7,1158669976
3_4783,25817392#7,1177928034#2
3_4784,25817392#7,1177928034#4
3_4785,25817392#7,1177928034#6
3_4786,25817392#7,1177928034#7
3_4787,25817392#7,1177928034#9
3_4788,25817392#7,1207872176
3_4789,25817392#7,1211804126
3_4790,25817392#7,1213551187#2
3_4791,25817392#7,1213551192
3_4792,25817392#7,1223054104#0
3_4793,25817392#7,1223054104#2
3_4794,25817392#7,1238851923#2
3_4795,25817392#7,1238851927#1
3_4796,25817392#7,128617366#1
3_4797,25817392#7,128617367
3_4798,25817392#7,128619665#0
3_4799,25817392#7,129120200
3_4800,25817392#7,129127803#6
3_4801,25817392#7,131752095#4
3_4802,25817392#7,147961515
3_4803,25817392#7,159344785#0
3_4804,25817392#7,159344785#2
3_4805,25817392#7,25749210
3_4806,25817392#7,25817392#11
3_4807,25817392#7,25817411
3_4808,25817392#7,25817423#3
3_4809,25817392#7,25819177#2
3_4810,25817392#7,25838188#0
3_4811,25817392#7,25838210#1
3_4812,25817392#7,27237138
3_4813,25817392#7,28921528#2
3_4814,25817392#7,30672980#6
3_4815,25817392#7,30673027
3_4816,25817392#7,31785294
3_4817,25817392#7,416563917#2
3_4818,25817392#7,431858310
3_4819,25817392#7,48563893#0
3_4820,25817392#7,48563895#1
3_4821,25817392#7,48563895#5
3_4822,25817392#7,559456673#1
3_4823,25817392#7,559456673#3
3_4824,25817392#7,559456673#4
3_4825,25817392#7,559495119#0
3_4826,25817392#7,559495119#2
3_4827,25817392#7,559495119#4
3_4828,25817392#7,559495121#3
3_4829,25817392#7,559495121#6
3_4830,25817392#7,559495121#9
3_4831,25817392#7,577223388
3_4832,25817392#7,577223393#0
3_4833,25817392#7,577223393#2
3_4834,25817392#7,577223395
3_4835,25817392#7,577230016#2
3_4836,25817392#8,-110540722#0
3_4837,25817392#8,-1213551188#0
3_4838,25817392#8,-1213551191
3_4839,25817392#8,-128617369
3_4840,25817392#8,-128617374
3_4841,25817392#8,-128619666
3_4842,25817392#8,-151503392
3_4843,25817392#8,-151505951
3_4844,25817392#8,-173680979#2
3_4845,25817392#8,-202332915
3_4846,25817392#8,-202332917
3_4847,25817392#8,-223996981#0
3_4848,25817392#8,-25654991#0
3_4849,25817392#8,-31785293
3_4850,25817392#8,-380823372
3_4851,25817392#8,-431858308
3_4852,25817392#8,-48563893#0
3_4853,25817392#8,-50077954
3_4854,25817392#8,-50370685
3_4855,25817392#8,-50835389
3_4856,25817392#8,-577230015
3_4857,25817392#8,-577230016#0
3_4858,25817392#8,-794480008
3_4859,25817392#8,-93814018#0
3_4860,25817392#8,-95637907
3_4861,25817392#8,108634758#0
3_4862,25817392#8,110540729#3
3_4863,25817392#8,110540747#1
3_4864,25817392#8,1157760112#1
3_4865,25817392#8,1157760112#1-AddedOffRampEdge
3_4866,25817392#8,1157760112#1-AddedOnRampEdge
3_4867,25817392#8,1158669976
3_4868,25817392#8,1177928034#2
3_4869,25817392#8,1177928034#4
3_4870,25817392#8,1177928034#6
3_4871,25817392#8,1177928034#7
3_4872,25817392#8,1177928034#9
3_4873,25817392#8,1207872176
3_4874,25817392#8,1211804126
3_4875,25817392#8,1213551187#2
3_4876,25817392#8,1213551192
3_4877,25817392#8,1223054104#0
3_4878,25817392#8,1223054104#2
3_4879,25817392#8,1238851923#2
3_4880,25817392#8,1238851927#1
3_4881,25817392#8,128617366#1
3_4882,25817392#8,128617367
3_4883,25817392#8,128619665#0
3_4884,25817392#8,129120200
3_4885,25817392#8,129127803#6
3_4886,25817392#8,131752095#4
3_4887,25817392#8,147961515
3_4888,25817392#8,159344785#0
3_4889,25817392#8,159344785#2
3_4890,25817392#8,25749210
3_4891,25817392#8,25817392#11
3_4892,25817392#8,25817411
3_4893,25817392#8,25817423#3
3_4894,25817392#8,25819177#2
3_4895,25817392#8,25838188#0
3_4896,25817392#8,25838210#1
3_4897,25817392#8,27237138
3_4898,25817392#8,28921528#2
3_4899,25817392#8,30672980#6
3_4900,25817392#8,30673027
3_4901,25817392#8,31785294
3_4902,25817392#8,416563917#2
3_4903,25817392#8,431858310
3_4904,25817392#8,48563893#0
3_4905,25817392#8,48563895#1
3_4906,25817392#8,48563895#5
3_4907,25817392#8,559456673#1
3_4908,25817392#8,559456673#3
3_4909,25817392#8,559456673#4
3_4910,25817392#8,559495119#0
3_4911,25817392#8,559495119#2
3_4912,25817392#8,559495119#4
3_4913,25817392#8,559495121#3
3_4914,25817392#8,559495121#6
3_4915,25817392#8,559495121#9
3_4916,25817392#8,577223388
3_4917,25817392#8,577223393#0
3_4918,25817392#8,577223393#2
3_4919,25817392#8,577223395
3_4920,25817392#8,577230016#2
3_4921,25819177#0,-110540722#0
3_4922,25819177#0,-1213551188#0
3_4923,25819177#0,-1213551191
3_4924,25819177#0,-128617369
3_4925,25819177#0,-128617374
3_4926,25819177#0,-128619666
3_4927,25819177#0,-151503392
3_4928,25819177#0,-151505951
3_4929,25819177#0,-173680979#2
3_4930,25819177#0,-202332915
3_4931,25819177#0,-202332917
3_4932,25819177#0,-223996981#0
3_4933,25819177#0,-25654991#0
3_4934,25819177#0,-31785293
3_4935,25819177#0,-380823372
3_4936,25819177#0,-431858308
3_4937,25819177#0,-48563893#0
3_4938,25819177#0,-50077954
3_4939,25819177#0,-50370685
3_4940,25819177#0,-50835389
3_4941,25819177#0,-577230015
3_4942,25819177#0,-577230016#0
3_4943,25819177#0,-794480008
3_4944,25819177#0,-93814018#0
3_4945,25819177#0,-95637907
3_4946,25819177#0,108634758#0
3_4947,25819177#0,110540729#3
3_4948,25819177#0,110540747#1
3_4949,25819177#0,1157760112#1
3_4950,25819177#0,1157760112#1-AddedOffRampEdge
3_4951,25819177#0,1157760112#1-AddedOnRampEdge
3_4952,25819177#0,1158669976
3_4953,25819177#0,1177928034#2
3_4954,25819177#0,1177928034#4
3_4955,25819177#0,1177928034#6
3_4956,25819177#0,1177928034#7
3_4957,25819177#0,1177928034#9
3_4958,25819177#0,1207872176
3_4959,25819177#0,1211804126
3_4960,25819177#0,1213551187#2
3_4961,25819177#0,1213551192
3_4962,25819177#0,1223054104#0
3_4963,25819177#0,1223054104#2
3_4964,25819177#0,1238851923#2
3_4965,25819177#0,1238851927#1
3_4966,25819177#0,128617366#1
3_4967,25819177#0,128617367
3_4968,25819177#0,128619665#0
3_4969,25819177#0,129120200
3_4970,25819177#0,129127803#6
3_4971,25819177#0,131752095#4
3_4972,25819177#0,147961515
3_4973,25819177#0,159344785#0
3_4974,25819177#0,159344785#2
3_4975,25819177#0,25749210
3_4976,25819177#0,25817392#11
3_4977,25819177#0,25817411
3_4978,25819177#0,25817423#3
3_4979,25819177#0,25819177#2
3_4980,25819177#0,25838188#0
3_4981,25819177#0,25838210#1
3_4982,25819177#0,27237138
3_4983,25819177#0,28921528#2
3_4984,25819177#0,30672980#6
3_4985,25819177#0,30673027
3_4986,25819177#0,31785294
3_4987,25819177#0,416563917#2
3_4988,25819177#0,431858310
3_4989,25819177#0,48563893#0
3_4990,25819177#0,48563895#1
3_4991,25819177#0,48563895#5
3_4992,25819177#0,559456673#1
3_4993,25819177#0,559456673#3
3_4994,25819177#0,559456673#4
3_4995,25819177#0,559495119#0
3_4996,25819177#0,559495119#2
3_4997,25819177#0,559495119#4
3_4998,25819177#0,559495121#3
3_4999,25819177#0,559495121#6
3_5000,25819177#0,559495121#9
3_5001,25819177#0,577223388
3_5002,25819177#0,577223393#0
3_5003,25819177#0,577223393#2
3_5004,25819177#0,577223395
3_5005,25819177#0,577230016#2
3_5006,28921528#1,-110540722#0
3_5007,28921528#1,-1213551188#0
3_5008,28921528#1,-1213551191
3_5009,28921528#1,-128617369
3_5010,28921528#1,-128617374
3_5011,28921528#1,-128619666
3_5012,28921528#1,-151503392
3_5013,28921528#1,-151505951
3_5014,28921528#1,-173680979#2
3_5015,28921528#1,-202332915
3_5016,28921528#1,-202332917
3_5017,28921528#1,-223996981#0
3_5018,28921528#1,-25654991#0
3_5019,28921528#1,-31785293
3_5020,28921528#1,-380823372
3_5021,28921528#1,-431858308
3_5022,28921528#1,-48563893#0
3_5023,28921528#1,-50077954
3_5024,28921528#1,-50370685
3_5025,28921528#1,-50835389
3_5026,28921528#1,-577230015
3_5027,28921528#1,-577230016#0
3_5028,28921528#1,-794480008
3_5029,28921528#1,-93814018#0
3_5030,28921528#1,-95637907
3_5031,28921528#1,108634758#0
3_5032,28921528#1,110540729#3
3_5033,28921528#1,110540747#1
3_5034,28921528#1,1157760112#1
3_5035,28921528#1,1157760112#1-AddedOffRampEdge
3_5036,28921528#1,1157760112#1-AddedOnRampEdge
3_5037,28921528#1,1158669976
3_5038,28921528#1,1177928034#2
3_5039,28921528#1,1177928034#4
3_5040,28921528#1,1177928034#6
3_5041,28921528#1,1177928034#7
3_5042,28921528#1,1177928034#9
3_5043,28921528#1,1207872176
3_5044,28921528#1,1211804126
3_5045,28921528#1,1213551187#2
3_5046,28921528#1,1213551192
3_5047,28921528#1,1223054104#0
3_5048,28921528#1,1223054104#2
3_5049,28921528#1,1238851923#2
3_5050,28921528#1,1238851927#1
3_5051,28921528#1,128617366#1
3_5052,28921528#1,128617367
3_5053,28921528#1,128619665#0
3_5054,28921528#1,129120200
3_5055,28921528#1,129127803#6
3_5056,28921528#1,131752095#4
3_5057,28921528#1,147961515
3_5058,28921528#1,159344785#0
3_5059,28921528#1,159344785#2
3_5060,28921528#1,25749210
3_5061,28921528#1,25817392#11
3_5062,28921528#1,25817411
3_5063,28921528#1,25817423#3
3_5064,28921528#1,25819177#2
3_5065,28921528#1,25838188#0
3_5066,28921528#1,25838210#1
3_5067,28921528#1,27237138
3_5068,28921528#1,28921528#2
3_5069,28921528#1,30672980#6
3_5070,28921528#1,30673027
3_5071,28921528#1,31785294
3_5072,28921528#1,416563917#2
3_5073,28921528#1,431858310
3_5074,28921528#1,48563893#0
3_5075,28921528#1,48563895#1
3_5076,28921528#1,48563895#5
3_5077,28921528#1,559456673#1
3_5078,28921528#1,559456673#3
3_5079,28921528#1,559456673#4
3_5080,28921528#1,559495119#0
3_5081,28921528#1,559495119#2
3_5082,28921528#1,559495119#4
3_5083,28921528#1,559495121#3
3_5084,28921528#1,559495121#6
3_5085,28921528#1,559495121#9
3_5086,28921528#1,577223388
3_5087,28921528#1,577223393#0
3_5088,28921528#1,577223393#2
3_5089,28921528#1,577223395
3_5090,28921528#1,577230016#2
3_5091,30672530#0,-110540722#0
3_5092,30672530#0,-1213551188#0
3_5093,30672530#0,-1213551191
3_5094,30672530#0,-128617369
3_5095,30672530#0,-128617374
3_5096,30672530#0,-128619666
3_5097,30672530#0,-151503392
3_5098,30672530#0,-151505951
3_5099,30672530#0,-173680979#2
3_5100,30672530#0,-202332915
3_5101,30672530#0,-202332917
3_5102,30672530#0,-223996981#0
3_5103,30672530#0,-25654991#0
3_5104,30672530#0,-31785293
3_5105,30672530#0,-380823372
3_5106,30672530#0,-431858308
3_5107,30672530#0,-48563893#0
3_5108,30672530#0,-50077954
3_5109,30672530#0,-50370685
3_5110,30672530#0,-50835389
3_5111,30672530#0,-577230015
3_5112,30672530#0,-577230016#0
3_5113,30672530#0,-794480008
3_5114,30672530#0,-93814018#0
3_5115,30672530#0,-95637907
3_5116,30672530#0,108634758#0
3_5117,30672530#0,110540729#3
3_5118,30672530#0,110540747#1
3_5119,30672530#0,1157760112#1
3_5120,30672530#0,1157760112#1-AddedOffRampEdge
3_5121,30672530#0,1157760112#1-AddedOnRampEdge
3_5122,30672530#0,1158669976
3_5123,30672530#0,1177928034#2
3_5124,30672530#0,1177928034#4
3_5125,30672530#0,1177928034#6
3_5126,30672530#0,1177928034#7
3_5127,30672530#0,1177928034#9
3_5128,30672530#0,1207872176
3_5129,30672530#0,1211804126
3_5130,30672530#0,1213551187#2
3_5131,30672530#0,1213551192
3_5132,30672530#0,1223054104#0
3_5133,30672530#0,1223054104#2
3_5134,30672530#0,1238851923#2
3_5135,30672530#0,1238851927#1
3_5136,30672530#0,128617366#1
3_5137,30672530#0,128617367
3_5138,30672530#0,128619665#0
3_5139,30672530#0,129120200
3_5140,30672530#0,129127803#6
3_5141,30672530#0,131752095#4
3_5142,30672530#0,147961515
3_5143,30672530#0,159344785#0
3_5144,30672530#0,159344785#2
3_5145,30672530#0,25749210
3_5146,30672530#0,25817392#11
3_5147,30672530#0,25817411
3_5148,30672530#0,25817423#3
3_5149,30672530#0,25819177#2
3_5150,30672530#0,25838188#0
3_5151,30672530#0,25838210#1
3_5152,30672530#0,27237138
3_5153,30672530#0,28921528#2
3_5154,30672530#0,30672980#6
3_5155,30672530#0,30673027
3_5156,30672530#0,31785294
3_5157,30672530#0,416563917#2
3_5158,30672530#0,431858310
3_5159,30672530#0,48563893#0
3_5160,30672530#0,48563895#1
3_5161,30672530#0,48563895#5
3_5162,30672530#0,559456673#1
3_5163,30672530#0,559456673#3
3_5164,30672530#0,559456673#4
3_5165,30672530#0,559495119#0
3_5166,30672530#0,559495119#2
3_5167,30672530#0,559495119#4
3_5168,30672530#0,559495121#3
3_5169,30672530#0,559495121#6
3_5170,30672530#0,559495121#9
3_5171,30672530#0,577223388
3_5172,30672530#0,577223393#0
3_5173,30672530#0,577223393#2
3_5174,30672530#0,577223395
3_5175,30672530#0,577230016#2
3_5176,30672530#1,-110540722#0
3_5177,30672530#1,-1213551188#0
3_5178,30672530#1,-1213551191
3_5179,30672530#1,-128617369
3_5180,30672530#1,-128617374
3_5181,30672530#1,-128619666
3_5182,30672530#1,-151503392
3_5183,30672530#1,-151505951
3_5184,30672530#1,-173680979#2
3_5185,30672530#1,-202332915
3_5186,30672530#1,-202332917
3_5187,30672530#1,-223996981#0
3_5188,30672530#1,-25654991#0
3_5189,30672530#1,-31785293
3_5190,30672530#1,-380823372
3_5191,30672530#1,-431858308
3_5192,30672530#1,-48563893#0
3_5193,30672530#1,-50077954
3_5194,30672530#1,-50370685
3_5195,30672530#1,-50835389
3_5196,30672530#1,-577230015
3_5197,30672530#1,-577230016#0
3_5198,30672530#1,-794480008
3_5199,30672530#1,-93814018#0
3_5200,30672530#1,-95637907
3_5201,30672530#1,108634758#0
3_5202,30672530#1,110540729#3
3_5203,30672530#1,110540747#1
3_5204,30672530#1,1157760112#1
3_5205,30672530#1,1157760112#1-AddedOffRampEdge
3_5206,30672530#1,1157760112#1-AddedOnRampEdge
3_5207,30672530#1,1158669976
3_5208,30672530#1,1177928034#2
3_5209,30672530#1,1177928034#4
3_5210,30672530#1,1177928034#6
3_5211,30672530#1,1177928034#7
3_5212,30672530#1,1177928034#9
3_5213,30672530#1,1207872176
3_5214,30672530#1,1211804126
3_5215,30672530#1,1213551187#2
3_5216,30672530#1,1213551192
3_5217,30672530#1,1223054104#0
3_5218,30672530#1,1223054104#2
3_5219,30672530#1,1238851923#2
3_5220,30672530#1,1238851927#1
3_5221,30672530#1,128617366#1
3_5222,30672530#1,128617367
3_5223,30672530#1,128619665#0
3_5224,30672530#1,129120200
3_5225,30672530#1,129127803#6
3_5226,30672530#1,131752095#4
3_5227,30672530#1,147961515
3_5228,30672530#1,159344785#0
3_5229,30672530#1,159344785#2
3_5230,30672530#1,25749210
3_5231,30672530#1,25817392#11
3_5232,30672530#1,25817411
3_5233,30672530#1,25817423#3
3_5234,30672530#1,25819177#2
3_5235,30672530#1,25838188#0
3_5236,30672530#1,25838210#1
3_5237,30672530#1,27237138
3_5238,30672530#1,28921528#2
3_5239,30672530#1,30672980#6
3_5240,30672530#1,30673027
3_5241,30672530#1,31785294
3_5242,30672530#1,416563917#2
3_5243,30672530#1,431858310
3_5244,30672530#1,48563893#0
3_5245,30672530#1,48563895#1
3_5246,30672530#1,48563895#5
3_5247,30672530#1,559456673#1
3_5248,30672530#1,559456673#3
3_5249,30672530#1,559456673#4
3_5250,30672530#1,559495119#0
3_5251,30672530#1,559495119#2
3_5252,30672530#1,559495119#4
3_5253,30672530#1,559495121#3
3_5254,30672530#1,559495121#6
3_5255,30672530#1,559495121#9
3_5256,30672530#1,577223388
3_5257,30672530#1,577223393#0
3_5258,30672530#1,577223393#2
3_5259,30672530#1,577223395
3_5260,30672530#1,577230016#2
3_5261,30672817#0,-110540722#0
3_5262,30672817#0,-1213551188#0
3_5263,30672817#0,-1213551191
3_5264,30672817#0,-128617369
3_5265,30672817#0,-128617374
3_5266,30672817#0,-128619666
3_5267,30672817#0,-151503392
3_5268,30672817#0,-151505951
3_5269,30672817#0,-173680979#2
3_5270,30672817#0,-202332915
3_5271,30672817#0,-202332917
3_5272,30672817#0,-223996981#0
3_5273,30672817#0,-25654991#0
3_5274,30672817#0,-31785293
3_5275,30672817#0,-380823372
3_5276,30672817#0,-431858308
3_5277,30672817#0,-48563893#0
3_5278,30672817#0,-50077954
3_5279,30672817#0,-50370685
3_5280,30672817#0,-50835389
3_5281,30672817#0,-577230015
3_5282,30672817#0,-577230016#0
3_5283,30672817#0,-794480008
3_5284,30672817#0,-93814018#0
3_5285,30672817#0,-95637907
3_5286,30672817#0,108634758#0
3_5287,30672817#0,110540729#3
3_5288,30672817#0,110540747#1
3_5289,30672817#0,1146088387#0
3_5290,30672817#0,1157760112#1
3_5291,30672817#0,1157760112#1-AddedOffRampEdge
3_5292,30672817#0,1157760112#1-AddedOnRampEdge
3_5293,30672817#0,1158669976
3_5294,30672817#0,1177928034#2
3_5295,30672817#0,1177928034#4
3_5296,30672817#0,1177928034#6
3_5297,30672817#0,1177928034#7
3_5298,30672817#0,1177928034#9
3_5299,30672817#0,1207872176
3_5300,30672817#0,1211804126
3_5301,30672817#0,1213551187#2
3_5302,30672817#0,1213551192
3_5303,30672817#0,1223054104#0
3_5304,30672817#0,1223054104#2
3_5305,30672817#0,1238851923#2
3_5306,30672817#0,1238851927#1
3_5307,30672817#0,128617366#1
3_5308,30672817#0,128617367
3_5309,30672817#0,128619665#0
3_5310,30672817#0,129120200
3_5311,30672817#0,129127803#6
3_5312,30672817#0,131752095#4
3_5313,30672817#0,147961515
3_5314,30672817#0,159344785#0
3_5315,30672817#0,159344785#2
3_5316,30672817#0,25749210
3_5317,30672817#0,25817392#11
3_5318,30672817#0,25817411
3_5319,30672817#0,25817423#3
3_5320,30672817#0,25819177#2
3_5321,30672817#0,25838188#0
3_5322,30672817#0,25838210#1
3_5323,30672817#0,27237138
3_5324,30672817#0,28921528#2
3_5325,30672817#0,30672817#1
3_5326,30672817#0,30672817#1-AddedOnRampEdge
3_5327,30672817#0,30672817#3
3_5328,30672817#0,30672980#6
3_5329,30672817#0,30673027
3_5330,30672817#0,31785294
3_5331,30672817#0,416563917#2
3_5332,30672817#0,431858310
3_5333,30672817#0,48563893#0
3_5334,30672817#0,48563895#1
3_5335,30672817#0,48563895#5
3_5336,30672817#0,559456673#1
3_5337,30672817#0,559456673#3
3_5338,30672817#0,559456673#4
3_5339,30672817#0,559495119#0
3_5340,30672817#0,559495119#2
3_5341,30672817#0,559495119#4
3_5342,30672817#0,559495121#3
3_5343,30672817#0,559495121#6
3_5344,30672817#0,559495121#9
3_5345,30672817#0,577223388
3_5346,30672817#0,577223393#0
3_5347,30672817#0,577223393#2
3_5348,30672817#0,577223395
3_5349,30672817#0,577230016#2
3_5350,30672817#1,-110540722#0
3_5351,30672817#1,-1213551188#0
3_5352,30672817#1,-1213551191
3_5353,30672817#1,-128617369
3_5354,30672817#1,-128617374
3_5355,30672817#1,-128619666
3_5356,30672817#1,-151503392
3_5357,30672817#1,-151505951
3_5358,30672817#1,-173680979#2
3_5359,30672817#1,-202332915
3_5360,30672817#1,-202332917
3_5361,30672817#1,-223996981#0
3_5362,30672817#1,-25654991#0
3_5363,30672817#1,-31785293
3_5364,30672817#1,-380823372
3_5365,30672817#1,-431858308
3_5366,30672817#1,-48563893#0
3_5367,30672817#1,-50077954
3_5368,30672817#1,-50370685
3_5369,30672817#1,-50835389
3_5370,30672817#1,-577230015
3_5371,30672817#1,-577230016#0
3_5372,30672817#1,-794480008
3_5373,30672817#1,-93814018#0
3_5374,30672817#1,-95637907
3_5375,30672817#1,108634758#0
3_5376,30672817#1,110540729#3
3_5377,30672817#1,110540747#1
3_5378,30672817#1,1146088387#0
3_5379,30672817#1,1157760112#1
3_5380,30672817#1,1157760112#1-AddedOffRampEdge
3_5381,30672817#1,1157760112#1-AddedOnRampEdge
3_5382,30672817#1,1158669976
3_5383,30672817#1,1177928034#2
3_5384,30672817#1,1177928034#4
3_5385,30672817#1,1177928034#6
3_5386,30672817#1,1177928034#7
3_5387,30672817#1,1177928034#9
3_5388,30672817#1,1207872176
3_5389,30672817#1,1211804126
3_5390,30672817#1,1213551187#2
3_5391,30672817#1,1213551192
3_5392,30672817#1,1223054104#0
3_5393,30672817#1,1223054104#2
3_5394,30672817#1,1238851923#2
3_5395,30672817#1,1238851927#1
3_5396,30672817#1,128617366#1
3_5397,30672817#1,128617367
3_5398,30672817#1,128619665#0
3_5399,30672817#1,129120200
3_5400,30672817#1,129127803#6
3_5401,30672817#1,131752095#4
3_5402,30672817#1,147961515
3_5403,30672817#1,159344785#0
3_5404,30672817#1,159344785#2
3_5405,30672817#1,25749210
3_5406,30672817#1,25817392#11
3_5407,30672817#1,25817411
3_5408,30672817#1,25817423#3
3_5409,30672817#1,25819177#2
3_5410,30672817#1,25838188#0
3_5411,30672817#1,25838210#1
3_5412,30672817#1,27237138
3_5413,30672817#1,28921528#2
3_5414,30672817#1,30672817#3
3_5415,30672817#1,30672980#6
3_5416,30672817#1,30673027
3_5417,30672817#1,31785294
3_5418,30672817#1,416563917#2
3_5419,30672817#1,431858310
3_5420,30672817#1,48563893#0
3_5421,30672817#1,48563895#1
3_5422,30672817#1,48563895#5
3_5423,30672817#1,559456673#1
3_5424,30672817#1,559456673#3
3_5425,30672817#1,559456673#4
3_5426,30672817#1,559495119#0
3_5427,30672817#1,559495119#2
3_5428,30672817#1,559495119#4
3_5429,30672817#1,559495121#3
3_5430,30672817#1,559495121#6
3_5431,30672817#1,559495121#9
3_5432,30672817#1,577223388
3_5433,30672817#1,577223393#0
3_5434,30672817#1,577223393#2
3_5435,30672817#1,577223395
3_5436,30672817#1,577230016#2
3_5437,30672817#1-AddedOnRampEdge,-110540722#0
3_5438,30672817#1-AddedOnRampEdge,-1213551188#0
3_5439,30672817#1-AddedOnRampEdge,-1213551191
3_5440,30672817#1-AddedOnRampEdge,-128617369
3_5441,30672817#1-AddedOnRampEdge,-128617374
3_5442,30672817#1-AddedOnRampEdge,-128619666
3_5443,30672817#1-AddedOnRampEdge,-151503392
3_5444,30672817#1-AddedOnRampEdge,-151505951
3_5445,30672817#1-AddedOnRampEdge,-173680979#2
3_5446,30672817#1-AddedOnRampEdge,-202332915
3_5447,30672817#1-AddedOnRampEdge,-202332917
3_5448,30672817#1-AddedOnRampEdge,-223996981#0
3_5449,30672817#1-AddedOnRampEdge,-25654991#0
3_5450,30672817#1-AddedOnRampEdge,-31785293
3_5451,30672817#1-AddedOnRampEdge,-380823372
3_5452,30672817#1-AddedOnRampEdge,-431858308
3_5453,30672817#1-AddedOnRampEdge,-48563893#0
3_5454,30672817#1-AddedOnRampEdge,-50077954
3_5455,30672817#1-AddedOnRampEdge,-50370685
3_5456,30672817#1-AddedOnRampEdge,-50835389
3_5457,30672817#1-AddedOnRampEdge,-577230015
3_5458,30672817#1-AddedOnRampEdge,-577230016#0
3_5459,30672817#1-AddedOnRampEdge,-794480008
3_5460,30672817#1-AddedOnRampEdge,-93814018#0
3_5461,30672817#1-AddedOnRampEdge,-95637907
3_5462,30672817#1-AddedOnRampEdge,108634758#0
3_5463,30672817#1-AddedOnRampEdge,110540729#3
3_5464,30672817#1-AddedOnRampEdge,110540747#1
3_5465,30672817#1-AddedOnRampEdge,1146088387#0
3_5466,30672817#1-AddedOnRampEdge,1157760112#1
3_5467,30672817#1-AddedOnRampEdge,1157760112#1-AddedOffRampEdge
3_5468,30672817#1-AddedOnRampEdge,1157760112#1-AddedOnRampEdge
3_5469,30672817#1-AddedOnRampEdge,1158669976
3_5470,30672817#1-AddedOnRampEdge,1177928034#2
3_5471,30672817#1-AddedOnRampEdge,1177928034#4
3_5472,30672817#1-AddedOnRampEdge,1177928034#6
3_5473,30672817#1-AddedOnRampEdge,1177928034#7
3_5474,30672817#1-AddedOnRampEdge,1177928034#9
3_5475,30672817#1-AddedOnRampEdge,1207872176
3_5476,30672817#1-AddedOnRampEdge,1211804126
3_5477,30672817#1-AddedOnRampEdge,1213551187#2
3_5478,30672817#1-AddedOnRampEdge,1213551192
3_5479,30672817#1-AddedOnRampEdge,1223054104#0
3_5480,30672817#1-AddedOnRampEdge,1223054104#2
3_5481,30672817#1-AddedOnRampEdge,1238851923#2
3_5482,30672817#1-AddedOnRampEdge,1238851927#1
3_5483,30672817#1-AddedOnRampEdge,128617366#1
3_5484,30672817#1-AddedOnRampEdge,128617367
3_5485,30672817#1-AddedOnRampEdge,128619665#0
3_5486,30672817#1-AddedOnRampEdge,129120200
3_5487,30672817#1-AddedOnRampEdge,129127803#6
3_5488,30672817#1-AddedOnRampEdge,131752095#4
3_5489,30672817#1-AddedOnRampEdge,147961515
3_5490,30672817#1-AddedOnRampEdge,159344785#0
3_5491,30672817#1-AddedOnRampEdge,159344785#2
3_5492,30672817#1-AddedOnRampEdge,25749210
3_5493,30672817#1-AddedOnRampEdge,25817392#11
3_5494,30672817#1-AddedOnRampEdge,25817411
3_5495,30672817#1-AddedOnRampEdge,25817423#3
3_5496,30672817#1-AddedOnRampEdge,25819177#2
3_5497,30672817#1-AddedOnRampEdge,25838188#0
3_5498,30672817#1-AddedOnRampEdge,25838210#1
3_5499,30672817#1-AddedOnRampEdge,27237138
3_5500,30672817#1-AddedOnRampEdge,28921528#2
3_5501,30672817#1-AddedOnRampEdge,30672817#1
3_5502,30672817#1-AddedOnRampEdge,30672817#3
3_5503,30672817#1-AddedOnRampEdge,30672980#6
3_5504,30672817#1-AddedOnRampEdge,30673027
3_5505,30672817#1-AddedOnRampEdge,31785294
3_5506,30672817#1-AddedOnRampEdge,416563917#2
3_5507,30672817#1-AddedOnRampEdge,431858310
3_5508,30672817#1-AddedOnRampEdge,48563893#0
3_5509,30672817#1-AddedOnRampEdge,48563895#1
3_5510,30672817#1-AddedOnRampEdge,48563895#5
3_5511,30672817#1-AddedOnRampEdge,559456673#1
3_5512,30672817#1-AddedOnRampEdge,559456673#3
3_5513,30672817#1-AddedOnRampEdge,559456673#4
3_5514,30672817#1-AddedOnRampEdge,559495119#0
3_5515,30672817#1-AddedOnRampEdge,559495119#2
3_5516,30672817#1-AddedOnRampEdge,559495119#4
3_5517,30672817#1-AddedOnRampEdge,559495121#3
3_5518,30672817#1-AddedOnRampEdge,559495121#6
3_5519,30672817#1-AddedOnRampEdge,559495121#9
3_5520,30672817#1-AddedOnRampEdge,577223388
3_5521,30672817#1-AddedOnRampEdge,577223393#0
3_5522,30672817#1-AddedOnRampEdge,577223393#2
3_5523,30672817#1-AddedOnRampEdge,577223395
3_5524,30672817#1-AddedOnRampEdge,577230016#2
3_5525,30672817#3,-110540722#0
3_5526,30672817#3,-1213551188#0
3_5527,30672817#3,-1213551191
3_5528,30672817#3,-128617369
3_5529,30672817#3,-128617374
3_5530,30672817#3,-128619666
3_5531,30672817#3,-151503392
3_5532,30672817#3,-151505951
3_5533,30672817#3,-173680979#2
3_5534,30672817#3,-202332915
3_5535,30672817#3,-202332917
3_5536,30672817#3,-223996981#0
3_5537,30672817#3,-25654991#0
3_5538,30672817#3,-31785293
3_5539,30672817#3,-380823372
3_5540,30672817#3,-431858308
3_5541,30672817#3,-48563893#0
3_5542,30672817#3,-50077954
3_5543,30672817#3,-50370685
3_5544,30672817#3,-50835389
3_5545,30672817#3,-577230015
3_5546,30672817#3,-577230016#0
3_5547,30672817#3,-794480008
3_5548,30672817#3,-93814018#0
3_5549,30672817#3,-95637907
3_5550,30672817#3,108634758#0
3_5551,30672817#3,110540729#3
3_5552,30672817#3,110540747#1
3_5553,30672817#3,1146088387#0
3_5554,30672817#3,1157760112#1
3_5555,30672817#3,1157760112#1-AddedOffRampEdge
3_5556,30672817#3,1157760112#1-AddedOnRampEdge
3_5557,30672817#3,1158669976
3_5558,30672817#3,1177928034#2
3_5559,30672817#3,1177928034#4
3_5560,30672817#3,1177928034#6
3_5561,30672817#3,1177928034#7
3_5562,30672817#3,1177928034#9
3_5563,30672817#3,1207872176
3_5564,30672817#3,1211804126
3_5565,30672817#3,1213551187#2
3_5566,30672817#3,1213551192
3_5567,30672817#3,1223054104#0
3_5568,30672817#3,1223054104#2
3_5569,30672817#3,1238851923#2
3_5570,30672817#3,1238851927#1
3_5571,30672817#3,128617366#1
3_5572,30672817#3,128617367
3_5573,30672817#3,128619665#0
3_5574,30672817#3,129120200
3_5575,30672817#3,129127803#6
3_5576,30672817#3,131752095#4
3_5577,30672817#3,147961515
3_5578,30672817#3,159344785#0
3_5579,30672817#3,159344785#2
3_5580,30672817#3,25749210
3_5581,30672817#3,25817392#11
3_5582,30672817#3,25817411
3_5583,30672817#3,25817423#3
3_5584,30672817#3,25819177#2
3_5585,30672817#3,25838188#0
3_5586,30672817#3,25838210#1
3_5587,30672817#3,27237138
3_5588,30672817#3,28921528#2
3_5589,30672817#3,30672980#6
3_5590,30672817#3,30673027
3_5591,30672817#3,31785294
3_5592,30672817#3,416563917#2
3_5593,30672817#3,431858310
3_5594,30672817#3,48563893#0
3_5595,30672817#3,48563895#1
3_5596,30672817#3,48563895#5
3_5597,30672817#3,559456673#1
3_5598,30672817#3,559456673#3
3_5599,30672817#3,559456673#4
3_5600,30672817#3,559495119#0
3_5601,30672817#3,559495119#2
3_5602,30672817#3,559495119#4
3_5603,30672817#3,559495121#3
3_5604,30672817#3,559495121#6
3_5605,30672817#3,559495121#9
3_5606,30672817#3,577223388
3_5607,30672817#3,577223393#0
3_5608,30672817#3,577223393#2
3_5609,30672817#3,577223395
3_5610,30672817#3,577230016#2
3_5611,30672980#3,-110540722#0
3_5612,30672980#3,-1213551188#0
3_5613,30672980#3,-1213551191
3_5614,30672980#3,-128617369
3_5615,30672980#3,-128617374
3_5616,30672980#3,-128619666
3_5617,30672980#3,-151503392
3_5618,30672980#3,-151505951
3_5619,30672980#3,-173680979#2
3_5620,30672980#3,-202332915
3_5621,30672980#3,-202332917
3_5622,30672980#3,-223996981#0
3_5623,30672980#3,-25654991#0
3_5624,30672980#3,-31785293
3_5625,30672980#3,-380823372
3_5626,30672980#3,-431858308
3_5627,30672980#3,-48563893#0
3_5628,30672980#3,-50077954
3_5629,30672980#3,-50370685
3_5630,30672980#3,-50835389
3_5631,30672980#3,-577230015
3_5632,30672980#3,-577230016#0
3_5633,30672980#3,-794480008
3_5634,30672980#3,-93814018#0
3_5635,30672980#3,-95637907
3_5636,30672980#3,108634758#0
3_5637,30672980#3,110540729#3
3_5638,30672980#3,110540747#1
3_5639,30672980#3,1157760112#1
3_5640,30672980#3,1157760112#1-AddedOffRampEdge
3_5641,30672980#3,1157760112#1-AddedOnRampEdge
3_5642,30672980#3,1158669976
3_5643,30672980#3,1177928034#2
3_5644,30672980#3,1177928034#4
3_5645,30672980#3,1177928034#6
3_5646,30672980#3,1177928034#7
3_5647,30672980#3,1177928034#9
3_5648,30672980#3,1207872176
3_5649,30672980#3,1211804126
3_5650,30672980#3,1213551187#2
3_5651,30672980#3,1213551192
3_5652,30672980#3,1223054104#0
3_5653,30672980#3,1223054104#2
3_5654,30672980#3,1238851923#2
3_5655,30672980#3,1238851927#1
3_5656,30672980#3,128617366#1
3_5657,30672980#3,128617367
3_5658,30672980#3,128619665#0
3_5659,30672980#3,129120200
3_5660,30672980#3,129127803#6
3_5661,30672980#3,131752095#4
3_5662,30672980#3,147961515
3_5663,30672980#3,159344785#0
3_5664,30672980#3,159344785#2
3_5665,30672980#3,25749210
3_5666,30672980#3,25817392#11
3_5667,30672980#3,25817411
3_5668,30672980#3,25817423#3
3_5669,30672980#3,25819177#2
3_5670,30672980#3,25838188#0
3_5671,30672980#3,25838210#1
3_5672,30672980#3,27237138
3_5673,30672980#3,28921528#2
3_5674,30672980#3,30672980#6
3_5675,30672980#3,30673027
3_5676,30672980#3,31785294
3_5677,30672980#3,416563917#2
3_5678,30672980#3,431858310
3_5679,30672980#3,48563893#0
3_5680,30672980#3,48563895#1
3_5681,30672980#3,48563895#5
3_5682,30672980#3,559456673#1
3_5683,30672980#3,559456673#3
3_5684,30672980#3,559456673#4
3_5685,30672980#3,559495119#0
3_5686,30672980#3,559495119#2
3_5687,30672980#3,559495119#4
3_5688,30672980#3,559495121#3
3_5689,30672980#3,559495121#6
3_5690,30672980#3,559495121#9
3_5691,30672980#3,577223388
3_5692,30672980#3,577223393#0
3_5693,30672980#3,577223393#2
3_5694,30672980#3,577223395
3_5695,30672980#3,577230016#2
3_5696,30672980#4,-110540722#0
3_5697,30672980#4,-1213551188#0
3_5698,30672980#4,-1213551191
3_5699,30672980#4,-128617369
3_5700,30672980#4,-128617374
3_5701,30672980#4,-128619666
3_5702,30672980#4,-151503392
3_5703,30672980#4,-151505951
3_5704,30672980#4,-173680979#2
3_5705,30672980#4,-202332915
3_5706,30672980#4,-202332917
3_5707,30672980#4,-223996981#0
3_5708,30672980#4,-25654991#0
3_5709,30672980#4,-31785293
3_5710,30672980#4,-380823372
3_5711,30672980#4,-431858308
3_5712,30672980#4,-48563893#0
3_5713,30672980#4,-50077954
3_5714,30672980#4,-50370685
3_5715,30672980#4,-50835389
3_5716,30672980#4,-577230015
3_5717,30672980#4,-577230016#0
3_5718,30672980#4,-794480008
3_5719,30672980#4,-93814018#0
3_5720,30672980#4,-95637907
3_5721,30672980#4,108634758#0
3_5722,30672980#4,110540729#3
3_5723,30672980#4,110540747#1
3_5724,30672980#4,1157760112#1
3_5725,30672980#4,1157760112#1-AddedOffRampEdge
3_5726,30672980#4,1157760112#1-AddedOnRampEdge
3_5727,30672980#4,1158669976
3_5728,30672980#4,1177928034#2
3_5729,30672980#4,1177928034#4
3_5730,30672980#4,1177928034#6
3_5731,30672980#4,1177928034#7
3_5732,30672980#4,1177928034#9
3_5733,30672980#4,1207872176
3_5734,30672980#4,1211804126
3_5735,30672980#4,1213551187#2
3_5736,30672980#4,1213551192
3_5737,30672980#4,1223054104#0
3_5738,30672980#4,1223054104#2
3_5739,30672980#4,1238851923#2
3_5740,30672980#4,1238851927#1
3_5741,30672980#4,128617366#1
3_5742,30672980#4,128617367
3_5743,30672980#4,128619665#0
3_5744,30672980#4,129120200
3_5745,30672980#4,129127803#6
3_5746,30672980#4,131752095#4
3_5747,30672980#4,147961515
3_5748,30672980#4,159344785#0
3_5749,30672980#4,159344785#2
3_5750,30672980#4,25749210
3_5751,30672980#4,25817392#11
3_5752,30672980#4,25817411
3_5753,30672980#4,25817423#3
3_5754,30672980#4,25819177#2
3_5755,30672980#4,25838188#0
3_5756,30672980#4,25838210#1
3_5757,30672980#4,27237138
3_5758,30672980#4,28921528#2
3_5759,30672980#4,30672980#6
3_5760,30672980#4,30673027
3_5761,30672980#4,31785294
3_5762,30672980#4,416563917#2
3_5763,30672980#4,431858310
3_5764,30672980#4,48563893#0
3_5765,30672980#4,48563895#1
3_5766,30672980#4,48563895#5
3_5767,30672980#4,559456673#1
3_5768,30672980#4,559456673#3
3_5769,30672980#4,559456673#4
3_5770,30672980#4,559495119#0
3_5771,30672980#4,559495119#2
3_5772,30672980#4,559495119#4
3_5773,30672980#4,559495121#3
3_5774,30672980#4,559495121#6
3_5775,30672980#4,559495121#9
3_5776,30672980#4,577223388
3_5777,30672980#4,577223393#0
3_5778,30672980#4,577223393#2
3_5779,30672980#4,577223395
3_5780,30672980#4,577230016#2
3_5781,31785293,-110540722#0
3_5782,31785293,-1213551188#0
3_5783,31785293,-1213551191
3_5784,31785293,-128617369
3_5785,31785293,-128617374
3_5786,31785293,-128619666
3_5787,31785293,-151503392
3_5788,31785293,-151505951
3_5789,31785293,-173680979#2
3_5790,31785293,-202332915
3_5791,31785293,-202332917
3_5792,31785293,-223996981#0
3_5793,31785293,-25654991#0
3_5794,31785293,-31785293
3_5795,31785293,-380823372
3_5796,31785293,-431858308
3_5797,31785293,-48563893#0
3_5798,31785293,-50077954
3_5799,31785293,-50370685
3_5800,31785293,-50835389
3_5801,31785293,-577230015
3_5802,31785293,-577230016#0
3_5803,31785293,-794480008
3_5804,31785293,-93814018#0
3_5805,31785293,-95637907
3_5806,31785293,108634758#0
3_5807,31785293,110540729#3
3_5808,31785293,110540747#1
3_5809,31785293,1157760112#1
3_5810,31785293,1157760112#1-AddedOffRampEdge
3_5811,31785293,1157760112#1-AddedOnRampEdge
3_5812,31785293,1158669976
3_5813,31785293,1177928034#2
3_5814,31785293,1177928034#4
3_5815,31785293,1177928034#6
3_5816,31785293,1177928034#7
3_5817,31785293,1177928034#9
3_5818,31785293,1207872176
3_5819,31785293,1211804126
3_5820,31785293,1213551187#2
3_5821,31785293,1213551192
3_5822,31785293,1223054104#0
3_5823,31785293,1223054104#2
3_5824,31785293,1238851923#2
3_5825,31785293,1238851927#1
3_5826,31785293,128617366#1
3_5827,31785293,128617367
3_5828,31785293,128619665#0
3_5829,31785293,129120200
3_5830,31785293,129127803#6
3_5831,31785293,131752095#4
3_5832,31785293,147961515
3_5833,31785293,159344785#0
3_5834,31785293,159344785#2
3_5835,31785293,25749210
3_5836,31785293,25817392#11
3_5837,31785293,25817411
3_5838,31785293,25817423#3
3_5839,31785293,25819177#2
3_5840,31785293,25838188#0
3_5841,31785293,25838210#1
3_5842,31785293,27237138
3_5843,31785293,28921528#2
3_5844,31785293,30672980#6
3_5845,31785293,30673027
3_5846,31785293,31785294
3_5847,31785293,416563917#2
3_5848,31785293,431858310
3_5849,31785293,48563893#0
3_5850,31785293,48563895#1
3_5851,31785293,48563895#5
3_5852,31785293,559456673#1
3_5853,31785293,559456673#3
3_5854,31785293,559456673#4
3_5855,31785293,559495119#0
3_5856,31785293,559495119#2
3_5857,31785293,559495119#4
3_5858,31785293,559495121#3
3_5859,31785293,559495121#6
3_5860,31785293,559495121#9
3_5861,31785293,577223388
3_5862,31785293,577223393#0
3_5863,31785293,577223393#2
3_5864,31785293,577223395
3_5865,31785293,577230016#2
3_5866,380823372,-110540722#0
3_5867,380823372,-1213551188#0
3_5868,380823372,-1213551191
3_5869,380823372,-128617369
3_5870,380823372,-128617374
3_5871,380823372,-128619666
3_5872,380823372,-151503392
3_5873,380823372,-151505951
3_5874,380823372,-173680979#2
3_5875,380823372,-202332915
3_5876,380823372,-202332917
3_5877,380823372,-223996981#0
3_5878,380823372,-25654991#0
3_5879,380823372,-31785293
3_5880,380823372,-380823372
3_5881,380823372,-431858308
3_5882,380823372,-48563893#0
3_5883,380823372,-50077954
3_5884,380823372,-50370685
3_5885,380823372,-50835389
3_5886,380823372,-577230015
3_5887,380823372,-577230016#0
3_5888,380823372,-794480008
3_5889,380823372,-93814018#0
3_5890,380823372,-95637907
3_5891,380823372,108634758#0
3_5892,380823372,110540729#3
3_5893,380823372,110540747#1
3_5894,380823372,1157760112#1
3_5895,380823372,1157760112#1-AddedOffRampEdge
3_5896,380823372,1157760112#1-AddedOnRampEdge
3_5897,380823372,1158669976
3_5898,380823372,1177928034#2
3_5899,380823372,1177928034#4
3_5900,380823372,1177928034#6
3_5901,380823372,1177928034#7
3_5902,380823372,1177928034#9
3_5903,380823372,1207872176
3_5904,380823372,1211804126
3_5905,380823372,1213551187#2
3_5906,380823372,1213551192
3_5907,380823372,1223054104#0
3_5908,380823372,1223054104#2
3_5909,380823372,1238851923#2
3_5910,380823372,1238851927#1
3_5911,380823372,128617366#1
3_5912,380823372,128617367
3_5913,380823372,128619665#0
3_5914,380823372,129120200
3_5915,380823372,129127803#6
3_5916,380823372,131752095#4
3_5917,380823372,147961515
3_5918,380823372,159344785#0
3_5919,380823372,159344785#2
3_5920,380823372,25749210
3_5921,380823372,25817392#11
3_5922,380823372,25817411
3_5923,380823372,25817423#3
3_5924,380823372,25819177#2
3_5925,380823372,25838188#0
3_5926,380823372,25838210#1
3_5927,380823372,27237138
3_5928,380823372,28921528#2
3_5929,380823372,30672980#6
3_5930,380823372,30673027
3_5931,380823372,31785294
3_5932,380823372,416563917#2
3_5933,380823372,431858310
3_5934,380823372,48563893#0
3_5935,380823372,48563895#1
3_5936,380823372,48563895#5
3_5937,380823372,559456673#1
3_5938,380823372,559456673#3
3_5939,380823372,559456673#4
3_5940,380823372,559495119#0
3_5941,380823372,559495119#2
3_5942,380823372,559495119#4
3_5943,380823372,559495121#3
3_5944,380823372,559495121#6
3_5945,380823372,559495121#9
3_5946,380823372,577223388
3_5947,380823372,577223393#0
3_5948,380823372,577223393#2
3_5949,380823372,577223395
3_5950,380823372,577230016#2
3_5951,416563917#2,-110540722#0
3_5952,416563917#2,-1213551188#0
3_5953,416563917#2,-1213551191
3_5954,416563917#2,-128617369
3_5955,416563917#2,-128617374
3_5956,416563917#2,-128619666
3_5957,416563917#2,-151503392
3_5958,416563917#2,-151505951
3_5959,416563917#2,-173680979#2
3_5960,416563917#2,-202332915
3_5961,416563917#2,-202332917
3_5962,416563917#2,-223996981#0
3_5963,416563917#2,-25654991#0
3_5964,416563917#2,-31785293
3_5965,416563917#2,-380823372
3_5966,416563917#2,-431858308
3_5967,416563917#2,-48563893#0
3_5968,416563917#2,-50077954
3_5969,416563917#2,-50370685
3_5970,416563917#2,-50835389
3_5971,416563917#2,-577230015
3_5972,416563917#2,-577230016#0
3_5973,416563917#2,-794480008
3_5974,416563917#2,-93814018#0
3_5975,416563917#2,-95637907
3_5976,416563917#2,108634758#0
3_5977,416563917#2,110540729#3
3_5978,416563917#2,110540747#1
3_5979,416563917#2,1157760112#1
3_5980,416563917#2,1157760112#1-AddedOffRampEdge
3_5981,416563917#2,1157760112#1-AddedOnRampEdge
3_5982,416563917#2,1158669976
3_5983,416563917#2,1177928034#2
3_5984,416563917#2,1177928034#4
3_5985,416563917#2,1177928034#6
3_5986,416563917#2,1177928034#7
3_5987,416563917#2,1177928034#9
3_5988,416563917#2,1207872176
3_5989,416563917#2,1211804126
3_5990,416563917#2,1213551187#2
3_5991,416563917#2,1213551192
3_5992,416563917#2,1223054104#0
3_5993,416563917#2,1223054104#2
3_5994,416563917#2,1238851923#2
3_5995,416563917#2,1238851927#1
3_5996,416563917#2,128617366#1
3_5997,416563917#2,128617367
3_5998,416563917#2,128619665#0
3_5999,416563917#2,129120200
3_6000,416563917#2,129127803#6
3_6001,416563917#2,131752095#4
3_6002,416563917#2,147961515
3_6003,416563917#2,159344785#0
3_6004,416563917#2,159344785#2
3_6005,416563917#2,25749210
3_6006,416563917#2,25817392#11
3_6007,416563917#2,25817411
3_6008,416563917#2,25817423#3
3_6009,416563917#2,25819177#2
3_6010,416563917#2,25838188#0
3_6011,416563917#2,25838210#1
3_6012,416563917#2,27237138
3_6013,416563917#2,28921528#2
3_6014,416563917#2,30672980#6
3_6015,416563917#2,30673027
3_6016,416563917#2,31785294
3_6017,416563917#2,431858310
3_6018,416563917#2,48563893#0
3_6019,416563917#2,48563895#1
3_6020,416563917#2,48563895#5
3_6021,416563917#2,559456673#1
3_6022,416563917#2,559456673#3
3_6023,416563917#2,559456673#4
3_6024,416563917#2,559495119#0
3_6025,416563917#2,559495119#2
3_6026,416563917#2,559495119#4
3_6027,416563917#2,559495121#3
3_6028,416563917#2,559495121#6
3_6029,416563917#2,559495121#9
3_6030,416563917#2,577223388
3_6031,416563917#2,577223393#0
3_6032,416563917#2,577223393#2
3_6033,416563917#2,577223395
3_6034,416563917#2,577230016#2
3_6035,431858308,-110540722#0
3_6036,431858308,-1213551188#0
3_6037,431858308,-1213551191
3_6038,431858308,-128617369
3_6039,431858308,-128617374
3_6040,431858308,-128619666
3_6041,431858308,-151503392
3_6042,431858308,-151505951
3_6043,431858308,-173680979#2
3_6044,431858308,-202332915
3_6045,431858308,-202332917
3_6046,431858308,-223996981#0
3_6047,431858308,-25654991#0
3_6048,431858308,-31785293
3_6049,431858308,-380823372
3_6050,431858308,-431858308
3_6051,431858308,-48563893#0
3_6052,431858308,-50077954
3_6053,431858308,-50370685
3_6054,431858308,-50835389
3_6055,431858308,-577230015
3_6056,431858308,-577230016#0
3_6057,431858308,-794480008
3_6058,431858308,-93814018#0
3_6059,431858308,-95637907
3_6060,431858308,108634758#0
3_6061,431858308,110540729#3
3_6062,431858308,110540747#1
3_6063,431858308,1157760112#1
3_6064,431858308,1157760112#1-AddedOffRampEdge
3_6065,431858308,1157760112#1-AddedOnRampEdge
3_6066,431858308,1158669976
3_6067,431858308,1177928034#2
3_6068,431858308,1177928034#4
3_6069,431858308,1177928034#6
3_6070,431858308,1177928034#7
3_6071,431858308,1177928034#9
3_6072,431858308,1207872176
3_6073,431858308,1211804126
3_6074,431858308,1213551187#2
3_6075,431858308,1213551192
3_6076,431858308,1223054104#0
3_6077,431858308,1223054104#2
3_6078,431858308,1238851923#2
3_6079,431858308,1238851927#1
3_6080,431858308,128617366#1
3_6081,431858308,128617367
3_6082,431858308,128619665#0
3_6083,431858308,129120200
3_6084,431858308,129127803#6
3_6085,431858308,131752095#4
3_6086,431858308,147961515
3_6087,431858308,159344785#0
3_6088,431858308,159344785#2
3_6089,431858308,25749210
3_6090,431858308,25817392#11
3_6091,431858308,25817411
3_6092,431858308,25817423#3
3_6093,431858308,25819177#2
3_6094,431858308,25838188#0
3_6095,431858308,25838210#1
3_6096,431858308,27237138
3_6097,431858308,28921528#2
3_6098,431858308,30672980#6
3_6099,431858308,30673027
3_6100,431858308,31785294
3_6101,431858308,416563917#2
3_6102,431858308,431858310
3_6103,431858308,48563893#0
3_6104,431858308,48563895#1
3_6105,431858308,48563895#5
3_6106,431858308,559456673#1
3_6107,431858308,559456673#3
3_6108,431858308,559456673#4
3_6109,431858308,559495119#0
3_6110,431858308,559495119#2
3_6111,431858308,559495119#4
3_6112,431858308,559495121#3
3_6113,431858308,559495121#6
3_6114,431858308,559495121#9
3_6115,431858308,577223388
3_6116,431858308,577223393#0
3_6117,431858308,577223393#2
3_6118,431858308,577223395
3_6119,431858308,577230016#2
3_6120,48563895#1,-110540722#0
3_6121,48563895#1,-1213551188#0
3_6122,48563895#1,-1213551191
3_6123,48563895#1,-128617369
3_6124,48563895#1,-128617374
3_6125,48563895#1,-128619666
3_6126,48563895#1,-151503392
3_6127,48563895#1,-151505951
3_6128,48563895#1,-173680979#2
3_6129,48563895#1,-202332915
3_6130,48563895#1,-202332917
3_6131,48563895#1,-223996981#0
3_6132,48563895#1,-25654991#0
3_6133,48563895#1,-31785293
3_6134,48563895#1,-380823372
3_6135,48563895#1,-431858308
3_6136,48563895#1,-48563893#0
3_6137,48563895#1,-50077954
3_6138,48563895#1,-50370685
3_6139,48563895#1,-50835389
3_6140,48563895#1,-577230015
3_6141,48563895#1,-577230016#0
3_6142,48563895#1,-794480008
3_6143,48563895#1,-93814018#0
3_6144,48563895#1,-95637907
3_6145,48563895#1,108634758#0
3_6146,48563895#1,110540729#3
3_6147,48563895#1,110540747#1
3_6148,48563895#1,1157760112#1
3_6149,48563895#1,1157760112#1-AddedOffRampEdge
3_6150,48563895#1,1157760112#1-AddedOnRampEdge
3_6151,48563895#1,1158669976
3_6152,48563895#1,1177928034#2
3_6153,48563895#1,1177928034#4
3_6154,48563895#1,1177928034#6
3_6155,48563895#1,1177928034#7
3_6156,48563895#1,1177928034#9
3_6157,48563895#1,1207872176
3_6158,48563895#1,1211804126
3_6159,48563895#1,1213551187#2
3_6160,48563895#1,1213551192
3_6161,48563895#1,1223054104#0
3_6162,48563895#1,1223054104#2
3_6163,48563895#1,1238851923#2
3_6164,48563895#1,1238851927#1
3_6165,48563895#1,128617366#1
3_6166,48563895#1,128617367
3_6167,48563895#1,128619665#0
3_6168,48563895#1,129120200
3_6169,48563895#1,129127803#6
3_6170,48563895#1,131752095#4
3_6171,48563895#1,147961515
3_6172,48563895#1,159344785#0
3_6173,48563895#1,159344785#2
3_6174,48563895#1,25749210
3_6175,48563895#1,25817392#11
3_6176,48563895#1,25817411
3_6177,48563895#1,25817423#3
3_6178,48563895#1,25819177#2
3_6179,48563895#1,25838188#0
3_6180,48563895#1,25838210#1
3_6181,48563895#1,27237138
3_6182,48563895#1,28921528#2
3_6183,48563895#1,30672980#6
3_6184,48563895#1,30673027
3_6185,48563895#1,31785294
3_6186,48563895#1,416563917#2
3_6187,48563895#1,431858310
3_6188,48563895#1,48563893#0
3_6189,48563895#1,48563895#5
3_6190,48563895#1,559456673#1
3_6191,48563895#1,559456673#3
3_6192,48563895#1,559456673#4
3_6193,48563895#1,559495119#0
3_6194,48563895#1,559495119#2
3_6195,48563895#1,559495119#4
3_6196,48563895#1,559495121#3
3_6197,48563895#1,559495121#6
3_6198,48563895#1,559495121#9
3_6199,48563895#1,577223388
3_6200,48563895#1,577223393#0
3_6201,48563895#1,577223393#2
3_6202,48563895#1,577223395
3_6203,48563895#1,577230016#2
3_6204,50077954,-110540722#0
3_6205,50077954,-1213551188#0
3_6206,50077954,-1213551191
3_6207,50077954,-128617369
3_6208,50077954,-128617374
3_6209,50077954,-128619666
3_6210,50077954,-151503392
3_6211,50077954,-151505951
3_6212,50077954,-173680979#2
3_6213,50077954,-202332915
3_6214,50077954,-202332917
3_6215,50077954,-223996981#0
3_6216,50077954,-25654991#0
3_6217,50077954,-31785293
3_6218,50077954,-380823372
3_6219,50077954,-431858308
3_6220,50077954,-48563893#0
3_6221,50077954,-50077954
3_6222,50077954,-50370685
3_6223,50077954,-50835389
3_6224,50077954,-577230015
3_6225,50077954,-577230016#0
3_6226,50077954,-794480008
3_6227,50077954,-93814018#0
3_6228,50077954,-95637907
3_6229,50077954,108634758#0
3_6230,50077954,110540729#3
3_6231,50077954,110540747#1
3_6232,50077954,1157760112#1
3_6233,50077954,1157760112#1-AddedOffRampEdge
3_6234,50077954,1157760112#1-AddedOnRampEdge
3_6235,50077954,1158669976
3_6236,50077954,1177928034#2
3_6237,50077954,1177928034#4
3_6238,50077954,1177928034#6
3_6239,50077954,1177928034#7
3_6240,50077954,1177928034#9
3_6241,50077954,1207872176
3_6242,50077954,1211804126
3_6243,50077954,1213551187#2
3_6244,50077954,1213551192
3_6245,50077954,1223054104#0
3_6246,50077954,1223054104#2
3_6247,50077954,1238851923#2
3_6248,50077954,1238851927#1
3_6249,50077954,128617366#1
3_6250,50077954,128617367
3_6251,50077954,128619665#0
3_6252,50077954,129120200
3_6253,50077954,129127803#6
3_6254,50077954,131752095#4
3_6255,50077954,147961515
3_6256,50077954,159344785#0
3_6257,50077954,159344785#2
3_6258,50077954,25749210
3_6259,50077954,25817392#11
3_6260,50077954,25817411
3_6261,50077954,25817423#3
3_6262,50077954,25819177#2
3_6263,50077954,25838188#0
3_6264,50077954,25838210#1
3_6265,50077954,27237138
3_6266,50077954,28921528#2
3_6267,50077954,30672980#6
3_6268,50077954,30673027
3_6269,50077954,31785294
3_6270,50077954,416563917#2
3_6271,50077954,431858310
3_6272,50077954,48563893#0
3_6273,50077954,48563895#1
3_6274,50077954,48563895#5
3_6275,50077954,559456673#1
3_6276,50077954,559456673#3
3_6277,50077954,559456673#4
3_6278,50077954,559495119#0
3_6279,50077954,559495119#2
3_6280,50077954,559495119#4
3_6281,50077954,559495121#3
3_6282,50077954,559495121#6
3_6283,50077954,559495121#9
3_6284,50077954,577223388
3_6285,50077954,577223393#0
3_6286,50077954,577223393#2
3_6287,50077954,577223395
3_6288,50077954,577230016#2
3_6289,50370678#1,-110540722#0
3_6290,50370678#1,-1213551188#0
3_6291,50370678#1,-1213551191
3_6292,50370678#1,-128617369
3_6293,50370678#1,-128617374
3_6294,50370678#1,-128619666
3_6295,50370678#1,-151503392
3_6296,50370678#1,-151505951
3_6297,50370678#1,-173680979#2
3_6298,50370678#1,-202332915
3_6299,50370678#1,-202332917
3_6300,50370678#1,-223996981#0
3_6301,50370678#1,-25654991#0
3_6302,50370678#1,-31785293
3_6303,50370678#1,-380823372
3_6304,50370678#1,-431858308
3_6305,50370678#1,-48563893#0
3_6306,50370678#1,-50077954
3_6307,50370678#1,-50370685
3_6308,50370678#1,-50835389
3_6309,50370678#1,-577230015
3_6310,50370678#1,-577230016#0
3_6311,50370678#1,-794480008
3_6312,50370678#1,-93814018#0
3_6313,50370678#1,-95637907
3_6314,50370678#1,108634758#0
3_6315,50370678#1,110540729#3
3_6316,50370678#1,110540747#1
3_6317,50370678#1,1157760112#1
3_6318,50370678#1,1157760112#1-AddedOffRampEdge
3_6319,50370678#1,1157760112#1-AddedOnRampEdge
3_6320,50370678#1,1158669976
3_6321,50370678#1,1177928034#2
3_6322,50370678#1,1177928034#4
3_6323,50370678#1,1177928034#6
3_6324,50370678#1,1177928034#7
3_6325,50370678#1,1177928034#9
3_6326,50370678#1,1207872176
3_6327,50370678#1,1211804126
3_6328,50370678#1,1213551187#2
3_6329,50370678#1,1213551192
3_6330,50370678#1,1223054104#0
3_6331,50370678#1,1223054104#2
3_6332,50370678#1,1238851923#2
3_6333,50370678#1,1238851927#1
3_6334,50370678#1,128617366#1
3_6335,50370678#1,128617367
3_6336,50370678#1,128619665#0
3_6337,50370678#1,129120200
3_6338,50370678#1,129127803#6
3_6339,50370678#1,131752095#4
3_6340,50370678#1,147961515
3_6341,50370678#1,159344785#0
3_6342,50370678#1,159344785#2
3_6343,50370678#1,25749210
3_6344,50370678#1,25817392#11
3_6345,50370678#1,25817411
3_6346,50370678#1,25817423#3
3_6347,50370678#1,25819177#2
3_6348,50370678#1,25838188#0
3_6349,50370678#1,25838210#1
3_6350,50370678#1,27237138
3_6351,50370678#1,28921528#2
3_6352,50370678#1,30672980#6
3_6353,50370678#1,30673027
3_6354,50370678#1,31785294
3_6355,50370678#1,416563917#2
3_6356,50370678#1,431858310
3_6357,50370678#1,48563893#0
3_6358,50370678#1,48563895#1
3_6359,50370678#1,48563895#5
3_6360,50370678#1,559456673#1
3_6361,50370678#1,559456673#3
3_6362,50370678#1,559456673#4
3_6363,50370678#1,559495119#0
3_6364,50370678#1,559495119#2
3_6365,50370678#1,559495119#4
3_6366,50370678#1,559495121#3
3_6367,50370678#1,559495121#6
3_6368,50370678#1,559495121#9
3_6369,50370678#1,577223388
3_6370,50370678#1,577223393#0
3_6371,50370678#1,577223393#2
3_6372,50370678#1,577223395
3_6373,50370678#1,577230016#2
3_6374,50370685,-110540722#0
3_6375,50370685,-1213551188#0
3_6376,50370685,-1213551191
3_6377,50370685,-128617369
3_6378,50370685,-128617374
3_6379,50370685,-128619666
3_6380,50370685,-151503392
3_6381,50370685,-151505951
3_6382,50370685,-173680979#2
3_6383,50370685,-202332915
3_6384,50370685,-202332917
3_6385,50370685,-223996981#0
3_6386,50370685,-25654991#0
3_6387,50370685,-31785293
3_6388,50370685,-380823372
3_6389,50370685,-431858308
3_6390,50370685,-48563893#0
3_6391,50370685,-50077954
3_6392,50370685,-50370685
3_6393,50370685,-50835389
3_6394,50370685,-577230015
3_6395,50370685,-577230016#0
3_6396,50370685,-794480008
3_6397,50370685,-93814018#0
3_6398,50370685,-95637907
3_6399,50370685,108634758#0
3_6400,50370685,110540729#3
3_6401,50370685,110540747#1
3_6402,50370685,1157760112#1
3_6403,50370685,1157760112#1-AddedOffRampEdge
3_6404,50370685,1157760112#1-AddedOnRampEdge
3_6405,50370685,1158669976
3_6406,50370685,1177928034#2
3_6407,50370685,1177928034#4
3_6408,50370685,1177928034#6
3_6409,50370685,1177928034#7
3_6410,50370685,1177928034#9
3_6411,50370685,1207872176
3_6412,50370685,1211804126
3_6413,50370685,1213551187#2
3_6414,50370685,1213551192
3_6415,50370685,1223054104#0
3_6416,50370685,1223054104#2
3_6417,50370685,1238851923#2
3_6418,50370685,1238851927#1
3_6419,50370685,128617366#1
3_6420,50370685,128617367
3_6421,50370685,128619665#0
3_6422,50370685,129120200
3_6423,50370685,129127803#6
3_6424,50370685,131752095#4
3_6425,50370685,147961515
3_6426,50370685,159344785#0
3_6427,50370685,159344785#2
3_6428,50370685,25749210
3_6429,50370685,25817392#11
3_6430,50370685,25817411
3_6431,50370685,25817423#3
3_6432,50370685,25819177#2
3_6433,50370685,25838188#0
3_6434,50370685,25838210#1
3_6435,50370685,27237138
3_6436,50370685,28921528#2
3_6437,50370685,30672980#6
3_6438,50370685,30673027
3_6439,50370685,31785294
3_6440,50370685,416563917#2
3_6441,50370685,431858310
3_6442,50370685,48563893#0
3_6443,50370685,48563895#1
3_6444,50370685,48563895#5
3_6445,50370685,559456673#1
3_6446,50370685,559456673#3
3_6447,50370685,559456673#4
3_6448,50370685,559495119#0
3_6449,50370685,559495119#2
3_6450,50370685,559495119#4
3_6451,50370685,559495121#3
3_6452,50370685,559495121#6
3_6453,50370685,559495121#9
3_6454,50370685,577223388
3_6455,50370685,577223393#0
3_6456,50370685,577223393#2
3_6457,50370685,577223395
3_6458,50370685,577230016#2
3_6459,50835389,-110540722#0
3_6460,50835389,-1213551188#0
3_6461,50835389,-1213551191
3_6462,50835389,-128617369
3_6463,50835389,-128617374
3_6464,50835389,-128619666
3_6465,50835389,-151503392
3_6466,50835389,-151505951
3_6467,50835389,-173680979#2
3_6468,50835389,-202332915
3_6469,50835389,-202332917
3_6470,50835389,-223996981#0
3_6471,50835389,-25654991#0
3_6472,50835389,-31785293
3_6473,50835389,-380823372
3_6474,50835389,-431858308
3_6475,50835389,-48563893#0
3_6476,50835389,-50077954
3_6477,50835389,-50370685
3_6478,50835389,-50835389
3_6479,50835389,-577230015
3_6480,50835389,-577230016#0
3_6481,50835389,-794480008
3_6482,50835389,-93814018#0
3_6483,50835389,-95637907
3_6484,50835389,108634758#0
3_6485,50835389,110540729#3
3_6486,50835389,110540747#1
3_6487,50835389,1157760112#1
3_6488,50835389,1157760112#1-AddedOffRampEdge
3_6489,50835389,1157760112#1-AddedOnRampEdge
3_6490,50835389,1158669976
3_6491,50835389,1177928034#2
3_6492,50835389,1177928034#4
3_6493,50835389,1177928034#6
3_6494,50835389,1177928034#7
3_6495,50835389,1177928034#9
3_6496,50835389,1207872176
3_6497,50835389,1211804126
3_6498,50835389,1213551187#2
3_6499,50835389,1213551192
3_6500,50835389,1223054104#0
3_6501,50835389,1223054104#2
3_6502,50835389,1238851923#2
3_6503,50835389,1238851927#1
3_6504,50835389,128617366#1
3_6505,50835389,128617367
3_6506,50835389,128619665#0
3_6507,50835389,129120200
3_6508,50835389,129127803#6
3_6509,50835389,131752095#4
3_6510,50835389,147961515
3_6511,50835389,159344785#0
3_6512,50835389,159344785#2
3_6513,50835389,25749210
3_6514,50835389,25817392#11
3_6515,50835389,25817411
3_6516,50835389,25817423#3
3_6517,50835389,25819177#2
3_6518,50835389,25838188#0
3_6519,50835389,25838210#1
3_6520,50835389,27237138
3_6521,50835389,28921528#2
3_6522,50835389,30672980#6
3_6523,50835389,30673027
3_6524,50835389,31785294
3_6525,50835389,416563917#2
3_6526,50835389,431858310
3_6527,50835389,48563893#0
3_6528,50835389,48563895#1
3_6529,50835389,48563895#5
3_6530,50835389,559456673#1
3_6531,50835389,559456673#3
3_6532,50835389,559456673#4
3_6533,50835389,559495119#0
3_6534,50835389,559495119#2
3_6535,50835389,559495119#4
3_6536,50835389,559495121#3
3_6537,50835389,559495121#6
3_6538,50835389,559495121#9
3_6539,50835389,577223388
3_6540,50835389,577223393#0
3_6541,50835389,577223393#2
3_6542,50835389,577223395
3_6543,50835389,577230016#2
3_6544,51034170,-110540722#0
3_6545,51034170,-1213551188#0
3_6546,51034170,-1213551191
3_6547,51034170,-128617369
3_6548,51034170,-128617374
3_6549,51034170,-128619666
3_6550,51034170,-151503392
3_6551,51034170,-151505951
3_6552,51034170,-173680979#2
3_6553,51034170,-202332915
3_6554,51034170,-202332917
3_6555,51034170,-223996981#0
3_6556,51034170,-25654991#0
3_6557,51034170,-31785293
3_6558,51034170,-380823372
3_6559,51034170,-431858308
3_6560,51034170,-48563893#0
3_6561,51034170,-50077954
3_6562,51034170,-50370685
3_6563,51034170,-50835389
3_6564,51034170,-577230015
3_6565,51034170,-577230016#0
3_6566,51034170,-794480008
3_6567,51034170,-93814018#0
3_6568,51034170,-95637907
3_6569,51034170,108634758#0
3_6570,51034170,110540729#3
3_6571,51034170,110540747#1
3_6572,51034170,1157760112#1
3_6573,51034170,1157760112#1-AddedOffRampEdge
3_6574,51034170,1157760112#1-AddedOnRampEdge
3_6575,51034170,1158669976
3_6576,51034170,1177928034#2
3_6577,51034170,1177928034#4
3_6578,51034170,1177928034#6
3_6579,51034170,1177928034#7
3_6580,51034170,1177928034#9
3_6581,51034170,1207872176
3_6582,51034170,1211804126
3_6583,51034170,1213551187#2
3_6584,51034170,1213551192
3_6585,51034170,1223054104#0
3_6586,51034170,1223054104#2
3_6587,51034170,1238851923#2
3_6588,51034170,1238851927#1
3_6589,51034170,128617366#1
3_6590,51034170,128617367
3_6591,51034170,128619665#0
3_6592,51034170,129120200
3_6593,51034170,129127803#6
3_6594,51034170,131752095#4
3_6595,51034170,147961515
3_6596,51034170,159344785#0
3_6597,51034170,159344785#2
3_6598,51034170,25749210
3_6599,51034170,25817392#11
3_6600,51034170,25817411
3_6601,51034170,25817423#3
3_6602,51034170,25819177#2
3_6603,51034170,25838188#0
3_6604,51034170,25838210#1
3_6605,51034170,27237138
3_6606,51034170,28921528#2
3_6607,51034170,30672980#6
3_6608,51034170,30673027
3_6609,51034170,31785294
3_6610,51034170,416563917#2
3_6611,51034170,431858310
3_6612,51034170,48563893#0
3_6613,51034170,48563895#1
3_6614,51034170,48563895#5
3_6615,51034170,559456673#1
3_6616,51034170,559456673#3
3_6617,51034170,559456673#4
3_6618,51034170,559495119#0
3_6619,51034170,559495119#2
3_6620,51034170,559495119#4
3_6621,51034170,559495121#3
3_6622,51034170,559495121#6
3_6623,51034170,559495121#9
3_6624,51034170,577223388
3_6625,51034170,577223393#0
3_6626,51034170,577223393#2
3_6627,51034170,577223395
3_6628,51034170,577230016#2
3_6629,51141670,-110540722#0
3_6630,51141670,-1213551188#0
3_6631,51141670,-1213551191
3_6632,51141670,-128617369
3_6633,51141670,-128617374
3_6634,51141670,-128619666
3_6635,51141670,-151503392
3_6636,51141670,-151505951
3_6637,51141670,-173680979#2
3_6638,51141670,-202332915
3_6639,51141670,-202332917
3_6640,51141670,-223996981#0
3_6641,51141670,-25654991#0
3_6642,51141670,-31785293
3_6643,51141670,-380823372
3_6644,51141670,-431858308
3_6645,51141670,-48563893#0
3_6646,51141670,-50077954
3_6647,51141670,-50370685
3_6648,51141670,-50835389
3_6649,51141670,-577230015
3_6650,51141670,-577230016#0
3_6651,51141670,-794480008
3_6652,51141670,-93814018#0
3_6653,51141670,-95637907
3_6654,51141670,108634758#0
3_6655,51141670,110540729#3
3_6656,51141670,110540747#1
3_6657,51141670,1157760112#1
3_6658,51141670,1157760112#1-AddedOffRampEdge
3_6659,51141670,1157760112#1-AddedOnRampEdge
3_6660,51141670,1158669976
3_6661,51141670,1177928034#2
3_6662,51141670,1177928034#4
3_6663,51141670,1177928034#6
3_6664,51141670,1177928034#7
3_6665,51141670,1177928034#9
3_6666,51141670,1207872176
3_6667,51141670,1211804126
3_6668,51141670,1213551187#2
3_6669,51141670,1213551192
3_6670,51141670,1223054104#0
3_6671,51141670,1223054104#2
3_6672,51141670,1238851923#2
3_6673,51141670,1238851927#1
3_6674,51141670,128617366#1
3_6675,51141670,128617367
3_6676,51141670,128619665#0
3_6677,51141670,129120200
3_6678,51141670,129127803#6
3_6679,51141670,131752095#4
3_6680,51141670,147961515
3_6681,51141670,159344785#0
3_6682,51141670,159344785#2
3_6683,51141670,25749210
3_6684,51141670,25817392#11
3_6685,51141670,25817411
3_6686,51141670,25817423#3
3_6687,51141670,25819177#2
3_6688,51141670,25838188#0
3_6689,51141670,25838210#1
3_6690,51141670,27237138
3_6691,51141670,28921528#2
3_6692,51141670,30672980#6
3_6693,51141670,30673027
3_6694,51141670,31785294
3_6695,51141670,416563917#2
3_6696,51141670,431858310
3_6697,51141670,48563893#0
3_6698,51141670,48563895#1
3_6699,51141670,48563895#5
3_6700,51141670,559456673#1
3_6701,51141670,559456673#3
3_6702,51141670,559456673#4
3_6703,51141670,559495119#0
3_6704,51141670,559495119#2
3_6705,51141670,559495119#4
3_6706,51141670,559495121#3
3_6707,51141670,559495121#6
3_6708,51141670,559495121#9
3_6709,51141670,577223388
3_6710,51141670,577223393#0
3_6711,51141670,577223393#2
3_6712,51141670,577223395
3_6713,51141670,577230016#2
3_6714,559456673#3,30673027
3_6715,559456673#3,559456673#4
3_6716,559495119#0,-110540722#0
3_6717,559495119#0,-1213551188#0
3_6718,559495119#0,-1213551191
3_6719,559495119#0,-128617369
3_6720,559495119#0,-128617374
3_6721,559495119#0,-128619666
3_6722,559495119#0,-151503392
3_6723,559495119#0,-151505951
3_6724,559495119#0,-173680979#2
3_6725,559495119#0,-202332915
3_6726,559495119#0,-202332917
3_6727,559495119#0,-223996981#0
3_6728,559495119#0,-25654991#0
3_6729,559495119#0,-31785293
3_6730,559495119#0,-380823372
3_6731,559495119#0,-431858308
3_6732,559495119#0,-48563893#0
3_6733,559495119#0,-50077954
3_6734,559495119#0,-50370685
3_6735,559495119#0,-50835389
3_6736,559495119#0,-577230015
3_6737,559495119#0,-577230016#0
3_6738,559495119#0,-794480008
3_6739,559495119#0,-93814018#0
3_6740,559495119#0,-95637907
3_6741,559495119#0,108634758#0
3_6742,559495119#0,110540729#3
3_6743,559495119#0,110540747#1
3_6744,559495119#0,1157760112#1
3_6745,559495119#0,1157760112#1-AddedOffRampEdge
3_6746,559495119#0,1157760112#1-AddedOnRampEdge
3_6747,559495119#0,1158669976
3_6748,559495119#0,1177928034#2
3_6749,559495119#0,1177928034#4
3_6750,559495119#0,1177928034#6
3_6751,559495119#0,1177928034#7
3_6752,559495119#0,1177928034#9
3_6753,559495119#0,1207872176
3_6754,559495119#0,1211804126
3_6755,559495119#0,1213551187#2
3_6756,559495119#0,1213551192
3_6757,559495119#0,1223054104#0
3_6758,559495119#0,1223054104#2
3_6759,559495119#0,1238851923#2
3_6760,559495119#0,1238851927#1
3_6761,559495119#0,128617366#1
3_6762,559495119#0,128617367
3_6763,559495119#0,128619665#0
3_6764,559495119#0,129120200
3_6765,559495119#0,129127803#6
3_6766,559495119#0,131752095#4
3_6767,559495119#0,147961515
3_6768,559495119#0,159344785#0
3_6769,559495119#0,159344785#2
3_6770,559495119#0,25749210
3_6771,559495119#0,25817392#11
3_6772,559495119#0,25817411
3_6773,559495119#0,25817423#3
3_6774,559495119#0,25819177#2
3_6775,559495119#0,25838188#0
3_6776,559495119#0,25838210#1
3_6777,559495119#0,27237138
3_6778,559495119#0,28921528#2
3_6779,559495119#0,30672980#6
3_6780,559495119#0,30673027
3_6781,559495119#0,31785294
3_6782,559495119#0,416563917#2
3_6783,559495119#0,431858310
3_6784,559495119#0,48563893#0
3_6785,559495119#0,48563895#1
3_6786,559495119#0,48563895#5
3_6787,559495119#0,559456673#1
3_6788,559495119#0,559456673#3
3_6789,559495119#0,559456673#4
3_6790,559495119#0,559495119#2
3_6791,559495119#0,559495119#4
3_6792,559495119#0,559495121#3
3_6793,559495119#0,559495121#6
3_6794,559495119#0,559495121#9
3_6795,559495119#0,577223388
3_6796,559495119#0,577223393#0
3_6797,559495119#0,577223393#2
3_6798,559495119#0,577223395
3_6799,559495119#0,577230016#2
3_6800,559495119#2,-110540722#0
3_6801,559495119#2,-1213551188#0
3_6802,559495119#2,-1213551191
3_6803,559495119#2,-128617369
3_6804,559495119#2,-128617374
3_6805,559495119#2,-128619666
3_6806,559495119#2,-151503392
3_6807,559495119#2,-151505951
3_6808,559495119#2,-173680979#2
3_6809,559495119#2,-202332915
3_6810,559495119#2,-202332917
3_6811,559495119#2,-223996981#0
3_6812,559495119#2,-25654991#0
3_6813,559495119#2,-31785293
3_6814,559495119#2,-380823372
3_6815,559495119#2,-431858308
3_6816,559495119#2,-48563893#0
3_6817,559495119#2,-50077954
3_6818,559495119#2,-50370685
3_6819,559495119#2,-50835389
3_6820,559495119#2,-577230015
3_6821,559495119#2,-577230016#0
3_6822,559495119#2,-794480008
3_6823,559495119#2,-93814018#0
3_6824,559495119#2,-95637907
3_6825,559495119#2,108634758#0
3_6826,559495119#2,110540729#3
3_6827,559495119#2,110540747#1
3_6828,559495119#2,1157760112#1
3_6829,559495119#2,1157760112#1-AddedOffRampEdge
3_6830,559495119#2,1157760112#1-AddedOnRampEdge
3_6831,559495119#2,1158669976
3_6832,559495119#2,1177928034#2
3_6833,559495119#2,1177928034#4
3_6834,559495119#2,1177928034#6
3_6835,559495119#2,1177928034#7
3_6836,559495119#2,1177928034#9
3_6837,559495119#2,1207872176
3_6838,559495119#2,1211804126
3_6839,559495119#2,1213551187#2
3_6840,559495119#2,1213551192
3_6841,559495119#2,1223054104#0
3_6842,559495119#2,1223054104#2
3_6843,559495119#2,1238851923#2
3_6844,559495119#2,1238851927#1
3_6845,559495119#2,128617366#1
3_6846,559495119#2,128617367
3_6847,559495119#2,128619665#0
3_6848,559495119#2,129120200
3_6849,559495119#2,129127803#6
3_6850,559495119#2,131752095#4
3_6851,559495119#2,147961515
3_6852,559495119#2,159344785#0
3_6853,559495119#2,159344785#2
3_6854,559495119#2,25749210
3_6855,559495119#2,25817392#11
3_6856,559495119#2,25817411
3_6857,559495119#2,25817423#3
3_6858,559495119#2,25819177#2
3_6859,559495119#2,25838188#0
3_6860,559495119#2,25838210#1
3_6861,559495119#2,27237138
3_6862,559495119#2,28921528#2
3_6863,559495119#2,30672980#6
3_6864,559495119#2,30673027
3_6865,559495119#2,31785294
3_6866,559495119#2,416563917#2
3_6867,559495119#2,431858310
3_6868,559495119#2,48563893#0
3_6869,559495119#2,48563895#1
3_6870,559495119#2,48563895#5
3_6871,559495119#2,559456673#1
3_6872,559495119#2,559456673#3
3_6873,559495119#2,559456673#4
3_6874,559495119#2,559495119#0
3_6875,559495119#2,559495119#4
3_6876,559495119#2,559495121#3
3_6877,559495119#2,559495121#6
3_6878,559495119#2,559495121#9
3_6879,559495119#2,577223388
3_6880,559495119#2,577223393#0
3_6881,559495119#2,577223393#2
3_6882,559495119#2,577223395
3_6883,559495119#2,577230016#2
3_6884,559495119#4,-110540722#0
3_6885,559495119#4,-1213551188#0
3_6886,559495119#4,-1213551191
3_6887,559495119#4,-128617369
3_6888,559495119#4,-128617374
3_6889,559495119#4,-128619666
3_6890,559495119#4,-151503392
3_6891,559495119#4,-151505951
3_6892,559495119#4,-173680979#2
3_6893,559495119#4,-202332915
3_6894,559495119#4,-202332917
3_6895,559495119#4,-223996981#0
3_6896,559495119#4,-25654991#0
3_6897,559495119#4,-31785293
3_6898,559495119#4,-380823372
3_6899,559495119#4,-431858308
3_6900,559495119#4,-48563893#0
3_6901,559495119#4,-50077954
3_6902,559495119#4,-50370685
3_6903,559495119#4,-50835389
3_6904,559495119#4,-577230015
3_6905,559495119#4,-577230016#0
3_6906,559495119#4,-794480008
3_6907,559495119#4,-93814018#0
3_6908,559495119#4,-95637907
3_6909,559495119#4,108634758#0
3_6910,559495119#4,110540729#3
3_6911,559495119#4,110540747#1
3_6912,559495119#4,1157760112#1
3_6913,559495119#4,1157760112#1-AddedOffRampEdge
3_6914,559495119#4,1157760112#1-AddedOnRampEdge
3_6915,559495119#4,1158669976
3_6916,559495119#4,1177928034#2
3_6917,559495119#4,1177928034#4
3_6918,559495119#4,1177928034#6
3_6919,559495119#4,1177928034#7
3_6920,559495119#4,1177928034#9
3_6921,559495119#4,1207872176
3_6922,559495119#4,1211804126
3_6923,559495119#4,1213551187#2
3_6924,559495119#4,1213551192
3_6925,559495119#4,1223054104#0
3_6926,559495119#4,1223054104#2
3_6927,559495119#4,1238851923#2
3_6928,559495119#4,1238851927#1
3_6929,559495119#4,128617366#1
3_6930,559495119#4,128617367
3_6931,559495119#4,128619665#0
3_6932,559495119#4,129120200
3_6933,559495119#4,129127803#6
3_6934,559495119#4,131752095#4
3_6935,559495119#4,147961515
3_6936,559495119#4,159344785#0
3_6937,559495119#4,159344785#2
3_6938,559495119#4,25749210
3_6939,559495119#4,25817392#11
3_6940,559495119#4,25817411
3_6941,559495119#4,25817423#3
3_6942,559495119#4,25819177#2
3_6943,559495119#4,25838188#0
3_6944,559495119#4,25838210#1
3_6945,559495119#4,27237138
3_6946,559495119#4,28921528#2
3_6947,559495119#4,30672980#6
3_6948,559495119#4,30673027
3_6949,559495119#4,31785294
3_6950,559495119#4,416563917#2
3_6951,559495119#4,431858310
3_6952,559495119#4,48563893#0
3_6953,559495119#4,48563895#1
3_6954,559495119#4,48563895#5
3_6955,559495119#4,559456673#1
3_6956,559495119#4,559456673#3
3_6957,559495119#4,559456673#4
3_6958,559495119#4,559495119#0
3_6959,559495119#4,559495119#2
3_6960,559495119#4,559495121#3
3_6961,559495119#4,559495121#6
3_6962,559495119#4,559495121#9
3_6963,559495119#4,577223388
3_6964,559495119#4,577223393#0
3_6965,559495119#4,577223393#2
3_6966,559495119#4,577223395
3_6967,559495119#4,577230016#2
3_6968,559495119#6,-110540722#0
3_6969,559495119#6,-1213551188#0
3_6970,559495119#6,-1213551191
3_6971,559495119#6,-128617369
3_6972,559495119#6,-128617374
3_6973,559495119#6,-128619666
3_6974,559495119#6,-151503392
3_6975,559495119#6,-151505951
3_6976,559495119#6,-173680979#2
3_6977,559495119#6,-202332915
3_6978,559495119#6,-202332917
3_6979,559495119#6,-223996981#0
3_6980,559495119#6,-25654991#0
3_6981,559495119#6,-31785293
3_6982,559495119#6,-380823372
3_6983,559495119#6,-431858308
3_6984,559495119#6,-48563893#0
3_6985,559495119#6,-50077954
3_6986,559495119#6,-50370685
3_6987,559495119#6,-50835389
3_6988,559495119#6,-577230015
3_6989,559495119#6,-577230016#0
3_6990,559495119#6,-794480008
3_6991,559495119#6,-93814018#0
3_6992,559495119#6,-95637907
3_6993,559495119#6,108634758#0
3_6994,559495119#6,110540729#3
3_6995,559495119#6,110540747#1
3_6996,559495119#6,1157760112#1
3_6997,559495119#6,1157760112#1-AddedOffRampEdge
3_6998,559495119#6,1157760112#1-AddedOnRampEdge
3_6999,559495119#6,1158669976
3_7000,559495119#6,1177928034#2
3_7001,559495119#6,1177928034#4
3_7002,559495119#6,1177928034#6
3_7003,559495119#6,1177928034#7
3_7004,559495119#6,1177928034#9
3_7005,559495119#6,1207872176
3_7006,559495119#6,1211804126
3_7007,559495119#6,1213551187#2
3_7008,559495119#6,1213551192
3_7009,559495119#6,1223054104#0
3_7010,559495119#6,1223054104#2
3_7011,559495119#6,1238851923#2
3_7012,559495119#6,1238851927#1
3_7013,559495119#6,128617366#1
3_7014,559495119#6,128617367
3_7015,559495119#6,128619665#0
3_7016,559495119#6,129120200
3_7017,559495119#6,129127803#6
3_7018,559495119#6,131752095#4
3_7019,559495119#6,147961515
3_7020,559495119#6,159344785#0
3_7021,559495119#6,159344785#2
3_7022,559495119#6,25749210
3_7023,559495119#6,25817392#11
3_7024,559495119#6,25817411
3_7025,559495119#6,25817423#3
3_7026,559495119#6,25819177#2
3_7027,559495119#6,25838188#0
3_7028,559495119#6,25838210#1
3_7029,559495119#6,27237138
3_7030,559495119#6,28921528#2
3_7031,559495119#6,30672980#6
3_7032,559495119#6,30673027
3_7033,559495119#6,31785294
3_7034,559495119#6,416563917#2
3_7035,559495119#6,431858310
3_7036,559495119#6,48563893#0
3_7037,559495119#6,48563895#1
3_7038,559495119#6,48563895#5
3_7039,559495119#6,559456673#1
3_7040,559495119#6,559456673#3
3_7041,559495119#6,559456673#4
3_7042,559495119#6,559495119#0
3_7043,559495119#6,559495119#2
3_7044,559495119#6,559495119#4
3_7045,559495119#6,559495121#3
3_7046,559495119#6,559495121#6
3_7047,559495119#6,559495121#9
3_7048,559495119#6,577223388
3_7049,559495119#6,577223393#0
3_7050,559495119#6,577223393#2
3_7051,559495119#6,577223395
3_7052,559495119#6,577230016#2
3_7053,559495121#2,-110540722#0
3_7054,559495121#2,-1213551188#0
3_7055,559495121#2,-1213551191
3_7056,559495121#2,-128617369
3_7057,559495121#2,-128617374
3_7058,559495121#2,-128619666
3_7059,559495121#2,-151503392
3_7060,559495121#2,-151505951
3_7061,559495121#2,-173680979#2
3_7062,559495121#2,-202332915
3_7063,559495121#2,-202332917
3_7064,559495121#2,-223996981#0
3_7065,559495121#2,-25654991#0
3_7066,559495121#2,-31785293
3_7067,559495121#2,-380823372
3_7068,559495121#2,-431858308
3_7069,559495121#2,-48563893#0
3_7070,559495121#2,-50077954
3_7071,559495121#2,-50370685
3_7072,559495121#2,-50835389
3_7073,559495121#2,-577230015
3_7074,559495121#2,-577230016#0
3_7075,559495121#2,-794480008
3_7076,559495121#2,-93814018#0
3_7077,559495121#2,-95637907
3_7078,559495121#2,108634758#0
3_7079,559495121#2,110540729#3
3_7080,559495121#2,110540747#1
3_7081,559495121#2,1157760112#1
3_7082,559495121#2,1157760112#1-AddedOffRampEdge
3_7083,559495121#2,1157760112#1-AddedOnRampEdge
3_7084,559495121#2,1158669976
3_7085,559495121#2,1177928034#2
3_7086,559495121#2,1177928034#4
3_7087,559495121#2,1177928034#6
3_7088,559495121#2,1177928034#7
3_7089,559495121#2,1177928034#9
3_7090,559495121#2,1207872176
3_7091,559495121#2,1211804126
3_7092,559495121#2,1213551187#2
3_7093,559495121#2,1213551192
3_7094,559495121#2,1223054104#0
3_7095,559495121#2,1223054104#2
3_7096,559495121#2,1238851923#2
3_7097,559495121#2,1238851927#1
3_7098,559495121#2,128617366#1
3_7099,559495121#2,128617367
3_7100,559495121#2,128619665#0
3_7101,559495121#2,129120200
3_7102,559495121#2,129127803#6
3_7103,559495121#2,131752095#4
3_7104,559495121#2,147961515
3_7105,559495121#2,159344785#0
3_7106,559495121#2,159344785#2
3_7107,559495121#2,25749210
3_7108,559495121#2,25817392#11
3_7109,559495121#2,25817411
3_7110,559495121#2,25817423#3
3_7111,559495121#2,25819177#2
3_7112,559495121#2,25838188#0
3_7113,559495121#2,25838210#1
3_7114,559495121#2,27237138
3_7115,559495121#2,28921528#2
3_7116,559495121#2,30672980#6
3_7117,559495121#2,30673027
3_7118,559495121#2,31785294
3_7119,559495121#2,416563917#2
3_7120,559495121#2,431858310
3_7121,559495121#2,48563893#0
3_7122,559495121#2,48563895#1
3_7123,559495121#2,48563895#5
3_7124,559495121#2,559456673#1
3_7125,559495121#2,559456673#3
3_7126,559495121#2,559456673#4
3_7127,559495121#2,559495119#0
3_7128,559495121#2,559495119#2
3_7129,559495121#2,559495119#4
3_7130,559495121#2,559495121#3
3_7131,559495121#2,559495121#6
3_7132,559495121#2,559495121#9
3_7133,559495121#2,577223388
3_7134,559495121#2,577223393#0
3_7135,559495121#2,577223393#2
3_7136,559495121#2,577223395
3_7137,559495121#2,577230016#2
3_7138,559495121#5,-110540722#0
3_7139,559495121#5,-1213551188#0
3_7140,559495121#5,-1213551191
3_7141,559495121#5,-128617369
3_7142,559495121#5,-128617374
3_7143,559495121#5,-128619666
3_7144,559495121#5,-151503392
3_7145,559495121#5,-151505951
3_7146,559495121#5,-173680979#2
3_7147,559495121#5,-202332915
3_7148,559495121#5,-202332917
3_7149,559495121#5,-223996981#0
3_7150,559495121#5,-25654991#0
3_7151,559495121#5,-31785293
3_7152,559495121#5,-380823372
3_7153,559495121#5,-431858308
3_7154,559495121#5,-48563893#0
3_7155,559495121#5,-50077954
3_7156,559495121#5,-50370685
3_7157,559495121#5,-50835389
3_7158,559495121#5,-577230015
3_7159,559495121#5,-577230016#0
3_7160,559495121#5,-794480008
3_7161,559495121#5,-93814018#0
3_7162,559495121#5,-95637907
3_7163,559495121#5,108634758#0
3_7164,559495121#5,110540729#3
3_7165,559495121#5,110540747#1
3_7166,559495121#5,1157760112#1
3_7167,559495121#5,1157760112#1-AddedOffRampEdge
3_7168,559495121#5,1157760112#1-AddedOnRampEdge
3_7169,559495121#5,1158669976
3_7170,559495121#5,1177928034#2
3_7171,559495121#5,1177928034#4
3_7172,559495121#5,1177928034#6
3_7173,559495121#5,1177928034#7
3_7174,559495121#5,1177928034#9
3_7175,559495121#5,1207872176
3_7176,559495121#5,1211804126
3_7177,559495121#5,1213551187#2
3_7178,559495121#5,1213551192
3_7179,559495121#5,1223054104#0
3_7180,559495121#5,1223054104#2
3_7181,559495121#5,1238851923#2
3_7182,559495121#5,1238851927#1
3_7183,559495121#5,128617366#1
3_7184,559495121#5,128617367
3_7185,559495121#5,128619665#0
3_7186,559495121#5,129120200
3_7187,559495121#5,129127803#6
3_7188,559495121#5,131752095#4
3_7189,559495121#5,147961515
3_7190,559495121#5,159344785#0
3_7191,559495121#5,159344785#2
3_7192,559495121#5,25749210
3_7193,559495121#5,25817392#11
3_7194,559495121#5,25817411
3_7195,559495121#5,25817423#3
3_7196,559495121#5,25819177#2
3_7197,559495121#5,25838188#0
3_7198,559495121#5,25838210#1
3_7199,559495121#5,27237138
3_7200,559495121#5,28921528#2
3_7201,559495121#5,30672980#6
3_7202,559495121#5,30673027
3_7203,559495121#5,31785294
3_7204,559495121#5,416563917#2
3_7205,559495121#5,431858310
3_7206,559495121#5,48563893#0
3_7207,559495121#5,48563895#1
3_7208,559495121#5,48563895#5
3_7209,559495121#5,559456673#1
3_7210,559495121#5,559456673#3
3_7211,559495121#5,559456673#4
3_7212,559495121#5,559495119#0
3_7213,559495121#5,559495119#2
3_7214,559495121#5,559495119#4
3_7215,559495121#5,559495121#3
3_7216,559495121#5,559495121#6
3_7217,559495121#5,559495121#9
3_7218,559495121#5,577223388
3_7219,559495121#5,577223393#0
3_7220,559495121#5,577223393#2
3_7221,559495121#5,577223395
3_7222,559495121#5,577230016#2
3_7223,559495121#6,-110540722#0
3_7224,559495121#6,-1213551188#0
3_7225,559495121#6,-1213551191
3_7226,559495121#6,-128617369
3_7227,559495121#6,-128617374
3_7228,559495121#6,-128619666
3_7229,559495121#6,-151503392
3_7230,559495121#6,-151505951
3_7231,559495121#6,-173680979#2
3_7232,559495121#6,-202332915
3_7233,559495121#6,-202332917
3_7234,559495121#6,-223996981#0
3_7235,559495121#6,-25654991#0
3_7236,559495121#6,-31785293
3_7237,559495121#6,-380823372
3_7238,559495121#6,-431858308
3_7239,559495121#6,-48563893#0
3_7240,559495121#6,-50077954
3_7241,559495121#6,-50370685
3_7242,559495121#6,-50835389
3_7243,559495121#6,-577230015
3_7244,559495121#6,-577230016#0
3_7245,559495121#6,-794480008
3_7246,559495121#6,-93814018#0
3_7247,559495121#6,-95637907
3_7248,559495121#6,108634758#0
3_7249,559495121#6,110540729#3
3_7250,559495121#6,110540747#1
3_7251,559495121#6,1157760112#1
3_7252,559495121#6,1157760112#1-AddedOffRampEdge
3_7253,559495121#6,1157760112#1-AddedOnRampEdge
3_7254,559495121#6,1158669976
3_7255,559495121#6,1177928034#2
3_7256,559495121#6,1177928034#4
3_7257,559495121#6,1177928034#6
3_7258,559495121#6,1177928034#7
3_7259,559495121#6,1177928034#9
3_7260,559495121#6,1207872176
3_7261,559495121#6,1211804126
3_7262,559495121#6,1213551187#2
3_7263,559495121#6,1213551192
3_7264,559495121#6,1223054104#0
3_7265,559495121#6,1223054104#2
3_7266,559495121#6,1238851923#2
3_7267,559495121#6,1238851927#1
3_7268,559495121#6,128617366#1
3_7269,559495121#6,128617367
3_7270,559495121#6,128619665#0
3_7271,559495121#6,129120200
3_7272,559495121#6,129127803#6
3_7273,559495121#6,131752095#4
3_7274,559495121#6,147961515
3_7275,559495121#6,159344785#0
3_7276,559495121#6,159344785#2
3_7277,559495121#6,25749210
3_7278,559495121#6,25817392#11
3_7279,559495121#6,25817411
3_7280,559495121#6,25817423#3
3_7281,559495121#6,25819177#2
3_7282,559495121#6,25838188#0
3_7283,559495121#6,25838210#1
3_7284,559495121#6,27237138
3_7285,559495121#6,28921528#2
3_7286,559495121#6,30672980#6
3_7287,559495121#6,30673027
3_7288,559495121#6,31785294
3_7289,559495121#6,416563917#2
3_7290,559495121#6,431858310
3_7291,559495121#6,48563893#0
3_7292,559495121#6,48563895#1
3_7293,559495121#6,48563895#5
3_7294,559495121#6,559456673#1
3_7295,559495121#6,559456673#3
3_7296,559495121#6,559456673#4
3_7297,559495121#6,559495119#0
3_7298,559495121#6,559495119#2
3_7299,559495121#6,559495119#4
3_7300,559495121#6,559495121#3
3_7301,559495121#6,559495121#9
3_7302,559495121#6,577223388
3_7303,559495121#6,577223393#0
3_7304,559495121#6,577223393#2
3_7305,559495121#6,577223395
3_7306,559495121#6,577230016#2
3_7307,577223389,-110540722#0
3_7308,577223389,-1213551188#0
3_7309,577223389,-1213551191
3_7310,577223389,-128617369
3_7311,577223389,-128617374
3_7312,577223389,-128619666
3_7313,577223389,-151503392
3_7314,577223389,-151505951
3_7315,577223389,-173680979#2
3_7316,577223389,-202332915
3_7317,577223389,-202332917
3_7318,577223389,-223996981#0
3_7319,577223389,-25654991#0
3_7320,577223389,-31785293
3_7321,577223389,-380823372
3_7322,577223389,-431858308
3_7323,577223389,-48563893#0
3_7324,577223389,-50077954
3_7325,577223389,-50370685
3_7326,577223389,-50835389
3_7327,577223389,-577230015
3_7328,577223389,-577230016#0
3_7329,577223389,-794480008
3_7330,577223389,-93814018#0
3_7331,577223389,-95637907
3_7332,577223389,108634758#0
3_7333,577223389,110540729#3
3_7334,577223389,110540747#1
3_7335,577223389,1157760112#1
3_7336,577223389,1157760112#1-AddedOffRampEdge
3_7337,577223389,1157760112#1-AddedOnRampEdge
3_7338,577223389,1158669976
3_7339,577223389,1177928034#2
3_7340,577223389,1177928034#4
3_7341,577223389,1177928034#6
3_7342,577223389,1177928034#7
3_7343,577223389,1177928034#9
3_7344,577223389,1207872176
3_7345,577223389,1211804126
3_7346,577223389,1213551187#2
3_7347,577223389,1213551192
3_7348,577223389,1223054104#0
3_7349,577223389,1223054104#2
3_7350,577223389,1238851923#2
3_7351,577223389,1238851927#1
3_7352,577223389,128617366#1
3_7353,577223389,128617367
3_7354,577223389,128619665#0
3_7355,577223389,129120200
3_7356,577223389,129127803#6
3_7357,577223389,131752095#4
3_7358,577223389,147961515
3_7359,577223389,159344785#0
3_7360,577223389,159344785#2
3_7361,577223389,25749210
3_7362,577223389,25817392#11
3_7363,577223389,25817411
3_7364,577223389,25817423#3
3_7365,577223389,25819177#2
3_7366,577223389,25838188#0
3_7367,577223389,25838210#1
3_7368,577223389,27237138
3_7369,577223389,28921528#2
3_7370,577223389,30672980#6
3_7371,577223389,30673027
3_7372,577223389,31785294
3_7373,577223389,416563917#2
3_7374,577223389,431858310
3_7375,577223389,48563893#0
3_7376,577223389,48563895#1
3_7377,577223389,48563895#5
3_7378,577223389,559456673#1
3_7379,577223389,559456673#3
3_7380,577223389,559456673#4
3_7381,577223389,559495119#0
3_7382,577223389,559495119#2
3_7383,577223389,559495119#4
3_7384,577223389,559495121#3
3_7385,577223389,559495121#6
3_7386,577223389,559495121#9
3_7387,577223389,577223388
3_7388,577223389,577223393#0
3_7389,577223389,577223393#2
3_7390,577223389,577223395
3_7391,577223389,577230016#2
3_7392,577223393#0,-110540722#0
3_7393,577223393#0,-1213551188#0
3_7394,577223393#0,-1213551191
3_7395,577223393#0,-128617369
3_7396,577223393#0,-128617374
3_7397,577223393#0,-128619666
3_7398,577223393#0,-151503392
3_7399,577223393#0,-151505951
3_7400,577223393#0,-173680979#2
3_7401,577223393#0,-202332915
3_7402,577223393#0,-202332917
3_7403,577223393#0,-223996981#0
3_7404,577223393#0,-25654991#0
3_7405,577223393#0,-31785293
3_7406,577223393#0,-380823372
3_7407,577223393#0,-431858308
3_7408,577223393#0,-48563893#0
3_7409,577223393#0,-50077954
3_7410,577223393#0,-50370685
3_7411,577223393#0,-50835389
3_7412,577223393#0,-577230015
3_7413,577223393#0,-577230016#0
3_7414,577223393#0,-794480008
3_7415,577223393#0,-93814018#0
3_7416,577223393#0,-95637907
3_7417,577223393#0,108634758#0
3_7418,577223393#0,110540729#3
3_7419,577223393#0,110540747#1
3_7420,577223393#0,1157760112#1
3_7421,577223393#0,1157760112#1-AddedOffRampEdge
3_7422,577223393#0,1157760112#1-AddedOnRampEdge
3_7423,577223393#0,1158669976
3_7424,577223393#0,1177928034#2
3_7425,577223393#0,1177928034#4
3_7426,577223393#0,1177928034#6
3_7427,577223393#0,1177928034#7
3_7428,577223393#0,1177928034#9
3_7429,577223393#0,1207872176
3_7430,577223393#0,1211804126
3_7431,577223393#0,1213551187#2
3_7432,577223393#0,1213551192
3_7433,577223393#0,1223054104#0
3_7434,577223393#0,1223054104#2
3_7435,577223393#0,1238851923#2
3_7436,577223393#0,1238851927#1
3_7437,577223393#0,128617366#1
3_7438,577223393#0,128617367
3_7439,577223393#0,128619665#0
3_7440,577223393#0,129120200
3_7441,577223393#0,129127803#6
3_7442,577223393#0,131752095#4
3_7443,577223393#0,147961515
3_7444,577223393#0,159344785#0
3_7445,577223393#0,159344785#2
3_7446,577223393#0,25749210
3_7447,577223393#0,25817392#11
3_7448,577223393#0,25817411
3_7449,577223393#0,25817423#3
3_7450,577223393#0,25819177#2
3_7451,577223393#0,25838188#0
3_7452,577223393#0,25838210#1
3_7453,577223393#0,27237138
3_7454,577223393#0,28921528#2
3_7455,577223393#0,30672980#6
3_7456,577223393#0,30673027
3_7457,577223393#0,31785294
3_7458,577223393#0,416563917#2
3_7459,577223393#0,431858310
3_7460,577223393#0,48563893#0
3_7461,577223393#0,48563895#1
3_7462,577223393#0,48563895#5
3_7463,577223393#0,559456673#1
3_7464,577223393#0,559456673#3
3_7465,577223393#0,559456673#4
3_7466,577223393#0,559495119#0
3_7467,577223393#0,559495119#2
3_7468,577223393#0,559495119#4
3_7469,577223393#0,559495121#3
3_7470,577223393#0,559495121#6
3_7471,577223393#0,559495121#9
3_7472,577223393#0,577223388
3_7473,577223393#0,577223393#2
3_7474,577223393#0,577223395
3_7475,577223393#0,577230016#2
3_7476,577223393#2,-110540722#0
3_7477,577223393#2,-1213551188#0
3_7478,577223393#2,-1213551191
3_7479,577223393#2,-128617369
3_7480,577223393#2,-128617374
3_7481,577223393#2,-128619666
3_7482,577223393#2,-151503392
3_7483,577223393#2,-151505951
3_7484,577223393#2,-173680979#2
3_7485,577223393#2,-202332915
3_7486,577223393#2,-202332917
3_7487,577223393#2,-223996981#0
3_7488,577223393#2,-25654991#0
3_7489,577223393#2,-31785293
3_7490,577223393#2,-380823372
3_7491,577223393#2,-431858308
3_7492,577223393#2,-48563893#0
3_7493,577223393#2,-50077954
3_7494,577223393#2,-50370685
3_7495,577223393#2,-50835389
3_7496,577223393#2,-577230015
3_7497,577223393#2,-577230016#0
3_7498,577223393#2,-794480008
3_7499,577223393#2,-93814018#0
3_7500,577223393#2,-95637907
3_7501,577223393#2,108634758#0
3_7502,577223393#2,110540729#3
3_7503,577223393#2,110540747#1
3_7504,577223393#2,1157760112#1
3_7505,577223393#2,1157760112#1-AddedOffRampEdge
3_7506,577223393#2,1157760112#1-AddedOnRampEdge
3_7507,577223393#2,1158669976
3_7508,577223393#2,1177928034#2
3_7509,577223393#2,1177928034#4
3_7510,577223393#2,1177928034#6
3_7511,577223393#2,1177928034#7
3_7512,577223393#2,1177928034#9
3_7513,577223393#2,1207872176
3_7514,577223393#2,1211804126
3_7515,577223393#2,1213551187#2
3_7516,577223393#2,1213551192
3_7517,577223393#2,1223054104#0
3_7518,577223393#2,1223054104#2
3_7519,577223393#2,1238851923#2
3_7520,577223393#2,1238851927#1
3_7521,577223393#2,128617366#1
3_7522,577223393#2,128617367
3_7523,577223393#2,128619665#0
3_7524,577223393#2,129120200
3_7525,577223393#2,129127803#6
3_7526,577223393#2,131752095#4
3_7527,577223393#2,147961515
3_7528,577223393#2,159344785#0
3_7529,577223393#2,159344785#2
3_7530,577223393#2,25749210
3_7531,577223393#2,25817392#11
3_7532,577223393#2,25817411
3_7533,577223393#2,25817423#3
3_7534,577223393#2,25819177#2
3_7535,577223393#2,25838188#0
3_7536,577223393#2,25838210#1
3_7537,577223393#2,27237138
3_7538,577223393#2,28921528#2
3_7539,577223393#2,30672980#6
3_7540,577223393#2,30673027
3_7541,577223393#2,31785294
3_7542,577223393#2,416563917#2
3_7543,577223393#2,431858310
3_7544,577223393#2,48563893#0
3_7545,577223393#2,48563895#1
3_7546,577223393#2,48563895#5
3_7547,577223393#2,559456673#1
3_7548,577223393#2,559456673#3
3_7549,577223393#2,559456673#4
3_7550,577223393#2,559495119#0
3_7551,577223393#2,559495119#2
3_7552,577223393#2,559495119#4
3_7553,577223393#2,559495121#3
3_7554,577223393#2,559495121#6
3_7555,577223393#2,559495121#9
3_7556,577223393#2,577223388
3_7557,577223393#2,577223393#0
3_7558,577223393#2,577223395
3_7559,577223393#2,577230016#2
3_7560,577223397,-110540722#0
3_7561,577223397,-1213551188#0
3_7562,577223397,-1213551191
3_7563,577223397,-128617369
3_7564,577223397,-128617374
3_7565,577223397,-128619666
3_7566,577223397,-151503392
3_7567,577223397,-151505951
3_7568,577223397,-173680979#2
3_7569,577223397,-202332915
3_7570,577223397,-202332917
3_7571,577223397,-223996981#0
3_7572,577223397,-25654991#0
3_7573,577223397,-31785293
3_7574,577223397,-380823372
3_7575,577223397,-431858308
3_7576,577223397,-48563893#0
3_7577,577223397,-50077954
3_7578,577223397,-50370685
3_7579,577223397,-50835389
3_7580,577223397,-577230015
3_7581,577223397,-577230016#0
3_7582,577223397,-794480008
3_7583,577223397,-93814018#0
3_7584,577223397,-95637907
3_7585,577223397,108634758#0
3_7586,577223397,110540729#3
3_7587,577223397,110540747#1
3_7588,577223397,1157760112#1
3_7589,577223397,1157760112#1-AddedOffRampEdge
3_7590,577223397,1157760112#1-AddedOnRampEdge
3_7591,577223397,1158669976
3_7592,577223397,1177928034#2
3_7593,577223397,1177928034#4
3_7594,577223397,1177928034#6
3_7595,577223397,1177928034#7
3_7596,577223397,1177928034#9
3_7597,577223397,1207872176
3_7598,577223397,1211804126
3_7599,577223397,1213551187#2
3_7600,577223397,1213551192
3_7601,577223397,1223054104#0
3_7602,577223397,1223054104#2
3_7603,577223397,1238851923#2
3_7604,577223397,1238851927#1
3_7605,577223397,128617366#1
3_7606,577223397,128617367
3_7607,577223397,128619665#0
3_7608,577223397,129120200
3_7609,577223397,129127803#6
3_7610,577223397,131752095#4
3_7611,577223397,147961515
3_7612,577223397,159344785#0
3_7613,577223397,159344785#2
3_7614,577223397,25749210
3_7615,577223397,25817392#11
3_7616,577223397,25817411
3_7617,577223397,25817423#3
3_7618,577223397,25819177#2
3_7619,577223397,25838188#0
3_7620,577223397,25838210#1
3_7621,577223397,27237138
3_7622,577223397,28921528#2
3_7623,577223397,30672980#6
3_7624,577223397,30673027
3_7625,577223397,31785294
3_7626,577223397,416563917#2
3_7627,577223397,431858310
3_7628,577223397,48563893#0
3_7629,577223397,48563895#1
3_7630,577223397,48563895#5
3_7631,577223397,559456673#1
3_7632,577223397,559456673#3
3_7633,577223397,559456673#4
3_7634,577223397,559495119#0
3_7635,577223397,559495119#2
3_7636,577223397,559495119#4
3_7637,577223397,559495121#3
3_7638,577223397,559495121#6
3_7639,577223397,559495121#9
3_7640,577223397,577223388
3_7641,577223397,577223393#0
3_7642,577223397,577223393#2
3_7643,577223397,577223395
3_7644,577223397,577230016#2
3_7645,577230015,-110540722#0
3_7646,577230015,-1213551188#0
3_7647,577230015,-1213551191
3_7648,577230015,-128617369
3_7649,577230015,-128617374
3_7650,577230015,-128619666
3_7651,577230015,-151503392
3_7652,577230015,-151505951
3_7653,577230015,-173680979#2
3_7654,577230015,-202332915
3_7655,577230015,-202332917
3_7656,577230015,-223996981#0
3_7657,577230015,-25654991#0
3_7658,577230015,-31785293
3_7659,577230015,-380823372
3_7660,577230015,-431858308
3_7661,577230015,-48563893#0
3_7662,577230015,-50077954
3_7663,577230015,-50370685
3_7664,577230015,-50835389
3_7665,577230015,-577230015
3_7666,577230015,-577230016#0
3_7667,577230015,-794480008
3_7668,577230015,-93814018#0
3_7669,577230015,-95637907
3_7670,577230015,108634758#0
3_7671,577230015,110540729#3
3_7672,577230015,110540747#1
3_7673,577230015,1157760112#1
3_7674,577230015,1157760112#1-AddedOffRampEdge
3_7675,577230015,1157760112#1-AddedOnRampEdge
3_7676,577230015,1158669976
3_7677,577230015,1177928034#2
3_7678,577230015,1177928034#4
3_7679,577230015,1177928034#6
3_7680,577230015,1177928034#7
3_7681,577230015,1177928034#9
3_7682,577230015,1207872176
3_7683,577230015,1211804126
3_7684,577230015,1213551187#2
3_7685,577230015,1213551192
3_7686,577230015,1223054104#0
3_7687,577230015,1223054104#2
3_7688,577230015,1238851923#2
3_7689,577230015,1238851927#1
3_7690,577230015,128617366#1
3_7691,577230015,128617367
3_7692,577230015,128619665#0
3_7693,577230015,129120200
3_7694,577230015,129127803#6
3_7695,577230015,131752095#4
3_7696,577230015,147961515
3_7697,577230015,159344785#0
3_7698,577230015,159344785#2
3_7699,577230015,25749210
3_7700,577230015,25817392#11
3_7701,577230015,25817411
3_7702,577230015,25817423#3
3_7703,577230015,25819177#2
3_7704,577230015,25838188#0
3_7705,577230015,25838210#1
3_7706,577230015,27237138
3_7707,577230015,28921528#2
3_7708,577230015,30672980#6
3_7709,577230015,30673027
3_7710,577230015,31785294
3_7711,577230015,416563917#2
3_7712,577230015,431858310
3_7713,577230015,48563893#0
3_7714,577230015,48563895#1
3_7715,577230015,48563895#5
3_7716,577230015,559456673#1
3_7717,577230015,559456673#3
3_7718,577230015,559456673#4
3_7719,577230015,559495119#0
3_7720,577230015,559495119#2
3_7721,577230015,559495119#4
3_7722,577230015,559495121#3
3_7723,577230015,559495121#6
3_7724,577230015,559495121#9
3_7725,577230015,577223388
3_7726,577230015,577223393#0
3_7727,577230015,577223393#2
3_7728,577230015,577223395
3_7729,577230015,577230016#2
3_7730,577230016#0,-110540722#0
3_7731,577230016#0,-1213551188#0
3_7732,577230016#0,-1213551191
3_7733,577230016#0,-128617369
3_7734,577230016#0,-128617374
3_7735,577230016#0,-128619666
3_7736,577230016#0,-151503392
3_7737,577230016#0,-151505951
3_7738,577230016#0,-173680979#2
3_7739,577230016#0,-202332915
3_7740,577230016#0,-202332917
3_7741,577230016#0,-223996981#0
3_7742,577230016#0,-25654991#0
3_7743,577230016#0,-31785293
3_7744,577230016#0,-380823372
3_7745,577230016#0,-431858308
3_7746,577230016#0,-48563893#0
3_7747,577230016#0,-50077954
3_7748,577230016#0,-50370685
3_7749,577230016#0,-50835389
3_7750,577230016#0,-577230015
3_7751,577230016#0,-577230016#0
3_7752,577230016#0,-794480008
3_7753,577230016#0,-93814018#0
3_7754,577230016#0,-95637907
3_7755,577230016#0,108634758#0
3_7756,577230016#0,110540729#3
3_7757,577230016#0,110540747#1
3_7758,577230016#0,1157760112#1
3_7759,577230016#0,1157760112#1-AddedOffRampEdge
3_7760,577230016#0,1157760112#1-AddedOnRampEdge
3_7761,577230016#0,1158669976
3_7762,577230016#0,1177928034#2
3_7763,577230016#0,1177928034#4
3_7764,577230016#0,1177928034#6
3_7765,577230016#0,1177928034#7
3_7766,577230016#0,1177928034#9
3_7767,577230016#0,1207872176
3_7768,577230016#0,1211804126
3_7769,577230016#0,1213551187#2
3_7770,577230016#0,1213551192
3_7771,577230016#0,1223054104#0
3_7772,577230016#0,1223054104#2
3_7773,577230016#0,1238851923#2
3_7774,577230016#0,1238851927#1
3_7775,577230016#0,128617366#1
3_7776,577230016#0,128617367
3_7777,577230016#0,128619665#0
3_7778,577230016#0,129120200
3_7779,577230016#0,129127803#6
3_7780,577230016#0,131752095#4
3_7781,577230016#0,147961515
3_7782,577230016#0,159344785#0
3_7783,577230016#0,159344785#2
3_7784,577230016#0,25749210
3_7785,577230016#0,25817392#11
3_7786,577230016#0,25817411
3_7787,577230016#0,25817423#3
3_7788,577230016#0,25819177#2
3_7789,577230016#0,25838188#0
3_7790,577230016#0,25838210#1
3_7791,577230016#0,27237138
3_7792,577230016#0,28921528#2
3_7793,577230016#0,30672980#6
3_7794,577230016#0,30673027
3_7795,577230016#0,31785294
3_7796,577230016#0,416563917#2
3_7797,577230016#0,431858310
3_7798,577230016#0,48563893#0
3_7799,577230016#0,48563895#1
3_7800,577230016#0,48563895#5
3_7801,577230016#0,559456673#1
3_7802,577230016#0,559456673#3
3_7803,577230016#0,559456673#4
3_7804,577230016#0,559495119#0
3_7805,577230016#0,559495119#2
3_7806,577230016#0,559495119#4
3_7807,577230016#0,559495121#3
3_7808,577230016#0,559495121#6
3_7809,577230016#0,559495121#9
3_7810,577230016#0,577223388
3_7811,577230016#0,577223393#0
3_7812,577230016#0,577223393#2
3_7813,577230016#0,577223395
3_7814,577230016#0,577230016#2
3_7815,794480008,-110540722#0
3_7816,794480008,-1213551188#0
3_7817,794480008,-1213551191
3_7818,794480008,-128617369
3_7819,794480008,-128617374
3_7820,794480008,-128619666
3_7821,794480008,-151503392
3_7822,794480008,-151505951
3_7823,794480008,-173680979#2
3_7824,794480008,-202332915
3_7825,794480008,-202332917
3_7826,794480008,-223996981#0
3_7827,794480008,-25654991#0
3_7828,794480008,-31785293
3_7829,794480008,-380823372
3_7830,794480008,-431858308
3_7831,794480008,-48563893#0
3_7832,794480008,-50077954
3_7833,794480008,-50370685
3_7834,794480008,-50835389
3_7835,794480008,-577230015
3_7836,794480008,-577230016#0
3_7837,794480008,-794480008
3_7838,794480008,-93814018#0
3_7839,794480008,-95637907
3_7840,794480008,108634758#0
3_7841,794480008,110540729#3
3_7842,794480008,110540747#1
3_7843,794480008,1157760112#1
3_7844,794480008,1157760112#1-AddedOffRampEdge
3_7845,794480008,1157760112#1-AddedOnRampEdge
3_7846,794480008,1158669976
3_7847,794480008,1177928034#2
3_7848,794480008,1177928034#4
3_7849,794480008,1177928034#6
3_7850,794480008,1177928034#7
3_7851,794480008,1177928034#9
3_7852,794480008,1207872176
3_7853,794480008,1211804126
3_7854,794480008,1213551187#2
3_7855,794480008,1213551192
3_7856,794480008,1223054104#0
3_7857,794480008,1223054104#2
3_7858,794480008,1238851923#2
3_7859,794480008,1238851927#1
3_7860,794480008,128617366#1
3_7861,794480008,128617367
3_7862,794480008,128619665#0
3_7863,794480008,129120200
3_7864,794480008,129127803#6
3_7865,794480008,131752095#4
3_7866,794480008,147961515
3_7867,794480008,159344785#0
3_7868,794480008,159344785#2
3_7869,794480008,25749210
3_7870,794480008,25817392#11
3_7871,794480008,25817411
3_7872,794480008,25817423#3
3_7873,794480008,25819177#2
3_7874,794480008,25838188#0
3_7875,794480008,25838210#1
3_7876,794480008,27237138
3_7877,794480008,28921528#2
3_7878,794480008,30672980#6
3_7879,794480008,30673027
3_7880,794480008,31785294
3_7881,794480008,416563917#2
3_7882,794480008,431858310
3_7883,794480008,48563893#0
3_7884,794480008,48563895#1
3_7885,794480008,48563895#5
3_7886,794480008,559456673#1
3_7887,794480008,559456673#3
3_7888,794480008,559456673#4
3_7889,794480008,559495119#0
3_7890,794480008,559495119#2
3_7891,794480008,559495119#4
3_7892,794480008,559495121#3
3_7893,794480008,559495121#6
3_7894,794480008,559495121#9
3_7895,794480008,577223388
3_7896,794480008,577223393#0
3_7897,794480008,577223393#2
3_7898,794480008,577223395
3_7899,794480008,577230016#2
3_7900,93814018#0,-110540722#0
3_7901,93814018#0,-1213551188#0
3_7902,93814018#0,-1213551191
3_7903,93814018#0,-128617369
3_7904,93814018#0,-128617374
3_7905,93814018#0,-128619666
3_7906,93814018#0,-151503392
3_7907,93814018#0,-151505951
3_7908,93814018#0,-173680979#2
3_7909,93814018#0,-202332915
3_7910,93814018#0,-202332917
3_7911,93814018#0,-223996981#0
3_7912,93814018#0,-25654991#0
3_7913,93814018#0,-31785293
3_7914,93814018#0,-380823372
3_7915,93814018#0,-431858308
3_7916,93814018#0,-48563893#0
3_7917,93814018#0,-50077954
3_7918,93814018#0,-50370685
3_7919,93814018#0,-50835389
3_7920,93814018#0,-577230015
3_7921,93814018#0,-577230016#0
3_7922,93814018#0,-794480008
3_7923,93814018#0,-93814018#0
3_7924,93814018#0,-95637907
3_7925,93814018#0,108634758#0
3_7926,93814018#0,110540729#3
3_7927,93814018#0,110540747#1
3_7928,93814018#0,1157760112#1
3_7929,93814018#0,1157760112#1-AddedOffRampEdge
3_7930,93814018#0,1157760112#1-AddedOnRampEdge
3_7931,93814018#0,1158669976
3_7932,93814018#0,1177928034#2
3_7933,93814018#0,1177928034#4
3_7934,93814018#0,1177928034#6
3_7935,93814018#0,1177928034#7
3_7936,93814018#0,1177928034#9
3_7937,93814018#0,1207872176
3_7938,93814018#0,1211804126
3_7939,93814018#0,1213551187#2
3_7940,93814018#0,1213551192
3_7941,93814018#0,1223054104#0
3_7942,93814018#0,1223054104#2
3_7943,93814018#0,1238851923#2
3_7944,93814018#0,1238851927#1
3_7945,93814018#0,128617366#1
3_7946,93814018#0,128617367
3_7947,93814018#0,128619665#0
3_7948,93814018#0,129120200
3_7949,93814018#0,129127803#6
3_7950,93814018#0,131752095#4
3_7951,93814018#0,147961515
3_7952,93814018#0,159344785#0
3_7953,93814018#0,159344785#2
3_7954,93814018#0,25749210
3_7955,93814018#0,25817392#11
3_7956,93814018#0,25817411
3_7957,93814018#0,25817423#3
3_7958,93814018#0,25819177#2
3_7959,93814018#0,25838188#0
3_7960,93814018#0,25838210#1
3_7961,93814018#0,27237138
3_7962,93814018#0,28921528#2
3_7963,93814018#0,30672980#6
3_7964,93814018#0,30673027
3_7965,93814018#0,31785294
3_7966,93814018#0,416563917#2
3_7967,93814018#0,431858310
3_7968,93814018#0,48563893#0
3_7969,93814018#0,48563895#1
3_7970,93814018#0,48563895#5
3_7971,93814018#0,559456673#1
3_7972,93814018#0,559456673#3
3_7973,93814018#0,559456673#4
3_7974,93814018#0,559495119#0
3_7975,93814018#0,559495119#2
3_7976,93814018#0,559495119#4
3_7977,93814018#0,559495121#3
3_7978,93814018#0,559495121#6
3_7979,93814018#0,559495121#9
3_7980,93814018#0,577223388
3_7981,93814018#0,577223393#0
3_7982,93814018#0,577223393#2
3_7983,93814018#0,577223395
3_7984,93814018#0,577230016#2
