flow_id,start_point_lat,start_point_lon,via_point_1_lat,via_point_1_lon,via_point_2_lat,via_point_2_lon,end_point_lat,end_point_lon
flow_3_0,41.09797137080637,16.849701951782066,41.09848309553264,16.84824790691432,41.1020203917021,16.84882687676746,41.10283007281504,16.84532742394581
flow_3_1,41.09797137080637,16.849701951782066,41.09848309553264,16.84824790691432,41.101351288963656,16.848014927829535,41.09728164732345,16.84307858160294
flow_3_2,41.09797137080637,16.849701951782066,41.09848309553264,16.84824790691432,41.09421243463567,16.847594276471863,41.09371087307764,16.849291052198975
flow_3_3,41.09797137080637,16.849701951782066,41.09848309553264,16.84824790691432,41.09457433490167,16.847640377504526,41.09431864060897,16.848868036711348
flow_3_4,41.09797137080637,16.849701951782066,41.09848309553264,16.84824790691432,41.097596631773314,16.853609114834843,41.09633260091152,16.853055976599734
flow_3_5,41.09797137080637,16.849701951782066,41.09848309553264,16.84824790691432,41.100848149229584,16.852617317751818,41.10207566988899,16.852506071608552
flow_3_6,41.09797137080637,16.849701951782066,41.09848309553264,16.84824790691432,41.09921039349766,16.857093476263653,41.09931390026017,16.857131876843294
flow_3_7,41.09797137080637,16.849701951782066,41.09848309553264,16.84824790691432,41.0948531829976,16.854625234616556,41.09474852794223,16.854546207025674
flow_3_8,41.09797137080637,16.849701951782066,41.09848309553264,16.84824790691432,41.097795170327615,16.8527908424273,41.09810151193486,16.852930909234342
flow_3_9,41.09797137080637,16.849701951782066,41.09848309553264,16.84824790691432,41.10098576297509,16.85215368870655,41.10069399901464,16.852501766897987
flow_3_10,41.09797137080637,16.849701951782066,41.09848309553264,16.84824790691432,41.10069399901464,16.852501766897987,41.10014423546408,16.85343368091778
flow_3_11,41.09797137080637,16.849701951782066,41.09848309553264,16.84824790691432,41.10149846212833,16.851184630435842,41.10098576297509,16.85215368870655
flow_3_12,41.09797137080637,16.849701951782066,41.09848309553264,16.84824790691432,41.10226128050579,16.84991892625057,41.10236609957379,16.849769208287043
flow_3_13,41.09797137080637,16.849701951782066,41.09848309553264,16.84824790691432,41.10164696791585,16.849493004994628,41.10155429604601,16.849587453146114
flow_3_14,41.09797137080637,16.849701951782066,41.09848309553264,16.84824790691432,41.101441674211465,16.850060366797287,41.10162574873644,16.85043277210701
flow_3_15,41.09797137080637,16.849701951782066,41.09848309553264,16.84824790691432,41.10187323450664,16.850519265700957,41.10226128050579,16.84991892625057
flow_3_16,41.09797137080637,16.849701951782066,41.09848309553264,16.84824790691432,41.10226128050579,16.84991892625057,41.10212098795253,16.849557273781752
flow_3_17,41.09797137080637,16.849701951782066,41.09848309553264,16.84824790691432,41.10202949742299,16.849477185555482,41.101893052359,16.84942560576533
flow_3_18,41.09797137080637,16.849701951782066,41.09848309553264,16.84824790691432,41.09848309553264,16.84824790691432,41.09797137080637,16.849701951782066
flow_3_19,41.09797137080637,16.849701951782066,41.09848309553264,16.84824790691432,41.10178918891531,16.848691071158175,41.10226374108996,16.849199159034608
flow_3_20,41.09797137080637,16.849701951782066,41.09848309553264,16.84824790691432,41.10064507934617,16.857798349652736,41.10063306420042,16.857811704770633
flow_3_21,41.09797137080637,16.849701951782066,41.09848309553264,16.84824790691432,41.100629061952446,16.857881132677438,41.10063414181671,16.857890087546004
flow_3_22,41.09797137080637,16.849701951782066,41.09848309553264,16.84824790691432,41.098013091446674,16.85068225103151,41.09797643244636,16.850614898699735
flow_3_23,41.09797137080637,16.849701951782066,41.09848309553264,16.84824790691432,41.09356405619404,16.847281183170747,41.09213809529099,16.84656162436391
flow_3_24,41.09797137080637,16.849701951782066,41.09848309553264,16.84824790691432,41.09874388317417,16.854662669666943,41.098789979203126,16.85480947432754
flow_3_25,41.09797137080637,16.849701951782066,41.09848309553264,16.84824790691432,41.098805360878,16.854883494497827,41.09862690423968,16.855801764244642
flow_3_26,41.09797137080637,16.849701951782066,41.09848309553264,16.84824790691432,41.09878814926408,16.854279784852835,41.0989742370114,16.854319313351734
flow_3_27,41.09797137080637,16.849701951782066,41.09848309553264,16.84824790691432,41.09688679894607,16.854222009568716,41.09667063802659,16.854136985818336
flow_3_28,41.09797137080637,16.849701951782066,41.09848309553264,16.84824790691432,41.09356405619404,16.847281183170747,41.09287653741932,16.849676627626383
flow_3_29,41.09797137080637,16.849701951782066,41.09848309553264,16.84824790691432,41.09319536694794,16.85029565321274,41.0917515465328,16.847973810087527
flow_3_30,41.09797137080637,16.849701951782066,41.09848309553264,16.84824790691432,41.0938910066973,16.847467751127233,41.09338157090906,16.849228712157455
flow_3_31,41.09797137080637,16.849701951782066,41.09848309553264,16.84824790691432,41.10000725075745,16.85310225196114,41.1000373248635,16.852957349061356
flow_3_32,41.09797137080637,16.849701951782066,41.09848309553264,16.84824790691432,41.09576913015391,16.84786199393714,41.095624082715545,16.84873938546676
flow_3_33,41.09797137080637,16.849701951782066,41.09848309553264,16.84824790691432,41.09571950027065,16.85485011877157,41.09580139620255,16.854871355035236
flow_3_34,41.09797137080637,16.849701951782066,41.09848309553264,16.84824790691432,41.10133204390066,16.849662784092665,41.09702231047879,16.849934177393052
flow_3_35,41.09797137080637,16.849701951782066,41.09848309553264,16.84824790691432,41.09658937779303,16.849970011954603,41.09319536694794,16.85029565321274
flow_3_36,41.09797137080637,16.849701951782066,41.09848309553264,16.84824790691432,41.09319536694794,16.85029565321274,41.09203558768891,16.85040097506566
flow_3_37,41.09797137080637,16.849701951782066,41.09848309553264,16.84824790691432,41.09985490494118,16.854363380911906,41.10001879906208,16.854259633484794
flow_3_38,41.09797137080637,16.849701951782066,41.09848309553264,16.84824790691432,41.1000081660962,16.854092033262692,41.09998736076528,16.85405834499595
flow_3_39,41.09797137080637,16.849701951782066,41.09848309553264,16.84824790691432,41.0998657906448,16.854011700784426,41.0997840764074,16.85407989459394
flow_3_40,41.09797137080637,16.849701951782066,41.09848309553264,16.84824790691432,41.09878814926408,16.854279784852835,41.0987411443374,16.8542061850138
flow_3_41,41.09797137080637,16.849701951782066,41.09848309553264,16.84824790691432,41.09857803984875,16.854216123443177,41.09850337325547,16.85422140542611
flow_3_42,41.09797137080637,16.849701951782066,41.09848309553264,16.84824790691432,41.09744212400728,16.854310502764104,41.097366852073485,16.854314219647932
flow_3_43,41.09797137080637,16.849701951782066,41.09848309553264,16.84824790691432,41.10067445887713,16.85790908558486,41.100701898736745,16.85788878254526
flow_3_44,41.09797137080637,16.849701951782066,41.09848309553264,16.84824790691432,41.10070616917118,16.85781948119896,41.1006949883477,16.857803447897922
flow_3_45,41.09797137080637,16.849701951782066,41.09848309553264,16.84824790691432,41.10063414181671,16.857890087546004,41.10064883435636,16.85805137424128
flow_3_46,41.09213809529099,16.84656162436391,41.09356405619404,16.847281183170747,41.1020203917021,16.84882687676746,41.10283007281504,16.84532742394581
flow_3_47,41.09213809529099,16.84656162436391,41.09356405619404,16.847281183170747,41.101351288963656,16.848014927829535,41.09728164732345,16.84307858160294
flow_3_48,41.09213809529099,16.84656162436391,41.09356405619404,16.847281183170747,41.09421243463567,16.847594276471863,41.09371087307764,16.849291052198975
flow_3_49,41.09213809529099,16.84656162436391,41.09356405619404,16.847281183170747,41.09457433490167,16.847640377504526,41.09431864060897,16.848868036711348
flow_3_50,41.09213809529099,16.84656162436391,41.09356405619404,16.847281183170747,41.097596631773314,16.853609114834843,41.09633260091152,16.853055976599734
flow_3_51,41.09213809529099,16.84656162436391,41.09356405619404,16.847281183170747,41.100848149229584,16.852617317751818,41.10207566988899,16.852506071608552
flow_3_52,41.09213809529099,16.84656162436391,41.09356405619404,16.847281183170747,41.09921039349766,16.857093476263653,41.09931390026017,16.857131876843294
flow_3_53,41.09213809529099,16.84656162436391,41.09356405619404,16.847281183170747,41.0948531829976,16.854625234616556,41.09474852794223,16.854546207025674
flow_3_54,41.09213809529099,16.84656162436391,41.09356405619404,16.847281183170747,41.097795170327615,16.8527908424273,41.09810151193486,16.852930909234342
flow_3_55,41.09213809529099,16.84656162436391,41.09356405619404,16.847281183170747,41.10098576297509,16.85215368870655,41.10069399901464,16.852501766897987
flow_3_56,41.09213809529099,16.84656162436391,41.09356405619404,16.847281183170747,41.10069399901464,16.852501766897987,41.10014423546408,16.85343368091778
flow_3_57,41.09213809529099,16.84656162436391,41.09356405619404,16.847281183170747,41.10149846212833,16.851184630435842,41.10098576297509,16.85215368870655
flow_3_58,41.09213809529099,16.84656162436391,41.09356405619404,16.847281183170747,41.10226128050579,16.84991892625057,41.10236609957379,16.849769208287043
flow_3_59,41.09213809529099,16.84656162436391,41.09356405619404,16.847281183170747,41.10164696791585,16.849493004994628,41.10155429604601,16.849587453146114
flow_3_60,41.09213809529099,16.84656162436391,41.09356405619404,16.847281183170747,41.101441674211465,16.850060366797287,41.10162574873644,16.85043277210701
flow_3_61,41.09213809529099,16.84656162436391,41.09356405619404,16.847281183170747,41.10187323450664,16.850519265700957,41.10226128050579,16.84991892625057
flow_3_62,41.09213809529099,16.84656162436391,41.09356405619404,16.847281183170747,41.10226128050579,16.84991892625057,41.10212098795253,16.849557273781752
flow_3_63,41.09213809529099,16.84656162436391,41.09356405619404,16.847281183170747,41.10202949742299,16.849477185555482,41.101893052359,16.84942560576533
flow_3_64,41.09213809529099,16.84656162436391,41.09356405619404,16.847281183170747,41.09848309553264,16.84824790691432,41.09797137080637,16.849701951782066
flow_3_65,41.09213809529099,16.84656162436391,41.09356405619404,16.847281183170747,41.10178918891531,16.848691071158175,41.10226374108996,16.849199159034608
flow_3_66,41.09213809529099,16.84656162436391,41.09356405619404,16.847281183170747,41.10064507934617,16.857798349652736,41.10063306420042,16.857811704770633
flow_3_67,41.09213809529099,16.84656162436391,41.09356405619404,16.847281183170747,41.100629061952446,16.857881132677438,41.10063414181671,16.857890087546004
flow_3_68,41.09213809529099,16.84656162436391,41.09356405619404,16.847281183170747,41.098013091446674,16.85068225103151,41.09797643244636,16.850614898699735
flow_3_69,41.09213809529099,16.84656162436391,41.09356405619404,16.847281183170747,41.09356405619404,16.847281183170747,41.09213809529099,16.84656162436391
flow_3_70,41.09213809529099,16.84656162436391,41.09356405619404,16.847281183170747,41.09874388317417,16.854662669666943,41.098789979203126,16.85480947432754
flow_3_71,41.09213809529099,16.84656162436391,41.09356405619404,16.847281183170747,41.098805360878,16.854883494497827,41.09862690423968,16.855801764244642
flow_3_72,41.09213809529099,16.84656162436391,41.09356405619404,16.847281183170747,41.09878814926408,16.854279784852835,41.0989742370114,16.854319313351734
flow_3_73,41.09213809529099,16.84656162436391,41.09356405619404,16.847281183170747,41.09688679894607,16.854222009568716,41.09667063802659,16.854136985818336
flow_3_74,41.09213809529099,16.84656162436391,41.09356405619404,16.847281183170747,41.09356405619404,16.847281183170747,41.09287653741932,16.849676627626383
flow_3_75,41.09213809529099,16.84656162436391,41.09356405619404,16.847281183170747,41.09319536694794,16.85029565321274,41.0917515465328,16.847973810087527
flow_3_76,41.09213809529099,16.84656162436391,41.09356405619404,16.847281183170747,41.0938910066973,16.847467751127233,41.09338157090906,16.849228712157455
flow_3_77,41.09213809529099,16.84656162436391,41.09356405619404,16.847281183170747,41.10000725075745,16.85310225196114,41.1000373248635,16.852957349061356
flow_3_78,41.09213809529099,16.84656162436391,41.09356405619404,16.847281183170747,41.09576913015391,16.84786199393714,41.095624082715545,16.84873938546676
flow_3_79,41.09213809529099,16.84656162436391,41.09356405619404,16.847281183170747,41.09571950027065,16.85485011877157,41.09580139620255,16.854871355035236
flow_3_80,41.09213809529099,16.84656162436391,41.09356405619404,16.847281183170747,41.10133204390066,16.849662784092665,41.09702231047879,16.849934177393052
flow_3_81,41.09213809529099,16.84656162436391,41.09356405619404,16.847281183170747,41.09658937779303,16.849970011954603,41.09319536694794,16.85029565321274
flow_3_82,41.09213809529099,16.84656162436391,41.09356405619404,16.847281183170747,41.09319536694794,16.85029565321274,41.09203558768891,16.85040097506566
flow_3_83,41.09213809529099,16.84656162436391,41.09356405619404,16.847281183170747,41.09985490494118,16.854363380911906,41.10001879906208,16.854259633484794
flow_3_84,41.09213809529099,16.84656162436391,41.09356405619404,16.847281183170747,41.1000081660962,16.854092033262692,41.09998736076528,16.85405834499595
flow_3_85,41.09213809529099,16.84656162436391,41.09356405619404,16.847281183170747,41.0998657906448,16.854011700784426,41.0997840764074,16.85407989459394
flow_3_86,41.09213809529099,16.84656162436391,41.09356405619404,16.847281183170747,41.09878814926408,16.854279784852835,41.0987411443374,16.8542061850138
flow_3_87,41.09213809529099,16.84656162436391,41.09356405619404,16.847281183170747,41.09857803984875,16.854216123443177,41.09850337325547,16.85422140542611
flow_3_88,41.09213809529099,16.84656162436391,41.09356405619404,16.847281183170747,41.09744212400728,16.854310502764104,41.097366852073485,16.854314219647932
flow_3_89,41.09213809529099,16.84656162436391,41.09356405619404,16.847281183170747,41.10067445887713,16.85790908558486,41.100701898736745,16.85788878254526
flow_3_90,41.09213809529099,16.84656162436391,41.09356405619404,16.847281183170747,41.10070616917118,16.85781948119896,41.1006949883477,16.857803447897922
flow_3_91,41.09213809529099,16.84656162436391,41.09356405619404,16.847281183170747,41.10063414181671,16.857890087546004,41.10064883435636,16.85805137424128
flow_3_92,41.09898118591058,16.85763892421664,41.09908950264139,16.857675079598827,41.1020203917021,16.84882687676746,41.10283007281504,16.84532742394581
flow_3_93,41.09898118591058,16.85763892421664,41.09908950264139,16.857675079598827,41.101351288963656,16.848014927829535,41.09728164732345,16.84307858160294
flow_3_94,41.09898118591058,16.85763892421664,41.09908950264139,16.857675079598827,41.09421243463567,16.847594276471863,41.09371087307764,16.849291052198975
flow_3_95,41.09898118591058,16.85763892421664,41.09908950264139,16.857675079598827,41.09457433490167,16.847640377504526,41.09431864060897,16.848868036711348
flow_3_96,41.09898118591058,16.85763892421664,41.09908950264139,16.857675079598827,41.097596631773314,16.853609114834843,41.09633260091152,16.853055976599734
flow_3_97,41.09898118591058,16.85763892421664,41.09908950264139,16.857675079598827,41.100848149229584,16.852617317751818,41.10207566988899,16.852506071608552
flow_3_98,41.09898118591058,16.85763892421664,41.09908950264139,16.857675079598827,41.09921039349766,16.857093476263653,41.09931390026017,16.857131876843294
flow_3_99,41.09898118591058,16.85763892421664,41.09908950264139,16.857675079598827,41.0948531829976,16.854625234616556,41.09474852794223,16.854546207025674
flow_3_100,41.09898118591058,16.85763892421664,41.09908950264139,16.857675079598827,41.097795170327615,16.8527908424273,41.09810151193486,16.852930909234342
flow_3_101,41.09898118591058,16.85763892421664,41.09908950264139,16.857675079598827,41.10098576297509,16.85215368870655,41.10069399901464,16.852501766897987
flow_3_102,41.09898118591058,16.85763892421664,41.09908950264139,16.857675079598827,41.10069399901464,16.852501766897987,41.10014423546408,16.85343368091778
flow_3_103,41.09898118591058,16.85763892421664,41.09908950264139,16.857675079598827,41.10149846212833,16.851184630435842,41.10098576297509,16.85215368870655
flow_3_104,41.09898118591058,16.85763892421664,41.09908950264139,16.857675079598827,41.10226128050579,16.84991892625057,41.10236609957379,16.849769208287043
flow_3_105,41.09898118591058,16.85763892421664,41.09908950264139,16.857675079598827,41.10164696791585,16.849493004994628,41.10155429604601,16.849587453146114
flow_3_106,41.09898118591058,16.85763892421664,41.09908950264139,16.857675079598827,41.101441674211465,16.850060366797287,41.10162574873644,16.85043277210701
flow_3_107,41.09898118591058,16.85763892421664,41.09908950264139,16.857675079598827,41.10187323450664,16.850519265700957,41.10226128050579,16.84991892625057
flow_3_108,41.09898118591058,16.85763892421664,41.09908950264139,16.857675079598827,41.10226128050579,16.84991892625057,41.10212098795253,16.849557273781752
flow_3_109,41.09898118591058,16.85763892421664,41.09908950264139,16.857675079598827,41.10202949742299,16.849477185555482,41.101893052359,16.84942560576533
flow_3_110,41.09898118591058,16.85763892421664,41.09908950264139,16.857675079598827,41.09848309553264,16.84824790691432,41.09797137080637,16.849701951782066
flow_3_111,41.09898118591058,16.85763892421664,41.09908950264139,16.857675079598827,41.10178918891531,16.848691071158175,41.10226374108996,16.849199159034608
flow_3_112,41.09898118591058,16.85763892421664,41.09908950264139,16.857675079598827,41.10064507934617,16.857798349652736,41.10063306420042,16.857811704770633
flow_3_113,41.09898118591058,16.85763892421664,41.09908950264139,16.857675079598827,41.100629061952446,16.857881132677438,41.10063414181671,16.857890087546004
flow_3_114,41.09898118591058,16.85763892421664,41.09908950264139,16.857675079598827,41.098013091446674,16.85068225103151,41.09797643244636,16.850614898699735
flow_3_115,41.09898118591058,16.85763892421664,41.09908950264139,16.857675079598827,41.09356405619404,16.847281183170747,41.09213809529099,16.84656162436391
flow_3_116,41.09898118591058,16.85763892421664,41.09908950264139,16.857675079598827,41.09874388317417,16.854662669666943,41.098789979203126,16.85480947432754
flow_3_117,41.09898118591058,16.85763892421664,41.09908950264139,16.857675079598827,41.098805360878,16.854883494497827,41.09862690423968,16.855801764244642
flow_3_118,41.09898118591058,16.85763892421664,41.09908950264139,16.857675079598827,41.09878814926408,16.854279784852835,41.0989742370114,16.854319313351734
flow_3_119,41.09898118591058,16.85763892421664,41.09908950264139,16.857675079598827,41.09688679894607,16.854222009568716,41.09667063802659,16.854136985818336
flow_3_120,41.09898118591058,16.85763892421664,41.09908950264139,16.857675079598827,41.09356405619404,16.847281183170747,41.09287653741932,16.849676627626383
flow_3_121,41.09898118591058,16.85763892421664,41.09908950264139,16.857675079598827,41.09319536694794,16.85029565321274,41.0917515465328,16.847973810087527
flow_3_122,41.09898118591058,16.85763892421664,41.09908950264139,16.857675079598827,41.0938910066973,16.847467751127233,41.09338157090906,16.849228712157455
flow_3_123,41.09898118591058,16.85763892421664,41.09908950264139,16.857675079598827,41.10000725075745,16.85310225196114,41.1000373248635,16.852957349061356
flow_3_124,41.09898118591058,16.85763892421664,41.09908950264139,16.857675079598827,41.09576913015391,16.84786199393714,41.095624082715545,16.84873938546676
flow_3_125,41.09898118591058,16.85763892421664,41.09908950264139,16.857675079598827,41.09571950027065,16.85485011877157,41.09580139620255,16.854871355035236
flow_3_126,41.09898118591058,16.85763892421664,41.09908950264139,16.857675079598827,41.10133204390066,16.849662784092665,41.09702231047879,16.849934177393052
flow_3_127,41.09898118591058,16.85763892421664,41.09908950264139,16.857675079598827,41.09658937779303,16.849970011954603,41.09319536694794,16.85029565321274
flow_3_128,41.09898118591058,16.85763892421664,41.09908950264139,16.857675079598827,41.09319536694794,16.85029565321274,41.09203558768891,16.85040097506566
flow_3_129,41.09898118591058,16.85763892421664,41.09908950264139,16.857675079598827,41.09985490494118,16.854363380911906,41.10001879906208,16.854259633484794
flow_3_130,41.09898118591058,16.85763892421664,41.09908950264139,16.857675079598827,41.1000081660962,16.854092033262692,41.09998736076528,16.85405834499595
flow_3_131,41.09898118591058,16.85763892421664,41.09908950264139,16.857675079598827,41.0998657906448,16.854011700784426,41.0997840764074,16.85407989459394
flow_3_132,41.09898118591058,16.85763892421664,41.09908950264139,16.857675079598827,41.09878814926408,16.854279784852835,41.0987411443374,16.8542061850138
flow_3_133,41.09898118591058,16.85763892421664,41.09908950264139,16.857675079598827,41.09857803984875,16.854216123443177,41.09850337325547,16.85422140542611
flow_3_134,41.09898118591058,16.85763892421664,41.09908950264139,16.857675079598827,41.09744212400728,16.854310502764104,41.097366852073485,16.854314219647932
flow_3_135,41.09898118591058,16.85763892421664,41.09908950264139,16.857675079598827,41.10067445887713,16.85790908558486,41.100701898736745,16.85788878254526
flow_3_136,41.09898118591058,16.85763892421664,41.09908950264139,16.857675079598827,41.10070616917118,16.85781948119896,41.1006949883477,16.857803447897922
flow_3_137,41.09898118591058,16.85763892421664,41.09908950264139,16.857675079598827,41.10063414181671,16.857890087546004,41.10064883435636,16.85805137424128
flow_3_138,41.09287653741932,16.849676627626383,41.09356405619404,16.847281183170747,41.1020203917021,16.84882687676746,41.10283007281504,16.84532742394581
flow_3_139,41.09287653741932,16.849676627626383,41.09356405619404,16.847281183170747,41.101351288963656,16.848014927829535,41.09728164732345,16.84307858160294
flow_3_140,41.09287653741932,16.849676627626383,41.09356405619404,16.847281183170747,41.09421243463567,16.847594276471863,41.09371087307764,16.849291052198975
flow_3_141,41.09287653741932,16.849676627626383,41.09356405619404,16.847281183170747,41.09457433490167,16.847640377504526,41.09431864060897,16.848868036711348
flow_3_142,41.09287653741932,16.849676627626383,41.09356405619404,16.847281183170747,41.097596631773314,16.853609114834843,41.09633260091152,16.853055976599734
flow_3_143,41.09287653741932,16.849676627626383,41.09356405619404,16.847281183170747,41.100848149229584,16.852617317751818,41.10207566988899,16.852506071608552
flow_3_144,41.09287653741932,16.849676627626383,41.09356405619404,16.847281183170747,41.09921039349766,16.857093476263653,41.09931390026017,16.857131876843294
flow_3_145,41.09287653741932,16.849676627626383,41.09356405619404,16.847281183170747,41.0948531829976,16.854625234616556,41.09474852794223,16.854546207025674
flow_3_146,41.09287653741932,16.849676627626383,41.09356405619404,16.847281183170747,41.097795170327615,16.8527908424273,41.09810151193486,16.852930909234342
flow_3_147,41.09287653741932,16.849676627626383,41.09356405619404,16.847281183170747,41.10098576297509,16.85215368870655,41.10069399901464,16.852501766897987
flow_3_148,41.09287653741932,16.849676627626383,41.09356405619404,16.847281183170747,41.10069399901464,16.852501766897987,41.10014423546408,16.85343368091778
flow_3_149,41.09287653741932,16.849676627626383,41.09356405619404,16.847281183170747,41.10149846212833,16.851184630435842,41.10098576297509,16.85215368870655
flow_3_150,41.09287653741932,16.849676627626383,41.09356405619404,16.847281183170747,41.10226128050579,16.84991892625057,41.10236609957379,16.849769208287043
flow_3_151,41.09287653741932,16.849676627626383,41.09356405619404,16.847281183170747,41.10164696791585,16.849493004994628,41.10155429604601,16.849587453146114
flow_3_152,41.09287653741932,16.849676627626383,41.09356405619404,16.847281183170747,41.101441674211465,16.850060366797287,41.10162574873644,16.85043277210701
flow_3_153,41.09287653741932,16.849676627626383,41.09356405619404,16.847281183170747,41.10187323450664,16.850519265700957,41.10226128050579,16.84991892625057
flow_3_154,41.09287653741932,16.849676627626383,41.09356405619404,16.847281183170747,41.10226128050579,16.84991892625057,41.10212098795253,16.849557273781752
flow_3_155,41.09287653741932,16.849676627626383,41.09356405619404,16.847281183170747,41.10202949742299,16.849477185555482,41.101893052359,16.84942560576533
flow_3_156,41.09287653741932,16.849676627626383,41.09356405619404,16.847281183170747,41.09848309553264,16.84824790691432,41.09797137080637,16.849701951782066
flow_3_157,41.09287653741932,16.849676627626383,41.09356405619404,16.847281183170747,41.10178918891531,16.848691071158175,41.10226374108996,16.849199159034608
flow_3_158,41.09287653741932,16.849676627626383,41.09356405619404,16.847281183170747,41.10064507934617,16.857798349652736,41.10063306420042,16.857811704770633
flow_3_159,41.09287653741932,16.849676627626383,41.09356405619404,16.847281183170747,41.100629061952446,16.857881132677438,41.10063414181671,16.857890087546004
flow_3_160,41.09287653741932,16.849676627626383,41.09356405619404,16.847281183170747,41.098013091446674,16.85068225103151,41.09797643244636,16.850614898699735
flow_3_161,41.09287653741932,16.849676627626383,41.09356405619404,16.847281183170747,41.09356405619404,16.847281183170747,41.09213809529099,16.84656162436391
flow_3_162,41.09287653741932,16.849676627626383,41.09356405619404,16.847281183170747,41.09874388317417,16.854662669666943,41.098789979203126,16.85480947432754
flow_3_163,41.09287653741932,16.849676627626383,41.09356405619404,16.847281183170747,41.098805360878,16.854883494497827,41.09862690423968,16.855801764244642
flow_3_164,41.09287653741932,16.849676627626383,41.09356405619404,16.847281183170747,41.09878814926408,16.854279784852835,41.0989742370114,16.854319313351734
flow_3_165,41.09287653741932,16.849676627626383,41.09356405619404,16.847281183170747,41.09688679894607,16.854222009568716,41.09667063802659,16.854136985818336
flow_3_166,41.09287653741932,16.849676627626383,41.09356405619404,16.847281183170747,41.09356405619404,16.847281183170747,41.09287653741932,16.849676627626383
flow_3_167,41.09287653741932,16.849676627626383,41.09356405619404,16.847281183170747,41.09319536694794,16.85029565321274,41.0917515465328,16.847973810087527
flow_3_168,41.09287653741932,16.849676627626383,41.09356405619404,16.847281183170747,41.0938910066973,16.847467751127233,41.09338157090906,16.849228712157455
flow_3_169,41.09287653741932,16.849676627626383,41.09356405619404,16.847281183170747,41.10000725075745,16.85310225196114,41.1000373248635,16.852957349061356
flow_3_170,41.09287653741932,16.849676627626383,41.09356405619404,16.847281183170747,41.09576913015391,16.84786199393714,41.095624082715545,16.84873938546676
flow_3_171,41.09287653741932,16.849676627626383,41.09356405619404,16.847281183170747,41.09571950027065,16.85485011877157,41.09580139620255,16.854871355035236
flow_3_172,41.09287653741932,16.849676627626383,41.09356405619404,16.847281183170747,41.10133204390066,16.849662784092665,41.09702231047879,16.849934177393052
flow_3_173,41.09287653741932,16.849676627626383,41.09356405619404,16.847281183170747,41.09658937779303,16.849970011954603,41.09319536694794,16.85029565321274
flow_3_174,41.09287653741932,16.849676627626383,41.09356405619404,16.847281183170747,41.09319536694794,16.85029565321274,41.09203558768891,16.85040097506566
flow_3_175,41.09287653741932,16.849676627626383,41.09356405619404,16.847281183170747,41.09985490494118,16.854363380911906,41.10001879906208,16.854259633484794
flow_3_176,41.09287653741932,16.849676627626383,41.09356405619404,16.847281183170747,41.1000081660962,16.854092033262692,41.09998736076528,16.85405834499595
flow_3_177,41.09287653741932,16.849676627626383,41.09356405619404,16.847281183170747,41.0998657906448,16.854011700784426,41.0997840764074,16.85407989459394
flow_3_178,41.09287653741932,16.849676627626383,41.09356405619404,16.847281183170747,41.09878814926408,16.854279784852835,41.0987411443374,16.8542061850138
flow_3_179,41.09287653741932,16.849676627626383,41.09356405619404,16.847281183170747,41.09857803984875,16.854216123443177,41.09850337325547,16.85422140542611
flow_3_180,41.09287653741932,16.849676627626383,41.09356405619404,16.847281183170747,41.09744212400728,16.854310502764104,41.097366852073485,16.854314219647932
flow_3_181,41.09287653741932,16.849676627626383,41.09356405619404,16.847281183170747,41.10067445887713,16.85790908558486,41.100701898736745,16.85788878254526
flow_3_182,41.09287653741932,16.849676627626383,41.09356405619404,16.847281183170747,41.10070616917118,16.85781948119896,41.1006949883477,16.857803447897922
flow_3_183,41.09287653741932,16.849676627626383,41.09356405619404,16.847281183170747,41.10063414181671,16.857890087546004,41.10064883435636,16.85805137424128
flow_3_184,41.09338157090906,16.849228712157455,41.0938910066973,16.847467751127233,41.1020203917021,16.84882687676746,41.10283007281504,16.84532742394581
flow_3_185,41.09338157090906,16.849228712157455,41.0938910066973,16.847467751127233,41.101351288963656,16.848014927829535,41.09728164732345,16.84307858160294
flow_3_186,41.09338157090906,16.849228712157455,41.0938910066973,16.847467751127233,41.09421243463567,16.847594276471863,41.09371087307764,16.849291052198975
flow_3_187,41.09338157090906,16.849228712157455,41.0938910066973,16.847467751127233,41.09457433490167,16.847640377504526,41.09431864060897,16.848868036711348
flow_3_188,41.09338157090906,16.849228712157455,41.0938910066973,16.847467751127233,41.097596631773314,16.853609114834843,41.09633260091152,16.853055976599734
flow_3_189,41.09338157090906,16.849228712157455,41.0938910066973,16.847467751127233,41.100848149229584,16.852617317751818,41.10207566988899,16.852506071608552
flow_3_190,41.09338157090906,16.849228712157455,41.0938910066973,16.847467751127233,41.09921039349766,16.857093476263653,41.09931390026017,16.857131876843294
flow_3_191,41.09338157090906,16.849228712157455,41.0938910066973,16.847467751127233,41.0948531829976,16.854625234616556,41.09474852794223,16.854546207025674
flow_3_192,41.09338157090906,16.849228712157455,41.0938910066973,16.847467751127233,41.097795170327615,16.8527908424273,41.09810151193486,16.852930909234342
flow_3_193,41.09338157090906,16.849228712157455,41.0938910066973,16.847467751127233,41.10098576297509,16.85215368870655,41.10069399901464,16.852501766897987
flow_3_194,41.09338157090906,16.849228712157455,41.0938910066973,16.847467751127233,41.10069399901464,16.852501766897987,41.10014423546408,16.85343368091778
flow_3_195,41.09338157090906,16.849228712157455,41.0938910066973,16.847467751127233,41.10149846212833,16.851184630435842,41.10098576297509,16.85215368870655
flow_3_196,41.09338157090906,16.849228712157455,41.0938910066973,16.847467751127233,41.10226128050579,16.84991892625057,41.10236609957379,16.849769208287043
flow_3_197,41.09338157090906,16.849228712157455,41.0938910066973,16.847467751127233,41.10164696791585,16.849493004994628,41.10155429604601,16.849587453146114
flow_3_198,41.09338157090906,16.849228712157455,41.0938910066973,16.847467751127233,41.101441674211465,16.850060366797287,41.10162574873644,16.85043277210701
flow_3_199,41.09338157090906,16.849228712157455,41.0938910066973,16.847467751127233,41.10187323450664,16.850519265700957,41.10226128050579,16.84991892625057
flow_3_200,41.09338157090906,16.849228712157455,41.0938910066973,16.847467751127233,41.10226128050579,16.84991892625057,41.10212098795253,16.849557273781752
flow_3_201,41.09338157090906,16.849228712157455,41.0938910066973,16.847467751127233,41.10202949742299,16.849477185555482,41.101893052359,16.84942560576533
flow_3_202,41.09338157090906,16.849228712157455,41.0938910066973,16.847467751127233,41.09848309553264,16.84824790691432,41.09797137080637,16.849701951782066
flow_3_203,41.09338157090906,16.849228712157455,41.0938910066973,16.847467751127233,41.10178918891531,16.848691071158175,41.10226374108996,16.849199159034608
flow_3_204,41.09338157090906,16.849228712157455,41.0938910066973,16.847467751127233,41.10064507934617,16.857798349652736,41.10063306420042,16.857811704770633
flow_3_205,41.09338157090906,16.849228712157455,41.0938910066973,16.847467751127233,41.100629061952446,16.857881132677438,41.10063414181671,16.857890087546004
flow_3_206,41.09338157090906,16.849228712157455,41.0938910066973,16.847467751127233,41.098013091446674,16.85068225103151,41.09797643244636,16.850614898699735
flow_3_207,41.09338157090906,16.849228712157455,41.0938910066973,16.847467751127233,41.09356405619404,16.847281183170747,41.09213809529099,16.84656162436391
flow_3_208,41.09338157090906,16.849228712157455,41.0938910066973,16.847467751127233,41.09874388317417,16.854662669666943,41.098789979203126,16.85480947432754
flow_3_209,41.09338157090906,16.849228712157455,41.0938910066973,16.847467751127233,41.098805360878,16.854883494497827,41.09862690423968,16.855801764244642
flow_3_210,41.09338157090906,16.849228712157455,41.0938910066973,16.847467751127233,41.09878814926408,16.854279784852835,41.0989742370114,16.854319313351734
flow_3_211,41.09338157090906,16.849228712157455,41.0938910066973,16.847467751127233,41.09688679894607,16.854222009568716,41.09667063802659,16.854136985818336
flow_3_212,41.09338157090906,16.849228712157455,41.0938910066973,16.847467751127233,41.09356405619404,16.847281183170747,41.09287653741932,16.849676627626383
flow_3_213,41.09338157090906,16.849228712157455,41.0938910066973,16.847467751127233,41.09319536694794,16.85029565321274,41.0917515465328,16.847973810087527
flow_3_214,41.09338157090906,16.849228712157455,41.0938910066973,16.847467751127233,41.0938910066973,16.847467751127233,41.09338157090906,16.849228712157455
flow_3_215,41.09338157090906,16.849228712157455,41.0938910066973,16.847467751127233,41.10000725075745,16.85310225196114,41.1000373248635,16.852957349061356
flow_3_216,41.09338157090906,16.849228712157455,41.0938910066973,16.847467751127233,41.09576913015391,16.84786199393714,41.095624082715545,16.84873938546676
flow_3_217,41.09338157090906,16.849228712157455,41.0938910066973,16.847467751127233,41.09571950027065,16.85485011877157,41.09580139620255,16.854871355035236
flow_3_218,41.09338157090906,16.849228712157455,41.0938910066973,16.847467751127233,41.10133204390066,16.849662784092665,41.09702231047879,16.849934177393052
flow_3_219,41.09338157090906,16.849228712157455,41.0938910066973,16.847467751127233,41.09658937779303,16.849970011954603,41.09319536694794,16.85029565321274
flow_3_220,41.09338157090906,16.849228712157455,41.0938910066973,16.847467751127233,41.09319536694794,16.85029565321274,41.09203558768891,16.85040097506566
flow_3_221,41.09338157090906,16.849228712157455,41.0938910066973,16.847467751127233,41.09985490494118,16.854363380911906,41.10001879906208,16.854259633484794
flow_3_222,41.09338157090906,16.849228712157455,41.0938910066973,16.847467751127233,41.1000081660962,16.854092033262692,41.09998736076528,16.85405834499595
flow_3_223,41.09338157090906,16.849228712157455,41.0938910066973,16.847467751127233,41.0998657906448,16.854011700784426,41.0997840764074,16.85407989459394
flow_3_224,41.09338157090906,16.849228712157455,41.0938910066973,16.847467751127233,41.09878814926408,16.854279784852835,41.0987411443374,16.8542061850138
flow_3_225,41.09338157090906,16.849228712157455,41.0938910066973,16.847467751127233,41.09857803984875,16.854216123443177,41.09850337325547,16.85422140542611
flow_3_226,41.09338157090906,16.849228712157455,41.0938910066973,16.847467751127233,41.09744212400728,16.854310502764104,41.097366852073485,16.854314219647932
flow_3_227,41.09338157090906,16.849228712157455,41.0938910066973,16.847467751127233,41.10067445887713,16.85790908558486,41.100701898736745,16.85788878254526
flow_3_228,41.09338157090906,16.849228712157455,41.0938910066973,16.847467751127233,41.10070616917118,16.85781948119896,41.1006949883477,16.857803447897922
flow_3_229,41.09338157090906,16.849228712157455,41.0938910066973,16.847467751127233,41.10063414181671,16.857890087546004,41.10064883435636,16.85805137424128
flow_3_230,41.095624082715545,16.84873938546676,41.09576913015391,16.84786199393714,41.1020203917021,16.84882687676746,41.10283007281504,16.84532742394581
flow_3_231,41.095624082715545,16.84873938546676,41.09576913015391,16.84786199393714,41.101351288963656,16.848014927829535,41.09728164732345,16.84307858160294
flow_3_232,41.095624082715545,16.84873938546676,41.09576913015391,16.84786199393714,41.09421243463567,16.847594276471863,41.09371087307764,16.849291052198975
flow_3_233,41.095624082715545,16.84873938546676,41.09576913015391,16.84786199393714,41.09457433490167,16.847640377504526,41.09431864060897,16.848868036711348
flow_3_234,41.095624082715545,16.84873938546676,41.09576913015391,16.84786199393714,41.097596631773314,16.853609114834843,41.09633260091152,16.853055976599734
flow_3_235,41.095624082715545,16.84873938546676,41.09576913015391,16.84786199393714,41.100848149229584,16.852617317751818,41.10207566988899,16.852506071608552
flow_3_236,41.095624082715545,16.84873938546676,41.09576913015391,16.84786199393714,41.09921039349766,16.857093476263653,41.09931390026017,16.857131876843294
flow_3_237,41.095624082715545,16.84873938546676,41.09576913015391,16.84786199393714,41.0948531829976,16.854625234616556,41.09474852794223,16.854546207025674
flow_3_238,41.095624082715545,16.84873938546676,41.09576913015391,16.84786199393714,41.097795170327615,16.8527908424273,41.09810151193486,16.852930909234342
flow_3_239,41.095624082715545,16.84873938546676,41.09576913015391,16.84786199393714,41.10098576297509,16.85215368870655,41.10069399901464,16.852501766897987
flow_3_240,41.095624082715545,16.84873938546676,41.09576913015391,16.84786199393714,41.10069399901464,16.852501766897987,41.10014423546408,16.85343368091778
flow_3_241,41.095624082715545,16.84873938546676,41.09576913015391,16.84786199393714,41.10149846212833,16.851184630435842,41.10098576297509,16.85215368870655
flow_3_242,41.095624082715545,16.84873938546676,41.09576913015391,16.84786199393714,41.10226128050579,16.84991892625057,41.10236609957379,16.849769208287043
flow_3_243,41.095624082715545,16.84873938546676,41.09576913015391,16.84786199393714,41.10164696791585,16.849493004994628,41.10155429604601,16.849587453146114
flow_3_244,41.095624082715545,16.84873938546676,41.09576913015391,16.84786199393714,41.101441674211465,16.850060366797287,41.10162574873644,16.85043277210701
flow_3_245,41.095624082715545,16.84873938546676,41.09576913015391,16.84786199393714,41.10187323450664,16.850519265700957,41.10226128050579,16.84991892625057
flow_3_246,41.095624082715545,16.84873938546676,41.09576913015391,16.84786199393714,41.10226128050579,16.84991892625057,41.10212098795253,16.849557273781752
flow_3_247,41.095624082715545,16.84873938546676,41.09576913015391,16.84786199393714,41.10202949742299,16.849477185555482,41.101893052359,16.84942560576533
flow_3_248,41.095624082715545,16.84873938546676,41.09576913015391,16.84786199393714,41.09848309553264,16.84824790691432,41.09797137080637,16.849701951782066
flow_3_249,41.095624082715545,16.84873938546676,41.09576913015391,16.84786199393714,41.10178918891531,16.848691071158175,41.10226374108996,16.849199159034608
flow_3_250,41.095624082715545,16.84873938546676,41.09576913015391,16.84786199393714,41.10064507934617,16.857798349652736,41.10063306420042,16.857811704770633
flow_3_251,41.095624082715545,16.84873938546676,41.09576913015391,16.84786199393714,41.100629061952446,16.857881132677438,41.10063414181671,16.857890087546004
flow_3_252,41.095624082715545,16.84873938546676,41.09576913015391,16.84786199393714,41.098013091446674,16.85068225103151,41.09797643244636,16.850614898699735
flow_3_253,41.095624082715545,16.84873938546676,41.09576913015391,16.84786199393714,41.09356405619404,16.847281183170747,41.09213809529099,16.84656162436391
flow_3_254,41.095624082715545,16.84873938546676,41.09576913015391,16.84786199393714,41.09874388317417,16.854662669666943,41.098789979203126,16.85480947432754
flow_3_255,41.095624082715545,16.84873938546676,41.09576913015391,16.84786199393714,41.098805360878,16.854883494497827,41.09862690423968,16.855801764244642
flow_3_256,41.095624082715545,16.84873938546676,41.09576913015391,16.84786199393714,41.09878814926408,16.854279784852835,41.0989742370114,16.854319313351734
flow_3_257,41.095624082715545,16.84873938546676,41.09576913015391,16.84786199393714,41.09688679894607,16.854222009568716,41.09667063802659,16.854136985818336
flow_3_258,41.095624082715545,16.84873938546676,41.09576913015391,16.84786199393714,41.09356405619404,16.847281183170747,41.09287653741932,16.849676627626383
flow_3_259,41.095624082715545,16.84873938546676,41.09576913015391,16.84786199393714,41.09319536694794,16.85029565321274,41.0917515465328,16.847973810087527
flow_3_260,41.095624082715545,16.84873938546676,41.09576913015391,16.84786199393714,41.0938910066973,16.847467751127233,41.09338157090906,16.849228712157455
flow_3_261,41.095624082715545,16.84873938546676,41.09576913015391,16.84786199393714,41.10000725075745,16.85310225196114,41.1000373248635,16.852957349061356
flow_3_262,41.095624082715545,16.84873938546676,41.09576913015391,16.84786199393714,41.09576913015391,16.84786199393714,41.095624082715545,16.84873938546676
flow_3_263,41.095624082715545,16.84873938546676,41.09576913015391,16.84786199393714,41.09571950027065,16.85485011877157,41.09580139620255,16.854871355035236
flow_3_264,41.095624082715545,16.84873938546676,41.09576913015391,16.84786199393714,41.10133204390066,16.849662784092665,41.09702231047879,16.849934177393052
flow_3_265,41.095624082715545,16.84873938546676,41.09576913015391,16.84786199393714,41.09658937779303,16.849970011954603,41.09319536694794,16.85029565321274
flow_3_266,41.095624082715545,16.84873938546676,41.09576913015391,16.84786199393714,41.09319536694794,16.85029565321274,41.09203558768891,16.85040097506566
flow_3_267,41.095624082715545,16.84873938546676,41.09576913015391,16.84786199393714,41.09985490494118,16.854363380911906,41.10001879906208,16.854259633484794
flow_3_268,41.095624082715545,16.84873938546676,41.09576913015391,16.84786199393714,41.1000081660962,16.854092033262692,41.09998736076528,16.85405834499595
flow_3_269,41.095624082715545,16.84873938546676,41.09576913015391,16.84786199393714,41.0998657906448,16.854011700784426,41.0997840764074,16.85407989459394
flow_3_270,41.095624082715545,16.84873938546676,41.09576913015391,16.84786199393714,41.09878814926408,16.854279784852835,41.0987411443374,16.8542061850138
flow_3_271,41.095624082715545,16.84873938546676,41.09576913015391,16.84786199393714,41.09857803984875,16.854216123443177,41.09850337325547,16.85422140542611
flow_3_272,41.095624082715545,16.84873938546676,41.09576913015391,16.84786199393714,41.09744212400728,16.854310502764104,41.097366852073485,16.854314219647932
flow_3_273,41.095624082715545,16.84873938546676,41.09576913015391,16.84786199393714,41.10067445887713,16.85790908558486,41.100701898736745,16.85788878254526
flow_3_274,41.095624082715545,16.84873938546676,41.09576913015391,16.84786199393714,41.10070616917118,16.85781948119896,41.1006949883477,16.857803447897922
flow_3_275,41.095624082715545,16.84873938546676,41.09576913015391,16.84786199393714,41.10063414181671,16.857890087546004,41.10064883435636,16.85805137424128
flow_3_276,41.09638283456259,16.85513371299069,41.09663257708297,16.85523087729008,41.1020203917021,16.84882687676746,41.10283007281504,16.84532742394581
flow_3_277,41.09638283456259,16.85513371299069,41.09663257708297,16.85523087729008,41.101351288963656,16.848014927829535,41.09728164732345,16.84307858160294
flow_3_278,41.09638283456259,16.85513371299069,41.09663257708297,16.85523087729008,41.09421243463567,16.847594276471863,41.09371087307764,16.849291052198975
flow_3_279,41.09638283456259,16.85513371299069,41.09663257708297,16.85523087729008,41.09457433490167,16.847640377504526,41.09431864060897,16.848868036711348
flow_3_280,41.09638283456259,16.85513371299069,41.09663257708297,16.85523087729008,41.097596631773314,16.853609114834843,41.09633260091152,16.853055976599734
flow_3_281,41.09638283456259,16.85513371299069,41.09663257708297,16.85523087729008,41.100848149229584,16.852617317751818,41.10207566988899,16.852506071608552
flow_3_282,41.09638283456259,16.85513371299069,41.09663257708297,16.85523087729008,41.09921039349766,16.857093476263653,41.09931390026017,16.857131876843294
flow_3_283,41.09638283456259,16.85513371299069,41.09663257708297,16.85523087729008,41.0948531829976,16.854625234616556,41.09474852794223,16.854546207025674
flow_3_284,41.09638283456259,16.85513371299069,41.09663257708297,16.85523087729008,41.097795170327615,16.8527908424273,41.09810151193486,16.852930909234342
flow_3_285,41.09638283456259,16.85513371299069,41.09663257708297,16.85523087729008,41.10098576297509,16.85215368870655,41.10069399901464,16.852501766897987
flow_3_286,41.09638283456259,16.85513371299069,41.09663257708297,16.85523087729008,41.10069399901464,16.852501766897987,41.10014423546408,16.85343368091778
flow_3_287,41.09638283456259,16.85513371299069,41.09663257708297,16.85523087729008,41.10149846212833,16.851184630435842,41.10098576297509,16.85215368870655
flow_3_288,41.09638283456259,16.85513371299069,41.09663257708297,16.85523087729008,41.10226128050579,16.84991892625057,41.10236609957379,16.849769208287043
flow_3_289,41.09638283456259,16.85513371299069,41.09663257708297,16.85523087729008,41.10164696791585,16.849493004994628,41.10155429604601,16.849587453146114
flow_3_290,41.09638283456259,16.85513371299069,41.09663257708297,16.85523087729008,41.101441674211465,16.850060366797287,41.10162574873644,16.85043277210701
flow_3_291,41.09638283456259,16.85513371299069,41.09663257708297,16.85523087729008,41.10187323450664,16.850519265700957,41.10226128050579,16.84991892625057
flow_3_292,41.09638283456259,16.85513371299069,41.09663257708297,16.85523087729008,41.10226128050579,16.84991892625057,41.10212098795253,16.849557273781752
flow_3_293,41.09638283456259,16.85513371299069,41.09663257708297,16.85523087729008,41.10202949742299,16.849477185555482,41.101893052359,16.84942560576533
flow_3_294,41.09638283456259,16.85513371299069,41.09663257708297,16.85523087729008,41.09848309553264,16.84824790691432,41.09797137080637,16.849701951782066
flow_3_295,41.09638283456259,16.85513371299069,41.09663257708297,16.85523087729008,41.10178918891531,16.848691071158175,41.10226374108996,16.849199159034608
flow_3_296,41.09638283456259,16.85513371299069,41.09663257708297,16.85523087729008,41.10064507934617,16.857798349652736,41.10063306420042,16.857811704770633
flow_3_297,41.09638283456259,16.85513371299069,41.09663257708297,16.85523087729008,41.100629061952446,16.857881132677438,41.10063414181671,16.857890087546004
flow_3_298,41.09638283456259,16.85513371299069,41.09663257708297,16.85523087729008,41.098013091446674,16.85068225103151,41.09797643244636,16.850614898699735
flow_3_299,41.09638283456259,16.85513371299069,41.09663257708297,16.85523087729008,41.09356405619404,16.847281183170747,41.09213809529099,16.84656162436391
flow_3_300,41.09638283456259,16.85513371299069,41.09663257708297,16.85523087729008,41.09874388317417,16.854662669666943,41.098789979203126,16.85480947432754
flow_3_301,41.09638283456259,16.85513371299069,41.09663257708297,16.85523087729008,41.098805360878,16.854883494497827,41.09862690423968,16.855801764244642
flow_3_302,41.09638283456259,16.85513371299069,41.09663257708297,16.85523087729008,41.09878814926408,16.854279784852835,41.0989742370114,16.854319313351734
flow_3_303,41.09638283456259,16.85513371299069,41.09663257708297,16.85523087729008,41.09688679894607,16.854222009568716,41.09667063802659,16.854136985818336
flow_3_304,41.09638283456259,16.85513371299069,41.09663257708297,16.85523087729008,41.09356405619404,16.847281183170747,41.09287653741932,16.849676627626383
flow_3_305,41.09638283456259,16.85513371299069,41.09663257708297,16.85523087729008,41.09319536694794,16.85029565321274,41.0917515465328,16.847973810087527
flow_3_306,41.09638283456259,16.85513371299069,41.09663257708297,16.85523087729008,41.0938910066973,16.847467751127233,41.09338157090906,16.849228712157455
flow_3_307,41.09638283456259,16.85513371299069,41.09663257708297,16.85523087729008,41.10000725075745,16.85310225196114,41.1000373248635,16.852957349061356
flow_3_308,41.09638283456259,16.85513371299069,41.09663257708297,16.85523087729008,41.09576913015391,16.84786199393714,41.095624082715545,16.84873938546676
flow_3_309,41.09638283456259,16.85513371299069,41.09663257708297,16.85523087729008,41.09571950027065,16.85485011877157,41.09580139620255,16.854871355035236
flow_3_310,41.09638283456259,16.85513371299069,41.09663257708297,16.85523087729008,41.10133204390066,16.849662784092665,41.09702231047879,16.849934177393052
flow_3_311,41.09638283456259,16.85513371299069,41.09663257708297,16.85523087729008,41.09658937779303,16.849970011954603,41.09319536694794,16.85029565321274
flow_3_312,41.09638283456259,16.85513371299069,41.09663257708297,16.85523087729008,41.09319536694794,16.85029565321274,41.09203558768891,16.85040097506566
flow_3_313,41.09638283456259,16.85513371299069,41.09663257708297,16.85523087729008,41.09985490494118,16.854363380911906,41.10001879906208,16.854259633484794
flow_3_314,41.09638283456259,16.85513371299069,41.09663257708297,16.85523087729008,41.1000081660962,16.854092033262692,41.09998736076528,16.85405834499595
flow_3_315,41.09638283456259,16.85513371299069,41.09663257708297,16.85523087729008,41.0998657906448,16.854011700784426,41.0997840764074,16.85407989459394
flow_3_316,41.09638283456259,16.85513371299069,41.09663257708297,16.85523087729008,41.09878814926408,16.854279784852835,41.0987411443374,16.8542061850138
flow_3_317,41.09638283456259,16.85513371299069,41.09663257708297,16.85523087729008,41.09857803984875,16.854216123443177,41.09850337325547,16.85422140542611
flow_3_318,41.09638283456259,16.85513371299069,41.09663257708297,16.85523087729008,41.09744212400728,16.854310502764104,41.097366852073485,16.854314219647932
flow_3_319,41.09638283456259,16.85513371299069,41.09663257708297,16.85523087729008,41.10067445887713,16.85790908558486,41.100701898736745,16.85788878254526
flow_3_320,41.09638283456259,16.85513371299069,41.09663257708297,16.85523087729008,41.10070616917118,16.85781948119896,41.1006949883477,16.857803447897922
flow_3_321,41.09638283456259,16.85513371299069,41.09663257708297,16.85523087729008,41.10063414181671,16.857890087546004,41.10064883435636,16.85805137424128
flow_3_322,41.09859664728551,16.85590748259227,41.099174731937815,16.85618215097728,41.1020203917021,16.84882687676746,41.10283007281504,16.84532742394581
flow_3_323,41.09859664728551,16.85590748259227,41.099174731937815,16.85618215097728,41.101351288963656,16.848014927829535,41.09728164732345,16.84307858160294
flow_3_324,41.09859664728551,16.85590748259227,41.099174731937815,16.85618215097728,41.09421243463567,16.847594276471863,41.09371087307764,16.849291052198975
flow_3_325,41.09859664728551,16.85590748259227,41.099174731937815,16.85618215097728,41.09457433490167,16.847640377504526,41.09431864060897,16.848868036711348
flow_3_326,41.09859664728551,16.85590748259227,41.099174731937815,16.85618215097728,41.097596631773314,16.853609114834843,41.09633260091152,16.853055976599734
flow_3_327,41.09859664728551,16.85590748259227,41.099174731937815,16.85618215097728,41.100848149229584,16.852617317751818,41.10207566988899,16.852506071608552
flow_3_328,41.09859664728551,16.85590748259227,41.099174731937815,16.85618215097728,41.09921039349766,16.857093476263653,41.09931390026017,16.857131876843294
flow_3_329,41.09859664728551,16.85590748259227,41.099174731937815,16.85618215097728,41.0948531829976,16.854625234616556,41.09474852794223,16.854546207025674
flow_3_330,41.09859664728551,16.85590748259227,41.099174731937815,16.85618215097728,41.097795170327615,16.8527908424273,41.09810151193486,16.852930909234342
flow_3_331,41.09859664728551,16.85590748259227,41.099174731937815,16.85618215097728,41.10098576297509,16.85215368870655,41.10069399901464,16.852501766897987
flow_3_332,41.09859664728551,16.85590748259227,41.099174731937815,16.85618215097728,41.10069399901464,16.852501766897987,41.10014423546408,16.85343368091778
flow_3_333,41.09859664728551,16.85590748259227,41.099174731937815,16.85618215097728,41.10149846212833,16.851184630435842,41.10098576297509,16.85215368870655
flow_3_334,41.09859664728551,16.85590748259227,41.099174731937815,16.85618215097728,41.10226128050579,16.84991892625057,41.10236609957379,16.849769208287043
flow_3_335,41.09859664728551,16.85590748259227,41.099174731937815,16.85618215097728,41.10164696791585,16.849493004994628,41.10155429604601,16.849587453146114
flow_3_336,41.09859664728551,16.85590748259227,41.099174731937815,16.85618215097728,41.101441674211465,16.850060366797287,41.10162574873644,16.85043277210701
flow_3_337,41.09859664728551,16.85590748259227,41.099174731937815,16.85618215097728,41.10187323450664,16.850519265700957,41.10226128050579,16.84991892625057
flow_3_338,41.09859664728551,16.85590748259227,41.099174731937815,16.85618215097728,41.10226128050579,16.84991892625057,41.10212098795253,16.849557273781752
flow_3_339,41.09859664728551,16.85590748259227,41.099174731937815,16.85618215097728,41.10202949742299,16.849477185555482,41.101893052359,16.84942560576533
flow_3_340,41.09859664728551,16.85590748259227,41.099174731937815,16.85618215097728,41.09848309553264,16.84824790691432,41.09797137080637,16.849701951782066
flow_3_341,41.09859664728551,16.85590748259227,41.099174731937815,16.85618215097728,41.10178918891531,16.848691071158175,41.10226374108996,16.849199159034608
flow_3_342,41.09859664728551,16.85590748259227,41.099174731937815,16.85618215097728,41.10064507934617,16.857798349652736,41.10063306420042,16.857811704770633
flow_3_343,41.09859664728551,16.85590748259227,41.099174731937815,16.85618215097728,41.100629061952446,16.857881132677438,41.10063414181671,16.857890087546004
flow_3_344,41.09859664728551,16.85590748259227,41.099174731937815,16.85618215097728,41.098013091446674,16.85068225103151,41.09797643244636,16.850614898699735
flow_3_345,41.09859664728551,16.85590748259227,41.099174731937815,16.85618215097728,41.09356405619404,16.847281183170747,41.09213809529099,16.84656162436391
flow_3_346,41.09859664728551,16.85590748259227,41.099174731937815,16.85618215097728,41.09874388317417,16.854662669666943,41.098789979203126,16.85480947432754
flow_3_347,41.09859664728551,16.85590748259227,41.099174731937815,16.85618215097728,41.098805360878,16.854883494497827,41.09862690423968,16.855801764244642
flow_3_348,41.09859664728551,16.85590748259227,41.099174731937815,16.85618215097728,41.09878814926408,16.854279784852835,41.0989742370114,16.854319313351734
flow_3_349,41.09859664728551,16.85590748259227,41.099174731937815,16.85618215097728,41.09688679894607,16.854222009568716,41.09667063802659,16.854136985818336
flow_3_350,41.09859664728551,16.85590748259227,41.099174731937815,16.85618215097728,41.09356405619404,16.847281183170747,41.09287653741932,16.849676627626383
flow_3_351,41.09859664728551,16.85590748259227,41.099174731937815,16.85618215097728,41.09319536694794,16.85029565321274,41.0917515465328,16.847973810087527
flow_3_352,41.09859664728551,16.85590748259227,41.099174731937815,16.85618215097728,41.0938910066973,16.847467751127233,41.09338157090906,16.849228712157455
flow_3_353,41.09859664728551,16.85590748259227,41.099174731937815,16.85618215097728,41.10000725075745,16.85310225196114,41.1000373248635,16.852957349061356
flow_3_354,41.09859664728551,16.85590748259227,41.099174731937815,16.85618215097728,41.09576913015391,16.84786199393714,41.095624082715545,16.84873938546676
flow_3_355,41.09859664728551,16.85590748259227,41.099174731937815,16.85618215097728,41.09571950027065,16.85485011877157,41.09580139620255,16.854871355035236
flow_3_356,41.09859664728551,16.85590748259227,41.099174731937815,16.85618215097728,41.10133204390066,16.849662784092665,41.09702231047879,16.849934177393052
flow_3_357,41.09859664728551,16.85590748259227,41.099174731937815,16.85618215097728,41.09658937779303,16.849970011954603,41.09319536694794,16.85029565321274
flow_3_358,41.09859664728551,16.85590748259227,41.099174731937815,16.85618215097728,41.09319536694794,16.85029565321274,41.09203558768891,16.85040097506566
flow_3_359,41.09859664728551,16.85590748259227,41.099174731937815,16.85618215097728,41.09985490494118,16.854363380911906,41.10001879906208,16.854259633484794
flow_3_360,41.09859664728551,16.85590748259227,41.099174731937815,16.85618215097728,41.1000081660962,16.854092033262692,41.09998736076528,16.85405834499595
flow_3_361,41.09859664728551,16.85590748259227,41.099174731937815,16.85618215097728,41.0998657906448,16.854011700784426,41.0997840764074,16.85407989459394
flow_3_362,41.09859664728551,16.85590748259227,41.099174731937815,16.85618215097728,41.09878814926408,16.854279784852835,41.0987411443374,16.8542061850138
flow_3_363,41.09859664728551,16.85590748259227,41.099174731937815,16.85618215097728,41.09857803984875,16.854216123443177,41.09850337325547,16.85422140542611
flow_3_364,41.09859664728551,16.85590748259227,41.099174731937815,16.85618215097728,41.09744212400728,16.854310502764104,41.097366852073485,16.854314219647932
flow_3_365,41.09859664728551,16.85590748259227,41.099174731937815,16.85618215097728,41.10067445887713,16.85790908558486,41.100701898736745,16.85788878254526
flow_3_366,41.09859664728551,16.85590748259227,41.099174731937815,16.85618215097728,41.10070616917118,16.85781948119896,41.1006949883477,16.857803447897922
flow_3_367,41.09859664728551,16.85590748259227,41.099174731937815,16.85618215097728,41.10063414181671,16.857890087546004,41.10064883435636,16.85805137424128
flow_3_368,41.09852720905051,16.85587337770672,41.09859664728551,16.85590748259227,41.1020203917021,16.84882687676746,41.10283007281504,16.84532742394581
flow_3_369,41.09852720905051,16.85587337770672,41.09859664728551,16.85590748259227,41.101351288963656,16.848014927829535,41.09728164732345,16.84307858160294
flow_3_370,41.09852720905051,16.85587337770672,41.09859664728551,16.85590748259227,41.09421243463567,16.847594276471863,41.09371087307764,16.849291052198975
flow_3_371,41.09852720905051,16.85587337770672,41.09859664728551,16.85590748259227,41.09457433490167,16.847640377504526,41.09431864060897,16.848868036711348
flow_3_372,41.09852720905051,16.85587337770672,41.09859664728551,16.85590748259227,41.097596631773314,16.853609114834843,41.09633260091152,16.853055976599734
flow_3_373,41.09852720905051,16.85587337770672,41.09859664728551,16.85590748259227,41.100848149229584,16.852617317751818,41.10207566988899,16.852506071608552
flow_3_374,41.09852720905051,16.85587337770672,41.09859664728551,16.85590748259227,41.09921039349766,16.857093476263653,41.09931390026017,16.857131876843294
flow_3_375,41.09852720905051,16.85587337770672,41.09859664728551,16.85590748259227,41.0948531829976,16.854625234616556,41.09474852794223,16.854546207025674
flow_3_376,41.09852720905051,16.85587337770672,41.09859664728551,16.85590748259227,41.097795170327615,16.8527908424273,41.09810151193486,16.852930909234342
flow_3_377,41.09852720905051,16.85587337770672,41.09859664728551,16.85590748259227,41.10098576297509,16.85215368870655,41.10069399901464,16.852501766897987
flow_3_378,41.09852720905051,16.85587337770672,41.09859664728551,16.85590748259227,41.10069399901464,16.852501766897987,41.10014423546408,16.85343368091778
flow_3_379,41.09852720905051,16.85587337770672,41.09859664728551,16.85590748259227,41.10149846212833,16.851184630435842,41.10098576297509,16.85215368870655
flow_3_380,41.09852720905051,16.85587337770672,41.09859664728551,16.85590748259227,41.10226128050579,16.84991892625057,41.10236609957379,16.849769208287043
flow_3_381,41.09852720905051,16.85587337770672,41.09859664728551,16.85590748259227,41.10164696791585,16.849493004994628,41.10155429604601,16.849587453146114
flow_3_382,41.09852720905051,16.85587337770672,41.09859664728551,16.85590748259227,41.101441674211465,16.850060366797287,41.10162574873644,16.85043277210701
flow_3_383,41.09852720905051,16.85587337770672,41.09859664728551,16.85590748259227,41.10187323450664,16.850519265700957,41.10226128050579,16.84991892625057
flow_3_384,41.09852720905051,16.85587337770672,41.09859664728551,16.85590748259227,41.10226128050579,16.84991892625057,41.10212098795253,16.849557273781752
flow_3_385,41.09852720905051,16.85587337770672,41.09859664728551,16.85590748259227,41.10202949742299,16.849477185555482,41.101893052359,16.84942560576533
flow_3_386,41.09852720905051,16.85587337770672,41.09859664728551,16.85590748259227,41.09848309553264,16.84824790691432,41.09797137080637,16.849701951782066
flow_3_387,41.09852720905051,16.85587337770672,41.09859664728551,16.85590748259227,41.10178918891531,16.848691071158175,41.10226374108996,16.849199159034608
flow_3_388,41.09852720905051,16.85587337770672,41.09859664728551,16.85590748259227,41.10064507934617,16.857798349652736,41.10063306420042,16.857811704770633
flow_3_389,41.09852720905051,16.85587337770672,41.09859664728551,16.85590748259227,41.100629061952446,16.857881132677438,41.10063414181671,16.857890087546004
flow_3_390,41.09852720905051,16.85587337770672,41.09859664728551,16.85590748259227,41.098013091446674,16.85068225103151,41.09797643244636,16.850614898699735
flow_3_391,41.09852720905051,16.85587337770672,41.09859664728551,16.85590748259227,41.09356405619404,16.847281183170747,41.09213809529099,16.84656162436391
flow_3_392,41.09852720905051,16.85587337770672,41.09859664728551,16.85590748259227,41.09874388317417,16.854662669666943,41.098789979203126,16.85480947432754
flow_3_393,41.09852720905051,16.85587337770672,41.09859664728551,16.85590748259227,41.098805360878,16.854883494497827,41.09862690423968,16.855801764244642
flow_3_394,41.09852720905051,16.85587337770672,41.09859664728551,16.85590748259227,41.09878814926408,16.854279784852835,41.0989742370114,16.854319313351734
flow_3_395,41.09852720905051,16.85587337770672,41.09859664728551,16.85590748259227,41.09688679894607,16.854222009568716,41.09667063802659,16.854136985818336
flow_3_396,41.09852720905051,16.85587337770672,41.09859664728551,16.85590748259227,41.09356405619404,16.847281183170747,41.09287653741932,16.849676627626383
flow_3_397,41.09852720905051,16.85587337770672,41.09859664728551,16.85590748259227,41.09319536694794,16.85029565321274,41.0917515465328,16.847973810087527
flow_3_398,41.09852720905051,16.85587337770672,41.09859664728551,16.85590748259227,41.0938910066973,16.847467751127233,41.09338157090906,16.849228712157455
flow_3_399,41.09852720905051,16.85587337770672,41.09859664728551,16.85590748259227,41.10000725075745,16.85310225196114,41.1000373248635,16.852957349061356
flow_3_400,41.09852720905051,16.85587337770672,41.09859664728551,16.85590748259227,41.09576913015391,16.84786199393714,41.095624082715545,16.84873938546676
flow_3_401,41.09852720905051,16.85587337770672,41.09859664728551,16.85590748259227,41.09571950027065,16.85485011877157,41.09580139620255,16.854871355035236
flow_3_402,41.09852720905051,16.85587337770672,41.09859664728551,16.85590748259227,41.10133204390066,16.849662784092665,41.09702231047879,16.849934177393052
flow_3_403,41.09852720905051,16.85587337770672,41.09859664728551,16.85590748259227,41.09658937779303,16.849970011954603,41.09319536694794,16.85029565321274
flow_3_404,41.09852720905051,16.85587337770672,41.09859664728551,16.85590748259227,41.09319536694794,16.85029565321274,41.09203558768891,16.85040097506566
flow_3_405,41.09852720905051,16.85587337770672,41.09859664728551,16.85590748259227,41.09985490494118,16.854363380911906,41.10001879906208,16.854259633484794
flow_3_406,41.09852720905051,16.85587337770672,41.09859664728551,16.85590748259227,41.1000081660962,16.854092033262692,41.09998736076528,16.85405834499595
flow_3_407,41.09852720905051,16.85587337770672,41.09859664728551,16.85590748259227,41.0998657906448,16.854011700784426,41.0997840764074,16.85407989459394
flow_3_408,41.09852720905051,16.85587337770672,41.09859664728551,16.85590748259227,41.09878814926408,16.854279784852835,41.0987411443374,16.8542061850138
flow_3_409,41.09852720905051,16.85587337770672,41.09859664728551,16.85590748259227,41.09857803984875,16.854216123443177,41.09850337325547,16.85422140542611
flow_3_410,41.09852720905051,16.85587337770672,41.09859664728551,16.85590748259227,41.09744212400728,16.854310502764104,41.097366852073485,16.854314219647932
flow_3_411,41.09852720905051,16.85587337770672,41.09859664728551,16.85590748259227,41.10067445887713,16.85790908558486,41.100701898736745,16.85788878254526
flow_3_412,41.09852720905051,16.85587337770672,41.09859664728551,16.85590748259227,41.10070616917118,16.85781948119896,41.1006949883477,16.857803447897922
flow_3_413,41.09852720905051,16.85587337770672,41.09859664728551,16.85590748259227,41.10063414181671,16.857890087546004,41.10064883435636,16.85805137424128
flow_3_414,41.09571734188869,16.8544583251942,41.0948531829976,16.854625234616556,41.1020203917021,16.84882687676746,41.10283007281504,16.84532742394581
flow_3_415,41.09571734188869,16.8544583251942,41.0948531829976,16.854625234616556,41.101351288963656,16.848014927829535,41.09728164732345,16.84307858160294
flow_3_416,41.09571734188869,16.8544583251942,41.0948531829976,16.854625234616556,41.09421243463567,16.847594276471863,41.09371087307764,16.849291052198975
flow_3_417,41.09571734188869,16.8544583251942,41.0948531829976,16.854625234616556,41.09457433490167,16.847640377504526,41.09431864060897,16.848868036711348
flow_3_418,41.09571734188869,16.8544583251942,41.0948531829976,16.854625234616556,41.097596631773314,16.853609114834843,41.09633260091152,16.853055976599734
flow_3_419,41.09571734188869,16.8544583251942,41.0948531829976,16.854625234616556,41.100848149229584,16.852617317751818,41.10207566988899,16.852506071608552
flow_3_420,41.09571734188869,16.8544583251942,41.0948531829976,16.854625234616556,41.09921039349766,16.857093476263653,41.09931390026017,16.857131876843294
flow_3_421,41.09571734188869,16.8544583251942,41.0948531829976,16.854625234616556,41.0948531829976,16.854625234616556,41.09474852794223,16.854546207025674
flow_3_422,41.09571734188869,16.8544583251942,41.0948531829976,16.854625234616556,41.097795170327615,16.8527908424273,41.09810151193486,16.852930909234342
flow_3_423,41.09571734188869,16.8544583251942,41.0948531829976,16.854625234616556,41.10098576297509,16.85215368870655,41.10069399901464,16.852501766897987
flow_3_424,41.09571734188869,16.8544583251942,41.0948531829976,16.854625234616556,41.10069399901464,16.852501766897987,41.10014423546408,16.85343368091778
flow_3_425,41.09571734188869,16.8544583251942,41.0948531829976,16.854625234616556,41.10149846212833,16.851184630435842,41.10098576297509,16.85215368870655
flow_3_426,41.09571734188869,16.8544583251942,41.0948531829976,16.854625234616556,41.10226128050579,16.84991892625057,41.10236609957379,16.849769208287043
flow_3_427,41.09571734188869,16.8544583251942,41.0948531829976,16.854625234616556,41.10164696791585,16.849493004994628,41.10155429604601,16.849587453146114
flow_3_428,41.09571734188869,16.8544583251942,41.0948531829976,16.854625234616556,41.101441674211465,16.850060366797287,41.10162574873644,16.85043277210701
flow_3_429,41.09571734188869,16.8544583251942,41.0948531829976,16.854625234616556,41.10187323450664,16.850519265700957,41.10226128050579,16.84991892625057
flow_3_430,41.09571734188869,16.8544583251942,41.0948531829976,16.854625234616556,41.10226128050579,16.84991892625057,41.10212098795253,16.849557273781752
flow_3_431,41.09571734188869,16.8544583251942,41.0948531829976,16.854625234616556,41.10202949742299,16.849477185555482,41.101893052359,16.84942560576533
flow_3_432,41.09571734188869,16.8544583251942,41.0948531829976,16.854625234616556,41.09848309553264,16.84824790691432,41.09797137080637,16.849701951782066
flow_3_433,41.09571734188869,16.8544583251942,41.0948531829976,16.854625234616556,41.10178918891531,16.848691071158175,41.10226374108996,16.849199159034608
flow_3_434,41.09571734188869,16.8544583251942,41.0948531829976,16.854625234616556,41.10064507934617,16.857798349652736,41.10063306420042,16.857811704770633
flow_3_435,41.09571734188869,16.8544583251942,41.0948531829976,16.854625234616556,41.100629061952446,16.857881132677438,41.10063414181671,16.857890087546004
flow_3_436,41.09571734188869,16.8544583251942,41.0948531829976,16.854625234616556,41.098013091446674,16.85068225103151,41.09797643244636,16.850614898699735
flow_3_437,41.09571734188869,16.8544583251942,41.0948531829976,16.854625234616556,41.09356405619404,16.847281183170747,41.09213809529099,16.84656162436391
flow_3_438,41.09571734188869,16.8544583251942,41.0948531829976,16.854625234616556,41.09874388317417,16.854662669666943,41.098789979203126,16.85480947432754
flow_3_439,41.09571734188869,16.8544583251942,41.0948531829976,16.854625234616556,41.098805360878,16.854883494497827,41.09862690423968,16.855801764244642
flow_3_440,41.09571734188869,16.8544583251942,41.0948531829976,16.854625234616556,41.09878814926408,16.854279784852835,41.0989742370114,16.854319313351734
flow_3_441,41.09571734188869,16.8544583251942,41.0948531829976,16.854625234616556,41.09688679894607,16.854222009568716,41.09667063802659,16.854136985818336
flow_3_442,41.09571734188869,16.8544583251942,41.0948531829976,16.854625234616556,41.09356405619404,16.847281183170747,41.09287653741932,16.849676627626383
flow_3_443,41.09571734188869,16.8544583251942,41.0948531829976,16.854625234616556,41.09319536694794,16.85029565321274,41.0917515465328,16.847973810087527
flow_3_444,41.09571734188869,16.8544583251942,41.0948531829976,16.854625234616556,41.0938910066973,16.847467751127233,41.09338157090906,16.849228712157455
flow_3_445,41.09571734188869,16.8544583251942,41.0948531829976,16.854625234616556,41.10000725075745,16.85310225196114,41.1000373248635,16.852957349061356
flow_3_446,41.09571734188869,16.8544583251942,41.0948531829976,16.854625234616556,41.09576913015391,16.84786199393714,41.095624082715545,16.84873938546676
flow_3_447,41.09571734188869,16.8544583251942,41.0948531829976,16.854625234616556,41.09571950027065,16.85485011877157,41.09580139620255,16.854871355035236
flow_3_448,41.09571734188869,16.8544583251942,41.0948531829976,16.854625234616556,41.10133204390066,16.849662784092665,41.09702231047879,16.849934177393052
flow_3_449,41.09571734188869,16.8544583251942,41.0948531829976,16.854625234616556,41.09658937779303,16.849970011954603,41.09319536694794,16.85029565321274
flow_3_450,41.09571734188869,16.8544583251942,41.0948531829976,16.854625234616556,41.09319536694794,16.85029565321274,41.09203558768891,16.85040097506566
flow_3_451,41.09571734188869,16.8544583251942,41.0948531829976,16.854625234616556,41.09985490494118,16.854363380911906,41.10001879906208,16.854259633484794
flow_3_452,41.09571734188869,16.8544583251942,41.0948531829976,16.854625234616556,41.1000081660962,16.854092033262692,41.09998736076528,16.85405834499595
flow_3_453,41.09571734188869,16.8544583251942,41.0948531829976,16.854625234616556,41.0998657906448,16.854011700784426,41.0997840764074,16.85407989459394
flow_3_454,41.09571734188869,16.8544583251942,41.0948531829976,16.854625234616556,41.09878814926408,16.854279784852835,41.0987411443374,16.8542061850138
flow_3_455,41.09571734188869,16.8544583251942,41.0948531829976,16.854625234616556,41.09857803984875,16.854216123443177,41.09850337325547,16.85422140542611
flow_3_456,41.09571734188869,16.8544583251942,41.0948531829976,16.854625234616556,41.09744212400728,16.854310502764104,41.097366852073485,16.854314219647932
flow_3_457,41.09571734188869,16.8544583251942,41.0948531829976,16.854625234616556,41.10067445887713,16.85790908558486,41.100701898736745,16.85788878254526
flow_3_458,41.09571734188869,16.8544583251942,41.0948531829976,16.854625234616556,41.10070616917118,16.85781948119896,41.1006949883477,16.857803447897922
flow_3_459,41.09571734188869,16.8544583251942,41.0948531829976,16.854625234616556,41.10063414181671,16.857890087546004,41.10064883435636,16.85805137424128
flow_3_460,41.098407274793054,16.853067746164346,41.09894570205469,16.85331079085582,41.1020203917021,16.84882687676746,41.10283007281504,16.84532742394581
flow_3_461,41.098407274793054,16.853067746164346,41.09894570205469,16.85331079085582,41.101351288963656,16.848014927829535,41.09728164732345,16.84307858160294
flow_3_462,41.098407274793054,16.853067746164346,41.09894570205469,16.85331079085582,41.09421243463567,16.847594276471863,41.09371087307764,16.849291052198975
flow_3_463,41.098407274793054,16.853067746164346,41.09894570205469,16.85331079085582,41.09457433490167,16.847640377504526,41.09431864060897,16.848868036711348
flow_3_464,41.098407274793054,16.853067746164346,41.09894570205469,16.85331079085582,41.097596631773314,16.853609114834843,41.09633260091152,16.853055976599734
flow_3_465,41.098407274793054,16.853067746164346,41.09894570205469,16.85331079085582,41.100848149229584,16.852617317751818,41.10207566988899,16.852506071608552
flow_3_466,41.098407274793054,16.853067746164346,41.09894570205469,16.85331079085582,41.09921039349766,16.857093476263653,41.09931390026017,16.857131876843294
flow_3_467,41.098407274793054,16.853067746164346,41.09894570205469,16.85331079085582,41.0948531829976,16.854625234616556,41.09474852794223,16.854546207025674
flow_3_468,41.098407274793054,16.853067746164346,41.09894570205469,16.85331079085582,41.097795170327615,16.8527908424273,41.09810151193486,16.852930909234342
flow_3_469,41.098407274793054,16.853067746164346,41.09894570205469,16.85331079085582,41.10098576297509,16.85215368870655,41.10069399901464,16.852501766897987
flow_3_470,41.098407274793054,16.853067746164346,41.09894570205469,16.85331079085582,41.10069399901464,16.852501766897987,41.10014423546408,16.85343368091778
flow_3_471,41.098407274793054,16.853067746164346,41.09894570205469,16.85331079085582,41.10149846212833,16.851184630435842,41.10098576297509,16.85215368870655
flow_3_472,41.098407274793054,16.853067746164346,41.09894570205469,16.85331079085582,41.10226128050579,16.84991892625057,41.10236609957379,16.849769208287043
flow_3_473,41.098407274793054,16.853067746164346,41.09894570205469,16.85331079085582,41.10164696791585,16.849493004994628,41.10155429604601,16.849587453146114
flow_3_474,41.098407274793054,16.853067746164346,41.09894570205469,16.85331079085582,41.101441674211465,16.850060366797287,41.10162574873644,16.85043277210701
flow_3_475,41.098407274793054,16.853067746164346,41.09894570205469,16.85331079085582,41.10187323450664,16.850519265700957,41.10226128050579,16.84991892625057
flow_3_476,41.098407274793054,16.853067746164346,41.09894570205469,16.85331079085582,41.10226128050579,16.84991892625057,41.10212098795253,16.849557273781752
flow_3_477,41.098407274793054,16.853067746164346,41.09894570205469,16.85331079085582,41.10202949742299,16.849477185555482,41.101893052359,16.84942560576533
flow_3_478,41.098407274793054,16.853067746164346,41.09894570205469,16.85331079085582,41.09848309553264,16.84824790691432,41.09797137080637,16.849701951782066
flow_3_479,41.098407274793054,16.853067746164346,41.09894570205469,16.85331079085582,41.10178918891531,16.848691071158175,41.10226374108996,16.849199159034608
flow_3_480,41.098407274793054,16.853067746164346,41.09894570205469,16.85331079085582,41.10064507934617,16.857798349652736,41.10063306420042,16.857811704770633
flow_3_481,41.098407274793054,16.853067746164346,41.09894570205469,16.85331079085582,41.100629061952446,16.857881132677438,41.10063414181671,16.857890087546004
flow_3_482,41.098407274793054,16.853067746164346,41.09894570205469,16.85331079085582,41.098013091446674,16.85068225103151,41.09797643244636,16.850614898699735
flow_3_483,41.098407274793054,16.853067746164346,41.09894570205469,16.85331079085582,41.09356405619404,16.847281183170747,41.09213809529099,16.84656162436391
flow_3_484,41.098407274793054,16.853067746164346,41.09894570205469,16.85331079085582,41.09874388317417,16.854662669666943,41.098789979203126,16.85480947432754
flow_3_485,41.098407274793054,16.853067746164346,41.09894570205469,16.85331079085582,41.098805360878,16.854883494497827,41.09862690423968,16.855801764244642
flow_3_486,41.098407274793054,16.853067746164346,41.09894570205469,16.85331079085582,41.09878814926408,16.854279784852835,41.0989742370114,16.854319313351734
flow_3_487,41.098407274793054,16.853067746164346,41.09894570205469,16.85331079085582,41.09688679894607,16.854222009568716,41.09667063802659,16.854136985818336
flow_3_488,41.098407274793054,16.853067746164346,41.09894570205469,16.85331079085582,41.09356405619404,16.847281183170747,41.09287653741932,16.849676627626383
flow_3_489,41.098407274793054,16.853067746164346,41.09894570205469,16.85331079085582,41.09319536694794,16.85029565321274,41.0917515465328,16.847973810087527
flow_3_490,41.098407274793054,16.853067746164346,41.09894570205469,16.85331079085582,41.0938910066973,16.847467751127233,41.09338157090906,16.849228712157455
flow_3_491,41.098407274793054,16.853067746164346,41.09894570205469,16.85331079085582,41.10000725075745,16.85310225196114,41.1000373248635,16.852957349061356
flow_3_492,41.098407274793054,16.853067746164346,41.09894570205469,16.85331079085582,41.09576913015391,16.84786199393714,41.095624082715545,16.84873938546676
flow_3_493,41.098407274793054,16.853067746164346,41.09894570205469,16.85331079085582,41.09571950027065,16.85485011877157,41.09580139620255,16.854871355035236
flow_3_494,41.098407274793054,16.853067746164346,41.09894570205469,16.85331079085582,41.10133204390066,16.849662784092665,41.09702231047879,16.849934177393052
flow_3_495,41.098407274793054,16.853067746164346,41.09894570205469,16.85331079085582,41.09658937779303,16.849970011954603,41.09319536694794,16.85029565321274
flow_3_496,41.098407274793054,16.853067746164346,41.09894570205469,16.85331079085582,41.09319536694794,16.85029565321274,41.09203558768891,16.85040097506566
flow_3_497,41.098407274793054,16.853067746164346,41.09894570205469,16.85331079085582,41.09985490494118,16.854363380911906,41.10001879906208,16.854259633484794
flow_3_498,41.098407274793054,16.853067746164346,41.09894570205469,16.85331079085582,41.1000081660962,16.854092033262692,41.09998736076528,16.85405834499595
flow_3_499,41.098407274793054,16.853067746164346,41.09894570205469,16.85331079085582,41.0998657906448,16.854011700784426,41.0997840764074,16.85407989459394
flow_3_500,41.098407274793054,16.853067746164346,41.09894570205469,16.85331079085582,41.09878814926408,16.854279784852835,41.0987411443374,16.8542061850138
flow_3_501,41.098407274793054,16.853067746164346,41.09894570205469,16.85331079085582,41.09857803984875,16.854216123443177,41.09850337325547,16.85422140542611
flow_3_502,41.098407274793054,16.853067746164346,41.09894570205469,16.85331079085582,41.09744212400728,16.854310502764104,41.097366852073485,16.854314219647932
flow_3_503,41.098407274793054,16.853067746164346,41.09894570205469,16.85331079085582,41.10067445887713,16.85790908558486,41.100701898736745,16.85788878254526
flow_3_504,41.098407274793054,16.853067746164346,41.09894570205469,16.85331079085582,41.10070616917118,16.85781948119896,41.1006949883477,16.857803447897922
flow_3_505,41.098407274793054,16.853067746164346,41.09894570205469,16.85331079085582,41.10063414181671,16.857890087546004,41.10064883435636,16.85805137424128
flow_3_506,41.09894570205469,16.85331079085582,41.09908980588428,16.853373308152282,41.1020203917021,16.84882687676746,41.10283007281504,16.84532742394581
flow_3_507,41.09894570205469,16.85331079085582,41.09908980588428,16.853373308152282,41.101351288963656,16.848014927829535,41.09728164732345,16.84307858160294
flow_3_508,41.09894570205469,16.85331079085582,41.09908980588428,16.853373308152282,41.09421243463567,16.847594276471863,41.09371087307764,16.849291052198975
flow_3_509,41.09894570205469,16.85331079085582,41.09908980588428,16.853373308152282,41.09457433490167,16.847640377504526,41.09431864060897,16.848868036711348
flow_3_510,41.09894570205469,16.85331079085582,41.09908980588428,16.853373308152282,41.097596631773314,16.853609114834843,41.09633260091152,16.853055976599734
flow_3_511,41.09894570205469,16.85331079085582,41.09908980588428,16.853373308152282,41.100848149229584,16.852617317751818,41.10207566988899,16.852506071608552
flow_3_512,41.09894570205469,16.85331079085582,41.09908980588428,16.853373308152282,41.09921039349766,16.857093476263653,41.09931390026017,16.857131876843294
flow_3_513,41.09894570205469,16.85331079085582,41.09908980588428,16.853373308152282,41.0948531829976,16.854625234616556,41.09474852794223,16.854546207025674
flow_3_514,41.09894570205469,16.85331079085582,41.09908980588428,16.853373308152282,41.097795170327615,16.8527908424273,41.09810151193486,16.852930909234342
flow_3_515,41.09894570205469,16.85331079085582,41.09908980588428,16.853373308152282,41.10098576297509,16.85215368870655,41.10069399901464,16.852501766897987
flow_3_516,41.09894570205469,16.85331079085582,41.09908980588428,16.853373308152282,41.10069399901464,16.852501766897987,41.10014423546408,16.85343368091778
flow_3_517,41.09894570205469,16.85331079085582,41.09908980588428,16.853373308152282,41.10149846212833,16.851184630435842,41.10098576297509,16.85215368870655
flow_3_518,41.09894570205469,16.85331079085582,41.09908980588428,16.853373308152282,41.10226128050579,16.84991892625057,41.10236609957379,16.849769208287043
flow_3_519,41.09894570205469,16.85331079085582,41.09908980588428,16.853373308152282,41.10164696791585,16.849493004994628,41.10155429604601,16.849587453146114
flow_3_520,41.09894570205469,16.85331079085582,41.09908980588428,16.853373308152282,41.101441674211465,16.850060366797287,41.10162574873644,16.85043277210701
flow_3_521,41.09894570205469,16.85331079085582,41.09908980588428,16.853373308152282,41.10187323450664,16.850519265700957,41.10226128050579,16.84991892625057
flow_3_522,41.09894570205469,16.85331079085582,41.09908980588428,16.853373308152282,41.10226128050579,16.84991892625057,41.10212098795253,16.849557273781752
flow_3_523,41.09894570205469,16.85331079085582,41.09908980588428,16.853373308152282,41.10202949742299,16.849477185555482,41.101893052359,16.84942560576533
flow_3_524,41.09894570205469,16.85331079085582,41.09908980588428,16.853373308152282,41.09848309553264,16.84824790691432,41.09797137080637,16.849701951782066
flow_3_525,41.09894570205469,16.85331079085582,41.09908980588428,16.853373308152282,41.10178918891531,16.848691071158175,41.10226374108996,16.849199159034608
flow_3_526,41.09894570205469,16.85331079085582,41.09908980588428,16.853373308152282,41.10064507934617,16.857798349652736,41.10063306420042,16.857811704770633
flow_3_527,41.09894570205469,16.85331079085582,41.09908980588428,16.853373308152282,41.100629061952446,16.857881132677438,41.10063414181671,16.857890087546004
flow_3_528,41.09894570205469,16.85331079085582,41.09908980588428,16.853373308152282,41.098013091446674,16.85068225103151,41.09797643244636,16.850614898699735
flow_3_529,41.09894570205469,16.85331079085582,41.09908980588428,16.853373308152282,41.09356405619404,16.847281183170747,41.09213809529099,16.84656162436391
flow_3_530,41.09894570205469,16.85331079085582,41.09908980588428,16.853373308152282,41.09874388317417,16.854662669666943,41.098789979203126,16.85480947432754
flow_3_531,41.09894570205469,16.85331079085582,41.09908980588428,16.853373308152282,41.098805360878,16.854883494497827,41.09862690423968,16.855801764244642
flow_3_532,41.09894570205469,16.85331079085582,41.09908980588428,16.853373308152282,41.09878814926408,16.854279784852835,41.0989742370114,16.854319313351734
flow_3_533,41.09894570205469,16.85331079085582,41.09908980588428,16.853373308152282,41.09688679894607,16.854222009568716,41.09667063802659,16.854136985818336
flow_3_534,41.09894570205469,16.85331079085582,41.09908980588428,16.853373308152282,41.09356405619404,16.847281183170747,41.09287653741932,16.849676627626383
flow_3_535,41.09894570205469,16.85331079085582,41.09908980588428,16.853373308152282,41.09319536694794,16.85029565321274,41.0917515465328,16.847973810087527
flow_3_536,41.09894570205469,16.85331079085582,41.09908980588428,16.853373308152282,41.0938910066973,16.847467751127233,41.09338157090906,16.849228712157455
flow_3_537,41.09894570205469,16.85331079085582,41.09908980588428,16.853373308152282,41.10000725075745,16.85310225196114,41.1000373248635,16.852957349061356
flow_3_538,41.09894570205469,16.85331079085582,41.09908980588428,16.853373308152282,41.09576913015391,16.84786199393714,41.095624082715545,16.84873938546676
flow_3_539,41.09894570205469,16.85331079085582,41.09908980588428,16.853373308152282,41.09571950027065,16.85485011877157,41.09580139620255,16.854871355035236
flow_3_540,41.09894570205469,16.85331079085582,41.09908980588428,16.853373308152282,41.10133204390066,16.849662784092665,41.09702231047879,16.849934177393052
flow_3_541,41.09894570205469,16.85331079085582,41.09908980588428,16.853373308152282,41.09658937779303,16.849970011954603,41.09319536694794,16.85029565321274
flow_3_542,41.09894570205469,16.85331079085582,41.09908980588428,16.853373308152282,41.09319536694794,16.85029565321274,41.09203558768891,16.85040097506566
flow_3_543,41.09894570205469,16.85331079085582,41.09908980588428,16.853373308152282,41.09985490494118,16.854363380911906,41.10001879906208,16.854259633484794
flow_3_544,41.09894570205469,16.85331079085582,41.09908980588428,16.853373308152282,41.1000081660962,16.854092033262692,41.09998736076528,16.85405834499595
flow_3_545,41.09894570205469,16.85331079085582,41.09908980588428,16.853373308152282,41.0998657906448,16.854011700784426,41.0997840764074,16.85407989459394
flow_3_546,41.09894570205469,16.85331079085582,41.09908980588428,16.853373308152282,41.09878814926408,16.854279784852835,41.0987411443374,16.8542061850138
flow_3_547,41.09894570205469,16.85331079085582,41.09908980588428,16.853373308152282,41.09857803984875,16.854216123443177,41.09850337325547,16.85422140542611
flow_3_548,41.09894570205469,16.85331079085582,41.09908980588428,16.853373308152282,41.09744212400728,16.854310502764104,41.097366852073485,16.854314219647932
flow_3_549,41.09894570205469,16.85331079085582,41.09908980588428,16.853373308152282,41.10067445887713,16.85790908558486,41.100701898736745,16.85788878254526
flow_3_550,41.09894570205469,16.85331079085582,41.09908980588428,16.853373308152282,41.10070616917118,16.85781948119896,41.1006949883477,16.857803447897922
flow_3_551,41.09894570205469,16.85331079085582,41.09908980588428,16.853373308152282,41.10063414181671,16.857890087546004,41.10064883435636,16.85805137424128
flow_3_552,41.10051189890034,16.849787302289965,41.1006659258462,16.849798531807142,41.1020203917021,16.84882687676746,41.10283007281504,16.84532742394581
flow_3_553,41.10051189890034,16.849787302289965,41.1006659258462,16.849798531807142,41.101351288963656,16.848014927829535,41.09728164732345,16.84307858160294
flow_3_554,41.10051189890034,16.849787302289965,41.1006659258462,16.849798531807142,41.09421243463567,16.847594276471863,41.09371087307764,16.849291052198975
flow_3_555,41.10051189890034,16.849787302289965,41.1006659258462,16.849798531807142,41.09457433490167,16.847640377504526,41.09431864060897,16.848868036711348
flow_3_556,41.10051189890034,16.849787302289965,41.1006659258462,16.849798531807142,41.097596631773314,16.853609114834843,41.09633260091152,16.853055976599734
flow_3_557,41.10051189890034,16.849787302289965,41.1006659258462,16.849798531807142,41.100848149229584,16.852617317751818,41.10207566988899,16.852506071608552
flow_3_558,41.10051189890034,16.849787302289965,41.1006659258462,16.849798531807142,41.09921039349766,16.857093476263653,41.09931390026017,16.857131876843294
flow_3_559,41.10051189890034,16.849787302289965,41.1006659258462,16.849798531807142,41.0948531829976,16.854625234616556,41.09474852794223,16.854546207025674
flow_3_560,41.10051189890034,16.849787302289965,41.1006659258462,16.849798531807142,41.097795170327615,16.8527908424273,41.09810151193486,16.852930909234342
flow_3_561,41.10051189890034,16.849787302289965,41.1006659258462,16.849798531807142,41.10098576297509,16.85215368870655,41.10069399901464,16.852501766897987
flow_3_562,41.10051189890034,16.849787302289965,41.1006659258462,16.849798531807142,41.10069399901464,16.852501766897987,41.10014423546408,16.85343368091778
flow_3_563,41.10051189890034,16.849787302289965,41.1006659258462,16.849798531807142,41.10149846212833,16.851184630435842,41.10098576297509,16.85215368870655
flow_3_564,41.10051189890034,16.849787302289965,41.1006659258462,16.849798531807142,41.10226128050579,16.84991892625057,41.10236609957379,16.849769208287043
flow_3_565,41.10051189890034,16.849787302289965,41.1006659258462,16.849798531807142,41.10164696791585,16.849493004994628,41.10155429604601,16.849587453146114
flow_3_566,41.10051189890034,16.849787302289965,41.1006659258462,16.849798531807142,41.101441674211465,16.850060366797287,41.10162574873644,16.85043277210701
flow_3_567,41.10051189890034,16.849787302289965,41.1006659258462,16.849798531807142,41.10187323450664,16.850519265700957,41.10226128050579,16.84991892625057
flow_3_568,41.10051189890034,16.849787302289965,41.1006659258462,16.849798531807142,41.10226128050579,16.84991892625057,41.10212098795253,16.849557273781752
flow_3_569,41.10051189890034,16.849787302289965,41.1006659258462,16.849798531807142,41.10202949742299,16.849477185555482,41.101893052359,16.84942560576533
flow_3_570,41.10051189890034,16.849787302289965,41.1006659258462,16.849798531807142,41.09848309553264,16.84824790691432,41.09797137080637,16.849701951782066
flow_3_571,41.10051189890034,16.849787302289965,41.1006659258462,16.849798531807142,41.10178918891531,16.848691071158175,41.10226374108996,16.849199159034608
flow_3_572,41.10051189890034,16.849787302289965,41.1006659258462,16.849798531807142,41.10064507934617,16.857798349652736,41.10063306420042,16.857811704770633
flow_3_573,41.10051189890034,16.849787302289965,41.1006659258462,16.849798531807142,41.100629061952446,16.857881132677438,41.10063414181671,16.857890087546004
flow_3_574,41.10051189890034,16.849787302289965,41.1006659258462,16.849798531807142,41.098013091446674,16.85068225103151,41.09797643244636,16.850614898699735
flow_3_575,41.10051189890034,16.849787302289965,41.1006659258462,16.849798531807142,41.09356405619404,16.847281183170747,41.09213809529099,16.84656162436391
flow_3_576,41.10051189890034,16.849787302289965,41.1006659258462,16.849798531807142,41.09874388317417,16.854662669666943,41.098789979203126,16.85480947432754
flow_3_577,41.10051189890034,16.849787302289965,41.1006659258462,16.849798531807142,41.098805360878,16.854883494497827,41.09862690423968,16.855801764244642
flow_3_578,41.10051189890034,16.849787302289965,41.1006659258462,16.849798531807142,41.09878814926408,16.854279784852835,41.0989742370114,16.854319313351734
flow_3_579,41.10051189890034,16.849787302289965,41.1006659258462,16.849798531807142,41.09688679894607,16.854222009568716,41.09667063802659,16.854136985818336
flow_3_580,41.10051189890034,16.849787302289965,41.1006659258462,16.849798531807142,41.09356405619404,16.847281183170747,41.09287653741932,16.849676627626383
flow_3_581,41.10051189890034,16.849787302289965,41.1006659258462,16.849798531807142,41.09319536694794,16.85029565321274,41.0917515465328,16.847973810087527
flow_3_582,41.10051189890034,16.849787302289965,41.1006659258462,16.849798531807142,41.0938910066973,16.847467751127233,41.09338157090906,16.849228712157455
flow_3_583,41.10051189890034,16.849787302289965,41.1006659258462,16.849798531807142,41.10000725075745,16.85310225196114,41.1000373248635,16.852957349061356
flow_3_584,41.10051189890034,16.849787302289965,41.1006659258462,16.849798531807142,41.09576913015391,16.84786199393714,41.095624082715545,16.84873938546676
flow_3_585,41.10051189890034,16.849787302289965,41.1006659258462,16.849798531807142,41.09571950027065,16.85485011877157,41.09580139620255,16.854871355035236
flow_3_586,41.10051189890034,16.849787302289965,41.1006659258462,16.849798531807142,41.10133204390066,16.849662784092665,41.09702231047879,16.849934177393052
flow_3_587,41.10051189890034,16.849787302289965,41.1006659258462,16.849798531807142,41.09658937779303,16.849970011954603,41.09319536694794,16.85029565321274
flow_3_588,41.10051189890034,16.849787302289965,41.1006659258462,16.849798531807142,41.09319536694794,16.85029565321274,41.09203558768891,16.85040097506566
flow_3_589,41.10051189890034,16.849787302289965,41.1006659258462,16.849798531807142,41.09985490494118,16.854363380911906,41.10001879906208,16.854259633484794
flow_3_590,41.10051189890034,16.849787302289965,41.1006659258462,16.849798531807142,41.1000081660962,16.854092033262692,41.09998736076528,16.85405834499595
flow_3_591,41.10051189890034,16.849787302289965,41.1006659258462,16.849798531807142,41.0998657906448,16.854011700784426,41.0997840764074,16.85407989459394
flow_3_592,41.10051189890034,16.849787302289965,41.1006659258462,16.849798531807142,41.09878814926408,16.854279784852835,41.0987411443374,16.8542061850138
flow_3_593,41.10051189890034,16.849787302289965,41.1006659258462,16.849798531807142,41.09857803984875,16.854216123443177,41.09850337325547,16.85422140542611
flow_3_594,41.10051189890034,16.849787302289965,41.1006659258462,16.849798531807142,41.09744212400728,16.854310502764104,41.097366852073485,16.854314219647932
flow_3_595,41.10051189890034,16.849787302289965,41.1006659258462,16.849798531807142,41.10067445887713,16.85790908558486,41.100701898736745,16.85788878254526
flow_3_596,41.10051189890034,16.849787302289965,41.1006659258462,16.849798531807142,41.10070616917118,16.85781948119896,41.1006949883477,16.857803447897922
flow_3_597,41.10051189890034,16.849787302289965,41.1006659258462,16.849798531807142,41.10063414181671,16.857890087546004,41.10064883435636,16.85805137424128
flow_3_598,41.09182853562693,16.85148099754173,41.09313433036535,16.850433720166855,41.1020203917021,16.84882687676746,41.10283007281504,16.84532742394581
flow_3_599,41.09182853562693,16.85148099754173,41.09313433036535,16.850433720166855,41.101351288963656,16.848014927829535,41.09728164732345,16.84307858160294
flow_3_600,41.09182853562693,16.85148099754173,41.09313433036535,16.850433720166855,41.09421243463567,16.847594276471863,41.09371087307764,16.849291052198975
flow_3_601,41.09182853562693,16.85148099754173,41.09313433036535,16.850433720166855,41.09457433490167,16.847640377504526,41.09431864060897,16.848868036711348
flow_3_602,41.09182853562693,16.85148099754173,41.09313433036535,16.850433720166855,41.097596631773314,16.853609114834843,41.09633260091152,16.853055976599734
flow_3_603,41.09182853562693,16.85148099754173,41.09313433036535,16.850433720166855,41.100848149229584,16.852617317751818,41.10207566988899,16.852506071608552
flow_3_604,41.09182853562693,16.85148099754173,41.09313433036535,16.850433720166855,41.09921039349766,16.857093476263653,41.09931390026017,16.857131876843294
flow_3_605,41.09182853562693,16.85148099754173,41.09313433036535,16.850433720166855,41.0948531829976,16.854625234616556,41.09474852794223,16.854546207025674
flow_3_606,41.09182853562693,16.85148099754173,41.09313433036535,16.850433720166855,41.097795170327615,16.8527908424273,41.09810151193486,16.852930909234342
flow_3_607,41.09182853562693,16.85148099754173,41.09313433036535,16.850433720166855,41.10051189890034,16.849787302289965,41.1006659258462,16.849798531807142
flow_3_608,41.09182853562693,16.85148099754173,41.09313433036535,16.850433720166855,41.10098576297509,16.85215368870655,41.10069399901464,16.852501766897987
flow_3_609,41.09182853562693,16.85148099754173,41.09313433036535,16.850433720166855,41.10069399901464,16.852501766897987,41.10014423546408,16.85343368091778
flow_3_610,41.09182853562693,16.85148099754173,41.09313433036535,16.850433720166855,41.10149846212833,16.851184630435842,41.10098576297509,16.85215368870655
flow_3_611,41.09182853562693,16.85148099754173,41.09313433036535,16.850433720166855,41.10226128050579,16.84991892625057,41.10236609957379,16.849769208287043
flow_3_612,41.09182853562693,16.85148099754173,41.09313433036535,16.850433720166855,41.10164696791585,16.849493004994628,41.10155429604601,16.849587453146114
flow_3_613,41.09182853562693,16.85148099754173,41.09313433036535,16.850433720166855,41.101441674211465,16.850060366797287,41.10162574873644,16.85043277210701
flow_3_614,41.09182853562693,16.85148099754173,41.09313433036535,16.850433720166855,41.10187323450664,16.850519265700957,41.10226128050579,16.84991892625057
flow_3_615,41.09182853562693,16.85148099754173,41.09313433036535,16.850433720166855,41.10226128050579,16.84991892625057,41.10212098795253,16.849557273781752
flow_3_616,41.09182853562693,16.85148099754173,41.09313433036535,16.850433720166855,41.10202949742299,16.849477185555482,41.101893052359,16.84942560576533
flow_3_617,41.09182853562693,16.85148099754173,41.09313433036535,16.850433720166855,41.09848309553264,16.84824790691432,41.09797137080637,16.849701951782066
flow_3_618,41.09182853562693,16.85148099754173,41.09313433036535,16.850433720166855,41.10178918891531,16.848691071158175,41.10226374108996,16.849199159034608
flow_3_619,41.09182853562693,16.85148099754173,41.09313433036535,16.850433720166855,41.10064507934617,16.857798349652736,41.10063306420042,16.857811704770633
flow_3_620,41.09182853562693,16.85148099754173,41.09313433036535,16.850433720166855,41.100629061952446,16.857881132677438,41.10063414181671,16.857890087546004
flow_3_621,41.09182853562693,16.85148099754173,41.09313433036535,16.850433720166855,41.098013091446674,16.85068225103151,41.09797643244636,16.850614898699735
flow_3_622,41.09182853562693,16.85148099754173,41.09313433036535,16.850433720166855,41.09356405619404,16.847281183170747,41.09213809529099,16.84656162436391
flow_3_623,41.09182853562693,16.85148099754173,41.09313433036535,16.850433720166855,41.09874388317417,16.854662669666943,41.098789979203126,16.85480947432754
flow_3_624,41.09182853562693,16.85148099754173,41.09313433036535,16.850433720166855,41.098805360878,16.854883494497827,41.09862690423968,16.855801764244642
flow_3_625,41.09182853562693,16.85148099754173,41.09313433036535,16.850433720166855,41.09878814926408,16.854279784852835,41.0989742370114,16.854319313351734
flow_3_626,41.09182853562693,16.85148099754173,41.09313433036535,16.850433720166855,41.09688679894607,16.854222009568716,41.09667063802659,16.854136985818336
flow_3_627,41.09182853562693,16.85148099754173,41.09313433036535,16.850433720166855,41.09356405619404,16.847281183170747,41.09287653741932,16.849676627626383
flow_3_628,41.09182853562693,16.85148099754173,41.09313433036535,16.850433720166855,41.0940327747926,16.850352614677977,41.09648897449715,16.850130795111177
flow_3_629,41.09182853562693,16.85148099754173,41.09313433036535,16.850433720166855,41.09313433036535,16.850433720166855,41.0940327747926,16.850352614677977
flow_3_630,41.09182853562693,16.85148099754173,41.09313433036535,16.850433720166855,41.09683279322879,16.85010246225888,41.10051189890034,16.849787302289965
flow_3_631,41.09182853562693,16.85148099754173,41.09313433036535,16.850433720166855,41.09319536694794,16.85029565321274,41.0917515465328,16.847973810087527
flow_3_632,41.09182853562693,16.85148099754173,41.09313433036535,16.850433720166855,41.0938910066973,16.847467751127233,41.09338157090906,16.849228712157455
flow_3_633,41.09182853562693,16.85148099754173,41.09313433036535,16.850433720166855,41.10000725075745,16.85310225196114,41.1000373248635,16.852957349061356
flow_3_634,41.09182853562693,16.85148099754173,41.09313433036535,16.850433720166855,41.09576913015391,16.84786199393714,41.095624082715545,16.84873938546676
flow_3_635,41.09182853562693,16.85148099754173,41.09313433036535,16.850433720166855,41.09571950027065,16.85485011877157,41.09580139620255,16.854871355035236
flow_3_636,41.09182853562693,16.85148099754173,41.09313433036535,16.850433720166855,41.10133204390066,16.849662784092665,41.09702231047879,16.849934177393052
flow_3_637,41.09182853562693,16.85148099754173,41.09313433036535,16.850433720166855,41.09658937779303,16.849970011954603,41.09319536694794,16.85029565321274
flow_3_638,41.09182853562693,16.85148099754173,41.09313433036535,16.850433720166855,41.09319536694794,16.85029565321274,41.09203558768891,16.85040097506566
flow_3_639,41.09182853562693,16.85148099754173,41.09313433036535,16.850433720166855,41.09985490494118,16.854363380911906,41.10001879906208,16.854259633484794
flow_3_640,41.09182853562693,16.85148099754173,41.09313433036535,16.850433720166855,41.1000081660962,16.854092033262692,41.09998736076528,16.85405834499595
flow_3_641,41.09182853562693,16.85148099754173,41.09313433036535,16.850433720166855,41.0998657906448,16.854011700784426,41.0997840764074,16.85407989459394
flow_3_642,41.09182853562693,16.85148099754173,41.09313433036535,16.850433720166855,41.09878814926408,16.854279784852835,41.0987411443374,16.8542061850138
flow_3_643,41.09182853562693,16.85148099754173,41.09313433036535,16.850433720166855,41.09857803984875,16.854216123443177,41.09850337325547,16.85422140542611
flow_3_644,41.09182853562693,16.85148099754173,41.09313433036535,16.850433720166855,41.09744212400728,16.854310502764104,41.097366852073485,16.854314219647932
flow_3_645,41.09182853562693,16.85148099754173,41.09313433036535,16.850433720166855,41.10067445887713,16.85790908558486,41.100701898736745,16.85788878254526
flow_3_646,41.09182853562693,16.85148099754173,41.09313433036535,16.850433720166855,41.10070616917118,16.85781948119896,41.1006949883477,16.857803447897922
flow_3_647,41.09182853562693,16.85148099754173,41.09313433036535,16.850433720166855,41.10063414181671,16.857890087546004,41.10064883435636,16.85805137424128
flow_3_648,41.10098576297509,16.85215368870655,41.10069399901464,16.852501766897987,41.1020203917021,16.84882687676746,41.10283007281504,16.84532742394581
flow_3_649,41.10098576297509,16.85215368870655,41.10069399901464,16.852501766897987,41.101351288963656,16.848014927829535,41.09728164732345,16.84307858160294
flow_3_650,41.10098576297509,16.85215368870655,41.10069399901464,16.852501766897987,41.09421243463567,16.847594276471863,41.09371087307764,16.849291052198975
flow_3_651,41.10098576297509,16.85215368870655,41.10069399901464,16.852501766897987,41.09457433490167,16.847640377504526,41.09431864060897,16.848868036711348
flow_3_652,41.10098576297509,16.85215368870655,41.10069399901464,16.852501766897987,41.097596631773314,16.853609114834843,41.09633260091152,16.853055976599734
flow_3_653,41.10098576297509,16.85215368870655,41.10069399901464,16.852501766897987,41.100848149229584,16.852617317751818,41.10207566988899,16.852506071608552
flow_3_654,41.10098576297509,16.85215368870655,41.10069399901464,16.852501766897987,41.09921039349766,16.857093476263653,41.09931390026017,16.857131876843294
flow_3_655,41.10098576297509,16.85215368870655,41.10069399901464,16.852501766897987,41.0948531829976,16.854625234616556,41.09474852794223,16.854546207025674
flow_3_656,41.10098576297509,16.85215368870655,41.10069399901464,16.852501766897987,41.097795170327615,16.8527908424273,41.09810151193486,16.852930909234342
flow_3_657,41.10098576297509,16.85215368870655,41.10069399901464,16.852501766897987,41.10069399901464,16.852501766897987,41.10014423546408,16.85343368091778
flow_3_658,41.10098576297509,16.85215368870655,41.10069399901464,16.852501766897987,41.10149846212833,16.851184630435842,41.10098576297509,16.85215368870655
flow_3_659,41.10098576297509,16.85215368870655,41.10069399901464,16.852501766897987,41.10226128050579,16.84991892625057,41.10236609957379,16.849769208287043
flow_3_660,41.10098576297509,16.85215368870655,41.10069399901464,16.852501766897987,41.10164696791585,16.849493004994628,41.10155429604601,16.849587453146114
flow_3_661,41.10098576297509,16.85215368870655,41.10069399901464,16.852501766897987,41.101441674211465,16.850060366797287,41.10162574873644,16.85043277210701
flow_3_662,41.10098576297509,16.85215368870655,41.10069399901464,16.852501766897987,41.10187323450664,16.850519265700957,41.10226128050579,16.84991892625057
flow_3_663,41.10098576297509,16.85215368870655,41.10069399901464,16.852501766897987,41.10226128050579,16.84991892625057,41.10212098795253,16.849557273781752
flow_3_664,41.10098576297509,16.85215368870655,41.10069399901464,16.852501766897987,41.10202949742299,16.849477185555482,41.101893052359,16.84942560576533
flow_3_665,41.10098576297509,16.85215368870655,41.10069399901464,16.852501766897987,41.09848309553264,16.84824790691432,41.09797137080637,16.849701951782066
flow_3_666,41.10098576297509,16.85215368870655,41.10069399901464,16.852501766897987,41.10178918891531,16.848691071158175,41.10226374108996,16.849199159034608
flow_3_667,41.10098576297509,16.85215368870655,41.10069399901464,16.852501766897987,41.10064507934617,16.857798349652736,41.10063306420042,16.857811704770633
flow_3_668,41.10098576297509,16.85215368870655,41.10069399901464,16.852501766897987,41.100629061952446,16.857881132677438,41.10063414181671,16.857890087546004
flow_3_669,41.10098576297509,16.85215368870655,41.10069399901464,16.852501766897987,41.098013091446674,16.85068225103151,41.09797643244636,16.850614898699735
flow_3_670,41.10098576297509,16.85215368870655,41.10069399901464,16.852501766897987,41.09356405619404,16.847281183170747,41.09213809529099,16.84656162436391
flow_3_671,41.10098576297509,16.85215368870655,41.10069399901464,16.852501766897987,41.09874388317417,16.854662669666943,41.098789979203126,16.85480947432754
flow_3_672,41.10098576297509,16.85215368870655,41.10069399901464,16.852501766897987,41.098805360878,16.854883494497827,41.09862690423968,16.855801764244642
flow_3_673,41.10098576297509,16.85215368870655,41.10069399901464,16.852501766897987,41.09878814926408,16.854279784852835,41.0989742370114,16.854319313351734
flow_3_674,41.10098576297509,16.85215368870655,41.10069399901464,16.852501766897987,41.09688679894607,16.854222009568716,41.09667063802659,16.854136985818336
flow_3_675,41.10098576297509,16.85215368870655,41.10069399901464,16.852501766897987,41.09356405619404,16.847281183170747,41.09287653741932,16.849676627626383
flow_3_676,41.10098576297509,16.85215368870655,41.10069399901464,16.852501766897987,41.09319536694794,16.85029565321274,41.0917515465328,16.847973810087527
flow_3_677,41.10098576297509,16.85215368870655,41.10069399901464,16.852501766897987,41.0938910066973,16.847467751127233,41.09338157090906,16.849228712157455
flow_3_678,41.10098576297509,16.85215368870655,41.10069399901464,16.852501766897987,41.10000725075745,16.85310225196114,41.1000373248635,16.852957349061356
flow_3_679,41.10098576297509,16.85215368870655,41.10069399901464,16.852501766897987,41.09576913015391,16.84786199393714,41.095624082715545,16.84873938546676
flow_3_680,41.10098576297509,16.85215368870655,41.10069399901464,16.852501766897987,41.09571950027065,16.85485011877157,41.09580139620255,16.854871355035236
flow_3_681,41.10098576297509,16.85215368870655,41.10069399901464,16.852501766897987,41.10133204390066,16.849662784092665,41.09702231047879,16.849934177393052
flow_3_682,41.10098576297509,16.85215368870655,41.10069399901464,16.852501766897987,41.09658937779303,16.849970011954603,41.09319536694794,16.85029565321274
flow_3_683,41.10098576297509,16.85215368870655,41.10069399901464,16.852501766897987,41.09319536694794,16.85029565321274,41.09203558768891,16.85040097506566
flow_3_684,41.10098576297509,16.85215368870655,41.10069399901464,16.852501766897987,41.09985490494118,16.854363380911906,41.10001879906208,16.854259633484794
flow_3_685,41.10098576297509,16.85215368870655,41.10069399901464,16.852501766897987,41.1000081660962,16.854092033262692,41.09998736076528,16.85405834499595
flow_3_686,41.10098576297509,16.85215368870655,41.10069399901464,16.852501766897987,41.0998657906448,16.854011700784426,41.0997840764074,16.85407989459394
flow_3_687,41.10098576297509,16.85215368870655,41.10069399901464,16.852501766897987,41.09878814926408,16.854279784852835,41.0987411443374,16.8542061850138
flow_3_688,41.10098576297509,16.85215368870655,41.10069399901464,16.852501766897987,41.09857803984875,16.854216123443177,41.09850337325547,16.85422140542611
flow_3_689,41.10098576297509,16.85215368870655,41.10069399901464,16.852501766897987,41.09744212400728,16.854310502764104,41.097366852073485,16.854314219647932
flow_3_690,41.10098576297509,16.85215368870655,41.10069399901464,16.852501766897987,41.10067445887713,16.85790908558486,41.100701898736745,16.85788878254526
flow_3_691,41.10098576297509,16.85215368870655,41.10069399901464,16.852501766897987,41.10070616917118,16.85781948119896,41.1006949883477,16.857803447897922
flow_3_692,41.10098576297509,16.85215368870655,41.10069399901464,16.852501766897987,41.10063414181671,16.857890087546004,41.10064883435636,16.85805137424128
flow_3_693,41.10069399901464,16.852501766897987,41.10014423546408,16.85343368091778,41.1020203917021,16.84882687676746,41.10283007281504,16.84532742394581
flow_3_694,41.10069399901464,16.852501766897987,41.10014423546408,16.85343368091778,41.101351288963656,16.848014927829535,41.09728164732345,16.84307858160294
flow_3_695,41.10069399901464,16.852501766897987,41.10014423546408,16.85343368091778,41.09421243463567,16.847594276471863,41.09371087307764,16.849291052198975
flow_3_696,41.10069399901464,16.852501766897987,41.10014423546408,16.85343368091778,41.09457433490167,16.847640377504526,41.09431864060897,16.848868036711348
flow_3_697,41.10069399901464,16.852501766897987,41.10014423546408,16.85343368091778,41.097596631773314,16.853609114834843,41.09633260091152,16.853055976599734
flow_3_698,41.10069399901464,16.852501766897987,41.10014423546408,16.85343368091778,41.100848149229584,16.852617317751818,41.10207566988899,16.852506071608552
flow_3_699,41.10069399901464,16.852501766897987,41.10014423546408,16.85343368091778,41.09921039349766,16.857093476263653,41.09931390026017,16.857131876843294
flow_3_700,41.10069399901464,16.852501766897987,41.10014423546408,16.85343368091778,41.0948531829976,16.854625234616556,41.09474852794223,16.854546207025674
flow_3_701,41.10069399901464,16.852501766897987,41.10014423546408,16.85343368091778,41.097795170327615,16.8527908424273,41.09810151193486,16.852930909234342
flow_3_702,41.10069399901464,16.852501766897987,41.10014423546408,16.85343368091778,41.10098576297509,16.85215368870655,41.10069399901464,16.852501766897987
flow_3_703,41.10069399901464,16.852501766897987,41.10014423546408,16.85343368091778,41.10149846212833,16.851184630435842,41.10098576297509,16.85215368870655
flow_3_704,41.10069399901464,16.852501766897987,41.10014423546408,16.85343368091778,41.10226128050579,16.84991892625057,41.10236609957379,16.849769208287043
flow_3_705,41.10069399901464,16.852501766897987,41.10014423546408,16.85343368091778,41.10164696791585,16.849493004994628,41.10155429604601,16.849587453146114
flow_3_706,41.10069399901464,16.852501766897987,41.10014423546408,16.85343368091778,41.101441674211465,16.850060366797287,41.10162574873644,16.85043277210701
flow_3_707,41.10069399901464,16.852501766897987,41.10014423546408,16.85343368091778,41.10187323450664,16.850519265700957,41.10226128050579,16.84991892625057
flow_3_708,41.10069399901464,16.852501766897987,41.10014423546408,16.85343368091778,41.10226128050579,16.84991892625057,41.10212098795253,16.849557273781752
flow_3_709,41.10069399901464,16.852501766897987,41.10014423546408,16.85343368091778,41.10202949742299,16.849477185555482,41.101893052359,16.84942560576533
flow_3_710,41.10069399901464,16.852501766897987,41.10014423546408,16.85343368091778,41.09848309553264,16.84824790691432,41.09797137080637,16.849701951782066
flow_3_711,41.10069399901464,16.852501766897987,41.10014423546408,16.85343368091778,41.10178918891531,16.848691071158175,41.10226374108996,16.849199159034608
flow_3_712,41.10069399901464,16.852501766897987,41.10014423546408,16.85343368091778,41.10064507934617,16.857798349652736,41.10063306420042,16.857811704770633
flow_3_713,41.10069399901464,16.852501766897987,41.10014423546408,16.85343368091778,41.100629061952446,16.857881132677438,41.10063414181671,16.857890087546004
flow_3_714,41.10069399901464,16.852501766897987,41.10014423546408,16.85343368091778,41.098013091446674,16.85068225103151,41.09797643244636,16.850614898699735
flow_3_715,41.10069399901464,16.852501766897987,41.10014423546408,16.85343368091778,41.09356405619404,16.847281183170747,41.09213809529099,16.84656162436391
flow_3_716,41.10069399901464,16.852501766897987,41.10014423546408,16.85343368091778,41.09874388317417,16.854662669666943,41.098789979203126,16.85480947432754
flow_3_717,41.10069399901464,16.852501766897987,41.10014423546408,16.85343368091778,41.098805360878,16.854883494497827,41.09862690423968,16.855801764244642
flow_3_718,41.10069399901464,16.852501766897987,41.10014423546408,16.85343368091778,41.09878814926408,16.854279784852835,41.0989742370114,16.854319313351734
flow_3_719,41.10069399901464,16.852501766897987,41.10014423546408,16.85343368091778,41.09688679894607,16.854222009568716,41.09667063802659,16.854136985818336
flow_3_720,41.10069399901464,16.852501766897987,41.10014423546408,16.85343368091778,41.09356405619404,16.847281183170747,41.09287653741932,16.849676627626383
flow_3_721,41.10069399901464,16.852501766897987,41.10014423546408,16.85343368091778,41.09319536694794,16.85029565321274,41.0917515465328,16.847973810087527
flow_3_722,41.10069399901464,16.852501766897987,41.10014423546408,16.85343368091778,41.0938910066973,16.847467751127233,41.09338157090906,16.849228712157455
flow_3_723,41.10069399901464,16.852501766897987,41.10014423546408,16.85343368091778,41.10000725075745,16.85310225196114,41.1000373248635,16.852957349061356
flow_3_724,41.10069399901464,16.852501766897987,41.10014423546408,16.85343368091778,41.09576913015391,16.84786199393714,41.095624082715545,16.84873938546676
flow_3_725,41.10069399901464,16.852501766897987,41.10014423546408,16.85343368091778,41.09571950027065,16.85485011877157,41.09580139620255,16.854871355035236
flow_3_726,41.10069399901464,16.852501766897987,41.10014423546408,16.85343368091778,41.10133204390066,16.849662784092665,41.09702231047879,16.849934177393052
flow_3_727,41.10069399901464,16.852501766897987,41.10014423546408,16.85343368091778,41.09658937779303,16.849970011954603,41.09319536694794,16.85029565321274
flow_3_728,41.10069399901464,16.852501766897987,41.10014423546408,16.85343368091778,41.09319536694794,16.85029565321274,41.09203558768891,16.85040097506566
flow_3_729,41.10069399901464,16.852501766897987,41.10014423546408,16.85343368091778,41.09985490494118,16.854363380911906,41.10001879906208,16.854259633484794
flow_3_730,41.10069399901464,16.852501766897987,41.10014423546408,16.85343368091778,41.1000081660962,16.854092033262692,41.09998736076528,16.85405834499595
flow_3_731,41.10069399901464,16.852501766897987,41.10014423546408,16.85343368091778,41.0998657906448,16.854011700784426,41.0997840764074,16.85407989459394
flow_3_732,41.10069399901464,16.852501766897987,41.10014423546408,16.85343368091778,41.09878814926408,16.854279784852835,41.0987411443374,16.8542061850138
flow_3_733,41.10069399901464,16.852501766897987,41.10014423546408,16.85343368091778,41.09857803984875,16.854216123443177,41.09850337325547,16.85422140542611
flow_3_734,41.10069399901464,16.852501766897987,41.10014423546408,16.85343368091778,41.09744212400728,16.854310502764104,41.097366852073485,16.854314219647932
flow_3_735,41.10069399901464,16.852501766897987,41.10014423546408,16.85343368091778,41.10067445887713,16.85790908558486,41.100701898736745,16.85788878254526
flow_3_736,41.10069399901464,16.852501766897987,41.10014423546408,16.85343368091778,41.10070616917118,16.85781948119896,41.1006949883477,16.857803447897922
flow_3_737,41.10069399901464,16.852501766897987,41.10014423546408,16.85343368091778,41.10063414181671,16.857890087546004,41.10064883435636,16.85805137424128
flow_3_738,41.10149846212833,16.851184630435842,41.10098576297509,16.85215368870655,41.1020203917021,16.84882687676746,41.10283007281504,16.84532742394581
flow_3_739,41.10149846212833,16.851184630435842,41.10098576297509,16.85215368870655,41.101351288963656,16.848014927829535,41.09728164732345,16.84307858160294
flow_3_740,41.10149846212833,16.851184630435842,41.10098576297509,16.85215368870655,41.09421243463567,16.847594276471863,41.09371087307764,16.849291052198975
flow_3_741,41.10149846212833,16.851184630435842,41.10098576297509,16.85215368870655,41.09457433490167,16.847640377504526,41.09431864060897,16.848868036711348
flow_3_742,41.10149846212833,16.851184630435842,41.10098576297509,16.85215368870655,41.097596631773314,16.853609114834843,41.09633260091152,16.853055976599734
flow_3_743,41.10149846212833,16.851184630435842,41.10098576297509,16.85215368870655,41.100848149229584,16.852617317751818,41.10207566988899,16.852506071608552
flow_3_744,41.10149846212833,16.851184630435842,41.10098576297509,16.85215368870655,41.09921039349766,16.857093476263653,41.09931390026017,16.857131876843294
flow_3_745,41.10149846212833,16.851184630435842,41.10098576297509,16.85215368870655,41.0948531829976,16.854625234616556,41.09474852794223,16.854546207025674
flow_3_746,41.10149846212833,16.851184630435842,41.10098576297509,16.85215368870655,41.097795170327615,16.8527908424273,41.09810151193486,16.852930909234342
flow_3_747,41.10149846212833,16.851184630435842,41.10098576297509,16.85215368870655,41.10098576297509,16.85215368870655,41.10069399901464,16.852501766897987
flow_3_748,41.10149846212833,16.851184630435842,41.10098576297509,16.85215368870655,41.10069399901464,16.852501766897987,41.10014423546408,16.85343368091778
flow_3_749,41.10149846212833,16.851184630435842,41.10098576297509,16.85215368870655,41.10226128050579,16.84991892625057,41.10236609957379,16.849769208287043
flow_3_750,41.10149846212833,16.851184630435842,41.10098576297509,16.85215368870655,41.10164696791585,16.849493004994628,41.10155429604601,16.849587453146114
flow_3_751,41.10149846212833,16.851184630435842,41.10098576297509,16.85215368870655,41.101441674211465,16.850060366797287,41.10162574873644,16.85043277210701
flow_3_752,41.10149846212833,16.851184630435842,41.10098576297509,16.85215368870655,41.10187323450664,16.850519265700957,41.10226128050579,16.84991892625057
flow_3_753,41.10149846212833,16.851184630435842,41.10098576297509,16.85215368870655,41.10226128050579,16.84991892625057,41.10212098795253,16.849557273781752
flow_3_754,41.10149846212833,16.851184630435842,41.10098576297509,16.85215368870655,41.10202949742299,16.849477185555482,41.101893052359,16.84942560576533
flow_3_755,41.10149846212833,16.851184630435842,41.10098576297509,16.85215368870655,41.09848309553264,16.84824790691432,41.09797137080637,16.849701951782066
flow_3_756,41.10149846212833,16.851184630435842,41.10098576297509,16.85215368870655,41.10178918891531,16.848691071158175,41.10226374108996,16.849199159034608
flow_3_757,41.10149846212833,16.851184630435842,41.10098576297509,16.85215368870655,41.10064507934617,16.857798349652736,41.10063306420042,16.857811704770633
flow_3_758,41.10149846212833,16.851184630435842,41.10098576297509,16.85215368870655,41.100629061952446,16.857881132677438,41.10063414181671,16.857890087546004
flow_3_759,41.10149846212833,16.851184630435842,41.10098576297509,16.85215368870655,41.098013091446674,16.85068225103151,41.09797643244636,16.850614898699735
flow_3_760,41.10149846212833,16.851184630435842,41.10098576297509,16.85215368870655,41.09356405619404,16.847281183170747,41.09213809529099,16.84656162436391
flow_3_761,41.10149846212833,16.851184630435842,41.10098576297509,16.85215368870655,41.09874388317417,16.854662669666943,41.098789979203126,16.85480947432754
flow_3_762,41.10149846212833,16.851184630435842,41.10098576297509,16.85215368870655,41.098805360878,16.854883494497827,41.09862690423968,16.855801764244642
flow_3_763,41.10149846212833,16.851184630435842,41.10098576297509,16.85215368870655,41.09878814926408,16.854279784852835,41.0989742370114,16.854319313351734
flow_3_764,41.10149846212833,16.851184630435842,41.10098576297509,16.85215368870655,41.09688679894607,16.854222009568716,41.09667063802659,16.854136985818336
flow_3_765,41.10149846212833,16.851184630435842,41.10098576297509,16.85215368870655,41.09356405619404,16.847281183170747,41.09287653741932,16.849676627626383
flow_3_766,41.10149846212833,16.851184630435842,41.10098576297509,16.85215368870655,41.09319536694794,16.85029565321274,41.0917515465328,16.847973810087527
flow_3_767,41.10149846212833,16.851184630435842,41.10098576297509,16.85215368870655,41.0938910066973,16.847467751127233,41.09338157090906,16.849228712157455
flow_3_768,41.10149846212833,16.851184630435842,41.10098576297509,16.85215368870655,41.10000725075745,16.85310225196114,41.1000373248635,16.852957349061356
flow_3_769,41.10149846212833,16.851184630435842,41.10098576297509,16.85215368870655,41.09576913015391,16.84786199393714,41.095624082715545,16.84873938546676
flow_3_770,41.10149846212833,16.851184630435842,41.10098576297509,16.85215368870655,41.09571950027065,16.85485011877157,41.09580139620255,16.854871355035236
flow_3_771,41.10149846212833,16.851184630435842,41.10098576297509,16.85215368870655,41.10133204390066,16.849662784092665,41.09702231047879,16.849934177393052
flow_3_772,41.10149846212833,16.851184630435842,41.10098576297509,16.85215368870655,41.09658937779303,16.849970011954603,41.09319536694794,16.85029565321274
flow_3_773,41.10149846212833,16.851184630435842,41.10098576297509,16.85215368870655,41.09319536694794,16.85029565321274,41.09203558768891,16.85040097506566
flow_3_774,41.10149846212833,16.851184630435842,41.10098576297509,16.85215368870655,41.09985490494118,16.854363380911906,41.10001879906208,16.854259633484794
flow_3_775,41.10149846212833,16.851184630435842,41.10098576297509,16.85215368870655,41.1000081660962,16.854092033262692,41.09998736076528,16.85405834499595
flow_3_776,41.10149846212833,16.851184630435842,41.10098576297509,16.85215368870655,41.0998657906448,16.854011700784426,41.0997840764074,16.85407989459394
flow_3_777,41.10149846212833,16.851184630435842,41.10098576297509,16.85215368870655,41.09878814926408,16.854279784852835,41.0987411443374,16.8542061850138
flow_3_778,41.10149846212833,16.851184630435842,41.10098576297509,16.85215368870655,41.09857803984875,16.854216123443177,41.09850337325547,16.85422140542611
flow_3_779,41.10149846212833,16.851184630435842,41.10098576297509,16.85215368870655,41.09744212400728,16.854310502764104,41.097366852073485,16.854314219647932
flow_3_780,41.10149846212833,16.851184630435842,41.10098576297509,16.85215368870655,41.10067445887713,16.85790908558486,41.100701898736745,16.85788878254526
flow_3_781,41.10149846212833,16.851184630435842,41.10098576297509,16.85215368870655,41.10070616917118,16.85781948119896,41.1006949883477,16.857803447897922
flow_3_782,41.10149846212833,16.851184630435842,41.10098576297509,16.85215368870655,41.10063414181671,16.857890087546004,41.10064883435636,16.85805137424128
flow_3_783,41.10164696791585,16.849493004994628,41.10155429604601,16.849587453146114,41.1020203917021,16.84882687676746,41.10283007281504,16.84532742394581
flow_3_784,41.10164696791585,16.849493004994628,41.10155429604601,16.849587453146114,41.101351288963656,16.848014927829535,41.09728164732345,16.84307858160294
flow_3_785,41.10164696791585,16.849493004994628,41.10155429604601,16.849587453146114,41.09421243463567,16.847594276471863,41.09371087307764,16.849291052198975
flow_3_786,41.10164696791585,16.849493004994628,41.10155429604601,16.849587453146114,41.09457433490167,16.847640377504526,41.09431864060897,16.848868036711348
flow_3_787,41.10164696791585,16.849493004994628,41.10155429604601,16.849587453146114,41.097596631773314,16.853609114834843,41.09633260091152,16.853055976599734
flow_3_788,41.10164696791585,16.849493004994628,41.10155429604601,16.849587453146114,41.100848149229584,16.852617317751818,41.10207566988899,16.852506071608552
flow_3_789,41.10164696791585,16.849493004994628,41.10155429604601,16.849587453146114,41.09921039349766,16.857093476263653,41.09931390026017,16.857131876843294
flow_3_790,41.10164696791585,16.849493004994628,41.10155429604601,16.849587453146114,41.0948531829976,16.854625234616556,41.09474852794223,16.854546207025674
flow_3_791,41.10164696791585,16.849493004994628,41.10155429604601,16.849587453146114,41.097795170327615,16.8527908424273,41.09810151193486,16.852930909234342
flow_3_792,41.10164696791585,16.849493004994628,41.10155429604601,16.849587453146114,41.10098576297509,16.85215368870655,41.10069399901464,16.852501766897987
flow_3_793,41.10164696791585,16.849493004994628,41.10155429604601,16.849587453146114,41.10069399901464,16.852501766897987,41.10014423546408,16.85343368091778
flow_3_794,41.10164696791585,16.849493004994628,41.10155429604601,16.849587453146114,41.10149846212833,16.851184630435842,41.10098576297509,16.85215368870655
flow_3_795,41.10164696791585,16.849493004994628,41.10155429604601,16.849587453146114,41.10226128050579,16.84991892625057,41.10236609957379,16.849769208287043
flow_3_796,41.10164696791585,16.849493004994628,41.10155429604601,16.849587453146114,41.101441674211465,16.850060366797287,41.10162574873644,16.85043277210701
flow_3_797,41.10164696791585,16.849493004994628,41.10155429604601,16.849587453146114,41.10187323450664,16.850519265700957,41.10226128050579,16.84991892625057
flow_3_798,41.10164696791585,16.849493004994628,41.10155429604601,16.849587453146114,41.10226128050579,16.84991892625057,41.10212098795253,16.849557273781752
flow_3_799,41.10164696791585,16.849493004994628,41.10155429604601,16.849587453146114,41.10202949742299,16.849477185555482,41.101893052359,16.84942560576533
flow_3_800,41.10164696791585,16.849493004994628,41.10155429604601,16.849587453146114,41.09848309553264,16.84824790691432,41.09797137080637,16.849701951782066
flow_3_801,41.10164696791585,16.849493004994628,41.10155429604601,16.849587453146114,41.10178918891531,16.848691071158175,41.10226374108996,16.849199159034608
flow_3_802,41.10164696791585,16.849493004994628,41.10155429604601,16.849587453146114,41.10064507934617,16.857798349652736,41.10063306420042,16.857811704770633
flow_3_803,41.10164696791585,16.849493004994628,41.10155429604601,16.849587453146114,41.100629061952446,16.857881132677438,41.10063414181671,16.857890087546004
flow_3_804,41.10164696791585,16.849493004994628,41.10155429604601,16.849587453146114,41.098013091446674,16.85068225103151,41.09797643244636,16.850614898699735
flow_3_805,41.10164696791585,16.849493004994628,41.10155429604601,16.849587453146114,41.09356405619404,16.847281183170747,41.09213809529099,16.84656162436391
flow_3_806,41.10164696791585,16.849493004994628,41.10155429604601,16.849587453146114,41.09874388317417,16.854662669666943,41.098789979203126,16.85480947432754
flow_3_807,41.10164696791585,16.849493004994628,41.10155429604601,16.849587453146114,41.098805360878,16.854883494497827,41.09862690423968,16.855801764244642
flow_3_808,41.10164696791585,16.849493004994628,41.10155429604601,16.849587453146114,41.09878814926408,16.854279784852835,41.0989742370114,16.854319313351734
flow_3_809,41.10164696791585,16.849493004994628,41.10155429604601,16.849587453146114,41.09688679894607,16.854222009568716,41.09667063802659,16.854136985818336
flow_3_810,41.10164696791585,16.849493004994628,41.10155429604601,16.849587453146114,41.09356405619404,16.847281183170747,41.09287653741932,16.849676627626383
flow_3_811,41.10164696791585,16.849493004994628,41.10155429604601,16.849587453146114,41.09319536694794,16.85029565321274,41.0917515465328,16.847973810087527
flow_3_812,41.10164696791585,16.849493004994628,41.10155429604601,16.849587453146114,41.0938910066973,16.847467751127233,41.09338157090906,16.849228712157455
flow_3_813,41.10164696791585,16.849493004994628,41.10155429604601,16.849587453146114,41.10000725075745,16.85310225196114,41.1000373248635,16.852957349061356
flow_3_814,41.10164696791585,16.849493004994628,41.10155429604601,16.849587453146114,41.09576913015391,16.84786199393714,41.095624082715545,16.84873938546676
flow_3_815,41.10164696791585,16.849493004994628,41.10155429604601,16.849587453146114,41.09571950027065,16.85485011877157,41.09580139620255,16.854871355035236
flow_3_816,41.10164696791585,16.849493004994628,41.10155429604601,16.849587453146114,41.10133204390066,16.849662784092665,41.09702231047879,16.849934177393052
flow_3_817,41.10164696791585,16.849493004994628,41.10155429604601,16.849587453146114,41.09658937779303,16.849970011954603,41.09319536694794,16.85029565321274
flow_3_818,41.10164696791585,16.849493004994628,41.10155429604601,16.849587453146114,41.09319536694794,16.85029565321274,41.09203558768891,16.85040097506566
flow_3_819,41.10164696791585,16.849493004994628,41.10155429604601,16.849587453146114,41.09985490494118,16.854363380911906,41.10001879906208,16.854259633484794
flow_3_820,41.10164696791585,16.849493004994628,41.10155429604601,16.849587453146114,41.1000081660962,16.854092033262692,41.09998736076528,16.85405834499595
flow_3_821,41.10164696791585,16.849493004994628,41.10155429604601,16.849587453146114,41.0998657906448,16.854011700784426,41.0997840764074,16.85407989459394
flow_3_822,41.10164696791585,16.849493004994628,41.10155429604601,16.849587453146114,41.09878814926408,16.854279784852835,41.0987411443374,16.8542061850138
flow_3_823,41.10164696791585,16.849493004994628,41.10155429604601,16.849587453146114,41.09857803984875,16.854216123443177,41.09850337325547,16.85422140542611
flow_3_824,41.10164696791585,16.849493004994628,41.10155429604601,16.849587453146114,41.09744212400728,16.854310502764104,41.097366852073485,16.854314219647932
flow_3_825,41.10164696791585,16.849493004994628,41.10155429604601,16.849587453146114,41.10067445887713,16.85790908558486,41.100701898736745,16.85788878254526
flow_3_826,41.10164696791585,16.849493004994628,41.10155429604601,16.849587453146114,41.10070616917118,16.85781948119896,41.1006949883477,16.857803447897922
flow_3_827,41.10164696791585,16.849493004994628,41.10155429604601,16.849587453146114,41.10063414181671,16.857890087546004,41.10064883435636,16.85805137424128
flow_3_828,41.101441674211465,16.850060366797287,41.10162574873644,16.85043277210701,41.1020203917021,16.84882687676746,41.10283007281504,16.84532742394581
flow_3_829,41.101441674211465,16.850060366797287,41.10162574873644,16.85043277210701,41.101351288963656,16.848014927829535,41.09728164732345,16.84307858160294
flow_3_830,41.101441674211465,16.850060366797287,41.10162574873644,16.85043277210701,41.09421243463567,16.847594276471863,41.09371087307764,16.849291052198975
flow_3_831,41.101441674211465,16.850060366797287,41.10162574873644,16.85043277210701,41.09457433490167,16.847640377504526,41.09431864060897,16.848868036711348
flow_3_832,41.101441674211465,16.850060366797287,41.10162574873644,16.85043277210701,41.097596631773314,16.853609114834843,41.09633260091152,16.853055976599734
flow_3_833,41.101441674211465,16.850060366797287,41.10162574873644,16.85043277210701,41.100848149229584,16.852617317751818,41.10207566988899,16.852506071608552
flow_3_834,41.101441674211465,16.850060366797287,41.10162574873644,16.85043277210701,41.09921039349766,16.857093476263653,41.09931390026017,16.857131876843294
flow_3_835,41.101441674211465,16.850060366797287,41.10162574873644,16.85043277210701,41.0948531829976,16.854625234616556,41.09474852794223,16.854546207025674
flow_3_836,41.101441674211465,16.850060366797287,41.10162574873644,16.85043277210701,41.097795170327615,16.8527908424273,41.09810151193486,16.852930909234342
flow_3_837,41.101441674211465,16.850060366797287,41.10162574873644,16.85043277210701,41.10098576297509,16.85215368870655,41.10069399901464,16.852501766897987
flow_3_838,41.101441674211465,16.850060366797287,41.10162574873644,16.85043277210701,41.10069399901464,16.852501766897987,41.10014423546408,16.85343368091778
flow_3_839,41.101441674211465,16.850060366797287,41.10162574873644,16.85043277210701,41.10149846212833,16.851184630435842,41.10098576297509,16.85215368870655
flow_3_840,41.101441674211465,16.850060366797287,41.10162574873644,16.85043277210701,41.10226128050579,16.84991892625057,41.10236609957379,16.849769208287043
flow_3_841,41.101441674211465,16.850060366797287,41.10162574873644,16.85043277210701,41.10164696791585,16.849493004994628,41.10155429604601,16.849587453146114
flow_3_842,41.101441674211465,16.850060366797287,41.10162574873644,16.85043277210701,41.10187323450664,16.850519265700957,41.10226128050579,16.84991892625057
flow_3_843,41.101441674211465,16.850060366797287,41.10162574873644,16.85043277210701,41.10226128050579,16.84991892625057,41.10212098795253,16.849557273781752
flow_3_844,41.101441674211465,16.850060366797287,41.10162574873644,16.85043277210701,41.10202949742299,16.849477185555482,41.101893052359,16.84942560576533
flow_3_845,41.101441674211465,16.850060366797287,41.10162574873644,16.85043277210701,41.09848309553264,16.84824790691432,41.09797137080637,16.849701951782066
flow_3_846,41.101441674211465,16.850060366797287,41.10162574873644,16.85043277210701,41.10178918891531,16.848691071158175,41.10226374108996,16.849199159034608
flow_3_847,41.101441674211465,16.850060366797287,41.10162574873644,16.85043277210701,41.10064507934617,16.857798349652736,41.10063306420042,16.857811704770633
flow_3_848,41.101441674211465,16.850060366797287,41.10162574873644,16.85043277210701,41.100629061952446,16.857881132677438,41.10063414181671,16.857890087546004
flow_3_849,41.101441674211465,16.850060366797287,41.10162574873644,16.85043277210701,41.098013091446674,16.85068225103151,41.09797643244636,16.850614898699735
flow_3_850,41.101441674211465,16.850060366797287,41.10162574873644,16.85043277210701,41.09356405619404,16.847281183170747,41.09213809529099,16.84656162436391
flow_3_851,41.101441674211465,16.850060366797287,41.10162574873644,16.85043277210701,41.09874388317417,16.854662669666943,41.098789979203126,16.85480947432754
flow_3_852,41.101441674211465,16.850060366797287,41.10162574873644,16.85043277210701,41.098805360878,16.854883494497827,41.09862690423968,16.855801764244642
flow_3_853,41.101441674211465,16.850060366797287,41.10162574873644,16.85043277210701,41.09878814926408,16.854279784852835,41.0989742370114,16.854319313351734
flow_3_854,41.101441674211465,16.850060366797287,41.10162574873644,16.85043277210701,41.09688679894607,16.854222009568716,41.09667063802659,16.854136985818336
flow_3_855,41.101441674211465,16.850060366797287,41.10162574873644,16.85043277210701,41.09356405619404,16.847281183170747,41.09287653741932,16.849676627626383
flow_3_856,41.101441674211465,16.850060366797287,41.10162574873644,16.85043277210701,41.09319536694794,16.85029565321274,41.0917515465328,16.847973810087527
flow_3_857,41.101441674211465,16.850060366797287,41.10162574873644,16.85043277210701,41.0938910066973,16.847467751127233,41.09338157090906,16.849228712157455
flow_3_858,41.101441674211465,16.850060366797287,41.10162574873644,16.85043277210701,41.10000725075745,16.85310225196114,41.1000373248635,16.852957349061356
flow_3_859,41.101441674211465,16.850060366797287,41.10162574873644,16.85043277210701,41.09576913015391,16.84786199393714,41.095624082715545,16.84873938546676
flow_3_860,41.101441674211465,16.850060366797287,41.10162574873644,16.85043277210701,41.09571950027065,16.85485011877157,41.09580139620255,16.854871355035236
flow_3_861,41.101441674211465,16.850060366797287,41.10162574873644,16.85043277210701,41.10133204390066,16.849662784092665,41.09702231047879,16.849934177393052
flow_3_862,41.101441674211465,16.850060366797287,41.10162574873644,16.85043277210701,41.09658937779303,16.849970011954603,41.09319536694794,16.85029565321274
flow_3_863,41.101441674211465,16.850060366797287,41.10162574873644,16.85043277210701,41.09319536694794,16.85029565321274,41.09203558768891,16.85040097506566
flow_3_864,41.101441674211465,16.850060366797287,41.10162574873644,16.85043277210701,41.09985490494118,16.854363380911906,41.10001879906208,16.854259633484794
flow_3_865,41.101441674211465,16.850060366797287,41.10162574873644,16.85043277210701,41.1000081660962,16.854092033262692,41.09998736076528,16.85405834499595
flow_3_866,41.101441674211465,16.850060366797287,41.10162574873644,16.85043277210701,41.0998657906448,16.854011700784426,41.0997840764074,16.85407989459394
flow_3_867,41.101441674211465,16.850060366797287,41.10162574873644,16.85043277210701,41.09878814926408,16.854279784852835,41.0987411443374,16.8542061850138
flow_3_868,41.101441674211465,16.850060366797287,41.10162574873644,16.85043277210701,41.09857803984875,16.854216123443177,41.09850337325547,16.85422140542611
flow_3_869,41.101441674211465,16.850060366797287,41.10162574873644,16.85043277210701,41.09744212400728,16.854310502764104,41.097366852073485,16.854314219647932
flow_3_870,41.101441674211465,16.850060366797287,41.10162574873644,16.85043277210701,41.10067445887713,16.85790908558486,41.100701898736745,16.85788878254526
flow_3_871,41.101441674211465,16.850060366797287,41.10162574873644,16.85043277210701,41.10070616917118,16.85781948119896,41.1006949883477,16.857803447897922
flow_3_872,41.101441674211465,16.850060366797287,41.10162574873644,16.85043277210701,41.10063414181671,16.857890087546004,41.10064883435636,16.85805137424128
flow_3_873,41.10187323450664,16.850519265700957,41.10226128050579,16.84991892625057,41.1020203917021,16.84882687676746,41.10283007281504,16.84532742394581
flow_3_874,41.10187323450664,16.850519265700957,41.10226128050579,16.84991892625057,41.101351288963656,16.848014927829535,41.09728164732345,16.84307858160294
flow_3_875,41.10187323450664,16.850519265700957,41.10226128050579,16.84991892625057,41.09421243463567,16.847594276471863,41.09371087307764,16.849291052198975
flow_3_876,41.10187323450664,16.850519265700957,41.10226128050579,16.84991892625057,41.09457433490167,16.847640377504526,41.09431864060897,16.848868036711348
flow_3_877,41.10187323450664,16.850519265700957,41.10226128050579,16.84991892625057,41.097596631773314,16.853609114834843,41.09633260091152,16.853055976599734
flow_3_878,41.10187323450664,16.850519265700957,41.10226128050579,16.84991892625057,41.100848149229584,16.852617317751818,41.10207566988899,16.852506071608552
flow_3_879,41.10187323450664,16.850519265700957,41.10226128050579,16.84991892625057,41.09921039349766,16.857093476263653,41.09931390026017,16.857131876843294
flow_3_880,41.10187323450664,16.850519265700957,41.10226128050579,16.84991892625057,41.0948531829976,16.854625234616556,41.09474852794223,16.854546207025674
flow_3_881,41.10187323450664,16.850519265700957,41.10226128050579,16.84991892625057,41.097795170327615,16.8527908424273,41.09810151193486,16.852930909234342
flow_3_882,41.10187323450664,16.850519265700957,41.10226128050579,16.84991892625057,41.10098576297509,16.85215368870655,41.10069399901464,16.852501766897987
flow_3_883,41.10187323450664,16.850519265700957,41.10226128050579,16.84991892625057,41.10069399901464,16.852501766897987,41.10014423546408,16.85343368091778
flow_3_884,41.10187323450664,16.850519265700957,41.10226128050579,16.84991892625057,41.10149846212833,16.851184630435842,41.10098576297509,16.85215368870655
flow_3_885,41.10187323450664,16.850519265700957,41.10226128050579,16.84991892625057,41.10226128050579,16.84991892625057,41.10236609957379,16.849769208287043
flow_3_886,41.10187323450664,16.850519265700957,41.10226128050579,16.84991892625057,41.10164696791585,16.849493004994628,41.10155429604601,16.849587453146114
flow_3_887,41.10187323450664,16.850519265700957,41.10226128050579,16.84991892625057,41.101441674211465,16.850060366797287,41.10162574873644,16.85043277210701
flow_3_888,41.10187323450664,16.850519265700957,41.10226128050579,16.84991892625057,41.10226128050579,16.84991892625057,41.10212098795253,16.849557273781752
flow_3_889,41.10187323450664,16.850519265700957,41.10226128050579,16.84991892625057,41.10202949742299,16.849477185555482,41.101893052359,16.84942560576533
flow_3_890,41.10187323450664,16.850519265700957,41.10226128050579,16.84991892625057,41.09848309553264,16.84824790691432,41.09797137080637,16.849701951782066
flow_3_891,41.10187323450664,16.850519265700957,41.10226128050579,16.84991892625057,41.10178918891531,16.848691071158175,41.10226374108996,16.849199159034608
flow_3_892,41.10187323450664,16.850519265700957,41.10226128050579,16.84991892625057,41.10064507934617,16.857798349652736,41.10063306420042,16.857811704770633
flow_3_893,41.10187323450664,16.850519265700957,41.10226128050579,16.84991892625057,41.100629061952446,16.857881132677438,41.10063414181671,16.857890087546004
flow_3_894,41.10187323450664,16.850519265700957,41.10226128050579,16.84991892625057,41.098013091446674,16.85068225103151,41.09797643244636,16.850614898699735
flow_3_895,41.10187323450664,16.850519265700957,41.10226128050579,16.84991892625057,41.09356405619404,16.847281183170747,41.09213809529099,16.84656162436391
flow_3_896,41.10187323450664,16.850519265700957,41.10226128050579,16.84991892625057,41.09874388317417,16.854662669666943,41.098789979203126,16.85480947432754
flow_3_897,41.10187323450664,16.850519265700957,41.10226128050579,16.84991892625057,41.098805360878,16.854883494497827,41.09862690423968,16.855801764244642
flow_3_898,41.10187323450664,16.850519265700957,41.10226128050579,16.84991892625057,41.09878814926408,16.854279784852835,41.0989742370114,16.854319313351734
flow_3_899,41.10187323450664,16.850519265700957,41.10226128050579,16.84991892625057,41.09688679894607,16.854222009568716,41.09667063802659,16.854136985818336
flow_3_900,41.10187323450664,16.850519265700957,41.10226128050579,16.84991892625057,41.09356405619404,16.847281183170747,41.09287653741932,16.849676627626383
flow_3_901,41.10187323450664,16.850519265700957,41.10226128050579,16.84991892625057,41.09319536694794,16.85029565321274,41.0917515465328,16.847973810087527
flow_3_902,41.10187323450664,16.850519265700957,41.10226128050579,16.84991892625057,41.0938910066973,16.847467751127233,41.09338157090906,16.849228712157455
flow_3_903,41.10187323450664,16.850519265700957,41.10226128050579,16.84991892625057,41.10000725075745,16.85310225196114,41.1000373248635,16.852957349061356
flow_3_904,41.10187323450664,16.850519265700957,41.10226128050579,16.84991892625057,41.09576913015391,16.84786199393714,41.095624082715545,16.84873938546676
flow_3_905,41.10187323450664,16.850519265700957,41.10226128050579,16.84991892625057,41.09571950027065,16.85485011877157,41.09580139620255,16.854871355035236
flow_3_906,41.10187323450664,16.850519265700957,41.10226128050579,16.84991892625057,41.10133204390066,16.849662784092665,41.09702231047879,16.849934177393052
flow_3_907,41.10187323450664,16.850519265700957,41.10226128050579,16.84991892625057,41.09658937779303,16.849970011954603,41.09319536694794,16.85029565321274
flow_3_908,41.10187323450664,16.850519265700957,41.10226128050579,16.84991892625057,41.09319536694794,16.85029565321274,41.09203558768891,16.85040097506566
flow_3_909,41.10187323450664,16.850519265700957,41.10226128050579,16.84991892625057,41.09985490494118,16.854363380911906,41.10001879906208,16.854259633484794
flow_3_910,41.10187323450664,16.850519265700957,41.10226128050579,16.84991892625057,41.1000081660962,16.854092033262692,41.09998736076528,16.85405834499595
flow_3_911,41.10187323450664,16.850519265700957,41.10226128050579,16.84991892625057,41.0998657906448,16.854011700784426,41.0997840764074,16.85407989459394
flow_3_912,41.10187323450664,16.850519265700957,41.10226128050579,16.84991892625057,41.09878814926408,16.854279784852835,41.0987411443374,16.8542061850138
flow_3_913,41.10187323450664,16.850519265700957,41.10226128050579,16.84991892625057,41.09857803984875,16.854216123443177,41.09850337325547,16.85422140542611
flow_3_914,41.10187323450664,16.850519265700957,41.10226128050579,16.84991892625057,41.09744212400728,16.854310502764104,41.097366852073485,16.854314219647932
flow_3_915,41.10187323450664,16.850519265700957,41.10226128050579,16.84991892625057,41.10067445887713,16.85790908558486,41.100701898736745,16.85788878254526
flow_3_916,41.10187323450664,16.850519265700957,41.10226128050579,16.84991892625057,41.10070616917118,16.85781948119896,41.1006949883477,16.857803447897922
flow_3_917,41.10187323450664,16.850519265700957,41.10226128050579,16.84991892625057,41.10063414181671,16.857890087546004,41.10064883435636,16.85805137424128
flow_3_918,41.10212098795253,16.849557273781752,41.10202949742299,16.849477185555482,41.1020203917021,16.84882687676746,41.10283007281504,16.84532742394581
flow_3_919,41.10212098795253,16.849557273781752,41.10202949742299,16.849477185555482,41.101351288963656,16.848014927829535,41.09728164732345,16.84307858160294
flow_3_920,41.10212098795253,16.849557273781752,41.10202949742299,16.849477185555482,41.09421243463567,16.847594276471863,41.09371087307764,16.849291052198975
flow_3_921,41.10212098795253,16.849557273781752,41.10202949742299,16.849477185555482,41.09457433490167,16.847640377504526,41.09431864060897,16.848868036711348
flow_3_922,41.10212098795253,16.849557273781752,41.10202949742299,16.849477185555482,41.097596631773314,16.853609114834843,41.09633260091152,16.853055976599734
flow_3_923,41.10212098795253,16.849557273781752,41.10202949742299,16.849477185555482,41.100848149229584,16.852617317751818,41.10207566988899,16.852506071608552
flow_3_924,41.10212098795253,16.849557273781752,41.10202949742299,16.849477185555482,41.09921039349766,16.857093476263653,41.09931390026017,16.857131876843294
flow_3_925,41.10212098795253,16.849557273781752,41.10202949742299,16.849477185555482,41.0948531829976,16.854625234616556,41.09474852794223,16.854546207025674
flow_3_926,41.10212098795253,16.849557273781752,41.10202949742299,16.849477185555482,41.097795170327615,16.8527908424273,41.09810151193486,16.852930909234342
flow_3_927,41.10212098795253,16.849557273781752,41.10202949742299,16.849477185555482,41.10098576297509,16.85215368870655,41.10069399901464,16.852501766897987
flow_3_928,41.10212098795253,16.849557273781752,41.10202949742299,16.849477185555482,41.10069399901464,16.852501766897987,41.10014423546408,16.85343368091778
flow_3_929,41.10212098795253,16.849557273781752,41.10202949742299,16.849477185555482,41.10149846212833,16.851184630435842,41.10098576297509,16.85215368870655
flow_3_930,41.10212098795253,16.849557273781752,41.10202949742299,16.849477185555482,41.10226128050579,16.84991892625057,41.10236609957379,16.849769208287043
flow_3_931,41.10212098795253,16.849557273781752,41.10202949742299,16.849477185555482,41.10164696791585,16.849493004994628,41.10155429604601,16.849587453146114
flow_3_932,41.10212098795253,16.849557273781752,41.10202949742299,16.849477185555482,41.101441674211465,16.850060366797287,41.10162574873644,16.85043277210701
flow_3_933,41.10212098795253,16.849557273781752,41.10202949742299,16.849477185555482,41.10187323450664,16.850519265700957,41.10226128050579,16.84991892625057
flow_3_934,41.10212098795253,16.849557273781752,41.10202949742299,16.849477185555482,41.10226128050579,16.84991892625057,41.10212098795253,16.849557273781752
flow_3_935,41.10212098795253,16.849557273781752,41.10202949742299,16.849477185555482,41.10202949742299,16.849477185555482,41.101893052359,16.84942560576533
flow_3_936,41.10212098795253,16.849557273781752,41.10202949742299,16.849477185555482,41.09848309553264,16.84824790691432,41.09797137080637,16.849701951782066
flow_3_937,41.10212098795253,16.849557273781752,41.10202949742299,16.849477185555482,41.10178918891531,16.848691071158175,41.10226374108996,16.849199159034608
flow_3_938,41.10212098795253,16.849557273781752,41.10202949742299,16.849477185555482,41.10064507934617,16.857798349652736,41.10063306420042,16.857811704770633
flow_3_939,41.10212098795253,16.849557273781752,41.10202949742299,16.849477185555482,41.100629061952446,16.857881132677438,41.10063414181671,16.857890087546004
flow_3_940,41.10212098795253,16.849557273781752,41.10202949742299,16.849477185555482,41.098013091446674,16.85068225103151,41.09797643244636,16.850614898699735
flow_3_941,41.10212098795253,16.849557273781752,41.10202949742299,16.849477185555482,41.09356405619404,16.847281183170747,41.09213809529099,16.84656162436391
flow_3_942,41.10212098795253,16.849557273781752,41.10202949742299,16.849477185555482,41.09874388317417,16.854662669666943,41.098789979203126,16.85480947432754
flow_3_943,41.10212098795253,16.849557273781752,41.10202949742299,16.849477185555482,41.098805360878,16.854883494497827,41.09862690423968,16.855801764244642
flow_3_944,41.10212098795253,16.849557273781752,41.10202949742299,16.849477185555482,41.09878814926408,16.854279784852835,41.0989742370114,16.854319313351734
flow_3_945,41.10212098795253,16.849557273781752,41.10202949742299,16.849477185555482,41.09688679894607,16.854222009568716,41.09667063802659,16.854136985818336
flow_3_946,41.10212098795253,16.849557273781752,41.10202949742299,16.849477185555482,41.09356405619404,16.847281183170747,41.09287653741932,16.849676627626383
flow_3_947,41.10212098795253,16.849557273781752,41.10202949742299,16.849477185555482,41.09319536694794,16.85029565321274,41.0917515465328,16.847973810087527
flow_3_948,41.10212098795253,16.849557273781752,41.10202949742299,16.849477185555482,41.0938910066973,16.847467751127233,41.09338157090906,16.849228712157455
flow_3_949,41.10212098795253,16.849557273781752,41.10202949742299,16.849477185555482,41.10000725075745,16.85310225196114,41.1000373248635,16.852957349061356
flow_3_950,41.10212098795253,16.849557273781752,41.10202949742299,16.849477185555482,41.09576913015391,16.84786199393714,41.095624082715545,16.84873938546676
flow_3_951,41.10212098795253,16.849557273781752,41.10202949742299,16.849477185555482,41.09571950027065,16.85485011877157,41.09580139620255,16.854871355035236
flow_3_952,41.10212098795253,16.849557273781752,41.10202949742299,16.849477185555482,41.10133204390066,16.849662784092665,41.09702231047879,16.849934177393052
flow_3_953,41.10212098795253,16.849557273781752,41.10202949742299,16.849477185555482,41.09658937779303,16.849970011954603,41.09319536694794,16.85029565321274
flow_3_954,41.10212098795253,16.849557273781752,41.10202949742299,16.849477185555482,41.09319536694794,16.85029565321274,41.09203558768891,16.85040097506566
flow_3_955,41.10212098795253,16.849557273781752,41.10202949742299,16.849477185555482,41.09985490494118,16.854363380911906,41.10001879906208,16.854259633484794
flow_3_956,41.10212098795253,16.849557273781752,41.10202949742299,16.849477185555482,41.1000081660962,16.854092033262692,41.09998736076528,16.85405834499595
flow_3_957,41.10212098795253,16.849557273781752,41.10202949742299,16.849477185555482,41.0998657906448,16.854011700784426,41.0997840764074,16.85407989459394
flow_3_958,41.10212098795253,16.849557273781752,41.10202949742299,16.849477185555482,41.09878814926408,16.854279784852835,41.0987411443374,16.8542061850138
flow_3_959,41.10212098795253,16.849557273781752,41.10202949742299,16.849477185555482,41.09857803984875,16.854216123443177,41.09850337325547,16.85422140542611
flow_3_960,41.10212098795253,16.849557273781752,41.10202949742299,16.849477185555482,41.09744212400728,16.854310502764104,41.097366852073485,16.854314219647932
flow_3_961,41.10212098795253,16.849557273781752,41.10202949742299,16.849477185555482,41.10067445887713,16.85790908558486,41.100701898736745,16.85788878254526
flow_3_962,41.10212098795253,16.849557273781752,41.10202949742299,16.849477185555482,41.10070616917118,16.85781948119896,41.1006949883477,16.857803447897922
flow_3_963,41.10212098795253,16.849557273781752,41.10202949742299,16.849477185555482,41.10063414181671,16.857890087546004,41.10064883435636,16.85805137424128
flow_3_964,41.10202949742299,16.849477185555482,41.101893052359,16.84942560576533,41.1020203917021,16.84882687676746,41.10283007281504,16.84532742394581
flow_3_965,41.10202949742299,16.849477185555482,41.101893052359,16.84942560576533,41.101351288963656,16.848014927829535,41.09728164732345,16.84307858160294
flow_3_966,41.10202949742299,16.849477185555482,41.101893052359,16.84942560576533,41.09421243463567,16.847594276471863,41.09371087307764,16.849291052198975
flow_3_967,41.10202949742299,16.849477185555482,41.101893052359,16.84942560576533,41.09457433490167,16.847640377504526,41.09431864060897,16.848868036711348
flow_3_968,41.10202949742299,16.849477185555482,41.101893052359,16.84942560576533,41.097596631773314,16.853609114834843,41.09633260091152,16.853055976599734
flow_3_969,41.10202949742299,16.849477185555482,41.101893052359,16.84942560576533,41.100848149229584,16.852617317751818,41.10207566988899,16.852506071608552
flow_3_970,41.10202949742299,16.849477185555482,41.101893052359,16.84942560576533,41.09921039349766,16.857093476263653,41.09931390026017,16.857131876843294
flow_3_971,41.10202949742299,16.849477185555482,41.101893052359,16.84942560576533,41.0948531829976,16.854625234616556,41.09474852794223,16.854546207025674
flow_3_972,41.10202949742299,16.849477185555482,41.101893052359,16.84942560576533,41.097795170327615,16.8527908424273,41.09810151193486,16.852930909234342
flow_3_973,41.10202949742299,16.849477185555482,41.101893052359,16.84942560576533,41.10098576297509,16.85215368870655,41.10069399901464,16.852501766897987
flow_3_974,41.10202949742299,16.849477185555482,41.101893052359,16.84942560576533,41.10069399901464,16.852501766897987,41.10014423546408,16.85343368091778
flow_3_975,41.10202949742299,16.849477185555482,41.101893052359,16.84942560576533,41.10149846212833,16.851184630435842,41.10098576297509,16.85215368870655
flow_3_976,41.10202949742299,16.849477185555482,41.101893052359,16.84942560576533,41.10226128050579,16.84991892625057,41.10236609957379,16.849769208287043
flow_3_977,41.10202949742299,16.849477185555482,41.101893052359,16.84942560576533,41.10164696791585,16.849493004994628,41.10155429604601,16.849587453146114
flow_3_978,41.10202949742299,16.849477185555482,41.101893052359,16.84942560576533,41.101441674211465,16.850060366797287,41.10162574873644,16.85043277210701
flow_3_979,41.10202949742299,16.849477185555482,41.101893052359,16.84942560576533,41.10187323450664,16.850519265700957,41.10226128050579,16.84991892625057
flow_3_980,41.10202949742299,16.849477185555482,41.101893052359,16.84942560576533,41.10226128050579,16.84991892625057,41.10212098795253,16.849557273781752
flow_3_981,41.10202949742299,16.849477185555482,41.101893052359,16.84942560576533,41.09848309553264,16.84824790691432,41.09797137080637,16.849701951782066
flow_3_982,41.10202949742299,16.849477185555482,41.101893052359,16.84942560576533,41.10178918891531,16.848691071158175,41.10226374108996,16.849199159034608
flow_3_983,41.10202949742299,16.849477185555482,41.101893052359,16.84942560576533,41.10064507934617,16.857798349652736,41.10063306420042,16.857811704770633
flow_3_984,41.10202949742299,16.849477185555482,41.101893052359,16.84942560576533,41.100629061952446,16.857881132677438,41.10063414181671,16.857890087546004
flow_3_985,41.10202949742299,16.849477185555482,41.101893052359,16.84942560576533,41.098013091446674,16.85068225103151,41.09797643244636,16.850614898699735
flow_3_986,41.10202949742299,16.849477185555482,41.101893052359,16.84942560576533,41.09356405619404,16.847281183170747,41.09213809529099,16.84656162436391
flow_3_987,41.10202949742299,16.849477185555482,41.101893052359,16.84942560576533,41.09874388317417,16.854662669666943,41.098789979203126,16.85480947432754
flow_3_988,41.10202949742299,16.849477185555482,41.101893052359,16.84942560576533,41.098805360878,16.854883494497827,41.09862690423968,16.855801764244642
flow_3_989,41.10202949742299,16.849477185555482,41.101893052359,16.84942560576533,41.09878814926408,16.854279784852835,41.0989742370114,16.854319313351734
flow_3_990,41.10202949742299,16.849477185555482,41.101893052359,16.84942560576533,41.09688679894607,16.854222009568716,41.09667063802659,16.854136985818336
flow_3_991,41.10202949742299,16.849477185555482,41.101893052359,16.84942560576533,41.09356405619404,16.847281183170747,41.09287653741932,16.849676627626383
flow_3_992,41.10202949742299,16.849477185555482,41.101893052359,16.84942560576533,41.09319536694794,16.85029565321274,41.0917515465328,16.847973810087527
flow_3_993,41.10202949742299,16.849477185555482,41.101893052359,16.84942560576533,41.0938910066973,16.847467751127233,41.09338157090906,16.849228712157455
flow_3_994,41.10202949742299,16.849477185555482,41.101893052359,16.84942560576533,41.10000725075745,16.85310225196114,41.1000373248635,16.852957349061356
flow_3_995,41.10202949742299,16.849477185555482,41.101893052359,16.84942560576533,41.09576913015391,16.84786199393714,41.095624082715545,16.84873938546676
flow_3_996,41.10202949742299,16.849477185555482,41.101893052359,16.84942560576533,41.09571950027065,16.85485011877157,41.09580139620255,16.854871355035236
flow_3_997,41.10202949742299,16.849477185555482,41.101893052359,16.84942560576533,41.10133204390066,16.849662784092665,41.09702231047879,16.849934177393052
flow_3_998,41.10202949742299,16.849477185555482,41.101893052359,16.84942560576533,41.09658937779303,16.849970011954603,41.09319536694794,16.85029565321274
flow_3_999,41.10202949742299,16.849477185555482,41.101893052359,16.84942560576533,41.09319536694794,16.85029565321274,41.09203558768891,16.85040097506566
flow_3_1000,41.10202949742299,16.849477185555482,41.101893052359,16.84942560576533,41.09985490494118,16.854363380911906,41.10001879906208,16.854259633484794
flow_3_1001,41.10202949742299,16.849477185555482,41.101893052359,16.84942560576533,41.1000081660962,16.854092033262692,41.09998736076528,16.85405834499595
flow_3_1002,41.10202949742299,16.849477185555482,41.101893052359,16.84942560576533,41.0998657906448,16.854011700784426,41.0997840764074,16.85407989459394
flow_3_1003,41.10202949742299,16.849477185555482,41.101893052359,16.84942560576533,41.09878814926408,16.854279784852835,41.0987411443374,16.8542061850138
flow_3_1004,41.10202949742299,16.849477185555482,41.101893052359,16.84942560576533,41.09857803984875,16.854216123443177,41.09850337325547,16.85422140542611
flow_3_1005,41.10202949742299,16.849477185555482,41.101893052359,16.84942560576533,41.09744212400728,16.854310502764104,41.097366852073485,16.854314219647932
flow_3_1006,41.10202949742299,16.849477185555482,41.101893052359,16.84942560576533,41.10067445887713,16.85790908558486,41.100701898736745,16.85788878254526
flow_3_1007,41.10202949742299,16.849477185555482,41.101893052359,16.84942560576533,41.10070616917118,16.85781948119896,41.1006949883477,16.857803447897922
flow_3_1008,41.10202949742299,16.849477185555482,41.101893052359,16.84942560576533,41.10063414181671,16.857890087546004,41.10064883435636,16.85805137424128
flow_3_1009,41.10064507934617,16.857798349652736,41.10063306420042,16.857811704770633,41.1020203917021,16.84882687676746,41.10283007281504,16.84532742394581
flow_3_1010,41.10064507934617,16.857798349652736,41.10063306420042,16.857811704770633,41.101351288963656,16.848014927829535,41.09728164732345,16.84307858160294
flow_3_1011,41.10064507934617,16.857798349652736,41.10063306420042,16.857811704770633,41.09421243463567,16.847594276471863,41.09371087307764,16.849291052198975
flow_3_1012,41.10064507934617,16.857798349652736,41.10063306420042,16.857811704770633,41.09457433490167,16.847640377504526,41.09431864060897,16.848868036711348
flow_3_1013,41.10064507934617,16.857798349652736,41.10063306420042,16.857811704770633,41.097596631773314,16.853609114834843,41.09633260091152,16.853055976599734
flow_3_1014,41.10064507934617,16.857798349652736,41.10063306420042,16.857811704770633,41.100848149229584,16.852617317751818,41.10207566988899,16.852506071608552
flow_3_1015,41.10064507934617,16.857798349652736,41.10063306420042,16.857811704770633,41.09921039349766,16.857093476263653,41.09931390026017,16.857131876843294
flow_3_1016,41.10064507934617,16.857798349652736,41.10063306420042,16.857811704770633,41.0948531829976,16.854625234616556,41.09474852794223,16.854546207025674
flow_3_1017,41.10064507934617,16.857798349652736,41.10063306420042,16.857811704770633,41.097795170327615,16.8527908424273,41.09810151193486,16.852930909234342
flow_3_1018,41.10064507934617,16.857798349652736,41.10063306420042,16.857811704770633,41.10098576297509,16.85215368870655,41.10069399901464,16.852501766897987
flow_3_1019,41.10064507934617,16.857798349652736,41.10063306420042,16.857811704770633,41.10069399901464,16.852501766897987,41.10014423546408,16.85343368091778
flow_3_1020,41.10064507934617,16.857798349652736,41.10063306420042,16.857811704770633,41.10149846212833,16.851184630435842,41.10098576297509,16.85215368870655
flow_3_1021,41.10064507934617,16.857798349652736,41.10063306420042,16.857811704770633,41.10226128050579,16.84991892625057,41.10236609957379,16.849769208287043
flow_3_1022,41.10064507934617,16.857798349652736,41.10063306420042,16.857811704770633,41.10164696791585,16.849493004994628,41.10155429604601,16.849587453146114
flow_3_1023,41.10064507934617,16.857798349652736,41.10063306420042,16.857811704770633,41.101441674211465,16.850060366797287,41.10162574873644,16.85043277210701
flow_3_1024,41.10064507934617,16.857798349652736,41.10063306420042,16.857811704770633,41.10187323450664,16.850519265700957,41.10226128050579,16.84991892625057
flow_3_1025,41.10064507934617,16.857798349652736,41.10063306420042,16.857811704770633,41.10226128050579,16.84991892625057,41.10212098795253,16.849557273781752
flow_3_1026,41.10064507934617,16.857798349652736,41.10063306420042,16.857811704770633,41.10202949742299,16.849477185555482,41.101893052359,16.84942560576533
flow_3_1027,41.10064507934617,16.857798349652736,41.10063306420042,16.857811704770633,41.09848309553264,16.84824790691432,41.09797137080637,16.849701951782066
flow_3_1028,41.10064507934617,16.857798349652736,41.10063306420042,16.857811704770633,41.10178918891531,16.848691071158175,41.10226374108996,16.849199159034608
flow_3_1029,41.10064507934617,16.857798349652736,41.10063306420042,16.857811704770633,41.100629061952446,16.857881132677438,41.10063414181671,16.857890087546004
flow_3_1030,41.10064507934617,16.857798349652736,41.10063306420042,16.857811704770633,41.098013091446674,16.85068225103151,41.09797643244636,16.850614898699735
flow_3_1031,41.10064507934617,16.857798349652736,41.10063306420042,16.857811704770633,41.09356405619404,16.847281183170747,41.09213809529099,16.84656162436391
flow_3_1032,41.10064507934617,16.857798349652736,41.10063306420042,16.857811704770633,41.09874388317417,16.854662669666943,41.098789979203126,16.85480947432754
flow_3_1033,41.10064507934617,16.857798349652736,41.10063306420042,16.857811704770633,41.098805360878,16.854883494497827,41.09862690423968,16.855801764244642
flow_3_1034,41.10064507934617,16.857798349652736,41.10063306420042,16.857811704770633,41.09878814926408,16.854279784852835,41.0989742370114,16.854319313351734
flow_3_1035,41.10064507934617,16.857798349652736,41.10063306420042,16.857811704770633,41.09688679894607,16.854222009568716,41.09667063802659,16.854136985818336
flow_3_1036,41.10064507934617,16.857798349652736,41.10063306420042,16.857811704770633,41.09356405619404,16.847281183170747,41.09287653741932,16.849676627626383
flow_3_1037,41.10064507934617,16.857798349652736,41.10063306420042,16.857811704770633,41.09319536694794,16.85029565321274,41.0917515465328,16.847973810087527
flow_3_1038,41.10064507934617,16.857798349652736,41.10063306420042,16.857811704770633,41.0938910066973,16.847467751127233,41.09338157090906,16.849228712157455
flow_3_1039,41.10064507934617,16.857798349652736,41.10063306420042,16.857811704770633,41.10000725075745,16.85310225196114,41.1000373248635,16.852957349061356
flow_3_1040,41.10064507934617,16.857798349652736,41.10063306420042,16.857811704770633,41.09576913015391,16.84786199393714,41.095624082715545,16.84873938546676
flow_3_1041,41.10064507934617,16.857798349652736,41.10063306420042,16.857811704770633,41.09571950027065,16.85485011877157,41.09580139620255,16.854871355035236
flow_3_1042,41.10064507934617,16.857798349652736,41.10063306420042,16.857811704770633,41.10133204390066,16.849662784092665,41.09702231047879,16.849934177393052
flow_3_1043,41.10064507934617,16.857798349652736,41.10063306420042,16.857811704770633,41.09658937779303,16.849970011954603,41.09319536694794,16.85029565321274
flow_3_1044,41.10064507934617,16.857798349652736,41.10063306420042,16.857811704770633,41.09319536694794,16.85029565321274,41.09203558768891,16.85040097506566
flow_3_1045,41.10064507934617,16.857798349652736,41.10063306420042,16.857811704770633,41.09985490494118,16.854363380911906,41.10001879906208,16.854259633484794
flow_3_1046,41.10064507934617,16.857798349652736,41.10063306420042,16.857811704770633,41.1000081660962,16.854092033262692,41.09998736076528,16.85405834499595
flow_3_1047,41.10064507934617,16.857798349652736,41.10063306420042,16.857811704770633,41.0998657906448,16.854011700784426,41.0997840764074,16.85407989459394
flow_3_1048,41.10064507934617,16.857798349652736,41.10063306420042,16.857811704770633,41.09878814926408,16.854279784852835,41.0987411443374,16.8542061850138
flow_3_1049,41.10064507934617,16.857798349652736,41.10063306420042,16.857811704770633,41.09857803984875,16.854216123443177,41.09850337325547,16.85422140542611
flow_3_1050,41.10064507934617,16.857798349652736,41.10063306420042,16.857811704770633,41.09744212400728,16.854310502764104,41.097366852073485,16.854314219647932
flow_3_1051,41.10064507934617,16.857798349652736,41.10063306420042,16.857811704770633,41.10067445887713,16.85790908558486,41.100701898736745,16.85788878254526
flow_3_1052,41.10064507934617,16.857798349652736,41.10063306420042,16.857811704770633,41.10070616917118,16.85781948119896,41.1006949883477,16.857803447897922
flow_3_1053,41.10064507934617,16.857798349652736,41.10063306420042,16.857811704770633,41.10063414181671,16.857890087546004,41.10064883435636,16.85805137424128
flow_3_1054,41.100629061952446,16.857881132677438,41.10063414181671,16.857890087546004,41.1020203917021,16.84882687676746,41.10283007281504,16.84532742394581
flow_3_1055,41.100629061952446,16.857881132677438,41.10063414181671,16.857890087546004,41.101351288963656,16.848014927829535,41.09728164732345,16.84307858160294
flow_3_1056,41.100629061952446,16.857881132677438,41.10063414181671,16.857890087546004,41.09421243463567,16.847594276471863,41.09371087307764,16.849291052198975
flow_3_1057,41.100629061952446,16.857881132677438,41.10063414181671,16.857890087546004,41.09457433490167,16.847640377504526,41.09431864060897,16.848868036711348
flow_3_1058,41.100629061952446,16.857881132677438,41.10063414181671,16.857890087546004,41.097596631773314,16.853609114834843,41.09633260091152,16.853055976599734
flow_3_1059,41.100629061952446,16.857881132677438,41.10063414181671,16.857890087546004,41.100848149229584,16.852617317751818,41.10207566988899,16.852506071608552
flow_3_1060,41.100629061952446,16.857881132677438,41.10063414181671,16.857890087546004,41.09921039349766,16.857093476263653,41.09931390026017,16.857131876843294
flow_3_1061,41.100629061952446,16.857881132677438,41.10063414181671,16.857890087546004,41.0948531829976,16.854625234616556,41.09474852794223,16.854546207025674
flow_3_1062,41.100629061952446,16.857881132677438,41.10063414181671,16.857890087546004,41.097795170327615,16.8527908424273,41.09810151193486,16.852930909234342
flow_3_1063,41.100629061952446,16.857881132677438,41.10063414181671,16.857890087546004,41.10098576297509,16.85215368870655,41.10069399901464,16.852501766897987
flow_3_1064,41.100629061952446,16.857881132677438,41.10063414181671,16.857890087546004,41.10069399901464,16.852501766897987,41.10014423546408,16.85343368091778
flow_3_1065,41.100629061952446,16.857881132677438,41.10063414181671,16.857890087546004,41.10149846212833,16.851184630435842,41.10098576297509,16.85215368870655
flow_3_1066,41.100629061952446,16.857881132677438,41.10063414181671,16.857890087546004,41.10226128050579,16.84991892625057,41.10236609957379,16.849769208287043
flow_3_1067,41.100629061952446,16.857881132677438,41.10063414181671,16.857890087546004,41.10164696791585,16.849493004994628,41.10155429604601,16.849587453146114
flow_3_1068,41.100629061952446,16.857881132677438,41.10063414181671,16.857890087546004,41.101441674211465,16.850060366797287,41.10162574873644,16.85043277210701
flow_3_1069,41.100629061952446,16.857881132677438,41.10063414181671,16.857890087546004,41.10187323450664,16.850519265700957,41.10226128050579,16.84991892625057
flow_3_1070,41.100629061952446,16.857881132677438,41.10063414181671,16.857890087546004,41.10226128050579,16.84991892625057,41.10212098795253,16.849557273781752
flow_3_1071,41.100629061952446,16.857881132677438,41.10063414181671,16.857890087546004,41.10202949742299,16.849477185555482,41.101893052359,16.84942560576533
flow_3_1072,41.100629061952446,16.857881132677438,41.10063414181671,16.857890087546004,41.09848309553264,16.84824790691432,41.09797137080637,16.849701951782066
flow_3_1073,41.100629061952446,16.857881132677438,41.10063414181671,16.857890087546004,41.10178918891531,16.848691071158175,41.10226374108996,16.849199159034608
flow_3_1074,41.100629061952446,16.857881132677438,41.10063414181671,16.857890087546004,41.10064507934617,16.857798349652736,41.10063306420042,16.857811704770633
flow_3_1075,41.100629061952446,16.857881132677438,41.10063414181671,16.857890087546004,41.098013091446674,16.85068225103151,41.09797643244636,16.850614898699735
flow_3_1076,41.100629061952446,16.857881132677438,41.10063414181671,16.857890087546004,41.09356405619404,16.847281183170747,41.09213809529099,16.84656162436391
flow_3_1077,41.100629061952446,16.857881132677438,41.10063414181671,16.857890087546004,41.09874388317417,16.854662669666943,41.098789979203126,16.85480947432754
flow_3_1078,41.100629061952446,16.857881132677438,41.10063414181671,16.857890087546004,41.098805360878,16.854883494497827,41.09862690423968,16.855801764244642
flow_3_1079,41.100629061952446,16.857881132677438,41.10063414181671,16.857890087546004,41.09878814926408,16.854279784852835,41.0989742370114,16.854319313351734
flow_3_1080,41.100629061952446,16.857881132677438,41.10063414181671,16.857890087546004,41.09688679894607,16.854222009568716,41.09667063802659,16.854136985818336
flow_3_1081,41.100629061952446,16.857881132677438,41.10063414181671,16.857890087546004,41.09356405619404,16.847281183170747,41.09287653741932,16.849676627626383
flow_3_1082,41.100629061952446,16.857881132677438,41.10063414181671,16.857890087546004,41.09319536694794,16.85029565321274,41.0917515465328,16.847973810087527
flow_3_1083,41.100629061952446,16.857881132677438,41.10063414181671,16.857890087546004,41.0938910066973,16.847467751127233,41.09338157090906,16.849228712157455
flow_3_1084,41.100629061952446,16.857881132677438,41.10063414181671,16.857890087546004,41.10000725075745,16.85310225196114,41.1000373248635,16.852957349061356
flow_3_1085,41.100629061952446,16.857881132677438,41.10063414181671,16.857890087546004,41.09576913015391,16.84786199393714,41.095624082715545,16.84873938546676
flow_3_1086,41.100629061952446,16.857881132677438,41.10063414181671,16.857890087546004,41.09571950027065,16.85485011877157,41.09580139620255,16.854871355035236
flow_3_1087,41.100629061952446,16.857881132677438,41.10063414181671,16.857890087546004,41.10133204390066,16.849662784092665,41.09702231047879,16.849934177393052
flow_3_1088,41.100629061952446,16.857881132677438,41.10063414181671,16.857890087546004,41.09658937779303,16.849970011954603,41.09319536694794,16.85029565321274
flow_3_1089,41.100629061952446,16.857881132677438,41.10063414181671,16.857890087546004,41.09319536694794,16.85029565321274,41.09203558768891,16.85040097506566
flow_3_1090,41.100629061952446,16.857881132677438,41.10063414181671,16.857890087546004,41.09985490494118,16.854363380911906,41.10001879906208,16.854259633484794
flow_3_1091,41.100629061952446,16.857881132677438,41.10063414181671,16.857890087546004,41.1000081660962,16.854092033262692,41.09998736076528,16.85405834499595
flow_3_1092,41.100629061952446,16.857881132677438,41.10063414181671,16.857890087546004,41.0998657906448,16.854011700784426,41.0997840764074,16.85407989459394
flow_3_1093,41.100629061952446,16.857881132677438,41.10063414181671,16.857890087546004,41.09878814926408,16.854279784852835,41.0987411443374,16.8542061850138
flow_3_1094,41.100629061952446,16.857881132677438,41.10063414181671,16.857890087546004,41.09857803984875,16.854216123443177,41.09850337325547,16.85422140542611
flow_3_1095,41.100629061952446,16.857881132677438,41.10063414181671,16.857890087546004,41.09744212400728,16.854310502764104,41.097366852073485,16.854314219647932
flow_3_1096,41.100629061952446,16.857881132677438,41.10063414181671,16.857890087546004,41.10067445887713,16.85790908558486,41.100701898736745,16.85788878254526
flow_3_1097,41.100629061952446,16.857881132677438,41.10063414181671,16.857890087546004,41.10070616917118,16.85781948119896,41.1006949883477,16.857803447897922
flow_3_1098,41.100629061952446,16.857881132677438,41.10063414181671,16.857890087546004,41.10063414181671,16.857890087546004,41.10064883435636,16.85805137424128
flow_3_1099,41.09603506212882,16.85384667964511,41.09593186247525,16.853805913597622,41.1020203917021,16.84882687676746,41.10283007281504,16.84532742394581
flow_3_1100,41.09603506212882,16.85384667964511,41.09593186247525,16.853805913597622,41.101351288963656,16.848014927829535,41.09728164732345,16.84307858160294
flow_3_1101,41.09603506212882,16.85384667964511,41.09593186247525,16.853805913597622,41.09421243463567,16.847594276471863,41.09371087307764,16.849291052198975
flow_3_1102,41.09603506212882,16.85384667964511,41.09593186247525,16.853805913597622,41.09457433490167,16.847640377504526,41.09431864060897,16.848868036711348
flow_3_1103,41.09603506212882,16.85384667964511,41.09593186247525,16.853805913597622,41.097596631773314,16.853609114834843,41.09633260091152,16.853055976599734
flow_3_1104,41.09603506212882,16.85384667964511,41.09593186247525,16.853805913597622,41.100848149229584,16.852617317751818,41.10207566988899,16.852506071608552
flow_3_1105,41.09603506212882,16.85384667964511,41.09593186247525,16.853805913597622,41.09921039349766,16.857093476263653,41.09931390026017,16.857131876843294
flow_3_1106,41.09603506212882,16.85384667964511,41.09593186247525,16.853805913597622,41.0948531829976,16.854625234616556,41.09474852794223,16.854546207025674
flow_3_1107,41.09603506212882,16.85384667964511,41.09593186247525,16.853805913597622,41.097795170327615,16.8527908424273,41.09810151193486,16.852930909234342
flow_3_1108,41.09603506212882,16.85384667964511,41.09593186247525,16.853805913597622,41.10098576297509,16.85215368870655,41.10069399901464,16.852501766897987
flow_3_1109,41.09603506212882,16.85384667964511,41.09593186247525,16.853805913597622,41.10069399901464,16.852501766897987,41.10014423546408,16.85343368091778
flow_3_1110,41.09603506212882,16.85384667964511,41.09593186247525,16.853805913597622,41.10149846212833,16.851184630435842,41.10098576297509,16.85215368870655
flow_3_1111,41.09603506212882,16.85384667964511,41.09593186247525,16.853805913597622,41.10226128050579,16.84991892625057,41.10236609957379,16.849769208287043
flow_3_1112,41.09603506212882,16.85384667964511,41.09593186247525,16.853805913597622,41.10164696791585,16.849493004994628,41.10155429604601,16.849587453146114
flow_3_1113,41.09603506212882,16.85384667964511,41.09593186247525,16.853805913597622,41.101441674211465,16.850060366797287,41.10162574873644,16.85043277210701
flow_3_1114,41.09603506212882,16.85384667964511,41.09593186247525,16.853805913597622,41.10187323450664,16.850519265700957,41.10226128050579,16.84991892625057
flow_3_1115,41.09603506212882,16.85384667964511,41.09593186247525,16.853805913597622,41.10226128050579,16.84991892625057,41.10212098795253,16.849557273781752
flow_3_1116,41.09603506212882,16.85384667964511,41.09593186247525,16.853805913597622,41.10202949742299,16.849477185555482,41.101893052359,16.84942560576533
flow_3_1117,41.09603506212882,16.85384667964511,41.09593186247525,16.853805913597622,41.09848309553264,16.84824790691432,41.09797137080637,16.849701951782066
flow_3_1118,41.09603506212882,16.85384667964511,41.09593186247525,16.853805913597622,41.10178918891531,16.848691071158175,41.10226374108996,16.849199159034608
flow_3_1119,41.09603506212882,16.85384667964511,41.09593186247525,16.853805913597622,41.10064507934617,16.857798349652736,41.10063306420042,16.857811704770633
flow_3_1120,41.09603506212882,16.85384667964511,41.09593186247525,16.853805913597622,41.100629061952446,16.857881132677438,41.10063414181671,16.857890087546004
flow_3_1121,41.09603506212882,16.85384667964511,41.09593186247525,16.853805913597622,41.098013091446674,16.85068225103151,41.09797643244636,16.850614898699735
flow_3_1122,41.09603506212882,16.85384667964511,41.09593186247525,16.853805913597622,41.09356405619404,16.847281183170747,41.09213809529099,16.84656162436391
flow_3_1123,41.09603506212882,16.85384667964511,41.09593186247525,16.853805913597622,41.09874388317417,16.854662669666943,41.098789979203126,16.85480947432754
flow_3_1124,41.09603506212882,16.85384667964511,41.09593186247525,16.853805913597622,41.098805360878,16.854883494497827,41.09862690423968,16.855801764244642
flow_3_1125,41.09603506212882,16.85384667964511,41.09593186247525,16.853805913597622,41.09878814926408,16.854279784852835,41.0989742370114,16.854319313351734
flow_3_1126,41.09603506212882,16.85384667964511,41.09593186247525,16.853805913597622,41.09688679894607,16.854222009568716,41.09667063802659,16.854136985818336
flow_3_1127,41.09603506212882,16.85384667964511,41.09593186247525,16.853805913597622,41.09356405619404,16.847281183170747,41.09287653741932,16.849676627626383
flow_3_1128,41.09603506212882,16.85384667964511,41.09593186247525,16.853805913597622,41.09319536694794,16.85029565321274,41.0917515465328,16.847973810087527
flow_3_1129,41.09603506212882,16.85384667964511,41.09593186247525,16.853805913597622,41.0938910066973,16.847467751127233,41.09338157090906,16.849228712157455
flow_3_1130,41.09603506212882,16.85384667964511,41.09593186247525,16.853805913597622,41.10000725075745,16.85310225196114,41.1000373248635,16.852957349061356
flow_3_1131,41.09603506212882,16.85384667964511,41.09593186247525,16.853805913597622,41.09576913015391,16.84786199393714,41.095624082715545,16.84873938546676
flow_3_1132,41.09603506212882,16.85384667964511,41.09593186247525,16.853805913597622,41.09571950027065,16.85485011877157,41.09580139620255,16.854871355035236
flow_3_1133,41.09603506212882,16.85384667964511,41.09593186247525,16.853805913597622,41.10133204390066,16.849662784092665,41.09702231047879,16.849934177393052
flow_3_1134,41.09603506212882,16.85384667964511,41.09593186247525,16.853805913597622,41.09658937779303,16.849970011954603,41.09319536694794,16.85029565321274
flow_3_1135,41.09603506212882,16.85384667964511,41.09593186247525,16.853805913597622,41.09319536694794,16.85029565321274,41.09203558768891,16.85040097506566
flow_3_1136,41.09603506212882,16.85384667964511,41.09593186247525,16.853805913597622,41.09985490494118,16.854363380911906,41.10001879906208,16.854259633484794
flow_3_1137,41.09603506212882,16.85384667964511,41.09593186247525,16.853805913597622,41.1000081660962,16.854092033262692,41.09998736076528,16.85405834499595
flow_3_1138,41.09603506212882,16.85384667964511,41.09593186247525,16.853805913597622,41.0998657906448,16.854011700784426,41.0997840764074,16.85407989459394
flow_3_1139,41.09603506212882,16.85384667964511,41.09593186247525,16.853805913597622,41.09878814926408,16.854279784852835,41.0987411443374,16.8542061850138
flow_3_1140,41.09603506212882,16.85384667964511,41.09593186247525,16.853805913597622,41.09857803984875,16.854216123443177,41.09850337325547,16.85422140542611
flow_3_1141,41.09603506212882,16.85384667964511,41.09593186247525,16.853805913597622,41.09744212400728,16.854310502764104,41.097366852073485,16.854314219647932
flow_3_1142,41.09603506212882,16.85384667964511,41.09593186247525,16.853805913597622,41.10067445887713,16.85790908558486,41.100701898736745,16.85788878254526
flow_3_1143,41.09603506212882,16.85384667964511,41.09593186247525,16.853805913597622,41.10070616917118,16.85781948119896,41.1006949883477,16.857803447897922
flow_3_1144,41.09603506212882,16.85384667964511,41.09593186247525,16.853805913597622,41.10063414181671,16.857890087546004,41.10064883435636,16.85805137424128
flow_3_1145,41.098013091446674,16.85068225103151,41.09797643244636,16.850614898699735,41.1020203917021,16.84882687676746,41.10283007281504,16.84532742394581
flow_3_1146,41.098013091446674,16.85068225103151,41.09797643244636,16.850614898699735,41.101351288963656,16.848014927829535,41.09728164732345,16.84307858160294
flow_3_1147,41.098013091446674,16.85068225103151,41.09797643244636,16.850614898699735,41.09421243463567,16.847594276471863,41.09371087307764,16.849291052198975
flow_3_1148,41.098013091446674,16.85068225103151,41.09797643244636,16.850614898699735,41.09457433490167,16.847640377504526,41.09431864060897,16.848868036711348
flow_3_1149,41.098013091446674,16.85068225103151,41.09797643244636,16.850614898699735,41.097596631773314,16.853609114834843,41.09633260091152,16.853055976599734
flow_3_1150,41.098013091446674,16.85068225103151,41.09797643244636,16.850614898699735,41.100848149229584,16.852617317751818,41.10207566988899,16.852506071608552
flow_3_1151,41.098013091446674,16.85068225103151,41.09797643244636,16.850614898699735,41.09921039349766,16.857093476263653,41.09931390026017,16.857131876843294
flow_3_1152,41.098013091446674,16.85068225103151,41.09797643244636,16.850614898699735,41.0948531829976,16.854625234616556,41.09474852794223,16.854546207025674
flow_3_1153,41.098013091446674,16.85068225103151,41.09797643244636,16.850614898699735,41.097795170327615,16.8527908424273,41.09810151193486,16.852930909234342
flow_3_1154,41.098013091446674,16.85068225103151,41.09797643244636,16.850614898699735,41.10098576297509,16.85215368870655,41.10069399901464,16.852501766897987
flow_3_1155,41.098013091446674,16.85068225103151,41.09797643244636,16.850614898699735,41.10069399901464,16.852501766897987,41.10014423546408,16.85343368091778
flow_3_1156,41.098013091446674,16.85068225103151,41.09797643244636,16.850614898699735,41.10149846212833,16.851184630435842,41.10098576297509,16.85215368870655
flow_3_1157,41.098013091446674,16.85068225103151,41.09797643244636,16.850614898699735,41.10226128050579,16.84991892625057,41.10236609957379,16.849769208287043
flow_3_1158,41.098013091446674,16.85068225103151,41.09797643244636,16.850614898699735,41.10164696791585,16.849493004994628,41.10155429604601,16.849587453146114
flow_3_1159,41.098013091446674,16.85068225103151,41.09797643244636,16.850614898699735,41.101441674211465,16.850060366797287,41.10162574873644,16.85043277210701
flow_3_1160,41.098013091446674,16.85068225103151,41.09797643244636,16.850614898699735,41.10187323450664,16.850519265700957,41.10226128050579,16.84991892625057
flow_3_1161,41.098013091446674,16.85068225103151,41.09797643244636,16.850614898699735,41.10226128050579,16.84991892625057,41.10212098795253,16.849557273781752
flow_3_1162,41.098013091446674,16.85068225103151,41.09797643244636,16.850614898699735,41.10202949742299,16.849477185555482,41.101893052359,16.84942560576533
flow_3_1163,41.098013091446674,16.85068225103151,41.09797643244636,16.850614898699735,41.09848309553264,16.84824790691432,41.09797137080637,16.849701951782066
flow_3_1164,41.098013091446674,16.85068225103151,41.09797643244636,16.850614898699735,41.10178918891531,16.848691071158175,41.10226374108996,16.849199159034608
flow_3_1165,41.098013091446674,16.85068225103151,41.09797643244636,16.850614898699735,41.10064507934617,16.857798349652736,41.10063306420042,16.857811704770633
flow_3_1166,41.098013091446674,16.85068225103151,41.09797643244636,16.850614898699735,41.100629061952446,16.857881132677438,41.10063414181671,16.857890087546004
flow_3_1167,41.098013091446674,16.85068225103151,41.09797643244636,16.850614898699735,41.09356405619404,16.847281183170747,41.09213809529099,16.84656162436391
flow_3_1168,41.098013091446674,16.85068225103151,41.09797643244636,16.850614898699735,41.09874388317417,16.854662669666943,41.098789979203126,16.85480947432754
flow_3_1169,41.098013091446674,16.85068225103151,41.09797643244636,16.850614898699735,41.098805360878,16.854883494497827,41.09862690423968,16.855801764244642
flow_3_1170,41.098013091446674,16.85068225103151,41.09797643244636,16.850614898699735,41.09878814926408,16.854279784852835,41.0989742370114,16.854319313351734
flow_3_1171,41.098013091446674,16.85068225103151,41.09797643244636,16.850614898699735,41.09688679894607,16.854222009568716,41.09667063802659,16.854136985818336
flow_3_1172,41.098013091446674,16.85068225103151,41.09797643244636,16.850614898699735,41.09356405619404,16.847281183170747,41.09287653741932,16.849676627626383
flow_3_1173,41.098013091446674,16.85068225103151,41.09797643244636,16.850614898699735,41.09319536694794,16.85029565321274,41.0917515465328,16.847973810087527
flow_3_1174,41.098013091446674,16.85068225103151,41.09797643244636,16.850614898699735,41.0938910066973,16.847467751127233,41.09338157090906,16.849228712157455
flow_3_1175,41.098013091446674,16.85068225103151,41.09797643244636,16.850614898699735,41.10000725075745,16.85310225196114,41.1000373248635,16.852957349061356
flow_3_1176,41.098013091446674,16.85068225103151,41.09797643244636,16.850614898699735,41.09576913015391,16.84786199393714,41.095624082715545,16.84873938546676
flow_3_1177,41.098013091446674,16.85068225103151,41.09797643244636,16.850614898699735,41.09571950027065,16.85485011877157,41.09580139620255,16.854871355035236
flow_3_1178,41.098013091446674,16.85068225103151,41.09797643244636,16.850614898699735,41.10133204390066,16.849662784092665,41.09702231047879,16.849934177393052
flow_3_1179,41.098013091446674,16.85068225103151,41.09797643244636,16.850614898699735,41.09658937779303,16.849970011954603,41.09319536694794,16.85029565321274
flow_3_1180,41.098013091446674,16.85068225103151,41.09797643244636,16.850614898699735,41.09319536694794,16.85029565321274,41.09203558768891,16.85040097506566
flow_3_1181,41.098013091446674,16.85068225103151,41.09797643244636,16.850614898699735,41.09985490494118,16.854363380911906,41.10001879906208,16.854259633484794
flow_3_1182,41.098013091446674,16.85068225103151,41.09797643244636,16.850614898699735,41.1000081660962,16.854092033262692,41.09998736076528,16.85405834499595
flow_3_1183,41.098013091446674,16.85068225103151,41.09797643244636,16.850614898699735,41.0998657906448,16.854011700784426,41.0997840764074,16.85407989459394
flow_3_1184,41.098013091446674,16.85068225103151,41.09797643244636,16.850614898699735,41.09878814926408,16.854279784852835,41.0987411443374,16.8542061850138
flow_3_1185,41.098013091446674,16.85068225103151,41.09797643244636,16.850614898699735,41.09857803984875,16.854216123443177,41.09850337325547,16.85422140542611
flow_3_1186,41.098013091446674,16.85068225103151,41.09797643244636,16.850614898699735,41.09744212400728,16.854310502764104,41.097366852073485,16.854314219647932
flow_3_1187,41.098013091446674,16.85068225103151,41.09797643244636,16.850614898699735,41.10067445887713,16.85790908558486,41.100701898736745,16.85788878254526
flow_3_1188,41.098013091446674,16.85068225103151,41.09797643244636,16.850614898699735,41.10070616917118,16.85781948119896,41.1006949883477,16.857803447897922
flow_3_1189,41.098013091446674,16.85068225103151,41.09797643244636,16.850614898699735,41.10063414181671,16.857890087546004,41.10064883435636,16.85805137424128
flow_3_1190,41.10283007281504,16.84532742394581,41.1020203917021,16.84882687676746,41.1020203917021,16.84882687676746,41.10283007281504,16.84532742394581
flow_3_1191,41.10283007281504,16.84532742394581,41.1020203917021,16.84882687676746,41.101351288963656,16.848014927829535,41.09728164732345,16.84307858160294
flow_3_1192,41.10283007281504,16.84532742394581,41.1020203917021,16.84882687676746,41.09421243463567,16.847594276471863,41.09371087307764,16.849291052198975
flow_3_1193,41.10283007281504,16.84532742394581,41.1020203917021,16.84882687676746,41.09457433490167,16.847640377504526,41.09431864060897,16.848868036711348
flow_3_1194,41.10283007281504,16.84532742394581,41.1020203917021,16.84882687676746,41.097596631773314,16.853609114834843,41.09633260091152,16.853055976599734
flow_3_1195,41.10283007281504,16.84532742394581,41.1020203917021,16.84882687676746,41.100848149229584,16.852617317751818,41.10207566988899,16.852506071608552
flow_3_1196,41.10283007281504,16.84532742394581,41.1020203917021,16.84882687676746,41.09921039349766,16.857093476263653,41.09931390026017,16.857131876843294
flow_3_1197,41.10283007281504,16.84532742394581,41.1020203917021,16.84882687676746,41.0948531829976,16.854625234616556,41.09474852794223,16.854546207025674
flow_3_1198,41.10283007281504,16.84532742394581,41.1020203917021,16.84882687676746,41.097795170327615,16.8527908424273,41.09810151193486,16.852930909234342
flow_3_1199,41.10283007281504,16.84532742394581,41.1020203917021,16.84882687676746,41.10098576297509,16.85215368870655,41.10069399901464,16.852501766897987
flow_3_1200,41.10283007281504,16.84532742394581,41.1020203917021,16.84882687676746,41.10069399901464,16.852501766897987,41.10014423546408,16.85343368091778
flow_3_1201,41.10283007281504,16.84532742394581,41.1020203917021,16.84882687676746,41.10149846212833,16.851184630435842,41.10098576297509,16.85215368870655
flow_3_1202,41.10283007281504,16.84532742394581,41.1020203917021,16.84882687676746,41.10226128050579,16.84991892625057,41.10236609957379,16.849769208287043
flow_3_1203,41.10283007281504,16.84532742394581,41.1020203917021,16.84882687676746,41.10164696791585,16.849493004994628,41.10155429604601,16.849587453146114
flow_3_1204,41.10283007281504,16.84532742394581,41.1020203917021,16.84882687676746,41.101441674211465,16.850060366797287,41.10162574873644,16.85043277210701
flow_3_1205,41.10283007281504,16.84532742394581,41.1020203917021,16.84882687676746,41.10187323450664,16.850519265700957,41.10226128050579,16.84991892625057
flow_3_1206,41.10283007281504,16.84532742394581,41.1020203917021,16.84882687676746,41.10226128050579,16.84991892625057,41.10212098795253,16.849557273781752
flow_3_1207,41.10283007281504,16.84532742394581,41.1020203917021,16.84882687676746,41.10202949742299,16.849477185555482,41.101893052359,16.84942560576533
flow_3_1208,41.10283007281504,16.84532742394581,41.1020203917021,16.84882687676746,41.09848309553264,16.84824790691432,41.09797137080637,16.849701951782066
flow_3_1209,41.10283007281504,16.84532742394581,41.1020203917021,16.84882687676746,41.10178918891531,16.848691071158175,41.10226374108996,16.849199159034608
flow_3_1210,41.10283007281504,16.84532742394581,41.1020203917021,16.84882687676746,41.10064507934617,16.857798349652736,41.10063306420042,16.857811704770633
flow_3_1211,41.10283007281504,16.84532742394581,41.1020203917021,16.84882687676746,41.100629061952446,16.857881132677438,41.10063414181671,16.857890087546004
flow_3_1212,41.10283007281504,16.84532742394581,41.1020203917021,16.84882687676746,41.098013091446674,16.85068225103151,41.09797643244636,16.850614898699735
flow_3_1213,41.10283007281504,16.84532742394581,41.1020203917021,16.84882687676746,41.09356405619404,16.847281183170747,41.09213809529099,16.84656162436391
flow_3_1214,41.10283007281504,16.84532742394581,41.1020203917021,16.84882687676746,41.09874388317417,16.854662669666943,41.098789979203126,16.85480947432754
flow_3_1215,41.10283007281504,16.84532742394581,41.1020203917021,16.84882687676746,41.098805360878,16.854883494497827,41.09862690423968,16.855801764244642
flow_3_1216,41.10283007281504,16.84532742394581,41.1020203917021,16.84882687676746,41.09878814926408,16.854279784852835,41.0989742370114,16.854319313351734
flow_3_1217,41.10283007281504,16.84532742394581,41.1020203917021,16.84882687676746,41.09688679894607,16.854222009568716,41.09667063802659,16.854136985818336
flow_3_1218,41.10283007281504,16.84532742394581,41.1020203917021,16.84882687676746,41.09356405619404,16.847281183170747,41.09287653741932,16.849676627626383
flow_3_1219,41.10283007281504,16.84532742394581,41.1020203917021,16.84882687676746,41.09319536694794,16.85029565321274,41.0917515465328,16.847973810087527
flow_3_1220,41.10283007281504,16.84532742394581,41.1020203917021,16.84882687676746,41.0938910066973,16.847467751127233,41.09338157090906,16.849228712157455
flow_3_1221,41.10283007281504,16.84532742394581,41.1020203917021,16.84882687676746,41.10000725075745,16.85310225196114,41.1000373248635,16.852957349061356
flow_3_1222,41.10283007281504,16.84532742394581,41.1020203917021,16.84882687676746,41.09576913015391,16.84786199393714,41.095624082715545,16.84873938546676
flow_3_1223,41.10283007281504,16.84532742394581,41.1020203917021,16.84882687676746,41.09571950027065,16.85485011877157,41.09580139620255,16.854871355035236
flow_3_1224,41.10283007281504,16.84532742394581,41.1020203917021,16.84882687676746,41.10133204390066,16.849662784092665,41.09702231047879,16.849934177393052
flow_3_1225,41.10283007281504,16.84532742394581,41.1020203917021,16.84882687676746,41.09658937779303,16.849970011954603,41.09319536694794,16.85029565321274
flow_3_1226,41.10283007281504,16.84532742394581,41.1020203917021,16.84882687676746,41.09319536694794,16.85029565321274,41.09203558768891,16.85040097506566
flow_3_1227,41.10283007281504,16.84532742394581,41.1020203917021,16.84882687676746,41.09985490494118,16.854363380911906,41.10001879906208,16.854259633484794
flow_3_1228,41.10283007281504,16.84532742394581,41.1020203917021,16.84882687676746,41.1000081660962,16.854092033262692,41.09998736076528,16.85405834499595
flow_3_1229,41.10283007281504,16.84532742394581,41.1020203917021,16.84882687676746,41.0998657906448,16.854011700784426,41.0997840764074,16.85407989459394
flow_3_1230,41.10283007281504,16.84532742394581,41.1020203917021,16.84882687676746,41.09878814926408,16.854279784852835,41.0987411443374,16.8542061850138
flow_3_1231,41.10283007281504,16.84532742394581,41.1020203917021,16.84882687676746,41.09857803984875,16.854216123443177,41.09850337325547,16.85422140542611
flow_3_1232,41.10283007281504,16.84532742394581,41.1020203917021,16.84882687676746,41.09744212400728,16.854310502764104,41.097366852073485,16.854314219647932
flow_3_1233,41.10283007281504,16.84532742394581,41.1020203917021,16.84882687676746,41.10067445887713,16.85790908558486,41.100701898736745,16.85788878254526
flow_3_1234,41.10283007281504,16.84532742394581,41.1020203917021,16.84882687676746,41.10070616917118,16.85781948119896,41.1006949883477,16.857803447897922
flow_3_1235,41.10283007281504,16.84532742394581,41.1020203917021,16.84882687676746,41.10063414181671,16.857890087546004,41.10064883435636,16.85805137424128
flow_3_1236,41.098805360878,16.854883494497827,41.09862690423968,16.855801764244642,41.1020203917021,16.84882687676746,41.10283007281504,16.84532742394581
flow_3_1237,41.098805360878,16.854883494497827,41.09862690423968,16.855801764244642,41.101351288963656,16.848014927829535,41.09728164732345,16.84307858160294
flow_3_1238,41.098805360878,16.854883494497827,41.09862690423968,16.855801764244642,41.09421243463567,16.847594276471863,41.09371087307764,16.849291052198975
flow_3_1239,41.098805360878,16.854883494497827,41.09862690423968,16.855801764244642,41.09457433490167,16.847640377504526,41.09431864060897,16.848868036711348
flow_3_1240,41.098805360878,16.854883494497827,41.09862690423968,16.855801764244642,41.097596631773314,16.853609114834843,41.09633260091152,16.853055976599734
flow_3_1241,41.098805360878,16.854883494497827,41.09862690423968,16.855801764244642,41.100848149229584,16.852617317751818,41.10207566988899,16.852506071608552
flow_3_1242,41.098805360878,16.854883494497827,41.09862690423968,16.855801764244642,41.09921039349766,16.857093476263653,41.09931390026017,16.857131876843294
flow_3_1243,41.098805360878,16.854883494497827,41.09862690423968,16.855801764244642,41.0948531829976,16.854625234616556,41.09474852794223,16.854546207025674
flow_3_1244,41.098805360878,16.854883494497827,41.09862690423968,16.855801764244642,41.097795170327615,16.8527908424273,41.09810151193486,16.852930909234342
flow_3_1245,41.098805360878,16.854883494497827,41.09862690423968,16.855801764244642,41.10098576297509,16.85215368870655,41.10069399901464,16.852501766897987
flow_3_1246,41.098805360878,16.854883494497827,41.09862690423968,16.855801764244642,41.10069399901464,16.852501766897987,41.10014423546408,16.85343368091778
flow_3_1247,41.098805360878,16.854883494497827,41.09862690423968,16.855801764244642,41.10149846212833,16.851184630435842,41.10098576297509,16.85215368870655
flow_3_1248,41.098805360878,16.854883494497827,41.09862690423968,16.855801764244642,41.10226128050579,16.84991892625057,41.10236609957379,16.849769208287043
flow_3_1249,41.098805360878,16.854883494497827,41.09862690423968,16.855801764244642,41.10164696791585,16.849493004994628,41.10155429604601,16.849587453146114
flow_3_1250,41.098805360878,16.854883494497827,41.09862690423968,16.855801764244642,41.101441674211465,16.850060366797287,41.10162574873644,16.85043277210701
flow_3_1251,41.098805360878,16.854883494497827,41.09862690423968,16.855801764244642,41.10187323450664,16.850519265700957,41.10226128050579,16.84991892625057
flow_3_1252,41.098805360878,16.854883494497827,41.09862690423968,16.855801764244642,41.10226128050579,16.84991892625057,41.10212098795253,16.849557273781752
flow_3_1253,41.098805360878,16.854883494497827,41.09862690423968,16.855801764244642,41.10202949742299,16.849477185555482,41.101893052359,16.84942560576533
flow_3_1254,41.098805360878,16.854883494497827,41.09862690423968,16.855801764244642,41.09848309553264,16.84824790691432,41.09797137080637,16.849701951782066
flow_3_1255,41.098805360878,16.854883494497827,41.09862690423968,16.855801764244642,41.10178918891531,16.848691071158175,41.10226374108996,16.849199159034608
flow_3_1256,41.098805360878,16.854883494497827,41.09862690423968,16.855801764244642,41.10064507934617,16.857798349652736,41.10063306420042,16.857811704770633
flow_3_1257,41.098805360878,16.854883494497827,41.09862690423968,16.855801764244642,41.100629061952446,16.857881132677438,41.10063414181671,16.857890087546004
flow_3_1258,41.098805360878,16.854883494497827,41.09862690423968,16.855801764244642,41.098013091446674,16.85068225103151,41.09797643244636,16.850614898699735
flow_3_1259,41.098805360878,16.854883494497827,41.09862690423968,16.855801764244642,41.09356405619404,16.847281183170747,41.09213809529099,16.84656162436391
flow_3_1260,41.098805360878,16.854883494497827,41.09862690423968,16.855801764244642,41.09874388317417,16.854662669666943,41.098789979203126,16.85480947432754
flow_3_1261,41.098805360878,16.854883494497827,41.09862690423968,16.855801764244642,41.09878814926408,16.854279784852835,41.0989742370114,16.854319313351734
flow_3_1262,41.098805360878,16.854883494497827,41.09862690423968,16.855801764244642,41.09688679894607,16.854222009568716,41.09667063802659,16.854136985818336
flow_3_1263,41.098805360878,16.854883494497827,41.09862690423968,16.855801764244642,41.09356405619404,16.847281183170747,41.09287653741932,16.849676627626383
flow_3_1264,41.098805360878,16.854883494497827,41.09862690423968,16.855801764244642,41.09319536694794,16.85029565321274,41.0917515465328,16.847973810087527
flow_3_1265,41.098805360878,16.854883494497827,41.09862690423968,16.855801764244642,41.0938910066973,16.847467751127233,41.09338157090906,16.849228712157455
flow_3_1266,41.098805360878,16.854883494497827,41.09862690423968,16.855801764244642,41.10000725075745,16.85310225196114,41.1000373248635,16.852957349061356
flow_3_1267,41.098805360878,16.854883494497827,41.09862690423968,16.855801764244642,41.09576913015391,16.84786199393714,41.095624082715545,16.84873938546676
flow_3_1268,41.098805360878,16.854883494497827,41.09862690423968,16.855801764244642,41.09571950027065,16.85485011877157,41.09580139620255,16.854871355035236
flow_3_1269,41.098805360878,16.854883494497827,41.09862690423968,16.855801764244642,41.10133204390066,16.849662784092665,41.09702231047879,16.849934177393052
flow_3_1270,41.098805360878,16.854883494497827,41.09862690423968,16.855801764244642,41.09658937779303,16.849970011954603,41.09319536694794,16.85029565321274
flow_3_1271,41.098805360878,16.854883494497827,41.09862690423968,16.855801764244642,41.09319536694794,16.85029565321274,41.09203558768891,16.85040097506566
flow_3_1272,41.098805360878,16.854883494497827,41.09862690423968,16.855801764244642,41.09985490494118,16.854363380911906,41.10001879906208,16.854259633484794
flow_3_1273,41.098805360878,16.854883494497827,41.09862690423968,16.855801764244642,41.1000081660962,16.854092033262692,41.09998736076528,16.85405834499595
flow_3_1274,41.098805360878,16.854883494497827,41.09862690423968,16.855801764244642,41.0998657906448,16.854011700784426,41.0997840764074,16.85407989459394
flow_3_1275,41.098805360878,16.854883494497827,41.09862690423968,16.855801764244642,41.09878814926408,16.854279784852835,41.0987411443374,16.8542061850138
flow_3_1276,41.098805360878,16.854883494497827,41.09862690423968,16.855801764244642,41.09857803984875,16.854216123443177,41.09850337325547,16.85422140542611
flow_3_1277,41.098805360878,16.854883494497827,41.09862690423968,16.855801764244642,41.09744212400728,16.854310502764104,41.097366852073485,16.854314219647932
flow_3_1278,41.098805360878,16.854883494497827,41.09862690423968,16.855801764244642,41.10067445887713,16.85790908558486,41.100701898736745,16.85788878254526
flow_3_1279,41.098805360878,16.854883494497827,41.09862690423968,16.855801764244642,41.10070616917118,16.85781948119896,41.1006949883477,16.857803447897922
flow_3_1280,41.098805360878,16.854883494497827,41.09862690423968,16.855801764244642,41.10063414181671,16.857890087546004,41.10064883435636,16.85805137424128
flow_3_1281,41.09728164732345,16.84307858160294,41.101351288963656,16.848014927829535,41.1020203917021,16.84882687676746,41.10283007281504,16.84532742394581
flow_3_1282,41.09728164732345,16.84307858160294,41.101351288963656,16.848014927829535,41.101351288963656,16.848014927829535,41.09728164732345,16.84307858160294
flow_3_1283,41.09728164732345,16.84307858160294,41.101351288963656,16.848014927829535,41.09421243463567,16.847594276471863,41.09371087307764,16.849291052198975
flow_3_1284,41.09728164732345,16.84307858160294,41.101351288963656,16.848014927829535,41.09457433490167,16.847640377504526,41.09431864060897,16.848868036711348
flow_3_1285,41.09728164732345,16.84307858160294,41.101351288963656,16.848014927829535,41.097596631773314,16.853609114834843,41.09633260091152,16.853055976599734
flow_3_1286,41.09728164732345,16.84307858160294,41.101351288963656,16.848014927829535,41.100848149229584,16.852617317751818,41.10207566988899,16.852506071608552
flow_3_1287,41.09728164732345,16.84307858160294,41.101351288963656,16.848014927829535,41.09921039349766,16.857093476263653,41.09931390026017,16.857131876843294
flow_3_1288,41.09728164732345,16.84307858160294,41.101351288963656,16.848014927829535,41.0948531829976,16.854625234616556,41.09474852794223,16.854546207025674
flow_3_1289,41.09728164732345,16.84307858160294,41.101351288963656,16.848014927829535,41.097795170327615,16.8527908424273,41.09810151193486,16.852930909234342
flow_3_1290,41.09728164732345,16.84307858160294,41.101351288963656,16.848014927829535,41.10098576297509,16.85215368870655,41.10069399901464,16.852501766897987
flow_3_1291,41.09728164732345,16.84307858160294,41.101351288963656,16.848014927829535,41.10069399901464,16.852501766897987,41.10014423546408,16.85343368091778
flow_3_1292,41.09728164732345,16.84307858160294,41.101351288963656,16.848014927829535,41.10149846212833,16.851184630435842,41.10098576297509,16.85215368870655
flow_3_1293,41.09728164732345,16.84307858160294,41.101351288963656,16.848014927829535,41.10226128050579,16.84991892625057,41.10236609957379,16.849769208287043
flow_3_1294,41.09728164732345,16.84307858160294,41.101351288963656,16.848014927829535,41.10164696791585,16.849493004994628,41.10155429604601,16.849587453146114
flow_3_1295,41.09728164732345,16.84307858160294,41.101351288963656,16.848014927829535,41.101441674211465,16.850060366797287,41.10162574873644,16.85043277210701
flow_3_1296,41.09728164732345,16.84307858160294,41.101351288963656,16.848014927829535,41.10187323450664,16.850519265700957,41.10226128050579,16.84991892625057
flow_3_1297,41.09728164732345,16.84307858160294,41.101351288963656,16.848014927829535,41.10226128050579,16.84991892625057,41.10212098795253,16.849557273781752
flow_3_1298,41.09728164732345,16.84307858160294,41.101351288963656,16.848014927829535,41.10202949742299,16.849477185555482,41.101893052359,16.84942560576533
flow_3_1299,41.09728164732345,16.84307858160294,41.101351288963656,16.848014927829535,41.09848309553264,16.84824790691432,41.09797137080637,16.849701951782066
flow_3_1300,41.09728164732345,16.84307858160294,41.101351288963656,16.848014927829535,41.10178918891531,16.848691071158175,41.10226374108996,16.849199159034608
flow_3_1301,41.09728164732345,16.84307858160294,41.101351288963656,16.848014927829535,41.10064507934617,16.857798349652736,41.10063306420042,16.857811704770633
flow_3_1302,41.09728164732345,16.84307858160294,41.101351288963656,16.848014927829535,41.100629061952446,16.857881132677438,41.10063414181671,16.857890087546004
flow_3_1303,41.09728164732345,16.84307858160294,41.101351288963656,16.848014927829535,41.098013091446674,16.85068225103151,41.09797643244636,16.850614898699735
flow_3_1304,41.09728164732345,16.84307858160294,41.101351288963656,16.848014927829535,41.09356405619404,16.847281183170747,41.09213809529099,16.84656162436391
flow_3_1305,41.09728164732345,16.84307858160294,41.101351288963656,16.848014927829535,41.09874388317417,16.854662669666943,41.098789979203126,16.85480947432754
flow_3_1306,41.09728164732345,16.84307858160294,41.101351288963656,16.848014927829535,41.098805360878,16.854883494497827,41.09862690423968,16.855801764244642
flow_3_1307,41.09728164732345,16.84307858160294,41.101351288963656,16.848014927829535,41.09878814926408,16.854279784852835,41.0989742370114,16.854319313351734
flow_3_1308,41.09728164732345,16.84307858160294,41.101351288963656,16.848014927829535,41.09688679894607,16.854222009568716,41.09667063802659,16.854136985818336
flow_3_1309,41.09728164732345,16.84307858160294,41.101351288963656,16.848014927829535,41.09356405619404,16.847281183170747,41.09287653741932,16.849676627626383
flow_3_1310,41.09728164732345,16.84307858160294,41.101351288963656,16.848014927829535,41.09319536694794,16.85029565321274,41.0917515465328,16.847973810087527
flow_3_1311,41.09728164732345,16.84307858160294,41.101351288963656,16.848014927829535,41.0938910066973,16.847467751127233,41.09338157090906,16.849228712157455
flow_3_1312,41.09728164732345,16.84307858160294,41.101351288963656,16.848014927829535,41.10000725075745,16.85310225196114,41.1000373248635,16.852957349061356
flow_3_1313,41.09728164732345,16.84307858160294,41.101351288963656,16.848014927829535,41.09576913015391,16.84786199393714,41.095624082715545,16.84873938546676
flow_3_1314,41.09728164732345,16.84307858160294,41.101351288963656,16.848014927829535,41.09571950027065,16.85485011877157,41.09580139620255,16.854871355035236
flow_3_1315,41.09728164732345,16.84307858160294,41.101351288963656,16.848014927829535,41.10133204390066,16.849662784092665,41.09702231047879,16.849934177393052
flow_3_1316,41.09728164732345,16.84307858160294,41.101351288963656,16.848014927829535,41.09658937779303,16.849970011954603,41.09319536694794,16.85029565321274
flow_3_1317,41.09728164732345,16.84307858160294,41.101351288963656,16.848014927829535,41.09319536694794,16.85029565321274,41.09203558768891,16.85040097506566
flow_3_1318,41.09728164732345,16.84307858160294,41.101351288963656,16.848014927829535,41.09985490494118,16.854363380911906,41.10001879906208,16.854259633484794
flow_3_1319,41.09728164732345,16.84307858160294,41.101351288963656,16.848014927829535,41.1000081660962,16.854092033262692,41.09998736076528,16.85405834499595
flow_3_1320,41.09728164732345,16.84307858160294,41.101351288963656,16.848014927829535,41.0998657906448,16.854011700784426,41.0997840764074,16.85407989459394
flow_3_1321,41.09728164732345,16.84307858160294,41.101351288963656,16.848014927829535,41.09878814926408,16.854279784852835,41.0987411443374,16.8542061850138
flow_3_1322,41.09728164732345,16.84307858160294,41.101351288963656,16.848014927829535,41.09857803984875,16.854216123443177,41.09850337325547,16.85422140542611
flow_3_1323,41.09728164732345,16.84307858160294,41.101351288963656,16.848014927829535,41.09744212400728,16.854310502764104,41.097366852073485,16.854314219647932
flow_3_1324,41.09728164732345,16.84307858160294,41.101351288963656,16.848014927829535,41.10067445887713,16.85790908558486,41.100701898736745,16.85788878254526
flow_3_1325,41.09728164732345,16.84307858160294,41.101351288963656,16.848014927829535,41.10070616917118,16.85781948119896,41.1006949883477,16.857803447897922
flow_3_1326,41.09728164732345,16.84307858160294,41.101351288963656,16.848014927829535,41.10063414181671,16.857890087546004,41.10064883435636,16.85805137424128
flow_3_1327,41.09737253712646,16.85442547257208,41.09744251057084,16.85440398426033,41.1020203917021,16.84882687676746,41.10283007281504,16.84532742394581
flow_3_1328,41.09737253712646,16.85442547257208,41.09744251057084,16.85440398426033,41.101351288963656,16.848014927829535,41.09728164732345,16.84307858160294
flow_3_1329,41.09737253712646,16.85442547257208,41.09744251057084,16.85440398426033,41.09421243463567,16.847594276471863,41.09371087307764,16.849291052198975
flow_3_1330,41.09737253712646,16.85442547257208,41.09744251057084,16.85440398426033,41.09457433490167,16.847640377504526,41.09431864060897,16.848868036711348
flow_3_1331,41.09737253712646,16.85442547257208,41.09744251057084,16.85440398426033,41.097596631773314,16.853609114834843,41.09633260091152,16.853055976599734
flow_3_1332,41.09737253712646,16.85442547257208,41.09744251057084,16.85440398426033,41.100848149229584,16.852617317751818,41.10207566988899,16.852506071608552
flow_3_1333,41.09737253712646,16.85442547257208,41.09744251057084,16.85440398426033,41.09921039349766,16.857093476263653,41.09931390026017,16.857131876843294
flow_3_1334,41.09737253712646,16.85442547257208,41.09744251057084,16.85440398426033,41.0948531829976,16.854625234616556,41.09474852794223,16.854546207025674
flow_3_1335,41.09737253712646,16.85442547257208,41.09744251057084,16.85440398426033,41.097795170327615,16.8527908424273,41.09810151193486,16.852930909234342
flow_3_1336,41.09737253712646,16.85442547257208,41.09744251057084,16.85440398426033,41.10098576297509,16.85215368870655,41.10069399901464,16.852501766897987
flow_3_1337,41.09737253712646,16.85442547257208,41.09744251057084,16.85440398426033,41.10069399901464,16.852501766897987,41.10014423546408,16.85343368091778
flow_3_1338,41.09737253712646,16.85442547257208,41.09744251057084,16.85440398426033,41.10149846212833,16.851184630435842,41.10098576297509,16.85215368870655
flow_3_1339,41.09737253712646,16.85442547257208,41.09744251057084,16.85440398426033,41.10226128050579,16.84991892625057,41.10236609957379,16.849769208287043
flow_3_1340,41.09737253712646,16.85442547257208,41.09744251057084,16.85440398426033,41.10164696791585,16.849493004994628,41.10155429604601,16.849587453146114
flow_3_1341,41.09737253712646,16.85442547257208,41.09744251057084,16.85440398426033,41.101441674211465,16.850060366797287,41.10162574873644,16.85043277210701
flow_3_1342,41.09737253712646,16.85442547257208,41.09744251057084,16.85440398426033,41.10187323450664,16.850519265700957,41.10226128050579,16.84991892625057
flow_3_1343,41.09737253712646,16.85442547257208,41.09744251057084,16.85440398426033,41.10226128050579,16.84991892625057,41.10212098795253,16.849557273781752
flow_3_1344,41.09737253712646,16.85442547257208,41.09744251057084,16.85440398426033,41.10202949742299,16.849477185555482,41.101893052359,16.84942560576533
flow_3_1345,41.09737253712646,16.85442547257208,41.09744251057084,16.85440398426033,41.09848309553264,16.84824790691432,41.09797137080637,16.849701951782066
flow_3_1346,41.09737253712646,16.85442547257208,41.09744251057084,16.85440398426033,41.10178918891531,16.848691071158175,41.10226374108996,16.849199159034608
flow_3_1347,41.09737253712646,16.85442547257208,41.09744251057084,16.85440398426033,41.10064507934617,16.857798349652736,41.10063306420042,16.857811704770633
flow_3_1348,41.09737253712646,16.85442547257208,41.09744251057084,16.85440398426033,41.100629061952446,16.857881132677438,41.10063414181671,16.857890087546004
flow_3_1349,41.09737253712646,16.85442547257208,41.09744251057084,16.85440398426033,41.098013091446674,16.85068225103151,41.09797643244636,16.850614898699735
flow_3_1350,41.09737253712646,16.85442547257208,41.09744251057084,16.85440398426033,41.09356405619404,16.847281183170747,41.09213809529099,16.84656162436391
flow_3_1351,41.09737253712646,16.85442547257208,41.09744251057084,16.85440398426033,41.09874388317417,16.854662669666943,41.098789979203126,16.85480947432754
flow_3_1352,41.09737253712646,16.85442547257208,41.09744251057084,16.85440398426033,41.098805360878,16.854883494497827,41.09862690423968,16.855801764244642
flow_3_1353,41.09737253712646,16.85442547257208,41.09744251057084,16.85440398426033,41.09878814926408,16.854279784852835,41.0989742370114,16.854319313351734
flow_3_1354,41.09737253712646,16.85442547257208,41.09744251057084,16.85440398426033,41.09688679894607,16.854222009568716,41.09667063802659,16.854136985818336
flow_3_1355,41.09737253712646,16.85442547257208,41.09744251057084,16.85440398426033,41.09356405619404,16.847281183170747,41.09287653741932,16.849676627626383
flow_3_1356,41.09737253712646,16.85442547257208,41.09744251057084,16.85440398426033,41.09319536694794,16.85029565321274,41.0917515465328,16.847973810087527
flow_3_1357,41.09737253712646,16.85442547257208,41.09744251057084,16.85440398426033,41.0938910066973,16.847467751127233,41.09338157090906,16.849228712157455
flow_3_1358,41.09737253712646,16.85442547257208,41.09744251057084,16.85440398426033,41.10000725075745,16.85310225196114,41.1000373248635,16.852957349061356
flow_3_1359,41.09737253712646,16.85442547257208,41.09744251057084,16.85440398426033,41.09576913015391,16.84786199393714,41.095624082715545,16.84873938546676
flow_3_1360,41.09737253712646,16.85442547257208,41.09744251057084,16.85440398426033,41.09571950027065,16.85485011877157,41.09580139620255,16.854871355035236
flow_3_1361,41.09737253712646,16.85442547257208,41.09744251057084,16.85440398426033,41.10133204390066,16.849662784092665,41.09702231047879,16.849934177393052
flow_3_1362,41.09737253712646,16.85442547257208,41.09744251057084,16.85440398426033,41.09658937779303,16.849970011954603,41.09319536694794,16.85029565321274
flow_3_1363,41.09737253712646,16.85442547257208,41.09744251057084,16.85440398426033,41.09319536694794,16.85029565321274,41.09203558768891,16.85040097506566
flow_3_1364,41.09737253712646,16.85442547257208,41.09744251057084,16.85440398426033,41.09985490494118,16.854363380911906,41.10001879906208,16.854259633484794
flow_3_1365,41.09737253712646,16.85442547257208,41.09744251057084,16.85440398426033,41.1000081660962,16.854092033262692,41.09998736076528,16.85405834499595
flow_3_1366,41.09737253712646,16.85442547257208,41.09744251057084,16.85440398426033,41.0998657906448,16.854011700784426,41.0997840764074,16.85407989459394
flow_3_1367,41.09737253712646,16.85442547257208,41.09744251057084,16.85440398426033,41.09878814926408,16.854279784852835,41.0987411443374,16.8542061850138
flow_3_1368,41.09737253712646,16.85442547257208,41.09744251057084,16.85440398426033,41.09857803984875,16.854216123443177,41.09850337325547,16.85422140542611
flow_3_1369,41.09737253712646,16.85442547257208,41.09744251057084,16.85440398426033,41.09744212400728,16.854310502764104,41.097366852073485,16.854314219647932
flow_3_1370,41.09737253712646,16.85442547257208,41.09744251057084,16.85440398426033,41.10067445887713,16.85790908558486,41.100701898736745,16.85788878254526
flow_3_1371,41.09737253712646,16.85442547257208,41.09744251057084,16.85440398426033,41.10070616917118,16.85781948119896,41.1006949883477,16.857803447897922
flow_3_1372,41.09737253712646,16.85442547257208,41.09744251057084,16.85440398426033,41.10063414181671,16.857890087546004,41.10064883435636,16.85805137424128
flow_3_1373,41.09790910492778,16.85439222554426,41.09821317143391,16.854371369424996,41.1020203917021,16.84882687676746,41.10283007281504,16.84532742394581
flow_3_1374,41.09790910492778,16.85439222554426,41.09821317143391,16.854371369424996,41.101351288963656,16.848014927829535,41.09728164732345,16.84307858160294
flow_3_1375,41.09790910492778,16.85439222554426,41.09821317143391,16.854371369424996,41.09421243463567,16.847594276471863,41.09371087307764,16.849291052198975
flow_3_1376,41.09790910492778,16.85439222554426,41.09821317143391,16.854371369424996,41.09457433490167,16.847640377504526,41.09431864060897,16.848868036711348
flow_3_1377,41.09790910492778,16.85439222554426,41.09821317143391,16.854371369424996,41.097596631773314,16.853609114834843,41.09633260091152,16.853055976599734
flow_3_1378,41.09790910492778,16.85439222554426,41.09821317143391,16.854371369424996,41.100848149229584,16.852617317751818,41.10207566988899,16.852506071608552
flow_3_1379,41.09790910492778,16.85439222554426,41.09821317143391,16.854371369424996,41.09921039349766,16.857093476263653,41.09931390026017,16.857131876843294
flow_3_1380,41.09790910492778,16.85439222554426,41.09821317143391,16.854371369424996,41.0948531829976,16.854625234616556,41.09474852794223,16.854546207025674
flow_3_1381,41.09790910492778,16.85439222554426,41.09821317143391,16.854371369424996,41.097795170327615,16.8527908424273,41.09810151193486,16.852930909234342
flow_3_1382,41.09790910492778,16.85439222554426,41.09821317143391,16.854371369424996,41.10098576297509,16.85215368870655,41.10069399901464,16.852501766897987
flow_3_1383,41.09790910492778,16.85439222554426,41.09821317143391,16.854371369424996,41.10069399901464,16.852501766897987,41.10014423546408,16.85343368091778
flow_3_1384,41.09790910492778,16.85439222554426,41.09821317143391,16.854371369424996,41.10149846212833,16.851184630435842,41.10098576297509,16.85215368870655
flow_3_1385,41.09790910492778,16.85439222554426,41.09821317143391,16.854371369424996,41.10226128050579,16.84991892625057,41.10236609957379,16.849769208287043
flow_3_1386,41.09790910492778,16.85439222554426,41.09821317143391,16.854371369424996,41.10164696791585,16.849493004994628,41.10155429604601,16.849587453146114
flow_3_1387,41.09790910492778,16.85439222554426,41.09821317143391,16.854371369424996,41.101441674211465,16.850060366797287,41.10162574873644,16.85043277210701
flow_3_1388,41.09790910492778,16.85439222554426,41.09821317143391,16.854371369424996,41.10187323450664,16.850519265700957,41.10226128050579,16.84991892625057
flow_3_1389,41.09790910492778,16.85439222554426,41.09821317143391,16.854371369424996,41.10226128050579,16.84991892625057,41.10212098795253,16.849557273781752
flow_3_1390,41.09790910492778,16.85439222554426,41.09821317143391,16.854371369424996,41.10202949742299,16.849477185555482,41.101893052359,16.84942560576533
flow_3_1391,41.09790910492778,16.85439222554426,41.09821317143391,16.854371369424996,41.09848309553264,16.84824790691432,41.09797137080637,16.849701951782066
flow_3_1392,41.09790910492778,16.85439222554426,41.09821317143391,16.854371369424996,41.10178918891531,16.848691071158175,41.10226374108996,16.849199159034608
flow_3_1393,41.09790910492778,16.85439222554426,41.09821317143391,16.854371369424996,41.10064507934617,16.857798349652736,41.10063306420042,16.857811704770633
flow_3_1394,41.09790910492778,16.85439222554426,41.09821317143391,16.854371369424996,41.100629061952446,16.857881132677438,41.10063414181671,16.857890087546004
flow_3_1395,41.09790910492778,16.85439222554426,41.09821317143391,16.854371369424996,41.098013091446674,16.85068225103151,41.09797643244636,16.850614898699735
flow_3_1396,41.09790910492778,16.85439222554426,41.09821317143391,16.854371369424996,41.09356405619404,16.847281183170747,41.09213809529099,16.84656162436391
flow_3_1397,41.09790910492778,16.85439222554426,41.09821317143391,16.854371369424996,41.09874388317417,16.854662669666943,41.098789979203126,16.85480947432754
flow_3_1398,41.09790910492778,16.85439222554426,41.09821317143391,16.854371369424996,41.098805360878,16.854883494497827,41.09862690423968,16.855801764244642
flow_3_1399,41.09790910492778,16.85439222554426,41.09821317143391,16.854371369424996,41.09878814926408,16.854279784852835,41.0989742370114,16.854319313351734
flow_3_1400,41.09790910492778,16.85439222554426,41.09821317143391,16.854371369424996,41.09688679894607,16.854222009568716,41.09667063802659,16.854136985818336
flow_3_1401,41.09790910492778,16.85439222554426,41.09821317143391,16.854371369424996,41.09356405619404,16.847281183170747,41.09287653741932,16.849676627626383
flow_3_1402,41.09790910492778,16.85439222554426,41.09821317143391,16.854371369424996,41.09319536694794,16.85029565321274,41.0917515465328,16.847973810087527
flow_3_1403,41.09790910492778,16.85439222554426,41.09821317143391,16.854371369424996,41.0938910066973,16.847467751127233,41.09338157090906,16.849228712157455
flow_3_1404,41.09790910492778,16.85439222554426,41.09821317143391,16.854371369424996,41.10000725075745,16.85310225196114,41.1000373248635,16.852957349061356
flow_3_1405,41.09790910492778,16.85439222554426,41.09821317143391,16.854371369424996,41.09576913015391,16.84786199393714,41.095624082715545,16.84873938546676
flow_3_1406,41.09790910492778,16.85439222554426,41.09821317143391,16.854371369424996,41.09571950027065,16.85485011877157,41.09580139620255,16.854871355035236
flow_3_1407,41.09790910492778,16.85439222554426,41.09821317143391,16.854371369424996,41.10133204390066,16.849662784092665,41.09702231047879,16.849934177393052
flow_3_1408,41.09790910492778,16.85439222554426,41.09821317143391,16.854371369424996,41.09658937779303,16.849970011954603,41.09319536694794,16.85029565321274
flow_3_1409,41.09790910492778,16.85439222554426,41.09821317143391,16.854371369424996,41.09319536694794,16.85029565321274,41.09203558768891,16.85040097506566
flow_3_1410,41.09790910492778,16.85439222554426,41.09821317143391,16.854371369424996,41.09985490494118,16.854363380911906,41.10001879906208,16.854259633484794
flow_3_1411,41.09790910492778,16.85439222554426,41.09821317143391,16.854371369424996,41.1000081660962,16.854092033262692,41.09998736076528,16.85405834499595
flow_3_1412,41.09790910492778,16.85439222554426,41.09821317143391,16.854371369424996,41.0998657906448,16.854011700784426,41.0997840764074,16.85407989459394
flow_3_1413,41.09790910492778,16.85439222554426,41.09821317143391,16.854371369424996,41.09878814926408,16.854279784852835,41.0987411443374,16.8542061850138
flow_3_1414,41.09790910492778,16.85439222554426,41.09821317143391,16.854371369424996,41.09857803984875,16.854216123443177,41.09850337325547,16.85422140542611
flow_3_1415,41.09790910492778,16.85439222554426,41.09821317143391,16.854371369424996,41.09744212400728,16.854310502764104,41.097366852073485,16.854314219647932
flow_3_1416,41.09790910492778,16.85439222554426,41.09821317143391,16.854371369424996,41.10067445887713,16.85790908558486,41.100701898736745,16.85788878254526
flow_3_1417,41.09790910492778,16.85439222554426,41.09821317143391,16.854371369424996,41.10070616917118,16.85781948119896,41.1006949883477,16.857803447897922
flow_3_1418,41.09790910492778,16.85439222554426,41.09821317143391,16.854371369424996,41.10063414181671,16.857890087546004,41.10064883435636,16.85805137424128
flow_3_1419,41.09821317143391,16.854371369424996,41.09854285153005,16.854348495107093,41.1020203917021,16.84882687676746,41.10283007281504,16.84532742394581
flow_3_1420,41.09821317143391,16.854371369424996,41.09854285153005,16.854348495107093,41.101351288963656,16.848014927829535,41.09728164732345,16.84307858160294
flow_3_1421,41.09821317143391,16.854371369424996,41.09854285153005,16.854348495107093,41.09421243463567,16.847594276471863,41.09371087307764,16.849291052198975
flow_3_1422,41.09821317143391,16.854371369424996,41.09854285153005,16.854348495107093,41.09457433490167,16.847640377504526,41.09431864060897,16.848868036711348
flow_3_1423,41.09821317143391,16.854371369424996,41.09854285153005,16.854348495107093,41.097596631773314,16.853609114834843,41.09633260091152,16.853055976599734
flow_3_1424,41.09821317143391,16.854371369424996,41.09854285153005,16.854348495107093,41.100848149229584,16.852617317751818,41.10207566988899,16.852506071608552
flow_3_1425,41.09821317143391,16.854371369424996,41.09854285153005,16.854348495107093,41.09921039349766,16.857093476263653,41.09931390026017,16.857131876843294
flow_3_1426,41.09821317143391,16.854371369424996,41.09854285153005,16.854348495107093,41.0948531829976,16.854625234616556,41.09474852794223,16.854546207025674
flow_3_1427,41.09821317143391,16.854371369424996,41.09854285153005,16.854348495107093,41.097795170327615,16.8527908424273,41.09810151193486,16.852930909234342
flow_3_1428,41.09821317143391,16.854371369424996,41.09854285153005,16.854348495107093,41.10098576297509,16.85215368870655,41.10069399901464,16.852501766897987
flow_3_1429,41.09821317143391,16.854371369424996,41.09854285153005,16.854348495107093,41.10069399901464,16.852501766897987,41.10014423546408,16.85343368091778
flow_3_1430,41.09821317143391,16.854371369424996,41.09854285153005,16.854348495107093,41.10149846212833,16.851184630435842,41.10098576297509,16.85215368870655
flow_3_1431,41.09821317143391,16.854371369424996,41.09854285153005,16.854348495107093,41.10226128050579,16.84991892625057,41.10236609957379,16.849769208287043
flow_3_1432,41.09821317143391,16.854371369424996,41.09854285153005,16.854348495107093,41.10164696791585,16.849493004994628,41.10155429604601,16.849587453146114
flow_3_1433,41.09821317143391,16.854371369424996,41.09854285153005,16.854348495107093,41.101441674211465,16.850060366797287,41.10162574873644,16.85043277210701
flow_3_1434,41.09821317143391,16.854371369424996,41.09854285153005,16.854348495107093,41.10187323450664,16.850519265700957,41.10226128050579,16.84991892625057
flow_3_1435,41.09821317143391,16.854371369424996,41.09854285153005,16.854348495107093,41.10226128050579,16.84991892625057,41.10212098795253,16.849557273781752
flow_3_1436,41.09821317143391,16.854371369424996,41.09854285153005,16.854348495107093,41.10202949742299,16.849477185555482,41.101893052359,16.84942560576533
flow_3_1437,41.09821317143391,16.854371369424996,41.09854285153005,16.854348495107093,41.09848309553264,16.84824790691432,41.09797137080637,16.849701951782066
flow_3_1438,41.09821317143391,16.854371369424996,41.09854285153005,16.854348495107093,41.10178918891531,16.848691071158175,41.10226374108996,16.849199159034608
flow_3_1439,41.09821317143391,16.854371369424996,41.09854285153005,16.854348495107093,41.10064507934617,16.857798349652736,41.10063306420042,16.857811704770633
flow_3_1440,41.09821317143391,16.854371369424996,41.09854285153005,16.854348495107093,41.100629061952446,16.857881132677438,41.10063414181671,16.857890087546004
flow_3_1441,41.09821317143391,16.854371369424996,41.09854285153005,16.854348495107093,41.098013091446674,16.85068225103151,41.09797643244636,16.850614898699735
flow_3_1442,41.09821317143391,16.854371369424996,41.09854285153005,16.854348495107093,41.09356405619404,16.847281183170747,41.09213809529099,16.84656162436391
flow_3_1443,41.09821317143391,16.854371369424996,41.09854285153005,16.854348495107093,41.09874388317417,16.854662669666943,41.098789979203126,16.85480947432754
flow_3_1444,41.09821317143391,16.854371369424996,41.09854285153005,16.854348495107093,41.098805360878,16.854883494497827,41.09862690423968,16.855801764244642
flow_3_1445,41.09821317143391,16.854371369424996,41.09854285153005,16.854348495107093,41.09878814926408,16.854279784852835,41.0989742370114,16.854319313351734
flow_3_1446,41.09821317143391,16.854371369424996,41.09854285153005,16.854348495107093,41.09688679894607,16.854222009568716,41.09667063802659,16.854136985818336
flow_3_1447,41.09821317143391,16.854371369424996,41.09854285153005,16.854348495107093,41.09356405619404,16.847281183170747,41.09287653741932,16.849676627626383
flow_3_1448,41.09821317143391,16.854371369424996,41.09854285153005,16.854348495107093,41.09319536694794,16.85029565321274,41.0917515465328,16.847973810087527
flow_3_1449,41.09821317143391,16.854371369424996,41.09854285153005,16.854348495107093,41.0938910066973,16.847467751127233,41.09338157090906,16.849228712157455
flow_3_1450,41.09821317143391,16.854371369424996,41.09854285153005,16.854348495107093,41.10000725075745,16.85310225196114,41.1000373248635,16.852957349061356
flow_3_1451,41.09821317143391,16.854371369424996,41.09854285153005,16.854348495107093,41.09576913015391,16.84786199393714,41.095624082715545,16.84873938546676
flow_3_1452,41.09821317143391,16.854371369424996,41.09854285153005,16.854348495107093,41.09571950027065,16.85485011877157,41.09580139620255,16.854871355035236
flow_3_1453,41.09821317143391,16.854371369424996,41.09854285153005,16.854348495107093,41.10133204390066,16.849662784092665,41.09702231047879,16.849934177393052
flow_3_1454,41.09821317143391,16.854371369424996,41.09854285153005,16.854348495107093,41.09658937779303,16.849970011954603,41.09319536694794,16.85029565321274
flow_3_1455,41.09821317143391,16.854371369424996,41.09854285153005,16.854348495107093,41.09319536694794,16.85029565321274,41.09203558768891,16.85040097506566
flow_3_1456,41.09821317143391,16.854371369424996,41.09854285153005,16.854348495107093,41.09985490494118,16.854363380911906,41.10001879906208,16.854259633484794
flow_3_1457,41.09821317143391,16.854371369424996,41.09854285153005,16.854348495107093,41.1000081660962,16.854092033262692,41.09998736076528,16.85405834499595
flow_3_1458,41.09821317143391,16.854371369424996,41.09854285153005,16.854348495107093,41.0998657906448,16.854011700784426,41.0997840764074,16.85407989459394
flow_3_1459,41.09821317143391,16.854371369424996,41.09854285153005,16.854348495107093,41.09878814926408,16.854279784852835,41.0987411443374,16.8542061850138
flow_3_1460,41.09821317143391,16.854371369424996,41.09854285153005,16.854348495107093,41.09857803984875,16.854216123443177,41.09850337325547,16.85422140542611
flow_3_1461,41.09821317143391,16.854371369424996,41.09854285153005,16.854348495107093,41.09744212400728,16.854310502764104,41.097366852073485,16.854314219647932
flow_3_1462,41.09821317143391,16.854371369424996,41.09854285153005,16.854348495107093,41.10067445887713,16.85790908558486,41.100701898736745,16.85788878254526
flow_3_1463,41.09821317143391,16.854371369424996,41.09854285153005,16.854348495107093,41.10070616917118,16.85781948119896,41.1006949883477,16.857803447897922
flow_3_1464,41.09821317143391,16.854371369424996,41.09854285153005,16.854348495107093,41.10063414181671,16.857890087546004,41.10064883435636,16.85805137424128
flow_3_1465,41.09189616611087,16.850540292049548,41.09313433036535,16.850433720166855,41.1020203917021,16.84882687676746,41.10283007281504,16.84532742394581
flow_3_1466,41.09189616611087,16.850540292049548,41.09313433036535,16.850433720166855,41.101351288963656,16.848014927829535,41.09728164732345,16.84307858160294
flow_3_1467,41.09189616611087,16.850540292049548,41.09313433036535,16.850433720166855,41.09421243463567,16.847594276471863,41.09371087307764,16.849291052198975
flow_3_1468,41.09189616611087,16.850540292049548,41.09313433036535,16.850433720166855,41.09457433490167,16.847640377504526,41.09431864060897,16.848868036711348
flow_3_1469,41.09189616611087,16.850540292049548,41.09313433036535,16.850433720166855,41.097596631773314,16.853609114834843,41.09633260091152,16.853055976599734
flow_3_1470,41.09189616611087,16.850540292049548,41.09313433036535,16.850433720166855,41.100848149229584,16.852617317751818,41.10207566988899,16.852506071608552
flow_3_1471,41.09189616611087,16.850540292049548,41.09313433036535,16.850433720166855,41.09921039349766,16.857093476263653,41.09931390026017,16.857131876843294
flow_3_1472,41.09189616611087,16.850540292049548,41.09313433036535,16.850433720166855,41.0948531829976,16.854625234616556,41.09474852794223,16.854546207025674
flow_3_1473,41.09189616611087,16.850540292049548,41.09313433036535,16.850433720166855,41.097795170327615,16.8527908424273,41.09810151193486,16.852930909234342
flow_3_1474,41.09189616611087,16.850540292049548,41.09313433036535,16.850433720166855,41.10051189890034,16.849787302289965,41.1006659258462,16.849798531807142
flow_3_1475,41.09189616611087,16.850540292049548,41.09313433036535,16.850433720166855,41.10098576297509,16.85215368870655,41.10069399901464,16.852501766897987
flow_3_1476,41.09189616611087,16.850540292049548,41.09313433036535,16.850433720166855,41.10069399901464,16.852501766897987,41.10014423546408,16.85343368091778
flow_3_1477,41.09189616611087,16.850540292049548,41.09313433036535,16.850433720166855,41.10149846212833,16.851184630435842,41.10098576297509,16.85215368870655
flow_3_1478,41.09189616611087,16.850540292049548,41.09313433036535,16.850433720166855,41.10226128050579,16.84991892625057,41.10236609957379,16.849769208287043
flow_3_1479,41.09189616611087,16.850540292049548,41.09313433036535,16.850433720166855,41.10164696791585,16.849493004994628,41.10155429604601,16.849587453146114
flow_3_1480,41.09189616611087,16.850540292049548,41.09313433036535,16.850433720166855,41.101441674211465,16.850060366797287,41.10162574873644,16.85043277210701
flow_3_1481,41.09189616611087,16.850540292049548,41.09313433036535,16.850433720166855,41.10187323450664,16.850519265700957,41.10226128050579,16.84991892625057
flow_3_1482,41.09189616611087,16.850540292049548,41.09313433036535,16.850433720166855,41.10226128050579,16.84991892625057,41.10212098795253,16.849557273781752
flow_3_1483,41.09189616611087,16.850540292049548,41.09313433036535,16.850433720166855,41.10202949742299,16.849477185555482,41.101893052359,16.84942560576533
flow_3_1484,41.09189616611087,16.850540292049548,41.09313433036535,16.850433720166855,41.09848309553264,16.84824790691432,41.09797137080637,16.849701951782066
flow_3_1485,41.09189616611087,16.850540292049548,41.09313433036535,16.850433720166855,41.10178918891531,16.848691071158175,41.10226374108996,16.849199159034608
flow_3_1486,41.09189616611087,16.850540292049548,41.09313433036535,16.850433720166855,41.10064507934617,16.857798349652736,41.10063306420042,16.857811704770633
flow_3_1487,41.09189616611087,16.850540292049548,41.09313433036535,16.850433720166855,41.100629061952446,16.857881132677438,41.10063414181671,16.857890087546004
flow_3_1488,41.09189616611087,16.850540292049548,41.09313433036535,16.850433720166855,41.098013091446674,16.85068225103151,41.09797643244636,16.850614898699735
flow_3_1489,41.09189616611087,16.850540292049548,41.09313433036535,16.850433720166855,41.09356405619404,16.847281183170747,41.09213809529099,16.84656162436391
flow_3_1490,41.09189616611087,16.850540292049548,41.09313433036535,16.850433720166855,41.09874388317417,16.854662669666943,41.098789979203126,16.85480947432754
flow_3_1491,41.09189616611087,16.850540292049548,41.09313433036535,16.850433720166855,41.098805360878,16.854883494497827,41.09862690423968,16.855801764244642
flow_3_1492,41.09189616611087,16.850540292049548,41.09313433036535,16.850433720166855,41.09878814926408,16.854279784852835,41.0989742370114,16.854319313351734
flow_3_1493,41.09189616611087,16.850540292049548,41.09313433036535,16.850433720166855,41.09688679894607,16.854222009568716,41.09667063802659,16.854136985818336
flow_3_1494,41.09189616611087,16.850540292049548,41.09313433036535,16.850433720166855,41.09356405619404,16.847281183170747,41.09287653741932,16.849676627626383
flow_3_1495,41.09189616611087,16.850540292049548,41.09313433036535,16.850433720166855,41.0940327747926,16.850352614677977,41.09648897449715,16.850130795111177
flow_3_1496,41.09189616611087,16.850540292049548,41.09313433036535,16.850433720166855,41.09313433036535,16.850433720166855,41.0940327747926,16.850352614677977
flow_3_1497,41.09189616611087,16.850540292049548,41.09313433036535,16.850433720166855,41.09683279322879,16.85010246225888,41.10051189890034,16.849787302289965
flow_3_1498,41.09189616611087,16.850540292049548,41.09313433036535,16.850433720166855,41.09319536694794,16.85029565321274,41.0917515465328,16.847973810087527
flow_3_1499,41.09189616611087,16.850540292049548,41.09313433036535,16.850433720166855,41.0938910066973,16.847467751127233,41.09338157090906,16.849228712157455
flow_3_1500,41.09189616611087,16.850540292049548,41.09313433036535,16.850433720166855,41.10000725075745,16.85310225196114,41.1000373248635,16.852957349061356
flow_3_1501,41.09189616611087,16.850540292049548,41.09313433036535,16.850433720166855,41.09576913015391,16.84786199393714,41.095624082715545,16.84873938546676
flow_3_1502,41.09189616611087,16.850540292049548,41.09313433036535,16.850433720166855,41.09571950027065,16.85485011877157,41.09580139620255,16.854871355035236
flow_3_1503,41.09189616611087,16.850540292049548,41.09313433036535,16.850433720166855,41.10133204390066,16.849662784092665,41.09702231047879,16.849934177393052
flow_3_1504,41.09189616611087,16.850540292049548,41.09313433036535,16.850433720166855,41.09658937779303,16.849970011954603,41.09319536694794,16.85029565321274
flow_3_1505,41.09189616611087,16.850540292049548,41.09313433036535,16.850433720166855,41.09319536694794,16.85029565321274,41.09203558768891,16.85040097506566
flow_3_1506,41.09189616611087,16.850540292049548,41.09313433036535,16.850433720166855,41.09985490494118,16.854363380911906,41.10001879906208,16.854259633484794
flow_3_1507,41.09189616611087,16.850540292049548,41.09313433036535,16.850433720166855,41.1000081660962,16.854092033262692,41.09998736076528,16.85405834499595
flow_3_1508,41.09189616611087,16.850540292049548,41.09313433036535,16.850433720166855,41.0998657906448,16.854011700784426,41.0997840764074,16.85407989459394
flow_3_1509,41.09189616611087,16.850540292049548,41.09313433036535,16.850433720166855,41.09878814926408,16.854279784852835,41.0987411443374,16.8542061850138
flow_3_1510,41.09189616611087,16.850540292049548,41.09313433036535,16.850433720166855,41.09857803984875,16.854216123443177,41.09850337325547,16.85422140542611
flow_3_1511,41.09189616611087,16.850540292049548,41.09313433036535,16.850433720166855,41.09744212400728,16.854310502764104,41.097366852073485,16.854314219647932
flow_3_1512,41.09189616611087,16.850540292049548,41.09313433036535,16.850433720166855,41.10067445887713,16.85790908558486,41.100701898736745,16.85788878254526
flow_3_1513,41.09189616611087,16.850540292049548,41.09313433036535,16.850433720166855,41.10070616917118,16.85781948119896,41.1006949883477,16.857803447897922
flow_3_1514,41.09189616611087,16.850540292049548,41.09313433036535,16.850433720166855,41.10063414181671,16.857890087546004,41.10064883435636,16.85805137424128
flow_3_1515,41.0940327747926,16.850352614677977,41.09648897449715,16.850130795111177,41.1020203917021,16.84882687676746,41.10283007281504,16.84532742394581
flow_3_1516,41.0940327747926,16.850352614677977,41.09648897449715,16.850130795111177,41.101351288963656,16.848014927829535,41.09728164732345,16.84307858160294
flow_3_1517,41.0940327747926,16.850352614677977,41.09648897449715,16.850130795111177,41.09421243463567,16.847594276471863,41.09371087307764,16.849291052198975
flow_3_1518,41.0940327747926,16.850352614677977,41.09648897449715,16.850130795111177,41.09457433490167,16.847640377504526,41.09431864060897,16.848868036711348
flow_3_1519,41.0940327747926,16.850352614677977,41.09648897449715,16.850130795111177,41.097596631773314,16.853609114834843,41.09633260091152,16.853055976599734
flow_3_1520,41.0940327747926,16.850352614677977,41.09648897449715,16.850130795111177,41.100848149229584,16.852617317751818,41.10207566988899,16.852506071608552
flow_3_1521,41.0940327747926,16.850352614677977,41.09648897449715,16.850130795111177,41.09921039349766,16.857093476263653,41.09931390026017,16.857131876843294
flow_3_1522,41.0940327747926,16.850352614677977,41.09648897449715,16.850130795111177,41.0948531829976,16.854625234616556,41.09474852794223,16.854546207025674
flow_3_1523,41.0940327747926,16.850352614677977,41.09648897449715,16.850130795111177,41.097795170327615,16.8527908424273,41.09810151193486,16.852930909234342
flow_3_1524,41.0940327747926,16.850352614677977,41.09648897449715,16.850130795111177,41.10051189890034,16.849787302289965,41.1006659258462,16.849798531807142
flow_3_1525,41.0940327747926,16.850352614677977,41.09648897449715,16.850130795111177,41.10098576297509,16.85215368870655,41.10069399901464,16.852501766897987
flow_3_1526,41.0940327747926,16.850352614677977,41.09648897449715,16.850130795111177,41.10069399901464,16.852501766897987,41.10014423546408,16.85343368091778
flow_3_1527,41.0940327747926,16.850352614677977,41.09648897449715,16.850130795111177,41.10149846212833,16.851184630435842,41.10098576297509,16.85215368870655
flow_3_1528,41.0940327747926,16.850352614677977,41.09648897449715,16.850130795111177,41.10226128050579,16.84991892625057,41.10236609957379,16.849769208287043
flow_3_1529,41.0940327747926,16.850352614677977,41.09648897449715,16.850130795111177,41.10164696791585,16.849493004994628,41.10155429604601,16.849587453146114
flow_3_1530,41.0940327747926,16.850352614677977,41.09648897449715,16.850130795111177,41.101441674211465,16.850060366797287,41.10162574873644,16.85043277210701
flow_3_1531,41.0940327747926,16.850352614677977,41.09648897449715,16.850130795111177,41.10187323450664,16.850519265700957,41.10226128050579,16.84991892625057
flow_3_1532,41.0940327747926,16.850352614677977,41.09648897449715,16.850130795111177,41.10226128050579,16.84991892625057,41.10212098795253,16.849557273781752
flow_3_1533,41.0940327747926,16.850352614677977,41.09648897449715,16.850130795111177,41.10202949742299,16.849477185555482,41.101893052359,16.84942560576533
flow_3_1534,41.0940327747926,16.850352614677977,41.09648897449715,16.850130795111177,41.09848309553264,16.84824790691432,41.09797137080637,16.849701951782066
flow_3_1535,41.0940327747926,16.850352614677977,41.09648897449715,16.850130795111177,41.10178918891531,16.848691071158175,41.10226374108996,16.849199159034608
flow_3_1536,41.0940327747926,16.850352614677977,41.09648897449715,16.850130795111177,41.10064507934617,16.857798349652736,41.10063306420042,16.857811704770633
flow_3_1537,41.0940327747926,16.850352614677977,41.09648897449715,16.850130795111177,41.100629061952446,16.857881132677438,41.10063414181671,16.857890087546004
flow_3_1538,41.0940327747926,16.850352614677977,41.09648897449715,16.850130795111177,41.098013091446674,16.85068225103151,41.09797643244636,16.850614898699735
flow_3_1539,41.0940327747926,16.850352614677977,41.09648897449715,16.850130795111177,41.09356405619404,16.847281183170747,41.09213809529099,16.84656162436391
flow_3_1540,41.0940327747926,16.850352614677977,41.09648897449715,16.850130795111177,41.09874388317417,16.854662669666943,41.098789979203126,16.85480947432754
flow_3_1541,41.0940327747926,16.850352614677977,41.09648897449715,16.850130795111177,41.098805360878,16.854883494497827,41.09862690423968,16.855801764244642
flow_3_1542,41.0940327747926,16.850352614677977,41.09648897449715,16.850130795111177,41.09878814926408,16.854279784852835,41.0989742370114,16.854319313351734
flow_3_1543,41.0940327747926,16.850352614677977,41.09648897449715,16.850130795111177,41.09688679894607,16.854222009568716,41.09667063802659,16.854136985818336
flow_3_1544,41.0940327747926,16.850352614677977,41.09648897449715,16.850130795111177,41.09356405619404,16.847281183170747,41.09287653741932,16.849676627626383
flow_3_1545,41.0940327747926,16.850352614677977,41.09648897449715,16.850130795111177,41.09683279322879,16.85010246225888,41.10051189890034,16.849787302289965
flow_3_1546,41.0940327747926,16.850352614677977,41.09648897449715,16.850130795111177,41.09319536694794,16.85029565321274,41.0917515465328,16.847973810087527
flow_3_1547,41.0940327747926,16.850352614677977,41.09648897449715,16.850130795111177,41.0938910066973,16.847467751127233,41.09338157090906,16.849228712157455
flow_3_1548,41.0940327747926,16.850352614677977,41.09648897449715,16.850130795111177,41.10000725075745,16.85310225196114,41.1000373248635,16.852957349061356
flow_3_1549,41.0940327747926,16.850352614677977,41.09648897449715,16.850130795111177,41.09576913015391,16.84786199393714,41.095624082715545,16.84873938546676
flow_3_1550,41.0940327747926,16.850352614677977,41.09648897449715,16.850130795111177,41.09571950027065,16.85485011877157,41.09580139620255,16.854871355035236
flow_3_1551,41.0940327747926,16.850352614677977,41.09648897449715,16.850130795111177,41.10133204390066,16.849662784092665,41.09702231047879,16.849934177393052
flow_3_1552,41.0940327747926,16.850352614677977,41.09648897449715,16.850130795111177,41.09658937779303,16.849970011954603,41.09319536694794,16.85029565321274
flow_3_1553,41.0940327747926,16.850352614677977,41.09648897449715,16.850130795111177,41.09319536694794,16.85029565321274,41.09203558768891,16.85040097506566
flow_3_1554,41.0940327747926,16.850352614677977,41.09648897449715,16.850130795111177,41.09985490494118,16.854363380911906,41.10001879906208,16.854259633484794
flow_3_1555,41.0940327747926,16.850352614677977,41.09648897449715,16.850130795111177,41.1000081660962,16.854092033262692,41.09998736076528,16.85405834499595
flow_3_1556,41.0940327747926,16.850352614677977,41.09648897449715,16.850130795111177,41.0998657906448,16.854011700784426,41.0997840764074,16.85407989459394
flow_3_1557,41.0940327747926,16.850352614677977,41.09648897449715,16.850130795111177,41.09878814926408,16.854279784852835,41.0987411443374,16.8542061850138
flow_3_1558,41.0940327747926,16.850352614677977,41.09648897449715,16.850130795111177,41.09857803984875,16.854216123443177,41.09850337325547,16.85422140542611
flow_3_1559,41.0940327747926,16.850352614677977,41.09648897449715,16.850130795111177,41.09744212400728,16.854310502764104,41.097366852073485,16.854314219647932
flow_3_1560,41.0940327747926,16.850352614677977,41.09648897449715,16.850130795111177,41.10067445887713,16.85790908558486,41.100701898736745,16.85788878254526
flow_3_1561,41.0940327747926,16.850352614677977,41.09648897449715,16.850130795111177,41.10070616917118,16.85781948119896,41.1006949883477,16.857803447897922
flow_3_1562,41.0940327747926,16.850352614677977,41.09648897449715,16.850130795111177,41.10063414181671,16.857890087546004,41.10064883435636,16.85805137424128
flow_3_1563,41.09313433036535,16.850433720166855,41.0940327747926,16.850352614677977,41.1020203917021,16.84882687676746,41.10283007281504,16.84532742394581
flow_3_1564,41.09313433036535,16.850433720166855,41.0940327747926,16.850352614677977,41.101351288963656,16.848014927829535,41.09728164732345,16.84307858160294
flow_3_1565,41.09313433036535,16.850433720166855,41.0940327747926,16.850352614677977,41.09421243463567,16.847594276471863,41.09371087307764,16.849291052198975
flow_3_1566,41.09313433036535,16.850433720166855,41.0940327747926,16.850352614677977,41.09457433490167,16.847640377504526,41.09431864060897,16.848868036711348
flow_3_1567,41.09313433036535,16.850433720166855,41.0940327747926,16.850352614677977,41.097596631773314,16.853609114834843,41.09633260091152,16.853055976599734
flow_3_1568,41.09313433036535,16.850433720166855,41.0940327747926,16.850352614677977,41.100848149229584,16.852617317751818,41.10207566988899,16.852506071608552
flow_3_1569,41.09313433036535,16.850433720166855,41.0940327747926,16.850352614677977,41.09921039349766,16.857093476263653,41.09931390026017,16.857131876843294
flow_3_1570,41.09313433036535,16.850433720166855,41.0940327747926,16.850352614677977,41.0948531829976,16.854625234616556,41.09474852794223,16.854546207025674
flow_3_1571,41.09313433036535,16.850433720166855,41.0940327747926,16.850352614677977,41.097795170327615,16.8527908424273,41.09810151193486,16.852930909234342
flow_3_1572,41.09313433036535,16.850433720166855,41.0940327747926,16.850352614677977,41.10051189890034,16.849787302289965,41.1006659258462,16.849798531807142
flow_3_1573,41.09313433036535,16.850433720166855,41.0940327747926,16.850352614677977,41.10098576297509,16.85215368870655,41.10069399901464,16.852501766897987
flow_3_1574,41.09313433036535,16.850433720166855,41.0940327747926,16.850352614677977,41.10069399901464,16.852501766897987,41.10014423546408,16.85343368091778
flow_3_1575,41.09313433036535,16.850433720166855,41.0940327747926,16.850352614677977,41.10149846212833,16.851184630435842,41.10098576297509,16.85215368870655
flow_3_1576,41.09313433036535,16.850433720166855,41.0940327747926,16.850352614677977,41.10226128050579,16.84991892625057,41.10236609957379,16.849769208287043
flow_3_1577,41.09313433036535,16.850433720166855,41.0940327747926,16.850352614677977,41.10164696791585,16.849493004994628,41.10155429604601,16.849587453146114
flow_3_1578,41.09313433036535,16.850433720166855,41.0940327747926,16.850352614677977,41.101441674211465,16.850060366797287,41.10162574873644,16.85043277210701
flow_3_1579,41.09313433036535,16.850433720166855,41.0940327747926,16.850352614677977,41.10187323450664,16.850519265700957,41.10226128050579,16.84991892625057
flow_3_1580,41.09313433036535,16.850433720166855,41.0940327747926,16.850352614677977,41.10226128050579,16.84991892625057,41.10212098795253,16.849557273781752
flow_3_1581,41.09313433036535,16.850433720166855,41.0940327747926,16.850352614677977,41.10202949742299,16.849477185555482,41.101893052359,16.84942560576533
flow_3_1582,41.09313433036535,16.850433720166855,41.0940327747926,16.850352614677977,41.09848309553264,16.84824790691432,41.09797137080637,16.849701951782066
flow_3_1583,41.09313433036535,16.850433720166855,41.0940327747926,16.850352614677977,41.10178918891531,16.848691071158175,41.10226374108996,16.849199159034608
flow_3_1584,41.09313433036535,16.850433720166855,41.0940327747926,16.850352614677977,41.10064507934617,16.857798349652736,41.10063306420042,16.857811704770633
flow_3_1585,41.09313433036535,16.850433720166855,41.0940327747926,16.850352614677977,41.100629061952446,16.857881132677438,41.10063414181671,16.857890087546004
flow_3_1586,41.09313433036535,16.850433720166855,41.0940327747926,16.850352614677977,41.098013091446674,16.85068225103151,41.09797643244636,16.850614898699735
flow_3_1587,41.09313433036535,16.850433720166855,41.0940327747926,16.850352614677977,41.09356405619404,16.847281183170747,41.09213809529099,16.84656162436391
flow_3_1588,41.09313433036535,16.850433720166855,41.0940327747926,16.850352614677977,41.09874388317417,16.854662669666943,41.098789979203126,16.85480947432754
flow_3_1589,41.09313433036535,16.850433720166855,41.0940327747926,16.850352614677977,41.098805360878,16.854883494497827,41.09862690423968,16.855801764244642
flow_3_1590,41.09313433036535,16.850433720166855,41.0940327747926,16.850352614677977,41.09878814926408,16.854279784852835,41.0989742370114,16.854319313351734
flow_3_1591,41.09313433036535,16.850433720166855,41.0940327747926,16.850352614677977,41.09688679894607,16.854222009568716,41.09667063802659,16.854136985818336
flow_3_1592,41.09313433036535,16.850433720166855,41.0940327747926,16.850352614677977,41.09356405619404,16.847281183170747,41.09287653741932,16.849676627626383
flow_3_1593,41.09313433036535,16.850433720166855,41.0940327747926,16.850352614677977,41.0940327747926,16.850352614677977,41.09648897449715,16.850130795111177
flow_3_1594,41.09313433036535,16.850433720166855,41.0940327747926,16.850352614677977,41.09683279322879,16.85010246225888,41.10051189890034,16.849787302289965
flow_3_1595,41.09313433036535,16.850433720166855,41.0940327747926,16.850352614677977,41.09319536694794,16.85029565321274,41.0917515465328,16.847973810087527
flow_3_1596,41.09313433036535,16.850433720166855,41.0940327747926,16.850352614677977,41.0938910066973,16.847467751127233,41.09338157090906,16.849228712157455
flow_3_1597,41.09313433036535,16.850433720166855,41.0940327747926,16.850352614677977,41.10000725075745,16.85310225196114,41.1000373248635,16.852957349061356
flow_3_1598,41.09313433036535,16.850433720166855,41.0940327747926,16.850352614677977,41.09576913015391,16.84786199393714,41.095624082715545,16.84873938546676
flow_3_1599,41.09313433036535,16.850433720166855,41.0940327747926,16.850352614677977,41.09571950027065,16.85485011877157,41.09580139620255,16.854871355035236
flow_3_1600,41.09313433036535,16.850433720166855,41.0940327747926,16.850352614677977,41.10133204390066,16.849662784092665,41.09702231047879,16.849934177393052
flow_3_1601,41.09313433036535,16.850433720166855,41.0940327747926,16.850352614677977,41.09658937779303,16.849970011954603,41.09319536694794,16.85029565321274
flow_3_1602,41.09313433036535,16.850433720166855,41.0940327747926,16.850352614677977,41.09319536694794,16.85029565321274,41.09203558768891,16.85040097506566
flow_3_1603,41.09313433036535,16.850433720166855,41.0940327747926,16.850352614677977,41.09985490494118,16.854363380911906,41.10001879906208,16.854259633484794
flow_3_1604,41.09313433036535,16.850433720166855,41.0940327747926,16.850352614677977,41.1000081660962,16.854092033262692,41.09998736076528,16.85405834499595
flow_3_1605,41.09313433036535,16.850433720166855,41.0940327747926,16.850352614677977,41.0998657906448,16.854011700784426,41.0997840764074,16.85407989459394
flow_3_1606,41.09313433036535,16.850433720166855,41.0940327747926,16.850352614677977,41.09878814926408,16.854279784852835,41.0987411443374,16.8542061850138
flow_3_1607,41.09313433036535,16.850433720166855,41.0940327747926,16.850352614677977,41.09857803984875,16.854216123443177,41.09850337325547,16.85422140542611
flow_3_1608,41.09313433036535,16.850433720166855,41.0940327747926,16.850352614677977,41.09744212400728,16.854310502764104,41.097366852073485,16.854314219647932
flow_3_1609,41.09313433036535,16.850433720166855,41.0940327747926,16.850352614677977,41.10067445887713,16.85790908558486,41.100701898736745,16.85788878254526
flow_3_1610,41.09313433036535,16.850433720166855,41.0940327747926,16.850352614677977,41.10070616917118,16.85781948119896,41.1006949883477,16.857803447897922
flow_3_1611,41.09313433036535,16.850433720166855,41.0940327747926,16.850352614677977,41.10063414181671,16.857890087546004,41.10064883435636,16.85805137424128
flow_3_1612,41.09683279322879,16.85010246225888,41.10051189890034,16.849787302289965,41.1020203917021,16.84882687676746,41.10283007281504,16.84532742394581
flow_3_1613,41.09683279322879,16.85010246225888,41.10051189890034,16.849787302289965,41.101351288963656,16.848014927829535,41.09728164732345,16.84307858160294
flow_3_1614,41.09683279322879,16.85010246225888,41.10051189890034,16.849787302289965,41.09421243463567,16.847594276471863,41.09371087307764,16.849291052198975
flow_3_1615,41.09683279322879,16.85010246225888,41.10051189890034,16.849787302289965,41.09457433490167,16.847640377504526,41.09431864060897,16.848868036711348
flow_3_1616,41.09683279322879,16.85010246225888,41.10051189890034,16.849787302289965,41.097596631773314,16.853609114834843,41.09633260091152,16.853055976599734
flow_3_1617,41.09683279322879,16.85010246225888,41.10051189890034,16.849787302289965,41.100848149229584,16.852617317751818,41.10207566988899,16.852506071608552
flow_3_1618,41.09683279322879,16.85010246225888,41.10051189890034,16.849787302289965,41.09921039349766,16.857093476263653,41.09931390026017,16.857131876843294
flow_3_1619,41.09683279322879,16.85010246225888,41.10051189890034,16.849787302289965,41.0948531829976,16.854625234616556,41.09474852794223,16.854546207025674
flow_3_1620,41.09683279322879,16.85010246225888,41.10051189890034,16.849787302289965,41.097795170327615,16.8527908424273,41.09810151193486,16.852930909234342
flow_3_1621,41.09683279322879,16.85010246225888,41.10051189890034,16.849787302289965,41.10051189890034,16.849787302289965,41.1006659258462,16.849798531807142
flow_3_1622,41.09683279322879,16.85010246225888,41.10051189890034,16.849787302289965,41.10098576297509,16.85215368870655,41.10069399901464,16.852501766897987
flow_3_1623,41.09683279322879,16.85010246225888,41.10051189890034,16.849787302289965,41.10069399901464,16.852501766897987,41.10014423546408,16.85343368091778
flow_3_1624,41.09683279322879,16.85010246225888,41.10051189890034,16.849787302289965,41.10149846212833,16.851184630435842,41.10098576297509,16.85215368870655
flow_3_1625,41.09683279322879,16.85010246225888,41.10051189890034,16.849787302289965,41.10226128050579,16.84991892625057,41.10236609957379,16.849769208287043
flow_3_1626,41.09683279322879,16.85010246225888,41.10051189890034,16.849787302289965,41.10164696791585,16.849493004994628,41.10155429604601,16.849587453146114
flow_3_1627,41.09683279322879,16.85010246225888,41.10051189890034,16.849787302289965,41.101441674211465,16.850060366797287,41.10162574873644,16.85043277210701
flow_3_1628,41.09683279322879,16.85010246225888,41.10051189890034,16.849787302289965,41.10187323450664,16.850519265700957,41.10226128050579,16.84991892625057
flow_3_1629,41.09683279322879,16.85010246225888,41.10051189890034,16.849787302289965,41.10226128050579,16.84991892625057,41.10212098795253,16.849557273781752
flow_3_1630,41.09683279322879,16.85010246225888,41.10051189890034,16.849787302289965,41.10202949742299,16.849477185555482,41.101893052359,16.84942560576533
flow_3_1631,41.09683279322879,16.85010246225888,41.10051189890034,16.849787302289965,41.09848309553264,16.84824790691432,41.09797137080637,16.849701951782066
flow_3_1632,41.09683279322879,16.85010246225888,41.10051189890034,16.849787302289965,41.10178918891531,16.848691071158175,41.10226374108996,16.849199159034608
flow_3_1633,41.09683279322879,16.85010246225888,41.10051189890034,16.849787302289965,41.10064507934617,16.857798349652736,41.10063306420042,16.857811704770633
flow_3_1634,41.09683279322879,16.85010246225888,41.10051189890034,16.849787302289965,41.100629061952446,16.857881132677438,41.10063414181671,16.857890087546004
flow_3_1635,41.09683279322879,16.85010246225888,41.10051189890034,16.849787302289965,41.098013091446674,16.85068225103151,41.09797643244636,16.850614898699735
flow_3_1636,41.09683279322879,16.85010246225888,41.10051189890034,16.849787302289965,41.09356405619404,16.847281183170747,41.09213809529099,16.84656162436391
flow_3_1637,41.09683279322879,16.85010246225888,41.10051189890034,16.849787302289965,41.09874388317417,16.854662669666943,41.098789979203126,16.85480947432754
flow_3_1638,41.09683279322879,16.85010246225888,41.10051189890034,16.849787302289965,41.098805360878,16.854883494497827,41.09862690423968,16.855801764244642
flow_3_1639,41.09683279322879,16.85010246225888,41.10051189890034,16.849787302289965,41.09878814926408,16.854279784852835,41.0989742370114,16.854319313351734
flow_3_1640,41.09683279322879,16.85010246225888,41.10051189890034,16.849787302289965,41.09688679894607,16.854222009568716,41.09667063802659,16.854136985818336
flow_3_1641,41.09683279322879,16.85010246225888,41.10051189890034,16.849787302289965,41.09356405619404,16.847281183170747,41.09287653741932,16.849676627626383
flow_3_1642,41.09683279322879,16.85010246225888,41.10051189890034,16.849787302289965,41.09319536694794,16.85029565321274,41.0917515465328,16.847973810087527
flow_3_1643,41.09683279322879,16.85010246225888,41.10051189890034,16.849787302289965,41.0938910066973,16.847467751127233,41.09338157090906,16.849228712157455
flow_3_1644,41.09683279322879,16.85010246225888,41.10051189890034,16.849787302289965,41.10000725075745,16.85310225196114,41.1000373248635,16.852957349061356
flow_3_1645,41.09683279322879,16.85010246225888,41.10051189890034,16.849787302289965,41.09576913015391,16.84786199393714,41.095624082715545,16.84873938546676
flow_3_1646,41.09683279322879,16.85010246225888,41.10051189890034,16.849787302289965,41.09571950027065,16.85485011877157,41.09580139620255,16.854871355035236
flow_3_1647,41.09683279322879,16.85010246225888,41.10051189890034,16.849787302289965,41.10133204390066,16.849662784092665,41.09702231047879,16.849934177393052
flow_3_1648,41.09683279322879,16.85010246225888,41.10051189890034,16.849787302289965,41.09658937779303,16.849970011954603,41.09319536694794,16.85029565321274
flow_3_1649,41.09683279322879,16.85010246225888,41.10051189890034,16.849787302289965,41.09319536694794,16.85029565321274,41.09203558768891,16.85040097506566
flow_3_1650,41.09683279322879,16.85010246225888,41.10051189890034,16.849787302289965,41.09985490494118,16.854363380911906,41.10001879906208,16.854259633484794
flow_3_1651,41.09683279322879,16.85010246225888,41.10051189890034,16.849787302289965,41.1000081660962,16.854092033262692,41.09998736076528,16.85405834499595
flow_3_1652,41.09683279322879,16.85010246225888,41.10051189890034,16.849787302289965,41.0998657906448,16.854011700784426,41.0997840764074,16.85407989459394
flow_3_1653,41.09683279322879,16.85010246225888,41.10051189890034,16.849787302289965,41.09878814926408,16.854279784852835,41.0987411443374,16.8542061850138
flow_3_1654,41.09683279322879,16.85010246225888,41.10051189890034,16.849787302289965,41.09857803984875,16.854216123443177,41.09850337325547,16.85422140542611
flow_3_1655,41.09683279322879,16.85010246225888,41.10051189890034,16.849787302289965,41.09744212400728,16.854310502764104,41.097366852073485,16.854314219647932
flow_3_1656,41.09683279322879,16.85010246225888,41.10051189890034,16.849787302289965,41.10067445887713,16.85790908558486,41.100701898736745,16.85788878254526
flow_3_1657,41.09683279322879,16.85010246225888,41.10051189890034,16.849787302289965,41.10070616917118,16.85781948119896,41.1006949883477,16.857803447897922
flow_3_1658,41.09683279322879,16.85010246225888,41.10051189890034,16.849787302289965,41.10063414181671,16.857890087546004,41.10064883435636,16.85805137424128
flow_3_1659,41.09371087307764,16.849291052198975,41.09421243463567,16.847594276471863,41.1020203917021,16.84882687676746,41.10283007281504,16.84532742394581
flow_3_1660,41.09371087307764,16.849291052198975,41.09421243463567,16.847594276471863,41.101351288963656,16.848014927829535,41.09728164732345,16.84307858160294
flow_3_1661,41.09371087307764,16.849291052198975,41.09421243463567,16.847594276471863,41.09421243463567,16.847594276471863,41.09371087307764,16.849291052198975
flow_3_1662,41.09371087307764,16.849291052198975,41.09421243463567,16.847594276471863,41.09457433490167,16.847640377504526,41.09431864060897,16.848868036711348
flow_3_1663,41.09371087307764,16.849291052198975,41.09421243463567,16.847594276471863,41.097596631773314,16.853609114834843,41.09633260091152,16.853055976599734
flow_3_1664,41.09371087307764,16.849291052198975,41.09421243463567,16.847594276471863,41.100848149229584,16.852617317751818,41.10207566988899,16.852506071608552
flow_3_1665,41.09371087307764,16.849291052198975,41.09421243463567,16.847594276471863,41.09921039349766,16.857093476263653,41.09931390026017,16.857131876843294
flow_3_1666,41.09371087307764,16.849291052198975,41.09421243463567,16.847594276471863,41.0948531829976,16.854625234616556,41.09474852794223,16.854546207025674
flow_3_1667,41.09371087307764,16.849291052198975,41.09421243463567,16.847594276471863,41.097795170327615,16.8527908424273,41.09810151193486,16.852930909234342
flow_3_1668,41.09371087307764,16.849291052198975,41.09421243463567,16.847594276471863,41.10098576297509,16.85215368870655,41.10069399901464,16.852501766897987
flow_3_1669,41.09371087307764,16.849291052198975,41.09421243463567,16.847594276471863,41.10069399901464,16.852501766897987,41.10014423546408,16.85343368091778
flow_3_1670,41.09371087307764,16.849291052198975,41.09421243463567,16.847594276471863,41.10149846212833,16.851184630435842,41.10098576297509,16.85215368870655
flow_3_1671,41.09371087307764,16.849291052198975,41.09421243463567,16.847594276471863,41.10226128050579,16.84991892625057,41.10236609957379,16.849769208287043
flow_3_1672,41.09371087307764,16.849291052198975,41.09421243463567,16.847594276471863,41.10164696791585,16.849493004994628,41.10155429604601,16.849587453146114
flow_3_1673,41.09371087307764,16.849291052198975,41.09421243463567,16.847594276471863,41.101441674211465,16.850060366797287,41.10162574873644,16.85043277210701
flow_3_1674,41.09371087307764,16.849291052198975,41.09421243463567,16.847594276471863,41.10187323450664,16.850519265700957,41.10226128050579,16.84991892625057
flow_3_1675,41.09371087307764,16.849291052198975,41.09421243463567,16.847594276471863,41.10226128050579,16.84991892625057,41.10212098795253,16.849557273781752
flow_3_1676,41.09371087307764,16.849291052198975,41.09421243463567,16.847594276471863,41.10202949742299,16.849477185555482,41.101893052359,16.84942560576533
flow_3_1677,41.09371087307764,16.849291052198975,41.09421243463567,16.847594276471863,41.09848309553264,16.84824790691432,41.09797137080637,16.849701951782066
flow_3_1678,41.09371087307764,16.849291052198975,41.09421243463567,16.847594276471863,41.10178918891531,16.848691071158175,41.10226374108996,16.849199159034608
flow_3_1679,41.09371087307764,16.849291052198975,41.09421243463567,16.847594276471863,41.10064507934617,16.857798349652736,41.10063306420042,16.857811704770633
flow_3_1680,41.09371087307764,16.849291052198975,41.09421243463567,16.847594276471863,41.100629061952446,16.857881132677438,41.10063414181671,16.857890087546004
flow_3_1681,41.09371087307764,16.849291052198975,41.09421243463567,16.847594276471863,41.098013091446674,16.85068225103151,41.09797643244636,16.850614898699735
flow_3_1682,41.09371087307764,16.849291052198975,41.09421243463567,16.847594276471863,41.09356405619404,16.847281183170747,41.09213809529099,16.84656162436391
flow_3_1683,41.09371087307764,16.849291052198975,41.09421243463567,16.847594276471863,41.09874388317417,16.854662669666943,41.098789979203126,16.85480947432754
flow_3_1684,41.09371087307764,16.849291052198975,41.09421243463567,16.847594276471863,41.098805360878,16.854883494497827,41.09862690423968,16.855801764244642
flow_3_1685,41.09371087307764,16.849291052198975,41.09421243463567,16.847594276471863,41.09878814926408,16.854279784852835,41.0989742370114,16.854319313351734
flow_3_1686,41.09371087307764,16.849291052198975,41.09421243463567,16.847594276471863,41.09688679894607,16.854222009568716,41.09667063802659,16.854136985818336
flow_3_1687,41.09371087307764,16.849291052198975,41.09421243463567,16.847594276471863,41.09356405619404,16.847281183170747,41.09287653741932,16.849676627626383
flow_3_1688,41.09371087307764,16.849291052198975,41.09421243463567,16.847594276471863,41.09319536694794,16.85029565321274,41.0917515465328,16.847973810087527
flow_3_1689,41.09371087307764,16.849291052198975,41.09421243463567,16.847594276471863,41.0938910066973,16.847467751127233,41.09338157090906,16.849228712157455
flow_3_1690,41.09371087307764,16.849291052198975,41.09421243463567,16.847594276471863,41.10000725075745,16.85310225196114,41.1000373248635,16.852957349061356
flow_3_1691,41.09371087307764,16.849291052198975,41.09421243463567,16.847594276471863,41.09576913015391,16.84786199393714,41.095624082715545,16.84873938546676
flow_3_1692,41.09371087307764,16.849291052198975,41.09421243463567,16.847594276471863,41.09571950027065,16.85485011877157,41.09580139620255,16.854871355035236
flow_3_1693,41.09371087307764,16.849291052198975,41.09421243463567,16.847594276471863,41.10133204390066,16.849662784092665,41.09702231047879,16.849934177393052
flow_3_1694,41.09371087307764,16.849291052198975,41.09421243463567,16.847594276471863,41.09658937779303,16.849970011954603,41.09319536694794,16.85029565321274
flow_3_1695,41.09371087307764,16.849291052198975,41.09421243463567,16.847594276471863,41.09319536694794,16.85029565321274,41.09203558768891,16.85040097506566
flow_3_1696,41.09371087307764,16.849291052198975,41.09421243463567,16.847594276471863,41.09985490494118,16.854363380911906,41.10001879906208,16.854259633484794
flow_3_1697,41.09371087307764,16.849291052198975,41.09421243463567,16.847594276471863,41.1000081660962,16.854092033262692,41.09998736076528,16.85405834499595
flow_3_1698,41.09371087307764,16.849291052198975,41.09421243463567,16.847594276471863,41.0998657906448,16.854011700784426,41.0997840764074,16.85407989459394
flow_3_1699,41.09371087307764,16.849291052198975,41.09421243463567,16.847594276471863,41.09878814926408,16.854279784852835,41.0987411443374,16.8542061850138
flow_3_1700,41.09371087307764,16.849291052198975,41.09421243463567,16.847594276471863,41.09857803984875,16.854216123443177,41.09850337325547,16.85422140542611
flow_3_1701,41.09371087307764,16.849291052198975,41.09421243463567,16.847594276471863,41.09744212400728,16.854310502764104,41.097366852073485,16.854314219647932
flow_3_1702,41.09371087307764,16.849291052198975,41.09421243463567,16.847594276471863,41.10067445887713,16.85790908558486,41.100701898736745,16.85788878254526
flow_3_1703,41.09371087307764,16.849291052198975,41.09421243463567,16.847594276471863,41.10070616917118,16.85781948119896,41.1006949883477,16.857803447897922
flow_3_1704,41.09371087307764,16.849291052198975,41.09421243463567,16.847594276471863,41.10063414181671,16.857890087546004,41.10064883435636,16.85805137424128
flow_3_1705,41.10000725075745,16.85310225196114,41.1000373248635,16.852957349061356,41.1020203917021,16.84882687676746,41.10283007281504,16.84532742394581
flow_3_1706,41.10000725075745,16.85310225196114,41.1000373248635,16.852957349061356,41.101351288963656,16.848014927829535,41.09728164732345,16.84307858160294
flow_3_1707,41.10000725075745,16.85310225196114,41.1000373248635,16.852957349061356,41.09421243463567,16.847594276471863,41.09371087307764,16.849291052198975
flow_3_1708,41.10000725075745,16.85310225196114,41.1000373248635,16.852957349061356,41.09457433490167,16.847640377504526,41.09431864060897,16.848868036711348
flow_3_1709,41.10000725075745,16.85310225196114,41.1000373248635,16.852957349061356,41.097596631773314,16.853609114834843,41.09633260091152,16.853055976599734
flow_3_1710,41.10000725075745,16.85310225196114,41.1000373248635,16.852957349061356,41.100848149229584,16.852617317751818,41.10207566988899,16.852506071608552
flow_3_1711,41.10000725075745,16.85310225196114,41.1000373248635,16.852957349061356,41.09921039349766,16.857093476263653,41.09931390026017,16.857131876843294
flow_3_1712,41.10000725075745,16.85310225196114,41.1000373248635,16.852957349061356,41.0948531829976,16.854625234616556,41.09474852794223,16.854546207025674
flow_3_1713,41.10000725075745,16.85310225196114,41.1000373248635,16.852957349061356,41.097795170327615,16.8527908424273,41.09810151193486,16.852930909234342
flow_3_1714,41.10000725075745,16.85310225196114,41.1000373248635,16.852957349061356,41.10098576297509,16.85215368870655,41.10069399901464,16.852501766897987
flow_3_1715,41.10000725075745,16.85310225196114,41.1000373248635,16.852957349061356,41.10069399901464,16.852501766897987,41.10014423546408,16.85343368091778
flow_3_1716,41.10000725075745,16.85310225196114,41.1000373248635,16.852957349061356,41.10149846212833,16.851184630435842,41.10098576297509,16.85215368870655
flow_3_1717,41.10000725075745,16.85310225196114,41.1000373248635,16.852957349061356,41.10226128050579,16.84991892625057,41.10236609957379,16.849769208287043
flow_3_1718,41.10000725075745,16.85310225196114,41.1000373248635,16.852957349061356,41.10164696791585,16.849493004994628,41.10155429604601,16.849587453146114
flow_3_1719,41.10000725075745,16.85310225196114,41.1000373248635,16.852957349061356,41.101441674211465,16.850060366797287,41.10162574873644,16.85043277210701
flow_3_1720,41.10000725075745,16.85310225196114,41.1000373248635,16.852957349061356,41.10187323450664,16.850519265700957,41.10226128050579,16.84991892625057
flow_3_1721,41.10000725075745,16.85310225196114,41.1000373248635,16.852957349061356,41.10226128050579,16.84991892625057,41.10212098795253,16.849557273781752
flow_3_1722,41.10000725075745,16.85310225196114,41.1000373248635,16.852957349061356,41.10202949742299,16.849477185555482,41.101893052359,16.84942560576533
flow_3_1723,41.10000725075745,16.85310225196114,41.1000373248635,16.852957349061356,41.09848309553264,16.84824790691432,41.09797137080637,16.849701951782066
flow_3_1724,41.10000725075745,16.85310225196114,41.1000373248635,16.852957349061356,41.10178918891531,16.848691071158175,41.10226374108996,16.849199159034608
flow_3_1725,41.10000725075745,16.85310225196114,41.1000373248635,16.852957349061356,41.10064507934617,16.857798349652736,41.10063306420042,16.857811704770633
flow_3_1726,41.10000725075745,16.85310225196114,41.1000373248635,16.852957349061356,41.100629061952446,16.857881132677438,41.10063414181671,16.857890087546004
flow_3_1727,41.10000725075745,16.85310225196114,41.1000373248635,16.852957349061356,41.098013091446674,16.85068225103151,41.09797643244636,16.850614898699735
flow_3_1728,41.10000725075745,16.85310225196114,41.1000373248635,16.852957349061356,41.09356405619404,16.847281183170747,41.09213809529099,16.84656162436391
flow_3_1729,41.10000725075745,16.85310225196114,41.1000373248635,16.852957349061356,41.09874388317417,16.854662669666943,41.098789979203126,16.85480947432754
flow_3_1730,41.10000725075745,16.85310225196114,41.1000373248635,16.852957349061356,41.098805360878,16.854883494497827,41.09862690423968,16.855801764244642
flow_3_1731,41.10000725075745,16.85310225196114,41.1000373248635,16.852957349061356,41.09878814926408,16.854279784852835,41.0989742370114,16.854319313351734
flow_3_1732,41.10000725075745,16.85310225196114,41.1000373248635,16.852957349061356,41.09688679894607,16.854222009568716,41.09667063802659,16.854136985818336
flow_3_1733,41.10000725075745,16.85310225196114,41.1000373248635,16.852957349061356,41.09356405619404,16.847281183170747,41.09287653741932,16.849676627626383
flow_3_1734,41.10000725075745,16.85310225196114,41.1000373248635,16.852957349061356,41.09319536694794,16.85029565321274,41.0917515465328,16.847973810087527
flow_3_1735,41.10000725075745,16.85310225196114,41.1000373248635,16.852957349061356,41.0938910066973,16.847467751127233,41.09338157090906,16.849228712157455
flow_3_1736,41.10000725075745,16.85310225196114,41.1000373248635,16.852957349061356,41.09576913015391,16.84786199393714,41.095624082715545,16.84873938546676
flow_3_1737,41.10000725075745,16.85310225196114,41.1000373248635,16.852957349061356,41.09571950027065,16.85485011877157,41.09580139620255,16.854871355035236
flow_3_1738,41.10000725075745,16.85310225196114,41.1000373248635,16.852957349061356,41.10133204390066,16.849662784092665,41.09702231047879,16.849934177393052
flow_3_1739,41.10000725075745,16.85310225196114,41.1000373248635,16.852957349061356,41.09658937779303,16.849970011954603,41.09319536694794,16.85029565321274
flow_3_1740,41.10000725075745,16.85310225196114,41.1000373248635,16.852957349061356,41.09319536694794,16.85029565321274,41.09203558768891,16.85040097506566
flow_3_1741,41.10000725075745,16.85310225196114,41.1000373248635,16.852957349061356,41.09985490494118,16.854363380911906,41.10001879906208,16.854259633484794
flow_3_1742,41.10000725075745,16.85310225196114,41.1000373248635,16.852957349061356,41.1000081660962,16.854092033262692,41.09998736076528,16.85405834499595
flow_3_1743,41.10000725075745,16.85310225196114,41.1000373248635,16.852957349061356,41.0998657906448,16.854011700784426,41.0997840764074,16.85407989459394
flow_3_1744,41.10000725075745,16.85310225196114,41.1000373248635,16.852957349061356,41.09878814926408,16.854279784852835,41.0987411443374,16.8542061850138
flow_3_1745,41.10000725075745,16.85310225196114,41.1000373248635,16.852957349061356,41.09857803984875,16.854216123443177,41.09850337325547,16.85422140542611
flow_3_1746,41.10000725075745,16.85310225196114,41.1000373248635,16.852957349061356,41.09744212400728,16.854310502764104,41.097366852073485,16.854314219647932
flow_3_1747,41.10000725075745,16.85310225196114,41.1000373248635,16.852957349061356,41.10067445887713,16.85790908558486,41.100701898736745,16.85788878254526
flow_3_1748,41.10000725075745,16.85310225196114,41.1000373248635,16.852957349061356,41.10070616917118,16.85781948119896,41.1006949883477,16.857803447897922
flow_3_1749,41.10000725075745,16.85310225196114,41.1000373248635,16.852957349061356,41.10063414181671,16.857890087546004,41.10064883435636,16.85805137424128
flow_3_1750,41.09431864060897,16.848868036711348,41.09457433490167,16.847640377504526,41.1020203917021,16.84882687676746,41.10283007281504,16.84532742394581
flow_3_1751,41.09431864060897,16.848868036711348,41.09457433490167,16.847640377504526,41.101351288963656,16.848014927829535,41.09728164732345,16.84307858160294
flow_3_1752,41.09431864060897,16.848868036711348,41.09457433490167,16.847640377504526,41.09421243463567,16.847594276471863,41.09371087307764,16.849291052198975
flow_3_1753,41.09431864060897,16.848868036711348,41.09457433490167,16.847640377504526,41.09457433490167,16.847640377504526,41.09431864060897,16.848868036711348
flow_3_1754,41.09431864060897,16.848868036711348,41.09457433490167,16.847640377504526,41.097596631773314,16.853609114834843,41.09633260091152,16.853055976599734
flow_3_1755,41.09431864060897,16.848868036711348,41.09457433490167,16.847640377504526,41.100848149229584,16.852617317751818,41.10207566988899,16.852506071608552
flow_3_1756,41.09431864060897,16.848868036711348,41.09457433490167,16.847640377504526,41.09921039349766,16.857093476263653,41.09931390026017,16.857131876843294
flow_3_1757,41.09431864060897,16.848868036711348,41.09457433490167,16.847640377504526,41.0948531829976,16.854625234616556,41.09474852794223,16.854546207025674
flow_3_1758,41.09431864060897,16.848868036711348,41.09457433490167,16.847640377504526,41.097795170327615,16.8527908424273,41.09810151193486,16.852930909234342
flow_3_1759,41.09431864060897,16.848868036711348,41.09457433490167,16.847640377504526,41.10098576297509,16.85215368870655,41.10069399901464,16.852501766897987
flow_3_1760,41.09431864060897,16.848868036711348,41.09457433490167,16.847640377504526,41.10069399901464,16.852501766897987,41.10014423546408,16.85343368091778
flow_3_1761,41.09431864060897,16.848868036711348,41.09457433490167,16.847640377504526,41.10149846212833,16.851184630435842,41.10098576297509,16.85215368870655
flow_3_1762,41.09431864060897,16.848868036711348,41.09457433490167,16.847640377504526,41.10226128050579,16.84991892625057,41.10236609957379,16.849769208287043
flow_3_1763,41.09431864060897,16.848868036711348,41.09457433490167,16.847640377504526,41.10164696791585,16.849493004994628,41.10155429604601,16.849587453146114
flow_3_1764,41.09431864060897,16.848868036711348,41.09457433490167,16.847640377504526,41.101441674211465,16.850060366797287,41.10162574873644,16.85043277210701
flow_3_1765,41.09431864060897,16.848868036711348,41.09457433490167,16.847640377504526,41.10187323450664,16.850519265700957,41.10226128050579,16.84991892625057
flow_3_1766,41.09431864060897,16.848868036711348,41.09457433490167,16.847640377504526,41.10226128050579,16.84991892625057,41.10212098795253,16.849557273781752
flow_3_1767,41.09431864060897,16.848868036711348,41.09457433490167,16.847640377504526,41.10202949742299,16.849477185555482,41.101893052359,16.84942560576533
flow_3_1768,41.09431864060897,16.848868036711348,41.09457433490167,16.847640377504526,41.09848309553264,16.84824790691432,41.09797137080637,16.849701951782066
flow_3_1769,41.09431864060897,16.848868036711348,41.09457433490167,16.847640377504526,41.10178918891531,16.848691071158175,41.10226374108996,16.849199159034608
flow_3_1770,41.09431864060897,16.848868036711348,41.09457433490167,16.847640377504526,41.10064507934617,16.857798349652736,41.10063306420042,16.857811704770633
flow_3_1771,41.09431864060897,16.848868036711348,41.09457433490167,16.847640377504526,41.100629061952446,16.857881132677438,41.10063414181671,16.857890087546004
flow_3_1772,41.09431864060897,16.848868036711348,41.09457433490167,16.847640377504526,41.098013091446674,16.85068225103151,41.09797643244636,16.850614898699735
flow_3_1773,41.09431864060897,16.848868036711348,41.09457433490167,16.847640377504526,41.09356405619404,16.847281183170747,41.09213809529099,16.84656162436391
flow_3_1774,41.09431864060897,16.848868036711348,41.09457433490167,16.847640377504526,41.09874388317417,16.854662669666943,41.098789979203126,16.85480947432754
flow_3_1775,41.09431864060897,16.848868036711348,41.09457433490167,16.847640377504526,41.098805360878,16.854883494497827,41.09862690423968,16.855801764244642
flow_3_1776,41.09431864060897,16.848868036711348,41.09457433490167,16.847640377504526,41.09878814926408,16.854279784852835,41.0989742370114,16.854319313351734
flow_3_1777,41.09431864060897,16.848868036711348,41.09457433490167,16.847640377504526,41.09688679894607,16.854222009568716,41.09667063802659,16.854136985818336
flow_3_1778,41.09431864060897,16.848868036711348,41.09457433490167,16.847640377504526,41.09356405619404,16.847281183170747,41.09287653741932,16.849676627626383
flow_3_1779,41.09431864060897,16.848868036711348,41.09457433490167,16.847640377504526,41.09319536694794,16.85029565321274,41.0917515465328,16.847973810087527
flow_3_1780,41.09431864060897,16.848868036711348,41.09457433490167,16.847640377504526,41.0938910066973,16.847467751127233,41.09338157090906,16.849228712157455
flow_3_1781,41.09431864060897,16.848868036711348,41.09457433490167,16.847640377504526,41.10000725075745,16.85310225196114,41.1000373248635,16.852957349061356
flow_3_1782,41.09431864060897,16.848868036711348,41.09457433490167,16.847640377504526,41.09576913015391,16.84786199393714,41.095624082715545,16.84873938546676
flow_3_1783,41.09431864060897,16.848868036711348,41.09457433490167,16.847640377504526,41.09571950027065,16.85485011877157,41.09580139620255,16.854871355035236
flow_3_1784,41.09431864060897,16.848868036711348,41.09457433490167,16.847640377504526,41.10133204390066,16.849662784092665,41.09702231047879,16.849934177393052
flow_3_1785,41.09431864060897,16.848868036711348,41.09457433490167,16.847640377504526,41.09658937779303,16.849970011954603,41.09319536694794,16.85029565321274
flow_3_1786,41.09431864060897,16.848868036711348,41.09457433490167,16.847640377504526,41.09319536694794,16.85029565321274,41.09203558768891,16.85040097506566
flow_3_1787,41.09431864060897,16.848868036711348,41.09457433490167,16.847640377504526,41.09985490494118,16.854363380911906,41.10001879906208,16.854259633484794
flow_3_1788,41.09431864060897,16.848868036711348,41.09457433490167,16.847640377504526,41.1000081660962,16.854092033262692,41.09998736076528,16.85405834499595
flow_3_1789,41.09431864060897,16.848868036711348,41.09457433490167,16.847640377504526,41.0998657906448,16.854011700784426,41.0997840764074,16.85407989459394
flow_3_1790,41.09431864060897,16.848868036711348,41.09457433490167,16.847640377504526,41.09878814926408,16.854279784852835,41.0987411443374,16.8542061850138
flow_3_1791,41.09431864060897,16.848868036711348,41.09457433490167,16.847640377504526,41.09857803984875,16.854216123443177,41.09850337325547,16.85422140542611
flow_3_1792,41.09431864060897,16.848868036711348,41.09457433490167,16.847640377504526,41.09744212400728,16.854310502764104,41.097366852073485,16.854314219647932
flow_3_1793,41.09431864060897,16.848868036711348,41.09457433490167,16.847640377504526,41.10067445887713,16.85790908558486,41.100701898736745,16.85788878254526
flow_3_1794,41.09431864060897,16.848868036711348,41.09457433490167,16.847640377504526,41.10070616917118,16.85781948119896,41.1006949883477,16.857803447897922
flow_3_1795,41.09431864060897,16.848868036711348,41.09457433490167,16.847640377504526,41.10063414181671,16.857890087546004,41.10064883435636,16.85805137424128
flow_3_1796,41.09633260091152,16.853055976599734,41.097596631773314,16.853609114834843,41.1020203917021,16.84882687676746,41.10283007281504,16.84532742394581
flow_3_1797,41.09633260091152,16.853055976599734,41.097596631773314,16.853609114834843,41.101351288963656,16.848014927829535,41.09728164732345,16.84307858160294
flow_3_1798,41.09633260091152,16.853055976599734,41.097596631773314,16.853609114834843,41.09421243463567,16.847594276471863,41.09371087307764,16.849291052198975
flow_3_1799,41.09633260091152,16.853055976599734,41.097596631773314,16.853609114834843,41.09457433490167,16.847640377504526,41.09431864060897,16.848868036711348
flow_3_1800,41.09633260091152,16.853055976599734,41.097596631773314,16.853609114834843,41.097596631773314,16.853609114834843,41.09633260091152,16.853055976599734
flow_3_1801,41.09633260091152,16.853055976599734,41.097596631773314,16.853609114834843,41.100848149229584,16.852617317751818,41.10207566988899,16.852506071608552
flow_3_1802,41.09633260091152,16.853055976599734,41.097596631773314,16.853609114834843,41.09921039349766,16.857093476263653,41.09931390026017,16.857131876843294
flow_3_1803,41.09633260091152,16.853055976599734,41.097596631773314,16.853609114834843,41.0948531829976,16.854625234616556,41.09474852794223,16.854546207025674
flow_3_1804,41.09633260091152,16.853055976599734,41.097596631773314,16.853609114834843,41.097795170327615,16.8527908424273,41.09810151193486,16.852930909234342
flow_3_1805,41.09633260091152,16.853055976599734,41.097596631773314,16.853609114834843,41.10098576297509,16.85215368870655,41.10069399901464,16.852501766897987
flow_3_1806,41.09633260091152,16.853055976599734,41.097596631773314,16.853609114834843,41.10069399901464,16.852501766897987,41.10014423546408,16.85343368091778
flow_3_1807,41.09633260091152,16.853055976599734,41.097596631773314,16.853609114834843,41.10149846212833,16.851184630435842,41.10098576297509,16.85215368870655
flow_3_1808,41.09633260091152,16.853055976599734,41.097596631773314,16.853609114834843,41.10226128050579,16.84991892625057,41.10236609957379,16.849769208287043
flow_3_1809,41.09633260091152,16.853055976599734,41.097596631773314,16.853609114834843,41.10164696791585,16.849493004994628,41.10155429604601,16.849587453146114
flow_3_1810,41.09633260091152,16.853055976599734,41.097596631773314,16.853609114834843,41.101441674211465,16.850060366797287,41.10162574873644,16.85043277210701
flow_3_1811,41.09633260091152,16.853055976599734,41.097596631773314,16.853609114834843,41.10187323450664,16.850519265700957,41.10226128050579,16.84991892625057
flow_3_1812,41.09633260091152,16.853055976599734,41.097596631773314,16.853609114834843,41.10226128050579,16.84991892625057,41.10212098795253,16.849557273781752
flow_3_1813,41.09633260091152,16.853055976599734,41.097596631773314,16.853609114834843,41.10202949742299,16.849477185555482,41.101893052359,16.84942560576533
flow_3_1814,41.09633260091152,16.853055976599734,41.097596631773314,16.853609114834843,41.09848309553264,16.84824790691432,41.09797137080637,16.849701951782066
flow_3_1815,41.09633260091152,16.853055976599734,41.097596631773314,16.853609114834843,41.10178918891531,16.848691071158175,41.10226374108996,16.849199159034608
flow_3_1816,41.09633260091152,16.853055976599734,41.097596631773314,16.853609114834843,41.10064507934617,16.857798349652736,41.10063306420042,16.857811704770633
flow_3_1817,41.09633260091152,16.853055976599734,41.097596631773314,16.853609114834843,41.100629061952446,16.857881132677438,41.10063414181671,16.857890087546004
flow_3_1818,41.09633260091152,16.853055976599734,41.097596631773314,16.853609114834843,41.098013091446674,16.85068225103151,41.09797643244636,16.850614898699735
flow_3_1819,41.09633260091152,16.853055976599734,41.097596631773314,16.853609114834843,41.09356405619404,16.847281183170747,41.09213809529099,16.84656162436391
flow_3_1820,41.09633260091152,16.853055976599734,41.097596631773314,16.853609114834843,41.09874388317417,16.854662669666943,41.098789979203126,16.85480947432754
flow_3_1821,41.09633260091152,16.853055976599734,41.097596631773314,16.853609114834843,41.098805360878,16.854883494497827,41.09862690423968,16.855801764244642
flow_3_1822,41.09633260091152,16.853055976599734,41.097596631773314,16.853609114834843,41.09878814926408,16.854279784852835,41.0989742370114,16.854319313351734
flow_3_1823,41.09633260091152,16.853055976599734,41.097596631773314,16.853609114834843,41.09688679894607,16.854222009568716,41.09667063802659,16.854136985818336
flow_3_1824,41.09633260091152,16.853055976599734,41.097596631773314,16.853609114834843,41.09356405619404,16.847281183170747,41.09287653741932,16.849676627626383
flow_3_1825,41.09633260091152,16.853055976599734,41.097596631773314,16.853609114834843,41.09319536694794,16.85029565321274,41.0917515465328,16.847973810087527
flow_3_1826,41.09633260091152,16.853055976599734,41.097596631773314,16.853609114834843,41.0938910066973,16.847467751127233,41.09338157090906,16.849228712157455
flow_3_1827,41.09633260091152,16.853055976599734,41.097596631773314,16.853609114834843,41.10000725075745,16.85310225196114,41.1000373248635,16.852957349061356
flow_3_1828,41.09633260091152,16.853055976599734,41.097596631773314,16.853609114834843,41.09576913015391,16.84786199393714,41.095624082715545,16.84873938546676
flow_3_1829,41.09633260091152,16.853055976599734,41.097596631773314,16.853609114834843,41.09571950027065,16.85485011877157,41.09580139620255,16.854871355035236
flow_3_1830,41.09633260091152,16.853055976599734,41.097596631773314,16.853609114834843,41.10133204390066,16.849662784092665,41.09702231047879,16.849934177393052
flow_3_1831,41.09633260091152,16.853055976599734,41.097596631773314,16.853609114834843,41.09658937779303,16.849970011954603,41.09319536694794,16.85029565321274
flow_3_1832,41.09633260091152,16.853055976599734,41.097596631773314,16.853609114834843,41.09319536694794,16.85029565321274,41.09203558768891,16.85040097506566
flow_3_1833,41.09633260091152,16.853055976599734,41.097596631773314,16.853609114834843,41.09985490494118,16.854363380911906,41.10001879906208,16.854259633484794
flow_3_1834,41.09633260091152,16.853055976599734,41.097596631773314,16.853609114834843,41.1000081660962,16.854092033262692,41.09998736076528,16.85405834499595
flow_3_1835,41.09633260091152,16.853055976599734,41.097596631773314,16.853609114834843,41.0998657906448,16.854011700784426,41.0997840764074,16.85407989459394
flow_3_1836,41.09633260091152,16.853055976599734,41.097596631773314,16.853609114834843,41.09878814926408,16.854279784852835,41.0987411443374,16.8542061850138
flow_3_1837,41.09633260091152,16.853055976599734,41.097596631773314,16.853609114834843,41.09857803984875,16.854216123443177,41.09850337325547,16.85422140542611
flow_3_1838,41.09633260091152,16.853055976599734,41.097596631773314,16.853609114834843,41.09744212400728,16.854310502764104,41.097366852073485,16.854314219647932
flow_3_1839,41.09633260091152,16.853055976599734,41.097596631773314,16.853609114834843,41.10067445887713,16.85790908558486,41.100701898736745,16.85788878254526
flow_3_1840,41.09633260091152,16.853055976599734,41.097596631773314,16.853609114834843,41.10070616917118,16.85781948119896,41.1006949883477,16.857803447897922
flow_3_1841,41.09633260091152,16.853055976599734,41.097596631773314,16.853609114834843,41.10063414181671,16.857890087546004,41.10064883435636,16.85805137424128
flow_3_1842,41.09658937779303,16.849970011954603,41.09319536694794,16.85029565321274,41.09319536694794,16.85029565321274,41.0917515465328,16.847973810087527
flow_3_1843,41.09658937779303,16.849970011954603,41.09319536694794,16.85029565321274,41.09319536694794,16.85029565321274,41.09203558768891,16.85040097506566
flow_3_1844,41.09985490494118,16.854363380911906,41.10001879906208,16.854259633484794,41.1020203917021,16.84882687676746,41.10283007281504,16.84532742394581
flow_3_1845,41.09985490494118,16.854363380911906,41.10001879906208,16.854259633484794,41.101351288963656,16.848014927829535,41.09728164732345,16.84307858160294
flow_3_1846,41.09985490494118,16.854363380911906,41.10001879906208,16.854259633484794,41.09421243463567,16.847594276471863,41.09371087307764,16.849291052198975
flow_3_1847,41.09985490494118,16.854363380911906,41.10001879906208,16.854259633484794,41.09457433490167,16.847640377504526,41.09431864060897,16.848868036711348
flow_3_1848,41.09985490494118,16.854363380911906,41.10001879906208,16.854259633484794,41.097596631773314,16.853609114834843,41.09633260091152,16.853055976599734
flow_3_1849,41.09985490494118,16.854363380911906,41.10001879906208,16.854259633484794,41.100848149229584,16.852617317751818,41.10207566988899,16.852506071608552
flow_3_1850,41.09985490494118,16.854363380911906,41.10001879906208,16.854259633484794,41.09921039349766,16.857093476263653,41.09931390026017,16.857131876843294
flow_3_1851,41.09985490494118,16.854363380911906,41.10001879906208,16.854259633484794,41.0948531829976,16.854625234616556,41.09474852794223,16.854546207025674
flow_3_1852,41.09985490494118,16.854363380911906,41.10001879906208,16.854259633484794,41.097795170327615,16.8527908424273,41.09810151193486,16.852930909234342
flow_3_1853,41.09985490494118,16.854363380911906,41.10001879906208,16.854259633484794,41.10098576297509,16.85215368870655,41.10069399901464,16.852501766897987
flow_3_1854,41.09985490494118,16.854363380911906,41.10001879906208,16.854259633484794,41.10069399901464,16.852501766897987,41.10014423546408,16.85343368091778
flow_3_1855,41.09985490494118,16.854363380911906,41.10001879906208,16.854259633484794,41.10149846212833,16.851184630435842,41.10098576297509,16.85215368870655
flow_3_1856,41.09985490494118,16.854363380911906,41.10001879906208,16.854259633484794,41.10226128050579,16.84991892625057,41.10236609957379,16.849769208287043
flow_3_1857,41.09985490494118,16.854363380911906,41.10001879906208,16.854259633484794,41.10164696791585,16.849493004994628,41.10155429604601,16.849587453146114
flow_3_1858,41.09985490494118,16.854363380911906,41.10001879906208,16.854259633484794,41.101441674211465,16.850060366797287,41.10162574873644,16.85043277210701
flow_3_1859,41.09985490494118,16.854363380911906,41.10001879906208,16.854259633484794,41.10187323450664,16.850519265700957,41.10226128050579,16.84991892625057
flow_3_1860,41.09985490494118,16.854363380911906,41.10001879906208,16.854259633484794,41.10226128050579,16.84991892625057,41.10212098795253,16.849557273781752
flow_3_1861,41.09985490494118,16.854363380911906,41.10001879906208,16.854259633484794,41.10202949742299,16.849477185555482,41.101893052359,16.84942560576533
flow_3_1862,41.09985490494118,16.854363380911906,41.10001879906208,16.854259633484794,41.09848309553264,16.84824790691432,41.09797137080637,16.849701951782066
flow_3_1863,41.09985490494118,16.854363380911906,41.10001879906208,16.854259633484794,41.10178918891531,16.848691071158175,41.10226374108996,16.849199159034608
flow_3_1864,41.09985490494118,16.854363380911906,41.10001879906208,16.854259633484794,41.10064507934617,16.857798349652736,41.10063306420042,16.857811704770633
flow_3_1865,41.09985490494118,16.854363380911906,41.10001879906208,16.854259633484794,41.100629061952446,16.857881132677438,41.10063414181671,16.857890087546004
flow_3_1866,41.09985490494118,16.854363380911906,41.10001879906208,16.854259633484794,41.098013091446674,16.85068225103151,41.09797643244636,16.850614898699735
flow_3_1867,41.09985490494118,16.854363380911906,41.10001879906208,16.854259633484794,41.09356405619404,16.847281183170747,41.09213809529099,16.84656162436391
flow_3_1868,41.09985490494118,16.854363380911906,41.10001879906208,16.854259633484794,41.09874388317417,16.854662669666943,41.098789979203126,16.85480947432754
flow_3_1869,41.09985490494118,16.854363380911906,41.10001879906208,16.854259633484794,41.098805360878,16.854883494497827,41.09862690423968,16.855801764244642
flow_3_1870,41.09985490494118,16.854363380911906,41.10001879906208,16.854259633484794,41.09878814926408,16.854279784852835,41.0989742370114,16.854319313351734
flow_3_1871,41.09985490494118,16.854363380911906,41.10001879906208,16.854259633484794,41.09688679894607,16.854222009568716,41.09667063802659,16.854136985818336
flow_3_1872,41.09985490494118,16.854363380911906,41.10001879906208,16.854259633484794,41.09356405619404,16.847281183170747,41.09287653741932,16.849676627626383
flow_3_1873,41.09985490494118,16.854363380911906,41.10001879906208,16.854259633484794,41.09319536694794,16.85029565321274,41.0917515465328,16.847973810087527
flow_3_1874,41.09985490494118,16.854363380911906,41.10001879906208,16.854259633484794,41.0938910066973,16.847467751127233,41.09338157090906,16.849228712157455
flow_3_1875,41.09985490494118,16.854363380911906,41.10001879906208,16.854259633484794,41.10000725075745,16.85310225196114,41.1000373248635,16.852957349061356
flow_3_1876,41.09985490494118,16.854363380911906,41.10001879906208,16.854259633484794,41.09576913015391,16.84786199393714,41.095624082715545,16.84873938546676
flow_3_1877,41.09985490494118,16.854363380911906,41.10001879906208,16.854259633484794,41.09571950027065,16.85485011877157,41.09580139620255,16.854871355035236
flow_3_1878,41.09985490494118,16.854363380911906,41.10001879906208,16.854259633484794,41.10133204390066,16.849662784092665,41.09702231047879,16.849934177393052
flow_3_1879,41.09985490494118,16.854363380911906,41.10001879906208,16.854259633484794,41.09658937779303,16.849970011954603,41.09319536694794,16.85029565321274
flow_3_1880,41.09985490494118,16.854363380911906,41.10001879906208,16.854259633484794,41.09319536694794,16.85029565321274,41.09203558768891,16.85040097506566
flow_3_1881,41.09985490494118,16.854363380911906,41.10001879906208,16.854259633484794,41.1000081660962,16.854092033262692,41.09998736076528,16.85405834499595
flow_3_1882,41.09985490494118,16.854363380911906,41.10001879906208,16.854259633484794,41.0998657906448,16.854011700784426,41.0997840764074,16.85407989459394
flow_3_1883,41.09985490494118,16.854363380911906,41.10001879906208,16.854259633484794,41.09878814926408,16.854279784852835,41.0987411443374,16.8542061850138
flow_3_1884,41.09985490494118,16.854363380911906,41.10001879906208,16.854259633484794,41.09857803984875,16.854216123443177,41.09850337325547,16.85422140542611
flow_3_1885,41.09985490494118,16.854363380911906,41.10001879906208,16.854259633484794,41.09744212400728,16.854310502764104,41.097366852073485,16.854314219647932
flow_3_1886,41.09985490494118,16.854363380911906,41.10001879906208,16.854259633484794,41.10067445887713,16.85790908558486,41.100701898736745,16.85788878254526
flow_3_1887,41.09985490494118,16.854363380911906,41.10001879906208,16.854259633484794,41.10070616917118,16.85781948119896,41.1006949883477,16.857803447897922
flow_3_1888,41.09985490494118,16.854363380911906,41.10001879906208,16.854259633484794,41.10063414181671,16.857890087546004,41.10064883435636,16.85805137424128
flow_3_1889,41.1000081660962,16.854092033262692,41.09998736076528,16.85405834499595,41.1020203917021,16.84882687676746,41.10283007281504,16.84532742394581
flow_3_1890,41.1000081660962,16.854092033262692,41.09998736076528,16.85405834499595,41.101351288963656,16.848014927829535,41.09728164732345,16.84307858160294
flow_3_1891,41.1000081660962,16.854092033262692,41.09998736076528,16.85405834499595,41.09421243463567,16.847594276471863,41.09371087307764,16.849291052198975
flow_3_1892,41.1000081660962,16.854092033262692,41.09998736076528,16.85405834499595,41.09457433490167,16.847640377504526,41.09431864060897,16.848868036711348
flow_3_1893,41.1000081660962,16.854092033262692,41.09998736076528,16.85405834499595,41.097596631773314,16.853609114834843,41.09633260091152,16.853055976599734
flow_3_1894,41.1000081660962,16.854092033262692,41.09998736076528,16.85405834499595,41.100848149229584,16.852617317751818,41.10207566988899,16.852506071608552
flow_3_1895,41.1000081660962,16.854092033262692,41.09998736076528,16.85405834499595,41.09921039349766,16.857093476263653,41.09931390026017,16.857131876843294
flow_3_1896,41.1000081660962,16.854092033262692,41.09998736076528,16.85405834499595,41.0948531829976,16.854625234616556,41.09474852794223,16.854546207025674
flow_3_1897,41.1000081660962,16.854092033262692,41.09998736076528,16.85405834499595,41.097795170327615,16.8527908424273,41.09810151193486,16.852930909234342
flow_3_1898,41.1000081660962,16.854092033262692,41.09998736076528,16.85405834499595,41.10098576297509,16.85215368870655,41.10069399901464,16.852501766897987
flow_3_1899,41.1000081660962,16.854092033262692,41.09998736076528,16.85405834499595,41.10069399901464,16.852501766897987,41.10014423546408,16.85343368091778
flow_3_1900,41.1000081660962,16.854092033262692,41.09998736076528,16.85405834499595,41.10149846212833,16.851184630435842,41.10098576297509,16.85215368870655
flow_3_1901,41.1000081660962,16.854092033262692,41.09998736076528,16.85405834499595,41.10226128050579,16.84991892625057,41.10236609957379,16.849769208287043
flow_3_1902,41.1000081660962,16.854092033262692,41.09998736076528,16.85405834499595,41.10164696791585,16.849493004994628,41.10155429604601,16.849587453146114
flow_3_1903,41.1000081660962,16.854092033262692,41.09998736076528,16.85405834499595,41.101441674211465,16.850060366797287,41.10162574873644,16.85043277210701
flow_3_1904,41.1000081660962,16.854092033262692,41.09998736076528,16.85405834499595,41.10187323450664,16.850519265700957,41.10226128050579,16.84991892625057
flow_3_1905,41.1000081660962,16.854092033262692,41.09998736076528,16.85405834499595,41.10226128050579,16.84991892625057,41.10212098795253,16.849557273781752
flow_3_1906,41.1000081660962,16.854092033262692,41.09998736076528,16.85405834499595,41.10202949742299,16.849477185555482,41.101893052359,16.84942560576533
flow_3_1907,41.1000081660962,16.854092033262692,41.09998736076528,16.85405834499595,41.09848309553264,16.84824790691432,41.09797137080637,16.849701951782066
flow_3_1908,41.1000081660962,16.854092033262692,41.09998736076528,16.85405834499595,41.10178918891531,16.848691071158175,41.10226374108996,16.849199159034608
flow_3_1909,41.1000081660962,16.854092033262692,41.09998736076528,16.85405834499595,41.10064507934617,16.857798349652736,41.10063306420042,16.857811704770633
flow_3_1910,41.1000081660962,16.854092033262692,41.09998736076528,16.85405834499595,41.100629061952446,16.857881132677438,41.10063414181671,16.857890087546004
flow_3_1911,41.1000081660962,16.854092033262692,41.09998736076528,16.85405834499595,41.098013091446674,16.85068225103151,41.09797643244636,16.850614898699735
flow_3_1912,41.1000081660962,16.854092033262692,41.09998736076528,16.85405834499595,41.09356405619404,16.847281183170747,41.09213809529099,16.84656162436391
flow_3_1913,41.1000081660962,16.854092033262692,41.09998736076528,16.85405834499595,41.09874388317417,16.854662669666943,41.098789979203126,16.85480947432754
flow_3_1914,41.1000081660962,16.854092033262692,41.09998736076528,16.85405834499595,41.098805360878,16.854883494497827,41.09862690423968,16.855801764244642
flow_3_1915,41.1000081660962,16.854092033262692,41.09998736076528,16.85405834499595,41.09878814926408,16.854279784852835,41.0989742370114,16.854319313351734
flow_3_1916,41.1000081660962,16.854092033262692,41.09998736076528,16.85405834499595,41.09688679894607,16.854222009568716,41.09667063802659,16.854136985818336
flow_3_1917,41.1000081660962,16.854092033262692,41.09998736076528,16.85405834499595,41.09356405619404,16.847281183170747,41.09287653741932,16.849676627626383
flow_3_1918,41.1000081660962,16.854092033262692,41.09998736076528,16.85405834499595,41.09319536694794,16.85029565321274,41.0917515465328,16.847973810087527
flow_3_1919,41.1000081660962,16.854092033262692,41.09998736076528,16.85405834499595,41.0938910066973,16.847467751127233,41.09338157090906,16.849228712157455
flow_3_1920,41.1000081660962,16.854092033262692,41.09998736076528,16.85405834499595,41.10000725075745,16.85310225196114,41.1000373248635,16.852957349061356
flow_3_1921,41.1000081660962,16.854092033262692,41.09998736076528,16.85405834499595,41.09576913015391,16.84786199393714,41.095624082715545,16.84873938546676
flow_3_1922,41.1000081660962,16.854092033262692,41.09998736076528,16.85405834499595,41.09571950027065,16.85485011877157,41.09580139620255,16.854871355035236
flow_3_1923,41.1000081660962,16.854092033262692,41.09998736076528,16.85405834499595,41.10133204390066,16.849662784092665,41.09702231047879,16.849934177393052
flow_3_1924,41.1000081660962,16.854092033262692,41.09998736076528,16.85405834499595,41.09658937779303,16.849970011954603,41.09319536694794,16.85029565321274
flow_3_1925,41.1000081660962,16.854092033262692,41.09998736076528,16.85405834499595,41.09319536694794,16.85029565321274,41.09203558768891,16.85040097506566
flow_3_1926,41.1000081660962,16.854092033262692,41.09998736076528,16.85405834499595,41.09985490494118,16.854363380911906,41.10001879906208,16.854259633484794
flow_3_1927,41.1000081660962,16.854092033262692,41.09998736076528,16.85405834499595,41.0998657906448,16.854011700784426,41.0997840764074,16.85407989459394
flow_3_1928,41.1000081660962,16.854092033262692,41.09998736076528,16.85405834499595,41.09878814926408,16.854279784852835,41.0987411443374,16.8542061850138
flow_3_1929,41.1000081660962,16.854092033262692,41.09998736076528,16.85405834499595,41.09857803984875,16.854216123443177,41.09850337325547,16.85422140542611
flow_3_1930,41.1000081660962,16.854092033262692,41.09998736076528,16.85405834499595,41.09744212400728,16.854310502764104,41.097366852073485,16.854314219647932
flow_3_1931,41.1000081660962,16.854092033262692,41.09998736076528,16.85405834499595,41.10067445887713,16.85790908558486,41.100701898736745,16.85788878254526
flow_3_1932,41.1000081660962,16.854092033262692,41.09998736076528,16.85405834499595,41.10070616917118,16.85781948119896,41.1006949883477,16.857803447897922
flow_3_1933,41.1000081660962,16.854092033262692,41.09998736076528,16.85405834499595,41.10063414181671,16.857890087546004,41.10064883435636,16.85805137424128
flow_3_1934,41.0998657906448,16.854011700784426,41.0997840764074,16.85407989459394,41.1020203917021,16.84882687676746,41.10283007281504,16.84532742394581
flow_3_1935,41.0998657906448,16.854011700784426,41.0997840764074,16.85407989459394,41.101351288963656,16.848014927829535,41.09728164732345,16.84307858160294
flow_3_1936,41.0998657906448,16.854011700784426,41.0997840764074,16.85407989459394,41.09421243463567,16.847594276471863,41.09371087307764,16.849291052198975
flow_3_1937,41.0998657906448,16.854011700784426,41.0997840764074,16.85407989459394,41.09457433490167,16.847640377504526,41.09431864060897,16.848868036711348
flow_3_1938,41.0998657906448,16.854011700784426,41.0997840764074,16.85407989459394,41.097596631773314,16.853609114834843,41.09633260091152,16.853055976599734
flow_3_1939,41.0998657906448,16.854011700784426,41.0997840764074,16.85407989459394,41.100848149229584,16.852617317751818,41.10207566988899,16.852506071608552
flow_3_1940,41.0998657906448,16.854011700784426,41.0997840764074,16.85407989459394,41.09921039349766,16.857093476263653,41.09931390026017,16.857131876843294
flow_3_1941,41.0998657906448,16.854011700784426,41.0997840764074,16.85407989459394,41.0948531829976,16.854625234616556,41.09474852794223,16.854546207025674
flow_3_1942,41.0998657906448,16.854011700784426,41.0997840764074,16.85407989459394,41.097795170327615,16.8527908424273,41.09810151193486,16.852930909234342
flow_3_1943,41.0998657906448,16.854011700784426,41.0997840764074,16.85407989459394,41.10098576297509,16.85215368870655,41.10069399901464,16.852501766897987
flow_3_1944,41.0998657906448,16.854011700784426,41.0997840764074,16.85407989459394,41.10069399901464,16.852501766897987,41.10014423546408,16.85343368091778
flow_3_1945,41.0998657906448,16.854011700784426,41.0997840764074,16.85407989459394,41.10149846212833,16.851184630435842,41.10098576297509,16.85215368870655
flow_3_1946,41.0998657906448,16.854011700784426,41.0997840764074,16.85407989459394,41.10226128050579,16.84991892625057,41.10236609957379,16.849769208287043
flow_3_1947,41.0998657906448,16.854011700784426,41.0997840764074,16.85407989459394,41.10164696791585,16.849493004994628,41.10155429604601,16.849587453146114
flow_3_1948,41.0998657906448,16.854011700784426,41.0997840764074,16.85407989459394,41.101441674211465,16.850060366797287,41.10162574873644,16.85043277210701
flow_3_1949,41.0998657906448,16.854011700784426,41.0997840764074,16.85407989459394,41.10187323450664,16.850519265700957,41.10226128050579,16.84991892625057
flow_3_1950,41.0998657906448,16.854011700784426,41.0997840764074,16.85407989459394,41.10226128050579,16.84991892625057,41.10212098795253,16.849557273781752
flow_3_1951,41.0998657906448,16.854011700784426,41.0997840764074,16.85407989459394,41.10202949742299,16.849477185555482,41.101893052359,16.84942560576533
flow_3_1952,41.0998657906448,16.854011700784426,41.0997840764074,16.85407989459394,41.09848309553264,16.84824790691432,41.09797137080637,16.849701951782066
flow_3_1953,41.0998657906448,16.854011700784426,41.0997840764074,16.85407989459394,41.10178918891531,16.848691071158175,41.10226374108996,16.849199159034608
flow_3_1954,41.0998657906448,16.854011700784426,41.0997840764074,16.85407989459394,41.10064507934617,16.857798349652736,41.10063306420042,16.857811704770633
flow_3_1955,41.0998657906448,16.854011700784426,41.0997840764074,16.85407989459394,41.100629061952446,16.857881132677438,41.10063414181671,16.857890087546004
flow_3_1956,41.0998657906448,16.854011700784426,41.0997840764074,16.85407989459394,41.098013091446674,16.85068225103151,41.09797643244636,16.850614898699735
flow_3_1957,41.0998657906448,16.854011700784426,41.0997840764074,16.85407989459394,41.09356405619404,16.847281183170747,41.09213809529099,16.84656162436391
flow_3_1958,41.0998657906448,16.854011700784426,41.0997840764074,16.85407989459394,41.09874388317417,16.854662669666943,41.098789979203126,16.85480947432754
flow_3_1959,41.0998657906448,16.854011700784426,41.0997840764074,16.85407989459394,41.098805360878,16.854883494497827,41.09862690423968,16.855801764244642
flow_3_1960,41.0998657906448,16.854011700784426,41.0997840764074,16.85407989459394,41.09878814926408,16.854279784852835,41.0989742370114,16.854319313351734
flow_3_1961,41.0998657906448,16.854011700784426,41.0997840764074,16.85407989459394,41.09688679894607,16.854222009568716,41.09667063802659,16.854136985818336
flow_3_1962,41.0998657906448,16.854011700784426,41.0997840764074,16.85407989459394,41.09356405619404,16.847281183170747,41.09287653741932,16.849676627626383
flow_3_1963,41.0998657906448,16.854011700784426,41.0997840764074,16.85407989459394,41.09319536694794,16.85029565321274,41.0917515465328,16.847973810087527
flow_3_1964,41.0998657906448,16.854011700784426,41.0997840764074,16.85407989459394,41.0938910066973,16.847467751127233,41.09338157090906,16.849228712157455
flow_3_1965,41.0998657906448,16.854011700784426,41.0997840764074,16.85407989459394,41.10000725075745,16.85310225196114,41.1000373248635,16.852957349061356
flow_3_1966,41.0998657906448,16.854011700784426,41.0997840764074,16.85407989459394,41.09576913015391,16.84786199393714,41.095624082715545,16.84873938546676
flow_3_1967,41.0998657906448,16.854011700784426,41.0997840764074,16.85407989459394,41.09571950027065,16.85485011877157,41.09580139620255,16.854871355035236
flow_3_1968,41.0998657906448,16.854011700784426,41.0997840764074,16.85407989459394,41.10133204390066,16.849662784092665,41.09702231047879,16.849934177393052
flow_3_1969,41.0998657906448,16.854011700784426,41.0997840764074,16.85407989459394,41.09658937779303,16.849970011954603,41.09319536694794,16.85029565321274
flow_3_1970,41.0998657906448,16.854011700784426,41.0997840764074,16.85407989459394,41.09319536694794,16.85029565321274,41.09203558768891,16.85040097506566
flow_3_1971,41.0998657906448,16.854011700784426,41.0997840764074,16.85407989459394,41.09985490494118,16.854363380911906,41.10001879906208,16.854259633484794
flow_3_1972,41.0998657906448,16.854011700784426,41.0997840764074,16.85407989459394,41.1000081660962,16.854092033262692,41.09998736076528,16.85405834499595
flow_3_1973,41.0998657906448,16.854011700784426,41.0997840764074,16.85407989459394,41.09878814926408,16.854279784852835,41.0987411443374,16.8542061850138
flow_3_1974,41.0998657906448,16.854011700784426,41.0997840764074,16.85407989459394,41.09857803984875,16.854216123443177,41.09850337325547,16.85422140542611
flow_3_1975,41.0998657906448,16.854011700784426,41.0997840764074,16.85407989459394,41.09744212400728,16.854310502764104,41.097366852073485,16.854314219647932
flow_3_1976,41.0998657906448,16.854011700784426,41.0997840764074,16.85407989459394,41.10067445887713,16.85790908558486,41.100701898736745,16.85788878254526
flow_3_1977,41.0998657906448,16.854011700784426,41.0997840764074,16.85407989459394,41.10070616917118,16.85781948119896,41.1006949883477,16.857803447897922
flow_3_1978,41.0998657906448,16.854011700784426,41.0997840764074,16.85407989459394,41.10063414181671,16.857890087546004,41.10064883435636,16.85805137424128
flow_3_1979,41.099777248480336,16.854285821475813,41.09985490494118,16.854363380911906,41.1020203917021,16.84882687676746,41.10283007281504,16.84532742394581
flow_3_1980,41.099777248480336,16.854285821475813,41.09985490494118,16.854363380911906,41.101351288963656,16.848014927829535,41.09728164732345,16.84307858160294
flow_3_1981,41.099777248480336,16.854285821475813,41.09985490494118,16.854363380911906,41.09421243463567,16.847594276471863,41.09371087307764,16.849291052198975
flow_3_1982,41.099777248480336,16.854285821475813,41.09985490494118,16.854363380911906,41.09457433490167,16.847640377504526,41.09431864060897,16.848868036711348
flow_3_1983,41.099777248480336,16.854285821475813,41.09985490494118,16.854363380911906,41.097596631773314,16.853609114834843,41.09633260091152,16.853055976599734
flow_3_1984,41.099777248480336,16.854285821475813,41.09985490494118,16.854363380911906,41.100848149229584,16.852617317751818,41.10207566988899,16.852506071608552
flow_3_1985,41.099777248480336,16.854285821475813,41.09985490494118,16.854363380911906,41.09921039349766,16.857093476263653,41.09931390026017,16.857131876843294
flow_3_1986,41.099777248480336,16.854285821475813,41.09985490494118,16.854363380911906,41.0948531829976,16.854625234616556,41.09474852794223,16.854546207025674
flow_3_1987,41.099777248480336,16.854285821475813,41.09985490494118,16.854363380911906,41.097795170327615,16.8527908424273,41.09810151193486,16.852930909234342
flow_3_1988,41.099777248480336,16.854285821475813,41.09985490494118,16.854363380911906,41.10098576297509,16.85215368870655,41.10069399901464,16.852501766897987
flow_3_1989,41.099777248480336,16.854285821475813,41.09985490494118,16.854363380911906,41.10069399901464,16.852501766897987,41.10014423546408,16.85343368091778
flow_3_1990,41.099777248480336,16.854285821475813,41.09985490494118,16.854363380911906,41.10149846212833,16.851184630435842,41.10098576297509,16.85215368870655
flow_3_1991,41.099777248480336,16.854285821475813,41.09985490494118,16.854363380911906,41.10226128050579,16.84991892625057,41.10236609957379,16.849769208287043
flow_3_1992,41.099777248480336,16.854285821475813,41.09985490494118,16.854363380911906,41.10164696791585,16.849493004994628,41.10155429604601,16.849587453146114
flow_3_1993,41.099777248480336,16.854285821475813,41.09985490494118,16.854363380911906,41.101441674211465,16.850060366797287,41.10162574873644,16.85043277210701
flow_3_1994,41.099777248480336,16.854285821475813,41.09985490494118,16.854363380911906,41.10187323450664,16.850519265700957,41.10226128050579,16.84991892625057
flow_3_1995,41.099777248480336,16.854285821475813,41.09985490494118,16.854363380911906,41.10226128050579,16.84991892625057,41.10212098795253,16.849557273781752
flow_3_1996,41.099777248480336,16.854285821475813,41.09985490494118,16.854363380911906,41.10202949742299,16.849477185555482,41.101893052359,16.84942560576533
flow_3_1997,41.099777248480336,16.854285821475813,41.09985490494118,16.854363380911906,41.09848309553264,16.84824790691432,41.09797137080637,16.849701951782066
flow_3_1998,41.099777248480336,16.854285821475813,41.09985490494118,16.854363380911906,41.10178918891531,16.848691071158175,41.10226374108996,16.849199159034608
flow_3_1999,41.099777248480336,16.854285821475813,41.09985490494118,16.854363380911906,41.10064507934617,16.857798349652736,41.10063306420042,16.857811704770633
flow_3_2000,41.099777248480336,16.854285821475813,41.09985490494118,16.854363380911906,41.100629061952446,16.857881132677438,41.10063414181671,16.857890087546004
flow_3_2001,41.099777248480336,16.854285821475813,41.09985490494118,16.854363380911906,41.098013091446674,16.85068225103151,41.09797643244636,16.850614898699735
flow_3_2002,41.099777248480336,16.854285821475813,41.09985490494118,16.854363380911906,41.09356405619404,16.847281183170747,41.09213809529099,16.84656162436391
flow_3_2003,41.099777248480336,16.854285821475813,41.09985490494118,16.854363380911906,41.09874388317417,16.854662669666943,41.098789979203126,16.85480947432754
flow_3_2004,41.099777248480336,16.854285821475813,41.09985490494118,16.854363380911906,41.098805360878,16.854883494497827,41.09862690423968,16.855801764244642
flow_3_2005,41.099777248480336,16.854285821475813,41.09985490494118,16.854363380911906,41.09878814926408,16.854279784852835,41.0989742370114,16.854319313351734
flow_3_2006,41.099777248480336,16.854285821475813,41.09985490494118,16.854363380911906,41.09688679894607,16.854222009568716,41.09667063802659,16.854136985818336
flow_3_2007,41.099777248480336,16.854285821475813,41.09985490494118,16.854363380911906,41.09356405619404,16.847281183170747,41.09287653741932,16.849676627626383
flow_3_2008,41.099777248480336,16.854285821475813,41.09985490494118,16.854363380911906,41.09319536694794,16.85029565321274,41.0917515465328,16.847973810087527
flow_3_2009,41.099777248480336,16.854285821475813,41.09985490494118,16.854363380911906,41.0938910066973,16.847467751127233,41.09338157090906,16.849228712157455
flow_3_2010,41.099777248480336,16.854285821475813,41.09985490494118,16.854363380911906,41.10000725075745,16.85310225196114,41.1000373248635,16.852957349061356
flow_3_2011,41.099777248480336,16.854285821475813,41.09985490494118,16.854363380911906,41.09576913015391,16.84786199393714,41.095624082715545,16.84873938546676
flow_3_2012,41.099777248480336,16.854285821475813,41.09985490494118,16.854363380911906,41.09571950027065,16.85485011877157,41.09580139620255,16.854871355035236
flow_3_2013,41.099777248480336,16.854285821475813,41.09985490494118,16.854363380911906,41.10133204390066,16.849662784092665,41.09702231047879,16.849934177393052
flow_3_2014,41.099777248480336,16.854285821475813,41.09985490494118,16.854363380911906,41.09658937779303,16.849970011954603,41.09319536694794,16.85029565321274
flow_3_2015,41.099777248480336,16.854285821475813,41.09985490494118,16.854363380911906,41.09319536694794,16.85029565321274,41.09203558768891,16.85040097506566
flow_3_2016,41.099777248480336,16.854285821475813,41.09985490494118,16.854363380911906,41.09985490494118,16.854363380911906,41.10001879906208,16.854259633484794
flow_3_2017,41.099777248480336,16.854285821475813,41.09985490494118,16.854363380911906,41.1000081660962,16.854092033262692,41.09998736076528,16.85405834499595
flow_3_2018,41.099777248480336,16.854285821475813,41.09985490494118,16.854363380911906,41.0998657906448,16.854011700784426,41.0997840764074,16.85407989459394
flow_3_2019,41.099777248480336,16.854285821475813,41.09985490494118,16.854363380911906,41.09878814926408,16.854279784852835,41.0987411443374,16.8542061850138
flow_3_2020,41.099777248480336,16.854285821475813,41.09985490494118,16.854363380911906,41.09857803984875,16.854216123443177,41.09850337325547,16.85422140542611
flow_3_2021,41.099777248480336,16.854285821475813,41.09985490494118,16.854363380911906,41.09744212400728,16.854310502764104,41.097366852073485,16.854314219647932
flow_3_2022,41.099777248480336,16.854285821475813,41.09985490494118,16.854363380911906,41.10067445887713,16.85790908558486,41.100701898736745,16.85788878254526
flow_3_2023,41.099777248480336,16.854285821475813,41.09985490494118,16.854363380911906,41.10070616917118,16.85781948119896,41.1006949883477,16.857803447897922
flow_3_2024,41.099777248480336,16.854285821475813,41.09985490494118,16.854363380911906,41.10063414181671,16.857890087546004,41.10064883435636,16.85805137424128
flow_3_2025,41.09897771050402,16.8541874774914,41.09878814926408,16.854279784852835,41.1020203917021,16.84882687676746,41.10283007281504,16.84532742394581
flow_3_2026,41.09897771050402,16.8541874774914,41.09878814926408,16.854279784852835,41.101351288963656,16.848014927829535,41.09728164732345,16.84307858160294
flow_3_2027,41.09897771050402,16.8541874774914,41.09878814926408,16.854279784852835,41.09421243463567,16.847594276471863,41.09371087307764,16.849291052198975
flow_3_2028,41.09897771050402,16.8541874774914,41.09878814926408,16.854279784852835,41.09457433490167,16.847640377504526,41.09431864060897,16.848868036711348
flow_3_2029,41.09897771050402,16.8541874774914,41.09878814926408,16.854279784852835,41.097596631773314,16.853609114834843,41.09633260091152,16.853055976599734
flow_3_2030,41.09897771050402,16.8541874774914,41.09878814926408,16.854279784852835,41.100848149229584,16.852617317751818,41.10207566988899,16.852506071608552
flow_3_2031,41.09897771050402,16.8541874774914,41.09878814926408,16.854279784852835,41.09921039349766,16.857093476263653,41.09931390026017,16.857131876843294
flow_3_2032,41.09897771050402,16.8541874774914,41.09878814926408,16.854279784852835,41.0948531829976,16.854625234616556,41.09474852794223,16.854546207025674
flow_3_2033,41.09897771050402,16.8541874774914,41.09878814926408,16.854279784852835,41.097795170327615,16.8527908424273,41.09810151193486,16.852930909234342
flow_3_2034,41.09897771050402,16.8541874774914,41.09878814926408,16.854279784852835,41.10098576297509,16.85215368870655,41.10069399901464,16.852501766897987
flow_3_2035,41.09897771050402,16.8541874774914,41.09878814926408,16.854279784852835,41.10069399901464,16.852501766897987,41.10014423546408,16.85343368091778
flow_3_2036,41.09897771050402,16.8541874774914,41.09878814926408,16.854279784852835,41.10149846212833,16.851184630435842,41.10098576297509,16.85215368870655
flow_3_2037,41.09897771050402,16.8541874774914,41.09878814926408,16.854279784852835,41.10226128050579,16.84991892625057,41.10236609957379,16.849769208287043
flow_3_2038,41.09897771050402,16.8541874774914,41.09878814926408,16.854279784852835,41.10164696791585,16.849493004994628,41.10155429604601,16.849587453146114
flow_3_2039,41.09897771050402,16.8541874774914,41.09878814926408,16.854279784852835,41.101441674211465,16.850060366797287,41.10162574873644,16.85043277210701
flow_3_2040,41.09897771050402,16.8541874774914,41.09878814926408,16.854279784852835,41.10187323450664,16.850519265700957,41.10226128050579,16.84991892625057
flow_3_2041,41.09897771050402,16.8541874774914,41.09878814926408,16.854279784852835,41.10226128050579,16.84991892625057,41.10212098795253,16.849557273781752
flow_3_2042,41.09897771050402,16.8541874774914,41.09878814926408,16.854279784852835,41.10202949742299,16.849477185555482,41.101893052359,16.84942560576533
flow_3_2043,41.09897771050402,16.8541874774914,41.09878814926408,16.854279784852835,41.09848309553264,16.84824790691432,41.09797137080637,16.849701951782066
flow_3_2044,41.09897771050402,16.8541874774914,41.09878814926408,16.854279784852835,41.10178918891531,16.848691071158175,41.10226374108996,16.849199159034608
flow_3_2045,41.09897771050402,16.8541874774914,41.09878814926408,16.854279784852835,41.10064507934617,16.857798349652736,41.10063306420042,16.857811704770633
flow_3_2046,41.09897771050402,16.8541874774914,41.09878814926408,16.854279784852835,41.100629061952446,16.857881132677438,41.10063414181671,16.857890087546004
flow_3_2047,41.09897771050402,16.8541874774914,41.09878814926408,16.854279784852835,41.098013091446674,16.85068225103151,41.09797643244636,16.850614898699735
flow_3_2048,41.09897771050402,16.8541874774914,41.09878814926408,16.854279784852835,41.09356405619404,16.847281183170747,41.09213809529099,16.84656162436391
flow_3_2049,41.09897771050402,16.8541874774914,41.09878814926408,16.854279784852835,41.09874388317417,16.854662669666943,41.098789979203126,16.85480947432754
flow_3_2050,41.09897771050402,16.8541874774914,41.09878814926408,16.854279784852835,41.098805360878,16.854883494497827,41.09862690423968,16.855801764244642
flow_3_2051,41.09897771050402,16.8541874774914,41.09878814926408,16.854279784852835,41.09878814926408,16.854279784852835,41.0989742370114,16.854319313351734
flow_3_2052,41.09897771050402,16.8541874774914,41.09878814926408,16.854279784852835,41.09688679894607,16.854222009568716,41.09667063802659,16.854136985818336
flow_3_2053,41.09897771050402,16.8541874774914,41.09878814926408,16.854279784852835,41.09356405619404,16.847281183170747,41.09287653741932,16.849676627626383
flow_3_2054,41.09897771050402,16.8541874774914,41.09878814926408,16.854279784852835,41.09319536694794,16.85029565321274,41.0917515465328,16.847973810087527
flow_3_2055,41.09897771050402,16.8541874774914,41.09878814926408,16.854279784852835,41.0938910066973,16.847467751127233,41.09338157090906,16.849228712157455
flow_3_2056,41.09897771050402,16.8541874774914,41.09878814926408,16.854279784852835,41.10000725075745,16.85310225196114,41.1000373248635,16.852957349061356
flow_3_2057,41.09897771050402,16.8541874774914,41.09878814926408,16.854279784852835,41.09576913015391,16.84786199393714,41.095624082715545,16.84873938546676
flow_3_2058,41.09897771050402,16.8541874774914,41.09878814926408,16.854279784852835,41.09571950027065,16.85485011877157,41.09580139620255,16.854871355035236
flow_3_2059,41.09897771050402,16.8541874774914,41.09878814926408,16.854279784852835,41.10133204390066,16.849662784092665,41.09702231047879,16.849934177393052
flow_3_2060,41.09897771050402,16.8541874774914,41.09878814926408,16.854279784852835,41.09658937779303,16.849970011954603,41.09319536694794,16.85029565321274
flow_3_2061,41.09897771050402,16.8541874774914,41.09878814926408,16.854279784852835,41.09319536694794,16.85029565321274,41.09203558768891,16.85040097506566
flow_3_2062,41.09897771050402,16.8541874774914,41.09878814926408,16.854279784852835,41.09985490494118,16.854363380911906,41.10001879906208,16.854259633484794
flow_3_2063,41.09897771050402,16.8541874774914,41.09878814926408,16.854279784852835,41.1000081660962,16.854092033262692,41.09998736076528,16.85405834499595
flow_3_2064,41.09897771050402,16.8541874774914,41.09878814926408,16.854279784852835,41.0998657906448,16.854011700784426,41.0997840764074,16.85407989459394
flow_3_2065,41.09897771050402,16.8541874774914,41.09878814926408,16.854279784852835,41.09878814926408,16.854279784852835,41.0987411443374,16.8542061850138
flow_3_2066,41.09897771050402,16.8541874774914,41.09878814926408,16.854279784852835,41.09857803984875,16.854216123443177,41.09850337325547,16.85422140542611
flow_3_2067,41.09897771050402,16.8541874774914,41.09878814926408,16.854279784852835,41.09744212400728,16.854310502764104,41.097366852073485,16.854314219647932
flow_3_2068,41.09897771050402,16.8541874774914,41.09878814926408,16.854279784852835,41.10067445887713,16.85790908558486,41.100701898736745,16.85788878254526
flow_3_2069,41.09897771050402,16.8541874774914,41.09878814926408,16.854279784852835,41.10070616917118,16.85781948119896,41.1006949883477,16.857803447897922
flow_3_2070,41.09897771050402,16.8541874774914,41.09878814926408,16.854279784852835,41.10063414181671,16.857890087546004,41.10064883435636,16.85805137424128
flow_3_2071,41.09864594434303,16.854211246584164,41.09857803984875,16.854216123443177,41.1020203917021,16.84882687676746,41.10283007281504,16.84532742394581
flow_3_2072,41.09864594434303,16.854211246584164,41.09857803984875,16.854216123443177,41.101351288963656,16.848014927829535,41.09728164732345,16.84307858160294
flow_3_2073,41.09864594434303,16.854211246584164,41.09857803984875,16.854216123443177,41.09421243463567,16.847594276471863,41.09371087307764,16.849291052198975
flow_3_2074,41.09864594434303,16.854211246584164,41.09857803984875,16.854216123443177,41.09457433490167,16.847640377504526,41.09431864060897,16.848868036711348
flow_3_2075,41.09864594434303,16.854211246584164,41.09857803984875,16.854216123443177,41.097596631773314,16.853609114834843,41.09633260091152,16.853055976599734
flow_3_2076,41.09864594434303,16.854211246584164,41.09857803984875,16.854216123443177,41.100848149229584,16.852617317751818,41.10207566988899,16.852506071608552
flow_3_2077,41.09864594434303,16.854211246584164,41.09857803984875,16.854216123443177,41.09921039349766,16.857093476263653,41.09931390026017,16.857131876843294
flow_3_2078,41.09864594434303,16.854211246584164,41.09857803984875,16.854216123443177,41.0948531829976,16.854625234616556,41.09474852794223,16.854546207025674
flow_3_2079,41.09864594434303,16.854211246584164,41.09857803984875,16.854216123443177,41.097795170327615,16.8527908424273,41.09810151193486,16.852930909234342
flow_3_2080,41.09864594434303,16.854211246584164,41.09857803984875,16.854216123443177,41.10098576297509,16.85215368870655,41.10069399901464,16.852501766897987
flow_3_2081,41.09864594434303,16.854211246584164,41.09857803984875,16.854216123443177,41.10069399901464,16.852501766897987,41.10014423546408,16.85343368091778
flow_3_2082,41.09864594434303,16.854211246584164,41.09857803984875,16.854216123443177,41.10149846212833,16.851184630435842,41.10098576297509,16.85215368870655
flow_3_2083,41.09864594434303,16.854211246584164,41.09857803984875,16.854216123443177,41.10226128050579,16.84991892625057,41.10236609957379,16.849769208287043
flow_3_2084,41.09864594434303,16.854211246584164,41.09857803984875,16.854216123443177,41.10164696791585,16.849493004994628,41.10155429604601,16.849587453146114
flow_3_2085,41.09864594434303,16.854211246584164,41.09857803984875,16.854216123443177,41.101441674211465,16.850060366797287,41.10162574873644,16.85043277210701
flow_3_2086,41.09864594434303,16.854211246584164,41.09857803984875,16.854216123443177,41.10187323450664,16.850519265700957,41.10226128050579,16.84991892625057
flow_3_2087,41.09864594434303,16.854211246584164,41.09857803984875,16.854216123443177,41.10226128050579,16.84991892625057,41.10212098795253,16.849557273781752
flow_3_2088,41.09864594434303,16.854211246584164,41.09857803984875,16.854216123443177,41.10202949742299,16.849477185555482,41.101893052359,16.84942560576533
flow_3_2089,41.09864594434303,16.854211246584164,41.09857803984875,16.854216123443177,41.09848309553264,16.84824790691432,41.09797137080637,16.849701951782066
flow_3_2090,41.09864594434303,16.854211246584164,41.09857803984875,16.854216123443177,41.10178918891531,16.848691071158175,41.10226374108996,16.849199159034608
flow_3_2091,41.09864594434303,16.854211246584164,41.09857803984875,16.854216123443177,41.10064507934617,16.857798349652736,41.10063306420042,16.857811704770633
flow_3_2092,41.09864594434303,16.854211246584164,41.09857803984875,16.854216123443177,41.100629061952446,16.857881132677438,41.10063414181671,16.857890087546004
flow_3_2093,41.09864594434303,16.854211246584164,41.09857803984875,16.854216123443177,41.098013091446674,16.85068225103151,41.09797643244636,16.850614898699735
flow_3_2094,41.09864594434303,16.854211246584164,41.09857803984875,16.854216123443177,41.09356405619404,16.847281183170747,41.09213809529099,16.84656162436391
flow_3_2095,41.09864594434303,16.854211246584164,41.09857803984875,16.854216123443177,41.09874388317417,16.854662669666943,41.098789979203126,16.85480947432754
flow_3_2096,41.09864594434303,16.854211246584164,41.09857803984875,16.854216123443177,41.098805360878,16.854883494497827,41.09862690423968,16.855801764244642
flow_3_2097,41.09864594434303,16.854211246584164,41.09857803984875,16.854216123443177,41.09878814926408,16.854279784852835,41.0989742370114,16.854319313351734
flow_3_2098,41.09864594434303,16.854211246584164,41.09857803984875,16.854216123443177,41.09688679894607,16.854222009568716,41.09667063802659,16.854136985818336
flow_3_2099,41.09864594434303,16.854211246584164,41.09857803984875,16.854216123443177,41.09356405619404,16.847281183170747,41.09287653741932,16.849676627626383
flow_3_2100,41.09864594434303,16.854211246584164,41.09857803984875,16.854216123443177,41.09319536694794,16.85029565321274,41.0917515465328,16.847973810087527
flow_3_2101,41.09864594434303,16.854211246584164,41.09857803984875,16.854216123443177,41.0938910066973,16.847467751127233,41.09338157090906,16.849228712157455
flow_3_2102,41.09864594434303,16.854211246584164,41.09857803984875,16.854216123443177,41.10000725075745,16.85310225196114,41.1000373248635,16.852957349061356
flow_3_2103,41.09864594434303,16.854211246584164,41.09857803984875,16.854216123443177,41.09576913015391,16.84786199393714,41.095624082715545,16.84873938546676
flow_3_2104,41.09864594434303,16.854211246584164,41.09857803984875,16.854216123443177,41.09571950027065,16.85485011877157,41.09580139620255,16.854871355035236
flow_3_2105,41.09864594434303,16.854211246584164,41.09857803984875,16.854216123443177,41.10133204390066,16.849662784092665,41.09702231047879,16.849934177393052
flow_3_2106,41.09864594434303,16.854211246584164,41.09857803984875,16.854216123443177,41.09658937779303,16.849970011954603,41.09319536694794,16.85029565321274
flow_3_2107,41.09864594434303,16.854211246584164,41.09857803984875,16.854216123443177,41.09319536694794,16.85029565321274,41.09203558768891,16.85040097506566
flow_3_2108,41.09864594434303,16.854211246584164,41.09857803984875,16.854216123443177,41.09985490494118,16.854363380911906,41.10001879906208,16.854259633484794
flow_3_2109,41.09864594434303,16.854211246584164,41.09857803984875,16.854216123443177,41.1000081660962,16.854092033262692,41.09998736076528,16.85405834499595
flow_3_2110,41.09864594434303,16.854211246584164,41.09857803984875,16.854216123443177,41.0998657906448,16.854011700784426,41.0997840764074,16.85407989459394
flow_3_2111,41.09864594434303,16.854211246584164,41.09857803984875,16.854216123443177,41.09878814926408,16.854279784852835,41.0987411443374,16.8542061850138
flow_3_2112,41.09864594434303,16.854211246584164,41.09857803984875,16.854216123443177,41.09857803984875,16.854216123443177,41.09850337325547,16.85422140542611
flow_3_2113,41.09864594434303,16.854211246584164,41.09857803984875,16.854216123443177,41.09744212400728,16.854310502764104,41.097366852073485,16.854314219647932
flow_3_2114,41.09864594434303,16.854211246584164,41.09857803984875,16.854216123443177,41.10067445887713,16.85790908558486,41.100701898736745,16.85788878254526
flow_3_2115,41.09864594434303,16.854211246584164,41.09857803984875,16.854216123443177,41.10070616917118,16.85781948119896,41.1006949883477,16.857803447897922
flow_3_2116,41.09864594434303,16.854211246584164,41.09857803984875,16.854216123443177,41.10063414181671,16.857890087546004,41.10064883435636,16.85805137424128
flow_3_2117,41.09857803984875,16.854216123443177,41.09850337325547,16.85422140542611,41.1020203917021,16.84882687676746,41.10283007281504,16.84532742394581
flow_3_2118,41.09857803984875,16.854216123443177,41.09850337325547,16.85422140542611,41.101351288963656,16.848014927829535,41.09728164732345,16.84307858160294
flow_3_2119,41.09857803984875,16.854216123443177,41.09850337325547,16.85422140542611,41.09421243463567,16.847594276471863,41.09371087307764,16.849291052198975
flow_3_2120,41.09857803984875,16.854216123443177,41.09850337325547,16.85422140542611,41.09457433490167,16.847640377504526,41.09431864060897,16.848868036711348
flow_3_2121,41.09857803984875,16.854216123443177,41.09850337325547,16.85422140542611,41.097596631773314,16.853609114834843,41.09633260091152,16.853055976599734
flow_3_2122,41.09857803984875,16.854216123443177,41.09850337325547,16.85422140542611,41.100848149229584,16.852617317751818,41.10207566988899,16.852506071608552
flow_3_2123,41.09857803984875,16.854216123443177,41.09850337325547,16.85422140542611,41.09921039349766,16.857093476263653,41.09931390026017,16.857131876843294
flow_3_2124,41.09857803984875,16.854216123443177,41.09850337325547,16.85422140542611,41.0948531829976,16.854625234616556,41.09474852794223,16.854546207025674
flow_3_2125,41.09857803984875,16.854216123443177,41.09850337325547,16.85422140542611,41.097795170327615,16.8527908424273,41.09810151193486,16.852930909234342
flow_3_2126,41.09857803984875,16.854216123443177,41.09850337325547,16.85422140542611,41.10098576297509,16.85215368870655,41.10069399901464,16.852501766897987
flow_3_2127,41.09857803984875,16.854216123443177,41.09850337325547,16.85422140542611,41.10069399901464,16.852501766897987,41.10014423546408,16.85343368091778
flow_3_2128,41.09857803984875,16.854216123443177,41.09850337325547,16.85422140542611,41.10149846212833,16.851184630435842,41.10098576297509,16.85215368870655
flow_3_2129,41.09857803984875,16.854216123443177,41.09850337325547,16.85422140542611,41.10226128050579,16.84991892625057,41.10236609957379,16.849769208287043
flow_3_2130,41.09857803984875,16.854216123443177,41.09850337325547,16.85422140542611,41.10164696791585,16.849493004994628,41.10155429604601,16.849587453146114
flow_3_2131,41.09857803984875,16.854216123443177,41.09850337325547,16.85422140542611,41.101441674211465,16.850060366797287,41.10162574873644,16.85043277210701
flow_3_2132,41.09857803984875,16.854216123443177,41.09850337325547,16.85422140542611,41.10187323450664,16.850519265700957,41.10226128050579,16.84991892625057
flow_3_2133,41.09857803984875,16.854216123443177,41.09850337325547,16.85422140542611,41.10226128050579,16.84991892625057,41.10212098795253,16.849557273781752
flow_3_2134,41.09857803984875,16.854216123443177,41.09850337325547,16.85422140542611,41.10202949742299,16.849477185555482,41.101893052359,16.84942560576533
flow_3_2135,41.09857803984875,16.854216123443177,41.09850337325547,16.85422140542611,41.09848309553264,16.84824790691432,41.09797137080637,16.849701951782066
flow_3_2136,41.09857803984875,16.854216123443177,41.09850337325547,16.85422140542611,41.10178918891531,16.848691071158175,41.10226374108996,16.849199159034608
flow_3_2137,41.09857803984875,16.854216123443177,41.09850337325547,16.85422140542611,41.10064507934617,16.857798349652736,41.10063306420042,16.857811704770633
flow_3_2138,41.09857803984875,16.854216123443177,41.09850337325547,16.85422140542611,41.100629061952446,16.857881132677438,41.10063414181671,16.857890087546004
flow_3_2139,41.09857803984875,16.854216123443177,41.09850337325547,16.85422140542611,41.098013091446674,16.85068225103151,41.09797643244636,16.850614898699735
flow_3_2140,41.09857803984875,16.854216123443177,41.09850337325547,16.85422140542611,41.09356405619404,16.847281183170747,41.09213809529099,16.84656162436391
flow_3_2141,41.09857803984875,16.854216123443177,41.09850337325547,16.85422140542611,41.09874388317417,16.854662669666943,41.098789979203126,16.85480947432754
flow_3_2142,41.09857803984875,16.854216123443177,41.09850337325547,16.85422140542611,41.098805360878,16.854883494497827,41.09862690423968,16.855801764244642
flow_3_2143,41.09857803984875,16.854216123443177,41.09850337325547,16.85422140542611,41.09878814926408,16.854279784852835,41.0989742370114,16.854319313351734
flow_3_2144,41.09857803984875,16.854216123443177,41.09850337325547,16.85422140542611,41.09688679894607,16.854222009568716,41.09667063802659,16.854136985818336
flow_3_2145,41.09857803984875,16.854216123443177,41.09850337325547,16.85422140542611,41.09356405619404,16.847281183170747,41.09287653741932,16.849676627626383
flow_3_2146,41.09857803984875,16.854216123443177,41.09850337325547,16.85422140542611,41.09319536694794,16.85029565321274,41.0917515465328,16.847973810087527
flow_3_2147,41.09857803984875,16.854216123443177,41.09850337325547,16.85422140542611,41.0938910066973,16.847467751127233,41.09338157090906,16.849228712157455
flow_3_2148,41.09857803984875,16.854216123443177,41.09850337325547,16.85422140542611,41.10000725075745,16.85310225196114,41.1000373248635,16.852957349061356
flow_3_2149,41.09857803984875,16.854216123443177,41.09850337325547,16.85422140542611,41.09576913015391,16.84786199393714,41.095624082715545,16.84873938546676
flow_3_2150,41.09857803984875,16.854216123443177,41.09850337325547,16.85422140542611,41.09571950027065,16.85485011877157,41.09580139620255,16.854871355035236
flow_3_2151,41.09857803984875,16.854216123443177,41.09850337325547,16.85422140542611,41.10133204390066,16.849662784092665,41.09702231047879,16.849934177393052
flow_3_2152,41.09857803984875,16.854216123443177,41.09850337325547,16.85422140542611,41.09658937779303,16.849970011954603,41.09319536694794,16.85029565321274
flow_3_2153,41.09857803984875,16.854216123443177,41.09850337325547,16.85422140542611,41.09319536694794,16.85029565321274,41.09203558768891,16.85040097506566
flow_3_2154,41.09857803984875,16.854216123443177,41.09850337325547,16.85422140542611,41.09985490494118,16.854363380911906,41.10001879906208,16.854259633484794
flow_3_2155,41.09857803984875,16.854216123443177,41.09850337325547,16.85422140542611,41.1000081660962,16.854092033262692,41.09998736076528,16.85405834499595
flow_3_2156,41.09857803984875,16.854216123443177,41.09850337325547,16.85422140542611,41.0998657906448,16.854011700784426,41.0997840764074,16.85407989459394
flow_3_2157,41.09857803984875,16.854216123443177,41.09850337325547,16.85422140542611,41.09878814926408,16.854279784852835,41.0987411443374,16.8542061850138
flow_3_2158,41.09857803984875,16.854216123443177,41.09850337325547,16.85422140542611,41.09744212400728,16.854310502764104,41.097366852073485,16.854314219647932
flow_3_2159,41.09857803984875,16.854216123443177,41.09850337325547,16.85422140542611,41.10067445887713,16.85790908558486,41.100701898736745,16.85788878254526
flow_3_2160,41.09857803984875,16.854216123443177,41.09850337325547,16.85422140542611,41.10070616917118,16.85781948119896,41.1006949883477,16.857803447897922
flow_3_2161,41.09857803984875,16.854216123443177,41.09850337325547,16.85422140542611,41.10063414181671,16.857890087546004,41.10064883435636,16.85805137424128
flow_3_2162,41.10067445887713,16.85790908558486,41.100701898736745,16.85788878254526,41.1020203917021,16.84882687676746,41.10283007281504,16.84532742394581
flow_3_2163,41.10067445887713,16.85790908558486,41.100701898736745,16.85788878254526,41.101351288963656,16.848014927829535,41.09728164732345,16.84307858160294
flow_3_2164,41.10067445887713,16.85790908558486,41.100701898736745,16.85788878254526,41.09421243463567,16.847594276471863,41.09371087307764,16.849291052198975
flow_3_2165,41.10067445887713,16.85790908558486,41.100701898736745,16.85788878254526,41.09457433490167,16.847640377504526,41.09431864060897,16.848868036711348
flow_3_2166,41.10067445887713,16.85790908558486,41.100701898736745,16.85788878254526,41.097596631773314,16.853609114834843,41.09633260091152,16.853055976599734
flow_3_2167,41.10067445887713,16.85790908558486,41.100701898736745,16.85788878254526,41.100848149229584,16.852617317751818,41.10207566988899,16.852506071608552
flow_3_2168,41.10067445887713,16.85790908558486,41.100701898736745,16.85788878254526,41.09921039349766,16.857093476263653,41.09931390026017,16.857131876843294
flow_3_2169,41.10067445887713,16.85790908558486,41.100701898736745,16.85788878254526,41.0948531829976,16.854625234616556,41.09474852794223,16.854546207025674
flow_3_2170,41.10067445887713,16.85790908558486,41.100701898736745,16.85788878254526,41.097795170327615,16.8527908424273,41.09810151193486,16.852930909234342
flow_3_2171,41.10067445887713,16.85790908558486,41.100701898736745,16.85788878254526,41.10098576297509,16.85215368870655,41.10069399901464,16.852501766897987
flow_3_2172,41.10067445887713,16.85790908558486,41.100701898736745,16.85788878254526,41.10069399901464,16.852501766897987,41.10014423546408,16.85343368091778
flow_3_2173,41.10067445887713,16.85790908558486,41.100701898736745,16.85788878254526,41.10149846212833,16.851184630435842,41.10098576297509,16.85215368870655
flow_3_2174,41.10067445887713,16.85790908558486,41.100701898736745,16.85788878254526,41.10226128050579,16.84991892625057,41.10236609957379,16.849769208287043
flow_3_2175,41.10067445887713,16.85790908558486,41.100701898736745,16.85788878254526,41.10164696791585,16.849493004994628,41.10155429604601,16.849587453146114
flow_3_2176,41.10067445887713,16.85790908558486,41.100701898736745,16.85788878254526,41.101441674211465,16.850060366797287,41.10162574873644,16.85043277210701
flow_3_2177,41.10067445887713,16.85790908558486,41.100701898736745,16.85788878254526,41.10187323450664,16.850519265700957,41.10226128050579,16.84991892625057
flow_3_2178,41.10067445887713,16.85790908558486,41.100701898736745,16.85788878254526,41.10226128050579,16.84991892625057,41.10212098795253,16.849557273781752
flow_3_2179,41.10067445887713,16.85790908558486,41.100701898736745,16.85788878254526,41.10202949742299,16.849477185555482,41.101893052359,16.84942560576533
flow_3_2180,41.10067445887713,16.85790908558486,41.100701898736745,16.85788878254526,41.09848309553264,16.84824790691432,41.09797137080637,16.849701951782066
flow_3_2181,41.10067445887713,16.85790908558486,41.100701898736745,16.85788878254526,41.10178918891531,16.848691071158175,41.10226374108996,16.849199159034608
flow_3_2182,41.10067445887713,16.85790908558486,41.100701898736745,16.85788878254526,41.10064507934617,16.857798349652736,41.10063306420042,16.857811704770633
flow_3_2183,41.10067445887713,16.85790908558486,41.100701898736745,16.85788878254526,41.100629061952446,16.857881132677438,41.10063414181671,16.857890087546004
flow_3_2184,41.10067445887713,16.85790908558486,41.100701898736745,16.85788878254526,41.098013091446674,16.85068225103151,41.09797643244636,16.850614898699735
flow_3_2185,41.10067445887713,16.85790908558486,41.100701898736745,16.85788878254526,41.09356405619404,16.847281183170747,41.09213809529099,16.84656162436391
flow_3_2186,41.10067445887713,16.85790908558486,41.100701898736745,16.85788878254526,41.09874388317417,16.854662669666943,41.098789979203126,16.85480947432754
flow_3_2187,41.10067445887713,16.85790908558486,41.100701898736745,16.85788878254526,41.098805360878,16.854883494497827,41.09862690423968,16.855801764244642
flow_3_2188,41.10067445887713,16.85790908558486,41.100701898736745,16.85788878254526,41.09878814926408,16.854279784852835,41.0989742370114,16.854319313351734
flow_3_2189,41.10067445887713,16.85790908558486,41.100701898736745,16.85788878254526,41.09688679894607,16.854222009568716,41.09667063802659,16.854136985818336
flow_3_2190,41.10067445887713,16.85790908558486,41.100701898736745,16.85788878254526,41.09356405619404,16.847281183170747,41.09287653741932,16.849676627626383
flow_3_2191,41.10067445887713,16.85790908558486,41.100701898736745,16.85788878254526,41.09319536694794,16.85029565321274,41.0917515465328,16.847973810087527
flow_3_2192,41.10067445887713,16.85790908558486,41.100701898736745,16.85788878254526,41.0938910066973,16.847467751127233,41.09338157090906,16.849228712157455
flow_3_2193,41.10067445887713,16.85790908558486,41.100701898736745,16.85788878254526,41.10000725075745,16.85310225196114,41.1000373248635,16.852957349061356
flow_3_2194,41.10067445887713,16.85790908558486,41.100701898736745,16.85788878254526,41.09576913015391,16.84786199393714,41.095624082715545,16.84873938546676
flow_3_2195,41.10067445887713,16.85790908558486,41.100701898736745,16.85788878254526,41.09571950027065,16.85485011877157,41.09580139620255,16.854871355035236
flow_3_2196,41.10067445887713,16.85790908558486,41.100701898736745,16.85788878254526,41.10133204390066,16.849662784092665,41.09702231047879,16.849934177393052
flow_3_2197,41.10067445887713,16.85790908558486,41.100701898736745,16.85788878254526,41.09658937779303,16.849970011954603,41.09319536694794,16.85029565321274
flow_3_2198,41.10067445887713,16.85790908558486,41.100701898736745,16.85788878254526,41.09319536694794,16.85029565321274,41.09203558768891,16.85040097506566
flow_3_2199,41.10067445887713,16.85790908558486,41.100701898736745,16.85788878254526,41.09985490494118,16.854363380911906,41.10001879906208,16.854259633484794
flow_3_2200,41.10067445887713,16.85790908558486,41.100701898736745,16.85788878254526,41.1000081660962,16.854092033262692,41.09998736076528,16.85405834499595
flow_3_2201,41.10067445887713,16.85790908558486,41.100701898736745,16.85788878254526,41.0998657906448,16.854011700784426,41.0997840764074,16.85407989459394
flow_3_2202,41.10067445887713,16.85790908558486,41.100701898736745,16.85788878254526,41.09878814926408,16.854279784852835,41.0987411443374,16.8542061850138
flow_3_2203,41.10067445887713,16.85790908558486,41.100701898736745,16.85788878254526,41.09857803984875,16.854216123443177,41.09850337325547,16.85422140542611
flow_3_2204,41.10067445887713,16.85790908558486,41.100701898736745,16.85788878254526,41.09744212400728,16.854310502764104,41.097366852073485,16.854314219647932
flow_3_2205,41.10067445887713,16.85790908558486,41.100701898736745,16.85788878254526,41.10070616917118,16.85781948119896,41.1006949883477,16.857803447897922
flow_3_2206,41.10067445887713,16.85790908558486,41.100701898736745,16.85788878254526,41.10063414181671,16.857890087546004,41.10064883435636,16.85805137424128
flow_3_2207,41.10070616917118,16.85781948119896,41.1006949883477,16.857803447897922,41.1020203917021,16.84882687676746,41.10283007281504,16.84532742394581
flow_3_2208,41.10070616917118,16.85781948119896,41.1006949883477,16.857803447897922,41.101351288963656,16.848014927829535,41.09728164732345,16.84307858160294
flow_3_2209,41.10070616917118,16.85781948119896,41.1006949883477,16.857803447897922,41.09421243463567,16.847594276471863,41.09371087307764,16.849291052198975
flow_3_2210,41.10070616917118,16.85781948119896,41.1006949883477,16.857803447897922,41.09457433490167,16.847640377504526,41.09431864060897,16.848868036711348
flow_3_2211,41.10070616917118,16.85781948119896,41.1006949883477,16.857803447897922,41.097596631773314,16.853609114834843,41.09633260091152,16.853055976599734
flow_3_2212,41.10070616917118,16.85781948119896,41.1006949883477,16.857803447897922,41.100848149229584,16.852617317751818,41.10207566988899,16.852506071608552
flow_3_2213,41.10070616917118,16.85781948119896,41.1006949883477,16.857803447897922,41.09921039349766,16.857093476263653,41.09931390026017,16.857131876843294
flow_3_2214,41.10070616917118,16.85781948119896,41.1006949883477,16.857803447897922,41.0948531829976,16.854625234616556,41.09474852794223,16.854546207025674
flow_3_2215,41.10070616917118,16.85781948119896,41.1006949883477,16.857803447897922,41.097795170327615,16.8527908424273,41.09810151193486,16.852930909234342
flow_3_2216,41.10070616917118,16.85781948119896,41.1006949883477,16.857803447897922,41.10098576297509,16.85215368870655,41.10069399901464,16.852501766897987
flow_3_2217,41.10070616917118,16.85781948119896,41.1006949883477,16.857803447897922,41.10069399901464,16.852501766897987,41.10014423546408,16.85343368091778
flow_3_2218,41.10070616917118,16.85781948119896,41.1006949883477,16.857803447897922,41.10149846212833,16.851184630435842,41.10098576297509,16.85215368870655
flow_3_2219,41.10070616917118,16.85781948119896,41.1006949883477,16.857803447897922,41.10226128050579,16.84991892625057,41.10236609957379,16.849769208287043
flow_3_2220,41.10070616917118,16.85781948119896,41.1006949883477,16.857803447897922,41.10164696791585,16.849493004994628,41.10155429604601,16.849587453146114
flow_3_2221,41.10070616917118,16.85781948119896,41.1006949883477,16.857803447897922,41.101441674211465,16.850060366797287,41.10162574873644,16.85043277210701
flow_3_2222,41.10070616917118,16.85781948119896,41.1006949883477,16.857803447897922,41.10187323450664,16.850519265700957,41.10226128050579,16.84991892625057
flow_3_2223,41.10070616917118,16.85781948119896,41.1006949883477,16.857803447897922,41.10226128050579,16.84991892625057,41.10212098795253,16.849557273781752
flow_3_2224,41.10070616917118,16.85781948119896,41.1006949883477,16.857803447897922,41.10202949742299,16.849477185555482,41.101893052359,16.84942560576533
flow_3_2225,41.10070616917118,16.85781948119896,41.1006949883477,16.857803447897922,41.09848309553264,16.84824790691432,41.09797137080637,16.849701951782066
flow_3_2226,41.10070616917118,16.85781948119896,41.1006949883477,16.857803447897922,41.10178918891531,16.848691071158175,41.10226374108996,16.849199159034608
flow_3_2227,41.10070616917118,16.85781948119896,41.1006949883477,16.857803447897922,41.10064507934617,16.857798349652736,41.10063306420042,16.857811704770633
flow_3_2228,41.10070616917118,16.85781948119896,41.1006949883477,16.857803447897922,41.100629061952446,16.857881132677438,41.10063414181671,16.857890087546004
flow_3_2229,41.10070616917118,16.85781948119896,41.1006949883477,16.857803447897922,41.098013091446674,16.85068225103151,41.09797643244636,16.850614898699735
flow_3_2230,41.10070616917118,16.85781948119896,41.1006949883477,16.857803447897922,41.09356405619404,16.847281183170747,41.09213809529099,16.84656162436391
flow_3_2231,41.10070616917118,16.85781948119896,41.1006949883477,16.857803447897922,41.09874388317417,16.854662669666943,41.098789979203126,16.85480947432754
flow_3_2232,41.10070616917118,16.85781948119896,41.1006949883477,16.857803447897922,41.098805360878,16.854883494497827,41.09862690423968,16.855801764244642
flow_3_2233,41.10070616917118,16.85781948119896,41.1006949883477,16.857803447897922,41.09878814926408,16.854279784852835,41.0989742370114,16.854319313351734
flow_3_2234,41.10070616917118,16.85781948119896,41.1006949883477,16.857803447897922,41.09688679894607,16.854222009568716,41.09667063802659,16.854136985818336
flow_3_2235,41.10070616917118,16.85781948119896,41.1006949883477,16.857803447897922,41.09356405619404,16.847281183170747,41.09287653741932,16.849676627626383
flow_3_2236,41.10070616917118,16.85781948119896,41.1006949883477,16.857803447897922,41.09319536694794,16.85029565321274,41.0917515465328,16.847973810087527
flow_3_2237,41.10070616917118,16.85781948119896,41.1006949883477,16.857803447897922,41.0938910066973,16.847467751127233,41.09338157090906,16.849228712157455
flow_3_2238,41.10070616917118,16.85781948119896,41.1006949883477,16.857803447897922,41.10000725075745,16.85310225196114,41.1000373248635,16.852957349061356
flow_3_2239,41.10070616917118,16.85781948119896,41.1006949883477,16.857803447897922,41.09576913015391,16.84786199393714,41.095624082715545,16.84873938546676
flow_3_2240,41.10070616917118,16.85781948119896,41.1006949883477,16.857803447897922,41.09571950027065,16.85485011877157,41.09580139620255,16.854871355035236
flow_3_2241,41.10070616917118,16.85781948119896,41.1006949883477,16.857803447897922,41.10133204390066,16.849662784092665,41.09702231047879,16.849934177393052
flow_3_2242,41.10070616917118,16.85781948119896,41.1006949883477,16.857803447897922,41.09658937779303,16.849970011954603,41.09319536694794,16.85029565321274
flow_3_2243,41.10070616917118,16.85781948119896,41.1006949883477,16.857803447897922,41.09319536694794,16.85029565321274,41.09203558768891,16.85040097506566
flow_3_2244,41.10070616917118,16.85781948119896,41.1006949883477,16.857803447897922,41.09985490494118,16.854363380911906,41.10001879906208,16.854259633484794
flow_3_2245,41.10070616917118,16.85781948119896,41.1006949883477,16.857803447897922,41.1000081660962,16.854092033262692,41.09998736076528,16.85405834499595
flow_3_2246,41.10070616917118,16.85781948119896,41.1006949883477,16.857803447897922,41.0998657906448,16.854011700784426,41.0997840764074,16.85407989459394
flow_3_2247,41.10070616917118,16.85781948119896,41.1006949883477,16.857803447897922,41.09878814926408,16.854279784852835,41.0987411443374,16.8542061850138
flow_3_2248,41.10070616917118,16.85781948119896,41.1006949883477,16.857803447897922,41.09857803984875,16.854216123443177,41.09850337325547,16.85422140542611
flow_3_2249,41.10070616917118,16.85781948119896,41.1006949883477,16.857803447897922,41.09744212400728,16.854310502764104,41.097366852073485,16.854314219647932
flow_3_2250,41.10070616917118,16.85781948119896,41.1006949883477,16.857803447897922,41.10067445887713,16.85790908558486,41.100701898736745,16.85788878254526
flow_3_2251,41.10070616917118,16.85781948119896,41.1006949883477,16.857803447897922,41.10063414181671,16.857890087546004,41.10064883435636,16.85805137424128
flow_3_2252,41.10064883435636,16.85805137424128,41.10067445887713,16.85790908558486,41.1020203917021,16.84882687676746,41.10283007281504,16.84532742394581
flow_3_2253,41.10064883435636,16.85805137424128,41.10067445887713,16.85790908558486,41.101351288963656,16.848014927829535,41.09728164732345,16.84307858160294
flow_3_2254,41.10064883435636,16.85805137424128,41.10067445887713,16.85790908558486,41.09421243463567,16.847594276471863,41.09371087307764,16.849291052198975
flow_3_2255,41.10064883435636,16.85805137424128,41.10067445887713,16.85790908558486,41.09457433490167,16.847640377504526,41.09431864060897,16.848868036711348
flow_3_2256,41.10064883435636,16.85805137424128,41.10067445887713,16.85790908558486,41.097596631773314,16.853609114834843,41.09633260091152,16.853055976599734
flow_3_2257,41.10064883435636,16.85805137424128,41.10067445887713,16.85790908558486,41.100848149229584,16.852617317751818,41.10207566988899,16.852506071608552
flow_3_2258,41.10064883435636,16.85805137424128,41.10067445887713,16.85790908558486,41.09921039349766,16.857093476263653,41.09931390026017,16.857131876843294
flow_3_2259,41.10064883435636,16.85805137424128,41.10067445887713,16.85790908558486,41.0948531829976,16.854625234616556,41.09474852794223,16.854546207025674
flow_3_2260,41.10064883435636,16.85805137424128,41.10067445887713,16.85790908558486,41.097795170327615,16.8527908424273,41.09810151193486,16.852930909234342
flow_3_2261,41.10064883435636,16.85805137424128,41.10067445887713,16.85790908558486,41.10098576297509,16.85215368870655,41.10069399901464,16.852501766897987
flow_3_2262,41.10064883435636,16.85805137424128,41.10067445887713,16.85790908558486,41.10069399901464,16.852501766897987,41.10014423546408,16.85343368091778
flow_3_2263,41.10064883435636,16.85805137424128,41.10067445887713,16.85790908558486,41.10149846212833,16.851184630435842,41.10098576297509,16.85215368870655
flow_3_2264,41.10064883435636,16.85805137424128,41.10067445887713,16.85790908558486,41.10226128050579,16.84991892625057,41.10236609957379,16.849769208287043
flow_3_2265,41.10064883435636,16.85805137424128,41.10067445887713,16.85790908558486,41.10164696791585,16.849493004994628,41.10155429604601,16.849587453146114
flow_3_2266,41.10064883435636,16.85805137424128,41.10067445887713,16.85790908558486,41.101441674211465,16.850060366797287,41.10162574873644,16.85043277210701
flow_3_2267,41.10064883435636,16.85805137424128,41.10067445887713,16.85790908558486,41.10187323450664,16.850519265700957,41.10226128050579,16.84991892625057
flow_3_2268,41.10064883435636,16.85805137424128,41.10067445887713,16.85790908558486,41.10226128050579,16.84991892625057,41.10212098795253,16.849557273781752
flow_3_2269,41.10064883435636,16.85805137424128,41.10067445887713,16.85790908558486,41.10202949742299,16.849477185555482,41.101893052359,16.84942560576533
flow_3_2270,41.10064883435636,16.85805137424128,41.10067445887713,16.85790908558486,41.09848309553264,16.84824790691432,41.09797137080637,16.849701951782066
flow_3_2271,41.10064883435636,16.85805137424128,41.10067445887713,16.85790908558486,41.10178918891531,16.848691071158175,41.10226374108996,16.849199159034608
flow_3_2272,41.10064883435636,16.85805137424128,41.10067445887713,16.85790908558486,41.10064507934617,16.857798349652736,41.10063306420042,16.857811704770633
flow_3_2273,41.10064883435636,16.85805137424128,41.10067445887713,16.85790908558486,41.100629061952446,16.857881132677438,41.10063414181671,16.857890087546004
flow_3_2274,41.10064883435636,16.85805137424128,41.10067445887713,16.85790908558486,41.098013091446674,16.85068225103151,41.09797643244636,16.850614898699735
flow_3_2275,41.10064883435636,16.85805137424128,41.10067445887713,16.85790908558486,41.09356405619404,16.847281183170747,41.09213809529099,16.84656162436391
flow_3_2276,41.10064883435636,16.85805137424128,41.10067445887713,16.85790908558486,41.09874388317417,16.854662669666943,41.098789979203126,16.85480947432754
flow_3_2277,41.10064883435636,16.85805137424128,41.10067445887713,16.85790908558486,41.098805360878,16.854883494497827,41.09862690423968,16.855801764244642
flow_3_2278,41.10064883435636,16.85805137424128,41.10067445887713,16.85790908558486,41.09878814926408,16.854279784852835,41.0989742370114,16.854319313351734
flow_3_2279,41.10064883435636,16.85805137424128,41.10067445887713,16.85790908558486,41.09688679894607,16.854222009568716,41.09667063802659,16.854136985818336
flow_3_2280,41.10064883435636,16.85805137424128,41.10067445887713,16.85790908558486,41.09356405619404,16.847281183170747,41.09287653741932,16.849676627626383
flow_3_2281,41.10064883435636,16.85805137424128,41.10067445887713,16.85790908558486,41.09319536694794,16.85029565321274,41.0917515465328,16.847973810087527
flow_3_2282,41.10064883435636,16.85805137424128,41.10067445887713,16.85790908558486,41.0938910066973,16.847467751127233,41.09338157090906,16.849228712157455
flow_3_2283,41.10064883435636,16.85805137424128,41.10067445887713,16.85790908558486,41.10000725075745,16.85310225196114,41.1000373248635,16.852957349061356
flow_3_2284,41.10064883435636,16.85805137424128,41.10067445887713,16.85790908558486,41.09576913015391,16.84786199393714,41.095624082715545,16.84873938546676
flow_3_2285,41.10064883435636,16.85805137424128,41.10067445887713,16.85790908558486,41.09571950027065,16.85485011877157,41.09580139620255,16.854871355035236
flow_3_2286,41.10064883435636,16.85805137424128,41.10067445887713,16.85790908558486,41.10133204390066,16.849662784092665,41.09702231047879,16.849934177393052
flow_3_2287,41.10064883435636,16.85805137424128,41.10067445887713,16.85790908558486,41.09658937779303,16.849970011954603,41.09319536694794,16.85029565321274
flow_3_2288,41.10064883435636,16.85805137424128,41.10067445887713,16.85790908558486,41.09319536694794,16.85029565321274,41.09203558768891,16.85040097506566
flow_3_2289,41.10064883435636,16.85805137424128,41.10067445887713,16.85790908558486,41.09985490494118,16.854363380911906,41.10001879906208,16.854259633484794
flow_3_2290,41.10064883435636,16.85805137424128,41.10067445887713,16.85790908558486,41.1000081660962,16.854092033262692,41.09998736076528,16.85405834499595
flow_3_2291,41.10064883435636,16.85805137424128,41.10067445887713,16.85790908558486,41.0998657906448,16.854011700784426,41.0997840764074,16.85407989459394
flow_3_2292,41.10064883435636,16.85805137424128,41.10067445887713,16.85790908558486,41.09878814926408,16.854279784852835,41.0987411443374,16.8542061850138
flow_3_2293,41.10064883435636,16.85805137424128,41.10067445887713,16.85790908558486,41.09857803984875,16.854216123443177,41.09850337325547,16.85422140542611
flow_3_2294,41.10064883435636,16.85805137424128,41.10067445887713,16.85790908558486,41.09744212400728,16.854310502764104,41.097366852073485,16.854314219647932
flow_3_2295,41.10064883435636,16.85805137424128,41.10067445887713,16.85790908558486,41.10067445887713,16.85790908558486,41.100701898736745,16.85788878254526
flow_3_2296,41.10064883435636,16.85805137424128,41.10067445887713,16.85790908558486,41.10070616917118,16.85781948119896,41.1006949883477,16.857803447897922
flow_3_2297,41.10064883435636,16.85805137424128,41.10067445887713,16.85790908558486,41.10063414181671,16.857890087546004,41.10064883435636,16.85805137424128
flow_3_2298,41.10207566988899,16.852506071608552,41.100848149229584,16.852617317751818,41.1020203917021,16.84882687676746,41.10283007281504,16.84532742394581
flow_3_2299,41.10207566988899,16.852506071608552,41.100848149229584,16.852617317751818,41.101351288963656,16.848014927829535,41.09728164732345,16.84307858160294
flow_3_2300,41.10207566988899,16.852506071608552,41.100848149229584,16.852617317751818,41.09421243463567,16.847594276471863,41.09371087307764,16.849291052198975
flow_3_2301,41.10207566988899,16.852506071608552,41.100848149229584,16.852617317751818,41.09457433490167,16.847640377504526,41.09431864060897,16.848868036711348
flow_3_2302,41.10207566988899,16.852506071608552,41.100848149229584,16.852617317751818,41.097596631773314,16.853609114834843,41.09633260091152,16.853055976599734
flow_3_2303,41.10207566988899,16.852506071608552,41.100848149229584,16.852617317751818,41.100848149229584,16.852617317751818,41.10207566988899,16.852506071608552
flow_3_2304,41.10207566988899,16.852506071608552,41.100848149229584,16.852617317751818,41.09921039349766,16.857093476263653,41.09931390026017,16.857131876843294
flow_3_2305,41.10207566988899,16.852506071608552,41.100848149229584,16.852617317751818,41.0948531829976,16.854625234616556,41.09474852794223,16.854546207025674
flow_3_2306,41.10207566988899,16.852506071608552,41.100848149229584,16.852617317751818,41.097795170327615,16.8527908424273,41.09810151193486,16.852930909234342
flow_3_2307,41.10207566988899,16.852506071608552,41.100848149229584,16.852617317751818,41.10098576297509,16.85215368870655,41.10069399901464,16.852501766897987
flow_3_2308,41.10207566988899,16.852506071608552,41.100848149229584,16.852617317751818,41.10069399901464,16.852501766897987,41.10014423546408,16.85343368091778
flow_3_2309,41.10207566988899,16.852506071608552,41.100848149229584,16.852617317751818,41.10149846212833,16.851184630435842,41.10098576297509,16.85215368870655
flow_3_2310,41.10207566988899,16.852506071608552,41.100848149229584,16.852617317751818,41.10226128050579,16.84991892625057,41.10236609957379,16.849769208287043
flow_3_2311,41.10207566988899,16.852506071608552,41.100848149229584,16.852617317751818,41.10164696791585,16.849493004994628,41.10155429604601,16.849587453146114
flow_3_2312,41.10207566988899,16.852506071608552,41.100848149229584,16.852617317751818,41.101441674211465,16.850060366797287,41.10162574873644,16.85043277210701
flow_3_2313,41.10207566988899,16.852506071608552,41.100848149229584,16.852617317751818,41.10187323450664,16.850519265700957,41.10226128050579,16.84991892625057
flow_3_2314,41.10207566988899,16.852506071608552,41.100848149229584,16.852617317751818,41.10226128050579,16.84991892625057,41.10212098795253,16.849557273781752
flow_3_2315,41.10207566988899,16.852506071608552,41.100848149229584,16.852617317751818,41.10202949742299,16.849477185555482,41.101893052359,16.84942560576533
flow_3_2316,41.10207566988899,16.852506071608552,41.100848149229584,16.852617317751818,41.09848309553264,16.84824790691432,41.09797137080637,16.849701951782066
flow_3_2317,41.10207566988899,16.852506071608552,41.100848149229584,16.852617317751818,41.10178918891531,16.848691071158175,41.10226374108996,16.849199159034608
flow_3_2318,41.10207566988899,16.852506071608552,41.100848149229584,16.852617317751818,41.10064507934617,16.857798349652736,41.10063306420042,16.857811704770633
flow_3_2319,41.10207566988899,16.852506071608552,41.100848149229584,16.852617317751818,41.100629061952446,16.857881132677438,41.10063414181671,16.857890087546004
flow_3_2320,41.10207566988899,16.852506071608552,41.100848149229584,16.852617317751818,41.098013091446674,16.85068225103151,41.09797643244636,16.850614898699735
flow_3_2321,41.10207566988899,16.852506071608552,41.100848149229584,16.852617317751818,41.09356405619404,16.847281183170747,41.09213809529099,16.84656162436391
flow_3_2322,41.10207566988899,16.852506071608552,41.100848149229584,16.852617317751818,41.09874388317417,16.854662669666943,41.098789979203126,16.85480947432754
flow_3_2323,41.10207566988899,16.852506071608552,41.100848149229584,16.852617317751818,41.098805360878,16.854883494497827,41.09862690423968,16.855801764244642
flow_3_2324,41.10207566988899,16.852506071608552,41.100848149229584,16.852617317751818,41.09878814926408,16.854279784852835,41.0989742370114,16.854319313351734
flow_3_2325,41.10207566988899,16.852506071608552,41.100848149229584,16.852617317751818,41.09688679894607,16.854222009568716,41.09667063802659,16.854136985818336
flow_3_2326,41.10207566988899,16.852506071608552,41.100848149229584,16.852617317751818,41.09356405619404,16.847281183170747,41.09287653741932,16.849676627626383
flow_3_2327,41.10207566988899,16.852506071608552,41.100848149229584,16.852617317751818,41.09319536694794,16.85029565321274,41.0917515465328,16.847973810087527
flow_3_2328,41.10207566988899,16.852506071608552,41.100848149229584,16.852617317751818,41.0938910066973,16.847467751127233,41.09338157090906,16.849228712157455
flow_3_2329,41.10207566988899,16.852506071608552,41.100848149229584,16.852617317751818,41.10000725075745,16.85310225196114,41.1000373248635,16.852957349061356
flow_3_2330,41.10207566988899,16.852506071608552,41.100848149229584,16.852617317751818,41.09576913015391,16.84786199393714,41.095624082715545,16.84873938546676
flow_3_2331,41.10207566988899,16.852506071608552,41.100848149229584,16.852617317751818,41.09571950027065,16.85485011877157,41.09580139620255,16.854871355035236
flow_3_2332,41.10207566988899,16.852506071608552,41.100848149229584,16.852617317751818,41.10133204390066,16.849662784092665,41.09702231047879,16.849934177393052
flow_3_2333,41.10207566988899,16.852506071608552,41.100848149229584,16.852617317751818,41.09658937779303,16.849970011954603,41.09319536694794,16.85029565321274
flow_3_2334,41.10207566988899,16.852506071608552,41.100848149229584,16.852617317751818,41.09319536694794,16.85029565321274,41.09203558768891,16.85040097506566
flow_3_2335,41.10207566988899,16.852506071608552,41.100848149229584,16.852617317751818,41.09985490494118,16.854363380911906,41.10001879906208,16.854259633484794
flow_3_2336,41.10207566988899,16.852506071608552,41.100848149229584,16.852617317751818,41.1000081660962,16.854092033262692,41.09998736076528,16.85405834499595
flow_3_2337,41.10207566988899,16.852506071608552,41.100848149229584,16.852617317751818,41.0998657906448,16.854011700784426,41.0997840764074,16.85407989459394
flow_3_2338,41.10207566988899,16.852506071608552,41.100848149229584,16.852617317751818,41.09878814926408,16.854279784852835,41.0987411443374,16.8542061850138
flow_3_2339,41.10207566988899,16.852506071608552,41.100848149229584,16.852617317751818,41.09857803984875,16.854216123443177,41.09850337325547,16.85422140542611
flow_3_2340,41.10207566988899,16.852506071608552,41.100848149229584,16.852617317751818,41.09744212400728,16.854310502764104,41.097366852073485,16.854314219647932
flow_3_2341,41.10207566988899,16.852506071608552,41.100848149229584,16.852617317751818,41.10067445887713,16.85790908558486,41.100701898736745,16.85788878254526
flow_3_2342,41.10207566988899,16.852506071608552,41.100848149229584,16.852617317751818,41.10070616917118,16.85781948119896,41.1006949883477,16.857803447897922
flow_3_2343,41.10207566988899,16.852506071608552,41.100848149229584,16.852617317751818,41.10063414181671,16.857890087546004,41.10064883435636,16.85805137424128
