flow_id,start_point_lat,start_point_lon,via_point_1_lat,via_point_1_lon,via_point_2_lat,via_point_2_lon,end_point_lat,end_point_lon
flow_5_0,41.10450067190532,16.868197409823733,41.104613512551694,16.867304504076483,41.10561139136639,16.860522875069222,41.10586594045665,16.860740368222224
flow_5_1,41.10450067190532,16.868197409823733,41.104613512551694,16.867304504076483,41.10593006633324,16.86024451803452,41.1061540374003,16.860263940525165
flow_5_2,41.10450067190532,16.868197409823733,41.104613512551694,16.867304504076483,41.10529931263373,16.864197719579735,41.105358063618205,16.8639291776279
flow_5_3,41.10450067190532,16.868197409823733,41.104613512551694,16.867304504076483,41.1094627412817,16.866643418109717,41.109145712663846,16.866535828107896
flow_5_4,41.10450067190532,16.868197409823733,41.104613512551694,16.867304504076483,41.10949006583287,16.860629422625397,41.11163796896053,16.862535602408425
flow_5_5,41.10450067190532,16.868197409823733,41.104613512551694,16.867304504076483,41.1084192109197,16.864915502792314,41.10833845965415,16.864946086143913
flow_5_6,41.10450067190532,16.868197409823733,41.104613512551694,16.867304504076483,41.104628432580256,16.864632211357712,41.10471595316798,16.864645286345713
flow_5_7,41.10450067190532,16.868197409823733,41.104613512551694,16.867304504076483,41.10471595316798,16.864645286345713,41.10482759798206,16.864586998125468
flow_5_8,41.10450067190532,16.868197409823733,41.104613512551694,16.867304504076483,41.10530898236287,16.864507375939425,41.10554708846225,16.864538287566845
flow_5_9,41.10450067190532,16.868197409823733,41.104613512551694,16.867304504076483,41.10912696164381,16.86880864147947,41.10856970665349,16.868667790168395
flow_5_10,41.10450067190532,16.868197409823733,41.104613512551694,16.867304504076483,41.10895239218255,16.86221911717674,41.10894268872457,16.86225659494897
flow_5_11,41.10450067190532,16.868197409823733,41.104613512551694,16.867304504076483,41.10833845965415,16.864946086143913,41.10833200545767,16.864777271379552
flow_5_12,41.10450067190532,16.868197409823733,41.104613512551694,16.867304504076483,41.10824709326599,16.86294433106446,41.10819079997804,16.86228690958613
flow_5_13,41.10450067190532,16.868197409823733,41.104613512551694,16.867304504076483,41.10782776217365,16.86523947757342,41.10785184362109,16.86547667119293
flow_5_14,41.10450067190532,16.868197409823733,41.104613512551694,16.867304504076483,41.10785321351032,16.86554780645669,41.107858556989214,16.86568502986514
flow_5_15,41.10450067190532,16.868197409823733,41.104613512551694,16.867304504076483,41.104613512551694,16.867304504076483,41.10450067190532,16.868197409823733
flow_5_16,41.10450067190532,16.868197409823733,41.104613512551694,16.867304504076483,41.103272808734914,16.86478843229521,41.10326869322043,16.864875721506277
flow_5_17,41.10450067190532,16.868197409823733,41.104613512551694,16.867304504076483,41.10326869322043,16.864875721506277,41.10326306112503,16.86499547697651
flow_5_18,41.10450067190532,16.868197409823733,41.104613512551694,16.867304504076483,41.10585670751274,16.866054557864008,41.10586778387464,16.865926854105435
flow_5_19,41.10450067190532,16.868197409823733,41.104613512551694,16.867304504076483,41.10499011159529,16.86585948824938,41.10483199737708,16.8658838295608
flow_5_20,41.10450067190532,16.868197409823733,41.104613512551694,16.867304504076483,41.10641564822287,16.8613154812676,41.10710483419146,16.861363888027807
flow_5_21,41.10450067190532,16.868197409823733,41.104613512551694,16.867304504076483,41.10914574762715,16.86574982248076,41.10906564507099,16.86691322434958
flow_5_22,41.10450067190532,16.868197409823733,41.104613512551694,16.867304504076483,41.10593974387052,16.86510993658547,41.10637833713364,16.865208689087556
flow_5_23,41.10450067190532,16.868197409823733,41.104613512551694,16.867304504076483,41.10912734733775,16.863063779201443,41.10970529896603,16.86326757450766
flow_5_24,41.10450067190532,16.868197409823733,41.104613512551694,16.867304504076483,41.10724968510657,16.861006427195438,41.10834939661959,16.861073572647502
flow_5_25,41.10450067190532,16.868197409823733,41.104613512551694,16.867304504076483,41.10789333241272,16.86291336901386,41.107812671096845,16.86345068308876
flow_5_26,41.10450067190532,16.868197409823733,41.104613512551694,16.867304504076483,41.10708624166555,16.866809147339314,41.10707862373311,16.86759574699857
flow_5_27,41.10450067190532,16.868197409823733,41.104613512551694,16.867304504076483,41.10793919315882,16.86772898735496,41.10803228893905,16.867731507230168
flow_5_28,41.10450067190532,16.868197409823733,41.104613512551694,16.867304504076483,41.10803228893905,16.867731507230168,41.10843334313823,16.867723226014
flow_5_29,41.10450067190532,16.868197409823733,41.104613512551694,16.867304504076483,41.10928540564486,16.867758931986803,41.11040987403336,16.867987672581428
flow_5_30,41.10450067190532,16.868197409823733,41.104613512551694,16.867304504076483,41.1045372400796,16.865201946666215,41.10454196713804,16.86509359531177
flow_5_31,41.10450067190532,16.868197409823733,41.104613512551694,16.867304504076483,41.11163796896053,16.862535602408425,41.10949006583287,16.860629422625397
flow_5_32,41.10483199737708,16.8658838295608,41.10499011159529,16.86585948824938,41.10561139136639,16.860522875069222,41.10586594045665,16.860740368222224
flow_5_33,41.10483199737708,16.8658838295608,41.10499011159529,16.86585948824938,41.10593006633324,16.86024451803452,41.1061540374003,16.860263940525165
flow_5_34,41.10483199737708,16.8658838295608,41.10499011159529,16.86585948824938,41.10529931263373,16.864197719579735,41.105358063618205,16.8639291776279
flow_5_35,41.10483199737708,16.8658838295608,41.10499011159529,16.86585948824938,41.1094627412817,16.866643418109717,41.109145712663846,16.866535828107896
flow_5_36,41.10483199737708,16.8658838295608,41.10499011159529,16.86585948824938,41.10949006583287,16.860629422625397,41.11163796896053,16.862535602408425
flow_5_37,41.10483199737708,16.8658838295608,41.10499011159529,16.86585948824938,41.1084192109197,16.864915502792314,41.10833845965415,16.864946086143913
flow_5_38,41.10483199737708,16.8658838295608,41.10499011159529,16.86585948824938,41.104628432580256,16.864632211357712,41.10471595316798,16.864645286345713
flow_5_39,41.10483199737708,16.8658838295608,41.10499011159529,16.86585948824938,41.10471595316798,16.864645286345713,41.10482759798206,16.864586998125468
flow_5_40,41.10483199737708,16.8658838295608,41.10499011159529,16.86585948824938,41.10530898236287,16.864507375939425,41.10554708846225,16.864538287566845
flow_5_41,41.10483199737708,16.8658838295608,41.10499011159529,16.86585948824938,41.10912696164381,16.86880864147947,41.10856970665349,16.868667790168395
flow_5_42,41.10483199737708,16.8658838295608,41.10499011159529,16.86585948824938,41.10895239218255,16.86221911717674,41.10894268872457,16.86225659494897
flow_5_43,41.10483199737708,16.8658838295608,41.10499011159529,16.86585948824938,41.10833845965415,16.864946086143913,41.10833200545767,16.864777271379552
flow_5_44,41.10483199737708,16.8658838295608,41.10499011159529,16.86585948824938,41.10824709326599,16.86294433106446,41.10819079997804,16.86228690958613
flow_5_45,41.10483199737708,16.8658838295608,41.10499011159529,16.86585948824938,41.10782776217365,16.86523947757342,41.10785184362109,16.86547667119293
flow_5_46,41.10483199737708,16.8658838295608,41.10499011159529,16.86585948824938,41.10785321351032,16.86554780645669,41.107858556989214,16.86568502986514
flow_5_47,41.10483199737708,16.8658838295608,41.10499011159529,16.86585948824938,41.104613512551694,16.867304504076483,41.10450067190532,16.868197409823733
flow_5_48,41.10483199737708,16.8658838295608,41.10499011159529,16.86585948824938,41.103272808734914,16.86478843229521,41.10326869322043,16.864875721506277
flow_5_49,41.10483199737708,16.8658838295608,41.10499011159529,16.86585948824938,41.10326869322043,16.864875721506277,41.10326306112503,16.86499547697651
flow_5_50,41.10483199737708,16.8658838295608,41.10499011159529,16.86585948824938,41.10585670751274,16.866054557864008,41.10586778387464,16.865926854105435
flow_5_51,41.10483199737708,16.8658838295608,41.10499011159529,16.86585948824938,41.10499011159529,16.86585948824938,41.10483199737708,16.8658838295608
flow_5_52,41.10483199737708,16.8658838295608,41.10499011159529,16.86585948824938,41.10641564822287,16.8613154812676,41.10710483419146,16.861363888027807
flow_5_53,41.10483199737708,16.8658838295608,41.10499011159529,16.86585948824938,41.10914574762715,16.86574982248076,41.10906564507099,16.86691322434958
flow_5_54,41.10483199737708,16.8658838295608,41.10499011159529,16.86585948824938,41.10593974387052,16.86510993658547,41.10637833713364,16.865208689087556
flow_5_55,41.10483199737708,16.8658838295608,41.10499011159529,16.86585948824938,41.10912734733775,16.863063779201443,41.10970529896603,16.86326757450766
flow_5_56,41.10483199737708,16.8658838295608,41.10499011159529,16.86585948824938,41.10724968510657,16.861006427195438,41.10834939661959,16.861073572647502
flow_5_57,41.10483199737708,16.8658838295608,41.10499011159529,16.86585948824938,41.10789333241272,16.86291336901386,41.107812671096845,16.86345068308876
flow_5_58,41.10483199737708,16.8658838295608,41.10499011159529,16.86585948824938,41.10708624166555,16.866809147339314,41.10707862373311,16.86759574699857
flow_5_59,41.10483199737708,16.8658838295608,41.10499011159529,16.86585948824938,41.10793919315882,16.86772898735496,41.10803228893905,16.867731507230168
flow_5_60,41.10483199737708,16.8658838295608,41.10499011159529,16.86585948824938,41.10803228893905,16.867731507230168,41.10843334313823,16.867723226014
flow_5_61,41.10483199737708,16.8658838295608,41.10499011159529,16.86585948824938,41.10928540564486,16.867758931986803,41.11040987403336,16.867987672581428
flow_5_62,41.10483199737708,16.8658838295608,41.10499011159529,16.86585948824938,41.1045372400796,16.865201946666215,41.10454196713804,16.86509359531177
flow_5_63,41.10483199737708,16.8658838295608,41.10499011159529,16.86585948824938,41.11163796896053,16.862535602408425,41.10949006583287,16.860629422625397
flow_5_64,41.10906564507099,16.86691322434958,41.10914574762715,16.86574982248076,41.10561139136639,16.860522875069222,41.10586594045665,16.860740368222224
flow_5_65,41.10906564507099,16.86691322434958,41.10914574762715,16.86574982248076,41.10593006633324,16.86024451803452,41.1061540374003,16.860263940525165
flow_5_66,41.10906564507099,16.86691322434958,41.10914574762715,16.86574982248076,41.10529931263373,16.864197719579735,41.105358063618205,16.8639291776279
flow_5_67,41.10906564507099,16.86691322434958,41.10914574762715,16.86574982248076,41.1094627412817,16.866643418109717,41.109145712663846,16.866535828107896
flow_5_68,41.10906564507099,16.86691322434958,41.10914574762715,16.86574982248076,41.10949006583287,16.860629422625397,41.11163796896053,16.862535602408425
flow_5_69,41.10906564507099,16.86691322434958,41.10914574762715,16.86574982248076,41.1084192109197,16.864915502792314,41.10833845965415,16.864946086143913
flow_5_70,41.10906564507099,16.86691322434958,41.10914574762715,16.86574982248076,41.104628432580256,16.864632211357712,41.10471595316798,16.864645286345713
flow_5_71,41.10906564507099,16.86691322434958,41.10914574762715,16.86574982248076,41.10471595316798,16.864645286345713,41.10482759798206,16.864586998125468
flow_5_72,41.10906564507099,16.86691322434958,41.10914574762715,16.86574982248076,41.10530898236287,16.864507375939425,41.10554708846225,16.864538287566845
flow_5_73,41.10906564507099,16.86691322434958,41.10914574762715,16.86574982248076,41.10912696164381,16.86880864147947,41.10856970665349,16.868667790168395
flow_5_74,41.10906564507099,16.86691322434958,41.10914574762715,16.86574982248076,41.10895239218255,16.86221911717674,41.10894268872457,16.86225659494897
flow_5_75,41.10906564507099,16.86691322434958,41.10914574762715,16.86574982248076,41.10833845965415,16.864946086143913,41.10833200545767,16.864777271379552
flow_5_76,41.10906564507099,16.86691322434958,41.10914574762715,16.86574982248076,41.10824709326599,16.86294433106446,41.10819079997804,16.86228690958613
flow_5_77,41.10906564507099,16.86691322434958,41.10914574762715,16.86574982248076,41.10782776217365,16.86523947757342,41.10785184362109,16.86547667119293
flow_5_78,41.10906564507099,16.86691322434958,41.10914574762715,16.86574982248076,41.10785321351032,16.86554780645669,41.107858556989214,16.86568502986514
flow_5_79,41.10906564507099,16.86691322434958,41.10914574762715,16.86574982248076,41.104613512551694,16.867304504076483,41.10450067190532,16.868197409823733
flow_5_80,41.10906564507099,16.86691322434958,41.10914574762715,16.86574982248076,41.103272808734914,16.86478843229521,41.10326869322043,16.864875721506277
flow_5_81,41.10906564507099,16.86691322434958,41.10914574762715,16.86574982248076,41.10326869322043,16.864875721506277,41.10326306112503,16.86499547697651
flow_5_82,41.10906564507099,16.86691322434958,41.10914574762715,16.86574982248076,41.10585670751274,16.866054557864008,41.10586778387464,16.865926854105435
flow_5_83,41.10906564507099,16.86691322434958,41.10914574762715,16.86574982248076,41.10499011159529,16.86585948824938,41.10483199737708,16.8658838295608
flow_5_84,41.10906564507099,16.86691322434958,41.10914574762715,16.86574982248076,41.10641564822287,16.8613154812676,41.10710483419146,16.861363888027807
flow_5_85,41.10906564507099,16.86691322434958,41.10914574762715,16.86574982248076,41.10914574762715,16.86574982248076,41.10906564507099,16.86691322434958
flow_5_86,41.10906564507099,16.86691322434958,41.10914574762715,16.86574982248076,41.10593974387052,16.86510993658547,41.10637833713364,16.865208689087556
flow_5_87,41.10906564507099,16.86691322434958,41.10914574762715,16.86574982248076,41.10912734733775,16.863063779201443,41.10970529896603,16.86326757450766
flow_5_88,41.10906564507099,16.86691322434958,41.10914574762715,16.86574982248076,41.10724968510657,16.861006427195438,41.10834939661959,16.861073572647502
flow_5_89,41.10906564507099,16.86691322434958,41.10914574762715,16.86574982248076,41.10789333241272,16.86291336901386,41.107812671096845,16.86345068308876
flow_5_90,41.10906564507099,16.86691322434958,41.10914574762715,16.86574982248076,41.10708624166555,16.866809147339314,41.10707862373311,16.86759574699857
flow_5_91,41.10906564507099,16.86691322434958,41.10914574762715,16.86574982248076,41.10793919315882,16.86772898735496,41.10803228893905,16.867731507230168
flow_5_92,41.10906564507099,16.86691322434958,41.10914574762715,16.86574982248076,41.10803228893905,16.867731507230168,41.10843334313823,16.867723226014
flow_5_93,41.10906564507099,16.86691322434958,41.10914574762715,16.86574982248076,41.10928540564486,16.867758931986803,41.11040987403336,16.867987672581428
flow_5_94,41.10906564507099,16.86691322434958,41.10914574762715,16.86574982248076,41.1045372400796,16.865201946666215,41.10454196713804,16.86509359531177
flow_5_95,41.10906564507099,16.86691322434958,41.10914574762715,16.86574982248076,41.11163796896053,16.862535602408425,41.10949006583287,16.860629422625397
flow_5_96,41.10586594045665,16.860740368222224,41.10561139136639,16.860522875069222,41.10561139136639,16.860522875069222,41.10586594045665,16.860740368222224
flow_5_97,41.10586594045665,16.860740368222224,41.10561139136639,16.860522875069222,41.10593006633324,16.86024451803452,41.1061540374003,16.860263940525165
flow_5_98,41.10586594045665,16.860740368222224,41.10561139136639,16.860522875069222,41.10529931263373,16.864197719579735,41.105358063618205,16.8639291776279
flow_5_99,41.10586594045665,16.860740368222224,41.10561139136639,16.860522875069222,41.1094627412817,16.866643418109717,41.109145712663846,16.866535828107896
flow_5_100,41.10586594045665,16.860740368222224,41.10561139136639,16.860522875069222,41.10949006583287,16.860629422625397,41.11163796896053,16.862535602408425
flow_5_101,41.10586594045665,16.860740368222224,41.10561139136639,16.860522875069222,41.1084192109197,16.864915502792314,41.10833845965415,16.864946086143913
flow_5_102,41.10586594045665,16.860740368222224,41.10561139136639,16.860522875069222,41.104628432580256,16.864632211357712,41.10471595316798,16.864645286345713
flow_5_103,41.10586594045665,16.860740368222224,41.10561139136639,16.860522875069222,41.10471595316798,16.864645286345713,41.10482759798206,16.864586998125468
flow_5_104,41.10586594045665,16.860740368222224,41.10561139136639,16.860522875069222,41.10530898236287,16.864507375939425,41.10554708846225,16.864538287566845
flow_5_105,41.10586594045665,16.860740368222224,41.10561139136639,16.860522875069222,41.10912696164381,16.86880864147947,41.10856970665349,16.868667790168395
flow_5_106,41.10586594045665,16.860740368222224,41.10561139136639,16.860522875069222,41.10895239218255,16.86221911717674,41.10894268872457,16.86225659494897
flow_5_107,41.10586594045665,16.860740368222224,41.10561139136639,16.860522875069222,41.10833845965415,16.864946086143913,41.10833200545767,16.864777271379552
flow_5_108,41.10586594045665,16.860740368222224,41.10561139136639,16.860522875069222,41.10824709326599,16.86294433106446,41.10819079997804,16.86228690958613
flow_5_109,41.10586594045665,16.860740368222224,41.10561139136639,16.860522875069222,41.10782776217365,16.86523947757342,41.10785184362109,16.86547667119293
flow_5_110,41.10586594045665,16.860740368222224,41.10561139136639,16.860522875069222,41.10785321351032,16.86554780645669,41.107858556989214,16.86568502986514
flow_5_111,41.10586594045665,16.860740368222224,41.10561139136639,16.860522875069222,41.104613512551694,16.867304504076483,41.10450067190532,16.868197409823733
flow_5_112,41.10586594045665,16.860740368222224,41.10561139136639,16.860522875069222,41.103272808734914,16.86478843229521,41.10326869322043,16.864875721506277
flow_5_113,41.10586594045665,16.860740368222224,41.10561139136639,16.860522875069222,41.10326869322043,16.864875721506277,41.10326306112503,16.86499547697651
flow_5_114,41.10586594045665,16.860740368222224,41.10561139136639,16.860522875069222,41.10585670751274,16.866054557864008,41.10586778387464,16.865926854105435
flow_5_115,41.10586594045665,16.860740368222224,41.10561139136639,16.860522875069222,41.10499011159529,16.86585948824938,41.10483199737708,16.8658838295608
flow_5_116,41.10586594045665,16.860740368222224,41.10561139136639,16.860522875069222,41.10641564822287,16.8613154812676,41.10710483419146,16.861363888027807
flow_5_117,41.10586594045665,16.860740368222224,41.10561139136639,16.860522875069222,41.10914574762715,16.86574982248076,41.10906564507099,16.86691322434958
flow_5_118,41.10586594045665,16.860740368222224,41.10561139136639,16.860522875069222,41.10593974387052,16.86510993658547,41.10637833713364,16.865208689087556
flow_5_119,41.10586594045665,16.860740368222224,41.10561139136639,16.860522875069222,41.10912734733775,16.863063779201443,41.10970529896603,16.86326757450766
flow_5_120,41.10586594045665,16.860740368222224,41.10561139136639,16.860522875069222,41.10724968510657,16.861006427195438,41.10834939661959,16.861073572647502
flow_5_121,41.10586594045665,16.860740368222224,41.10561139136639,16.860522875069222,41.10789333241272,16.86291336901386,41.107812671096845,16.86345068308876
flow_5_122,41.10586594045665,16.860740368222224,41.10561139136639,16.860522875069222,41.10708624166555,16.866809147339314,41.10707862373311,16.86759574699857
flow_5_123,41.10586594045665,16.860740368222224,41.10561139136639,16.860522875069222,41.10793919315882,16.86772898735496,41.10803228893905,16.867731507230168
flow_5_124,41.10586594045665,16.860740368222224,41.10561139136639,16.860522875069222,41.10803228893905,16.867731507230168,41.10843334313823,16.867723226014
flow_5_125,41.10586594045665,16.860740368222224,41.10561139136639,16.860522875069222,41.10928540564486,16.867758931986803,41.11040987403336,16.867987672581428
flow_5_126,41.10586594045665,16.860740368222224,41.10561139136639,16.860522875069222,41.1045372400796,16.865201946666215,41.10454196713804,16.86509359531177
flow_5_127,41.10586594045665,16.860740368222224,41.10561139136639,16.860522875069222,41.11163796896053,16.862535602408425,41.10949006583287,16.860629422625397
flow_5_128,41.1061540374003,16.860263940525165,41.10593006633324,16.86024451803452,41.10561139136639,16.860522875069222,41.10586594045665,16.860740368222224
flow_5_129,41.1061540374003,16.860263940525165,41.10593006633324,16.86024451803452,41.10593006633324,16.86024451803452,41.1061540374003,16.860263940525165
flow_5_130,41.1061540374003,16.860263940525165,41.10593006633324,16.86024451803452,41.10529931263373,16.864197719579735,41.105358063618205,16.8639291776279
flow_5_131,41.1061540374003,16.860263940525165,41.10593006633324,16.86024451803452,41.1094627412817,16.866643418109717,41.109145712663846,16.866535828107896
flow_5_132,41.1061540374003,16.860263940525165,41.10593006633324,16.86024451803452,41.10949006583287,16.860629422625397,41.11163796896053,16.862535602408425
flow_5_133,41.1061540374003,16.860263940525165,41.10593006633324,16.86024451803452,41.1084192109197,16.864915502792314,41.10833845965415,16.864946086143913
flow_5_134,41.1061540374003,16.860263940525165,41.10593006633324,16.86024451803452,41.104628432580256,16.864632211357712,41.10471595316798,16.864645286345713
flow_5_135,41.1061540374003,16.860263940525165,41.10593006633324,16.86024451803452,41.10471595316798,16.864645286345713,41.10482759798206,16.864586998125468
flow_5_136,41.1061540374003,16.860263940525165,41.10593006633324,16.86024451803452,41.10530898236287,16.864507375939425,41.10554708846225,16.864538287566845
flow_5_137,41.1061540374003,16.860263940525165,41.10593006633324,16.86024451803452,41.10912696164381,16.86880864147947,41.10856970665349,16.868667790168395
flow_5_138,41.1061540374003,16.860263940525165,41.10593006633324,16.86024451803452,41.10895239218255,16.86221911717674,41.10894268872457,16.86225659494897
flow_5_139,41.1061540374003,16.860263940525165,41.10593006633324,16.86024451803452,41.10833845965415,16.864946086143913,41.10833200545767,16.864777271379552
flow_5_140,41.1061540374003,16.860263940525165,41.10593006633324,16.86024451803452,41.10824709326599,16.86294433106446,41.10819079997804,16.86228690958613
flow_5_141,41.1061540374003,16.860263940525165,41.10593006633324,16.86024451803452,41.10782776217365,16.86523947757342,41.10785184362109,16.86547667119293
flow_5_142,41.1061540374003,16.860263940525165,41.10593006633324,16.86024451803452,41.10785321351032,16.86554780645669,41.107858556989214,16.86568502986514
flow_5_143,41.1061540374003,16.860263940525165,41.10593006633324,16.86024451803452,41.104613512551694,16.867304504076483,41.10450067190532,16.868197409823733
flow_5_144,41.1061540374003,16.860263940525165,41.10593006633324,16.86024451803452,41.103272808734914,16.86478843229521,41.10326869322043,16.864875721506277
flow_5_145,41.1061540374003,16.860263940525165,41.10593006633324,16.86024451803452,41.10326869322043,16.864875721506277,41.10326306112503,16.86499547697651
flow_5_146,41.1061540374003,16.860263940525165,41.10593006633324,16.86024451803452,41.10585670751274,16.866054557864008,41.10586778387464,16.865926854105435
flow_5_147,41.1061540374003,16.860263940525165,41.10593006633324,16.86024451803452,41.10499011159529,16.86585948824938,41.10483199737708,16.8658838295608
flow_5_148,41.1061540374003,16.860263940525165,41.10593006633324,16.86024451803452,41.10641564822287,16.8613154812676,41.10710483419146,16.861363888027807
flow_5_149,41.1061540374003,16.860263940525165,41.10593006633324,16.86024451803452,41.10914574762715,16.86574982248076,41.10906564507099,16.86691322434958
flow_5_150,41.1061540374003,16.860263940525165,41.10593006633324,16.86024451803452,41.10593974387052,16.86510993658547,41.10637833713364,16.865208689087556
flow_5_151,41.1061540374003,16.860263940525165,41.10593006633324,16.86024451803452,41.10912734733775,16.863063779201443,41.10970529896603,16.86326757450766
flow_5_152,41.1061540374003,16.860263940525165,41.10593006633324,16.86024451803452,41.10724968510657,16.861006427195438,41.10834939661959,16.861073572647502
flow_5_153,41.1061540374003,16.860263940525165,41.10593006633324,16.86024451803452,41.10789333241272,16.86291336901386,41.107812671096845,16.86345068308876
flow_5_154,41.1061540374003,16.860263940525165,41.10593006633324,16.86024451803452,41.10708624166555,16.866809147339314,41.10707862373311,16.86759574699857
flow_5_155,41.1061540374003,16.860263940525165,41.10593006633324,16.86024451803452,41.10793919315882,16.86772898735496,41.10803228893905,16.867731507230168
flow_5_156,41.1061540374003,16.860263940525165,41.10593006633324,16.86024451803452,41.10803228893905,16.867731507230168,41.10843334313823,16.867723226014
flow_5_157,41.1061540374003,16.860263940525165,41.10593006633324,16.86024451803452,41.10928540564486,16.867758931986803,41.11040987403336,16.867987672581428
flow_5_158,41.1061540374003,16.860263940525165,41.10593006633324,16.86024451803452,41.1045372400796,16.865201946666215,41.10454196713804,16.86509359531177
flow_5_159,41.1061540374003,16.860263940525165,41.10593006633324,16.86024451803452,41.11163796896053,16.862535602408425,41.10949006583287,16.860629422625397
flow_5_160,41.105358063618205,16.8639291776279,41.10529931263373,16.864197719579735,41.10561139136639,16.860522875069222,41.10586594045665,16.860740368222224
flow_5_161,41.105358063618205,16.8639291776279,41.10529931263373,16.864197719579735,41.10593006633324,16.86024451803452,41.1061540374003,16.860263940525165
flow_5_162,41.105358063618205,16.8639291776279,41.10529931263373,16.864197719579735,41.10529931263373,16.864197719579735,41.105358063618205,16.8639291776279
flow_5_163,41.105358063618205,16.8639291776279,41.10529931263373,16.864197719579735,41.1094627412817,16.866643418109717,41.109145712663846,16.866535828107896
flow_5_164,41.105358063618205,16.8639291776279,41.10529931263373,16.864197719579735,41.10949006583287,16.860629422625397,41.11163796896053,16.862535602408425
flow_5_165,41.105358063618205,16.8639291776279,41.10529931263373,16.864197719579735,41.1084192109197,16.864915502792314,41.10833845965415,16.864946086143913
flow_5_166,41.105358063618205,16.8639291776279,41.10529931263373,16.864197719579735,41.104628432580256,16.864632211357712,41.10471595316798,16.864645286345713
flow_5_167,41.105358063618205,16.8639291776279,41.10529931263373,16.864197719579735,41.10471595316798,16.864645286345713,41.10482759798206,16.864586998125468
flow_5_168,41.105358063618205,16.8639291776279,41.10529931263373,16.864197719579735,41.10530898236287,16.864507375939425,41.10554708846225,16.864538287566845
flow_5_169,41.105358063618205,16.8639291776279,41.10529931263373,16.864197719579735,41.10912696164381,16.86880864147947,41.10856970665349,16.868667790168395
flow_5_170,41.105358063618205,16.8639291776279,41.10529931263373,16.864197719579735,41.10895239218255,16.86221911717674,41.10894268872457,16.86225659494897
flow_5_171,41.105358063618205,16.8639291776279,41.10529931263373,16.864197719579735,41.10833845965415,16.864946086143913,41.10833200545767,16.864777271379552
flow_5_172,41.105358063618205,16.8639291776279,41.10529931263373,16.864197719579735,41.10824709326599,16.86294433106446,41.10819079997804,16.86228690958613
flow_5_173,41.105358063618205,16.8639291776279,41.10529931263373,16.864197719579735,41.10782776217365,16.86523947757342,41.10785184362109,16.86547667119293
flow_5_174,41.105358063618205,16.8639291776279,41.10529931263373,16.864197719579735,41.10785321351032,16.86554780645669,41.107858556989214,16.86568502986514
flow_5_175,41.105358063618205,16.8639291776279,41.10529931263373,16.864197719579735,41.104613512551694,16.867304504076483,41.10450067190532,16.868197409823733
flow_5_176,41.105358063618205,16.8639291776279,41.10529931263373,16.864197719579735,41.103272808734914,16.86478843229521,41.10326869322043,16.864875721506277
flow_5_177,41.105358063618205,16.8639291776279,41.10529931263373,16.864197719579735,41.10326869322043,16.864875721506277,41.10326306112503,16.86499547697651
flow_5_178,41.105358063618205,16.8639291776279,41.10529931263373,16.864197719579735,41.10585670751274,16.866054557864008,41.10586778387464,16.865926854105435
flow_5_179,41.105358063618205,16.8639291776279,41.10529931263373,16.864197719579735,41.10499011159529,16.86585948824938,41.10483199737708,16.8658838295608
flow_5_180,41.105358063618205,16.8639291776279,41.10529931263373,16.864197719579735,41.10641564822287,16.8613154812676,41.10710483419146,16.861363888027807
flow_5_181,41.105358063618205,16.8639291776279,41.10529931263373,16.864197719579735,41.10914574762715,16.86574982248076,41.10906564507099,16.86691322434958
flow_5_182,41.105358063618205,16.8639291776279,41.10529931263373,16.864197719579735,41.10593974387052,16.86510993658547,41.10637833713364,16.865208689087556
flow_5_183,41.105358063618205,16.8639291776279,41.10529931263373,16.864197719579735,41.10912734733775,16.863063779201443,41.10970529896603,16.86326757450766
flow_5_184,41.105358063618205,16.8639291776279,41.10529931263373,16.864197719579735,41.10724968510657,16.861006427195438,41.10834939661959,16.861073572647502
flow_5_185,41.105358063618205,16.8639291776279,41.10529931263373,16.864197719579735,41.10789333241272,16.86291336901386,41.107812671096845,16.86345068308876
flow_5_186,41.105358063618205,16.8639291776279,41.10529931263373,16.864197719579735,41.10708624166555,16.866809147339314,41.10707862373311,16.86759574699857
flow_5_187,41.105358063618205,16.8639291776279,41.10529931263373,16.864197719579735,41.10793919315882,16.86772898735496,41.10803228893905,16.867731507230168
flow_5_188,41.105358063618205,16.8639291776279,41.10529931263373,16.864197719579735,41.10803228893905,16.867731507230168,41.10843334313823,16.867723226014
flow_5_189,41.105358063618205,16.8639291776279,41.10529931263373,16.864197719579735,41.10928540564486,16.867758931986803,41.11040987403336,16.867987672581428
flow_5_190,41.105358063618205,16.8639291776279,41.10529931263373,16.864197719579735,41.1045372400796,16.865201946666215,41.10454196713804,16.86509359531177
flow_5_191,41.105358063618205,16.8639291776279,41.10529931263373,16.864197719579735,41.11163796896053,16.862535602408425,41.10949006583287,16.860629422625397
flow_5_192,41.1096446567625,16.864432254737565,41.10899710333518,16.864677718369947,41.10561139136639,16.860522875069222,41.10586594045665,16.860740368222224
flow_5_193,41.1096446567625,16.864432254737565,41.10899710333518,16.864677718369947,41.10593006633324,16.86024451803452,41.1061540374003,16.860263940525165
flow_5_194,41.1096446567625,16.864432254737565,41.10899710333518,16.864677718369947,41.10529931263373,16.864197719579735,41.105358063618205,16.8639291776279
flow_5_195,41.1096446567625,16.864432254737565,41.10899710333518,16.864677718369947,41.1094627412817,16.866643418109717,41.109145712663846,16.866535828107896
flow_5_196,41.1096446567625,16.864432254737565,41.10899710333518,16.864677718369947,41.10949006583287,16.860629422625397,41.11163796896053,16.862535602408425
flow_5_197,41.1096446567625,16.864432254737565,41.10899710333518,16.864677718369947,41.1084192109197,16.864915502792314,41.10833845965415,16.864946086143913
flow_5_198,41.1096446567625,16.864432254737565,41.10899710333518,16.864677718369947,41.104628432580256,16.864632211357712,41.10471595316798,16.864645286345713
flow_5_199,41.1096446567625,16.864432254737565,41.10899710333518,16.864677718369947,41.10471595316798,16.864645286345713,41.10482759798206,16.864586998125468
flow_5_200,41.1096446567625,16.864432254737565,41.10899710333518,16.864677718369947,41.10530898236287,16.864507375939425,41.10554708846225,16.864538287566845
flow_5_201,41.1096446567625,16.864432254737565,41.10899710333518,16.864677718369947,41.10912696164381,16.86880864147947,41.10856970665349,16.868667790168395
flow_5_202,41.1096446567625,16.864432254737565,41.10899710333518,16.864677718369947,41.10895239218255,16.86221911717674,41.10894268872457,16.86225659494897
flow_5_203,41.1096446567625,16.864432254737565,41.10899710333518,16.864677718369947,41.10833845965415,16.864946086143913,41.10833200545767,16.864777271379552
flow_5_204,41.1096446567625,16.864432254737565,41.10899710333518,16.864677718369947,41.10824709326599,16.86294433106446,41.10819079997804,16.86228690958613
flow_5_205,41.1096446567625,16.864432254737565,41.10899710333518,16.864677718369947,41.10782776217365,16.86523947757342,41.10785184362109,16.86547667119293
flow_5_206,41.1096446567625,16.864432254737565,41.10899710333518,16.864677718369947,41.10785321351032,16.86554780645669,41.107858556989214,16.86568502986514
flow_5_207,41.1096446567625,16.864432254737565,41.10899710333518,16.864677718369947,41.104613512551694,16.867304504076483,41.10450067190532,16.868197409823733
flow_5_208,41.1096446567625,16.864432254737565,41.10899710333518,16.864677718369947,41.103272808734914,16.86478843229521,41.10326869322043,16.864875721506277
flow_5_209,41.1096446567625,16.864432254737565,41.10899710333518,16.864677718369947,41.10326869322043,16.864875721506277,41.10326306112503,16.86499547697651
flow_5_210,41.1096446567625,16.864432254737565,41.10899710333518,16.864677718369947,41.10585670751274,16.866054557864008,41.10586778387464,16.865926854105435
flow_5_211,41.1096446567625,16.864432254737565,41.10899710333518,16.864677718369947,41.10499011159529,16.86585948824938,41.10483199737708,16.8658838295608
flow_5_212,41.1096446567625,16.864432254737565,41.10899710333518,16.864677718369947,41.10641564822287,16.8613154812676,41.10710483419146,16.861363888027807
flow_5_213,41.1096446567625,16.864432254737565,41.10899710333518,16.864677718369947,41.10914574762715,16.86574982248076,41.10906564507099,16.86691322434958
flow_5_214,41.1096446567625,16.864432254737565,41.10899710333518,16.864677718369947,41.10593974387052,16.86510993658547,41.10637833713364,16.865208689087556
flow_5_215,41.1096446567625,16.864432254737565,41.10899710333518,16.864677718369947,41.10912734733775,16.863063779201443,41.10970529896603,16.86326757450766
flow_5_216,41.1096446567625,16.864432254737565,41.10899710333518,16.864677718369947,41.10724968510657,16.861006427195438,41.10834939661959,16.861073572647502
flow_5_217,41.1096446567625,16.864432254737565,41.10899710333518,16.864677718369947,41.10789333241272,16.86291336901386,41.107812671096845,16.86345068308876
flow_5_218,41.1096446567625,16.864432254737565,41.10899710333518,16.864677718369947,41.10708624166555,16.866809147339314,41.10707862373311,16.86759574699857
flow_5_219,41.1096446567625,16.864432254737565,41.10899710333518,16.864677718369947,41.10793919315882,16.86772898735496,41.10803228893905,16.867731507230168
flow_5_220,41.1096446567625,16.864432254737565,41.10899710333518,16.864677718369947,41.10803228893905,16.867731507230168,41.10843334313823,16.867723226014
flow_5_221,41.1096446567625,16.864432254737565,41.10899710333518,16.864677718369947,41.10928540564486,16.867758931986803,41.11040987403336,16.867987672581428
flow_5_222,41.1096446567625,16.864432254737565,41.10899710333518,16.864677718369947,41.1045372400796,16.865201946666215,41.10454196713804,16.86509359531177
flow_5_223,41.1096446567625,16.864432254737565,41.10899710333518,16.864677718369947,41.11163796896053,16.862535602408425,41.10949006583287,16.860629422625397
flow_5_224,41.10890984608721,16.864715144523014,41.10880075214051,16.8647605271244,41.10561139136639,16.860522875069222,41.10586594045665,16.860740368222224
flow_5_225,41.10890984608721,16.864715144523014,41.10880075214051,16.8647605271244,41.10593006633324,16.86024451803452,41.1061540374003,16.860263940525165
flow_5_226,41.10890984608721,16.864715144523014,41.10880075214051,16.8647605271244,41.10529931263373,16.864197719579735,41.105358063618205,16.8639291776279
flow_5_227,41.10890984608721,16.864715144523014,41.10880075214051,16.8647605271244,41.1094627412817,16.866643418109717,41.109145712663846,16.866535828107896
flow_5_228,41.10890984608721,16.864715144523014,41.10880075214051,16.8647605271244,41.10949006583287,16.860629422625397,41.11163796896053,16.862535602408425
flow_5_229,41.10890984608721,16.864715144523014,41.10880075214051,16.8647605271244,41.1084192109197,16.864915502792314,41.10833845965415,16.864946086143913
flow_5_230,41.10890984608721,16.864715144523014,41.10880075214051,16.8647605271244,41.104628432580256,16.864632211357712,41.10471595316798,16.864645286345713
flow_5_231,41.10890984608721,16.864715144523014,41.10880075214051,16.8647605271244,41.10471595316798,16.864645286345713,41.10482759798206,16.864586998125468
flow_5_232,41.10890984608721,16.864715144523014,41.10880075214051,16.8647605271244,41.10530898236287,16.864507375939425,41.10554708846225,16.864538287566845
flow_5_233,41.10890984608721,16.864715144523014,41.10880075214051,16.8647605271244,41.10912696164381,16.86880864147947,41.10856970665349,16.868667790168395
flow_5_234,41.10890984608721,16.864715144523014,41.10880075214051,16.8647605271244,41.10895239218255,16.86221911717674,41.10894268872457,16.86225659494897
flow_5_235,41.10890984608721,16.864715144523014,41.10880075214051,16.8647605271244,41.10833845965415,16.864946086143913,41.10833200545767,16.864777271379552
flow_5_236,41.10890984608721,16.864715144523014,41.10880075214051,16.8647605271244,41.10824709326599,16.86294433106446,41.10819079997804,16.86228690958613
flow_5_237,41.10890984608721,16.864715144523014,41.10880075214051,16.8647605271244,41.10782776217365,16.86523947757342,41.10785184362109,16.86547667119293
flow_5_238,41.10890984608721,16.864715144523014,41.10880075214051,16.8647605271244,41.10785321351032,16.86554780645669,41.107858556989214,16.86568502986514
flow_5_239,41.10890984608721,16.864715144523014,41.10880075214051,16.8647605271244,41.104613512551694,16.867304504076483,41.10450067190532,16.868197409823733
flow_5_240,41.10890984608721,16.864715144523014,41.10880075214051,16.8647605271244,41.103272808734914,16.86478843229521,41.10326869322043,16.864875721506277
flow_5_241,41.10890984608721,16.864715144523014,41.10880075214051,16.8647605271244,41.10326869322043,16.864875721506277,41.10326306112503,16.86499547697651
flow_5_242,41.10890984608721,16.864715144523014,41.10880075214051,16.8647605271244,41.10585670751274,16.866054557864008,41.10586778387464,16.865926854105435
flow_5_243,41.10890984608721,16.864715144523014,41.10880075214051,16.8647605271244,41.10499011159529,16.86585948824938,41.10483199737708,16.8658838295608
flow_5_244,41.10890984608721,16.864715144523014,41.10880075214051,16.8647605271244,41.10641564822287,16.8613154812676,41.10710483419146,16.861363888027807
flow_5_245,41.10890984608721,16.864715144523014,41.10880075214051,16.8647605271244,41.10914574762715,16.86574982248076,41.10906564507099,16.86691322434958
flow_5_246,41.10890984608721,16.864715144523014,41.10880075214051,16.8647605271244,41.10593974387052,16.86510993658547,41.10637833713364,16.865208689087556
flow_5_247,41.10890984608721,16.864715144523014,41.10880075214051,16.8647605271244,41.10912734733775,16.863063779201443,41.10970529896603,16.86326757450766
flow_5_248,41.10890984608721,16.864715144523014,41.10880075214051,16.8647605271244,41.10724968510657,16.861006427195438,41.10834939661959,16.861073572647502
flow_5_249,41.10890984608721,16.864715144523014,41.10880075214051,16.8647605271244,41.10789333241272,16.86291336901386,41.107812671096845,16.86345068308876
flow_5_250,41.10890984608721,16.864715144523014,41.10880075214051,16.8647605271244,41.10708624166555,16.866809147339314,41.10707862373311,16.86759574699857
flow_5_251,41.10890984608721,16.864715144523014,41.10880075214051,16.8647605271244,41.10793919315882,16.86772898735496,41.10803228893905,16.867731507230168
flow_5_252,41.10890984608721,16.864715144523014,41.10880075214051,16.8647605271244,41.10803228893905,16.867731507230168,41.10843334313823,16.867723226014
flow_5_253,41.10890984608721,16.864715144523014,41.10880075214051,16.8647605271244,41.10928540564486,16.867758931986803,41.11040987403336,16.867987672581428
flow_5_254,41.10890984608721,16.864715144523014,41.10880075214051,16.8647605271244,41.1045372400796,16.865201946666215,41.10454196713804,16.86509359531177
flow_5_255,41.10890984608721,16.864715144523014,41.10880075214051,16.8647605271244,41.11163796896053,16.862535602408425,41.10949006583287,16.860629422625397
flow_5_256,41.104784527530384,16.86468807259823,41.10522435996747,16.864515580091552,41.10561139136639,16.860522875069222,41.10586594045665,16.860740368222224
flow_5_257,41.104784527530384,16.86468807259823,41.10522435996747,16.864515580091552,41.10593006633324,16.86024451803452,41.1061540374003,16.860263940525165
flow_5_258,41.104784527530384,16.86468807259823,41.10522435996747,16.864515580091552,41.10529931263373,16.864197719579735,41.105358063618205,16.8639291776279
flow_5_259,41.104784527530384,16.86468807259823,41.10522435996747,16.864515580091552,41.1094627412817,16.866643418109717,41.109145712663846,16.866535828107896
flow_5_260,41.104784527530384,16.86468807259823,41.10522435996747,16.864515580091552,41.10949006583287,16.860629422625397,41.11163796896053,16.862535602408425
flow_5_261,41.104784527530384,16.86468807259823,41.10522435996747,16.864515580091552,41.1084192109197,16.864915502792314,41.10833845965415,16.864946086143913
flow_5_262,41.104784527530384,16.86468807259823,41.10522435996747,16.864515580091552,41.104628432580256,16.864632211357712,41.10471595316798,16.864645286345713
flow_5_263,41.104784527530384,16.86468807259823,41.10522435996747,16.864515580091552,41.10471595316798,16.864645286345713,41.10482759798206,16.864586998125468
flow_5_264,41.104784527530384,16.86468807259823,41.10522435996747,16.864515580091552,41.10530898236287,16.864507375939425,41.10554708846225,16.864538287566845
flow_5_265,41.104784527530384,16.86468807259823,41.10522435996747,16.864515580091552,41.10912696164381,16.86880864147947,41.10856970665349,16.868667790168395
flow_5_266,41.104784527530384,16.86468807259823,41.10522435996747,16.864515580091552,41.10895239218255,16.86221911717674,41.10894268872457,16.86225659494897
flow_5_267,41.104784527530384,16.86468807259823,41.10522435996747,16.864515580091552,41.10833845965415,16.864946086143913,41.10833200545767,16.864777271379552
flow_5_268,41.104784527530384,16.86468807259823,41.10522435996747,16.864515580091552,41.10824709326599,16.86294433106446,41.10819079997804,16.86228690958613
flow_5_269,41.104784527530384,16.86468807259823,41.10522435996747,16.864515580091552,41.10782776217365,16.86523947757342,41.10785184362109,16.86547667119293
flow_5_270,41.104784527530384,16.86468807259823,41.10522435996747,16.864515580091552,41.10785321351032,16.86554780645669,41.107858556989214,16.86568502986514
flow_5_271,41.104784527530384,16.86468807259823,41.10522435996747,16.864515580091552,41.104613512551694,16.867304504076483,41.10450067190532,16.868197409823733
flow_5_272,41.104784527530384,16.86468807259823,41.10522435996747,16.864515580091552,41.103272808734914,16.86478843229521,41.10326869322043,16.864875721506277
flow_5_273,41.104784527530384,16.86468807259823,41.10522435996747,16.864515580091552,41.10326869322043,16.864875721506277,41.10326306112503,16.86499547697651
flow_5_274,41.104784527530384,16.86468807259823,41.10522435996747,16.864515580091552,41.10585670751274,16.866054557864008,41.10586778387464,16.865926854105435
flow_5_275,41.104784527530384,16.86468807259823,41.10522435996747,16.864515580091552,41.10499011159529,16.86585948824938,41.10483199737708,16.8658838295608
flow_5_276,41.104784527530384,16.86468807259823,41.10522435996747,16.864515580091552,41.10641564822287,16.8613154812676,41.10710483419146,16.861363888027807
flow_5_277,41.104784527530384,16.86468807259823,41.10522435996747,16.864515580091552,41.10914574762715,16.86574982248076,41.10906564507099,16.86691322434958
flow_5_278,41.104784527530384,16.86468807259823,41.10522435996747,16.864515580091552,41.10593974387052,16.86510993658547,41.10637833713364,16.865208689087556
flow_5_279,41.104784527530384,16.86468807259823,41.10522435996747,16.864515580091552,41.10912734733775,16.863063779201443,41.10970529896603,16.86326757450766
flow_5_280,41.104784527530384,16.86468807259823,41.10522435996747,16.864515580091552,41.10724968510657,16.861006427195438,41.10834939661959,16.861073572647502
flow_5_281,41.104784527530384,16.86468807259823,41.10522435996747,16.864515580091552,41.10789333241272,16.86291336901386,41.107812671096845,16.86345068308876
flow_5_282,41.104784527530384,16.86468807259823,41.10522435996747,16.864515580091552,41.10708624166555,16.866809147339314,41.10707862373311,16.86759574699857
flow_5_283,41.104784527530384,16.86468807259823,41.10522435996747,16.864515580091552,41.10793919315882,16.86772898735496,41.10803228893905,16.867731507230168
flow_5_284,41.104784527530384,16.86468807259823,41.10522435996747,16.864515580091552,41.10803228893905,16.867731507230168,41.10843334313823,16.867723226014
flow_5_285,41.104784527530384,16.86468807259823,41.10522435996747,16.864515580091552,41.10928540564486,16.867758931986803,41.11040987403336,16.867987672581428
flow_5_286,41.104784527530384,16.86468807259823,41.10522435996747,16.864515580091552,41.1045372400796,16.865201946666215,41.10454196713804,16.86509359531177
flow_5_287,41.104784527530384,16.86468807259823,41.10522435996747,16.864515580091552,41.11163796896053,16.862535602408425,41.10949006583287,16.860629422625397
flow_5_288,41.10522435996747,16.864515580091552,41.10530898236287,16.864507375939425,41.10561139136639,16.860522875069222,41.10586594045665,16.860740368222224
flow_5_289,41.10522435996747,16.864515580091552,41.10530898236287,16.864507375939425,41.10593006633324,16.86024451803452,41.1061540374003,16.860263940525165
flow_5_290,41.10522435996747,16.864515580091552,41.10530898236287,16.864507375939425,41.10529931263373,16.864197719579735,41.105358063618205,16.8639291776279
flow_5_291,41.10522435996747,16.864515580091552,41.10530898236287,16.864507375939425,41.1094627412817,16.866643418109717,41.109145712663846,16.866535828107896
flow_5_292,41.10522435996747,16.864515580091552,41.10530898236287,16.864507375939425,41.10949006583287,16.860629422625397,41.11163796896053,16.862535602408425
flow_5_293,41.10522435996747,16.864515580091552,41.10530898236287,16.864507375939425,41.1084192109197,16.864915502792314,41.10833845965415,16.864946086143913
flow_5_294,41.10522435996747,16.864515580091552,41.10530898236287,16.864507375939425,41.104628432580256,16.864632211357712,41.10471595316798,16.864645286345713
flow_5_295,41.10522435996747,16.864515580091552,41.10530898236287,16.864507375939425,41.10471595316798,16.864645286345713,41.10482759798206,16.864586998125468
flow_5_296,41.10522435996747,16.864515580091552,41.10530898236287,16.864507375939425,41.10530898236287,16.864507375939425,41.10554708846225,16.864538287566845
flow_5_297,41.10522435996747,16.864515580091552,41.10530898236287,16.864507375939425,41.10912696164381,16.86880864147947,41.10856970665349,16.868667790168395
flow_5_298,41.10522435996747,16.864515580091552,41.10530898236287,16.864507375939425,41.10895239218255,16.86221911717674,41.10894268872457,16.86225659494897
flow_5_299,41.10522435996747,16.864515580091552,41.10530898236287,16.864507375939425,41.10833845965415,16.864946086143913,41.10833200545767,16.864777271379552
flow_5_300,41.10522435996747,16.864515580091552,41.10530898236287,16.864507375939425,41.10824709326599,16.86294433106446,41.10819079997804,16.86228690958613
flow_5_301,41.10522435996747,16.864515580091552,41.10530898236287,16.864507375939425,41.10782776217365,16.86523947757342,41.10785184362109,16.86547667119293
flow_5_302,41.10522435996747,16.864515580091552,41.10530898236287,16.864507375939425,41.10785321351032,16.86554780645669,41.107858556989214,16.86568502986514
flow_5_303,41.10522435996747,16.864515580091552,41.10530898236287,16.864507375939425,41.104613512551694,16.867304504076483,41.10450067190532,16.868197409823733
flow_5_304,41.10522435996747,16.864515580091552,41.10530898236287,16.864507375939425,41.103272808734914,16.86478843229521,41.10326869322043,16.864875721506277
flow_5_305,41.10522435996747,16.864515580091552,41.10530898236287,16.864507375939425,41.10326869322043,16.864875721506277,41.10326306112503,16.86499547697651
flow_5_306,41.10522435996747,16.864515580091552,41.10530898236287,16.864507375939425,41.10585670751274,16.866054557864008,41.10586778387464,16.865926854105435
flow_5_307,41.10522435996747,16.864515580091552,41.10530898236287,16.864507375939425,41.10499011159529,16.86585948824938,41.10483199737708,16.8658838295608
flow_5_308,41.10522435996747,16.864515580091552,41.10530898236287,16.864507375939425,41.10641564822287,16.8613154812676,41.10710483419146,16.861363888027807
flow_5_309,41.10522435996747,16.864515580091552,41.10530898236287,16.864507375939425,41.10914574762715,16.86574982248076,41.10906564507099,16.86691322434958
flow_5_310,41.10522435996747,16.864515580091552,41.10530898236287,16.864507375939425,41.10593974387052,16.86510993658547,41.10637833713364,16.865208689087556
flow_5_311,41.10522435996747,16.864515580091552,41.10530898236287,16.864507375939425,41.10912734733775,16.863063779201443,41.10970529896603,16.86326757450766
flow_5_312,41.10522435996747,16.864515580091552,41.10530898236287,16.864507375939425,41.10724968510657,16.861006427195438,41.10834939661959,16.861073572647502
flow_5_313,41.10522435996747,16.864515580091552,41.10530898236287,16.864507375939425,41.10789333241272,16.86291336901386,41.107812671096845,16.86345068308876
flow_5_314,41.10522435996747,16.864515580091552,41.10530898236287,16.864507375939425,41.10708624166555,16.866809147339314,41.10707862373311,16.86759574699857
flow_5_315,41.10522435996747,16.864515580091552,41.10530898236287,16.864507375939425,41.10793919315882,16.86772898735496,41.10803228893905,16.867731507230168
flow_5_316,41.10522435996747,16.864515580091552,41.10530898236287,16.864507375939425,41.10803228893905,16.867731507230168,41.10843334313823,16.867723226014
flow_5_317,41.10522435996747,16.864515580091552,41.10530898236287,16.864507375939425,41.10928540564486,16.867758931986803,41.11040987403336,16.867987672581428
flow_5_318,41.10522435996747,16.864515580091552,41.10530898236287,16.864507375939425,41.1045372400796,16.865201946666215,41.10454196713804,16.86509359531177
flow_5_319,41.10522435996747,16.864515580091552,41.10530898236287,16.864507375939425,41.11163796896053,16.862535602408425,41.10949006583287,16.860629422625397
flow_5_320,41.10530898236287,16.864507375939425,41.10554708846225,16.864538287566845,41.10561139136639,16.860522875069222,41.10586594045665,16.860740368222224
flow_5_321,41.10530898236287,16.864507375939425,41.10554708846225,16.864538287566845,41.10593006633324,16.86024451803452,41.1061540374003,16.860263940525165
flow_5_322,41.10530898236287,16.864507375939425,41.10554708846225,16.864538287566845,41.10529931263373,16.864197719579735,41.105358063618205,16.8639291776279
flow_5_323,41.10530898236287,16.864507375939425,41.10554708846225,16.864538287566845,41.1094627412817,16.866643418109717,41.109145712663846,16.866535828107896
flow_5_324,41.10530898236287,16.864507375939425,41.10554708846225,16.864538287566845,41.10949006583287,16.860629422625397,41.11163796896053,16.862535602408425
flow_5_325,41.10530898236287,16.864507375939425,41.10554708846225,16.864538287566845,41.1084192109197,16.864915502792314,41.10833845965415,16.864946086143913
flow_5_326,41.10530898236287,16.864507375939425,41.10554708846225,16.864538287566845,41.104628432580256,16.864632211357712,41.10471595316798,16.864645286345713
flow_5_327,41.10530898236287,16.864507375939425,41.10554708846225,16.864538287566845,41.10471595316798,16.864645286345713,41.10482759798206,16.864586998125468
flow_5_328,41.10530898236287,16.864507375939425,41.10554708846225,16.864538287566845,41.10912696164381,16.86880864147947,41.10856970665349,16.868667790168395
flow_5_329,41.10530898236287,16.864507375939425,41.10554708846225,16.864538287566845,41.10895239218255,16.86221911717674,41.10894268872457,16.86225659494897
flow_5_330,41.10530898236287,16.864507375939425,41.10554708846225,16.864538287566845,41.10833845965415,16.864946086143913,41.10833200545767,16.864777271379552
flow_5_331,41.10530898236287,16.864507375939425,41.10554708846225,16.864538287566845,41.10824709326599,16.86294433106446,41.10819079997804,16.86228690958613
flow_5_332,41.10530898236287,16.864507375939425,41.10554708846225,16.864538287566845,41.10782776217365,16.86523947757342,41.10785184362109,16.86547667119293
flow_5_333,41.10530898236287,16.864507375939425,41.10554708846225,16.864538287566845,41.10785321351032,16.86554780645669,41.107858556989214,16.86568502986514
flow_5_334,41.10530898236287,16.864507375939425,41.10554708846225,16.864538287566845,41.104613512551694,16.867304504076483,41.10450067190532,16.868197409823733
flow_5_335,41.10530898236287,16.864507375939425,41.10554708846225,16.864538287566845,41.103272808734914,16.86478843229521,41.10326869322043,16.864875721506277
flow_5_336,41.10530898236287,16.864507375939425,41.10554708846225,16.864538287566845,41.10326869322043,16.864875721506277,41.10326306112503,16.86499547697651
flow_5_337,41.10530898236287,16.864507375939425,41.10554708846225,16.864538287566845,41.10585670751274,16.866054557864008,41.10586778387464,16.865926854105435
flow_5_338,41.10530898236287,16.864507375939425,41.10554708846225,16.864538287566845,41.10499011159529,16.86585948824938,41.10483199737708,16.8658838295608
flow_5_339,41.10530898236287,16.864507375939425,41.10554708846225,16.864538287566845,41.10641564822287,16.8613154812676,41.10710483419146,16.861363888027807
flow_5_340,41.10530898236287,16.864507375939425,41.10554708846225,16.864538287566845,41.10914574762715,16.86574982248076,41.10906564507099,16.86691322434958
flow_5_341,41.10530898236287,16.864507375939425,41.10554708846225,16.864538287566845,41.10593974387052,16.86510993658547,41.10637833713364,16.865208689087556
flow_5_342,41.10530898236287,16.864507375939425,41.10554708846225,16.864538287566845,41.10912734733775,16.863063779201443,41.10970529896603,16.86326757450766
flow_5_343,41.10530898236287,16.864507375939425,41.10554708846225,16.864538287566845,41.10724968510657,16.861006427195438,41.10834939661959,16.861073572647502
flow_5_344,41.10530898236287,16.864507375939425,41.10554708846225,16.864538287566845,41.10789333241272,16.86291336901386,41.107812671096845,16.86345068308876
flow_5_345,41.10530898236287,16.864507375939425,41.10554708846225,16.864538287566845,41.10708624166555,16.866809147339314,41.10707862373311,16.86759574699857
flow_5_346,41.10530898236287,16.864507375939425,41.10554708846225,16.864538287566845,41.10793919315882,16.86772898735496,41.10803228893905,16.867731507230168
flow_5_347,41.10530898236287,16.864507375939425,41.10554708846225,16.864538287566845,41.10803228893905,16.867731507230168,41.10843334313823,16.867723226014
flow_5_348,41.10530898236287,16.864507375939425,41.10554708846225,16.864538287566845,41.10928540564486,16.867758931986803,41.11040987403336,16.867987672581428
flow_5_349,41.10530898236287,16.864507375939425,41.10554708846225,16.864538287566845,41.1045372400796,16.865201946666215,41.10454196713804,16.86509359531177
flow_5_350,41.10530898236287,16.864507375939425,41.10554708846225,16.864538287566845,41.11163796896053,16.862535602408425,41.10949006583287,16.860629422625397
flow_5_351,41.10579004422088,16.864575648229195,41.10596845382712,16.86463297548126,41.10561139136639,16.860522875069222,41.10586594045665,16.860740368222224
flow_5_352,41.10579004422088,16.864575648229195,41.10596845382712,16.86463297548126,41.10593006633324,16.86024451803452,41.1061540374003,16.860263940525165
flow_5_353,41.10579004422088,16.864575648229195,41.10596845382712,16.86463297548126,41.10529931263373,16.864197719579735,41.105358063618205,16.8639291776279
flow_5_354,41.10579004422088,16.864575648229195,41.10596845382712,16.86463297548126,41.1094627412817,16.866643418109717,41.109145712663846,16.866535828107896
flow_5_355,41.10579004422088,16.864575648229195,41.10596845382712,16.86463297548126,41.10949006583287,16.860629422625397,41.11163796896053,16.862535602408425
flow_5_356,41.10579004422088,16.864575648229195,41.10596845382712,16.86463297548126,41.1084192109197,16.864915502792314,41.10833845965415,16.864946086143913
flow_5_357,41.10579004422088,16.864575648229195,41.10596845382712,16.86463297548126,41.104628432580256,16.864632211357712,41.10471595316798,16.864645286345713
flow_5_358,41.10579004422088,16.864575648229195,41.10596845382712,16.86463297548126,41.10471595316798,16.864645286345713,41.10482759798206,16.864586998125468
flow_5_359,41.10579004422088,16.864575648229195,41.10596845382712,16.86463297548126,41.10530898236287,16.864507375939425,41.10554708846225,16.864538287566845
flow_5_360,41.10579004422088,16.864575648229195,41.10596845382712,16.86463297548126,41.10912696164381,16.86880864147947,41.10856970665349,16.868667790168395
flow_5_361,41.10579004422088,16.864575648229195,41.10596845382712,16.86463297548126,41.10895239218255,16.86221911717674,41.10894268872457,16.86225659494897
flow_5_362,41.10579004422088,16.864575648229195,41.10596845382712,16.86463297548126,41.10833845965415,16.864946086143913,41.10833200545767,16.864777271379552
flow_5_363,41.10579004422088,16.864575648229195,41.10596845382712,16.86463297548126,41.10824709326599,16.86294433106446,41.10819079997804,16.86228690958613
flow_5_364,41.10579004422088,16.864575648229195,41.10596845382712,16.86463297548126,41.10782776217365,16.86523947757342,41.10785184362109,16.86547667119293
flow_5_365,41.10579004422088,16.864575648229195,41.10596845382712,16.86463297548126,41.10785321351032,16.86554780645669,41.107858556989214,16.86568502986514
flow_5_366,41.10579004422088,16.864575648229195,41.10596845382712,16.86463297548126,41.104613512551694,16.867304504076483,41.10450067190532,16.868197409823733
flow_5_367,41.10579004422088,16.864575648229195,41.10596845382712,16.86463297548126,41.103272808734914,16.86478843229521,41.10326869322043,16.864875721506277
flow_5_368,41.10579004422088,16.864575648229195,41.10596845382712,16.86463297548126,41.10326869322043,16.864875721506277,41.10326306112503,16.86499547697651
flow_5_369,41.10579004422088,16.864575648229195,41.10596845382712,16.86463297548126,41.10585670751274,16.866054557864008,41.10586778387464,16.865926854105435
flow_5_370,41.10579004422088,16.864575648229195,41.10596845382712,16.86463297548126,41.10499011159529,16.86585948824938,41.10483199737708,16.8658838295608
flow_5_371,41.10579004422088,16.864575648229195,41.10596845382712,16.86463297548126,41.10641564822287,16.8613154812676,41.10710483419146,16.861363888027807
flow_5_372,41.10579004422088,16.864575648229195,41.10596845382712,16.86463297548126,41.10914574762715,16.86574982248076,41.10906564507099,16.86691322434958
flow_5_373,41.10579004422088,16.864575648229195,41.10596845382712,16.86463297548126,41.10593974387052,16.86510993658547,41.10637833713364,16.865208689087556
flow_5_374,41.10579004422088,16.864575648229195,41.10596845382712,16.86463297548126,41.10912734733775,16.863063779201443,41.10970529896603,16.86326757450766
flow_5_375,41.10579004422088,16.864575648229195,41.10596845382712,16.86463297548126,41.10724968510657,16.861006427195438,41.10834939661959,16.861073572647502
flow_5_376,41.10579004422088,16.864575648229195,41.10596845382712,16.86463297548126,41.10789333241272,16.86291336901386,41.107812671096845,16.86345068308876
flow_5_377,41.10579004422088,16.864575648229195,41.10596845382712,16.86463297548126,41.10708624166555,16.866809147339314,41.10707862373311,16.86759574699857
flow_5_378,41.10579004422088,16.864575648229195,41.10596845382712,16.86463297548126,41.10793919315882,16.86772898735496,41.10803228893905,16.867731507230168
flow_5_379,41.10579004422088,16.864575648229195,41.10596845382712,16.86463297548126,41.10803228893905,16.867731507230168,41.10843334313823,16.867723226014
flow_5_380,41.10579004422088,16.864575648229195,41.10596845382712,16.86463297548126,41.10928540564486,16.867758931986803,41.11040987403336,16.867987672581428
flow_5_381,41.10579004422088,16.864575648229195,41.10596845382712,16.86463297548126,41.1045372400796,16.865201946666215,41.10454196713804,16.86509359531177
flow_5_382,41.10579004422088,16.864575648229195,41.10596845382712,16.86463297548126,41.11163796896053,16.862535602408425,41.10949006583287,16.860629422625397
flow_5_383,41.10972857700902,16.868968974942952,41.10912696164381,16.86880864147947,41.10561139136639,16.860522875069222,41.10586594045665,16.860740368222224
flow_5_384,41.10972857700902,16.868968974942952,41.10912696164381,16.86880864147947,41.10593006633324,16.86024451803452,41.1061540374003,16.860263940525165
flow_5_385,41.10972857700902,16.868968974942952,41.10912696164381,16.86880864147947,41.10529931263373,16.864197719579735,41.105358063618205,16.8639291776279
flow_5_386,41.10972857700902,16.868968974942952,41.10912696164381,16.86880864147947,41.1094627412817,16.866643418109717,41.109145712663846,16.866535828107896
flow_5_387,41.10972857700902,16.868968974942952,41.10912696164381,16.86880864147947,41.10949006583287,16.860629422625397,41.11163796896053,16.862535602408425
flow_5_388,41.10972857700902,16.868968974942952,41.10912696164381,16.86880864147947,41.1084192109197,16.864915502792314,41.10833845965415,16.864946086143913
flow_5_389,41.10972857700902,16.868968974942952,41.10912696164381,16.86880864147947,41.104628432580256,16.864632211357712,41.10471595316798,16.864645286345713
flow_5_390,41.10972857700902,16.868968974942952,41.10912696164381,16.86880864147947,41.10471595316798,16.864645286345713,41.10482759798206,16.864586998125468
flow_5_391,41.10972857700902,16.868968974942952,41.10912696164381,16.86880864147947,41.10530898236287,16.864507375939425,41.10554708846225,16.864538287566845
flow_5_392,41.10972857700902,16.868968974942952,41.10912696164381,16.86880864147947,41.10912696164381,16.86880864147947,41.10856970665349,16.868667790168395
flow_5_393,41.10972857700902,16.868968974942952,41.10912696164381,16.86880864147947,41.10895239218255,16.86221911717674,41.10894268872457,16.86225659494897
flow_5_394,41.10972857700902,16.868968974942952,41.10912696164381,16.86880864147947,41.10833845965415,16.864946086143913,41.10833200545767,16.864777271379552
flow_5_395,41.10972857700902,16.868968974942952,41.10912696164381,16.86880864147947,41.10824709326599,16.86294433106446,41.10819079997804,16.86228690958613
flow_5_396,41.10972857700902,16.868968974942952,41.10912696164381,16.86880864147947,41.10782776217365,16.86523947757342,41.10785184362109,16.86547667119293
flow_5_397,41.10972857700902,16.868968974942952,41.10912696164381,16.86880864147947,41.10785321351032,16.86554780645669,41.107858556989214,16.86568502986514
flow_5_398,41.10972857700902,16.868968974942952,41.10912696164381,16.86880864147947,41.104613512551694,16.867304504076483,41.10450067190532,16.868197409823733
flow_5_399,41.10972857700902,16.868968974942952,41.10912696164381,16.86880864147947,41.103272808734914,16.86478843229521,41.10326869322043,16.864875721506277
flow_5_400,41.10972857700902,16.868968974942952,41.10912696164381,16.86880864147947,41.10326869322043,16.864875721506277,41.10326306112503,16.86499547697651
flow_5_401,41.10972857700902,16.868968974942952,41.10912696164381,16.86880864147947,41.10585670751274,16.866054557864008,41.10586778387464,16.865926854105435
flow_5_402,41.10972857700902,16.868968974942952,41.10912696164381,16.86880864147947,41.10499011159529,16.86585948824938,41.10483199737708,16.8658838295608
flow_5_403,41.10972857700902,16.868968974942952,41.10912696164381,16.86880864147947,41.10641564822287,16.8613154812676,41.10710483419146,16.861363888027807
flow_5_404,41.10972857700902,16.868968974942952,41.10912696164381,16.86880864147947,41.10914574762715,16.86574982248076,41.10906564507099,16.86691322434958
flow_5_405,41.10972857700902,16.868968974942952,41.10912696164381,16.86880864147947,41.10593974387052,16.86510993658547,41.10637833713364,16.865208689087556
flow_5_406,41.10972857700902,16.868968974942952,41.10912696164381,16.86880864147947,41.10912734733775,16.863063779201443,41.10970529896603,16.86326757450766
flow_5_407,41.10972857700902,16.868968974942952,41.10912696164381,16.86880864147947,41.10724968510657,16.861006427195438,41.10834939661959,16.861073572647502
flow_5_408,41.10972857700902,16.868968974942952,41.10912696164381,16.86880864147947,41.10789333241272,16.86291336901386,41.107812671096845,16.86345068308876
flow_5_409,41.10972857700902,16.868968974942952,41.10912696164381,16.86880864147947,41.10708624166555,16.866809147339314,41.10707862373311,16.86759574699857
flow_5_410,41.10972857700902,16.868968974942952,41.10912696164381,16.86880864147947,41.10793919315882,16.86772898735496,41.10803228893905,16.867731507230168
flow_5_411,41.10972857700902,16.868968974942952,41.10912696164381,16.86880864147947,41.10803228893905,16.867731507230168,41.10843334313823,16.867723226014
flow_5_412,41.10972857700902,16.868968974942952,41.10912696164381,16.86880864147947,41.10928540564486,16.867758931986803,41.11040987403336,16.867987672581428
flow_5_413,41.10972857700902,16.868968974942952,41.10912696164381,16.86880864147947,41.1045372400796,16.865201946666215,41.10454196713804,16.86509359531177
flow_5_414,41.10972857700902,16.868968974942952,41.10912696164381,16.86880864147947,41.11163796896053,16.862535602408425,41.10949006583287,16.860629422625397
flow_5_415,41.10912696164381,16.86880864147947,41.10856970665349,16.868667790168395,41.10561139136639,16.860522875069222,41.10586594045665,16.860740368222224
flow_5_416,41.10912696164381,16.86880864147947,41.10856970665349,16.868667790168395,41.10593006633324,16.86024451803452,41.1061540374003,16.860263940525165
flow_5_417,41.10912696164381,16.86880864147947,41.10856970665349,16.868667790168395,41.10529931263373,16.864197719579735,41.105358063618205,16.8639291776279
flow_5_418,41.10912696164381,16.86880864147947,41.10856970665349,16.868667790168395,41.1094627412817,16.866643418109717,41.109145712663846,16.866535828107896
flow_5_419,41.10912696164381,16.86880864147947,41.10856970665349,16.868667790168395,41.10949006583287,16.860629422625397,41.11163796896053,16.862535602408425
flow_5_420,41.10912696164381,16.86880864147947,41.10856970665349,16.868667790168395,41.1084192109197,16.864915502792314,41.10833845965415,16.864946086143913
flow_5_421,41.10912696164381,16.86880864147947,41.10856970665349,16.868667790168395,41.104628432580256,16.864632211357712,41.10471595316798,16.864645286345713
flow_5_422,41.10912696164381,16.86880864147947,41.10856970665349,16.868667790168395,41.10471595316798,16.864645286345713,41.10482759798206,16.864586998125468
flow_5_423,41.10912696164381,16.86880864147947,41.10856970665349,16.868667790168395,41.10530898236287,16.864507375939425,41.10554708846225,16.864538287566845
flow_5_424,41.10912696164381,16.86880864147947,41.10856970665349,16.868667790168395,41.10895239218255,16.86221911717674,41.10894268872457,16.86225659494897
flow_5_425,41.10912696164381,16.86880864147947,41.10856970665349,16.868667790168395,41.10833845965415,16.864946086143913,41.10833200545767,16.864777271379552
flow_5_426,41.10912696164381,16.86880864147947,41.10856970665349,16.868667790168395,41.10824709326599,16.86294433106446,41.10819079997804,16.86228690958613
flow_5_427,41.10912696164381,16.86880864147947,41.10856970665349,16.868667790168395,41.10782776217365,16.86523947757342,41.10785184362109,16.86547667119293
flow_5_428,41.10912696164381,16.86880864147947,41.10856970665349,16.868667790168395,41.10785321351032,16.86554780645669,41.107858556989214,16.86568502986514
flow_5_429,41.10912696164381,16.86880864147947,41.10856970665349,16.868667790168395,41.104613512551694,16.867304504076483,41.10450067190532,16.868197409823733
flow_5_430,41.10912696164381,16.86880864147947,41.10856970665349,16.868667790168395,41.103272808734914,16.86478843229521,41.10326869322043,16.864875721506277
flow_5_431,41.10912696164381,16.86880864147947,41.10856970665349,16.868667790168395,41.10326869322043,16.864875721506277,41.10326306112503,16.86499547697651
flow_5_432,41.10912696164381,16.86880864147947,41.10856970665349,16.868667790168395,41.10585670751274,16.866054557864008,41.10586778387464,16.865926854105435
flow_5_433,41.10912696164381,16.86880864147947,41.10856970665349,16.868667790168395,41.10499011159529,16.86585948824938,41.10483199737708,16.8658838295608
flow_5_434,41.10912696164381,16.86880864147947,41.10856970665349,16.868667790168395,41.10641564822287,16.8613154812676,41.10710483419146,16.861363888027807
flow_5_435,41.10912696164381,16.86880864147947,41.10856970665349,16.868667790168395,41.10914574762715,16.86574982248076,41.10906564507099,16.86691322434958
flow_5_436,41.10912696164381,16.86880864147947,41.10856970665349,16.868667790168395,41.10593974387052,16.86510993658547,41.10637833713364,16.865208689087556
flow_5_437,41.10912696164381,16.86880864147947,41.10856970665349,16.868667790168395,41.10912734733775,16.863063779201443,41.10970529896603,16.86326757450766
flow_5_438,41.10912696164381,16.86880864147947,41.10856970665349,16.868667790168395,41.10724968510657,16.861006427195438,41.10834939661959,16.861073572647502
flow_5_439,41.10912696164381,16.86880864147947,41.10856970665349,16.868667790168395,41.10789333241272,16.86291336901386,41.107812671096845,16.86345068308876
flow_5_440,41.10912696164381,16.86880864147947,41.10856970665349,16.868667790168395,41.10708624166555,16.866809147339314,41.10707862373311,16.86759574699857
flow_5_441,41.10912696164381,16.86880864147947,41.10856970665349,16.868667790168395,41.10793919315882,16.86772898735496,41.10803228893905,16.867731507230168
flow_5_442,41.10912696164381,16.86880864147947,41.10856970665349,16.868667790168395,41.10803228893905,16.867731507230168,41.10843334313823,16.867723226014
flow_5_443,41.10912696164381,16.86880864147947,41.10856970665349,16.868667790168395,41.10928540564486,16.867758931986803,41.11040987403336,16.867987672581428
flow_5_444,41.10912696164381,16.86880864147947,41.10856970665349,16.868667790168395,41.1045372400796,16.865201946666215,41.10454196713804,16.86509359531177
flow_5_445,41.10912696164381,16.86880864147947,41.10856970665349,16.868667790168395,41.11163796896053,16.862535602408425,41.10949006583287,16.860629422625397
flow_5_446,41.10902994174104,16.861985388308245,41.10900494329293,16.86206078143169,41.10561139136639,16.860522875069222,41.10586594045665,16.860740368222224
flow_5_447,41.10902994174104,16.861985388308245,41.10900494329293,16.86206078143169,41.10593006633324,16.86024451803452,41.1061540374003,16.860263940525165
flow_5_448,41.10902994174104,16.861985388308245,41.10900494329293,16.86206078143169,41.10529931263373,16.864197719579735,41.105358063618205,16.8639291776279
flow_5_449,41.10902994174104,16.861985388308245,41.10900494329293,16.86206078143169,41.1094627412817,16.866643418109717,41.109145712663846,16.866535828107896
flow_5_450,41.10902994174104,16.861985388308245,41.10900494329293,16.86206078143169,41.10949006583287,16.860629422625397,41.11163796896053,16.862535602408425
flow_5_451,41.10902994174104,16.861985388308245,41.10900494329293,16.86206078143169,41.1084192109197,16.864915502792314,41.10833845965415,16.864946086143913
flow_5_452,41.10902994174104,16.861985388308245,41.10900494329293,16.86206078143169,41.104628432580256,16.864632211357712,41.10471595316798,16.864645286345713
flow_5_453,41.10902994174104,16.861985388308245,41.10900494329293,16.86206078143169,41.10471595316798,16.864645286345713,41.10482759798206,16.864586998125468
flow_5_454,41.10902994174104,16.861985388308245,41.10900494329293,16.86206078143169,41.10530898236287,16.864507375939425,41.10554708846225,16.864538287566845
flow_5_455,41.10902994174104,16.861985388308245,41.10900494329293,16.86206078143169,41.10912696164381,16.86880864147947,41.10856970665349,16.868667790168395
flow_5_456,41.10902994174104,16.861985388308245,41.10900494329293,16.86206078143169,41.10895239218255,16.86221911717674,41.10894268872457,16.86225659494897
flow_5_457,41.10902994174104,16.861985388308245,41.10900494329293,16.86206078143169,41.10833845965415,16.864946086143913,41.10833200545767,16.864777271379552
flow_5_458,41.10902994174104,16.861985388308245,41.10900494329293,16.86206078143169,41.10824709326599,16.86294433106446,41.10819079997804,16.86228690958613
flow_5_459,41.10902994174104,16.861985388308245,41.10900494329293,16.86206078143169,41.10782776217365,16.86523947757342,41.10785184362109,16.86547667119293
flow_5_460,41.10902994174104,16.861985388308245,41.10900494329293,16.86206078143169,41.10785321351032,16.86554780645669,41.107858556989214,16.86568502986514
flow_5_461,41.10902994174104,16.861985388308245,41.10900494329293,16.86206078143169,41.104613512551694,16.867304504076483,41.10450067190532,16.868197409823733
flow_5_462,41.10902994174104,16.861985388308245,41.10900494329293,16.86206078143169,41.103272808734914,16.86478843229521,41.10326869322043,16.864875721506277
flow_5_463,41.10902994174104,16.861985388308245,41.10900494329293,16.86206078143169,41.10326869322043,16.864875721506277,41.10326306112503,16.86499547697651
flow_5_464,41.10902994174104,16.861985388308245,41.10900494329293,16.86206078143169,41.10585670751274,16.866054557864008,41.10586778387464,16.865926854105435
flow_5_465,41.10902994174104,16.861985388308245,41.10900494329293,16.86206078143169,41.10499011159529,16.86585948824938,41.10483199737708,16.8658838295608
flow_5_466,41.10902994174104,16.861985388308245,41.10900494329293,16.86206078143169,41.10641564822287,16.8613154812676,41.10710483419146,16.861363888027807
flow_5_467,41.10902994174104,16.861985388308245,41.10900494329293,16.86206078143169,41.10914574762715,16.86574982248076,41.10906564507099,16.86691322434958
flow_5_468,41.10902994174104,16.861985388308245,41.10900494329293,16.86206078143169,41.10593974387052,16.86510993658547,41.10637833713364,16.865208689087556
flow_5_469,41.10902994174104,16.861985388308245,41.10900494329293,16.86206078143169,41.10912734733775,16.863063779201443,41.10970529896603,16.86326757450766
flow_5_470,41.10902994174104,16.861985388308245,41.10900494329293,16.86206078143169,41.10724968510657,16.861006427195438,41.10834939661959,16.861073572647502
flow_5_471,41.10902994174104,16.861985388308245,41.10900494329293,16.86206078143169,41.10789333241272,16.86291336901386,41.107812671096845,16.86345068308876
flow_5_472,41.10902994174104,16.861985388308245,41.10900494329293,16.86206078143169,41.10708624166555,16.866809147339314,41.10707862373311,16.86759574699857
flow_5_473,41.10902994174104,16.861985388308245,41.10900494329293,16.86206078143169,41.10793919315882,16.86772898735496,41.10803228893905,16.867731507230168
flow_5_474,41.10902994174104,16.861985388308245,41.10900494329293,16.86206078143169,41.10803228893905,16.867731507230168,41.10843334313823,16.867723226014
flow_5_475,41.10902994174104,16.861985388308245,41.10900494329293,16.86206078143169,41.10928540564486,16.867758931986803,41.11040987403336,16.867987672581428
flow_5_476,41.10902994174104,16.861985388308245,41.10900494329293,16.86206078143169,41.1045372400796,16.865201946666215,41.10454196713804,16.86509359531177
flow_5_477,41.10902994174104,16.861985388308245,41.10900494329293,16.86206078143169,41.11163796896053,16.862535602408425,41.10949006583287,16.860629422625397
flow_5_478,41.10895239218255,16.86221911717674,41.10894268872457,16.86225659494897,41.10561139136639,16.860522875069222,41.10586594045665,16.860740368222224
flow_5_479,41.10895239218255,16.86221911717674,41.10894268872457,16.86225659494897,41.10593006633324,16.86024451803452,41.1061540374003,16.860263940525165
flow_5_480,41.10895239218255,16.86221911717674,41.10894268872457,16.86225659494897,41.10529931263373,16.864197719579735,41.105358063618205,16.8639291776279
flow_5_481,41.10895239218255,16.86221911717674,41.10894268872457,16.86225659494897,41.1094627412817,16.866643418109717,41.109145712663846,16.866535828107896
flow_5_482,41.10895239218255,16.86221911717674,41.10894268872457,16.86225659494897,41.10949006583287,16.860629422625397,41.11163796896053,16.862535602408425
flow_5_483,41.10895239218255,16.86221911717674,41.10894268872457,16.86225659494897,41.1084192109197,16.864915502792314,41.10833845965415,16.864946086143913
flow_5_484,41.10895239218255,16.86221911717674,41.10894268872457,16.86225659494897,41.104628432580256,16.864632211357712,41.10471595316798,16.864645286345713
flow_5_485,41.10895239218255,16.86221911717674,41.10894268872457,16.86225659494897,41.10471595316798,16.864645286345713,41.10482759798206,16.864586998125468
flow_5_486,41.10895239218255,16.86221911717674,41.10894268872457,16.86225659494897,41.10530898236287,16.864507375939425,41.10554708846225,16.864538287566845
flow_5_487,41.10895239218255,16.86221911717674,41.10894268872457,16.86225659494897,41.10912696164381,16.86880864147947,41.10856970665349,16.868667790168395
flow_5_488,41.10895239218255,16.86221911717674,41.10894268872457,16.86225659494897,41.10833845965415,16.864946086143913,41.10833200545767,16.864777271379552
flow_5_489,41.10895239218255,16.86221911717674,41.10894268872457,16.86225659494897,41.10824709326599,16.86294433106446,41.10819079997804,16.86228690958613
flow_5_490,41.10895239218255,16.86221911717674,41.10894268872457,16.86225659494897,41.10782776217365,16.86523947757342,41.10785184362109,16.86547667119293
flow_5_491,41.10895239218255,16.86221911717674,41.10894268872457,16.86225659494897,41.10785321351032,16.86554780645669,41.107858556989214,16.86568502986514
flow_5_492,41.10895239218255,16.86221911717674,41.10894268872457,16.86225659494897,41.104613512551694,16.867304504076483,41.10450067190532,16.868197409823733
flow_5_493,41.10895239218255,16.86221911717674,41.10894268872457,16.86225659494897,41.103272808734914,16.86478843229521,41.10326869322043,16.864875721506277
flow_5_494,41.10895239218255,16.86221911717674,41.10894268872457,16.86225659494897,41.10326869322043,16.864875721506277,41.10326306112503,16.86499547697651
flow_5_495,41.10895239218255,16.86221911717674,41.10894268872457,16.86225659494897,41.10585670751274,16.866054557864008,41.10586778387464,16.865926854105435
flow_5_496,41.10895239218255,16.86221911717674,41.10894268872457,16.86225659494897,41.10499011159529,16.86585948824938,41.10483199737708,16.8658838295608
flow_5_497,41.10895239218255,16.86221911717674,41.10894268872457,16.86225659494897,41.10641564822287,16.8613154812676,41.10710483419146,16.861363888027807
flow_5_498,41.10895239218255,16.86221911717674,41.10894268872457,16.86225659494897,41.10914574762715,16.86574982248076,41.10906564507099,16.86691322434958
flow_5_499,41.10895239218255,16.86221911717674,41.10894268872457,16.86225659494897,41.10593974387052,16.86510993658547,41.10637833713364,16.865208689087556
flow_5_500,41.10895239218255,16.86221911717674,41.10894268872457,16.86225659494897,41.10912734733775,16.863063779201443,41.10970529896603,16.86326757450766
flow_5_501,41.10895239218255,16.86221911717674,41.10894268872457,16.86225659494897,41.10724968510657,16.861006427195438,41.10834939661959,16.861073572647502
flow_5_502,41.10895239218255,16.86221911717674,41.10894268872457,16.86225659494897,41.10789333241272,16.86291336901386,41.107812671096845,16.86345068308876
flow_5_503,41.10895239218255,16.86221911717674,41.10894268872457,16.86225659494897,41.10708624166555,16.866809147339314,41.10707862373311,16.86759574699857
flow_5_504,41.10895239218255,16.86221911717674,41.10894268872457,16.86225659494897,41.10793919315882,16.86772898735496,41.10803228893905,16.867731507230168
flow_5_505,41.10895239218255,16.86221911717674,41.10894268872457,16.86225659494897,41.10803228893905,16.867731507230168,41.10843334313823,16.867723226014
flow_5_506,41.10895239218255,16.86221911717674,41.10894268872457,16.86225659494897,41.10928540564486,16.867758931986803,41.11040987403336,16.867987672581428
flow_5_507,41.10895239218255,16.86221911717674,41.10894268872457,16.86225659494897,41.1045372400796,16.865201946666215,41.10454196713804,16.86509359531177
flow_5_508,41.10895239218255,16.86221911717674,41.10894268872457,16.86225659494897,41.11163796896053,16.862535602408425,41.10949006583287,16.860629422625397
flow_5_509,41.10785321351032,16.86554780645669,41.107858556989214,16.86568502986514,41.10561139136639,16.860522875069222,41.10586594045665,16.860740368222224
flow_5_510,41.10785321351032,16.86554780645669,41.107858556989214,16.86568502986514,41.10593006633324,16.86024451803452,41.1061540374003,16.860263940525165
flow_5_511,41.10785321351032,16.86554780645669,41.107858556989214,16.86568502986514,41.10529931263373,16.864197719579735,41.105358063618205,16.8639291776279
flow_5_512,41.10785321351032,16.86554780645669,41.107858556989214,16.86568502986514,41.1094627412817,16.866643418109717,41.109145712663846,16.866535828107896
flow_5_513,41.10785321351032,16.86554780645669,41.107858556989214,16.86568502986514,41.10949006583287,16.860629422625397,41.11163796896053,16.862535602408425
flow_5_514,41.10785321351032,16.86554780645669,41.107858556989214,16.86568502986514,41.1084192109197,16.864915502792314,41.10833845965415,16.864946086143913
flow_5_515,41.10785321351032,16.86554780645669,41.107858556989214,16.86568502986514,41.104628432580256,16.864632211357712,41.10471595316798,16.864645286345713
flow_5_516,41.10785321351032,16.86554780645669,41.107858556989214,16.86568502986514,41.10471595316798,16.864645286345713,41.10482759798206,16.864586998125468
flow_5_517,41.10785321351032,16.86554780645669,41.107858556989214,16.86568502986514,41.10530898236287,16.864507375939425,41.10554708846225,16.864538287566845
flow_5_518,41.10785321351032,16.86554780645669,41.107858556989214,16.86568502986514,41.10912696164381,16.86880864147947,41.10856970665349,16.868667790168395
flow_5_519,41.10785321351032,16.86554780645669,41.107858556989214,16.86568502986514,41.10895239218255,16.86221911717674,41.10894268872457,16.86225659494897
flow_5_520,41.10785321351032,16.86554780645669,41.107858556989214,16.86568502986514,41.10833845965415,16.864946086143913,41.10833200545767,16.864777271379552
flow_5_521,41.10785321351032,16.86554780645669,41.107858556989214,16.86568502986514,41.10824709326599,16.86294433106446,41.10819079997804,16.86228690958613
flow_5_522,41.10785321351032,16.86554780645669,41.107858556989214,16.86568502986514,41.10782776217365,16.86523947757342,41.10785184362109,16.86547667119293
flow_5_523,41.10785321351032,16.86554780645669,41.107858556989214,16.86568502986514,41.104613512551694,16.867304504076483,41.10450067190532,16.868197409823733
flow_5_524,41.10785321351032,16.86554780645669,41.107858556989214,16.86568502986514,41.103272808734914,16.86478843229521,41.10326869322043,16.864875721506277
flow_5_525,41.10785321351032,16.86554780645669,41.107858556989214,16.86568502986514,41.10326869322043,16.864875721506277,41.10326306112503,16.86499547697651
flow_5_526,41.10785321351032,16.86554780645669,41.107858556989214,16.86568502986514,41.10585670751274,16.866054557864008,41.10586778387464,16.865926854105435
flow_5_527,41.10785321351032,16.86554780645669,41.107858556989214,16.86568502986514,41.10499011159529,16.86585948824938,41.10483199737708,16.8658838295608
flow_5_528,41.10785321351032,16.86554780645669,41.107858556989214,16.86568502986514,41.10641564822287,16.8613154812676,41.10710483419146,16.861363888027807
flow_5_529,41.10785321351032,16.86554780645669,41.107858556989214,16.86568502986514,41.10914574762715,16.86574982248076,41.10906564507099,16.86691322434958
flow_5_530,41.10785321351032,16.86554780645669,41.107858556989214,16.86568502986514,41.10593974387052,16.86510993658547,41.10637833713364,16.865208689087556
flow_5_531,41.10785321351032,16.86554780645669,41.107858556989214,16.86568502986514,41.10912734733775,16.863063779201443,41.10970529896603,16.86326757450766
flow_5_532,41.10785321351032,16.86554780645669,41.107858556989214,16.86568502986514,41.10724968510657,16.861006427195438,41.10834939661959,16.861073572647502
flow_5_533,41.10785321351032,16.86554780645669,41.107858556989214,16.86568502986514,41.10789333241272,16.86291336901386,41.107812671096845,16.86345068308876
flow_5_534,41.10785321351032,16.86554780645669,41.107858556989214,16.86568502986514,41.10708624166555,16.866809147339314,41.10707862373311,16.86759574699857
flow_5_535,41.10785321351032,16.86554780645669,41.107858556989214,16.86568502986514,41.10793919315882,16.86772898735496,41.10803228893905,16.867731507230168
flow_5_536,41.10785321351032,16.86554780645669,41.107858556989214,16.86568502986514,41.10803228893905,16.867731507230168,41.10843334313823,16.867723226014
flow_5_537,41.10785321351032,16.86554780645669,41.107858556989214,16.86568502986514,41.10928540564486,16.867758931986803,41.11040987403336,16.867987672581428
flow_5_538,41.10785321351032,16.86554780645669,41.107858556989214,16.86568502986514,41.1045372400796,16.865201946666215,41.10454196713804,16.86509359531177
flow_5_539,41.10785321351032,16.86554780645669,41.107858556989214,16.86568502986514,41.11163796896053,16.862535602408425,41.10949006583287,16.860629422625397
flow_5_540,41.109145712663846,16.866535828107896,41.1094627412817,16.866643418109717,41.10561139136639,16.860522875069222,41.10586594045665,16.860740368222224
flow_5_541,41.109145712663846,16.866535828107896,41.1094627412817,16.866643418109717,41.10593006633324,16.86024451803452,41.1061540374003,16.860263940525165
flow_5_542,41.109145712663846,16.866535828107896,41.1094627412817,16.866643418109717,41.10529931263373,16.864197719579735,41.105358063618205,16.8639291776279
flow_5_543,41.109145712663846,16.866535828107896,41.1094627412817,16.866643418109717,41.1094627412817,16.866643418109717,41.109145712663846,16.866535828107896
flow_5_544,41.109145712663846,16.866535828107896,41.1094627412817,16.866643418109717,41.10949006583287,16.860629422625397,41.11163796896053,16.862535602408425
flow_5_545,41.109145712663846,16.866535828107896,41.1094627412817,16.866643418109717,41.1084192109197,16.864915502792314,41.10833845965415,16.864946086143913
flow_5_546,41.109145712663846,16.866535828107896,41.1094627412817,16.866643418109717,41.104628432580256,16.864632211357712,41.10471595316798,16.864645286345713
flow_5_547,41.109145712663846,16.866535828107896,41.1094627412817,16.866643418109717,41.10471595316798,16.864645286345713,41.10482759798206,16.864586998125468
flow_5_548,41.109145712663846,16.866535828107896,41.1094627412817,16.866643418109717,41.10530898236287,16.864507375939425,41.10554708846225,16.864538287566845
flow_5_549,41.109145712663846,16.866535828107896,41.1094627412817,16.866643418109717,41.10912696164381,16.86880864147947,41.10856970665349,16.868667790168395
flow_5_550,41.109145712663846,16.866535828107896,41.1094627412817,16.866643418109717,41.10895239218255,16.86221911717674,41.10894268872457,16.86225659494897
flow_5_551,41.109145712663846,16.866535828107896,41.1094627412817,16.866643418109717,41.10833845965415,16.864946086143913,41.10833200545767,16.864777271379552
flow_5_552,41.109145712663846,16.866535828107896,41.1094627412817,16.866643418109717,41.10824709326599,16.86294433106446,41.10819079997804,16.86228690958613
flow_5_553,41.109145712663846,16.866535828107896,41.1094627412817,16.866643418109717,41.10782776217365,16.86523947757342,41.10785184362109,16.86547667119293
flow_5_554,41.109145712663846,16.866535828107896,41.1094627412817,16.866643418109717,41.10785321351032,16.86554780645669,41.107858556989214,16.86568502986514
flow_5_555,41.109145712663846,16.866535828107896,41.1094627412817,16.866643418109717,41.104613512551694,16.867304504076483,41.10450067190532,16.868197409823733
flow_5_556,41.109145712663846,16.866535828107896,41.1094627412817,16.866643418109717,41.103272808734914,16.86478843229521,41.10326869322043,16.864875721506277
flow_5_557,41.109145712663846,16.866535828107896,41.1094627412817,16.866643418109717,41.10326869322043,16.864875721506277,41.10326306112503,16.86499547697651
flow_5_558,41.109145712663846,16.866535828107896,41.1094627412817,16.866643418109717,41.10585670751274,16.866054557864008,41.10586778387464,16.865926854105435
flow_5_559,41.109145712663846,16.866535828107896,41.1094627412817,16.866643418109717,41.10499011159529,16.86585948824938,41.10483199737708,16.8658838295608
flow_5_560,41.109145712663846,16.866535828107896,41.1094627412817,16.866643418109717,41.10641564822287,16.8613154812676,41.10710483419146,16.861363888027807
flow_5_561,41.109145712663846,16.866535828107896,41.1094627412817,16.866643418109717,41.10914574762715,16.86574982248076,41.10906564507099,16.86691322434958
flow_5_562,41.109145712663846,16.866535828107896,41.1094627412817,16.866643418109717,41.10593974387052,16.86510993658547,41.10637833713364,16.865208689087556
flow_5_563,41.109145712663846,16.866535828107896,41.1094627412817,16.866643418109717,41.10912734733775,16.863063779201443,41.10970529896603,16.86326757450766
flow_5_564,41.109145712663846,16.866535828107896,41.1094627412817,16.866643418109717,41.10724968510657,16.861006427195438,41.10834939661959,16.861073572647502
flow_5_565,41.109145712663846,16.866535828107896,41.1094627412817,16.866643418109717,41.10789333241272,16.86291336901386,41.107812671096845,16.86345068308876
flow_5_566,41.109145712663846,16.866535828107896,41.1094627412817,16.866643418109717,41.10708624166555,16.866809147339314,41.10707862373311,16.86759574699857
flow_5_567,41.109145712663846,16.866535828107896,41.1094627412817,16.866643418109717,41.10793919315882,16.86772898735496,41.10803228893905,16.867731507230168
flow_5_568,41.109145712663846,16.866535828107896,41.1094627412817,16.866643418109717,41.10803228893905,16.867731507230168,41.10843334313823,16.867723226014
flow_5_569,41.109145712663846,16.866535828107896,41.1094627412817,16.866643418109717,41.10928540564486,16.867758931986803,41.11040987403336,16.867987672581428
flow_5_570,41.109145712663846,16.866535828107896,41.1094627412817,16.866643418109717,41.1045372400796,16.865201946666215,41.10454196713804,16.86509359531177
flow_5_571,41.109145712663846,16.866535828107896,41.1094627412817,16.866643418109717,41.11163796896053,16.862535602408425,41.10949006583287,16.860629422625397
flow_5_572,41.10478739403432,16.868751657815455,41.10402789318045,16.868612584926364,41.10561139136639,16.860522875069222,41.10586594045665,16.860740368222224
flow_5_573,41.10478739403432,16.868751657815455,41.10402789318045,16.868612584926364,41.10593006633324,16.86024451803452,41.1061540374003,16.860263940525165
flow_5_574,41.10478739403432,16.868751657815455,41.10402789318045,16.868612584926364,41.10529931263373,16.864197719579735,41.105358063618205,16.8639291776279
flow_5_575,41.10478739403432,16.868751657815455,41.10402789318045,16.868612584926364,41.1094627412817,16.866643418109717,41.109145712663846,16.866535828107896
flow_5_576,41.10478739403432,16.868751657815455,41.10402789318045,16.868612584926364,41.10949006583287,16.860629422625397,41.11163796896053,16.862535602408425
flow_5_577,41.10478739403432,16.868751657815455,41.10402789318045,16.868612584926364,41.1084192109197,16.864915502792314,41.10833845965415,16.864946086143913
flow_5_578,41.10478739403432,16.868751657815455,41.10402789318045,16.868612584926364,41.104628432580256,16.864632211357712,41.10471595316798,16.864645286345713
flow_5_579,41.10478739403432,16.868751657815455,41.10402789318045,16.868612584926364,41.10471595316798,16.864645286345713,41.10482759798206,16.864586998125468
flow_5_580,41.10478739403432,16.868751657815455,41.10402789318045,16.868612584926364,41.10530898236287,16.864507375939425,41.10554708846225,16.864538287566845
flow_5_581,41.10478739403432,16.868751657815455,41.10402789318045,16.868612584926364,41.10912696164381,16.86880864147947,41.10856970665349,16.868667790168395
flow_5_582,41.10478739403432,16.868751657815455,41.10402789318045,16.868612584926364,41.10895239218255,16.86221911717674,41.10894268872457,16.86225659494897
flow_5_583,41.10478739403432,16.868751657815455,41.10402789318045,16.868612584926364,41.10833845965415,16.864946086143913,41.10833200545767,16.864777271379552
flow_5_584,41.10478739403432,16.868751657815455,41.10402789318045,16.868612584926364,41.10824709326599,16.86294433106446,41.10819079997804,16.86228690958613
flow_5_585,41.10478739403432,16.868751657815455,41.10402789318045,16.868612584926364,41.10782776217365,16.86523947757342,41.10785184362109,16.86547667119293
flow_5_586,41.10478739403432,16.868751657815455,41.10402789318045,16.868612584926364,41.10785321351032,16.86554780645669,41.107858556989214,16.86568502986514
flow_5_587,41.10478739403432,16.868751657815455,41.10402789318045,16.868612584926364,41.104613512551694,16.867304504076483,41.10450067190532,16.868197409823733
flow_5_588,41.10478739403432,16.868751657815455,41.10402789318045,16.868612584926364,41.103272808734914,16.86478843229521,41.10326869322043,16.864875721506277
flow_5_589,41.10478739403432,16.868751657815455,41.10402789318045,16.868612584926364,41.10326869322043,16.864875721506277,41.10326306112503,16.86499547697651
flow_5_590,41.10478739403432,16.868751657815455,41.10402789318045,16.868612584926364,41.10585670751274,16.866054557864008,41.10586778387464,16.865926854105435
flow_5_591,41.10478739403432,16.868751657815455,41.10402789318045,16.868612584926364,41.10499011159529,16.86585948824938,41.10483199737708,16.8658838295608
flow_5_592,41.10478739403432,16.868751657815455,41.10402789318045,16.868612584926364,41.10641564822287,16.8613154812676,41.10710483419146,16.861363888027807
flow_5_593,41.10478739403432,16.868751657815455,41.10402789318045,16.868612584926364,41.10914574762715,16.86574982248076,41.10906564507099,16.86691322434958
flow_5_594,41.10478739403432,16.868751657815455,41.10402789318045,16.868612584926364,41.10593974387052,16.86510993658547,41.10637833713364,16.865208689087556
flow_5_595,41.10478739403432,16.868751657815455,41.10402789318045,16.868612584926364,41.10912734733775,16.863063779201443,41.10970529896603,16.86326757450766
flow_5_596,41.10478739403432,16.868751657815455,41.10402789318045,16.868612584926364,41.10724968510657,16.861006427195438,41.10834939661959,16.861073572647502
flow_5_597,41.10478739403432,16.868751657815455,41.10402789318045,16.868612584926364,41.10789333241272,16.86291336901386,41.107812671096845,16.86345068308876
flow_5_598,41.10478739403432,16.868751657815455,41.10402789318045,16.868612584926364,41.10708624166555,16.866809147339314,41.10707862373311,16.86759574699857
flow_5_599,41.10478739403432,16.868751657815455,41.10402789318045,16.868612584926364,41.10793919315882,16.86772898735496,41.10803228893905,16.867731507230168
flow_5_600,41.10478739403432,16.868751657815455,41.10402789318045,16.868612584926364,41.10803228893905,16.867731507230168,41.10843334313823,16.867723226014
flow_5_601,41.10478739403432,16.868751657815455,41.10402789318045,16.868612584926364,41.10928540564486,16.867758931986803,41.11040987403336,16.867987672581428
flow_5_602,41.10478739403432,16.868751657815455,41.10402789318045,16.868612584926364,41.1045372400796,16.865201946666215,41.10454196713804,16.86509359531177
flow_5_603,41.10478739403432,16.868751657815455,41.10402789318045,16.868612584926364,41.11163796896053,16.862535602408425,41.10949006583287,16.860629422625397
flow_5_604,41.10326869322043,16.864875721506277,41.10326306112503,16.86499547697651,41.10561139136639,16.860522875069222,41.10586594045665,16.860740368222224
flow_5_605,41.10326869322043,16.864875721506277,41.10326306112503,16.86499547697651,41.10593006633324,16.86024451803452,41.1061540374003,16.860263940525165
flow_5_606,41.10326869322043,16.864875721506277,41.10326306112503,16.86499547697651,41.10529931263373,16.864197719579735,41.105358063618205,16.8639291776279
flow_5_607,41.10326869322043,16.864875721506277,41.10326306112503,16.86499547697651,41.1094627412817,16.866643418109717,41.109145712663846,16.866535828107896
flow_5_608,41.10326869322043,16.864875721506277,41.10326306112503,16.86499547697651,41.10949006583287,16.860629422625397,41.11163796896053,16.862535602408425
flow_5_609,41.10326869322043,16.864875721506277,41.10326306112503,16.86499547697651,41.1084192109197,16.864915502792314,41.10833845965415,16.864946086143913
flow_5_610,41.10326869322043,16.864875721506277,41.10326306112503,16.86499547697651,41.104628432580256,16.864632211357712,41.10471595316798,16.864645286345713
flow_5_611,41.10326869322043,16.864875721506277,41.10326306112503,16.86499547697651,41.10471595316798,16.864645286345713,41.10482759798206,16.864586998125468
flow_5_612,41.10326869322043,16.864875721506277,41.10326306112503,16.86499547697651,41.10530898236287,16.864507375939425,41.10554708846225,16.864538287566845
flow_5_613,41.10326869322043,16.864875721506277,41.10326306112503,16.86499547697651,41.10912696164381,16.86880864147947,41.10856970665349,16.868667790168395
flow_5_614,41.10326869322043,16.864875721506277,41.10326306112503,16.86499547697651,41.10895239218255,16.86221911717674,41.10894268872457,16.86225659494897
flow_5_615,41.10326869322043,16.864875721506277,41.10326306112503,16.86499547697651,41.10833845965415,16.864946086143913,41.10833200545767,16.864777271379552
flow_5_616,41.10326869322043,16.864875721506277,41.10326306112503,16.86499547697651,41.10824709326599,16.86294433106446,41.10819079997804,16.86228690958613
flow_5_617,41.10326869322043,16.864875721506277,41.10326306112503,16.86499547697651,41.10782776217365,16.86523947757342,41.10785184362109,16.86547667119293
flow_5_618,41.10326869322043,16.864875721506277,41.10326306112503,16.86499547697651,41.10785321351032,16.86554780645669,41.107858556989214,16.86568502986514
flow_5_619,41.10326869322043,16.864875721506277,41.10326306112503,16.86499547697651,41.104613512551694,16.867304504076483,41.10450067190532,16.868197409823733
flow_5_620,41.10326869322043,16.864875721506277,41.10326306112503,16.86499547697651,41.103272808734914,16.86478843229521,41.10326869322043,16.864875721506277
flow_5_621,41.10326869322043,16.864875721506277,41.10326306112503,16.86499547697651,41.10585670751274,16.866054557864008,41.10586778387464,16.865926854105435
flow_5_622,41.10326869322043,16.864875721506277,41.10326306112503,16.86499547697651,41.10499011159529,16.86585948824938,41.10483199737708,16.8658838295608
flow_5_623,41.10326869322043,16.864875721506277,41.10326306112503,16.86499547697651,41.10641564822287,16.8613154812676,41.10710483419146,16.861363888027807
flow_5_624,41.10326869322043,16.864875721506277,41.10326306112503,16.86499547697651,41.10914574762715,16.86574982248076,41.10906564507099,16.86691322434958
flow_5_625,41.10326869322043,16.864875721506277,41.10326306112503,16.86499547697651,41.10593974387052,16.86510993658547,41.10637833713364,16.865208689087556
flow_5_626,41.10326869322043,16.864875721506277,41.10326306112503,16.86499547697651,41.10912734733775,16.863063779201443,41.10970529896603,16.86326757450766
flow_5_627,41.10326869322043,16.864875721506277,41.10326306112503,16.86499547697651,41.10724968510657,16.861006427195438,41.10834939661959,16.861073572647502
flow_5_628,41.10326869322043,16.864875721506277,41.10326306112503,16.86499547697651,41.10789333241272,16.86291336901386,41.107812671096845,16.86345068308876
flow_5_629,41.10326869322043,16.864875721506277,41.10326306112503,16.86499547697651,41.10708624166555,16.866809147339314,41.10707862373311,16.86759574699857
flow_5_630,41.10326869322043,16.864875721506277,41.10326306112503,16.86499547697651,41.10793919315882,16.86772898735496,41.10803228893905,16.867731507230168
flow_5_631,41.10326869322043,16.864875721506277,41.10326306112503,16.86499547697651,41.10803228893905,16.867731507230168,41.10843334313823,16.867723226014
flow_5_632,41.10326869322043,16.864875721506277,41.10326306112503,16.86499547697651,41.10928540564486,16.867758931986803,41.11040987403336,16.867987672581428
flow_5_633,41.10326869322043,16.864875721506277,41.10326306112503,16.86499547697651,41.1045372400796,16.865201946666215,41.10454196713804,16.86509359531177
flow_5_634,41.10326869322043,16.864875721506277,41.10326306112503,16.86499547697651,41.11163796896053,16.862535602408425,41.10949006583287,16.860629422625397
flow_5_635,41.10326306112503,16.86499547697651,41.10325782621505,16.865107384302533,41.10561139136639,16.860522875069222,41.10586594045665,16.860740368222224
flow_5_636,41.10326306112503,16.86499547697651,41.10325782621505,16.865107384302533,41.10593006633324,16.86024451803452,41.1061540374003,16.860263940525165
flow_5_637,41.10326306112503,16.86499547697651,41.10325782621505,16.865107384302533,41.10529931263373,16.864197719579735,41.105358063618205,16.8639291776279
flow_5_638,41.10326306112503,16.86499547697651,41.10325782621505,16.865107384302533,41.1094627412817,16.866643418109717,41.109145712663846,16.866535828107896
flow_5_639,41.10326306112503,16.86499547697651,41.10325782621505,16.865107384302533,41.10949006583287,16.860629422625397,41.11163796896053,16.862535602408425
flow_5_640,41.10326306112503,16.86499547697651,41.10325782621505,16.865107384302533,41.1084192109197,16.864915502792314,41.10833845965415,16.864946086143913
flow_5_641,41.10326306112503,16.86499547697651,41.10325782621505,16.865107384302533,41.104628432580256,16.864632211357712,41.10471595316798,16.864645286345713
flow_5_642,41.10326306112503,16.86499547697651,41.10325782621505,16.865107384302533,41.10471595316798,16.864645286345713,41.10482759798206,16.864586998125468
flow_5_643,41.10326306112503,16.86499547697651,41.10325782621505,16.865107384302533,41.10530898236287,16.864507375939425,41.10554708846225,16.864538287566845
flow_5_644,41.10326306112503,16.86499547697651,41.10325782621505,16.865107384302533,41.10912696164381,16.86880864147947,41.10856970665349,16.868667790168395
flow_5_645,41.10326306112503,16.86499547697651,41.10325782621505,16.865107384302533,41.10895239218255,16.86221911717674,41.10894268872457,16.86225659494897
flow_5_646,41.10326306112503,16.86499547697651,41.10325782621505,16.865107384302533,41.10833845965415,16.864946086143913,41.10833200545767,16.864777271379552
flow_5_647,41.10326306112503,16.86499547697651,41.10325782621505,16.865107384302533,41.10824709326599,16.86294433106446,41.10819079997804,16.86228690958613
flow_5_648,41.10326306112503,16.86499547697651,41.10325782621505,16.865107384302533,41.10782776217365,16.86523947757342,41.10785184362109,16.86547667119293
flow_5_649,41.10326306112503,16.86499547697651,41.10325782621505,16.865107384302533,41.10785321351032,16.86554780645669,41.107858556989214,16.86568502986514
flow_5_650,41.10326306112503,16.86499547697651,41.10325782621505,16.865107384302533,41.104613512551694,16.867304504076483,41.10450067190532,16.868197409823733
flow_5_651,41.10326306112503,16.86499547697651,41.10325782621505,16.865107384302533,41.103272808734914,16.86478843229521,41.10326869322043,16.864875721506277
flow_5_652,41.10326306112503,16.86499547697651,41.10325782621505,16.865107384302533,41.10326869322043,16.864875721506277,41.10326306112503,16.86499547697651
flow_5_653,41.10326306112503,16.86499547697651,41.10325782621505,16.865107384302533,41.10585670751274,16.866054557864008,41.10586778387464,16.865926854105435
flow_5_654,41.10326306112503,16.86499547697651,41.10325782621505,16.865107384302533,41.10499011159529,16.86585948824938,41.10483199737708,16.8658838295608
flow_5_655,41.10326306112503,16.86499547697651,41.10325782621505,16.865107384302533,41.10641564822287,16.8613154812676,41.10710483419146,16.861363888027807
flow_5_656,41.10326306112503,16.86499547697651,41.10325782621505,16.865107384302533,41.10914574762715,16.86574982248076,41.10906564507099,16.86691322434958
flow_5_657,41.10326306112503,16.86499547697651,41.10325782621505,16.865107384302533,41.10593974387052,16.86510993658547,41.10637833713364,16.865208689087556
flow_5_658,41.10326306112503,16.86499547697651,41.10325782621505,16.865107384302533,41.10912734733775,16.863063779201443,41.10970529896603,16.86326757450766
flow_5_659,41.10326306112503,16.86499547697651,41.10325782621505,16.865107384302533,41.10724968510657,16.861006427195438,41.10834939661959,16.861073572647502
flow_5_660,41.10326306112503,16.86499547697651,41.10325782621505,16.865107384302533,41.10789333241272,16.86291336901386,41.107812671096845,16.86345068308876
flow_5_661,41.10326306112503,16.86499547697651,41.10325782621505,16.865107384302533,41.10708624166555,16.866809147339314,41.10707862373311,16.86759574699857
flow_5_662,41.10326306112503,16.86499547697651,41.10325782621505,16.865107384302533,41.10793919315882,16.86772898735496,41.10803228893905,16.867731507230168
flow_5_663,41.10326306112503,16.86499547697651,41.10325782621505,16.865107384302533,41.10803228893905,16.867731507230168,41.10843334313823,16.867723226014
flow_5_664,41.10326306112503,16.86499547697651,41.10325782621505,16.865107384302533,41.10928540564486,16.867758931986803,41.11040987403336,16.867987672581428
flow_5_665,41.10326306112503,16.86499547697651,41.10325782621505,16.865107384302533,41.1045372400796,16.865201946666215,41.10454196713804,16.86509359531177
flow_5_666,41.10326306112503,16.86499547697651,41.10325782621505,16.865107384302533,41.11163796896053,16.862535602408425,41.10949006583287,16.860629422625397
flow_5_667,41.105909683406615,16.8653642871669,41.10593974387052,16.86510993658547,41.10561139136639,16.860522875069222,41.10586594045665,16.860740368222224
flow_5_668,41.105909683406615,16.8653642871669,41.10593974387052,16.86510993658547,41.10593006633324,16.86024451803452,41.1061540374003,16.860263940525165
flow_5_669,41.105909683406615,16.8653642871669,41.10593974387052,16.86510993658547,41.10529931263373,16.864197719579735,41.105358063618205,16.8639291776279
flow_5_670,41.105909683406615,16.8653642871669,41.10593974387052,16.86510993658547,41.1094627412817,16.866643418109717,41.109145712663846,16.866535828107896
flow_5_671,41.105909683406615,16.8653642871669,41.10593974387052,16.86510993658547,41.10949006583287,16.860629422625397,41.11163796896053,16.862535602408425
flow_5_672,41.105909683406615,16.8653642871669,41.10593974387052,16.86510993658547,41.1084192109197,16.864915502792314,41.10833845965415,16.864946086143913
flow_5_673,41.105909683406615,16.8653642871669,41.10593974387052,16.86510993658547,41.104628432580256,16.864632211357712,41.10471595316798,16.864645286345713
flow_5_674,41.105909683406615,16.8653642871669,41.10593974387052,16.86510993658547,41.10471595316798,16.864645286345713,41.10482759798206,16.864586998125468
flow_5_675,41.105909683406615,16.8653642871669,41.10593974387052,16.86510993658547,41.10530898236287,16.864507375939425,41.10554708846225,16.864538287566845
flow_5_676,41.105909683406615,16.8653642871669,41.10593974387052,16.86510993658547,41.10912696164381,16.86880864147947,41.10856970665349,16.868667790168395
flow_5_677,41.105909683406615,16.8653642871669,41.10593974387052,16.86510993658547,41.10895239218255,16.86221911717674,41.10894268872457,16.86225659494897
flow_5_678,41.105909683406615,16.8653642871669,41.10593974387052,16.86510993658547,41.10833845965415,16.864946086143913,41.10833200545767,16.864777271379552
flow_5_679,41.105909683406615,16.8653642871669,41.10593974387052,16.86510993658547,41.10824709326599,16.86294433106446,41.10819079997804,16.86228690958613
flow_5_680,41.105909683406615,16.8653642871669,41.10593974387052,16.86510993658547,41.10782776217365,16.86523947757342,41.10785184362109,16.86547667119293
flow_5_681,41.105909683406615,16.8653642871669,41.10593974387052,16.86510993658547,41.10785321351032,16.86554780645669,41.107858556989214,16.86568502986514
flow_5_682,41.105909683406615,16.8653642871669,41.10593974387052,16.86510993658547,41.104613512551694,16.867304504076483,41.10450067190532,16.868197409823733
flow_5_683,41.105909683406615,16.8653642871669,41.10593974387052,16.86510993658547,41.103272808734914,16.86478843229521,41.10326869322043,16.864875721506277
flow_5_684,41.105909683406615,16.8653642871669,41.10593974387052,16.86510993658547,41.10326869322043,16.864875721506277,41.10326306112503,16.86499547697651
flow_5_685,41.105909683406615,16.8653642871669,41.10593974387052,16.86510993658547,41.10585670751274,16.866054557864008,41.10586778387464,16.865926854105435
flow_5_686,41.105909683406615,16.8653642871669,41.10593974387052,16.86510993658547,41.10499011159529,16.86585948824938,41.10483199737708,16.8658838295608
flow_5_687,41.105909683406615,16.8653642871669,41.10593974387052,16.86510993658547,41.10641564822287,16.8613154812676,41.10710483419146,16.861363888027807
flow_5_688,41.105909683406615,16.8653642871669,41.10593974387052,16.86510993658547,41.10914574762715,16.86574982248076,41.10906564507099,16.86691322434958
flow_5_689,41.105909683406615,16.8653642871669,41.10593974387052,16.86510993658547,41.10593974387052,16.86510993658547,41.10637833713364,16.865208689087556
flow_5_690,41.105909683406615,16.8653642871669,41.10593974387052,16.86510993658547,41.10912734733775,16.863063779201443,41.10970529896603,16.86326757450766
flow_5_691,41.105909683406615,16.8653642871669,41.10593974387052,16.86510993658547,41.10724968510657,16.861006427195438,41.10834939661959,16.861073572647502
flow_5_692,41.105909683406615,16.8653642871669,41.10593974387052,16.86510993658547,41.10789333241272,16.86291336901386,41.107812671096845,16.86345068308876
flow_5_693,41.105909683406615,16.8653642871669,41.10593974387052,16.86510993658547,41.10708624166555,16.866809147339314,41.10707862373311,16.86759574699857
flow_5_694,41.105909683406615,16.8653642871669,41.10593974387052,16.86510993658547,41.10793919315882,16.86772898735496,41.10803228893905,16.867731507230168
flow_5_695,41.105909683406615,16.8653642871669,41.10593974387052,16.86510993658547,41.10803228893905,16.867731507230168,41.10843334313823,16.867723226014
flow_5_696,41.105909683406615,16.8653642871669,41.10593974387052,16.86510993658547,41.10928540564486,16.867758931986803,41.11040987403336,16.867987672581428
flow_5_697,41.105909683406615,16.8653642871669,41.10593974387052,16.86510993658547,41.1045372400796,16.865201946666215,41.10454196713804,16.86509359531177
flow_5_698,41.105909683406615,16.8653642871669,41.10593974387052,16.86510993658547,41.11163796896053,16.862535602408425,41.10949006583287,16.860629422625397
flow_5_699,41.107240967667735,16.861373092686122,41.10724968510657,16.861006427195438,41.10561139136639,16.860522875069222,41.10586594045665,16.860740368222224
flow_5_700,41.107240967667735,16.861373092686122,41.10724968510657,16.861006427195438,41.10593006633324,16.86024451803452,41.1061540374003,16.860263940525165
flow_5_701,41.107240967667735,16.861373092686122,41.10724968510657,16.861006427195438,41.10529931263373,16.864197719579735,41.105358063618205,16.8639291776279
flow_5_702,41.107240967667735,16.861373092686122,41.10724968510657,16.861006427195438,41.1094627412817,16.866643418109717,41.109145712663846,16.866535828107896
flow_5_703,41.107240967667735,16.861373092686122,41.10724968510657,16.861006427195438,41.10949006583287,16.860629422625397,41.11163796896053,16.862535602408425
flow_5_704,41.107240967667735,16.861373092686122,41.10724968510657,16.861006427195438,41.1084192109197,16.864915502792314,41.10833845965415,16.864946086143913
flow_5_705,41.107240967667735,16.861373092686122,41.10724968510657,16.861006427195438,41.104628432580256,16.864632211357712,41.10471595316798,16.864645286345713
flow_5_706,41.107240967667735,16.861373092686122,41.10724968510657,16.861006427195438,41.10471595316798,16.864645286345713,41.10482759798206,16.864586998125468
flow_5_707,41.107240967667735,16.861373092686122,41.10724968510657,16.861006427195438,41.10530898236287,16.864507375939425,41.10554708846225,16.864538287566845
flow_5_708,41.107240967667735,16.861373092686122,41.10724968510657,16.861006427195438,41.10912696164381,16.86880864147947,41.10856970665349,16.868667790168395
flow_5_709,41.107240967667735,16.861373092686122,41.10724968510657,16.861006427195438,41.10895239218255,16.86221911717674,41.10894268872457,16.86225659494897
flow_5_710,41.107240967667735,16.861373092686122,41.10724968510657,16.861006427195438,41.10833845965415,16.864946086143913,41.10833200545767,16.864777271379552
flow_5_711,41.107240967667735,16.861373092686122,41.10724968510657,16.861006427195438,41.10824709326599,16.86294433106446,41.10819079997804,16.86228690958613
flow_5_712,41.107240967667735,16.861373092686122,41.10724968510657,16.861006427195438,41.10782776217365,16.86523947757342,41.10785184362109,16.86547667119293
flow_5_713,41.107240967667735,16.861373092686122,41.10724968510657,16.861006427195438,41.10785321351032,16.86554780645669,41.107858556989214,16.86568502986514
flow_5_714,41.107240967667735,16.861373092686122,41.10724968510657,16.861006427195438,41.104613512551694,16.867304504076483,41.10450067190532,16.868197409823733
flow_5_715,41.107240967667735,16.861373092686122,41.10724968510657,16.861006427195438,41.103272808734914,16.86478843229521,41.10326869322043,16.864875721506277
flow_5_716,41.107240967667735,16.861373092686122,41.10724968510657,16.861006427195438,41.10326869322043,16.864875721506277,41.10326306112503,16.86499547697651
flow_5_717,41.107240967667735,16.861373092686122,41.10724968510657,16.861006427195438,41.10585670751274,16.866054557864008,41.10586778387464,16.865926854105435
flow_5_718,41.107240967667735,16.861373092686122,41.10724968510657,16.861006427195438,41.10499011159529,16.86585948824938,41.10483199737708,16.8658838295608
flow_5_719,41.107240967667735,16.861373092686122,41.10724968510657,16.861006427195438,41.10641564822287,16.8613154812676,41.10710483419146,16.861363888027807
flow_5_720,41.107240967667735,16.861373092686122,41.10724968510657,16.861006427195438,41.10914574762715,16.86574982248076,41.10906564507099,16.86691322434958
flow_5_721,41.107240967667735,16.861373092686122,41.10724968510657,16.861006427195438,41.10593974387052,16.86510993658547,41.10637833713364,16.865208689087556
flow_5_722,41.107240967667735,16.861373092686122,41.10724968510657,16.861006427195438,41.10912734733775,16.863063779201443,41.10970529896603,16.86326757450766
flow_5_723,41.107240967667735,16.861373092686122,41.10724968510657,16.861006427195438,41.10724968510657,16.861006427195438,41.10834939661959,16.861073572647502
flow_5_724,41.107240967667735,16.861373092686122,41.10724968510657,16.861006427195438,41.10789333241272,16.86291336901386,41.107812671096845,16.86345068308876
flow_5_725,41.107240967667735,16.861373092686122,41.10724968510657,16.861006427195438,41.10708624166555,16.866809147339314,41.10707862373311,16.86759574699857
flow_5_726,41.107240967667735,16.861373092686122,41.10724968510657,16.861006427195438,41.10793919315882,16.86772898735496,41.10803228893905,16.867731507230168
flow_5_727,41.107240967667735,16.861373092686122,41.10724968510657,16.861006427195438,41.10803228893905,16.867731507230168,41.10843334313823,16.867723226014
flow_5_728,41.107240967667735,16.861373092686122,41.10724968510657,16.861006427195438,41.10928540564486,16.867758931986803,41.11040987403336,16.867987672581428
flow_5_729,41.107240967667735,16.861373092686122,41.10724968510657,16.861006427195438,41.1045372400796,16.865201946666215,41.10454196713804,16.86509359531177
flow_5_730,41.107240967667735,16.861373092686122,41.10724968510657,16.861006427195438,41.11163796896053,16.862535602408425,41.10949006583287,16.860629422625397
flow_5_731,41.10724968510657,16.861006427195438,41.10834939661959,16.861073572647502,41.10561139136639,16.860522875069222,41.10586594045665,16.860740368222224
flow_5_732,41.10724968510657,16.861006427195438,41.10834939661959,16.861073572647502,41.10593006633324,16.86024451803452,41.1061540374003,16.860263940525165
flow_5_733,41.10724968510657,16.861006427195438,41.10834939661959,16.861073572647502,41.10529931263373,16.864197719579735,41.105358063618205,16.8639291776279
flow_5_734,41.10724968510657,16.861006427195438,41.10834939661959,16.861073572647502,41.1094627412817,16.866643418109717,41.109145712663846,16.866535828107896
flow_5_735,41.10724968510657,16.861006427195438,41.10834939661959,16.861073572647502,41.10949006583287,16.860629422625397,41.11163796896053,16.862535602408425
flow_5_736,41.10724968510657,16.861006427195438,41.10834939661959,16.861073572647502,41.1084192109197,16.864915502792314,41.10833845965415,16.864946086143913
flow_5_737,41.10724968510657,16.861006427195438,41.10834939661959,16.861073572647502,41.104628432580256,16.864632211357712,41.10471595316798,16.864645286345713
flow_5_738,41.10724968510657,16.861006427195438,41.10834939661959,16.861073572647502,41.10471595316798,16.864645286345713,41.10482759798206,16.864586998125468
flow_5_739,41.10724968510657,16.861006427195438,41.10834939661959,16.861073572647502,41.10530898236287,16.864507375939425,41.10554708846225,16.864538287566845
flow_5_740,41.10724968510657,16.861006427195438,41.10834939661959,16.861073572647502,41.10912696164381,16.86880864147947,41.10856970665349,16.868667790168395
flow_5_741,41.10724968510657,16.861006427195438,41.10834939661959,16.861073572647502,41.10895239218255,16.86221911717674,41.10894268872457,16.86225659494897
flow_5_742,41.10724968510657,16.861006427195438,41.10834939661959,16.861073572647502,41.10833845965415,16.864946086143913,41.10833200545767,16.864777271379552
flow_5_743,41.10724968510657,16.861006427195438,41.10834939661959,16.861073572647502,41.10824709326599,16.86294433106446,41.10819079997804,16.86228690958613
flow_5_744,41.10724968510657,16.861006427195438,41.10834939661959,16.861073572647502,41.10782776217365,16.86523947757342,41.10785184362109,16.86547667119293
flow_5_745,41.10724968510657,16.861006427195438,41.10834939661959,16.861073572647502,41.10785321351032,16.86554780645669,41.107858556989214,16.86568502986514
flow_5_746,41.10724968510657,16.861006427195438,41.10834939661959,16.861073572647502,41.104613512551694,16.867304504076483,41.10450067190532,16.868197409823733
flow_5_747,41.10724968510657,16.861006427195438,41.10834939661959,16.861073572647502,41.103272808734914,16.86478843229521,41.10326869322043,16.864875721506277
flow_5_748,41.10724968510657,16.861006427195438,41.10834939661959,16.861073572647502,41.10326869322043,16.864875721506277,41.10326306112503,16.86499547697651
flow_5_749,41.10724968510657,16.861006427195438,41.10834939661959,16.861073572647502,41.10585670751274,16.866054557864008,41.10586778387464,16.865926854105435
flow_5_750,41.10724968510657,16.861006427195438,41.10834939661959,16.861073572647502,41.10499011159529,16.86585948824938,41.10483199737708,16.8658838295608
flow_5_751,41.10724968510657,16.861006427195438,41.10834939661959,16.861073572647502,41.10641564822287,16.8613154812676,41.10710483419146,16.861363888027807
flow_5_752,41.10724968510657,16.861006427195438,41.10834939661959,16.861073572647502,41.10914574762715,16.86574982248076,41.10906564507099,16.86691322434958
flow_5_753,41.10724968510657,16.861006427195438,41.10834939661959,16.861073572647502,41.10593974387052,16.86510993658547,41.10637833713364,16.865208689087556
flow_5_754,41.10724968510657,16.861006427195438,41.10834939661959,16.861073572647502,41.10912734733775,16.863063779201443,41.10970529896603,16.86326757450766
flow_5_755,41.10724968510657,16.861006427195438,41.10834939661959,16.861073572647502,41.10789333241272,16.86291336901386,41.107812671096845,16.86345068308876
flow_5_756,41.10724968510657,16.861006427195438,41.10834939661959,16.861073572647502,41.10708624166555,16.866809147339314,41.10707862373311,16.86759574699857
flow_5_757,41.10724968510657,16.861006427195438,41.10834939661959,16.861073572647502,41.10793919315882,16.86772898735496,41.10803228893905,16.867731507230168
flow_5_758,41.10724968510657,16.861006427195438,41.10834939661959,16.861073572647502,41.10803228893905,16.867731507230168,41.10843334313823,16.867723226014
flow_5_759,41.10724968510657,16.861006427195438,41.10834939661959,16.861073572647502,41.10928540564486,16.867758931986803,41.11040987403336,16.867987672581428
flow_5_760,41.10724968510657,16.861006427195438,41.10834939661959,16.861073572647502,41.1045372400796,16.865201946666215,41.10454196713804,16.86509359531177
flow_5_761,41.10724968510657,16.861006427195438,41.10834939661959,16.861073572647502,41.11163796896053,16.862535602408425,41.10949006583287,16.860629422625397
flow_5_762,41.10801703154833,16.86224329394429,41.10789333241272,16.86291336901386,41.10561139136639,16.860522875069222,41.10586594045665,16.860740368222224
flow_5_763,41.10801703154833,16.86224329394429,41.10789333241272,16.86291336901386,41.10593006633324,16.86024451803452,41.1061540374003,16.860263940525165
flow_5_764,41.10801703154833,16.86224329394429,41.10789333241272,16.86291336901386,41.10529931263373,16.864197719579735,41.105358063618205,16.8639291776279
flow_5_765,41.10801703154833,16.86224329394429,41.10789333241272,16.86291336901386,41.1094627412817,16.866643418109717,41.109145712663846,16.866535828107896
flow_5_766,41.10801703154833,16.86224329394429,41.10789333241272,16.86291336901386,41.10949006583287,16.860629422625397,41.11163796896053,16.862535602408425
flow_5_767,41.10801703154833,16.86224329394429,41.10789333241272,16.86291336901386,41.1084192109197,16.864915502792314,41.10833845965415,16.864946086143913
flow_5_768,41.10801703154833,16.86224329394429,41.10789333241272,16.86291336901386,41.104628432580256,16.864632211357712,41.10471595316798,16.864645286345713
flow_5_769,41.10801703154833,16.86224329394429,41.10789333241272,16.86291336901386,41.10471595316798,16.864645286345713,41.10482759798206,16.864586998125468
flow_5_770,41.10801703154833,16.86224329394429,41.10789333241272,16.86291336901386,41.10530898236287,16.864507375939425,41.10554708846225,16.864538287566845
flow_5_771,41.10801703154833,16.86224329394429,41.10789333241272,16.86291336901386,41.10912696164381,16.86880864147947,41.10856970665349,16.868667790168395
flow_5_772,41.10801703154833,16.86224329394429,41.10789333241272,16.86291336901386,41.10895239218255,16.86221911717674,41.10894268872457,16.86225659494897
flow_5_773,41.10801703154833,16.86224329394429,41.10789333241272,16.86291336901386,41.10833845965415,16.864946086143913,41.10833200545767,16.864777271379552
flow_5_774,41.10801703154833,16.86224329394429,41.10789333241272,16.86291336901386,41.10824709326599,16.86294433106446,41.10819079997804,16.86228690958613
flow_5_775,41.10801703154833,16.86224329394429,41.10789333241272,16.86291336901386,41.10782776217365,16.86523947757342,41.10785184362109,16.86547667119293
flow_5_776,41.10801703154833,16.86224329394429,41.10789333241272,16.86291336901386,41.10785321351032,16.86554780645669,41.107858556989214,16.86568502986514
flow_5_777,41.10801703154833,16.86224329394429,41.10789333241272,16.86291336901386,41.104613512551694,16.867304504076483,41.10450067190532,16.868197409823733
flow_5_778,41.10801703154833,16.86224329394429,41.10789333241272,16.86291336901386,41.103272808734914,16.86478843229521,41.10326869322043,16.864875721506277
flow_5_779,41.10801703154833,16.86224329394429,41.10789333241272,16.86291336901386,41.10326869322043,16.864875721506277,41.10326306112503,16.86499547697651
flow_5_780,41.10801703154833,16.86224329394429,41.10789333241272,16.86291336901386,41.10585670751274,16.866054557864008,41.10586778387464,16.865926854105435
flow_5_781,41.10801703154833,16.86224329394429,41.10789333241272,16.86291336901386,41.10499011159529,16.86585948824938,41.10483199737708,16.8658838295608
flow_5_782,41.10801703154833,16.86224329394429,41.10789333241272,16.86291336901386,41.10641564822287,16.8613154812676,41.10710483419146,16.861363888027807
flow_5_783,41.10801703154833,16.86224329394429,41.10789333241272,16.86291336901386,41.10914574762715,16.86574982248076,41.10906564507099,16.86691322434958
flow_5_784,41.10801703154833,16.86224329394429,41.10789333241272,16.86291336901386,41.10593974387052,16.86510993658547,41.10637833713364,16.865208689087556
flow_5_785,41.10801703154833,16.86224329394429,41.10789333241272,16.86291336901386,41.10912734733775,16.863063779201443,41.10970529896603,16.86326757450766
flow_5_786,41.10801703154833,16.86224329394429,41.10789333241272,16.86291336901386,41.10724968510657,16.861006427195438,41.10834939661959,16.861073572647502
flow_5_787,41.10801703154833,16.86224329394429,41.10789333241272,16.86291336901386,41.10789333241272,16.86291336901386,41.107812671096845,16.86345068308876
flow_5_788,41.10801703154833,16.86224329394429,41.10789333241272,16.86291336901386,41.10708624166555,16.866809147339314,41.10707862373311,16.86759574699857
flow_5_789,41.10801703154833,16.86224329394429,41.10789333241272,16.86291336901386,41.10793919315882,16.86772898735496,41.10803228893905,16.867731507230168
flow_5_790,41.10801703154833,16.86224329394429,41.10789333241272,16.86291336901386,41.10803228893905,16.867731507230168,41.10843334313823,16.867723226014
flow_5_791,41.10801703154833,16.86224329394429,41.10789333241272,16.86291336901386,41.10928540564486,16.867758931986803,41.11040987403336,16.867987672581428
flow_5_792,41.10801703154833,16.86224329394429,41.10789333241272,16.86291336901386,41.1045372400796,16.865201946666215,41.10454196713804,16.86509359531177
flow_5_793,41.10801703154833,16.86224329394429,41.10789333241272,16.86291336901386,41.11163796896053,16.862535602408425,41.10949006583287,16.860629422625397
flow_5_794,41.10708624166555,16.866809147339314,41.10707862373311,16.86759574699857,41.10561139136639,16.860522875069222,41.10586594045665,16.860740368222224
flow_5_795,41.10708624166555,16.866809147339314,41.10707862373311,16.86759574699857,41.10593006633324,16.86024451803452,41.1061540374003,16.860263940525165
flow_5_796,41.10708624166555,16.866809147339314,41.10707862373311,16.86759574699857,41.10529931263373,16.864197719579735,41.105358063618205,16.8639291776279
flow_5_797,41.10708624166555,16.866809147339314,41.10707862373311,16.86759574699857,41.1094627412817,16.866643418109717,41.109145712663846,16.866535828107896
flow_5_798,41.10708624166555,16.866809147339314,41.10707862373311,16.86759574699857,41.10949006583287,16.860629422625397,41.11163796896053,16.862535602408425
flow_5_799,41.10708624166555,16.866809147339314,41.10707862373311,16.86759574699857,41.1084192109197,16.864915502792314,41.10833845965415,16.864946086143913
flow_5_800,41.10708624166555,16.866809147339314,41.10707862373311,16.86759574699857,41.104628432580256,16.864632211357712,41.10471595316798,16.864645286345713
flow_5_801,41.10708624166555,16.866809147339314,41.10707862373311,16.86759574699857,41.10471595316798,16.864645286345713,41.10482759798206,16.864586998125468
flow_5_802,41.10708624166555,16.866809147339314,41.10707862373311,16.86759574699857,41.10530898236287,16.864507375939425,41.10554708846225,16.864538287566845
flow_5_803,41.10708624166555,16.866809147339314,41.10707862373311,16.86759574699857,41.10912696164381,16.86880864147947,41.10856970665349,16.868667790168395
flow_5_804,41.10708624166555,16.866809147339314,41.10707862373311,16.86759574699857,41.10895239218255,16.86221911717674,41.10894268872457,16.86225659494897
flow_5_805,41.10708624166555,16.866809147339314,41.10707862373311,16.86759574699857,41.10833845965415,16.864946086143913,41.10833200545767,16.864777271379552
flow_5_806,41.10708624166555,16.866809147339314,41.10707862373311,16.86759574699857,41.10824709326599,16.86294433106446,41.10819079997804,16.86228690958613
flow_5_807,41.10708624166555,16.866809147339314,41.10707862373311,16.86759574699857,41.10782776217365,16.86523947757342,41.10785184362109,16.86547667119293
flow_5_808,41.10708624166555,16.866809147339314,41.10707862373311,16.86759574699857,41.10785321351032,16.86554780645669,41.107858556989214,16.86568502986514
flow_5_809,41.10708624166555,16.866809147339314,41.10707862373311,16.86759574699857,41.104613512551694,16.867304504076483,41.10450067190532,16.868197409823733
flow_5_810,41.10708624166555,16.866809147339314,41.10707862373311,16.86759574699857,41.103272808734914,16.86478843229521,41.10326869322043,16.864875721506277
flow_5_811,41.10708624166555,16.866809147339314,41.10707862373311,16.86759574699857,41.10326869322043,16.864875721506277,41.10326306112503,16.86499547697651
flow_5_812,41.10708624166555,16.866809147339314,41.10707862373311,16.86759574699857,41.10585670751274,16.866054557864008,41.10586778387464,16.865926854105435
flow_5_813,41.10708624166555,16.866809147339314,41.10707862373311,16.86759574699857,41.10499011159529,16.86585948824938,41.10483199737708,16.8658838295608
flow_5_814,41.10708624166555,16.866809147339314,41.10707862373311,16.86759574699857,41.10641564822287,16.8613154812676,41.10710483419146,16.861363888027807
flow_5_815,41.10708624166555,16.866809147339314,41.10707862373311,16.86759574699857,41.10914574762715,16.86574982248076,41.10906564507099,16.86691322434958
flow_5_816,41.10708624166555,16.866809147339314,41.10707862373311,16.86759574699857,41.10593974387052,16.86510993658547,41.10637833713364,16.865208689087556
flow_5_817,41.10708624166555,16.866809147339314,41.10707862373311,16.86759574699857,41.10912734733775,16.863063779201443,41.10970529896603,16.86326757450766
flow_5_818,41.10708624166555,16.866809147339314,41.10707862373311,16.86759574699857,41.10724968510657,16.861006427195438,41.10834939661959,16.861073572647502
flow_5_819,41.10708624166555,16.866809147339314,41.10707862373311,16.86759574699857,41.10789333241272,16.86291336901386,41.107812671096845,16.86345068308876
flow_5_820,41.10708624166555,16.866809147339314,41.10707862373311,16.86759574699857,41.10793919315882,16.86772898735496,41.10803228893905,16.867731507230168
flow_5_821,41.10708624166555,16.866809147339314,41.10707862373311,16.86759574699857,41.10803228893905,16.867731507230168,41.10843334313823,16.867723226014
flow_5_822,41.10708624166555,16.866809147339314,41.10707862373311,16.86759574699857,41.10928540564486,16.867758931986803,41.11040987403336,16.867987672581428
flow_5_823,41.10708624166555,16.866809147339314,41.10707862373311,16.86759574699857,41.1045372400796,16.865201946666215,41.10454196713804,16.86509359531177
flow_5_824,41.10708624166555,16.866809147339314,41.10707862373311,16.86759574699857,41.11163796896053,16.862535602408425,41.10949006583287,16.860629422625397
flow_5_825,41.10709266966386,16.86613457574556,41.10708624166555,16.866809147339314,41.10561139136639,16.860522875069222,41.10586594045665,16.860740368222224
flow_5_826,41.10709266966386,16.86613457574556,41.10708624166555,16.866809147339314,41.10593006633324,16.86024451803452,41.1061540374003,16.860263940525165
flow_5_827,41.10709266966386,16.86613457574556,41.10708624166555,16.866809147339314,41.10529931263373,16.864197719579735,41.105358063618205,16.8639291776279
flow_5_828,41.10709266966386,16.86613457574556,41.10708624166555,16.866809147339314,41.1094627412817,16.866643418109717,41.109145712663846,16.866535828107896
flow_5_829,41.10709266966386,16.86613457574556,41.10708624166555,16.866809147339314,41.10949006583287,16.860629422625397,41.11163796896053,16.862535602408425
flow_5_830,41.10709266966386,16.86613457574556,41.10708624166555,16.866809147339314,41.1084192109197,16.864915502792314,41.10833845965415,16.864946086143913
flow_5_831,41.10709266966386,16.86613457574556,41.10708624166555,16.866809147339314,41.104628432580256,16.864632211357712,41.10471595316798,16.864645286345713
flow_5_832,41.10709266966386,16.86613457574556,41.10708624166555,16.866809147339314,41.10471595316798,16.864645286345713,41.10482759798206,16.864586998125468
flow_5_833,41.10709266966386,16.86613457574556,41.10708624166555,16.866809147339314,41.10530898236287,16.864507375939425,41.10554708846225,16.864538287566845
flow_5_834,41.10709266966386,16.86613457574556,41.10708624166555,16.866809147339314,41.10912696164381,16.86880864147947,41.10856970665349,16.868667790168395
flow_5_835,41.10709266966386,16.86613457574556,41.10708624166555,16.866809147339314,41.10895239218255,16.86221911717674,41.10894268872457,16.86225659494897
flow_5_836,41.10709266966386,16.86613457574556,41.10708624166555,16.866809147339314,41.10833845965415,16.864946086143913,41.10833200545767,16.864777271379552
flow_5_837,41.10709266966386,16.86613457574556,41.10708624166555,16.866809147339314,41.10824709326599,16.86294433106446,41.10819079997804,16.86228690958613
flow_5_838,41.10709266966386,16.86613457574556,41.10708624166555,16.866809147339314,41.10782776217365,16.86523947757342,41.10785184362109,16.86547667119293
flow_5_839,41.10709266966386,16.86613457574556,41.10708624166555,16.866809147339314,41.10785321351032,16.86554780645669,41.107858556989214,16.86568502986514
flow_5_840,41.10709266966386,16.86613457574556,41.10708624166555,16.866809147339314,41.104613512551694,16.867304504076483,41.10450067190532,16.868197409823733
flow_5_841,41.10709266966386,16.86613457574556,41.10708624166555,16.866809147339314,41.103272808734914,16.86478843229521,41.10326869322043,16.864875721506277
flow_5_842,41.10709266966386,16.86613457574556,41.10708624166555,16.866809147339314,41.10326869322043,16.864875721506277,41.10326306112503,16.86499547697651
flow_5_843,41.10709266966386,16.86613457574556,41.10708624166555,16.866809147339314,41.10585670751274,16.866054557864008,41.10586778387464,16.865926854105435
flow_5_844,41.10709266966386,16.86613457574556,41.10708624166555,16.866809147339314,41.10499011159529,16.86585948824938,41.10483199737708,16.8658838295608
flow_5_845,41.10709266966386,16.86613457574556,41.10708624166555,16.866809147339314,41.10641564822287,16.8613154812676,41.10710483419146,16.861363888027807
flow_5_846,41.10709266966386,16.86613457574556,41.10708624166555,16.866809147339314,41.10914574762715,16.86574982248076,41.10906564507099,16.86691322434958
flow_5_847,41.10709266966386,16.86613457574556,41.10708624166555,16.866809147339314,41.10593974387052,16.86510993658547,41.10637833713364,16.865208689087556
flow_5_848,41.10709266966386,16.86613457574556,41.10708624166555,16.866809147339314,41.10912734733775,16.863063779201443,41.10970529896603,16.86326757450766
flow_5_849,41.10709266966386,16.86613457574556,41.10708624166555,16.866809147339314,41.10724968510657,16.861006427195438,41.10834939661959,16.861073572647502
flow_5_850,41.10709266966386,16.86613457574556,41.10708624166555,16.866809147339314,41.10789333241272,16.86291336901386,41.107812671096845,16.86345068308876
flow_5_851,41.10709266966386,16.86613457574556,41.10708624166555,16.866809147339314,41.10708624166555,16.866809147339314,41.10707862373311,16.86759574699857
flow_5_852,41.10709266966386,16.86613457574556,41.10708624166555,16.866809147339314,41.10793919315882,16.86772898735496,41.10803228893905,16.867731507230168
flow_5_853,41.10709266966386,16.86613457574556,41.10708624166555,16.866809147339314,41.10803228893905,16.867731507230168,41.10843334313823,16.867723226014
flow_5_854,41.10709266966386,16.86613457574556,41.10708624166555,16.866809147339314,41.10928540564486,16.867758931986803,41.11040987403336,16.867987672581428
flow_5_855,41.10709266966386,16.86613457574556,41.10708624166555,16.866809147339314,41.1045372400796,16.865201946666215,41.10454196713804,16.86509359531177
flow_5_856,41.10709266966386,16.86613457574556,41.10708624166555,16.866809147339314,41.11163796896053,16.862535602408425,41.10949006583287,16.860629422625397
flow_5_857,41.10773626939936,16.865332635383478,41.10782776217365,16.86523947757342,41.10561139136639,16.860522875069222,41.10586594045665,16.860740368222224
flow_5_858,41.10773626939936,16.865332635383478,41.10782776217365,16.86523947757342,41.10593006633324,16.86024451803452,41.1061540374003,16.860263940525165
flow_5_859,41.10773626939936,16.865332635383478,41.10782776217365,16.86523947757342,41.10529931263373,16.864197719579735,41.105358063618205,16.8639291776279
flow_5_860,41.10773626939936,16.865332635383478,41.10782776217365,16.86523947757342,41.1094627412817,16.866643418109717,41.109145712663846,16.866535828107896
flow_5_861,41.10773626939936,16.865332635383478,41.10782776217365,16.86523947757342,41.10949006583287,16.860629422625397,41.11163796896053,16.862535602408425
flow_5_862,41.10773626939936,16.865332635383478,41.10782776217365,16.86523947757342,41.1084192109197,16.864915502792314,41.10833845965415,16.864946086143913
flow_5_863,41.10773626939936,16.865332635383478,41.10782776217365,16.86523947757342,41.104628432580256,16.864632211357712,41.10471595316798,16.864645286345713
flow_5_864,41.10773626939936,16.865332635383478,41.10782776217365,16.86523947757342,41.10471595316798,16.864645286345713,41.10482759798206,16.864586998125468
flow_5_865,41.10773626939936,16.865332635383478,41.10782776217365,16.86523947757342,41.10530898236287,16.864507375939425,41.10554708846225,16.864538287566845
flow_5_866,41.10773626939936,16.865332635383478,41.10782776217365,16.86523947757342,41.10912696164381,16.86880864147947,41.10856970665349,16.868667790168395
flow_5_867,41.10773626939936,16.865332635383478,41.10782776217365,16.86523947757342,41.10895239218255,16.86221911717674,41.10894268872457,16.86225659494897
flow_5_868,41.10773626939936,16.865332635383478,41.10782776217365,16.86523947757342,41.10833845965415,16.864946086143913,41.10833200545767,16.864777271379552
flow_5_869,41.10773626939936,16.865332635383478,41.10782776217365,16.86523947757342,41.10824709326599,16.86294433106446,41.10819079997804,16.86228690958613
flow_5_870,41.10773626939936,16.865332635383478,41.10782776217365,16.86523947757342,41.10782776217365,16.86523947757342,41.10785184362109,16.86547667119293
flow_5_871,41.10773626939936,16.865332635383478,41.10782776217365,16.86523947757342,41.10785321351032,16.86554780645669,41.107858556989214,16.86568502986514
flow_5_872,41.10773626939936,16.865332635383478,41.10782776217365,16.86523947757342,41.104613512551694,16.867304504076483,41.10450067190532,16.868197409823733
flow_5_873,41.10773626939936,16.865332635383478,41.10782776217365,16.86523947757342,41.103272808734914,16.86478843229521,41.10326869322043,16.864875721506277
flow_5_874,41.10773626939936,16.865332635383478,41.10782776217365,16.86523947757342,41.10326869322043,16.864875721506277,41.10326306112503,16.86499547697651
flow_5_875,41.10773626939936,16.865332635383478,41.10782776217365,16.86523947757342,41.10585670751274,16.866054557864008,41.10586778387464,16.865926854105435
flow_5_876,41.10773626939936,16.865332635383478,41.10782776217365,16.86523947757342,41.10499011159529,16.86585948824938,41.10483199737708,16.8658838295608
flow_5_877,41.10773626939936,16.865332635383478,41.10782776217365,16.86523947757342,41.10641564822287,16.8613154812676,41.10710483419146,16.861363888027807
flow_5_878,41.10773626939936,16.865332635383478,41.10782776217365,16.86523947757342,41.10914574762715,16.86574982248076,41.10906564507099,16.86691322434958
flow_5_879,41.10773626939936,16.865332635383478,41.10782776217365,16.86523947757342,41.10593974387052,16.86510993658547,41.10637833713364,16.865208689087556
flow_5_880,41.10773626939936,16.865332635383478,41.10782776217365,16.86523947757342,41.10912734733775,16.863063779201443,41.10970529896603,16.86326757450766
flow_5_881,41.10773626939936,16.865332635383478,41.10782776217365,16.86523947757342,41.10724968510657,16.861006427195438,41.10834939661959,16.861073572647502
flow_5_882,41.10773626939936,16.865332635383478,41.10782776217365,16.86523947757342,41.10789333241272,16.86291336901386,41.107812671096845,16.86345068308876
flow_5_883,41.10773626939936,16.865332635383478,41.10782776217365,16.86523947757342,41.10708624166555,16.866809147339314,41.10707862373311,16.86759574699857
flow_5_884,41.10773626939936,16.865332635383478,41.10782776217365,16.86523947757342,41.10793919315882,16.86772898735496,41.10803228893905,16.867731507230168
flow_5_885,41.10773626939936,16.865332635383478,41.10782776217365,16.86523947757342,41.10803228893905,16.867731507230168,41.10843334313823,16.867723226014
flow_5_886,41.10773626939936,16.865332635383478,41.10782776217365,16.86523947757342,41.10928540564486,16.867758931986803,41.11040987403336,16.867987672581428
flow_5_887,41.10773626939936,16.865332635383478,41.10782776217365,16.86523947757342,41.1045372400796,16.865201946666215,41.10454196713804,16.86509359531177
flow_5_888,41.10773626939936,16.865332635383478,41.10782776217365,16.86523947757342,41.11163796896053,16.862535602408425,41.10949006583287,16.860629422625397
flow_5_889,41.1083835874477,16.865507803568516,41.10893936039052,16.865684789570597,41.10561139136639,16.860522875069222,41.10586594045665,16.860740368222224
flow_5_890,41.1083835874477,16.865507803568516,41.10893936039052,16.865684789570597,41.10593006633324,16.86024451803452,41.1061540374003,16.860263940525165
flow_5_891,41.1083835874477,16.865507803568516,41.10893936039052,16.865684789570597,41.10529931263373,16.864197719579735,41.105358063618205,16.8639291776279
flow_5_892,41.1083835874477,16.865507803568516,41.10893936039052,16.865684789570597,41.1094627412817,16.866643418109717,41.109145712663846,16.866535828107896
flow_5_893,41.1083835874477,16.865507803568516,41.10893936039052,16.865684789570597,41.10949006583287,16.860629422625397,41.11163796896053,16.862535602408425
flow_5_894,41.1083835874477,16.865507803568516,41.10893936039052,16.865684789570597,41.1084192109197,16.864915502792314,41.10833845965415,16.864946086143913
flow_5_895,41.1083835874477,16.865507803568516,41.10893936039052,16.865684789570597,41.104628432580256,16.864632211357712,41.10471595316798,16.864645286345713
flow_5_896,41.1083835874477,16.865507803568516,41.10893936039052,16.865684789570597,41.10471595316798,16.864645286345713,41.10482759798206,16.864586998125468
flow_5_897,41.1083835874477,16.865507803568516,41.10893936039052,16.865684789570597,41.10530898236287,16.864507375939425,41.10554708846225,16.864538287566845
flow_5_898,41.1083835874477,16.865507803568516,41.10893936039052,16.865684789570597,41.10912696164381,16.86880864147947,41.10856970665349,16.868667790168395
flow_5_899,41.1083835874477,16.865507803568516,41.10893936039052,16.865684789570597,41.10895239218255,16.86221911717674,41.10894268872457,16.86225659494897
flow_5_900,41.1083835874477,16.865507803568516,41.10893936039052,16.865684789570597,41.10833845965415,16.864946086143913,41.10833200545767,16.864777271379552
flow_5_901,41.1083835874477,16.865507803568516,41.10893936039052,16.865684789570597,41.10824709326599,16.86294433106446,41.10819079997804,16.86228690958613
flow_5_902,41.1083835874477,16.865507803568516,41.10893936039052,16.865684789570597,41.10782776217365,16.86523947757342,41.10785184362109,16.86547667119293
flow_5_903,41.1083835874477,16.865507803568516,41.10893936039052,16.865684789570597,41.10785321351032,16.86554780645669,41.107858556989214,16.86568502986514
flow_5_904,41.1083835874477,16.865507803568516,41.10893936039052,16.865684789570597,41.104613512551694,16.867304504076483,41.10450067190532,16.868197409823733
flow_5_905,41.1083835874477,16.865507803568516,41.10893936039052,16.865684789570597,41.103272808734914,16.86478843229521,41.10326869322043,16.864875721506277
flow_5_906,41.1083835874477,16.865507803568516,41.10893936039052,16.865684789570597,41.10326869322043,16.864875721506277,41.10326306112503,16.86499547697651
flow_5_907,41.1083835874477,16.865507803568516,41.10893936039052,16.865684789570597,41.10585670751274,16.866054557864008,41.10586778387464,16.865926854105435
flow_5_908,41.1083835874477,16.865507803568516,41.10893936039052,16.865684789570597,41.10499011159529,16.86585948824938,41.10483199737708,16.8658838295608
flow_5_909,41.1083835874477,16.865507803568516,41.10893936039052,16.865684789570597,41.10641564822287,16.8613154812676,41.10710483419146,16.861363888027807
flow_5_910,41.1083835874477,16.865507803568516,41.10893936039052,16.865684789570597,41.10914574762715,16.86574982248076,41.10906564507099,16.86691322434958
flow_5_911,41.1083835874477,16.865507803568516,41.10893936039052,16.865684789570597,41.10593974387052,16.86510993658547,41.10637833713364,16.865208689087556
flow_5_912,41.1083835874477,16.865507803568516,41.10893936039052,16.865684789570597,41.10912734733775,16.863063779201443,41.10970529896603,16.86326757450766
flow_5_913,41.1083835874477,16.865507803568516,41.10893936039052,16.865684789570597,41.10724968510657,16.861006427195438,41.10834939661959,16.861073572647502
flow_5_914,41.1083835874477,16.865507803568516,41.10893936039052,16.865684789570597,41.10789333241272,16.86291336901386,41.107812671096845,16.86345068308876
flow_5_915,41.1083835874477,16.865507803568516,41.10893936039052,16.865684789570597,41.10708624166555,16.866809147339314,41.10707862373311,16.86759574699857
flow_5_916,41.1083835874477,16.865507803568516,41.10893936039052,16.865684789570597,41.10793919315882,16.86772898735496,41.10803228893905,16.867731507230168
flow_5_917,41.1083835874477,16.865507803568516,41.10893936039052,16.865684789570597,41.10803228893905,16.867731507230168,41.10843334313823,16.867723226014
flow_5_918,41.1083835874477,16.865507803568516,41.10893936039052,16.865684789570597,41.10928540564486,16.867758931986803,41.11040987403336,16.867987672581428
flow_5_919,41.1083835874477,16.865507803568516,41.10893936039052,16.865684789570597,41.1045372400796,16.865201946666215,41.10454196713804,16.86509359531177
flow_5_920,41.1083835874477,16.865507803568516,41.10893936039052,16.865684789570597,41.11163796896053,16.862535602408425,41.10949006583287,16.860629422625397
flow_5_921,41.10893936039052,16.865684789570597,41.10914574762715,16.86574982248076,41.10561139136639,16.860522875069222,41.10586594045665,16.860740368222224
flow_5_922,41.10893936039052,16.865684789570597,41.10914574762715,16.86574982248076,41.10593006633324,16.86024451803452,41.1061540374003,16.860263940525165
flow_5_923,41.10893936039052,16.865684789570597,41.10914574762715,16.86574982248076,41.10529931263373,16.864197719579735,41.105358063618205,16.8639291776279
flow_5_924,41.10893936039052,16.865684789570597,41.10914574762715,16.86574982248076,41.1094627412817,16.866643418109717,41.109145712663846,16.866535828107896
flow_5_925,41.10893936039052,16.865684789570597,41.10914574762715,16.86574982248076,41.10949006583287,16.860629422625397,41.11163796896053,16.862535602408425
flow_5_926,41.10893936039052,16.865684789570597,41.10914574762715,16.86574982248076,41.1084192109197,16.864915502792314,41.10833845965415,16.864946086143913
flow_5_927,41.10893936039052,16.865684789570597,41.10914574762715,16.86574982248076,41.104628432580256,16.864632211357712,41.10471595316798,16.864645286345713
flow_5_928,41.10893936039052,16.865684789570597,41.10914574762715,16.86574982248076,41.10471595316798,16.864645286345713,41.10482759798206,16.864586998125468
flow_5_929,41.10893936039052,16.865684789570597,41.10914574762715,16.86574982248076,41.10530898236287,16.864507375939425,41.10554708846225,16.864538287566845
flow_5_930,41.10893936039052,16.865684789570597,41.10914574762715,16.86574982248076,41.10912696164381,16.86880864147947,41.10856970665349,16.868667790168395
flow_5_931,41.10893936039052,16.865684789570597,41.10914574762715,16.86574982248076,41.10895239218255,16.86221911717674,41.10894268872457,16.86225659494897
flow_5_932,41.10893936039052,16.865684789570597,41.10914574762715,16.86574982248076,41.10833845965415,16.864946086143913,41.10833200545767,16.864777271379552
flow_5_933,41.10893936039052,16.865684789570597,41.10914574762715,16.86574982248076,41.10824709326599,16.86294433106446,41.10819079997804,16.86228690958613
flow_5_934,41.10893936039052,16.865684789570597,41.10914574762715,16.86574982248076,41.10782776217365,16.86523947757342,41.10785184362109,16.86547667119293
flow_5_935,41.10893936039052,16.865684789570597,41.10914574762715,16.86574982248076,41.10785321351032,16.86554780645669,41.107858556989214,16.86568502986514
flow_5_936,41.10893936039052,16.865684789570597,41.10914574762715,16.86574982248076,41.104613512551694,16.867304504076483,41.10450067190532,16.868197409823733
flow_5_937,41.10893936039052,16.865684789570597,41.10914574762715,16.86574982248076,41.103272808734914,16.86478843229521,41.10326869322043,16.864875721506277
flow_5_938,41.10893936039052,16.865684789570597,41.10914574762715,16.86574982248076,41.10326869322043,16.864875721506277,41.10326306112503,16.86499547697651
flow_5_939,41.10893936039052,16.865684789570597,41.10914574762715,16.86574982248076,41.10585670751274,16.866054557864008,41.10586778387464,16.865926854105435
flow_5_940,41.10893936039052,16.865684789570597,41.10914574762715,16.86574982248076,41.10499011159529,16.86585948824938,41.10483199737708,16.8658838295608
flow_5_941,41.10893936039052,16.865684789570597,41.10914574762715,16.86574982248076,41.10641564822287,16.8613154812676,41.10710483419146,16.861363888027807
flow_5_942,41.10893936039052,16.865684789570597,41.10914574762715,16.86574982248076,41.10914574762715,16.86574982248076,41.10906564507099,16.86691322434958
flow_5_943,41.10893936039052,16.865684789570597,41.10914574762715,16.86574982248076,41.10593974387052,16.86510993658547,41.10637833713364,16.865208689087556
flow_5_944,41.10893936039052,16.865684789570597,41.10914574762715,16.86574982248076,41.10912734733775,16.863063779201443,41.10970529896603,16.86326757450766
flow_5_945,41.10893936039052,16.865684789570597,41.10914574762715,16.86574982248076,41.10724968510657,16.861006427195438,41.10834939661959,16.861073572647502
flow_5_946,41.10893936039052,16.865684789570597,41.10914574762715,16.86574982248076,41.10789333241272,16.86291336901386,41.107812671096845,16.86345068308876
flow_5_947,41.10893936039052,16.865684789570597,41.10914574762715,16.86574982248076,41.10708624166555,16.866809147339314,41.10707862373311,16.86759574699857
flow_5_948,41.10893936039052,16.865684789570597,41.10914574762715,16.86574982248076,41.10793919315882,16.86772898735496,41.10803228893905,16.867731507230168
flow_5_949,41.10893936039052,16.865684789570597,41.10914574762715,16.86574982248076,41.10803228893905,16.867731507230168,41.10843334313823,16.867723226014
flow_5_950,41.10893936039052,16.865684789570597,41.10914574762715,16.86574982248076,41.10928540564486,16.867758931986803,41.11040987403336,16.867987672581428
flow_5_951,41.10893936039052,16.865684789570597,41.10914574762715,16.86574982248076,41.1045372400796,16.865201946666215,41.10454196713804,16.86509359531177
flow_5_952,41.10893936039052,16.865684789570597,41.10914574762715,16.86574982248076,41.11163796896053,16.862535602408425,41.10949006583287,16.860629422625397
flow_5_953,41.10793919315882,16.86772898735496,41.10803228893905,16.867731507230168,41.10561139136639,16.860522875069222,41.10586594045665,16.860740368222224
flow_5_954,41.10793919315882,16.86772898735496,41.10803228893905,16.867731507230168,41.10593006633324,16.86024451803452,41.1061540374003,16.860263940525165
flow_5_955,41.10793919315882,16.86772898735496,41.10803228893905,16.867731507230168,41.10529931263373,16.864197719579735,41.105358063618205,16.8639291776279
flow_5_956,41.10793919315882,16.86772898735496,41.10803228893905,16.867731507230168,41.1094627412817,16.866643418109717,41.109145712663846,16.866535828107896
flow_5_957,41.10793919315882,16.86772898735496,41.10803228893905,16.867731507230168,41.10949006583287,16.860629422625397,41.11163796896053,16.862535602408425
flow_5_958,41.10793919315882,16.86772898735496,41.10803228893905,16.867731507230168,41.1084192109197,16.864915502792314,41.10833845965415,16.864946086143913
flow_5_959,41.10793919315882,16.86772898735496,41.10803228893905,16.867731507230168,41.104628432580256,16.864632211357712,41.10471595316798,16.864645286345713
flow_5_960,41.10793919315882,16.86772898735496,41.10803228893905,16.867731507230168,41.10471595316798,16.864645286345713,41.10482759798206,16.864586998125468
flow_5_961,41.10793919315882,16.86772898735496,41.10803228893905,16.867731507230168,41.10530898236287,16.864507375939425,41.10554708846225,16.864538287566845
flow_5_962,41.10793919315882,16.86772898735496,41.10803228893905,16.867731507230168,41.10912696164381,16.86880864147947,41.10856970665349,16.868667790168395
flow_5_963,41.10793919315882,16.86772898735496,41.10803228893905,16.867731507230168,41.10895239218255,16.86221911717674,41.10894268872457,16.86225659494897
flow_5_964,41.10793919315882,16.86772898735496,41.10803228893905,16.867731507230168,41.10833845965415,16.864946086143913,41.10833200545767,16.864777271379552
flow_5_965,41.10793919315882,16.86772898735496,41.10803228893905,16.867731507230168,41.10824709326599,16.86294433106446,41.10819079997804,16.86228690958613
flow_5_966,41.10793919315882,16.86772898735496,41.10803228893905,16.867731507230168,41.10782776217365,16.86523947757342,41.10785184362109,16.86547667119293
flow_5_967,41.10793919315882,16.86772898735496,41.10803228893905,16.867731507230168,41.10785321351032,16.86554780645669,41.107858556989214,16.86568502986514
flow_5_968,41.10793919315882,16.86772898735496,41.10803228893905,16.867731507230168,41.104613512551694,16.867304504076483,41.10450067190532,16.868197409823733
flow_5_969,41.10793919315882,16.86772898735496,41.10803228893905,16.867731507230168,41.103272808734914,16.86478843229521,41.10326869322043,16.864875721506277
flow_5_970,41.10793919315882,16.86772898735496,41.10803228893905,16.867731507230168,41.10326869322043,16.864875721506277,41.10326306112503,16.86499547697651
flow_5_971,41.10793919315882,16.86772898735496,41.10803228893905,16.867731507230168,41.10585670751274,16.866054557864008,41.10586778387464,16.865926854105435
flow_5_972,41.10793919315882,16.86772898735496,41.10803228893905,16.867731507230168,41.10499011159529,16.86585948824938,41.10483199737708,16.8658838295608
flow_5_973,41.10793919315882,16.86772898735496,41.10803228893905,16.867731507230168,41.10641564822287,16.8613154812676,41.10710483419146,16.861363888027807
flow_5_974,41.10793919315882,16.86772898735496,41.10803228893905,16.867731507230168,41.10914574762715,16.86574982248076,41.10906564507099,16.86691322434958
flow_5_975,41.10793919315882,16.86772898735496,41.10803228893905,16.867731507230168,41.10593974387052,16.86510993658547,41.10637833713364,16.865208689087556
flow_5_976,41.10793919315882,16.86772898735496,41.10803228893905,16.867731507230168,41.10912734733775,16.863063779201443,41.10970529896603,16.86326757450766
flow_5_977,41.10793919315882,16.86772898735496,41.10803228893905,16.867731507230168,41.10724968510657,16.861006427195438,41.10834939661959,16.861073572647502
flow_5_978,41.10793919315882,16.86772898735496,41.10803228893905,16.867731507230168,41.10789333241272,16.86291336901386,41.107812671096845,16.86345068308876
flow_5_979,41.10793919315882,16.86772898735496,41.10803228893905,16.867731507230168,41.10708624166555,16.866809147339314,41.10707862373311,16.86759574699857
flow_5_980,41.10793919315882,16.86772898735496,41.10803228893905,16.867731507230168,41.10803228893905,16.867731507230168,41.10843334313823,16.867723226014
flow_5_981,41.10793919315882,16.86772898735496,41.10803228893905,16.867731507230168,41.10928540564486,16.867758931986803,41.11040987403336,16.867987672581428
flow_5_982,41.10793919315882,16.86772898735496,41.10803228893905,16.867731507230168,41.1045372400796,16.865201946666215,41.10454196713804,16.86509359531177
flow_5_983,41.10793919315882,16.86772898735496,41.10803228893905,16.867731507230168,41.11163796896053,16.862535602408425,41.10949006583287,16.860629422625397
flow_5_984,41.10453097009263,16.865355506086438,41.1045372400796,16.865201946666215,41.10561139136639,16.860522875069222,41.10586594045665,16.860740368222224
flow_5_985,41.10453097009263,16.865355506086438,41.1045372400796,16.865201946666215,41.10593006633324,16.86024451803452,41.1061540374003,16.860263940525165
flow_5_986,41.10453097009263,16.865355506086438,41.1045372400796,16.865201946666215,41.10529931263373,16.864197719579735,41.105358063618205,16.8639291776279
flow_5_987,41.10453097009263,16.865355506086438,41.1045372400796,16.865201946666215,41.1094627412817,16.866643418109717,41.109145712663846,16.866535828107896
flow_5_988,41.10453097009263,16.865355506086438,41.1045372400796,16.865201946666215,41.10949006583287,16.860629422625397,41.11163796896053,16.862535602408425
flow_5_989,41.10453097009263,16.865355506086438,41.1045372400796,16.865201946666215,41.1084192109197,16.864915502792314,41.10833845965415,16.864946086143913
flow_5_990,41.10453097009263,16.865355506086438,41.1045372400796,16.865201946666215,41.104628432580256,16.864632211357712,41.10471595316798,16.864645286345713
flow_5_991,41.10453097009263,16.865355506086438,41.1045372400796,16.865201946666215,41.10471595316798,16.864645286345713,41.10482759798206,16.864586998125468
flow_5_992,41.10453097009263,16.865355506086438,41.1045372400796,16.865201946666215,41.10530898236287,16.864507375939425,41.10554708846225,16.864538287566845
flow_5_993,41.10453097009263,16.865355506086438,41.1045372400796,16.865201946666215,41.10912696164381,16.86880864147947,41.10856970665349,16.868667790168395
flow_5_994,41.10453097009263,16.865355506086438,41.1045372400796,16.865201946666215,41.10895239218255,16.86221911717674,41.10894268872457,16.86225659494897
flow_5_995,41.10453097009263,16.865355506086438,41.1045372400796,16.865201946666215,41.10833845965415,16.864946086143913,41.10833200545767,16.864777271379552
flow_5_996,41.10453097009263,16.865355506086438,41.1045372400796,16.865201946666215,41.10824709326599,16.86294433106446,41.10819079997804,16.86228690958613
flow_5_997,41.10453097009263,16.865355506086438,41.1045372400796,16.865201946666215,41.10782776217365,16.86523947757342,41.10785184362109,16.86547667119293
flow_5_998,41.10453097009263,16.865355506086438,41.1045372400796,16.865201946666215,41.10785321351032,16.86554780645669,41.107858556989214,16.86568502986514
flow_5_999,41.10453097009263,16.865355506086438,41.1045372400796,16.865201946666215,41.104613512551694,16.867304504076483,41.10450067190532,16.868197409823733
flow_5_1000,41.10453097009263,16.865355506086438,41.1045372400796,16.865201946666215,41.103272808734914,16.86478843229521,41.10326869322043,16.864875721506277
flow_5_1001,41.10453097009263,16.865355506086438,41.1045372400796,16.865201946666215,41.10326869322043,16.864875721506277,41.10326306112503,16.86499547697651
flow_5_1002,41.10453097009263,16.865355506086438,41.1045372400796,16.865201946666215,41.10585670751274,16.866054557864008,41.10586778387464,16.865926854105435
flow_5_1003,41.10453097009263,16.865355506086438,41.1045372400796,16.865201946666215,41.10499011159529,16.86585948824938,41.10483199737708,16.8658838295608
flow_5_1004,41.10453097009263,16.865355506086438,41.1045372400796,16.865201946666215,41.10641564822287,16.8613154812676,41.10710483419146,16.861363888027807
flow_5_1005,41.10453097009263,16.865355506086438,41.1045372400796,16.865201946666215,41.10914574762715,16.86574982248076,41.10906564507099,16.86691322434958
flow_5_1006,41.10453097009263,16.865355506086438,41.1045372400796,16.865201946666215,41.10593974387052,16.86510993658547,41.10637833713364,16.865208689087556
flow_5_1007,41.10453097009263,16.865355506086438,41.1045372400796,16.865201946666215,41.10912734733775,16.863063779201443,41.10970529896603,16.86326757450766
flow_5_1008,41.10453097009263,16.865355506086438,41.1045372400796,16.865201946666215,41.10724968510657,16.861006427195438,41.10834939661959,16.861073572647502
flow_5_1009,41.10453097009263,16.865355506086438,41.1045372400796,16.865201946666215,41.10789333241272,16.86291336901386,41.107812671096845,16.86345068308876
flow_5_1010,41.10453097009263,16.865355506086438,41.1045372400796,16.865201946666215,41.10708624166555,16.866809147339314,41.10707862373311,16.86759574699857
flow_5_1011,41.10453097009263,16.865355506086438,41.1045372400796,16.865201946666215,41.10793919315882,16.86772898735496,41.10803228893905,16.867731507230168
flow_5_1012,41.10453097009263,16.865355506086438,41.1045372400796,16.865201946666215,41.10803228893905,16.867731507230168,41.10843334313823,16.867723226014
flow_5_1013,41.10453097009263,16.865355506086438,41.1045372400796,16.865201946666215,41.10928540564486,16.867758931986803,41.11040987403336,16.867987672581428
flow_5_1014,41.10453097009263,16.865355506086438,41.1045372400796,16.865201946666215,41.1045372400796,16.865201946666215,41.10454196713804,16.86509359531177
flow_5_1015,41.10453097009263,16.865355506086438,41.1045372400796,16.865201946666215,41.11163796896053,16.862535602408425,41.10949006583287,16.860629422625397
flow_5_1016,41.10454700136579,16.864977393116394,41.10455272708942,16.86484072808952,41.10561139136639,16.860522875069222,41.10586594045665,16.860740368222224
flow_5_1017,41.10454700136579,16.864977393116394,41.10455272708942,16.86484072808952,41.10593006633324,16.86024451803452,41.1061540374003,16.860263940525165
flow_5_1018,41.10454700136579,16.864977393116394,41.10455272708942,16.86484072808952,41.10529931263373,16.864197719579735,41.105358063618205,16.8639291776279
flow_5_1019,41.10454700136579,16.864977393116394,41.10455272708942,16.86484072808952,41.1094627412817,16.866643418109717,41.109145712663846,16.866535828107896
flow_5_1020,41.10454700136579,16.864977393116394,41.10455272708942,16.86484072808952,41.10949006583287,16.860629422625397,41.11163796896053,16.862535602408425
flow_5_1021,41.10454700136579,16.864977393116394,41.10455272708942,16.86484072808952,41.1084192109197,16.864915502792314,41.10833845965415,16.864946086143913
flow_5_1022,41.10454700136579,16.864977393116394,41.10455272708942,16.86484072808952,41.104628432580256,16.864632211357712,41.10471595316798,16.864645286345713
flow_5_1023,41.10454700136579,16.864977393116394,41.10455272708942,16.86484072808952,41.10471595316798,16.864645286345713,41.10482759798206,16.864586998125468
flow_5_1024,41.10454700136579,16.864977393116394,41.10455272708942,16.86484072808952,41.10530898236287,16.864507375939425,41.10554708846225,16.864538287566845
flow_5_1025,41.10454700136579,16.864977393116394,41.10455272708942,16.86484072808952,41.10912696164381,16.86880864147947,41.10856970665349,16.868667790168395
flow_5_1026,41.10454700136579,16.864977393116394,41.10455272708942,16.86484072808952,41.10895239218255,16.86221911717674,41.10894268872457,16.86225659494897
flow_5_1027,41.10454700136579,16.864977393116394,41.10455272708942,16.86484072808952,41.10833845965415,16.864946086143913,41.10833200545767,16.864777271379552
flow_5_1028,41.10454700136579,16.864977393116394,41.10455272708942,16.86484072808952,41.10824709326599,16.86294433106446,41.10819079997804,16.86228690958613
flow_5_1029,41.10454700136579,16.864977393116394,41.10455272708942,16.86484072808952,41.10782776217365,16.86523947757342,41.10785184362109,16.86547667119293
flow_5_1030,41.10454700136579,16.864977393116394,41.10455272708942,16.86484072808952,41.10785321351032,16.86554780645669,41.107858556989214,16.86568502986514
flow_5_1031,41.10454700136579,16.864977393116394,41.10455272708942,16.86484072808952,41.104613512551694,16.867304504076483,41.10450067190532,16.868197409823733
flow_5_1032,41.10454700136579,16.864977393116394,41.10455272708942,16.86484072808952,41.103272808734914,16.86478843229521,41.10326869322043,16.864875721506277
flow_5_1033,41.10454700136579,16.864977393116394,41.10455272708942,16.86484072808952,41.10326869322043,16.864875721506277,41.10326306112503,16.86499547697651
flow_5_1034,41.10454700136579,16.864977393116394,41.10455272708942,16.86484072808952,41.10585670751274,16.866054557864008,41.10586778387464,16.865926854105435
flow_5_1035,41.10454700136579,16.864977393116394,41.10455272708942,16.86484072808952,41.10499011159529,16.86585948824938,41.10483199737708,16.8658838295608
flow_5_1036,41.10454700136579,16.864977393116394,41.10455272708942,16.86484072808952,41.10641564822287,16.8613154812676,41.10710483419146,16.861363888027807
flow_5_1037,41.10454700136579,16.864977393116394,41.10455272708942,16.86484072808952,41.10914574762715,16.86574982248076,41.10906564507099,16.86691322434958
flow_5_1038,41.10454700136579,16.864977393116394,41.10455272708942,16.86484072808952,41.10593974387052,16.86510993658547,41.10637833713364,16.865208689087556
flow_5_1039,41.10454700136579,16.864977393116394,41.10455272708942,16.86484072808952,41.10912734733775,16.863063779201443,41.10970529896603,16.86326757450766
flow_5_1040,41.10454700136579,16.864977393116394,41.10455272708942,16.86484072808952,41.10724968510657,16.861006427195438,41.10834939661959,16.861073572647502
flow_5_1041,41.10454700136579,16.864977393116394,41.10455272708942,16.86484072808952,41.10789333241272,16.86291336901386,41.107812671096845,16.86345068308876
flow_5_1042,41.10454700136579,16.864977393116394,41.10455272708942,16.86484072808952,41.10708624166555,16.866809147339314,41.10707862373311,16.86759574699857
flow_5_1043,41.10454700136579,16.864977393116394,41.10455272708942,16.86484072808952,41.10793919315882,16.86772898735496,41.10803228893905,16.867731507230168
flow_5_1044,41.10454700136579,16.864977393116394,41.10455272708942,16.86484072808952,41.10803228893905,16.867731507230168,41.10843334313823,16.867723226014
flow_5_1045,41.10454700136579,16.864977393116394,41.10455272708942,16.86484072808952,41.10928540564486,16.867758931986803,41.11040987403336,16.867987672581428
flow_5_1046,41.10454700136579,16.864977393116394,41.10455272708942,16.86484072808952,41.1045372400796,16.865201946666215,41.10454196713804,16.86509359531177
flow_5_1047,41.10454700136579,16.864977393116394,41.10455272708942,16.86484072808952,41.11163796896053,16.862535602408425,41.10949006583287,16.860629422625397
flow_5_1048,41.11163796896053,16.862535602408425,41.10949006583287,16.860629422625397,41.10561139136639,16.860522875069222,41.10586594045665,16.860740368222224
flow_5_1049,41.11163796896053,16.862535602408425,41.10949006583287,16.860629422625397,41.10593006633324,16.86024451803452,41.1061540374003,16.860263940525165
flow_5_1050,41.11163796896053,16.862535602408425,41.10949006583287,16.860629422625397,41.10529931263373,16.864197719579735,41.105358063618205,16.8639291776279
flow_5_1051,41.11163796896053,16.862535602408425,41.10949006583287,16.860629422625397,41.1094627412817,16.866643418109717,41.109145712663846,16.866535828107896
flow_5_1052,41.11163796896053,16.862535602408425,41.10949006583287,16.860629422625397,41.10949006583287,16.860629422625397,41.11163796896053,16.862535602408425
flow_5_1053,41.11163796896053,16.862535602408425,41.10949006583287,16.860629422625397,41.1084192109197,16.864915502792314,41.10833845965415,16.864946086143913
flow_5_1054,41.11163796896053,16.862535602408425,41.10949006583287,16.860629422625397,41.104628432580256,16.864632211357712,41.10471595316798,16.864645286345713
flow_5_1055,41.11163796896053,16.862535602408425,41.10949006583287,16.860629422625397,41.10471595316798,16.864645286345713,41.10482759798206,16.864586998125468
flow_5_1056,41.11163796896053,16.862535602408425,41.10949006583287,16.860629422625397,41.10530898236287,16.864507375939425,41.10554708846225,16.864538287566845
flow_5_1057,41.11163796896053,16.862535602408425,41.10949006583287,16.860629422625397,41.10912696164381,16.86880864147947,41.10856970665349,16.868667790168395
flow_5_1058,41.11163796896053,16.862535602408425,41.10949006583287,16.860629422625397,41.10895239218255,16.86221911717674,41.10894268872457,16.86225659494897
flow_5_1059,41.11163796896053,16.862535602408425,41.10949006583287,16.860629422625397,41.10833845965415,16.864946086143913,41.10833200545767,16.864777271379552
flow_5_1060,41.11163796896053,16.862535602408425,41.10949006583287,16.860629422625397,41.10824709326599,16.86294433106446,41.10819079997804,16.86228690958613
flow_5_1061,41.11163796896053,16.862535602408425,41.10949006583287,16.860629422625397,41.10782776217365,16.86523947757342,41.10785184362109,16.86547667119293
flow_5_1062,41.11163796896053,16.862535602408425,41.10949006583287,16.860629422625397,41.10785321351032,16.86554780645669,41.107858556989214,16.86568502986514
flow_5_1063,41.11163796896053,16.862535602408425,41.10949006583287,16.860629422625397,41.104613512551694,16.867304504076483,41.10450067190532,16.868197409823733
flow_5_1064,41.11163796896053,16.862535602408425,41.10949006583287,16.860629422625397,41.103272808734914,16.86478843229521,41.10326869322043,16.864875721506277
flow_5_1065,41.11163796896053,16.862535602408425,41.10949006583287,16.860629422625397,41.10326869322043,16.864875721506277,41.10326306112503,16.86499547697651
flow_5_1066,41.11163796896053,16.862535602408425,41.10949006583287,16.860629422625397,41.10585670751274,16.866054557864008,41.10586778387464,16.865926854105435
flow_5_1067,41.11163796896053,16.862535602408425,41.10949006583287,16.860629422625397,41.10499011159529,16.86585948824938,41.10483199737708,16.8658838295608
flow_5_1068,41.11163796896053,16.862535602408425,41.10949006583287,16.860629422625397,41.10641564822287,16.8613154812676,41.10710483419146,16.861363888027807
flow_5_1069,41.11163796896053,16.862535602408425,41.10949006583287,16.860629422625397,41.10914574762715,16.86574982248076,41.10906564507099,16.86691322434958
flow_5_1070,41.11163796896053,16.862535602408425,41.10949006583287,16.860629422625397,41.10593974387052,16.86510993658547,41.10637833713364,16.865208689087556
flow_5_1071,41.11163796896053,16.862535602408425,41.10949006583287,16.860629422625397,41.10912734733775,16.863063779201443,41.10970529896603,16.86326757450766
flow_5_1072,41.11163796896053,16.862535602408425,41.10949006583287,16.860629422625397,41.10724968510657,16.861006427195438,41.10834939661959,16.861073572647502
flow_5_1073,41.11163796896053,16.862535602408425,41.10949006583287,16.860629422625397,41.10789333241272,16.86291336901386,41.107812671096845,16.86345068308876
flow_5_1074,41.11163796896053,16.862535602408425,41.10949006583287,16.860629422625397,41.10708624166555,16.866809147339314,41.10707862373311,16.86759574699857
flow_5_1075,41.11163796896053,16.862535602408425,41.10949006583287,16.860629422625397,41.10793919315882,16.86772898735496,41.10803228893905,16.867731507230168
flow_5_1076,41.11163796896053,16.862535602408425,41.10949006583287,16.860629422625397,41.10803228893905,16.867731507230168,41.10843334313823,16.867723226014
flow_5_1077,41.11163796896053,16.862535602408425,41.10949006583287,16.860629422625397,41.10928540564486,16.867758931986803,41.11040987403336,16.867987672581428
flow_5_1078,41.11163796896053,16.862535602408425,41.10949006583287,16.860629422625397,41.1045372400796,16.865201946666215,41.10454196713804,16.86509359531177
