flow_id,start_point_lat,start_point_lon,via_point_1_lat,via_point_1_lon,via_point_2_lat,via_point_2_lon,end_point_lat,end_point_lon
flow_0_0,41.09252833667128,16.85806965698529,41.09289989869124,16.857979997773366,41.09628587040379,16.863506396736675,41.09627339570725,16.863759660301465
flow_0_1,41.09252833667128,16.85806965698529,41.09289989869124,16.857979997773366,41.09267829914716,16.854073630954087,41.09207574955028,16.85389154719994
flow_0_2,41.09252833667128,16.85806965698529,41.09289989869124,16.857979997773366,41.09717150257013,16.862346685598727,41.09717022441964,16.862141610446756
flow_0_3,41.09252833667128,16.85806965698529,41.09289989869124,16.857979997773366,41.09782874807601,16.858422322289133,41.09720965467912,16.86010828803053
flow_0_4,41.09252833667128,16.85806965698529,41.09289989869124,16.857979997773366,41.09590934506375,16.85589778274809,41.094481033476846,16.855484180652265
flow_0_5,41.09252833667128,16.85806965698529,41.09289989869124,16.857979997773366,41.09390877175432,16.860555577386883,41.09389978504193,16.86089441913475
flow_0_6,41.09252833667128,16.85806965698529,41.09289989869124,16.857979997773366,41.09289989869124,16.857979997773366,41.09252833667128,16.85806965698529
flow_0_7,41.09252833667128,16.85806965698529,41.09289989869124,16.857979997773366,41.09575898407665,16.861403291409037,41.09578940828096,16.861627521735652
flow_0_8,41.09252833667128,16.85806965698529,41.09289989869124,16.857979997773366,41.09577203818025,16.86132567064774,41.09575898407665,16.861403291409037
flow_0_9,41.09252833667128,16.85806965698529,41.09289989869124,16.857979997773366,41.09326327598272,16.856459442663375,41.09325705252129,16.85653261037847
flow_0_10,41.09252833667128,16.85806965698529,41.09289989869124,16.857979997773366,41.09588692434208,16.86204201283392,41.096023183819085,16.86206015013157
flow_0_11,41.09252833667128,16.85806965698529,41.09289989869124,16.857979997773366,41.096023183819085,16.86206015013157,41.09607053280287,16.862073156374553
flow_0_12,41.09252833667128,16.85806965698529,41.09289989869124,16.857979997773366,41.09607053280287,16.862073156374553,41.09624619327664,16.862345189534487
flow_0_13,41.09252833667128,16.85806965698529,41.09289989869124,16.857979997773366,41.09406666971318,16.861809974981103,41.09374076152227,16.861733142040123
flow_0_14,41.09252833667128,16.85806965698529,41.09289989869124,16.857979997773366,41.09428507077666,16.861822930016572,41.094248634240174,16.861820234016683
flow_0_15,41.09252833667128,16.85806965698529,41.09289989869124,16.857979997773366,41.09422326217536,16.861818445841735,41.09406666971318,16.861809974981103
flow_0_16,41.09252833667128,16.85806965698529,41.09289989869124,16.857979997773366,41.09606913880409,16.857384087393385,41.09607773810893,16.85711333011326
flow_0_17,41.09252833667128,16.85806965698529,41.09289989869124,16.857979997773366,41.093433790346566,16.855687830843742,41.09352569242476,16.85465158647345
flow_0_18,41.09252833667128,16.85806965698529,41.09289989869124,16.857979997773366,41.09257525037648,16.866055037799217,41.08991586912939,16.865878687144406
flow_0_19,41.09252833667128,16.85806965698529,41.09289989869124,16.857979997773366,41.09637979984023,16.861535604961926,41.096390396588056,16.86145398483175
flow_0_20,41.09252833667128,16.85806965698529,41.09289989869124,16.857979997773366,41.096390396588056,16.86145398483175,41.09617566373433,16.86105237527639
flow_0_21,41.09252833667128,16.85806965698529,41.09289989869124,16.857979997773366,41.09333584930795,16.855672929401177,41.09331846638719,16.855846153569416
flow_0_22,41.09252833667128,16.85806965698529,41.09289989869124,16.857979997773366,41.09331846638719,16.855846153569416,41.09330344191395,16.855984796607544
flow_0_23,41.09252833667128,16.85806965698529,41.09289989869124,16.857979997773366,41.09328897220411,16.85615607855325,41.093276282258536,16.856306336332803
flow_0_24,41.09252833667128,16.85806965698529,41.09289989869124,16.857979997773366,41.09309962997091,16.8641768999245,41.09122003932151,16.863954806076606
flow_0_25,41.09252833667128,16.85806965698529,41.09289989869124,16.857979997773366,41.09590934506375,16.85589778274809,41.09589464404242,16.856597607978603
flow_0_26,41.09252833667128,16.85806965698529,41.09289989869124,16.857979997773366,41.095864883749904,16.858939789299576,41.09579879841287,16.860483307032734
flow_0_27,41.09252833667128,16.85806965698529,41.09289989869124,16.857979997773366,41.09410258065408,16.854547680343014,41.0940220774019,16.854495884667088
flow_0_28,41.09252833667128,16.85806965698529,41.09289989869124,16.857979997773366,41.09290701188394,16.85345153155061,41.09274366748828,16.853398004520955
flow_0_29,41.09252833667128,16.85806965698529,41.09289989869124,16.857979997773366,41.09289989869124,16.857979997773366,41.0924620240455,16.857540225068156
flow_0_30,41.09252833667128,16.85806965698529,41.09289989869124,16.857979997773366,41.09762167433529,16.86078183182401,41.0975908593457,16.860854905020272
flow_0_31,41.09252833667128,16.85806965698529,41.09289989869124,16.857979997773366,41.09783406893447,16.85935956518292,41.09781757948696,16.860074005211207
flow_0_32,41.09252833667128,16.85806965698529,41.09289989869124,16.857979997773366,41.09781757948696,16.860074005211207,41.09773009884011,16.860532461562137
flow_0_33,41.09252833667128,16.85806965698529,41.09289989869124,16.857979997773366,41.09788351207976,16.86008527251128,41.097886790174485,16.85993247707892
flow_0_34,41.09252833667128,16.85806965698529,41.09289989869124,16.857979997773366,41.097886790174485,16.85993247707892,41.097887056561405,16.859358083149928
flow_0_35,41.09252833667128,16.85806965698529,41.09289989869124,16.857979997773366,41.09752079197923,16.86113857805688,41.097541272342,16.861158803055236
flow_0_36,41.09252833667128,16.85806965698529,41.09289989869124,16.857979997773366,41.09346290764322,16.859512259912492,41.0937563740557,16.85923859402608
flow_0_37,41.09252833667128,16.85806965698529,41.09289989869124,16.857979997773366,41.09575898407665,16.861403291409037,41.09556026737646,16.861799770540163
flow_0_38,41.09252833667128,16.85806965698529,41.09289989869124,16.857979997773366,41.09556026737646,16.861799770540163,41.09428507077666,16.861822930016572
flow_0_39,41.09252833667128,16.85806965698529,41.09289989869124,16.857979997773366,41.09717022441964,16.862141610446756,41.09717150257013,16.862346685598727
flow_0_40,41.09252833667128,16.85806965698529,41.09289989869124,16.857979997773366,41.094497059549575,16.854662484304253,41.09459493177244,16.85467607291383
flow_0_41,41.09252833667128,16.85806965698529,41.09289989869124,16.857979997773366,41.093159424293006,16.861119861413044,41.092910609638544,16.861550868324073
flow_0_42,41.09252833667128,16.85806965698529,41.09289989869124,16.857979997773366,41.094611131446,16.86076995428607,41.09433377805168,16.860614722600705
flow_0_43,41.09252833667128,16.85806965698529,41.09289989869124,16.857979997773366,41.094481033476846,16.855484180652265,41.09590934506375,16.85589778274809
flow_0_44,41.09252833667128,16.85806965698529,41.09289989869124,16.857979997773366,41.09320904205983,16.86036794969964,41.093226008438016,16.859824905081403
flow_0_45,41.08991586912939,16.865878687144406,41.09257525037648,16.866055037799217,41.09628587040379,16.863506396736675,41.09627339570725,16.863759660301465
flow_0_46,41.08991586912939,16.865878687144406,41.09257525037648,16.866055037799217,41.09267829914716,16.854073630954087,41.09207574955028,16.85389154719994
flow_0_47,41.08991586912939,16.865878687144406,41.09257525037648,16.866055037799217,41.09717150257013,16.862346685598727,41.09717022441964,16.862141610446756
flow_0_48,41.08991586912939,16.865878687144406,41.09257525037648,16.866055037799217,41.09782874807601,16.858422322289133,41.09720965467912,16.86010828803053
flow_0_49,41.08991586912939,16.865878687144406,41.09257525037648,16.866055037799217,41.09590934506375,16.85589778274809,41.094481033476846,16.855484180652265
flow_0_50,41.08991586912939,16.865878687144406,41.09257525037648,16.866055037799217,41.09390877175432,16.860555577386883,41.09389978504193,16.86089441913475
flow_0_51,41.08991586912939,16.865878687144406,41.09257525037648,16.866055037799217,41.09289989869124,16.857979997773366,41.09252833667128,16.85806965698529
flow_0_52,41.08991586912939,16.865878687144406,41.09257525037648,16.866055037799217,41.09575898407665,16.861403291409037,41.09578940828096,16.861627521735652
flow_0_53,41.08991586912939,16.865878687144406,41.09257525037648,16.866055037799217,41.09577203818025,16.86132567064774,41.09575898407665,16.861403291409037
flow_0_54,41.08991586912939,16.865878687144406,41.09257525037648,16.866055037799217,41.09326327598272,16.856459442663375,41.09325705252129,16.85653261037847
flow_0_55,41.08991586912939,16.865878687144406,41.09257525037648,16.866055037799217,41.09588692434208,16.86204201283392,41.096023183819085,16.86206015013157
flow_0_56,41.08991586912939,16.865878687144406,41.09257525037648,16.866055037799217,41.096023183819085,16.86206015013157,41.09607053280287,16.862073156374553
flow_0_57,41.08991586912939,16.865878687144406,41.09257525037648,16.866055037799217,41.09607053280287,16.862073156374553,41.09624619327664,16.862345189534487
flow_0_58,41.08991586912939,16.865878687144406,41.09257525037648,16.866055037799217,41.09406666971318,16.861809974981103,41.09374076152227,16.861733142040123
flow_0_59,41.08991586912939,16.865878687144406,41.09257525037648,16.866055037799217,41.09428507077666,16.861822930016572,41.094248634240174,16.861820234016683
flow_0_60,41.08991586912939,16.865878687144406,41.09257525037648,16.866055037799217,41.09422326217536,16.861818445841735,41.09406666971318,16.861809974981103
flow_0_61,41.08991586912939,16.865878687144406,41.09257525037648,16.866055037799217,41.09606913880409,16.857384087393385,41.09607773810893,16.85711333011326
flow_0_62,41.08991586912939,16.865878687144406,41.09257525037648,16.866055037799217,41.093433790346566,16.855687830843742,41.09352569242476,16.85465158647345
flow_0_63,41.08991586912939,16.865878687144406,41.09257525037648,16.866055037799217,41.09257525037648,16.866055037799217,41.08991586912939,16.865878687144406
flow_0_64,41.08991586912939,16.865878687144406,41.09257525037648,16.866055037799217,41.09637979984023,16.861535604961926,41.096390396588056,16.86145398483175
flow_0_65,41.08991586912939,16.865878687144406,41.09257525037648,16.866055037799217,41.096390396588056,16.86145398483175,41.09617566373433,16.86105237527639
flow_0_66,41.08991586912939,16.865878687144406,41.09257525037648,16.866055037799217,41.09333584930795,16.855672929401177,41.09331846638719,16.855846153569416
flow_0_67,41.08991586912939,16.865878687144406,41.09257525037648,16.866055037799217,41.09331846638719,16.855846153569416,41.09330344191395,16.855984796607544
flow_0_68,41.08991586912939,16.865878687144406,41.09257525037648,16.866055037799217,41.09328897220411,16.85615607855325,41.093276282258536,16.856306336332803
flow_0_69,41.08991586912939,16.865878687144406,41.09257525037648,16.866055037799217,41.09309962997091,16.8641768999245,41.09122003932151,16.863954806076606
flow_0_70,41.08991586912939,16.865878687144406,41.09257525037648,16.866055037799217,41.09590934506375,16.85589778274809,41.09589464404242,16.856597607978603
flow_0_71,41.08991586912939,16.865878687144406,41.09257525037648,16.866055037799217,41.095864883749904,16.858939789299576,41.09579879841287,16.860483307032734
flow_0_72,41.08991586912939,16.865878687144406,41.09257525037648,16.866055037799217,41.09410258065408,16.854547680343014,41.0940220774019,16.854495884667088
flow_0_73,41.08991586912939,16.865878687144406,41.09257525037648,16.866055037799217,41.09290701188394,16.85345153155061,41.09274366748828,16.853398004520955
flow_0_74,41.08991586912939,16.865878687144406,41.09257525037648,16.866055037799217,41.09289989869124,16.857979997773366,41.0924620240455,16.857540225068156
flow_0_75,41.08991586912939,16.865878687144406,41.09257525037648,16.866055037799217,41.09762167433529,16.86078183182401,41.0975908593457,16.860854905020272
flow_0_76,41.08991586912939,16.865878687144406,41.09257525037648,16.866055037799217,41.09783406893447,16.85935956518292,41.09781757948696,16.860074005211207
flow_0_77,41.08991586912939,16.865878687144406,41.09257525037648,16.866055037799217,41.09781757948696,16.860074005211207,41.09773009884011,16.860532461562137
flow_0_78,41.08991586912939,16.865878687144406,41.09257525037648,16.866055037799217,41.09788351207976,16.86008527251128,41.097886790174485,16.85993247707892
flow_0_79,41.08991586912939,16.865878687144406,41.09257525037648,16.866055037799217,41.097886790174485,16.85993247707892,41.097887056561405,16.859358083149928
flow_0_80,41.08991586912939,16.865878687144406,41.09257525037648,16.866055037799217,41.09752079197923,16.86113857805688,41.097541272342,16.861158803055236
flow_0_81,41.08991586912939,16.865878687144406,41.09257525037648,16.866055037799217,41.09346290764322,16.859512259912492,41.0937563740557,16.85923859402608
flow_0_82,41.08991586912939,16.865878687144406,41.09257525037648,16.866055037799217,41.09575898407665,16.861403291409037,41.09556026737646,16.861799770540163
flow_0_83,41.08991586912939,16.865878687144406,41.09257525037648,16.866055037799217,41.09556026737646,16.861799770540163,41.09428507077666,16.861822930016572
flow_0_84,41.08991586912939,16.865878687144406,41.09257525037648,16.866055037799217,41.09717022441964,16.862141610446756,41.09717150257013,16.862346685598727
flow_0_85,41.08991586912939,16.865878687144406,41.09257525037648,16.866055037799217,41.094497059549575,16.854662484304253,41.09459493177244,16.85467607291383
flow_0_86,41.08991586912939,16.865878687144406,41.09257525037648,16.866055037799217,41.093159424293006,16.861119861413044,41.092910609638544,16.861550868324073
flow_0_87,41.08991586912939,16.865878687144406,41.09257525037648,16.866055037799217,41.094611131446,16.86076995428607,41.09433377805168,16.860614722600705
flow_0_88,41.08991586912939,16.865878687144406,41.09257525037648,16.866055037799217,41.094481033476846,16.855484180652265,41.09590934506375,16.85589778274809
flow_0_89,41.08991586912939,16.865878687144406,41.09257525037648,16.866055037799217,41.09320904205983,16.86036794969964,41.093226008438016,16.859824905081403
flow_0_90,41.09717150257013,16.862346685598727,41.09717022441964,16.862141610446756,41.09628587040379,16.863506396736675,41.09627339570725,16.863759660301465
flow_0_91,41.09717150257013,16.862346685598727,41.09717022441964,16.862141610446756,41.09267829914716,16.854073630954087,41.09207574955028,16.85389154719994
flow_0_92,41.09717150257013,16.862346685598727,41.09717022441964,16.862141610446756,41.09782874807601,16.858422322289133,41.09720965467912,16.86010828803053
flow_0_93,41.09717150257013,16.862346685598727,41.09717022441964,16.862141610446756,41.09590934506375,16.85589778274809,41.094481033476846,16.855484180652265
flow_0_94,41.09717150257013,16.862346685598727,41.09717022441964,16.862141610446756,41.09390877175432,16.860555577386883,41.09389978504193,16.86089441913475
flow_0_95,41.09717150257013,16.862346685598727,41.09717022441964,16.862141610446756,41.09289989869124,16.857979997773366,41.09252833667128,16.85806965698529
flow_0_96,41.09717150257013,16.862346685598727,41.09717022441964,16.862141610446756,41.09575898407665,16.861403291409037,41.09578940828096,16.861627521735652
flow_0_97,41.09717150257013,16.862346685598727,41.09717022441964,16.862141610446756,41.09577203818025,16.86132567064774,41.09575898407665,16.861403291409037
flow_0_98,41.09717150257013,16.862346685598727,41.09717022441964,16.862141610446756,41.09326327598272,16.856459442663375,41.09325705252129,16.85653261037847
flow_0_99,41.09717150257013,16.862346685598727,41.09717022441964,16.862141610446756,41.09588692434208,16.86204201283392,41.096023183819085,16.86206015013157
flow_0_100,41.09717150257013,16.862346685598727,41.09717022441964,16.862141610446756,41.096023183819085,16.86206015013157,41.09607053280287,16.862073156374553
flow_0_101,41.09717150257013,16.862346685598727,41.09717022441964,16.862141610446756,41.09607053280287,16.862073156374553,41.09624619327664,16.862345189534487
flow_0_102,41.09717150257013,16.862346685598727,41.09717022441964,16.862141610446756,41.09406666971318,16.861809974981103,41.09374076152227,16.861733142040123
flow_0_103,41.09717150257013,16.862346685598727,41.09717022441964,16.862141610446756,41.09428507077666,16.861822930016572,41.094248634240174,16.861820234016683
flow_0_104,41.09717150257013,16.862346685598727,41.09717022441964,16.862141610446756,41.09422326217536,16.861818445841735,41.09406666971318,16.861809974981103
flow_0_105,41.09717150257013,16.862346685598727,41.09717022441964,16.862141610446756,41.09606913880409,16.857384087393385,41.09607773810893,16.85711333011326
flow_0_106,41.09717150257013,16.862346685598727,41.09717022441964,16.862141610446756,41.093433790346566,16.855687830843742,41.09352569242476,16.85465158647345
flow_0_107,41.09717150257013,16.862346685598727,41.09717022441964,16.862141610446756,41.09257525037648,16.866055037799217,41.08991586912939,16.865878687144406
flow_0_108,41.09717150257013,16.862346685598727,41.09717022441964,16.862141610446756,41.09637979984023,16.861535604961926,41.096390396588056,16.86145398483175
flow_0_109,41.09717150257013,16.862346685598727,41.09717022441964,16.862141610446756,41.096390396588056,16.86145398483175,41.09617566373433,16.86105237527639
flow_0_110,41.09717150257013,16.862346685598727,41.09717022441964,16.862141610446756,41.09333584930795,16.855672929401177,41.09331846638719,16.855846153569416
flow_0_111,41.09717150257013,16.862346685598727,41.09717022441964,16.862141610446756,41.09331846638719,16.855846153569416,41.09330344191395,16.855984796607544
flow_0_112,41.09717150257013,16.862346685598727,41.09717022441964,16.862141610446756,41.09328897220411,16.85615607855325,41.093276282258536,16.856306336332803
flow_0_113,41.09717150257013,16.862346685598727,41.09717022441964,16.862141610446756,41.09309962997091,16.8641768999245,41.09122003932151,16.863954806076606
flow_0_114,41.09717150257013,16.862346685598727,41.09717022441964,16.862141610446756,41.09590934506375,16.85589778274809,41.09589464404242,16.856597607978603
flow_0_115,41.09717150257013,16.862346685598727,41.09717022441964,16.862141610446756,41.095864883749904,16.858939789299576,41.09579879841287,16.860483307032734
flow_0_116,41.09717150257013,16.862346685598727,41.09717022441964,16.862141610446756,41.09410258065408,16.854547680343014,41.0940220774019,16.854495884667088
flow_0_117,41.09717150257013,16.862346685598727,41.09717022441964,16.862141610446756,41.09290701188394,16.85345153155061,41.09274366748828,16.853398004520955
flow_0_118,41.09717150257013,16.862346685598727,41.09717022441964,16.862141610446756,41.09289989869124,16.857979997773366,41.0924620240455,16.857540225068156
flow_0_119,41.09717150257013,16.862346685598727,41.09717022441964,16.862141610446756,41.09762167433529,16.86078183182401,41.0975908593457,16.860854905020272
flow_0_120,41.09717150257013,16.862346685598727,41.09717022441964,16.862141610446756,41.09783406893447,16.85935956518292,41.09781757948696,16.860074005211207
flow_0_121,41.09717150257013,16.862346685598727,41.09717022441964,16.862141610446756,41.09781757948696,16.860074005211207,41.09773009884011,16.860532461562137
flow_0_122,41.09717150257013,16.862346685598727,41.09717022441964,16.862141610446756,41.09788351207976,16.86008527251128,41.097886790174485,16.85993247707892
flow_0_123,41.09717150257013,16.862346685598727,41.09717022441964,16.862141610446756,41.097886790174485,16.85993247707892,41.097887056561405,16.859358083149928
flow_0_124,41.09717150257013,16.862346685598727,41.09717022441964,16.862141610446756,41.09752079197923,16.86113857805688,41.097541272342,16.861158803055236
flow_0_125,41.09717150257013,16.862346685598727,41.09717022441964,16.862141610446756,41.09346290764322,16.859512259912492,41.0937563740557,16.85923859402608
flow_0_126,41.09717150257013,16.862346685598727,41.09717022441964,16.862141610446756,41.09575898407665,16.861403291409037,41.09556026737646,16.861799770540163
flow_0_127,41.09717150257013,16.862346685598727,41.09717022441964,16.862141610446756,41.09556026737646,16.861799770540163,41.09428507077666,16.861822930016572
flow_0_128,41.09717150257013,16.862346685598727,41.09717022441964,16.862141610446756,41.09717022441964,16.862141610446756,41.09717150257013,16.862346685598727
flow_0_129,41.09717150257013,16.862346685598727,41.09717022441964,16.862141610446756,41.094497059549575,16.854662484304253,41.09459493177244,16.85467607291383
flow_0_130,41.09717150257013,16.862346685598727,41.09717022441964,16.862141610446756,41.093159424293006,16.861119861413044,41.092910609638544,16.861550868324073
flow_0_131,41.09717150257013,16.862346685598727,41.09717022441964,16.862141610446756,41.094611131446,16.86076995428607,41.09433377805168,16.860614722600705
flow_0_132,41.09717150257013,16.862346685598727,41.09717022441964,16.862141610446756,41.094481033476846,16.855484180652265,41.09590934506375,16.85589778274809
flow_0_133,41.09717150257013,16.862346685598727,41.09717022441964,16.862141610446756,41.09320904205983,16.86036794969964,41.093226008438016,16.859824905081403
flow_0_134,41.09433377805168,16.860614722600705,41.094611131446,16.86076995428607,41.09628587040379,16.863506396736675,41.09627339570725,16.863759660301465
flow_0_135,41.09433377805168,16.860614722600705,41.094611131446,16.86076995428607,41.09267829914716,16.854073630954087,41.09207574955028,16.85389154719994
flow_0_136,41.09433377805168,16.860614722600705,41.094611131446,16.86076995428607,41.09717150257013,16.862346685598727,41.09717022441964,16.862141610446756
flow_0_137,41.09433377805168,16.860614722600705,41.094611131446,16.86076995428607,41.09782874807601,16.858422322289133,41.09720965467912,16.86010828803053
flow_0_138,41.09433377805168,16.860614722600705,41.094611131446,16.86076995428607,41.09590934506375,16.85589778274809,41.094481033476846,16.855484180652265
flow_0_139,41.09433377805168,16.860614722600705,41.094611131446,16.86076995428607,41.09390877175432,16.860555577386883,41.09389978504193,16.86089441913475
flow_0_140,41.09433377805168,16.860614722600705,41.094611131446,16.86076995428607,41.09289989869124,16.857979997773366,41.09252833667128,16.85806965698529
flow_0_141,41.09433377805168,16.860614722600705,41.094611131446,16.86076995428607,41.09575898407665,16.861403291409037,41.09578940828096,16.861627521735652
flow_0_142,41.09433377805168,16.860614722600705,41.094611131446,16.86076995428607,41.09577203818025,16.86132567064774,41.09575898407665,16.861403291409037
flow_0_143,41.09433377805168,16.860614722600705,41.094611131446,16.86076995428607,41.09326327598272,16.856459442663375,41.09325705252129,16.85653261037847
flow_0_144,41.09433377805168,16.860614722600705,41.094611131446,16.86076995428607,41.09588692434208,16.86204201283392,41.096023183819085,16.86206015013157
flow_0_145,41.09433377805168,16.860614722600705,41.094611131446,16.86076995428607,41.096023183819085,16.86206015013157,41.09607053280287,16.862073156374553
flow_0_146,41.09433377805168,16.860614722600705,41.094611131446,16.86076995428607,41.09607053280287,16.862073156374553,41.09624619327664,16.862345189534487
flow_0_147,41.09433377805168,16.860614722600705,41.094611131446,16.86076995428607,41.09406666971318,16.861809974981103,41.09374076152227,16.861733142040123
flow_0_148,41.09433377805168,16.860614722600705,41.094611131446,16.86076995428607,41.09428507077666,16.861822930016572,41.094248634240174,16.861820234016683
flow_0_149,41.09433377805168,16.860614722600705,41.094611131446,16.86076995428607,41.09422326217536,16.861818445841735,41.09406666971318,16.861809974981103
flow_0_150,41.09433377805168,16.860614722600705,41.094611131446,16.86076995428607,41.09606913880409,16.857384087393385,41.09607773810893,16.85711333011326
flow_0_151,41.09433377805168,16.860614722600705,41.094611131446,16.86076995428607,41.093433790346566,16.855687830843742,41.09352569242476,16.85465158647345
flow_0_152,41.09433377805168,16.860614722600705,41.094611131446,16.86076995428607,41.09257525037648,16.866055037799217,41.08991586912939,16.865878687144406
flow_0_153,41.09433377805168,16.860614722600705,41.094611131446,16.86076995428607,41.09637979984023,16.861535604961926,41.096390396588056,16.86145398483175
flow_0_154,41.09433377805168,16.860614722600705,41.094611131446,16.86076995428607,41.096390396588056,16.86145398483175,41.09617566373433,16.86105237527639
flow_0_155,41.09433377805168,16.860614722600705,41.094611131446,16.86076995428607,41.09333584930795,16.855672929401177,41.09331846638719,16.855846153569416
flow_0_156,41.09433377805168,16.860614722600705,41.094611131446,16.86076995428607,41.09331846638719,16.855846153569416,41.09330344191395,16.855984796607544
flow_0_157,41.09433377805168,16.860614722600705,41.094611131446,16.86076995428607,41.09328897220411,16.85615607855325,41.093276282258536,16.856306336332803
flow_0_158,41.09433377805168,16.860614722600705,41.094611131446,16.86076995428607,41.09309962997091,16.8641768999245,41.09122003932151,16.863954806076606
flow_0_159,41.09433377805168,16.860614722600705,41.094611131446,16.86076995428607,41.09590934506375,16.85589778274809,41.09589464404242,16.856597607978603
flow_0_160,41.09433377805168,16.860614722600705,41.094611131446,16.86076995428607,41.095864883749904,16.858939789299576,41.09579879841287,16.860483307032734
flow_0_161,41.09433377805168,16.860614722600705,41.094611131446,16.86076995428607,41.09410258065408,16.854547680343014,41.0940220774019,16.854495884667088
flow_0_162,41.09433377805168,16.860614722600705,41.094611131446,16.86076995428607,41.09290701188394,16.85345153155061,41.09274366748828,16.853398004520955
flow_0_163,41.09433377805168,16.860614722600705,41.094611131446,16.86076995428607,41.09289989869124,16.857979997773366,41.0924620240455,16.857540225068156
flow_0_164,41.09433377805168,16.860614722600705,41.094611131446,16.86076995428607,41.09762167433529,16.86078183182401,41.0975908593457,16.860854905020272
flow_0_165,41.09433377805168,16.860614722600705,41.094611131446,16.86076995428607,41.09783406893447,16.85935956518292,41.09781757948696,16.860074005211207
flow_0_166,41.09433377805168,16.860614722600705,41.094611131446,16.86076995428607,41.09781757948696,16.860074005211207,41.09773009884011,16.860532461562137
flow_0_167,41.09433377805168,16.860614722600705,41.094611131446,16.86076995428607,41.09788351207976,16.86008527251128,41.097886790174485,16.85993247707892
flow_0_168,41.09433377805168,16.860614722600705,41.094611131446,16.86076995428607,41.097886790174485,16.85993247707892,41.097887056561405,16.859358083149928
flow_0_169,41.09433377805168,16.860614722600705,41.094611131446,16.86076995428607,41.09752079197923,16.86113857805688,41.097541272342,16.861158803055236
flow_0_170,41.09433377805168,16.860614722600705,41.094611131446,16.86076995428607,41.09346290764322,16.859512259912492,41.0937563740557,16.85923859402608
flow_0_171,41.09433377805168,16.860614722600705,41.094611131446,16.86076995428607,41.09575898407665,16.861403291409037,41.09556026737646,16.861799770540163
flow_0_172,41.09433377805168,16.860614722600705,41.094611131446,16.86076995428607,41.09556026737646,16.861799770540163,41.09428507077666,16.861822930016572
flow_0_173,41.09433377805168,16.860614722600705,41.094611131446,16.86076995428607,41.09717022441964,16.862141610446756,41.09717150257013,16.862346685598727
flow_0_174,41.09433377805168,16.860614722600705,41.094611131446,16.86076995428607,41.094497059549575,16.854662484304253,41.09459493177244,16.85467607291383
flow_0_175,41.09433377805168,16.860614722600705,41.094611131446,16.86076995428607,41.093159424293006,16.861119861413044,41.092910609638544,16.861550868324073
flow_0_176,41.09433377805168,16.860614722600705,41.094611131446,16.86076995428607,41.094611131446,16.86076995428607,41.09433377805168,16.860614722600705
flow_0_177,41.09433377805168,16.860614722600705,41.094611131446,16.86076995428607,41.094481033476846,16.855484180652265,41.09590934506375,16.85589778274809
flow_0_178,41.09433377805168,16.860614722600705,41.094611131446,16.86076995428607,41.09320904205983,16.86036794969964,41.093226008438016,16.859824905081403
flow_0_179,41.093276282258536,16.856306336332803,41.09326327598272,16.856459442663375,41.09628587040379,16.863506396736675,41.09627339570725,16.863759660301465
flow_0_180,41.093276282258536,16.856306336332803,41.09326327598272,16.856459442663375,41.09267829914716,16.854073630954087,41.09207574955028,16.85389154719994
flow_0_181,41.093276282258536,16.856306336332803,41.09326327598272,16.856459442663375,41.09717150257013,16.862346685598727,41.09717022441964,16.862141610446756
flow_0_182,41.093276282258536,16.856306336332803,41.09326327598272,16.856459442663375,41.09782874807601,16.858422322289133,41.09720965467912,16.86010828803053
flow_0_183,41.093276282258536,16.856306336332803,41.09326327598272,16.856459442663375,41.09590934506375,16.85589778274809,41.094481033476846,16.855484180652265
flow_0_184,41.093276282258536,16.856306336332803,41.09326327598272,16.856459442663375,41.09390877175432,16.860555577386883,41.09389978504193,16.86089441913475
flow_0_185,41.093276282258536,16.856306336332803,41.09326327598272,16.856459442663375,41.09289989869124,16.857979997773366,41.09252833667128,16.85806965698529
flow_0_186,41.093276282258536,16.856306336332803,41.09326327598272,16.856459442663375,41.09575898407665,16.861403291409037,41.09578940828096,16.861627521735652
flow_0_187,41.093276282258536,16.856306336332803,41.09326327598272,16.856459442663375,41.09577203818025,16.86132567064774,41.09575898407665,16.861403291409037
flow_0_188,41.093276282258536,16.856306336332803,41.09326327598272,16.856459442663375,41.09326327598272,16.856459442663375,41.09325705252129,16.85653261037847
flow_0_189,41.093276282258536,16.856306336332803,41.09326327598272,16.856459442663375,41.09588692434208,16.86204201283392,41.096023183819085,16.86206015013157
flow_0_190,41.093276282258536,16.856306336332803,41.09326327598272,16.856459442663375,41.096023183819085,16.86206015013157,41.09607053280287,16.862073156374553
flow_0_191,41.093276282258536,16.856306336332803,41.09326327598272,16.856459442663375,41.09607053280287,16.862073156374553,41.09624619327664,16.862345189534487
flow_0_192,41.093276282258536,16.856306336332803,41.09326327598272,16.856459442663375,41.09406666971318,16.861809974981103,41.09374076152227,16.861733142040123
flow_0_193,41.093276282258536,16.856306336332803,41.09326327598272,16.856459442663375,41.09428507077666,16.861822930016572,41.094248634240174,16.861820234016683
flow_0_194,41.093276282258536,16.856306336332803,41.09326327598272,16.856459442663375,41.09422326217536,16.861818445841735,41.09406666971318,16.861809974981103
flow_0_195,41.093276282258536,16.856306336332803,41.09326327598272,16.856459442663375,41.09606913880409,16.857384087393385,41.09607773810893,16.85711333011326
flow_0_196,41.093276282258536,16.856306336332803,41.09326327598272,16.856459442663375,41.093433790346566,16.855687830843742,41.09352569242476,16.85465158647345
flow_0_197,41.093276282258536,16.856306336332803,41.09326327598272,16.856459442663375,41.09257525037648,16.866055037799217,41.08991586912939,16.865878687144406
flow_0_198,41.093276282258536,16.856306336332803,41.09326327598272,16.856459442663375,41.09637979984023,16.861535604961926,41.096390396588056,16.86145398483175
flow_0_199,41.093276282258536,16.856306336332803,41.09326327598272,16.856459442663375,41.096390396588056,16.86145398483175,41.09617566373433,16.86105237527639
flow_0_200,41.093276282258536,16.856306336332803,41.09326327598272,16.856459442663375,41.09333584930795,16.855672929401177,41.09331846638719,16.855846153569416
flow_0_201,41.093276282258536,16.856306336332803,41.09326327598272,16.856459442663375,41.09331846638719,16.855846153569416,41.09330344191395,16.855984796607544
flow_0_202,41.093276282258536,16.856306336332803,41.09326327598272,16.856459442663375,41.09328897220411,16.85615607855325,41.093276282258536,16.856306336332803
flow_0_203,41.093276282258536,16.856306336332803,41.09326327598272,16.856459442663375,41.09309962997091,16.8641768999245,41.09122003932151,16.863954806076606
flow_0_204,41.093276282258536,16.856306336332803,41.09326327598272,16.856459442663375,41.09590934506375,16.85589778274809,41.09589464404242,16.856597607978603
flow_0_205,41.093276282258536,16.856306336332803,41.09326327598272,16.856459442663375,41.095864883749904,16.858939789299576,41.09579879841287,16.860483307032734
flow_0_206,41.093276282258536,16.856306336332803,41.09326327598272,16.856459442663375,41.09410258065408,16.854547680343014,41.0940220774019,16.854495884667088
flow_0_207,41.093276282258536,16.856306336332803,41.09326327598272,16.856459442663375,41.09290701188394,16.85345153155061,41.09274366748828,16.853398004520955
flow_0_208,41.093276282258536,16.856306336332803,41.09326327598272,16.856459442663375,41.09289989869124,16.857979997773366,41.0924620240455,16.857540225068156
flow_0_209,41.093276282258536,16.856306336332803,41.09326327598272,16.856459442663375,41.09762167433529,16.86078183182401,41.0975908593457,16.860854905020272
flow_0_210,41.093276282258536,16.856306336332803,41.09326327598272,16.856459442663375,41.09783406893447,16.85935956518292,41.09781757948696,16.860074005211207
flow_0_211,41.093276282258536,16.856306336332803,41.09326327598272,16.856459442663375,41.09781757948696,16.860074005211207,41.09773009884011,16.860532461562137
flow_0_212,41.093276282258536,16.856306336332803,41.09326327598272,16.856459442663375,41.09788351207976,16.86008527251128,41.097886790174485,16.85993247707892
flow_0_213,41.093276282258536,16.856306336332803,41.09326327598272,16.856459442663375,41.097886790174485,16.85993247707892,41.097887056561405,16.859358083149928
flow_0_214,41.093276282258536,16.856306336332803,41.09326327598272,16.856459442663375,41.09752079197923,16.86113857805688,41.097541272342,16.861158803055236
flow_0_215,41.093276282258536,16.856306336332803,41.09326327598272,16.856459442663375,41.09346290764322,16.859512259912492,41.0937563740557,16.85923859402608
flow_0_216,41.093276282258536,16.856306336332803,41.09326327598272,16.856459442663375,41.09575898407665,16.861403291409037,41.09556026737646,16.861799770540163
flow_0_217,41.093276282258536,16.856306336332803,41.09326327598272,16.856459442663375,41.09556026737646,16.861799770540163,41.09428507077666,16.861822930016572
flow_0_218,41.093276282258536,16.856306336332803,41.09326327598272,16.856459442663375,41.09717022441964,16.862141610446756,41.09717150257013,16.862346685598727
flow_0_219,41.093276282258536,16.856306336332803,41.09326327598272,16.856459442663375,41.094497059549575,16.854662484304253,41.09459493177244,16.85467607291383
flow_0_220,41.093276282258536,16.856306336332803,41.09326327598272,16.856459442663375,41.093159424293006,16.861119861413044,41.092910609638544,16.861550868324073
flow_0_221,41.093276282258536,16.856306336332803,41.09326327598272,16.856459442663375,41.094611131446,16.86076995428607,41.09433377805168,16.860614722600705
flow_0_222,41.093276282258536,16.856306336332803,41.09326327598272,16.856459442663375,41.094481033476846,16.855484180652265,41.09590934506375,16.85589778274809
flow_0_223,41.093276282258536,16.856306336332803,41.09326327598272,16.856459442663375,41.09320904205983,16.86036794969964,41.093226008438016,16.859824905081403
flow_0_224,41.09565135091025,16.86201595031514,41.09588692434208,16.86204201283392,41.09628587040379,16.863506396736675,41.09627339570725,16.863759660301465
flow_0_225,41.09565135091025,16.86201595031514,41.09588692434208,16.86204201283392,41.09267829914716,16.854073630954087,41.09207574955028,16.85389154719994
flow_0_226,41.09565135091025,16.86201595031514,41.09588692434208,16.86204201283392,41.09717150257013,16.862346685598727,41.09717022441964,16.862141610446756
flow_0_227,41.09565135091025,16.86201595031514,41.09588692434208,16.86204201283392,41.09782874807601,16.858422322289133,41.09720965467912,16.86010828803053
flow_0_228,41.09565135091025,16.86201595031514,41.09588692434208,16.86204201283392,41.09590934506375,16.85589778274809,41.094481033476846,16.855484180652265
flow_0_229,41.09565135091025,16.86201595031514,41.09588692434208,16.86204201283392,41.09390877175432,16.860555577386883,41.09389978504193,16.86089441913475
flow_0_230,41.09565135091025,16.86201595031514,41.09588692434208,16.86204201283392,41.09289989869124,16.857979997773366,41.09252833667128,16.85806965698529
flow_0_231,41.09565135091025,16.86201595031514,41.09588692434208,16.86204201283392,41.09575898407665,16.861403291409037,41.09578940828096,16.861627521735652
flow_0_232,41.09565135091025,16.86201595031514,41.09588692434208,16.86204201283392,41.09577203818025,16.86132567064774,41.09575898407665,16.861403291409037
flow_0_233,41.09565135091025,16.86201595031514,41.09588692434208,16.86204201283392,41.09326327598272,16.856459442663375,41.09325705252129,16.85653261037847
flow_0_234,41.09565135091025,16.86201595031514,41.09588692434208,16.86204201283392,41.09588692434208,16.86204201283392,41.096023183819085,16.86206015013157
flow_0_235,41.09565135091025,16.86201595031514,41.09588692434208,16.86204201283392,41.096023183819085,16.86206015013157,41.09607053280287,16.862073156374553
flow_0_236,41.09565135091025,16.86201595031514,41.09588692434208,16.86204201283392,41.09607053280287,16.862073156374553,41.09624619327664,16.862345189534487
flow_0_237,41.09565135091025,16.86201595031514,41.09588692434208,16.86204201283392,41.09406666971318,16.861809974981103,41.09374076152227,16.861733142040123
flow_0_238,41.09565135091025,16.86201595031514,41.09588692434208,16.86204201283392,41.09428507077666,16.861822930016572,41.094248634240174,16.861820234016683
flow_0_239,41.09565135091025,16.86201595031514,41.09588692434208,16.86204201283392,41.09422326217536,16.861818445841735,41.09406666971318,16.861809974981103
flow_0_240,41.09565135091025,16.86201595031514,41.09588692434208,16.86204201283392,41.09606913880409,16.857384087393385,41.09607773810893,16.85711333011326
flow_0_241,41.09565135091025,16.86201595031514,41.09588692434208,16.86204201283392,41.093433790346566,16.855687830843742,41.09352569242476,16.85465158647345
flow_0_242,41.09565135091025,16.86201595031514,41.09588692434208,16.86204201283392,41.09257525037648,16.866055037799217,41.08991586912939,16.865878687144406
flow_0_243,41.09565135091025,16.86201595031514,41.09588692434208,16.86204201283392,41.09637979984023,16.861535604961926,41.096390396588056,16.86145398483175
flow_0_244,41.09565135091025,16.86201595031514,41.09588692434208,16.86204201283392,41.096390396588056,16.86145398483175,41.09617566373433,16.86105237527639
flow_0_245,41.09565135091025,16.86201595031514,41.09588692434208,16.86204201283392,41.09333584930795,16.855672929401177,41.09331846638719,16.855846153569416
flow_0_246,41.09565135091025,16.86201595031514,41.09588692434208,16.86204201283392,41.09331846638719,16.855846153569416,41.09330344191395,16.855984796607544
flow_0_247,41.09565135091025,16.86201595031514,41.09588692434208,16.86204201283392,41.09328897220411,16.85615607855325,41.093276282258536,16.856306336332803
flow_0_248,41.09565135091025,16.86201595031514,41.09588692434208,16.86204201283392,41.09309962997091,16.8641768999245,41.09122003932151,16.863954806076606
flow_0_249,41.09565135091025,16.86201595031514,41.09588692434208,16.86204201283392,41.09590934506375,16.85589778274809,41.09589464404242,16.856597607978603
flow_0_250,41.09565135091025,16.86201595031514,41.09588692434208,16.86204201283392,41.095864883749904,16.858939789299576,41.09579879841287,16.860483307032734
flow_0_251,41.09565135091025,16.86201595031514,41.09588692434208,16.86204201283392,41.09410258065408,16.854547680343014,41.0940220774019,16.854495884667088
flow_0_252,41.09565135091025,16.86201595031514,41.09588692434208,16.86204201283392,41.09290701188394,16.85345153155061,41.09274366748828,16.853398004520955
flow_0_253,41.09565135091025,16.86201595031514,41.09588692434208,16.86204201283392,41.09289989869124,16.857979997773366,41.0924620240455,16.857540225068156
flow_0_254,41.09565135091025,16.86201595031514,41.09588692434208,16.86204201283392,41.09762167433529,16.86078183182401,41.0975908593457,16.860854905020272
flow_0_255,41.09565135091025,16.86201595031514,41.09588692434208,16.86204201283392,41.09783406893447,16.85935956518292,41.09781757948696,16.860074005211207
flow_0_256,41.09565135091025,16.86201595031514,41.09588692434208,16.86204201283392,41.09781757948696,16.860074005211207,41.09773009884011,16.860532461562137
flow_0_257,41.09565135091025,16.86201595031514,41.09588692434208,16.86204201283392,41.09788351207976,16.86008527251128,41.097886790174485,16.85993247707892
flow_0_258,41.09565135091025,16.86201595031514,41.09588692434208,16.86204201283392,41.097886790174485,16.85993247707892,41.097887056561405,16.859358083149928
flow_0_259,41.09565135091025,16.86201595031514,41.09588692434208,16.86204201283392,41.09752079197923,16.86113857805688,41.097541272342,16.861158803055236
flow_0_260,41.09565135091025,16.86201595031514,41.09588692434208,16.86204201283392,41.09346290764322,16.859512259912492,41.0937563740557,16.85923859402608
flow_0_261,41.09565135091025,16.86201595031514,41.09588692434208,16.86204201283392,41.09575898407665,16.861403291409037,41.09556026737646,16.861799770540163
flow_0_262,41.09565135091025,16.86201595031514,41.09588692434208,16.86204201283392,41.09556026737646,16.861799770540163,41.09428507077666,16.861822930016572
flow_0_263,41.09565135091025,16.86201595031514,41.09588692434208,16.86204201283392,41.09717022441964,16.862141610446756,41.09717150257013,16.862346685598727
flow_0_264,41.09565135091025,16.86201595031514,41.09588692434208,16.86204201283392,41.094497059549575,16.854662484304253,41.09459493177244,16.85467607291383
flow_0_265,41.09565135091025,16.86201595031514,41.09588692434208,16.86204201283392,41.093159424293006,16.861119861413044,41.092910609638544,16.861550868324073
flow_0_266,41.09565135091025,16.86201595031514,41.09588692434208,16.86204201283392,41.094611131446,16.86076995428607,41.09433377805168,16.860614722600705
flow_0_267,41.09565135091025,16.86201595031514,41.09588692434208,16.86204201283392,41.094481033476846,16.855484180652265,41.09590934506375,16.85589778274809
flow_0_268,41.09565135091025,16.86201595031514,41.09588692434208,16.86204201283392,41.09320904205983,16.86036794969964,41.093226008438016,16.859824905081403
flow_0_269,41.09588692434208,16.86204201283392,41.096023183819085,16.86206015013157,41.09628587040379,16.863506396736675,41.09627339570725,16.863759660301465
flow_0_270,41.09588692434208,16.86204201283392,41.096023183819085,16.86206015013157,41.09267829914716,16.854073630954087,41.09207574955028,16.85389154719994
flow_0_271,41.09588692434208,16.86204201283392,41.096023183819085,16.86206015013157,41.09717150257013,16.862346685598727,41.09717022441964,16.862141610446756
flow_0_272,41.09588692434208,16.86204201283392,41.096023183819085,16.86206015013157,41.09782874807601,16.858422322289133,41.09720965467912,16.86010828803053
flow_0_273,41.09588692434208,16.86204201283392,41.096023183819085,16.86206015013157,41.09590934506375,16.85589778274809,41.094481033476846,16.855484180652265
flow_0_274,41.09588692434208,16.86204201283392,41.096023183819085,16.86206015013157,41.09390877175432,16.860555577386883,41.09389978504193,16.86089441913475
flow_0_275,41.09588692434208,16.86204201283392,41.096023183819085,16.86206015013157,41.09289989869124,16.857979997773366,41.09252833667128,16.85806965698529
flow_0_276,41.09588692434208,16.86204201283392,41.096023183819085,16.86206015013157,41.09575898407665,16.861403291409037,41.09578940828096,16.861627521735652
flow_0_277,41.09588692434208,16.86204201283392,41.096023183819085,16.86206015013157,41.09577203818025,16.86132567064774,41.09575898407665,16.861403291409037
flow_0_278,41.09588692434208,16.86204201283392,41.096023183819085,16.86206015013157,41.09326327598272,16.856459442663375,41.09325705252129,16.85653261037847
flow_0_279,41.09588692434208,16.86204201283392,41.096023183819085,16.86206015013157,41.096023183819085,16.86206015013157,41.09607053280287,16.862073156374553
flow_0_280,41.09588692434208,16.86204201283392,41.096023183819085,16.86206015013157,41.09607053280287,16.862073156374553,41.09624619327664,16.862345189534487
flow_0_281,41.09588692434208,16.86204201283392,41.096023183819085,16.86206015013157,41.09406666971318,16.861809974981103,41.09374076152227,16.861733142040123
flow_0_282,41.09588692434208,16.86204201283392,41.096023183819085,16.86206015013157,41.09428507077666,16.861822930016572,41.094248634240174,16.861820234016683
flow_0_283,41.09588692434208,16.86204201283392,41.096023183819085,16.86206015013157,41.09422326217536,16.861818445841735,41.09406666971318,16.861809974981103
flow_0_284,41.09588692434208,16.86204201283392,41.096023183819085,16.86206015013157,41.09606913880409,16.857384087393385,41.09607773810893,16.85711333011326
flow_0_285,41.09588692434208,16.86204201283392,41.096023183819085,16.86206015013157,41.093433790346566,16.855687830843742,41.09352569242476,16.85465158647345
flow_0_286,41.09588692434208,16.86204201283392,41.096023183819085,16.86206015013157,41.09257525037648,16.866055037799217,41.08991586912939,16.865878687144406
flow_0_287,41.09588692434208,16.86204201283392,41.096023183819085,16.86206015013157,41.09637979984023,16.861535604961926,41.096390396588056,16.86145398483175
flow_0_288,41.09588692434208,16.86204201283392,41.096023183819085,16.86206015013157,41.096390396588056,16.86145398483175,41.09617566373433,16.86105237527639
flow_0_289,41.09588692434208,16.86204201283392,41.096023183819085,16.86206015013157,41.09333584930795,16.855672929401177,41.09331846638719,16.855846153569416
flow_0_290,41.09588692434208,16.86204201283392,41.096023183819085,16.86206015013157,41.09331846638719,16.855846153569416,41.09330344191395,16.855984796607544
flow_0_291,41.09588692434208,16.86204201283392,41.096023183819085,16.86206015013157,41.09328897220411,16.85615607855325,41.093276282258536,16.856306336332803
flow_0_292,41.09588692434208,16.86204201283392,41.096023183819085,16.86206015013157,41.09309962997091,16.8641768999245,41.09122003932151,16.863954806076606
flow_0_293,41.09588692434208,16.86204201283392,41.096023183819085,16.86206015013157,41.09590934506375,16.85589778274809,41.09589464404242,16.856597607978603
flow_0_294,41.09588692434208,16.86204201283392,41.096023183819085,16.86206015013157,41.095864883749904,16.858939789299576,41.09579879841287,16.860483307032734
flow_0_295,41.09588692434208,16.86204201283392,41.096023183819085,16.86206015013157,41.09410258065408,16.854547680343014,41.0940220774019,16.854495884667088
flow_0_296,41.09588692434208,16.86204201283392,41.096023183819085,16.86206015013157,41.09290701188394,16.85345153155061,41.09274366748828,16.853398004520955
flow_0_297,41.09588692434208,16.86204201283392,41.096023183819085,16.86206015013157,41.09289989869124,16.857979997773366,41.0924620240455,16.857540225068156
flow_0_298,41.09588692434208,16.86204201283392,41.096023183819085,16.86206015013157,41.09762167433529,16.86078183182401,41.0975908593457,16.860854905020272
flow_0_299,41.09588692434208,16.86204201283392,41.096023183819085,16.86206015013157,41.09783406893447,16.85935956518292,41.09781757948696,16.860074005211207
flow_0_300,41.09588692434208,16.86204201283392,41.096023183819085,16.86206015013157,41.09781757948696,16.860074005211207,41.09773009884011,16.860532461562137
flow_0_301,41.09588692434208,16.86204201283392,41.096023183819085,16.86206015013157,41.09788351207976,16.86008527251128,41.097886790174485,16.85993247707892
flow_0_302,41.09588692434208,16.86204201283392,41.096023183819085,16.86206015013157,41.097886790174485,16.85993247707892,41.097887056561405,16.859358083149928
flow_0_303,41.09588692434208,16.86204201283392,41.096023183819085,16.86206015013157,41.09752079197923,16.86113857805688,41.097541272342,16.861158803055236
flow_0_304,41.09588692434208,16.86204201283392,41.096023183819085,16.86206015013157,41.09346290764322,16.859512259912492,41.0937563740557,16.85923859402608
flow_0_305,41.09588692434208,16.86204201283392,41.096023183819085,16.86206015013157,41.09575898407665,16.861403291409037,41.09556026737646,16.861799770540163
flow_0_306,41.09588692434208,16.86204201283392,41.096023183819085,16.86206015013157,41.09556026737646,16.861799770540163,41.09428507077666,16.861822930016572
flow_0_307,41.09588692434208,16.86204201283392,41.096023183819085,16.86206015013157,41.09717022441964,16.862141610446756,41.09717150257013,16.862346685598727
flow_0_308,41.09588692434208,16.86204201283392,41.096023183819085,16.86206015013157,41.094497059549575,16.854662484304253,41.09459493177244,16.85467607291383
flow_0_309,41.09588692434208,16.86204201283392,41.096023183819085,16.86206015013157,41.093159424293006,16.861119861413044,41.092910609638544,16.861550868324073
flow_0_310,41.09588692434208,16.86204201283392,41.096023183819085,16.86206015013157,41.094611131446,16.86076995428607,41.09433377805168,16.860614722600705
flow_0_311,41.09588692434208,16.86204201283392,41.096023183819085,16.86206015013157,41.094481033476846,16.855484180652265,41.09590934506375,16.85589778274809
flow_0_312,41.09588692434208,16.86204201283392,41.096023183819085,16.86206015013157,41.09320904205983,16.86036794969964,41.093226008438016,16.859824905081403
flow_0_313,41.09406666971318,16.861809974981103,41.09374076152227,16.861733142040123,41.09628587040379,16.863506396736675,41.09627339570725,16.863759660301465
flow_0_314,41.09406666971318,16.861809974981103,41.09374076152227,16.861733142040123,41.09267829914716,16.854073630954087,41.09207574955028,16.85389154719994
flow_0_315,41.09406666971318,16.861809974981103,41.09374076152227,16.861733142040123,41.09717150257013,16.862346685598727,41.09717022441964,16.862141610446756
flow_0_316,41.09406666971318,16.861809974981103,41.09374076152227,16.861733142040123,41.09782874807601,16.858422322289133,41.09720965467912,16.86010828803053
flow_0_317,41.09406666971318,16.861809974981103,41.09374076152227,16.861733142040123,41.09590934506375,16.85589778274809,41.094481033476846,16.855484180652265
flow_0_318,41.09406666971318,16.861809974981103,41.09374076152227,16.861733142040123,41.09390877175432,16.860555577386883,41.09389978504193,16.86089441913475
flow_0_319,41.09406666971318,16.861809974981103,41.09374076152227,16.861733142040123,41.09289989869124,16.857979997773366,41.09252833667128,16.85806965698529
flow_0_320,41.09406666971318,16.861809974981103,41.09374076152227,16.861733142040123,41.09575898407665,16.861403291409037,41.09578940828096,16.861627521735652
flow_0_321,41.09406666971318,16.861809974981103,41.09374076152227,16.861733142040123,41.09577203818025,16.86132567064774,41.09575898407665,16.861403291409037
flow_0_322,41.09406666971318,16.861809974981103,41.09374076152227,16.861733142040123,41.09326327598272,16.856459442663375,41.09325705252129,16.85653261037847
flow_0_323,41.09406666971318,16.861809974981103,41.09374076152227,16.861733142040123,41.09588692434208,16.86204201283392,41.096023183819085,16.86206015013157
flow_0_324,41.09406666971318,16.861809974981103,41.09374076152227,16.861733142040123,41.096023183819085,16.86206015013157,41.09607053280287,16.862073156374553
flow_0_325,41.09406666971318,16.861809974981103,41.09374076152227,16.861733142040123,41.09607053280287,16.862073156374553,41.09624619327664,16.862345189534487
flow_0_326,41.09406666971318,16.861809974981103,41.09374076152227,16.861733142040123,41.09428507077666,16.861822930016572,41.094248634240174,16.861820234016683
flow_0_327,41.09406666971318,16.861809974981103,41.09374076152227,16.861733142040123,41.09422326217536,16.861818445841735,41.09406666971318,16.861809974981103
flow_0_328,41.09406666971318,16.861809974981103,41.09374076152227,16.861733142040123,41.09606913880409,16.857384087393385,41.09607773810893,16.85711333011326
flow_0_329,41.09406666971318,16.861809974981103,41.09374076152227,16.861733142040123,41.093433790346566,16.855687830843742,41.09352569242476,16.85465158647345
flow_0_330,41.09406666971318,16.861809974981103,41.09374076152227,16.861733142040123,41.09257525037648,16.866055037799217,41.08991586912939,16.865878687144406
flow_0_331,41.09406666971318,16.861809974981103,41.09374076152227,16.861733142040123,41.09637979984023,16.861535604961926,41.096390396588056,16.86145398483175
flow_0_332,41.09406666971318,16.861809974981103,41.09374076152227,16.861733142040123,41.096390396588056,16.86145398483175,41.09617566373433,16.86105237527639
flow_0_333,41.09406666971318,16.861809974981103,41.09374076152227,16.861733142040123,41.09333584930795,16.855672929401177,41.09331846638719,16.855846153569416
flow_0_334,41.09406666971318,16.861809974981103,41.09374076152227,16.861733142040123,41.09331846638719,16.855846153569416,41.09330344191395,16.855984796607544
flow_0_335,41.09406666971318,16.861809974981103,41.09374076152227,16.861733142040123,41.09328897220411,16.85615607855325,41.093276282258536,16.856306336332803
flow_0_336,41.09406666971318,16.861809974981103,41.09374076152227,16.861733142040123,41.09309962997091,16.8641768999245,41.09122003932151,16.863954806076606
flow_0_337,41.09406666971318,16.861809974981103,41.09374076152227,16.861733142040123,41.09590934506375,16.85589778274809,41.09589464404242,16.856597607978603
flow_0_338,41.09406666971318,16.861809974981103,41.09374076152227,16.861733142040123,41.095864883749904,16.858939789299576,41.09579879841287,16.860483307032734
flow_0_339,41.09406666971318,16.861809974981103,41.09374076152227,16.861733142040123,41.09410258065408,16.854547680343014,41.0940220774019,16.854495884667088
flow_0_340,41.09406666971318,16.861809974981103,41.09374076152227,16.861733142040123,41.09290701188394,16.85345153155061,41.09274366748828,16.853398004520955
flow_0_341,41.09406666971318,16.861809974981103,41.09374076152227,16.861733142040123,41.09289989869124,16.857979997773366,41.0924620240455,16.857540225068156
flow_0_342,41.09406666971318,16.861809974981103,41.09374076152227,16.861733142040123,41.09762167433529,16.86078183182401,41.0975908593457,16.860854905020272
flow_0_343,41.09406666971318,16.861809974981103,41.09374076152227,16.861733142040123,41.09783406893447,16.85935956518292,41.09781757948696,16.860074005211207
flow_0_344,41.09406666971318,16.861809974981103,41.09374076152227,16.861733142040123,41.09781757948696,16.860074005211207,41.09773009884011,16.860532461562137
flow_0_345,41.09406666971318,16.861809974981103,41.09374076152227,16.861733142040123,41.09788351207976,16.86008527251128,41.097886790174485,16.85993247707892
flow_0_346,41.09406666971318,16.861809974981103,41.09374076152227,16.861733142040123,41.097886790174485,16.85993247707892,41.097887056561405,16.859358083149928
flow_0_347,41.09406666971318,16.861809974981103,41.09374076152227,16.861733142040123,41.09752079197923,16.86113857805688,41.097541272342,16.861158803055236
flow_0_348,41.09406666971318,16.861809974981103,41.09374076152227,16.861733142040123,41.09346290764322,16.859512259912492,41.0937563740557,16.85923859402608
flow_0_349,41.09406666971318,16.861809974981103,41.09374076152227,16.861733142040123,41.09575898407665,16.861403291409037,41.09556026737646,16.861799770540163
flow_0_350,41.09406666971318,16.861809974981103,41.09374076152227,16.861733142040123,41.09556026737646,16.861799770540163,41.09428507077666,16.861822930016572
flow_0_351,41.09406666971318,16.861809974981103,41.09374076152227,16.861733142040123,41.09717022441964,16.862141610446756,41.09717150257013,16.862346685598727
flow_0_352,41.09406666971318,16.861809974981103,41.09374076152227,16.861733142040123,41.094497059549575,16.854662484304253,41.09459493177244,16.85467607291383
flow_0_353,41.09406666971318,16.861809974981103,41.09374076152227,16.861733142040123,41.093159424293006,16.861119861413044,41.092910609638544,16.861550868324073
flow_0_354,41.09406666971318,16.861809974981103,41.09374076152227,16.861733142040123,41.094611131446,16.86076995428607,41.09433377805168,16.860614722600705
flow_0_355,41.09406666971318,16.861809974981103,41.09374076152227,16.861733142040123,41.094481033476846,16.855484180652265,41.09590934506375,16.85589778274809
flow_0_356,41.09406666971318,16.861809974981103,41.09374076152227,16.861733142040123,41.09320904205983,16.86036794969964,41.093226008438016,16.859824905081403
flow_0_357,41.09428507077666,16.861822930016572,41.094248634240174,16.861820234016683,41.09628587040379,16.863506396736675,41.09627339570725,16.863759660301465
flow_0_358,41.09428507077666,16.861822930016572,41.094248634240174,16.861820234016683,41.09267829914716,16.854073630954087,41.09207574955028,16.85389154719994
flow_0_359,41.09428507077666,16.861822930016572,41.094248634240174,16.861820234016683,41.09717150257013,16.862346685598727,41.09717022441964,16.862141610446756
flow_0_360,41.09428507077666,16.861822930016572,41.094248634240174,16.861820234016683,41.09782874807601,16.858422322289133,41.09720965467912,16.86010828803053
flow_0_361,41.09428507077666,16.861822930016572,41.094248634240174,16.861820234016683,41.09590934506375,16.85589778274809,41.094481033476846,16.855484180652265
flow_0_362,41.09428507077666,16.861822930016572,41.094248634240174,16.861820234016683,41.09390877175432,16.860555577386883,41.09389978504193,16.86089441913475
flow_0_363,41.09428507077666,16.861822930016572,41.094248634240174,16.861820234016683,41.09289989869124,16.857979997773366,41.09252833667128,16.85806965698529
flow_0_364,41.09428507077666,16.861822930016572,41.094248634240174,16.861820234016683,41.09575898407665,16.861403291409037,41.09578940828096,16.861627521735652
flow_0_365,41.09428507077666,16.861822930016572,41.094248634240174,16.861820234016683,41.09577203818025,16.86132567064774,41.09575898407665,16.861403291409037
flow_0_366,41.09428507077666,16.861822930016572,41.094248634240174,16.861820234016683,41.09326327598272,16.856459442663375,41.09325705252129,16.85653261037847
flow_0_367,41.09428507077666,16.861822930016572,41.094248634240174,16.861820234016683,41.09588692434208,16.86204201283392,41.096023183819085,16.86206015013157
flow_0_368,41.09428507077666,16.861822930016572,41.094248634240174,16.861820234016683,41.096023183819085,16.86206015013157,41.09607053280287,16.862073156374553
flow_0_369,41.09428507077666,16.861822930016572,41.094248634240174,16.861820234016683,41.09607053280287,16.862073156374553,41.09624619327664,16.862345189534487
flow_0_370,41.09428507077666,16.861822930016572,41.094248634240174,16.861820234016683,41.09406666971318,16.861809974981103,41.09374076152227,16.861733142040123
flow_0_371,41.09428507077666,16.861822930016572,41.094248634240174,16.861820234016683,41.09422326217536,16.861818445841735,41.09406666971318,16.861809974981103
flow_0_372,41.09428507077666,16.861822930016572,41.094248634240174,16.861820234016683,41.09606913880409,16.857384087393385,41.09607773810893,16.85711333011326
flow_0_373,41.09428507077666,16.861822930016572,41.094248634240174,16.861820234016683,41.093433790346566,16.855687830843742,41.09352569242476,16.85465158647345
flow_0_374,41.09428507077666,16.861822930016572,41.094248634240174,16.861820234016683,41.09257525037648,16.866055037799217,41.08991586912939,16.865878687144406
flow_0_375,41.09428507077666,16.861822930016572,41.094248634240174,16.861820234016683,41.09637979984023,16.861535604961926,41.096390396588056,16.86145398483175
flow_0_376,41.09428507077666,16.861822930016572,41.094248634240174,16.861820234016683,41.096390396588056,16.86145398483175,41.09617566373433,16.86105237527639
flow_0_377,41.09428507077666,16.861822930016572,41.094248634240174,16.861820234016683,41.09333584930795,16.855672929401177,41.09331846638719,16.855846153569416
flow_0_378,41.09428507077666,16.861822930016572,41.094248634240174,16.861820234016683,41.09331846638719,16.855846153569416,41.09330344191395,16.855984796607544
flow_0_379,41.09428507077666,16.861822930016572,41.094248634240174,16.861820234016683,41.09328897220411,16.85615607855325,41.093276282258536,16.856306336332803
flow_0_380,41.09428507077666,16.861822930016572,41.094248634240174,16.861820234016683,41.09309962997091,16.8641768999245,41.09122003932151,16.863954806076606
flow_0_381,41.09428507077666,16.861822930016572,41.094248634240174,16.861820234016683,41.09590934506375,16.85589778274809,41.09589464404242,16.856597607978603
flow_0_382,41.09428507077666,16.861822930016572,41.094248634240174,16.861820234016683,41.095864883749904,16.858939789299576,41.09579879841287,16.860483307032734
flow_0_383,41.09428507077666,16.861822930016572,41.094248634240174,16.861820234016683,41.09410258065408,16.854547680343014,41.0940220774019,16.854495884667088
flow_0_384,41.09428507077666,16.861822930016572,41.094248634240174,16.861820234016683,41.09290701188394,16.85345153155061,41.09274366748828,16.853398004520955
flow_0_385,41.09428507077666,16.861822930016572,41.094248634240174,16.861820234016683,41.09289989869124,16.857979997773366,41.0924620240455,16.857540225068156
flow_0_386,41.09428507077666,16.861822930016572,41.094248634240174,16.861820234016683,41.09762167433529,16.86078183182401,41.0975908593457,16.860854905020272
flow_0_387,41.09428507077666,16.861822930016572,41.094248634240174,16.861820234016683,41.09783406893447,16.85935956518292,41.09781757948696,16.860074005211207
flow_0_388,41.09428507077666,16.861822930016572,41.094248634240174,16.861820234016683,41.09781757948696,16.860074005211207,41.09773009884011,16.860532461562137
flow_0_389,41.09428507077666,16.861822930016572,41.094248634240174,16.861820234016683,41.09788351207976,16.86008527251128,41.097886790174485,16.85993247707892
flow_0_390,41.09428507077666,16.861822930016572,41.094248634240174,16.861820234016683,41.097886790174485,16.85993247707892,41.097887056561405,16.859358083149928
flow_0_391,41.09428507077666,16.861822930016572,41.094248634240174,16.861820234016683,41.09752079197923,16.86113857805688,41.097541272342,16.861158803055236
flow_0_392,41.09428507077666,16.861822930016572,41.094248634240174,16.861820234016683,41.09346290764322,16.859512259912492,41.0937563740557,16.85923859402608
flow_0_393,41.09428507077666,16.861822930016572,41.094248634240174,16.861820234016683,41.09575898407665,16.861403291409037,41.09556026737646,16.861799770540163
flow_0_394,41.09428507077666,16.861822930016572,41.094248634240174,16.861820234016683,41.09556026737646,16.861799770540163,41.09428507077666,16.861822930016572
flow_0_395,41.09428507077666,16.861822930016572,41.094248634240174,16.861820234016683,41.09717022441964,16.862141610446756,41.09717150257013,16.862346685598727
flow_0_396,41.09428507077666,16.861822930016572,41.094248634240174,16.861820234016683,41.094497059549575,16.854662484304253,41.09459493177244,16.85467607291383
flow_0_397,41.09428507077666,16.861822930016572,41.094248634240174,16.861820234016683,41.093159424293006,16.861119861413044,41.092910609638544,16.861550868324073
flow_0_398,41.09428507077666,16.861822930016572,41.094248634240174,16.861820234016683,41.094611131446,16.86076995428607,41.09433377805168,16.860614722600705
flow_0_399,41.09428507077666,16.861822930016572,41.094248634240174,16.861820234016683,41.094481033476846,16.855484180652265,41.09590934506375,16.85589778274809
flow_0_400,41.09428507077666,16.861822930016572,41.094248634240174,16.861820234016683,41.09320904205983,16.86036794969964,41.093226008438016,16.859824905081403
flow_0_401,41.09422326217536,16.861818445841735,41.09406666971318,16.861809974981103,41.09628587040379,16.863506396736675,41.09627339570725,16.863759660301465
flow_0_402,41.09422326217536,16.861818445841735,41.09406666971318,16.861809974981103,41.09267829914716,16.854073630954087,41.09207574955028,16.85389154719994
flow_0_403,41.09422326217536,16.861818445841735,41.09406666971318,16.861809974981103,41.09717150257013,16.862346685598727,41.09717022441964,16.862141610446756
flow_0_404,41.09422326217536,16.861818445841735,41.09406666971318,16.861809974981103,41.09782874807601,16.858422322289133,41.09720965467912,16.86010828803053
flow_0_405,41.09422326217536,16.861818445841735,41.09406666971318,16.861809974981103,41.09590934506375,16.85589778274809,41.094481033476846,16.855484180652265
flow_0_406,41.09422326217536,16.861818445841735,41.09406666971318,16.861809974981103,41.09390877175432,16.860555577386883,41.09389978504193,16.86089441913475
flow_0_407,41.09422326217536,16.861818445841735,41.09406666971318,16.861809974981103,41.09289989869124,16.857979997773366,41.09252833667128,16.85806965698529
flow_0_408,41.09422326217536,16.861818445841735,41.09406666971318,16.861809974981103,41.09575898407665,16.861403291409037,41.09578940828096,16.861627521735652
flow_0_409,41.09422326217536,16.861818445841735,41.09406666971318,16.861809974981103,41.09577203818025,16.86132567064774,41.09575898407665,16.861403291409037
flow_0_410,41.09422326217536,16.861818445841735,41.09406666971318,16.861809974981103,41.09326327598272,16.856459442663375,41.09325705252129,16.85653261037847
flow_0_411,41.09422326217536,16.861818445841735,41.09406666971318,16.861809974981103,41.09588692434208,16.86204201283392,41.096023183819085,16.86206015013157
flow_0_412,41.09422326217536,16.861818445841735,41.09406666971318,16.861809974981103,41.096023183819085,16.86206015013157,41.09607053280287,16.862073156374553
flow_0_413,41.09422326217536,16.861818445841735,41.09406666971318,16.861809974981103,41.09607053280287,16.862073156374553,41.09624619327664,16.862345189534487
flow_0_414,41.09422326217536,16.861818445841735,41.09406666971318,16.861809974981103,41.09406666971318,16.861809974981103,41.09374076152227,16.861733142040123
flow_0_415,41.09422326217536,16.861818445841735,41.09406666971318,16.861809974981103,41.09428507077666,16.861822930016572,41.094248634240174,16.861820234016683
flow_0_416,41.09422326217536,16.861818445841735,41.09406666971318,16.861809974981103,41.09606913880409,16.857384087393385,41.09607773810893,16.85711333011326
flow_0_417,41.09422326217536,16.861818445841735,41.09406666971318,16.861809974981103,41.093433790346566,16.855687830843742,41.09352569242476,16.85465158647345
flow_0_418,41.09422326217536,16.861818445841735,41.09406666971318,16.861809974981103,41.09257525037648,16.866055037799217,41.08991586912939,16.865878687144406
flow_0_419,41.09422326217536,16.861818445841735,41.09406666971318,16.861809974981103,41.09637979984023,16.861535604961926,41.096390396588056,16.86145398483175
flow_0_420,41.09422326217536,16.861818445841735,41.09406666971318,16.861809974981103,41.096390396588056,16.86145398483175,41.09617566373433,16.86105237527639
flow_0_421,41.09422326217536,16.861818445841735,41.09406666971318,16.861809974981103,41.09333584930795,16.855672929401177,41.09331846638719,16.855846153569416
flow_0_422,41.09422326217536,16.861818445841735,41.09406666971318,16.861809974981103,41.09331846638719,16.855846153569416,41.09330344191395,16.855984796607544
flow_0_423,41.09422326217536,16.861818445841735,41.09406666971318,16.861809974981103,41.09328897220411,16.85615607855325,41.093276282258536,16.856306336332803
flow_0_424,41.09422326217536,16.861818445841735,41.09406666971318,16.861809974981103,41.09309962997091,16.8641768999245,41.09122003932151,16.863954806076606
flow_0_425,41.09422326217536,16.861818445841735,41.09406666971318,16.861809974981103,41.09590934506375,16.85589778274809,41.09589464404242,16.856597607978603
flow_0_426,41.09422326217536,16.861818445841735,41.09406666971318,16.861809974981103,41.095864883749904,16.858939789299576,41.09579879841287,16.860483307032734
flow_0_427,41.09422326217536,16.861818445841735,41.09406666971318,16.861809974981103,41.09410258065408,16.854547680343014,41.0940220774019,16.854495884667088
flow_0_428,41.09422326217536,16.861818445841735,41.09406666971318,16.861809974981103,41.09290701188394,16.85345153155061,41.09274366748828,16.853398004520955
flow_0_429,41.09422326217536,16.861818445841735,41.09406666971318,16.861809974981103,41.09289989869124,16.857979997773366,41.0924620240455,16.857540225068156
flow_0_430,41.09422326217536,16.861818445841735,41.09406666971318,16.861809974981103,41.09762167433529,16.86078183182401,41.0975908593457,16.860854905020272
flow_0_431,41.09422326217536,16.861818445841735,41.09406666971318,16.861809974981103,41.09783406893447,16.85935956518292,41.09781757948696,16.860074005211207
flow_0_432,41.09422326217536,16.861818445841735,41.09406666971318,16.861809974981103,41.09781757948696,16.860074005211207,41.09773009884011,16.860532461562137
flow_0_433,41.09422326217536,16.861818445841735,41.09406666971318,16.861809974981103,41.09788351207976,16.86008527251128,41.097886790174485,16.85993247707892
flow_0_434,41.09422326217536,16.861818445841735,41.09406666971318,16.861809974981103,41.097886790174485,16.85993247707892,41.097887056561405,16.859358083149928
flow_0_435,41.09422326217536,16.861818445841735,41.09406666971318,16.861809974981103,41.09752079197923,16.86113857805688,41.097541272342,16.861158803055236
flow_0_436,41.09422326217536,16.861818445841735,41.09406666971318,16.861809974981103,41.09346290764322,16.859512259912492,41.0937563740557,16.85923859402608
flow_0_437,41.09422326217536,16.861818445841735,41.09406666971318,16.861809974981103,41.09575898407665,16.861403291409037,41.09556026737646,16.861799770540163
flow_0_438,41.09422326217536,16.861818445841735,41.09406666971318,16.861809974981103,41.09556026737646,16.861799770540163,41.09428507077666,16.861822930016572
flow_0_439,41.09422326217536,16.861818445841735,41.09406666971318,16.861809974981103,41.09717022441964,16.862141610446756,41.09717150257013,16.862346685598727
flow_0_440,41.09422326217536,16.861818445841735,41.09406666971318,16.861809974981103,41.094497059549575,16.854662484304253,41.09459493177244,16.85467607291383
flow_0_441,41.09422326217536,16.861818445841735,41.09406666971318,16.861809974981103,41.093159424293006,16.861119861413044,41.092910609638544,16.861550868324073
flow_0_442,41.09422326217536,16.861818445841735,41.09406666971318,16.861809974981103,41.094611131446,16.86076995428607,41.09433377805168,16.860614722600705
flow_0_443,41.09422326217536,16.861818445841735,41.09406666971318,16.861809974981103,41.094481033476846,16.855484180652265,41.09590934506375,16.85589778274809
flow_0_444,41.09422326217536,16.861818445841735,41.09406666971318,16.861809974981103,41.09320904205983,16.86036794969964,41.093226008438016,16.859824905081403
flow_0_445,41.09606913880409,16.857384087393385,41.09607773810893,16.85711333011326,41.09628587040379,16.863506396736675,41.09627339570725,16.863759660301465
flow_0_446,41.09606913880409,16.857384087393385,41.09607773810893,16.85711333011326,41.09267829914716,16.854073630954087,41.09207574955028,16.85389154719994
flow_0_447,41.09606913880409,16.857384087393385,41.09607773810893,16.85711333011326,41.09717150257013,16.862346685598727,41.09717022441964,16.862141610446756
flow_0_448,41.09606913880409,16.857384087393385,41.09607773810893,16.85711333011326,41.09782874807601,16.858422322289133,41.09720965467912,16.86010828803053
flow_0_449,41.09606913880409,16.857384087393385,41.09607773810893,16.85711333011326,41.09590934506375,16.85589778274809,41.094481033476846,16.855484180652265
flow_0_450,41.09606913880409,16.857384087393385,41.09607773810893,16.85711333011326,41.09390877175432,16.860555577386883,41.09389978504193,16.86089441913475
flow_0_451,41.09606913880409,16.857384087393385,41.09607773810893,16.85711333011326,41.09289989869124,16.857979997773366,41.09252833667128,16.85806965698529
flow_0_452,41.09606913880409,16.857384087393385,41.09607773810893,16.85711333011326,41.09575898407665,16.861403291409037,41.09578940828096,16.861627521735652
flow_0_453,41.09606913880409,16.857384087393385,41.09607773810893,16.85711333011326,41.09577203818025,16.86132567064774,41.09575898407665,16.861403291409037
flow_0_454,41.09606913880409,16.857384087393385,41.09607773810893,16.85711333011326,41.09326327598272,16.856459442663375,41.09325705252129,16.85653261037847
flow_0_455,41.09606913880409,16.857384087393385,41.09607773810893,16.85711333011326,41.09588692434208,16.86204201283392,41.096023183819085,16.86206015013157
flow_0_456,41.09606913880409,16.857384087393385,41.09607773810893,16.85711333011326,41.096023183819085,16.86206015013157,41.09607053280287,16.862073156374553
flow_0_457,41.09606913880409,16.857384087393385,41.09607773810893,16.85711333011326,41.09607053280287,16.862073156374553,41.09624619327664,16.862345189534487
flow_0_458,41.09606913880409,16.857384087393385,41.09607773810893,16.85711333011326,41.09406666971318,16.861809974981103,41.09374076152227,16.861733142040123
flow_0_459,41.09606913880409,16.857384087393385,41.09607773810893,16.85711333011326,41.09428507077666,16.861822930016572,41.094248634240174,16.861820234016683
flow_0_460,41.09606913880409,16.857384087393385,41.09607773810893,16.85711333011326,41.09422326217536,16.861818445841735,41.09406666971318,16.861809974981103
flow_0_461,41.09606913880409,16.857384087393385,41.09607773810893,16.85711333011326,41.093433790346566,16.855687830843742,41.09352569242476,16.85465158647345
flow_0_462,41.09606913880409,16.857384087393385,41.09607773810893,16.85711333011326,41.09257525037648,16.866055037799217,41.08991586912939,16.865878687144406
flow_0_463,41.09606913880409,16.857384087393385,41.09607773810893,16.85711333011326,41.09637979984023,16.861535604961926,41.096390396588056,16.86145398483175
flow_0_464,41.09606913880409,16.857384087393385,41.09607773810893,16.85711333011326,41.096390396588056,16.86145398483175,41.09617566373433,16.86105237527639
flow_0_465,41.09606913880409,16.857384087393385,41.09607773810893,16.85711333011326,41.09333584930795,16.855672929401177,41.09331846638719,16.855846153569416
flow_0_466,41.09606913880409,16.857384087393385,41.09607773810893,16.85711333011326,41.09331846638719,16.855846153569416,41.09330344191395,16.855984796607544
flow_0_467,41.09606913880409,16.857384087393385,41.09607773810893,16.85711333011326,41.09328897220411,16.85615607855325,41.093276282258536,16.856306336332803
flow_0_468,41.09606913880409,16.857384087393385,41.09607773810893,16.85711333011326,41.09309962997091,16.8641768999245,41.09122003932151,16.863954806076606
flow_0_469,41.09606913880409,16.857384087393385,41.09607773810893,16.85711333011326,41.09590934506375,16.85589778274809,41.09589464404242,16.856597607978603
flow_0_470,41.09606913880409,16.857384087393385,41.09607773810893,16.85711333011326,41.095864883749904,16.858939789299576,41.09579879841287,16.860483307032734
flow_0_471,41.09606913880409,16.857384087393385,41.09607773810893,16.85711333011326,41.09410258065408,16.854547680343014,41.0940220774019,16.854495884667088
flow_0_472,41.09606913880409,16.857384087393385,41.09607773810893,16.85711333011326,41.09290701188394,16.85345153155061,41.09274366748828,16.853398004520955
flow_0_473,41.09606913880409,16.857384087393385,41.09607773810893,16.85711333011326,41.09289989869124,16.857979997773366,41.0924620240455,16.857540225068156
flow_0_474,41.09606913880409,16.857384087393385,41.09607773810893,16.85711333011326,41.09762167433529,16.86078183182401,41.0975908593457,16.860854905020272
flow_0_475,41.09606913880409,16.857384087393385,41.09607773810893,16.85711333011326,41.09783406893447,16.85935956518292,41.09781757948696,16.860074005211207
flow_0_476,41.09606913880409,16.857384087393385,41.09607773810893,16.85711333011326,41.09781757948696,16.860074005211207,41.09773009884011,16.860532461562137
flow_0_477,41.09606913880409,16.857384087393385,41.09607773810893,16.85711333011326,41.09788351207976,16.86008527251128,41.097886790174485,16.85993247707892
flow_0_478,41.09606913880409,16.857384087393385,41.09607773810893,16.85711333011326,41.097886790174485,16.85993247707892,41.097887056561405,16.859358083149928
flow_0_479,41.09606913880409,16.857384087393385,41.09607773810893,16.85711333011326,41.09752079197923,16.86113857805688,41.097541272342,16.861158803055236
flow_0_480,41.09606913880409,16.857384087393385,41.09607773810893,16.85711333011326,41.09346290764322,16.859512259912492,41.0937563740557,16.85923859402608
flow_0_481,41.09606913880409,16.857384087393385,41.09607773810893,16.85711333011326,41.09575898407665,16.861403291409037,41.09556026737646,16.861799770540163
flow_0_482,41.09606913880409,16.857384087393385,41.09607773810893,16.85711333011326,41.09556026737646,16.861799770540163,41.09428507077666,16.861822930016572
flow_0_483,41.09606913880409,16.857384087393385,41.09607773810893,16.85711333011326,41.09717022441964,16.862141610446756,41.09717150257013,16.862346685598727
flow_0_484,41.09606913880409,16.857384087393385,41.09607773810893,16.85711333011326,41.094497059549575,16.854662484304253,41.09459493177244,16.85467607291383
flow_0_485,41.09606913880409,16.857384087393385,41.09607773810893,16.85711333011326,41.093159424293006,16.861119861413044,41.092910609638544,16.861550868324073
flow_0_486,41.09606913880409,16.857384087393385,41.09607773810893,16.85711333011326,41.094611131446,16.86076995428607,41.09433377805168,16.860614722600705
flow_0_487,41.09606913880409,16.857384087393385,41.09607773810893,16.85711333011326,41.094481033476846,16.855484180652265,41.09590934506375,16.85589778274809
flow_0_488,41.09606913880409,16.857384087393385,41.09607773810893,16.85711333011326,41.09320904205983,16.86036794969964,41.093226008438016,16.859824905081403
flow_0_489,41.09650060831593,16.862977371210153,41.09631375807188,16.862834804014337,41.09628587040379,16.863506396736675,41.09627339570725,16.863759660301465
flow_0_490,41.09650060831593,16.862977371210153,41.09631375807188,16.862834804014337,41.09267829914716,16.854073630954087,41.09207574955028,16.85389154719994
flow_0_491,41.09650060831593,16.862977371210153,41.09631375807188,16.862834804014337,41.09717150257013,16.862346685598727,41.09717022441964,16.862141610446756
flow_0_492,41.09650060831593,16.862977371210153,41.09631375807188,16.862834804014337,41.09782874807601,16.858422322289133,41.09720965467912,16.86010828803053
flow_0_493,41.09650060831593,16.862977371210153,41.09631375807188,16.862834804014337,41.09590934506375,16.85589778274809,41.094481033476846,16.855484180652265
flow_0_494,41.09650060831593,16.862977371210153,41.09631375807188,16.862834804014337,41.09390877175432,16.860555577386883,41.09389978504193,16.86089441913475
flow_0_495,41.09650060831593,16.862977371210153,41.09631375807188,16.862834804014337,41.09289989869124,16.857979997773366,41.09252833667128,16.85806965698529
flow_0_496,41.09650060831593,16.862977371210153,41.09631375807188,16.862834804014337,41.09575898407665,16.861403291409037,41.09578940828096,16.861627521735652
flow_0_497,41.09650060831593,16.862977371210153,41.09631375807188,16.862834804014337,41.09577203818025,16.86132567064774,41.09575898407665,16.861403291409037
flow_0_498,41.09650060831593,16.862977371210153,41.09631375807188,16.862834804014337,41.09326327598272,16.856459442663375,41.09325705252129,16.85653261037847
flow_0_499,41.09650060831593,16.862977371210153,41.09631375807188,16.862834804014337,41.09588692434208,16.86204201283392,41.096023183819085,16.86206015013157
flow_0_500,41.09650060831593,16.862977371210153,41.09631375807188,16.862834804014337,41.096023183819085,16.86206015013157,41.09607053280287,16.862073156374553
flow_0_501,41.09650060831593,16.862977371210153,41.09631375807188,16.862834804014337,41.09607053280287,16.862073156374553,41.09624619327664,16.862345189534487
flow_0_502,41.09650060831593,16.862977371210153,41.09631375807188,16.862834804014337,41.09406666971318,16.861809974981103,41.09374076152227,16.861733142040123
flow_0_503,41.09650060831593,16.862977371210153,41.09631375807188,16.862834804014337,41.09428507077666,16.861822930016572,41.094248634240174,16.861820234016683
flow_0_504,41.09650060831593,16.862977371210153,41.09631375807188,16.862834804014337,41.09422326217536,16.861818445841735,41.09406666971318,16.861809974981103
flow_0_505,41.09650060831593,16.862977371210153,41.09631375807188,16.862834804014337,41.09606913880409,16.857384087393385,41.09607773810893,16.85711333011326
flow_0_506,41.09650060831593,16.862977371210153,41.09631375807188,16.862834804014337,41.093433790346566,16.855687830843742,41.09352569242476,16.85465158647345
flow_0_507,41.09650060831593,16.862977371210153,41.09631375807188,16.862834804014337,41.09257525037648,16.866055037799217,41.08991586912939,16.865878687144406
flow_0_508,41.09650060831593,16.862977371210153,41.09631375807188,16.862834804014337,41.09637979984023,16.861535604961926,41.096390396588056,16.86145398483175
flow_0_509,41.09650060831593,16.862977371210153,41.09631375807188,16.862834804014337,41.096390396588056,16.86145398483175,41.09617566373433,16.86105237527639
flow_0_510,41.09650060831593,16.862977371210153,41.09631375807188,16.862834804014337,41.09333584930795,16.855672929401177,41.09331846638719,16.855846153569416
flow_0_511,41.09650060831593,16.862977371210153,41.09631375807188,16.862834804014337,41.09331846638719,16.855846153569416,41.09330344191395,16.855984796607544
flow_0_512,41.09650060831593,16.862977371210153,41.09631375807188,16.862834804014337,41.09328897220411,16.85615607855325,41.093276282258536,16.856306336332803
flow_0_513,41.09650060831593,16.862977371210153,41.09631375807188,16.862834804014337,41.09309962997091,16.8641768999245,41.09122003932151,16.863954806076606
flow_0_514,41.09650060831593,16.862977371210153,41.09631375807188,16.862834804014337,41.09590934506375,16.85589778274809,41.09589464404242,16.856597607978603
flow_0_515,41.09650060831593,16.862977371210153,41.09631375807188,16.862834804014337,41.095864883749904,16.858939789299576,41.09579879841287,16.860483307032734
flow_0_516,41.09650060831593,16.862977371210153,41.09631375807188,16.862834804014337,41.09410258065408,16.854547680343014,41.0940220774019,16.854495884667088
flow_0_517,41.09650060831593,16.862977371210153,41.09631375807188,16.862834804014337,41.09290701188394,16.85345153155061,41.09274366748828,16.853398004520955
flow_0_518,41.09650060831593,16.862977371210153,41.09631375807188,16.862834804014337,41.09289989869124,16.857979997773366,41.0924620240455,16.857540225068156
flow_0_519,41.09650060831593,16.862977371210153,41.09631375807188,16.862834804014337,41.09762167433529,16.86078183182401,41.0975908593457,16.860854905020272
flow_0_520,41.09650060831593,16.862977371210153,41.09631375807188,16.862834804014337,41.09783406893447,16.85935956518292,41.09781757948696,16.860074005211207
flow_0_521,41.09650060831593,16.862977371210153,41.09631375807188,16.862834804014337,41.09781757948696,16.860074005211207,41.09773009884011,16.860532461562137
flow_0_522,41.09650060831593,16.862977371210153,41.09631375807188,16.862834804014337,41.09788351207976,16.86008527251128,41.097886790174485,16.85993247707892
flow_0_523,41.09650060831593,16.862977371210153,41.09631375807188,16.862834804014337,41.097886790174485,16.85993247707892,41.097887056561405,16.859358083149928
flow_0_524,41.09650060831593,16.862977371210153,41.09631375807188,16.862834804014337,41.09752079197923,16.86113857805688,41.097541272342,16.861158803055236
flow_0_525,41.09650060831593,16.862977371210153,41.09631375807188,16.862834804014337,41.09346290764322,16.859512259912492,41.0937563740557,16.85923859402608
flow_0_526,41.09650060831593,16.862977371210153,41.09631375807188,16.862834804014337,41.09575898407665,16.861403291409037,41.09556026737646,16.861799770540163
flow_0_527,41.09650060831593,16.862977371210153,41.09631375807188,16.862834804014337,41.09556026737646,16.861799770540163,41.09428507077666,16.861822930016572
flow_0_528,41.09650060831593,16.862977371210153,41.09631375807188,16.862834804014337,41.09717022441964,16.862141610446756,41.09717150257013,16.862346685598727
flow_0_529,41.09650060831593,16.862977371210153,41.09631375807188,16.862834804014337,41.094497059549575,16.854662484304253,41.09459493177244,16.85467607291383
flow_0_530,41.09650060831593,16.862977371210153,41.09631375807188,16.862834804014337,41.093159424293006,16.861119861413044,41.092910609638544,16.861550868324073
flow_0_531,41.09650060831593,16.862977371210153,41.09631375807188,16.862834804014337,41.094611131446,16.86076995428607,41.09433377805168,16.860614722600705
flow_0_532,41.09650060831593,16.862977371210153,41.09631375807188,16.862834804014337,41.094481033476846,16.855484180652265,41.09590934506375,16.85589778274809
flow_0_533,41.09650060831593,16.862977371210153,41.09631375807188,16.862834804014337,41.09320904205983,16.86036794969964,41.093226008438016,16.859824905081403
flow_0_534,41.09207574955028,16.85389154719994,41.09267829914716,16.854073630954087,41.09628587040379,16.863506396736675,41.09627339570725,16.863759660301465
flow_0_535,41.09207574955028,16.85389154719994,41.09267829914716,16.854073630954087,41.09267829914716,16.854073630954087,41.09207574955028,16.85389154719994
flow_0_536,41.09207574955028,16.85389154719994,41.09267829914716,16.854073630954087,41.09717150257013,16.862346685598727,41.09717022441964,16.862141610446756
flow_0_537,41.09207574955028,16.85389154719994,41.09267829914716,16.854073630954087,41.09782874807601,16.858422322289133,41.09720965467912,16.86010828803053
flow_0_538,41.09207574955028,16.85389154719994,41.09267829914716,16.854073630954087,41.09590934506375,16.85589778274809,41.094481033476846,16.855484180652265
flow_0_539,41.09207574955028,16.85389154719994,41.09267829914716,16.854073630954087,41.09390877175432,16.860555577386883,41.09389978504193,16.86089441913475
flow_0_540,41.09207574955028,16.85389154719994,41.09267829914716,16.854073630954087,41.09289989869124,16.857979997773366,41.09252833667128,16.85806965698529
flow_0_541,41.09207574955028,16.85389154719994,41.09267829914716,16.854073630954087,41.09575898407665,16.861403291409037,41.09578940828096,16.861627521735652
flow_0_542,41.09207574955028,16.85389154719994,41.09267829914716,16.854073630954087,41.09577203818025,16.86132567064774,41.09575898407665,16.861403291409037
flow_0_543,41.09207574955028,16.85389154719994,41.09267829914716,16.854073630954087,41.09326327598272,16.856459442663375,41.09325705252129,16.85653261037847
flow_0_544,41.09207574955028,16.85389154719994,41.09267829914716,16.854073630954087,41.09588692434208,16.86204201283392,41.096023183819085,16.86206015013157
flow_0_545,41.09207574955028,16.85389154719994,41.09267829914716,16.854073630954087,41.096023183819085,16.86206015013157,41.09607053280287,16.862073156374553
flow_0_546,41.09207574955028,16.85389154719994,41.09267829914716,16.854073630954087,41.09607053280287,16.862073156374553,41.09624619327664,16.862345189534487
flow_0_547,41.09207574955028,16.85389154719994,41.09267829914716,16.854073630954087,41.09406666971318,16.861809974981103,41.09374076152227,16.861733142040123
flow_0_548,41.09207574955028,16.85389154719994,41.09267829914716,16.854073630954087,41.09428507077666,16.861822930016572,41.094248634240174,16.861820234016683
flow_0_549,41.09207574955028,16.85389154719994,41.09267829914716,16.854073630954087,41.09422326217536,16.861818445841735,41.09406666971318,16.861809974981103
flow_0_550,41.09207574955028,16.85389154719994,41.09267829914716,16.854073630954087,41.09606913880409,16.857384087393385,41.09607773810893,16.85711333011326
flow_0_551,41.09207574955028,16.85389154719994,41.09267829914716,16.854073630954087,41.093433790346566,16.855687830843742,41.09352569242476,16.85465158647345
flow_0_552,41.09207574955028,16.85389154719994,41.09267829914716,16.854073630954087,41.09257525037648,16.866055037799217,41.08991586912939,16.865878687144406
flow_0_553,41.09207574955028,16.85389154719994,41.09267829914716,16.854073630954087,41.09637979984023,16.861535604961926,41.096390396588056,16.86145398483175
flow_0_554,41.09207574955028,16.85389154719994,41.09267829914716,16.854073630954087,41.096390396588056,16.86145398483175,41.09617566373433,16.86105237527639
flow_0_555,41.09207574955028,16.85389154719994,41.09267829914716,16.854073630954087,41.09333584930795,16.855672929401177,41.09331846638719,16.855846153569416
flow_0_556,41.09207574955028,16.85389154719994,41.09267829914716,16.854073630954087,41.09331846638719,16.855846153569416,41.09330344191395,16.855984796607544
flow_0_557,41.09207574955028,16.85389154719994,41.09267829914716,16.854073630954087,41.09328897220411,16.85615607855325,41.093276282258536,16.856306336332803
flow_0_558,41.09207574955028,16.85389154719994,41.09267829914716,16.854073630954087,41.09309962997091,16.8641768999245,41.09122003932151,16.863954806076606
flow_0_559,41.09207574955028,16.85389154719994,41.09267829914716,16.854073630954087,41.09590934506375,16.85589778274809,41.09589464404242,16.856597607978603
flow_0_560,41.09207574955028,16.85389154719994,41.09267829914716,16.854073630954087,41.095864883749904,16.858939789299576,41.09579879841287,16.860483307032734
flow_0_561,41.09207574955028,16.85389154719994,41.09267829914716,16.854073630954087,41.09410258065408,16.854547680343014,41.0940220774019,16.854495884667088
flow_0_562,41.09207574955028,16.85389154719994,41.09267829914716,16.854073630954087,41.09290701188394,16.85345153155061,41.09274366748828,16.853398004520955
flow_0_563,41.09207574955028,16.85389154719994,41.09267829914716,16.854073630954087,41.09289989869124,16.857979997773366,41.0924620240455,16.857540225068156
flow_0_564,41.09207574955028,16.85389154719994,41.09267829914716,16.854073630954087,41.09762167433529,16.86078183182401,41.0975908593457,16.860854905020272
flow_0_565,41.09207574955028,16.85389154719994,41.09267829914716,16.854073630954087,41.09783406893447,16.85935956518292,41.09781757948696,16.860074005211207
flow_0_566,41.09207574955028,16.85389154719994,41.09267829914716,16.854073630954087,41.09781757948696,16.860074005211207,41.09773009884011,16.860532461562137
flow_0_567,41.09207574955028,16.85389154719994,41.09267829914716,16.854073630954087,41.09788351207976,16.86008527251128,41.097886790174485,16.85993247707892
flow_0_568,41.09207574955028,16.85389154719994,41.09267829914716,16.854073630954087,41.097886790174485,16.85993247707892,41.097887056561405,16.859358083149928
flow_0_569,41.09207574955028,16.85389154719994,41.09267829914716,16.854073630954087,41.09752079197923,16.86113857805688,41.097541272342,16.861158803055236
flow_0_570,41.09207574955028,16.85389154719994,41.09267829914716,16.854073630954087,41.09346290764322,16.859512259912492,41.0937563740557,16.85923859402608
flow_0_571,41.09207574955028,16.85389154719994,41.09267829914716,16.854073630954087,41.09575898407665,16.861403291409037,41.09556026737646,16.861799770540163
flow_0_572,41.09207574955028,16.85389154719994,41.09267829914716,16.854073630954087,41.09556026737646,16.861799770540163,41.09428507077666,16.861822930016572
flow_0_573,41.09207574955028,16.85389154719994,41.09267829914716,16.854073630954087,41.09717022441964,16.862141610446756,41.09717150257013,16.862346685598727
flow_0_574,41.09207574955028,16.85389154719994,41.09267829914716,16.854073630954087,41.094497059549575,16.854662484304253,41.09459493177244,16.85467607291383
flow_0_575,41.09207574955028,16.85389154719994,41.09267829914716,16.854073630954087,41.093159424293006,16.861119861413044,41.092910609638544,16.861550868324073
flow_0_576,41.09207574955028,16.85389154719994,41.09267829914716,16.854073630954087,41.094611131446,16.86076995428607,41.09433377805168,16.860614722600705
flow_0_577,41.09207574955028,16.85389154719994,41.09267829914716,16.854073630954087,41.094481033476846,16.855484180652265,41.09590934506375,16.85589778274809
flow_0_578,41.09207574955028,16.85389154719994,41.09267829914716,16.854073630954087,41.09320904205983,16.86036794969964,41.093226008438016,16.859824905081403
flow_0_579,41.09109506695307,16.864135338448545,41.09309962997091,16.8641768999245,41.09628587040379,16.863506396736675,41.09627339570725,16.863759660301465
flow_0_580,41.09109506695307,16.864135338448545,41.09309962997091,16.8641768999245,41.09267829914716,16.854073630954087,41.09207574955028,16.85389154719994
flow_0_581,41.09109506695307,16.864135338448545,41.09309962997091,16.8641768999245,41.09717150257013,16.862346685598727,41.09717022441964,16.862141610446756
flow_0_582,41.09109506695307,16.864135338448545,41.09309962997091,16.8641768999245,41.09782874807601,16.858422322289133,41.09720965467912,16.86010828803053
flow_0_583,41.09109506695307,16.864135338448545,41.09309962997091,16.8641768999245,41.09590934506375,16.85589778274809,41.094481033476846,16.855484180652265
flow_0_584,41.09109506695307,16.864135338448545,41.09309962997091,16.8641768999245,41.09390877175432,16.860555577386883,41.09389978504193,16.86089441913475
flow_0_585,41.09109506695307,16.864135338448545,41.09309962997091,16.8641768999245,41.09289989869124,16.857979997773366,41.09252833667128,16.85806965698529
flow_0_586,41.09109506695307,16.864135338448545,41.09309962997091,16.8641768999245,41.09575898407665,16.861403291409037,41.09578940828096,16.861627521735652
flow_0_587,41.09109506695307,16.864135338448545,41.09309962997091,16.8641768999245,41.09577203818025,16.86132567064774,41.09575898407665,16.861403291409037
flow_0_588,41.09109506695307,16.864135338448545,41.09309962997091,16.8641768999245,41.09326327598272,16.856459442663375,41.09325705252129,16.85653261037847
flow_0_589,41.09109506695307,16.864135338448545,41.09309962997091,16.8641768999245,41.09588692434208,16.86204201283392,41.096023183819085,16.86206015013157
flow_0_590,41.09109506695307,16.864135338448545,41.09309962997091,16.8641768999245,41.096023183819085,16.86206015013157,41.09607053280287,16.862073156374553
flow_0_591,41.09109506695307,16.864135338448545,41.09309962997091,16.8641768999245,41.09607053280287,16.862073156374553,41.09624619327664,16.862345189534487
flow_0_592,41.09109506695307,16.864135338448545,41.09309962997091,16.8641768999245,41.09406666971318,16.861809974981103,41.09374076152227,16.861733142040123
flow_0_593,41.09109506695307,16.864135338448545,41.09309962997091,16.8641768999245,41.09428507077666,16.861822930016572,41.094248634240174,16.861820234016683
flow_0_594,41.09109506695307,16.864135338448545,41.09309962997091,16.8641768999245,41.09422326217536,16.861818445841735,41.09406666971318,16.861809974981103
flow_0_595,41.09109506695307,16.864135338448545,41.09309962997091,16.8641768999245,41.09606913880409,16.857384087393385,41.09607773810893,16.85711333011326
flow_0_596,41.09109506695307,16.864135338448545,41.09309962997091,16.8641768999245,41.093433790346566,16.855687830843742,41.09352569242476,16.85465158647345
flow_0_597,41.09109506695307,16.864135338448545,41.09309962997091,16.8641768999245,41.09257525037648,16.866055037799217,41.08991586912939,16.865878687144406
flow_0_598,41.09109506695307,16.864135338448545,41.09309962997091,16.8641768999245,41.09637979984023,16.861535604961926,41.096390396588056,16.86145398483175
flow_0_599,41.09109506695307,16.864135338448545,41.09309962997091,16.8641768999245,41.096390396588056,16.86145398483175,41.09617566373433,16.86105237527639
flow_0_600,41.09109506695307,16.864135338448545,41.09309962997091,16.8641768999245,41.09333584930795,16.855672929401177,41.09331846638719,16.855846153569416
flow_0_601,41.09109506695307,16.864135338448545,41.09309962997091,16.8641768999245,41.09331846638719,16.855846153569416,41.09330344191395,16.855984796607544
flow_0_602,41.09109506695307,16.864135338448545,41.09309962997091,16.8641768999245,41.09328897220411,16.85615607855325,41.093276282258536,16.856306336332803
flow_0_603,41.09109506695307,16.864135338448545,41.09309962997091,16.8641768999245,41.09309962997091,16.8641768999245,41.09122003932151,16.863954806076606
flow_0_604,41.09109506695307,16.864135338448545,41.09309962997091,16.8641768999245,41.09590934506375,16.85589778274809,41.09589464404242,16.856597607978603
flow_0_605,41.09109506695307,16.864135338448545,41.09309962997091,16.8641768999245,41.095864883749904,16.858939789299576,41.09579879841287,16.860483307032734
flow_0_606,41.09109506695307,16.864135338448545,41.09309962997091,16.8641768999245,41.09410258065408,16.854547680343014,41.0940220774019,16.854495884667088
flow_0_607,41.09109506695307,16.864135338448545,41.09309962997091,16.8641768999245,41.09290701188394,16.85345153155061,41.09274366748828,16.853398004520955
flow_0_608,41.09109506695307,16.864135338448545,41.09309962997091,16.8641768999245,41.09289989869124,16.857979997773366,41.0924620240455,16.857540225068156
flow_0_609,41.09109506695307,16.864135338448545,41.09309962997091,16.8641768999245,41.09762167433529,16.86078183182401,41.0975908593457,16.860854905020272
flow_0_610,41.09109506695307,16.864135338448545,41.09309962997091,16.8641768999245,41.09783406893447,16.85935956518292,41.09781757948696,16.860074005211207
flow_0_611,41.09109506695307,16.864135338448545,41.09309962997091,16.8641768999245,41.09781757948696,16.860074005211207,41.09773009884011,16.860532461562137
flow_0_612,41.09109506695307,16.864135338448545,41.09309962997091,16.8641768999245,41.09788351207976,16.86008527251128,41.097886790174485,16.85993247707892
flow_0_613,41.09109506695307,16.864135338448545,41.09309962997091,16.8641768999245,41.097886790174485,16.85993247707892,41.097887056561405,16.859358083149928
flow_0_614,41.09109506695307,16.864135338448545,41.09309962997091,16.8641768999245,41.09752079197923,16.86113857805688,41.097541272342,16.861158803055236
flow_0_615,41.09109506695307,16.864135338448545,41.09309962997091,16.8641768999245,41.09346290764322,16.859512259912492,41.0937563740557,16.85923859402608
flow_0_616,41.09109506695307,16.864135338448545,41.09309962997091,16.8641768999245,41.09575898407665,16.861403291409037,41.09556026737646,16.861799770540163
flow_0_617,41.09109506695307,16.864135338448545,41.09309962997091,16.8641768999245,41.09556026737646,16.861799770540163,41.09428507077666,16.861822930016572
flow_0_618,41.09109506695307,16.864135338448545,41.09309962997091,16.8641768999245,41.09717022441964,16.862141610446756,41.09717150257013,16.862346685598727
flow_0_619,41.09109506695307,16.864135338448545,41.09309962997091,16.8641768999245,41.094497059549575,16.854662484304253,41.09459493177244,16.85467607291383
flow_0_620,41.09109506695307,16.864135338448545,41.09309962997091,16.8641768999245,41.093159424293006,16.861119861413044,41.092910609638544,16.861550868324073
flow_0_621,41.09109506695307,16.864135338448545,41.09309962997091,16.8641768999245,41.094611131446,16.86076995428607,41.09433377805168,16.860614722600705
flow_0_622,41.09109506695307,16.864135338448545,41.09309962997091,16.8641768999245,41.094481033476846,16.855484180652265,41.09590934506375,16.85589778274809
flow_0_623,41.09109506695307,16.864135338448545,41.09309962997091,16.8641768999245,41.09320904205983,16.86036794969964,41.093226008438016,16.859824905081403
flow_0_624,41.09340387400641,16.856063110440175,41.093407826966825,16.856002261200675,41.09628587040379,16.863506396736675,41.09627339570725,16.863759660301465
flow_0_625,41.09340387400641,16.856063110440175,41.093407826966825,16.856002261200675,41.09267829914716,16.854073630954087,41.09207574955028,16.85389154719994
flow_0_626,41.09340387400641,16.856063110440175,41.093407826966825,16.856002261200675,41.09717150257013,16.862346685598727,41.09717022441964,16.862141610446756
flow_0_627,41.09340387400641,16.856063110440175,41.093407826966825,16.856002261200675,41.09782874807601,16.858422322289133,41.09720965467912,16.86010828803053
flow_0_628,41.09340387400641,16.856063110440175,41.093407826966825,16.856002261200675,41.09590934506375,16.85589778274809,41.094481033476846,16.855484180652265
flow_0_629,41.09340387400641,16.856063110440175,41.093407826966825,16.856002261200675,41.09390877175432,16.860555577386883,41.09389978504193,16.86089441913475
flow_0_630,41.09340387400641,16.856063110440175,41.093407826966825,16.856002261200675,41.09289989869124,16.857979997773366,41.09252833667128,16.85806965698529
flow_0_631,41.09340387400641,16.856063110440175,41.093407826966825,16.856002261200675,41.09575898407665,16.861403291409037,41.09578940828096,16.861627521735652
flow_0_632,41.09340387400641,16.856063110440175,41.093407826966825,16.856002261200675,41.09577203818025,16.86132567064774,41.09575898407665,16.861403291409037
flow_0_633,41.09340387400641,16.856063110440175,41.093407826966825,16.856002261200675,41.09326327598272,16.856459442663375,41.09325705252129,16.85653261037847
flow_0_634,41.09340387400641,16.856063110440175,41.093407826966825,16.856002261200675,41.09588692434208,16.86204201283392,41.096023183819085,16.86206015013157
flow_0_635,41.09340387400641,16.856063110440175,41.093407826966825,16.856002261200675,41.096023183819085,16.86206015013157,41.09607053280287,16.862073156374553
flow_0_636,41.09340387400641,16.856063110440175,41.093407826966825,16.856002261200675,41.09607053280287,16.862073156374553,41.09624619327664,16.862345189534487
flow_0_637,41.09340387400641,16.856063110440175,41.093407826966825,16.856002261200675,41.09406666971318,16.861809974981103,41.09374076152227,16.861733142040123
flow_0_638,41.09340387400641,16.856063110440175,41.093407826966825,16.856002261200675,41.09428507077666,16.861822930016572,41.094248634240174,16.861820234016683
flow_0_639,41.09340387400641,16.856063110440175,41.093407826966825,16.856002261200675,41.09422326217536,16.861818445841735,41.09406666971318,16.861809974981103
flow_0_640,41.09340387400641,16.856063110440175,41.093407826966825,16.856002261200675,41.09606913880409,16.857384087393385,41.09607773810893,16.85711333011326
flow_0_641,41.09340387400641,16.856063110440175,41.093407826966825,16.856002261200675,41.093433790346566,16.855687830843742,41.09352569242476,16.85465158647345
flow_0_642,41.09340387400641,16.856063110440175,41.093407826966825,16.856002261200675,41.09257525037648,16.866055037799217,41.08991586912939,16.865878687144406
flow_0_643,41.09340387400641,16.856063110440175,41.093407826966825,16.856002261200675,41.09637979984023,16.861535604961926,41.096390396588056,16.86145398483175
flow_0_644,41.09340387400641,16.856063110440175,41.093407826966825,16.856002261200675,41.096390396588056,16.86145398483175,41.09617566373433,16.86105237527639
flow_0_645,41.09340387400641,16.856063110440175,41.093407826966825,16.856002261200675,41.09333584930795,16.855672929401177,41.09331846638719,16.855846153569416
flow_0_646,41.09340387400641,16.856063110440175,41.093407826966825,16.856002261200675,41.09331846638719,16.855846153569416,41.09330344191395,16.855984796607544
flow_0_647,41.09340387400641,16.856063110440175,41.093407826966825,16.856002261200675,41.09328897220411,16.85615607855325,41.093276282258536,16.856306336332803
flow_0_648,41.09340387400641,16.856063110440175,41.093407826966825,16.856002261200675,41.09309962997091,16.8641768999245,41.09122003932151,16.863954806076606
flow_0_649,41.09340387400641,16.856063110440175,41.093407826966825,16.856002261200675,41.09590934506375,16.85589778274809,41.09589464404242,16.856597607978603
flow_0_650,41.09340387400641,16.856063110440175,41.093407826966825,16.856002261200675,41.095864883749904,16.858939789299576,41.09579879841287,16.860483307032734
flow_0_651,41.09340387400641,16.856063110440175,41.093407826966825,16.856002261200675,41.09410258065408,16.854547680343014,41.0940220774019,16.854495884667088
flow_0_652,41.09340387400641,16.856063110440175,41.093407826966825,16.856002261200675,41.09290701188394,16.85345153155061,41.09274366748828,16.853398004520955
flow_0_653,41.09340387400641,16.856063110440175,41.093407826966825,16.856002261200675,41.09289989869124,16.857979997773366,41.0924620240455,16.857540225068156
flow_0_654,41.09340387400641,16.856063110440175,41.093407826966825,16.856002261200675,41.09762167433529,16.86078183182401,41.0975908593457,16.860854905020272
flow_0_655,41.09340387400641,16.856063110440175,41.093407826966825,16.856002261200675,41.09783406893447,16.85935956518292,41.09781757948696,16.860074005211207
flow_0_656,41.09340387400641,16.856063110440175,41.093407826966825,16.856002261200675,41.09781757948696,16.860074005211207,41.09773009884011,16.860532461562137
flow_0_657,41.09340387400641,16.856063110440175,41.093407826966825,16.856002261200675,41.09788351207976,16.86008527251128,41.097886790174485,16.85993247707892
flow_0_658,41.09340387400641,16.856063110440175,41.093407826966825,16.856002261200675,41.097886790174485,16.85993247707892,41.097887056561405,16.859358083149928
flow_0_659,41.09340387400641,16.856063110440175,41.093407826966825,16.856002261200675,41.09752079197923,16.86113857805688,41.097541272342,16.861158803055236
flow_0_660,41.09340387400641,16.856063110440175,41.093407826966825,16.856002261200675,41.09346290764322,16.859512259912492,41.0937563740557,16.85923859402608
flow_0_661,41.09340387400641,16.856063110440175,41.093407826966825,16.856002261200675,41.09575898407665,16.861403291409037,41.09556026737646,16.861799770540163
flow_0_662,41.09340387400641,16.856063110440175,41.093407826966825,16.856002261200675,41.09556026737646,16.861799770540163,41.09428507077666,16.861822930016572
flow_0_663,41.09340387400641,16.856063110440175,41.093407826966825,16.856002261200675,41.09717022441964,16.862141610446756,41.09717150257013,16.862346685598727
flow_0_664,41.09340387400641,16.856063110440175,41.093407826966825,16.856002261200675,41.094497059549575,16.854662484304253,41.09459493177244,16.85467607291383
flow_0_665,41.09340387400641,16.856063110440175,41.093407826966825,16.856002261200675,41.093159424293006,16.861119861413044,41.092910609638544,16.861550868324073
flow_0_666,41.09340387400641,16.856063110440175,41.093407826966825,16.856002261200675,41.094611131446,16.86076995428607,41.09433377805168,16.860614722600705
flow_0_667,41.09340387400641,16.856063110440175,41.093407826966825,16.856002261200675,41.094481033476846,16.855484180652265,41.09590934506375,16.85589778274809
flow_0_668,41.09340387400641,16.856063110440175,41.093407826966825,16.856002261200675,41.09320904205983,16.86036794969964,41.093226008438016,16.859824905081403
flow_0_669,41.093407826966825,16.856002261200675,41.093433790346566,16.855687830843742,41.09628587040379,16.863506396736675,41.09627339570725,16.863759660301465
flow_0_670,41.093407826966825,16.856002261200675,41.093433790346566,16.855687830843742,41.09267829914716,16.854073630954087,41.09207574955028,16.85389154719994
flow_0_671,41.093407826966825,16.856002261200675,41.093433790346566,16.855687830843742,41.09717150257013,16.862346685598727,41.09717022441964,16.862141610446756
flow_0_672,41.093407826966825,16.856002261200675,41.093433790346566,16.855687830843742,41.09782874807601,16.858422322289133,41.09720965467912,16.86010828803053
flow_0_673,41.093407826966825,16.856002261200675,41.093433790346566,16.855687830843742,41.09590934506375,16.85589778274809,41.094481033476846,16.855484180652265
flow_0_674,41.093407826966825,16.856002261200675,41.093433790346566,16.855687830843742,41.09390877175432,16.860555577386883,41.09389978504193,16.86089441913475
flow_0_675,41.093407826966825,16.856002261200675,41.093433790346566,16.855687830843742,41.09289989869124,16.857979997773366,41.09252833667128,16.85806965698529
flow_0_676,41.093407826966825,16.856002261200675,41.093433790346566,16.855687830843742,41.09575898407665,16.861403291409037,41.09578940828096,16.861627521735652
flow_0_677,41.093407826966825,16.856002261200675,41.093433790346566,16.855687830843742,41.09577203818025,16.86132567064774,41.09575898407665,16.861403291409037
flow_0_678,41.093407826966825,16.856002261200675,41.093433790346566,16.855687830843742,41.09326327598272,16.856459442663375,41.09325705252129,16.85653261037847
flow_0_679,41.093407826966825,16.856002261200675,41.093433790346566,16.855687830843742,41.09588692434208,16.86204201283392,41.096023183819085,16.86206015013157
flow_0_680,41.093407826966825,16.856002261200675,41.093433790346566,16.855687830843742,41.096023183819085,16.86206015013157,41.09607053280287,16.862073156374553
flow_0_681,41.093407826966825,16.856002261200675,41.093433790346566,16.855687830843742,41.09607053280287,16.862073156374553,41.09624619327664,16.862345189534487
flow_0_682,41.093407826966825,16.856002261200675,41.093433790346566,16.855687830843742,41.09406666971318,16.861809974981103,41.09374076152227,16.861733142040123
flow_0_683,41.093407826966825,16.856002261200675,41.093433790346566,16.855687830843742,41.09428507077666,16.861822930016572,41.094248634240174,16.861820234016683
flow_0_684,41.093407826966825,16.856002261200675,41.093433790346566,16.855687830843742,41.09422326217536,16.861818445841735,41.09406666971318,16.861809974981103
flow_0_685,41.093407826966825,16.856002261200675,41.093433790346566,16.855687830843742,41.09606913880409,16.857384087393385,41.09607773810893,16.85711333011326
flow_0_686,41.093407826966825,16.856002261200675,41.093433790346566,16.855687830843742,41.093433790346566,16.855687830843742,41.09352569242476,16.85465158647345
flow_0_687,41.093407826966825,16.856002261200675,41.093433790346566,16.855687830843742,41.09257525037648,16.866055037799217,41.08991586912939,16.865878687144406
flow_0_688,41.093407826966825,16.856002261200675,41.093433790346566,16.855687830843742,41.09637979984023,16.861535604961926,41.096390396588056,16.86145398483175
flow_0_689,41.093407826966825,16.856002261200675,41.093433790346566,16.855687830843742,41.096390396588056,16.86145398483175,41.09617566373433,16.86105237527639
flow_0_690,41.093407826966825,16.856002261200675,41.093433790346566,16.855687830843742,41.09333584930795,16.855672929401177,41.09331846638719,16.855846153569416
flow_0_691,41.093407826966825,16.856002261200675,41.093433790346566,16.855687830843742,41.09331846638719,16.855846153569416,41.09330344191395,16.855984796607544
flow_0_692,41.093407826966825,16.856002261200675,41.093433790346566,16.855687830843742,41.09328897220411,16.85615607855325,41.093276282258536,16.856306336332803
flow_0_693,41.093407826966825,16.856002261200675,41.093433790346566,16.855687830843742,41.09309962997091,16.8641768999245,41.09122003932151,16.863954806076606
flow_0_694,41.093407826966825,16.856002261200675,41.093433790346566,16.855687830843742,41.09590934506375,16.85589778274809,41.09589464404242,16.856597607978603
flow_0_695,41.093407826966825,16.856002261200675,41.093433790346566,16.855687830843742,41.095864883749904,16.858939789299576,41.09579879841287,16.860483307032734
flow_0_696,41.093407826966825,16.856002261200675,41.093433790346566,16.855687830843742,41.09410258065408,16.854547680343014,41.0940220774019,16.854495884667088
flow_0_697,41.093407826966825,16.856002261200675,41.093433790346566,16.855687830843742,41.09290701188394,16.85345153155061,41.09274366748828,16.853398004520955
flow_0_698,41.093407826966825,16.856002261200675,41.093433790346566,16.855687830843742,41.09289989869124,16.857979997773366,41.0924620240455,16.857540225068156
flow_0_699,41.093407826966825,16.856002261200675,41.093433790346566,16.855687830843742,41.09762167433529,16.86078183182401,41.0975908593457,16.860854905020272
flow_0_700,41.093407826966825,16.856002261200675,41.093433790346566,16.855687830843742,41.09783406893447,16.85935956518292,41.09781757948696,16.860074005211207
flow_0_701,41.093407826966825,16.856002261200675,41.093433790346566,16.855687830843742,41.09781757948696,16.860074005211207,41.09773009884011,16.860532461562137
flow_0_702,41.093407826966825,16.856002261200675,41.093433790346566,16.855687830843742,41.09788351207976,16.86008527251128,41.097886790174485,16.85993247707892
flow_0_703,41.093407826966825,16.856002261200675,41.093433790346566,16.855687830843742,41.097886790174485,16.85993247707892,41.097887056561405,16.859358083149928
flow_0_704,41.093407826966825,16.856002261200675,41.093433790346566,16.855687830843742,41.09752079197923,16.86113857805688,41.097541272342,16.861158803055236
flow_0_705,41.093407826966825,16.856002261200675,41.093433790346566,16.855687830843742,41.09346290764322,16.859512259912492,41.0937563740557,16.85923859402608
flow_0_706,41.093407826966825,16.856002261200675,41.093433790346566,16.855687830843742,41.09575898407665,16.861403291409037,41.09556026737646,16.861799770540163
flow_0_707,41.093407826966825,16.856002261200675,41.093433790346566,16.855687830843742,41.09556026737646,16.861799770540163,41.09428507077666,16.861822930016572
flow_0_708,41.093407826966825,16.856002261200675,41.093433790346566,16.855687830843742,41.09717022441964,16.862141610446756,41.09717150257013,16.862346685598727
flow_0_709,41.093407826966825,16.856002261200675,41.093433790346566,16.855687830843742,41.094497059549575,16.854662484304253,41.09459493177244,16.85467607291383
flow_0_710,41.093407826966825,16.856002261200675,41.093433790346566,16.855687830843742,41.093159424293006,16.861119861413044,41.092910609638544,16.861550868324073
flow_0_711,41.093407826966825,16.856002261200675,41.093433790346566,16.855687830843742,41.094611131446,16.86076995428607,41.09433377805168,16.860614722600705
flow_0_712,41.093407826966825,16.856002261200675,41.093433790346566,16.855687830843742,41.094481033476846,16.855484180652265,41.09590934506375,16.85589778274809
flow_0_713,41.093407826966825,16.856002261200675,41.093433790346566,16.855687830843742,41.09320904205983,16.86036794969964,41.093226008438016,16.859824905081403
flow_0_714,41.09637137649532,16.8615997833262,41.09637979984023,16.861535604961926,41.09628587040379,16.863506396736675,41.09627339570725,16.863759660301465
flow_0_715,41.09637137649532,16.8615997833262,41.09637979984023,16.861535604961926,41.09267829914716,16.854073630954087,41.09207574955028,16.85389154719994
flow_0_716,41.09637137649532,16.8615997833262,41.09637979984023,16.861535604961926,41.09717150257013,16.862346685598727,41.09717022441964,16.862141610446756
flow_0_717,41.09637137649532,16.8615997833262,41.09637979984023,16.861535604961926,41.09782874807601,16.858422322289133,41.09720965467912,16.86010828803053
flow_0_718,41.09637137649532,16.8615997833262,41.09637979984023,16.861535604961926,41.09590934506375,16.85589778274809,41.094481033476846,16.855484180652265
flow_0_719,41.09637137649532,16.8615997833262,41.09637979984023,16.861535604961926,41.09390877175432,16.860555577386883,41.09389978504193,16.86089441913475
flow_0_720,41.09637137649532,16.8615997833262,41.09637979984023,16.861535604961926,41.09289989869124,16.857979997773366,41.09252833667128,16.85806965698529
flow_0_721,41.09637137649532,16.8615997833262,41.09637979984023,16.861535604961926,41.09575898407665,16.861403291409037,41.09578940828096,16.861627521735652
flow_0_722,41.09637137649532,16.8615997833262,41.09637979984023,16.861535604961926,41.09577203818025,16.86132567064774,41.09575898407665,16.861403291409037
flow_0_723,41.09637137649532,16.8615997833262,41.09637979984023,16.861535604961926,41.09326327598272,16.856459442663375,41.09325705252129,16.85653261037847
flow_0_724,41.09637137649532,16.8615997833262,41.09637979984023,16.861535604961926,41.09588692434208,16.86204201283392,41.096023183819085,16.86206015013157
flow_0_725,41.09637137649532,16.8615997833262,41.09637979984023,16.861535604961926,41.096023183819085,16.86206015013157,41.09607053280287,16.862073156374553
flow_0_726,41.09637137649532,16.8615997833262,41.09637979984023,16.861535604961926,41.09607053280287,16.862073156374553,41.09624619327664,16.862345189534487
flow_0_727,41.09637137649532,16.8615997833262,41.09637979984023,16.861535604961926,41.09406666971318,16.861809974981103,41.09374076152227,16.861733142040123
flow_0_728,41.09637137649532,16.8615997833262,41.09637979984023,16.861535604961926,41.09428507077666,16.861822930016572,41.094248634240174,16.861820234016683
flow_0_729,41.09637137649532,16.8615997833262,41.09637979984023,16.861535604961926,41.09422326217536,16.861818445841735,41.09406666971318,16.861809974981103
flow_0_730,41.09637137649532,16.8615997833262,41.09637979984023,16.861535604961926,41.09606913880409,16.857384087393385,41.09607773810893,16.85711333011326
flow_0_731,41.09637137649532,16.8615997833262,41.09637979984023,16.861535604961926,41.093433790346566,16.855687830843742,41.09352569242476,16.85465158647345
flow_0_732,41.09637137649532,16.8615997833262,41.09637979984023,16.861535604961926,41.09257525037648,16.866055037799217,41.08991586912939,16.865878687144406
flow_0_733,41.09637137649532,16.8615997833262,41.09637979984023,16.861535604961926,41.09637979984023,16.861535604961926,41.096390396588056,16.86145398483175
flow_0_734,41.09637137649532,16.8615997833262,41.09637979984023,16.861535604961926,41.096390396588056,16.86145398483175,41.09617566373433,16.86105237527639
flow_0_735,41.09637137649532,16.8615997833262,41.09637979984023,16.861535604961926,41.09333584930795,16.855672929401177,41.09331846638719,16.855846153569416
flow_0_736,41.09637137649532,16.8615997833262,41.09637979984023,16.861535604961926,41.09331846638719,16.855846153569416,41.09330344191395,16.855984796607544
flow_0_737,41.09637137649532,16.8615997833262,41.09637979984023,16.861535604961926,41.09328897220411,16.85615607855325,41.093276282258536,16.856306336332803
flow_0_738,41.09637137649532,16.8615997833262,41.09637979984023,16.861535604961926,41.09309962997091,16.8641768999245,41.09122003932151,16.863954806076606
flow_0_739,41.09637137649532,16.8615997833262,41.09637979984023,16.861535604961926,41.09590934506375,16.85589778274809,41.09589464404242,16.856597607978603
flow_0_740,41.09637137649532,16.8615997833262,41.09637979984023,16.861535604961926,41.095864883749904,16.858939789299576,41.09579879841287,16.860483307032734
flow_0_741,41.09637137649532,16.8615997833262,41.09637979984023,16.861535604961926,41.09410258065408,16.854547680343014,41.0940220774019,16.854495884667088
flow_0_742,41.09637137649532,16.8615997833262,41.09637979984023,16.861535604961926,41.09290701188394,16.85345153155061,41.09274366748828,16.853398004520955
flow_0_743,41.09637137649532,16.8615997833262,41.09637979984023,16.861535604961926,41.09289989869124,16.857979997773366,41.0924620240455,16.857540225068156
flow_0_744,41.09637137649532,16.8615997833262,41.09637979984023,16.861535604961926,41.09762167433529,16.86078183182401,41.0975908593457,16.860854905020272
flow_0_745,41.09637137649532,16.8615997833262,41.09637979984023,16.861535604961926,41.09783406893447,16.85935956518292,41.09781757948696,16.860074005211207
flow_0_746,41.09637137649532,16.8615997833262,41.09637979984023,16.861535604961926,41.09781757948696,16.860074005211207,41.09773009884011,16.860532461562137
flow_0_747,41.09637137649532,16.8615997833262,41.09637979984023,16.861535604961926,41.09788351207976,16.86008527251128,41.097886790174485,16.85993247707892
flow_0_748,41.09637137649532,16.8615997833262,41.09637979984023,16.861535604961926,41.097886790174485,16.85993247707892,41.097887056561405,16.859358083149928
flow_0_749,41.09637137649532,16.8615997833262,41.09637979984023,16.861535604961926,41.09752079197923,16.86113857805688,41.097541272342,16.861158803055236
flow_0_750,41.09637137649532,16.8615997833262,41.09637979984023,16.861535604961926,41.09346290764322,16.859512259912492,41.0937563740557,16.85923859402608
flow_0_751,41.09637137649532,16.8615997833262,41.09637979984023,16.861535604961926,41.09575898407665,16.861403291409037,41.09556026737646,16.861799770540163
flow_0_752,41.09637137649532,16.8615997833262,41.09637979984023,16.861535604961926,41.09556026737646,16.861799770540163,41.09428507077666,16.861822930016572
flow_0_753,41.09637137649532,16.8615997833262,41.09637979984023,16.861535604961926,41.09717022441964,16.862141610446756,41.09717150257013,16.862346685598727
flow_0_754,41.09637137649532,16.8615997833262,41.09637979984023,16.861535604961926,41.094497059549575,16.854662484304253,41.09459493177244,16.85467607291383
flow_0_755,41.09637137649532,16.8615997833262,41.09637979984023,16.861535604961926,41.093159424293006,16.861119861413044,41.092910609638544,16.861550868324073
flow_0_756,41.09637137649532,16.8615997833262,41.09637979984023,16.861535604961926,41.094611131446,16.86076995428607,41.09433377805168,16.860614722600705
flow_0_757,41.09637137649532,16.8615997833262,41.09637979984023,16.861535604961926,41.094481033476846,16.855484180652265,41.09590934506375,16.85589778274809
flow_0_758,41.09637137649532,16.8615997833262,41.09637979984023,16.861535604961926,41.09320904205983,16.86036794969964,41.093226008438016,16.859824905081403
flow_0_759,41.095786241509785,16.861249392050773,41.09577203818025,16.86132567064774,41.09628587040379,16.863506396736675,41.09627339570725,16.863759660301465
flow_0_760,41.095786241509785,16.861249392050773,41.09577203818025,16.86132567064774,41.09267829914716,16.854073630954087,41.09207574955028,16.85389154719994
flow_0_761,41.095786241509785,16.861249392050773,41.09577203818025,16.86132567064774,41.09717150257013,16.862346685598727,41.09717022441964,16.862141610446756
flow_0_762,41.095786241509785,16.861249392050773,41.09577203818025,16.86132567064774,41.09782874807601,16.858422322289133,41.09720965467912,16.86010828803053
flow_0_763,41.095786241509785,16.861249392050773,41.09577203818025,16.86132567064774,41.09590934506375,16.85589778274809,41.094481033476846,16.855484180652265
flow_0_764,41.095786241509785,16.861249392050773,41.09577203818025,16.86132567064774,41.09390877175432,16.860555577386883,41.09389978504193,16.86089441913475
flow_0_765,41.095786241509785,16.861249392050773,41.09577203818025,16.86132567064774,41.09289989869124,16.857979997773366,41.09252833667128,16.85806965698529
flow_0_766,41.095786241509785,16.861249392050773,41.09577203818025,16.86132567064774,41.09575898407665,16.861403291409037,41.09578940828096,16.861627521735652
flow_0_767,41.095786241509785,16.861249392050773,41.09577203818025,16.86132567064774,41.09577203818025,16.86132567064774,41.09575898407665,16.861403291409037
flow_0_768,41.095786241509785,16.861249392050773,41.09577203818025,16.86132567064774,41.09326327598272,16.856459442663375,41.09325705252129,16.85653261037847
flow_0_769,41.095786241509785,16.861249392050773,41.09577203818025,16.86132567064774,41.09588692434208,16.86204201283392,41.096023183819085,16.86206015013157
flow_0_770,41.095786241509785,16.861249392050773,41.09577203818025,16.86132567064774,41.096023183819085,16.86206015013157,41.09607053280287,16.862073156374553
flow_0_771,41.095786241509785,16.861249392050773,41.09577203818025,16.86132567064774,41.09607053280287,16.862073156374553,41.09624619327664,16.862345189534487
flow_0_772,41.095786241509785,16.861249392050773,41.09577203818025,16.86132567064774,41.09406666971318,16.861809974981103,41.09374076152227,16.861733142040123
flow_0_773,41.095786241509785,16.861249392050773,41.09577203818025,16.86132567064774,41.09428507077666,16.861822930016572,41.094248634240174,16.861820234016683
flow_0_774,41.095786241509785,16.861249392050773,41.09577203818025,16.86132567064774,41.09422326217536,16.861818445841735,41.09406666971318,16.861809974981103
flow_0_775,41.095786241509785,16.861249392050773,41.09577203818025,16.86132567064774,41.09606913880409,16.857384087393385,41.09607773810893,16.85711333011326
flow_0_776,41.095786241509785,16.861249392050773,41.09577203818025,16.86132567064774,41.093433790346566,16.855687830843742,41.09352569242476,16.85465158647345
flow_0_777,41.095786241509785,16.861249392050773,41.09577203818025,16.86132567064774,41.09257525037648,16.866055037799217,41.08991586912939,16.865878687144406
flow_0_778,41.095786241509785,16.861249392050773,41.09577203818025,16.86132567064774,41.09637979984023,16.861535604961926,41.096390396588056,16.86145398483175
flow_0_779,41.095786241509785,16.861249392050773,41.09577203818025,16.86132567064774,41.096390396588056,16.86145398483175,41.09617566373433,16.86105237527639
flow_0_780,41.095786241509785,16.861249392050773,41.09577203818025,16.86132567064774,41.09333584930795,16.855672929401177,41.09331846638719,16.855846153569416
flow_0_781,41.095786241509785,16.861249392050773,41.09577203818025,16.86132567064774,41.09331846638719,16.855846153569416,41.09330344191395,16.855984796607544
flow_0_782,41.095786241509785,16.861249392050773,41.09577203818025,16.86132567064774,41.09328897220411,16.85615607855325,41.093276282258536,16.856306336332803
flow_0_783,41.095786241509785,16.861249392050773,41.09577203818025,16.86132567064774,41.09309962997091,16.8641768999245,41.09122003932151,16.863954806076606
flow_0_784,41.095786241509785,16.861249392050773,41.09577203818025,16.86132567064774,41.09590934506375,16.85589778274809,41.09589464404242,16.856597607978603
flow_0_785,41.095786241509785,16.861249392050773,41.09577203818025,16.86132567064774,41.095864883749904,16.858939789299576,41.09579879841287,16.860483307032734
flow_0_786,41.095786241509785,16.861249392050773,41.09577203818025,16.86132567064774,41.09410258065408,16.854547680343014,41.0940220774019,16.854495884667088
flow_0_787,41.095786241509785,16.861249392050773,41.09577203818025,16.86132567064774,41.09290701188394,16.85345153155061,41.09274366748828,16.853398004520955
flow_0_788,41.095786241509785,16.861249392050773,41.09577203818025,16.86132567064774,41.09289989869124,16.857979997773366,41.0924620240455,16.857540225068156
flow_0_789,41.095786241509785,16.861249392050773,41.09577203818025,16.86132567064774,41.09762167433529,16.86078183182401,41.0975908593457,16.860854905020272
flow_0_790,41.095786241509785,16.861249392050773,41.09577203818025,16.86132567064774,41.09783406893447,16.85935956518292,41.09781757948696,16.860074005211207
flow_0_791,41.095786241509785,16.861249392050773,41.09577203818025,16.86132567064774,41.09781757948696,16.860074005211207,41.09773009884011,16.860532461562137
flow_0_792,41.095786241509785,16.861249392050773,41.09577203818025,16.86132567064774,41.09788351207976,16.86008527251128,41.097886790174485,16.85993247707892
flow_0_793,41.095786241509785,16.861249392050773,41.09577203818025,16.86132567064774,41.097886790174485,16.85993247707892,41.097887056561405,16.859358083149928
flow_0_794,41.095786241509785,16.861249392050773,41.09577203818025,16.86132567064774,41.09752079197923,16.86113857805688,41.097541272342,16.861158803055236
flow_0_795,41.095786241509785,16.861249392050773,41.09577203818025,16.86132567064774,41.09346290764322,16.859512259912492,41.0937563740557,16.85923859402608
flow_0_796,41.095786241509785,16.861249392050773,41.09577203818025,16.86132567064774,41.09575898407665,16.861403291409037,41.09556026737646,16.861799770540163
flow_0_797,41.095786241509785,16.861249392050773,41.09577203818025,16.86132567064774,41.09556026737646,16.861799770540163,41.09428507077666,16.861822930016572
flow_0_798,41.095786241509785,16.861249392050773,41.09577203818025,16.86132567064774,41.09717022441964,16.862141610446756,41.09717150257013,16.862346685598727
flow_0_799,41.095786241509785,16.861249392050773,41.09577203818025,16.86132567064774,41.094497059549575,16.854662484304253,41.09459493177244,16.85467607291383
flow_0_800,41.095786241509785,16.861249392050773,41.09577203818025,16.86132567064774,41.093159424293006,16.861119861413044,41.092910609638544,16.861550868324073
flow_0_801,41.095786241509785,16.861249392050773,41.09577203818025,16.86132567064774,41.094611131446,16.86076995428607,41.09433377805168,16.860614722600705
flow_0_802,41.095786241509785,16.861249392050773,41.09577203818025,16.86132567064774,41.094481033476846,16.855484180652265,41.09590934506375,16.85589778274809
flow_0_803,41.095786241509785,16.861249392050773,41.09577203818025,16.86132567064774,41.09320904205983,16.86036794969964,41.093226008438016,16.859824905081403
flow_0_804,41.093427760772734,16.854641687479678,41.0933558792264,16.855508709402194,41.09628587040379,16.863506396736675,41.09627339570725,16.863759660301465
flow_0_805,41.093427760772734,16.854641687479678,41.0933558792264,16.855508709402194,41.09267829914716,16.854073630954087,41.09207574955028,16.85389154719994
flow_0_806,41.093427760772734,16.854641687479678,41.0933558792264,16.855508709402194,41.09717150257013,16.862346685598727,41.09717022441964,16.862141610446756
flow_0_807,41.093427760772734,16.854641687479678,41.0933558792264,16.855508709402194,41.09782874807601,16.858422322289133,41.09720965467912,16.86010828803053
flow_0_808,41.093427760772734,16.854641687479678,41.0933558792264,16.855508709402194,41.09590934506375,16.85589778274809,41.094481033476846,16.855484180652265
flow_0_809,41.093427760772734,16.854641687479678,41.0933558792264,16.855508709402194,41.09390877175432,16.860555577386883,41.09389978504193,16.86089441913475
flow_0_810,41.093427760772734,16.854641687479678,41.0933558792264,16.855508709402194,41.09289989869124,16.857979997773366,41.09252833667128,16.85806965698529
flow_0_811,41.093427760772734,16.854641687479678,41.0933558792264,16.855508709402194,41.09575898407665,16.861403291409037,41.09578940828096,16.861627521735652
flow_0_812,41.093427760772734,16.854641687479678,41.0933558792264,16.855508709402194,41.09577203818025,16.86132567064774,41.09575898407665,16.861403291409037
flow_0_813,41.093427760772734,16.854641687479678,41.0933558792264,16.855508709402194,41.09326327598272,16.856459442663375,41.09325705252129,16.85653261037847
flow_0_814,41.093427760772734,16.854641687479678,41.0933558792264,16.855508709402194,41.09588692434208,16.86204201283392,41.096023183819085,16.86206015013157
flow_0_815,41.093427760772734,16.854641687479678,41.0933558792264,16.855508709402194,41.096023183819085,16.86206015013157,41.09607053280287,16.862073156374553
flow_0_816,41.093427760772734,16.854641687479678,41.0933558792264,16.855508709402194,41.09607053280287,16.862073156374553,41.09624619327664,16.862345189534487
flow_0_817,41.093427760772734,16.854641687479678,41.0933558792264,16.855508709402194,41.09406666971318,16.861809974981103,41.09374076152227,16.861733142040123
flow_0_818,41.093427760772734,16.854641687479678,41.0933558792264,16.855508709402194,41.09428507077666,16.861822930016572,41.094248634240174,16.861820234016683
flow_0_819,41.093427760772734,16.854641687479678,41.0933558792264,16.855508709402194,41.09422326217536,16.861818445841735,41.09406666971318,16.861809974981103
flow_0_820,41.093427760772734,16.854641687479678,41.0933558792264,16.855508709402194,41.09606913880409,16.857384087393385,41.09607773810893,16.85711333011326
flow_0_821,41.093427760772734,16.854641687479678,41.0933558792264,16.855508709402194,41.093433790346566,16.855687830843742,41.09352569242476,16.85465158647345
flow_0_822,41.093427760772734,16.854641687479678,41.0933558792264,16.855508709402194,41.09257525037648,16.866055037799217,41.08991586912939,16.865878687144406
flow_0_823,41.093427760772734,16.854641687479678,41.0933558792264,16.855508709402194,41.09637979984023,16.861535604961926,41.096390396588056,16.86145398483175
flow_0_824,41.093427760772734,16.854641687479678,41.0933558792264,16.855508709402194,41.096390396588056,16.86145398483175,41.09617566373433,16.86105237527639
flow_0_825,41.093427760772734,16.854641687479678,41.0933558792264,16.855508709402194,41.09333584930795,16.855672929401177,41.09331846638719,16.855846153569416
flow_0_826,41.093427760772734,16.854641687479678,41.0933558792264,16.855508709402194,41.09331846638719,16.855846153569416,41.09330344191395,16.855984796607544
flow_0_827,41.093427760772734,16.854641687479678,41.0933558792264,16.855508709402194,41.09328897220411,16.85615607855325,41.093276282258536,16.856306336332803
flow_0_828,41.093427760772734,16.854641687479678,41.0933558792264,16.855508709402194,41.09309962997091,16.8641768999245,41.09122003932151,16.863954806076606
flow_0_829,41.093427760772734,16.854641687479678,41.0933558792264,16.855508709402194,41.09590934506375,16.85589778274809,41.09589464404242,16.856597607978603
flow_0_830,41.093427760772734,16.854641687479678,41.0933558792264,16.855508709402194,41.095864883749904,16.858939789299576,41.09579879841287,16.860483307032734
flow_0_831,41.093427760772734,16.854641687479678,41.0933558792264,16.855508709402194,41.09410258065408,16.854547680343014,41.0940220774019,16.854495884667088
flow_0_832,41.093427760772734,16.854641687479678,41.0933558792264,16.855508709402194,41.09290701188394,16.85345153155061,41.09274366748828,16.853398004520955
flow_0_833,41.093427760772734,16.854641687479678,41.0933558792264,16.855508709402194,41.09289989869124,16.857979997773366,41.0924620240455,16.857540225068156
flow_0_834,41.093427760772734,16.854641687479678,41.0933558792264,16.855508709402194,41.09762167433529,16.86078183182401,41.0975908593457,16.860854905020272
flow_0_835,41.093427760772734,16.854641687479678,41.0933558792264,16.855508709402194,41.09783406893447,16.85935956518292,41.09781757948696,16.860074005211207
flow_0_836,41.093427760772734,16.854641687479678,41.0933558792264,16.855508709402194,41.09781757948696,16.860074005211207,41.09773009884011,16.860532461562137
flow_0_837,41.093427760772734,16.854641687479678,41.0933558792264,16.855508709402194,41.09788351207976,16.86008527251128,41.097886790174485,16.85993247707892
flow_0_838,41.093427760772734,16.854641687479678,41.0933558792264,16.855508709402194,41.097886790174485,16.85993247707892,41.097887056561405,16.859358083149928
flow_0_839,41.093427760772734,16.854641687479678,41.0933558792264,16.855508709402194,41.09752079197923,16.86113857805688,41.097541272342,16.861158803055236
flow_0_840,41.093427760772734,16.854641687479678,41.0933558792264,16.855508709402194,41.09346290764322,16.859512259912492,41.0937563740557,16.85923859402608
flow_0_841,41.093427760772734,16.854641687479678,41.0933558792264,16.855508709402194,41.09575898407665,16.861403291409037,41.09556026737646,16.861799770540163
flow_0_842,41.093427760772734,16.854641687479678,41.0933558792264,16.855508709402194,41.09556026737646,16.861799770540163,41.09428507077666,16.861822930016572
flow_0_843,41.093427760772734,16.854641687479678,41.0933558792264,16.855508709402194,41.09717022441964,16.862141610446756,41.09717150257013,16.862346685598727
flow_0_844,41.093427760772734,16.854641687479678,41.0933558792264,16.855508709402194,41.094497059549575,16.854662484304253,41.09459493177244,16.85467607291383
flow_0_845,41.093427760772734,16.854641687479678,41.0933558792264,16.855508709402194,41.093159424293006,16.861119861413044,41.092910609638544,16.861550868324073
flow_0_846,41.093427760772734,16.854641687479678,41.0933558792264,16.855508709402194,41.094611131446,16.86076995428607,41.09433377805168,16.860614722600705
flow_0_847,41.093427760772734,16.854641687479678,41.0933558792264,16.855508709402194,41.094481033476846,16.855484180652265,41.09590934506375,16.85589778274809
flow_0_848,41.093427760772734,16.854641687479678,41.0933558792264,16.855508709402194,41.09320904205983,16.86036794969964,41.093226008438016,16.859824905081403
flow_0_849,41.09328897220411,16.85615607855325,41.093276282258536,16.856306336332803,41.09628587040379,16.863506396736675,41.09627339570725,16.863759660301465
flow_0_850,41.09328897220411,16.85615607855325,41.093276282258536,16.856306336332803,41.09267829914716,16.854073630954087,41.09207574955028,16.85389154719994
flow_0_851,41.09328897220411,16.85615607855325,41.093276282258536,16.856306336332803,41.09717150257013,16.862346685598727,41.09717022441964,16.862141610446756
flow_0_852,41.09328897220411,16.85615607855325,41.093276282258536,16.856306336332803,41.09782874807601,16.858422322289133,41.09720965467912,16.86010828803053
flow_0_853,41.09328897220411,16.85615607855325,41.093276282258536,16.856306336332803,41.09590934506375,16.85589778274809,41.094481033476846,16.855484180652265
flow_0_854,41.09328897220411,16.85615607855325,41.093276282258536,16.856306336332803,41.09390877175432,16.860555577386883,41.09389978504193,16.86089441913475
flow_0_855,41.09328897220411,16.85615607855325,41.093276282258536,16.856306336332803,41.09289989869124,16.857979997773366,41.09252833667128,16.85806965698529
flow_0_856,41.09328897220411,16.85615607855325,41.093276282258536,16.856306336332803,41.09575898407665,16.861403291409037,41.09578940828096,16.861627521735652
flow_0_857,41.09328897220411,16.85615607855325,41.093276282258536,16.856306336332803,41.09577203818025,16.86132567064774,41.09575898407665,16.861403291409037
flow_0_858,41.09328897220411,16.85615607855325,41.093276282258536,16.856306336332803,41.09326327598272,16.856459442663375,41.09325705252129,16.85653261037847
flow_0_859,41.09328897220411,16.85615607855325,41.093276282258536,16.856306336332803,41.09588692434208,16.86204201283392,41.096023183819085,16.86206015013157
flow_0_860,41.09328897220411,16.85615607855325,41.093276282258536,16.856306336332803,41.096023183819085,16.86206015013157,41.09607053280287,16.862073156374553
flow_0_861,41.09328897220411,16.85615607855325,41.093276282258536,16.856306336332803,41.09607053280287,16.862073156374553,41.09624619327664,16.862345189534487
flow_0_862,41.09328897220411,16.85615607855325,41.093276282258536,16.856306336332803,41.09406666971318,16.861809974981103,41.09374076152227,16.861733142040123
flow_0_863,41.09328897220411,16.85615607855325,41.093276282258536,16.856306336332803,41.09428507077666,16.861822930016572,41.094248634240174,16.861820234016683
flow_0_864,41.09328897220411,16.85615607855325,41.093276282258536,16.856306336332803,41.09422326217536,16.861818445841735,41.09406666971318,16.861809974981103
flow_0_865,41.09328897220411,16.85615607855325,41.093276282258536,16.856306336332803,41.09606913880409,16.857384087393385,41.09607773810893,16.85711333011326
flow_0_866,41.09328897220411,16.85615607855325,41.093276282258536,16.856306336332803,41.093433790346566,16.855687830843742,41.09352569242476,16.85465158647345
flow_0_867,41.09328897220411,16.85615607855325,41.093276282258536,16.856306336332803,41.09257525037648,16.866055037799217,41.08991586912939,16.865878687144406
flow_0_868,41.09328897220411,16.85615607855325,41.093276282258536,16.856306336332803,41.09637979984023,16.861535604961926,41.096390396588056,16.86145398483175
flow_0_869,41.09328897220411,16.85615607855325,41.093276282258536,16.856306336332803,41.096390396588056,16.86145398483175,41.09617566373433,16.86105237527639
flow_0_870,41.09328897220411,16.85615607855325,41.093276282258536,16.856306336332803,41.09333584930795,16.855672929401177,41.09331846638719,16.855846153569416
flow_0_871,41.09328897220411,16.85615607855325,41.093276282258536,16.856306336332803,41.09331846638719,16.855846153569416,41.09330344191395,16.855984796607544
flow_0_872,41.09328897220411,16.85615607855325,41.093276282258536,16.856306336332803,41.09309962997091,16.8641768999245,41.09122003932151,16.863954806076606
flow_0_873,41.09328897220411,16.85615607855325,41.093276282258536,16.856306336332803,41.09590934506375,16.85589778274809,41.09589464404242,16.856597607978603
flow_0_874,41.09328897220411,16.85615607855325,41.093276282258536,16.856306336332803,41.095864883749904,16.858939789299576,41.09579879841287,16.860483307032734
flow_0_875,41.09328897220411,16.85615607855325,41.093276282258536,16.856306336332803,41.09410258065408,16.854547680343014,41.0940220774019,16.854495884667088
flow_0_876,41.09328897220411,16.85615607855325,41.093276282258536,16.856306336332803,41.09290701188394,16.85345153155061,41.09274366748828,16.853398004520955
flow_0_877,41.09328897220411,16.85615607855325,41.093276282258536,16.856306336332803,41.09289989869124,16.857979997773366,41.0924620240455,16.857540225068156
flow_0_878,41.09328897220411,16.85615607855325,41.093276282258536,16.856306336332803,41.09762167433529,16.86078183182401,41.0975908593457,16.860854905020272
flow_0_879,41.09328897220411,16.85615607855325,41.093276282258536,16.856306336332803,41.09783406893447,16.85935956518292,41.09781757948696,16.860074005211207
flow_0_880,41.09328897220411,16.85615607855325,41.093276282258536,16.856306336332803,41.09781757948696,16.860074005211207,41.09773009884011,16.860532461562137
flow_0_881,41.09328897220411,16.85615607855325,41.093276282258536,16.856306336332803,41.09788351207976,16.86008527251128,41.097886790174485,16.85993247707892
flow_0_882,41.09328897220411,16.85615607855325,41.093276282258536,16.856306336332803,41.097886790174485,16.85993247707892,41.097887056561405,16.859358083149928
flow_0_883,41.09328897220411,16.85615607855325,41.093276282258536,16.856306336332803,41.09752079197923,16.86113857805688,41.097541272342,16.861158803055236
flow_0_884,41.09328897220411,16.85615607855325,41.093276282258536,16.856306336332803,41.09346290764322,16.859512259912492,41.0937563740557,16.85923859402608
flow_0_885,41.09328897220411,16.85615607855325,41.093276282258536,16.856306336332803,41.09575898407665,16.861403291409037,41.09556026737646,16.861799770540163
flow_0_886,41.09328897220411,16.85615607855325,41.093276282258536,16.856306336332803,41.09556026737646,16.861799770540163,41.09428507077666,16.861822930016572
flow_0_887,41.09328897220411,16.85615607855325,41.093276282258536,16.856306336332803,41.09717022441964,16.862141610446756,41.09717150257013,16.862346685598727
flow_0_888,41.09328897220411,16.85615607855325,41.093276282258536,16.856306336332803,41.094497059549575,16.854662484304253,41.09459493177244,16.85467607291383
flow_0_889,41.09328897220411,16.85615607855325,41.093276282258536,16.856306336332803,41.093159424293006,16.861119861413044,41.092910609638544,16.861550868324073
flow_0_890,41.09328897220411,16.85615607855325,41.093276282258536,16.856306336332803,41.094611131446,16.86076995428607,41.09433377805168,16.860614722600705
flow_0_891,41.09328897220411,16.85615607855325,41.093276282258536,16.856306336332803,41.094481033476846,16.855484180652265,41.09590934506375,16.85589778274809
flow_0_892,41.09328897220411,16.85615607855325,41.093276282258536,16.856306336332803,41.09320904205983,16.86036794969964,41.093226008438016,16.859824905081403
flow_0_893,41.09319629011202,16.857407442131418,41.09313477092999,16.860354304644414,41.09628587040379,16.863506396736675,41.09627339570725,16.863759660301465
flow_0_894,41.09319629011202,16.857407442131418,41.09313477092999,16.860354304644414,41.09267829914716,16.854073630954087,41.09207574955028,16.85389154719994
flow_0_895,41.09319629011202,16.857407442131418,41.09313477092999,16.860354304644414,41.09717150257013,16.862346685598727,41.09717022441964,16.862141610446756
flow_0_896,41.09319629011202,16.857407442131418,41.09313477092999,16.860354304644414,41.09782874807601,16.858422322289133,41.09720965467912,16.86010828803053
flow_0_897,41.09319629011202,16.857407442131418,41.09313477092999,16.860354304644414,41.09590934506375,16.85589778274809,41.094481033476846,16.855484180652265
flow_0_898,41.09319629011202,16.857407442131418,41.09313477092999,16.860354304644414,41.09390877175432,16.860555577386883,41.09389978504193,16.86089441913475
flow_0_899,41.09319629011202,16.857407442131418,41.09313477092999,16.860354304644414,41.09289989869124,16.857979997773366,41.09252833667128,16.85806965698529
flow_0_900,41.09319629011202,16.857407442131418,41.09313477092999,16.860354304644414,41.09575898407665,16.861403291409037,41.09578940828096,16.861627521735652
flow_0_901,41.09319629011202,16.857407442131418,41.09313477092999,16.860354304644414,41.09577203818025,16.86132567064774,41.09575898407665,16.861403291409037
flow_0_902,41.09319629011202,16.857407442131418,41.09313477092999,16.860354304644414,41.09326327598272,16.856459442663375,41.09325705252129,16.85653261037847
flow_0_903,41.09319629011202,16.857407442131418,41.09313477092999,16.860354304644414,41.09588692434208,16.86204201283392,41.096023183819085,16.86206015013157
flow_0_904,41.09319629011202,16.857407442131418,41.09313477092999,16.860354304644414,41.096023183819085,16.86206015013157,41.09607053280287,16.862073156374553
flow_0_905,41.09319629011202,16.857407442131418,41.09313477092999,16.860354304644414,41.09607053280287,16.862073156374553,41.09624619327664,16.862345189534487
flow_0_906,41.09319629011202,16.857407442131418,41.09313477092999,16.860354304644414,41.09406666971318,16.861809974981103,41.09374076152227,16.861733142040123
flow_0_907,41.09319629011202,16.857407442131418,41.09313477092999,16.860354304644414,41.09428507077666,16.861822930016572,41.094248634240174,16.861820234016683
flow_0_908,41.09319629011202,16.857407442131418,41.09313477092999,16.860354304644414,41.09422326217536,16.861818445841735,41.09406666971318,16.861809974981103
flow_0_909,41.09319629011202,16.857407442131418,41.09313477092999,16.860354304644414,41.09606913880409,16.857384087393385,41.09607773810893,16.85711333011326
flow_0_910,41.09319629011202,16.857407442131418,41.09313477092999,16.860354304644414,41.093433790346566,16.855687830843742,41.09352569242476,16.85465158647345
flow_0_911,41.09319629011202,16.857407442131418,41.09313477092999,16.860354304644414,41.09257525037648,16.866055037799217,41.08991586912939,16.865878687144406
flow_0_912,41.09319629011202,16.857407442131418,41.09313477092999,16.860354304644414,41.09637979984023,16.861535604961926,41.096390396588056,16.86145398483175
flow_0_913,41.09319629011202,16.857407442131418,41.09313477092999,16.860354304644414,41.096390396588056,16.86145398483175,41.09617566373433,16.86105237527639
flow_0_914,41.09319629011202,16.857407442131418,41.09313477092999,16.860354304644414,41.09333584930795,16.855672929401177,41.09331846638719,16.855846153569416
flow_0_915,41.09319629011202,16.857407442131418,41.09313477092999,16.860354304644414,41.09331846638719,16.855846153569416,41.09330344191395,16.855984796607544
flow_0_916,41.09319629011202,16.857407442131418,41.09313477092999,16.860354304644414,41.09328897220411,16.85615607855325,41.093276282258536,16.856306336332803
flow_0_917,41.09319629011202,16.857407442131418,41.09313477092999,16.860354304644414,41.09309962997091,16.8641768999245,41.09122003932151,16.863954806076606
flow_0_918,41.09319629011202,16.857407442131418,41.09313477092999,16.860354304644414,41.09590934506375,16.85589778274809,41.09589464404242,16.856597607978603
flow_0_919,41.09319629011202,16.857407442131418,41.09313477092999,16.860354304644414,41.095864883749904,16.858939789299576,41.09579879841287,16.860483307032734
flow_0_920,41.09319629011202,16.857407442131418,41.09313477092999,16.860354304644414,41.09410258065408,16.854547680343014,41.0940220774019,16.854495884667088
flow_0_921,41.09319629011202,16.857407442131418,41.09313477092999,16.860354304644414,41.09290701188394,16.85345153155061,41.09274366748828,16.853398004520955
flow_0_922,41.09319629011202,16.857407442131418,41.09313477092999,16.860354304644414,41.09289989869124,16.857979997773366,41.0924620240455,16.857540225068156
flow_0_923,41.09319629011202,16.857407442131418,41.09313477092999,16.860354304644414,41.09762167433529,16.86078183182401,41.0975908593457,16.860854905020272
flow_0_924,41.09319629011202,16.857407442131418,41.09313477092999,16.860354304644414,41.09783406893447,16.85935956518292,41.09781757948696,16.860074005211207
flow_0_925,41.09319629011202,16.857407442131418,41.09313477092999,16.860354304644414,41.09781757948696,16.860074005211207,41.09773009884011,16.860532461562137
flow_0_926,41.09319629011202,16.857407442131418,41.09313477092999,16.860354304644414,41.09788351207976,16.86008527251128,41.097886790174485,16.85993247707892
flow_0_927,41.09319629011202,16.857407442131418,41.09313477092999,16.860354304644414,41.097886790174485,16.85993247707892,41.097887056561405,16.859358083149928
flow_0_928,41.09319629011202,16.857407442131418,41.09313477092999,16.860354304644414,41.09752079197923,16.86113857805688,41.097541272342,16.861158803055236
flow_0_929,41.09319629011202,16.857407442131418,41.09313477092999,16.860354304644414,41.09346290764322,16.859512259912492,41.0937563740557,16.85923859402608
flow_0_930,41.09319629011202,16.857407442131418,41.09313477092999,16.860354304644414,41.09575898407665,16.861403291409037,41.09556026737646,16.861799770540163
flow_0_931,41.09319629011202,16.857407442131418,41.09313477092999,16.860354304644414,41.09556026737646,16.861799770540163,41.09428507077666,16.861822930016572
flow_0_932,41.09319629011202,16.857407442131418,41.09313477092999,16.860354304644414,41.09717022441964,16.862141610446756,41.09717150257013,16.862346685598727
flow_0_933,41.09319629011202,16.857407442131418,41.09313477092999,16.860354304644414,41.094497059549575,16.854662484304253,41.09459493177244,16.85467607291383
flow_0_934,41.09319629011202,16.857407442131418,41.09313477092999,16.860354304644414,41.093159424293006,16.861119861413044,41.092910609638544,16.861550868324073
flow_0_935,41.09319629011202,16.857407442131418,41.09313477092999,16.860354304644414,41.094611131446,16.86076995428607,41.09433377805168,16.860614722600705
flow_0_936,41.09319629011202,16.857407442131418,41.09313477092999,16.860354304644414,41.094481033476846,16.855484180652265,41.09590934506375,16.85589778274809
flow_0_937,41.09319629011202,16.857407442131418,41.09313477092999,16.860354304644414,41.09320904205983,16.86036794969964,41.093226008438016,16.859824905081403
flow_0_938,41.09316010498916,16.865509972679483,41.09309962997091,16.8641768999245,41.09628587040379,16.863506396736675,41.09627339570725,16.863759660301465
flow_0_939,41.09316010498916,16.865509972679483,41.09309962997091,16.8641768999245,41.09267829914716,16.854073630954087,41.09207574955028,16.85389154719994
flow_0_940,41.09316010498916,16.865509972679483,41.09309962997091,16.8641768999245,41.09717150257013,16.862346685598727,41.09717022441964,16.862141610446756
flow_0_941,41.09316010498916,16.865509972679483,41.09309962997091,16.8641768999245,41.09782874807601,16.858422322289133,41.09720965467912,16.86010828803053
flow_0_942,41.09316010498916,16.865509972679483,41.09309962997091,16.8641768999245,41.09590934506375,16.85589778274809,41.094481033476846,16.855484180652265
flow_0_943,41.09316010498916,16.865509972679483,41.09309962997091,16.8641768999245,41.09390877175432,16.860555577386883,41.09389978504193,16.86089441913475
flow_0_944,41.09316010498916,16.865509972679483,41.09309962997091,16.8641768999245,41.09289989869124,16.857979997773366,41.09252833667128,16.85806965698529
flow_0_945,41.09316010498916,16.865509972679483,41.09309962997091,16.8641768999245,41.09575898407665,16.861403291409037,41.09578940828096,16.861627521735652
flow_0_946,41.09316010498916,16.865509972679483,41.09309962997091,16.8641768999245,41.09577203818025,16.86132567064774,41.09575898407665,16.861403291409037
flow_0_947,41.09316010498916,16.865509972679483,41.09309962997091,16.8641768999245,41.09326327598272,16.856459442663375,41.09325705252129,16.85653261037847
flow_0_948,41.09316010498916,16.865509972679483,41.09309962997091,16.8641768999245,41.09588692434208,16.86204201283392,41.096023183819085,16.86206015013157
flow_0_949,41.09316010498916,16.865509972679483,41.09309962997091,16.8641768999245,41.096023183819085,16.86206015013157,41.09607053280287,16.862073156374553
flow_0_950,41.09316010498916,16.865509972679483,41.09309962997091,16.8641768999245,41.09607053280287,16.862073156374553,41.09624619327664,16.862345189534487
flow_0_951,41.09316010498916,16.865509972679483,41.09309962997091,16.8641768999245,41.09406666971318,16.861809974981103,41.09374076152227,16.861733142040123
flow_0_952,41.09316010498916,16.865509972679483,41.09309962997091,16.8641768999245,41.09428507077666,16.861822930016572,41.094248634240174,16.861820234016683
flow_0_953,41.09316010498916,16.865509972679483,41.09309962997091,16.8641768999245,41.09422326217536,16.861818445841735,41.09406666971318,16.861809974981103
flow_0_954,41.09316010498916,16.865509972679483,41.09309962997091,16.8641768999245,41.09606913880409,16.857384087393385,41.09607773810893,16.85711333011326
flow_0_955,41.09316010498916,16.865509972679483,41.09309962997091,16.8641768999245,41.093433790346566,16.855687830843742,41.09352569242476,16.85465158647345
flow_0_956,41.09316010498916,16.865509972679483,41.09309962997091,16.8641768999245,41.09257525037648,16.866055037799217,41.08991586912939,16.865878687144406
flow_0_957,41.09316010498916,16.865509972679483,41.09309962997091,16.8641768999245,41.09637979984023,16.861535604961926,41.096390396588056,16.86145398483175
flow_0_958,41.09316010498916,16.865509972679483,41.09309962997091,16.8641768999245,41.096390396588056,16.86145398483175,41.09617566373433,16.86105237527639
flow_0_959,41.09316010498916,16.865509972679483,41.09309962997091,16.8641768999245,41.09333584930795,16.855672929401177,41.09331846638719,16.855846153569416
flow_0_960,41.09316010498916,16.865509972679483,41.09309962997091,16.8641768999245,41.09331846638719,16.855846153569416,41.09330344191395,16.855984796607544
flow_0_961,41.09316010498916,16.865509972679483,41.09309962997091,16.8641768999245,41.09328897220411,16.85615607855325,41.093276282258536,16.856306336332803
flow_0_962,41.09316010498916,16.865509972679483,41.09309962997091,16.8641768999245,41.09309962997091,16.8641768999245,41.09122003932151,16.863954806076606
flow_0_963,41.09316010498916,16.865509972679483,41.09309962997091,16.8641768999245,41.09590934506375,16.85589778274809,41.09589464404242,16.856597607978603
flow_0_964,41.09316010498916,16.865509972679483,41.09309962997091,16.8641768999245,41.095864883749904,16.858939789299576,41.09579879841287,16.860483307032734
flow_0_965,41.09316010498916,16.865509972679483,41.09309962997091,16.8641768999245,41.09410258065408,16.854547680343014,41.0940220774019,16.854495884667088
flow_0_966,41.09316010498916,16.865509972679483,41.09309962997091,16.8641768999245,41.09290701188394,16.85345153155061,41.09274366748828,16.853398004520955
flow_0_967,41.09316010498916,16.865509972679483,41.09309962997091,16.8641768999245,41.09289989869124,16.857979997773366,41.0924620240455,16.857540225068156
flow_0_968,41.09316010498916,16.865509972679483,41.09309962997091,16.8641768999245,41.09762167433529,16.86078183182401,41.0975908593457,16.860854905020272
flow_0_969,41.09316010498916,16.865509972679483,41.09309962997091,16.8641768999245,41.09783406893447,16.85935956518292,41.09781757948696,16.860074005211207
flow_0_970,41.09316010498916,16.865509972679483,41.09309962997091,16.8641768999245,41.09781757948696,16.860074005211207,41.09773009884011,16.860532461562137
flow_0_971,41.09316010498916,16.865509972679483,41.09309962997091,16.8641768999245,41.09788351207976,16.86008527251128,41.097886790174485,16.85993247707892
flow_0_972,41.09316010498916,16.865509972679483,41.09309962997091,16.8641768999245,41.097886790174485,16.85993247707892,41.097887056561405,16.859358083149928
flow_0_973,41.09316010498916,16.865509972679483,41.09309962997091,16.8641768999245,41.09752079197923,16.86113857805688,41.097541272342,16.861158803055236
flow_0_974,41.09316010498916,16.865509972679483,41.09309962997091,16.8641768999245,41.09346290764322,16.859512259912492,41.0937563740557,16.85923859402608
flow_0_975,41.09316010498916,16.865509972679483,41.09309962997091,16.8641768999245,41.09575898407665,16.861403291409037,41.09556026737646,16.861799770540163
flow_0_976,41.09316010498916,16.865509972679483,41.09309962997091,16.8641768999245,41.09556026737646,16.861799770540163,41.09428507077666,16.861822930016572
flow_0_977,41.09316010498916,16.865509972679483,41.09309962997091,16.8641768999245,41.09717022441964,16.862141610446756,41.09717150257013,16.862346685598727
flow_0_978,41.09316010498916,16.865509972679483,41.09309962997091,16.8641768999245,41.094497059549575,16.854662484304253,41.09459493177244,16.85467607291383
flow_0_979,41.09316010498916,16.865509972679483,41.09309962997091,16.8641768999245,41.093159424293006,16.861119861413044,41.092910609638544,16.861550868324073
flow_0_980,41.09316010498916,16.865509972679483,41.09309962997091,16.8641768999245,41.094611131446,16.86076995428607,41.09433377805168,16.860614722600705
flow_0_981,41.09316010498916,16.865509972679483,41.09309962997091,16.8641768999245,41.094481033476846,16.855484180652265,41.09590934506375,16.85589778274809
flow_0_982,41.09316010498916,16.865509972679483,41.09309962997091,16.8641768999245,41.09320904205983,16.86036794969964,41.093226008438016,16.859824905081403
flow_0_983,41.09231744208811,16.85425945763351,41.09318904605032,16.854441374933632,41.09628587040379,16.863506396736675,41.09627339570725,16.863759660301465
flow_0_984,41.09231744208811,16.85425945763351,41.09318904605032,16.854441374933632,41.09267829914716,16.854073630954087,41.09207574955028,16.85389154719994
flow_0_985,41.09231744208811,16.85425945763351,41.09318904605032,16.854441374933632,41.09717150257013,16.862346685598727,41.09717022441964,16.862141610446756
flow_0_986,41.09231744208811,16.85425945763351,41.09318904605032,16.854441374933632,41.09782874807601,16.858422322289133,41.09720965467912,16.86010828803053
flow_0_987,41.09231744208811,16.85425945763351,41.09318904605032,16.854441374933632,41.09590934506375,16.85589778274809,41.094481033476846,16.855484180652265
flow_0_988,41.09231744208811,16.85425945763351,41.09318904605032,16.854441374933632,41.09390877175432,16.860555577386883,41.09389978504193,16.86089441913475
flow_0_989,41.09231744208811,16.85425945763351,41.09318904605032,16.854441374933632,41.09289989869124,16.857979997773366,41.09252833667128,16.85806965698529
flow_0_990,41.09231744208811,16.85425945763351,41.09318904605032,16.854441374933632,41.09575898407665,16.861403291409037,41.09578940828096,16.861627521735652
flow_0_991,41.09231744208811,16.85425945763351,41.09318904605032,16.854441374933632,41.09577203818025,16.86132567064774,41.09575898407665,16.861403291409037
flow_0_992,41.09231744208811,16.85425945763351,41.09318904605032,16.854441374933632,41.09326327598272,16.856459442663375,41.09325705252129,16.85653261037847
flow_0_993,41.09231744208811,16.85425945763351,41.09318904605032,16.854441374933632,41.09588692434208,16.86204201283392,41.096023183819085,16.86206015013157
flow_0_994,41.09231744208811,16.85425945763351,41.09318904605032,16.854441374933632,41.096023183819085,16.86206015013157,41.09607053280287,16.862073156374553
flow_0_995,41.09231744208811,16.85425945763351,41.09318904605032,16.854441374933632,41.09607053280287,16.862073156374553,41.09624619327664,16.862345189534487
flow_0_996,41.09231744208811,16.85425945763351,41.09318904605032,16.854441374933632,41.09406666971318,16.861809974981103,41.09374076152227,16.861733142040123
flow_0_997,41.09231744208811,16.85425945763351,41.09318904605032,16.854441374933632,41.09428507077666,16.861822930016572,41.094248634240174,16.861820234016683
flow_0_998,41.09231744208811,16.85425945763351,41.09318904605032,16.854441374933632,41.09422326217536,16.861818445841735,41.09406666971318,16.861809974981103
flow_0_999,41.09231744208811,16.85425945763351,41.09318904605032,16.854441374933632,41.09606913880409,16.857384087393385,41.09607773810893,16.85711333011326
flow_0_1000,41.09231744208811,16.85425945763351,41.09318904605032,16.854441374933632,41.093433790346566,16.855687830843742,41.09352569242476,16.85465158647345
flow_0_1001,41.09231744208811,16.85425945763351,41.09318904605032,16.854441374933632,41.09257525037648,16.866055037799217,41.08991586912939,16.865878687144406
flow_0_1002,41.09231744208811,16.85425945763351,41.09318904605032,16.854441374933632,41.09637979984023,16.861535604961926,41.096390396588056,16.86145398483175
flow_0_1003,41.09231744208811,16.85425945763351,41.09318904605032,16.854441374933632,41.096390396588056,16.86145398483175,41.09617566373433,16.86105237527639
flow_0_1004,41.09231744208811,16.85425945763351,41.09318904605032,16.854441374933632,41.09333584930795,16.855672929401177,41.09331846638719,16.855846153569416
flow_0_1005,41.09231744208811,16.85425945763351,41.09318904605032,16.854441374933632,41.09331846638719,16.855846153569416,41.09330344191395,16.855984796607544
flow_0_1006,41.09231744208811,16.85425945763351,41.09318904605032,16.854441374933632,41.09328897220411,16.85615607855325,41.093276282258536,16.856306336332803
flow_0_1007,41.09231744208811,16.85425945763351,41.09318904605032,16.854441374933632,41.09309962997091,16.8641768999245,41.09122003932151,16.863954806076606
flow_0_1008,41.09231744208811,16.85425945763351,41.09318904605032,16.854441374933632,41.09590934506375,16.85589778274809,41.09589464404242,16.856597607978603
flow_0_1009,41.09231744208811,16.85425945763351,41.09318904605032,16.854441374933632,41.095864883749904,16.858939789299576,41.09579879841287,16.860483307032734
flow_0_1010,41.09231744208811,16.85425945763351,41.09318904605032,16.854441374933632,41.09410258065408,16.854547680343014,41.0940220774019,16.854495884667088
flow_0_1011,41.09231744208811,16.85425945763351,41.09318904605032,16.854441374933632,41.09290701188394,16.85345153155061,41.09274366748828,16.853398004520955
flow_0_1012,41.09231744208811,16.85425945763351,41.09318904605032,16.854441374933632,41.09289989869124,16.857979997773366,41.0924620240455,16.857540225068156
flow_0_1013,41.09231744208811,16.85425945763351,41.09318904605032,16.854441374933632,41.09762167433529,16.86078183182401,41.0975908593457,16.860854905020272
flow_0_1014,41.09231744208811,16.85425945763351,41.09318904605032,16.854441374933632,41.09783406893447,16.85935956518292,41.09781757948696,16.860074005211207
flow_0_1015,41.09231744208811,16.85425945763351,41.09318904605032,16.854441374933632,41.09781757948696,16.860074005211207,41.09773009884011,16.860532461562137
flow_0_1016,41.09231744208811,16.85425945763351,41.09318904605032,16.854441374933632,41.09788351207976,16.86008527251128,41.097886790174485,16.85993247707892
flow_0_1017,41.09231744208811,16.85425945763351,41.09318904605032,16.854441374933632,41.097886790174485,16.85993247707892,41.097887056561405,16.859358083149928
flow_0_1018,41.09231744208811,16.85425945763351,41.09318904605032,16.854441374933632,41.09752079197923,16.86113857805688,41.097541272342,16.861158803055236
flow_0_1019,41.09231744208811,16.85425945763351,41.09318904605032,16.854441374933632,41.09346290764322,16.859512259912492,41.0937563740557,16.85923859402608
flow_0_1020,41.09231744208811,16.85425945763351,41.09318904605032,16.854441374933632,41.09575898407665,16.861403291409037,41.09556026737646,16.861799770540163
flow_0_1021,41.09231744208811,16.85425945763351,41.09318904605032,16.854441374933632,41.09556026737646,16.861799770540163,41.09428507077666,16.861822930016572
flow_0_1022,41.09231744208811,16.85425945763351,41.09318904605032,16.854441374933632,41.09717022441964,16.862141610446756,41.09717150257013,16.862346685598727
flow_0_1023,41.09231744208811,16.85425945763351,41.09318904605032,16.854441374933632,41.094497059549575,16.854662484304253,41.09459493177244,16.85467607291383
flow_0_1024,41.09231744208811,16.85425945763351,41.09318904605032,16.854441374933632,41.093159424293006,16.861119861413044,41.092910609638544,16.861550868324073
flow_0_1025,41.09231744208811,16.85425945763351,41.09318904605032,16.854441374933632,41.094611131446,16.86076995428607,41.09433377805168,16.860614722600705
flow_0_1026,41.09231744208811,16.85425945763351,41.09318904605032,16.854441374933632,41.094481033476846,16.855484180652265,41.09590934506375,16.85589778274809
flow_0_1027,41.09231744208811,16.85425945763351,41.09318904605032,16.854441374933632,41.09320904205983,16.86036794969964,41.093226008438016,16.859824905081403
flow_0_1028,41.09318904605032,16.854441374933632,41.09334649944472,16.854480332551322,41.09628587040379,16.863506396736675,41.09627339570725,16.863759660301465
flow_0_1029,41.09318904605032,16.854441374933632,41.09334649944472,16.854480332551322,41.09267829914716,16.854073630954087,41.09207574955028,16.85389154719994
flow_0_1030,41.09318904605032,16.854441374933632,41.09334649944472,16.854480332551322,41.09717150257013,16.862346685598727,41.09717022441964,16.862141610446756
flow_0_1031,41.09318904605032,16.854441374933632,41.09334649944472,16.854480332551322,41.09782874807601,16.858422322289133,41.09720965467912,16.86010828803053
flow_0_1032,41.09318904605032,16.854441374933632,41.09334649944472,16.854480332551322,41.09590934506375,16.85589778274809,41.094481033476846,16.855484180652265
flow_0_1033,41.09318904605032,16.854441374933632,41.09334649944472,16.854480332551322,41.09390877175432,16.860555577386883,41.09389978504193,16.86089441913475
flow_0_1034,41.09318904605032,16.854441374933632,41.09334649944472,16.854480332551322,41.09289989869124,16.857979997773366,41.09252833667128,16.85806965698529
flow_0_1035,41.09318904605032,16.854441374933632,41.09334649944472,16.854480332551322,41.09575898407665,16.861403291409037,41.09578940828096,16.861627521735652
flow_0_1036,41.09318904605032,16.854441374933632,41.09334649944472,16.854480332551322,41.09577203818025,16.86132567064774,41.09575898407665,16.861403291409037
flow_0_1037,41.09318904605032,16.854441374933632,41.09334649944472,16.854480332551322,41.09326327598272,16.856459442663375,41.09325705252129,16.85653261037847
flow_0_1038,41.09318904605032,16.854441374933632,41.09334649944472,16.854480332551322,41.09588692434208,16.86204201283392,41.096023183819085,16.86206015013157
flow_0_1039,41.09318904605032,16.854441374933632,41.09334649944472,16.854480332551322,41.096023183819085,16.86206015013157,41.09607053280287,16.862073156374553
flow_0_1040,41.09318904605032,16.854441374933632,41.09334649944472,16.854480332551322,41.09607053280287,16.862073156374553,41.09624619327664,16.862345189534487
flow_0_1041,41.09318904605032,16.854441374933632,41.09334649944472,16.854480332551322,41.09406666971318,16.861809974981103,41.09374076152227,16.861733142040123
flow_0_1042,41.09318904605032,16.854441374933632,41.09334649944472,16.854480332551322,41.09428507077666,16.861822930016572,41.094248634240174,16.861820234016683
flow_0_1043,41.09318904605032,16.854441374933632,41.09334649944472,16.854480332551322,41.09422326217536,16.861818445841735,41.09406666971318,16.861809974981103
flow_0_1044,41.09318904605032,16.854441374933632,41.09334649944472,16.854480332551322,41.09606913880409,16.857384087393385,41.09607773810893,16.85711333011326
flow_0_1045,41.09318904605032,16.854441374933632,41.09334649944472,16.854480332551322,41.093433790346566,16.855687830843742,41.09352569242476,16.85465158647345
flow_0_1046,41.09318904605032,16.854441374933632,41.09334649944472,16.854480332551322,41.09257525037648,16.866055037799217,41.08991586912939,16.865878687144406
flow_0_1047,41.09318904605032,16.854441374933632,41.09334649944472,16.854480332551322,41.09637979984023,16.861535604961926,41.096390396588056,16.86145398483175
flow_0_1048,41.09318904605032,16.854441374933632,41.09334649944472,16.854480332551322,41.096390396588056,16.86145398483175,41.09617566373433,16.86105237527639
flow_0_1049,41.09318904605032,16.854441374933632,41.09334649944472,16.854480332551322,41.09333584930795,16.855672929401177,41.09331846638719,16.855846153569416
flow_0_1050,41.09318904605032,16.854441374933632,41.09334649944472,16.854480332551322,41.09331846638719,16.855846153569416,41.09330344191395,16.855984796607544
flow_0_1051,41.09318904605032,16.854441374933632,41.09334649944472,16.854480332551322,41.09328897220411,16.85615607855325,41.093276282258536,16.856306336332803
flow_0_1052,41.09318904605032,16.854441374933632,41.09334649944472,16.854480332551322,41.09309962997091,16.8641768999245,41.09122003932151,16.863954806076606
flow_0_1053,41.09318904605032,16.854441374933632,41.09334649944472,16.854480332551322,41.09590934506375,16.85589778274809,41.09589464404242,16.856597607978603
flow_0_1054,41.09318904605032,16.854441374933632,41.09334649944472,16.854480332551322,41.095864883749904,16.858939789299576,41.09579879841287,16.860483307032734
flow_0_1055,41.09318904605032,16.854441374933632,41.09334649944472,16.854480332551322,41.09410258065408,16.854547680343014,41.0940220774019,16.854495884667088
flow_0_1056,41.09318904605032,16.854441374933632,41.09334649944472,16.854480332551322,41.09290701188394,16.85345153155061,41.09274366748828,16.853398004520955
flow_0_1057,41.09318904605032,16.854441374933632,41.09334649944472,16.854480332551322,41.09289989869124,16.857979997773366,41.0924620240455,16.857540225068156
flow_0_1058,41.09318904605032,16.854441374933632,41.09334649944472,16.854480332551322,41.09762167433529,16.86078183182401,41.0975908593457,16.860854905020272
flow_0_1059,41.09318904605032,16.854441374933632,41.09334649944472,16.854480332551322,41.09783406893447,16.85935956518292,41.09781757948696,16.860074005211207
flow_0_1060,41.09318904605032,16.854441374933632,41.09334649944472,16.854480332551322,41.09781757948696,16.860074005211207,41.09773009884011,16.860532461562137
flow_0_1061,41.09318904605032,16.854441374933632,41.09334649944472,16.854480332551322,41.09788351207976,16.86008527251128,41.097886790174485,16.85993247707892
flow_0_1062,41.09318904605032,16.854441374933632,41.09334649944472,16.854480332551322,41.097886790174485,16.85993247707892,41.097887056561405,16.859358083149928
flow_0_1063,41.09318904605032,16.854441374933632,41.09334649944472,16.854480332551322,41.09752079197923,16.86113857805688,41.097541272342,16.861158803055236
flow_0_1064,41.09318904605032,16.854441374933632,41.09334649944472,16.854480332551322,41.09346290764322,16.859512259912492,41.0937563740557,16.85923859402608
flow_0_1065,41.09318904605032,16.854441374933632,41.09334649944472,16.854480332551322,41.09575898407665,16.861403291409037,41.09556026737646,16.861799770540163
flow_0_1066,41.09318904605032,16.854441374933632,41.09334649944472,16.854480332551322,41.09556026737646,16.861799770540163,41.09428507077666,16.861822930016572
flow_0_1067,41.09318904605032,16.854441374933632,41.09334649944472,16.854480332551322,41.09717022441964,16.862141610446756,41.09717150257013,16.862346685598727
flow_0_1068,41.09318904605032,16.854441374933632,41.09334649944472,16.854480332551322,41.094497059549575,16.854662484304253,41.09459493177244,16.85467607291383
flow_0_1069,41.09318904605032,16.854441374933632,41.09334649944472,16.854480332551322,41.093159424293006,16.861119861413044,41.092910609638544,16.861550868324073
flow_0_1070,41.09318904605032,16.854441374933632,41.09334649944472,16.854480332551322,41.094611131446,16.86076995428607,41.09433377805168,16.860614722600705
flow_0_1071,41.09318904605032,16.854441374933632,41.09334649944472,16.854480332551322,41.094481033476846,16.855484180652265,41.09590934506375,16.85589778274809
flow_0_1072,41.09318904605032,16.854441374933632,41.09334649944472,16.854480332551322,41.09320904205983,16.86036794969964,41.093226008438016,16.859824905081403
flow_0_1073,41.0940220774019,16.854495884667088,41.093874010675705,16.854416589648586,41.09628587040379,16.863506396736675,41.09627339570725,16.863759660301465
flow_0_1074,41.0940220774019,16.854495884667088,41.093874010675705,16.854416589648586,41.09267829914716,16.854073630954087,41.09207574955028,16.85389154719994
flow_0_1075,41.0940220774019,16.854495884667088,41.093874010675705,16.854416589648586,41.09717150257013,16.862346685598727,41.09717022441964,16.862141610446756
flow_0_1076,41.0940220774019,16.854495884667088,41.093874010675705,16.854416589648586,41.09782874807601,16.858422322289133,41.09720965467912,16.86010828803053
flow_0_1077,41.0940220774019,16.854495884667088,41.093874010675705,16.854416589648586,41.09590934506375,16.85589778274809,41.094481033476846,16.855484180652265
flow_0_1078,41.0940220774019,16.854495884667088,41.093874010675705,16.854416589648586,41.09390877175432,16.860555577386883,41.09389978504193,16.86089441913475
flow_0_1079,41.0940220774019,16.854495884667088,41.093874010675705,16.854416589648586,41.09289989869124,16.857979997773366,41.09252833667128,16.85806965698529
flow_0_1080,41.0940220774019,16.854495884667088,41.093874010675705,16.854416589648586,41.09575898407665,16.861403291409037,41.09578940828096,16.861627521735652
flow_0_1081,41.0940220774019,16.854495884667088,41.093874010675705,16.854416589648586,41.09577203818025,16.86132567064774,41.09575898407665,16.861403291409037
flow_0_1082,41.0940220774019,16.854495884667088,41.093874010675705,16.854416589648586,41.09326327598272,16.856459442663375,41.09325705252129,16.85653261037847
flow_0_1083,41.0940220774019,16.854495884667088,41.093874010675705,16.854416589648586,41.09588692434208,16.86204201283392,41.096023183819085,16.86206015013157
flow_0_1084,41.0940220774019,16.854495884667088,41.093874010675705,16.854416589648586,41.096023183819085,16.86206015013157,41.09607053280287,16.862073156374553
flow_0_1085,41.0940220774019,16.854495884667088,41.093874010675705,16.854416589648586,41.09607053280287,16.862073156374553,41.09624619327664,16.862345189534487
flow_0_1086,41.0940220774019,16.854495884667088,41.093874010675705,16.854416589648586,41.09406666971318,16.861809974981103,41.09374076152227,16.861733142040123
flow_0_1087,41.0940220774019,16.854495884667088,41.093874010675705,16.854416589648586,41.09428507077666,16.861822930016572,41.094248634240174,16.861820234016683
flow_0_1088,41.0940220774019,16.854495884667088,41.093874010675705,16.854416589648586,41.09422326217536,16.861818445841735,41.09406666971318,16.861809974981103
flow_0_1089,41.0940220774019,16.854495884667088,41.093874010675705,16.854416589648586,41.09606913880409,16.857384087393385,41.09607773810893,16.85711333011326
flow_0_1090,41.0940220774019,16.854495884667088,41.093874010675705,16.854416589648586,41.093433790346566,16.855687830843742,41.09352569242476,16.85465158647345
flow_0_1091,41.0940220774019,16.854495884667088,41.093874010675705,16.854416589648586,41.09257525037648,16.866055037799217,41.08991586912939,16.865878687144406
flow_0_1092,41.0940220774019,16.854495884667088,41.093874010675705,16.854416589648586,41.09637979984023,16.861535604961926,41.096390396588056,16.86145398483175
flow_0_1093,41.0940220774019,16.854495884667088,41.093874010675705,16.854416589648586,41.096390396588056,16.86145398483175,41.09617566373433,16.86105237527639
flow_0_1094,41.0940220774019,16.854495884667088,41.093874010675705,16.854416589648586,41.09333584930795,16.855672929401177,41.09331846638719,16.855846153569416
flow_0_1095,41.0940220774019,16.854495884667088,41.093874010675705,16.854416589648586,41.09331846638719,16.855846153569416,41.09330344191395,16.855984796607544
flow_0_1096,41.0940220774019,16.854495884667088,41.093874010675705,16.854416589648586,41.09328897220411,16.85615607855325,41.093276282258536,16.856306336332803
flow_0_1097,41.0940220774019,16.854495884667088,41.093874010675705,16.854416589648586,41.09309962997091,16.8641768999245,41.09122003932151,16.863954806076606
flow_0_1098,41.0940220774019,16.854495884667088,41.093874010675705,16.854416589648586,41.09590934506375,16.85589778274809,41.09589464404242,16.856597607978603
flow_0_1099,41.0940220774019,16.854495884667088,41.093874010675705,16.854416589648586,41.095864883749904,16.858939789299576,41.09579879841287,16.860483307032734
flow_0_1100,41.0940220774019,16.854495884667088,41.093874010675705,16.854416589648586,41.09410258065408,16.854547680343014,41.0940220774019,16.854495884667088
flow_0_1101,41.0940220774019,16.854495884667088,41.093874010675705,16.854416589648586,41.09290701188394,16.85345153155061,41.09274366748828,16.853398004520955
flow_0_1102,41.0940220774019,16.854495884667088,41.093874010675705,16.854416589648586,41.09289989869124,16.857979997773366,41.0924620240455,16.857540225068156
flow_0_1103,41.0940220774019,16.854495884667088,41.093874010675705,16.854416589648586,41.09762167433529,16.86078183182401,41.0975908593457,16.860854905020272
flow_0_1104,41.0940220774019,16.854495884667088,41.093874010675705,16.854416589648586,41.09783406893447,16.85935956518292,41.09781757948696,16.860074005211207
flow_0_1105,41.0940220774019,16.854495884667088,41.093874010675705,16.854416589648586,41.09781757948696,16.860074005211207,41.09773009884011,16.860532461562137
flow_0_1106,41.0940220774019,16.854495884667088,41.093874010675705,16.854416589648586,41.09788351207976,16.86008527251128,41.097886790174485,16.85993247707892
flow_0_1107,41.0940220774019,16.854495884667088,41.093874010675705,16.854416589648586,41.097886790174485,16.85993247707892,41.097887056561405,16.859358083149928
flow_0_1108,41.0940220774019,16.854495884667088,41.093874010675705,16.854416589648586,41.09752079197923,16.86113857805688,41.097541272342,16.861158803055236
flow_0_1109,41.0940220774019,16.854495884667088,41.093874010675705,16.854416589648586,41.09346290764322,16.859512259912492,41.0937563740557,16.85923859402608
flow_0_1110,41.0940220774019,16.854495884667088,41.093874010675705,16.854416589648586,41.09575898407665,16.861403291409037,41.09556026737646,16.861799770540163
flow_0_1111,41.0940220774019,16.854495884667088,41.093874010675705,16.854416589648586,41.09556026737646,16.861799770540163,41.09428507077666,16.861822930016572
flow_0_1112,41.0940220774019,16.854495884667088,41.093874010675705,16.854416589648586,41.09717022441964,16.862141610446756,41.09717150257013,16.862346685598727
flow_0_1113,41.0940220774019,16.854495884667088,41.093874010675705,16.854416589648586,41.094497059549575,16.854662484304253,41.09459493177244,16.85467607291383
flow_0_1114,41.0940220774019,16.854495884667088,41.093874010675705,16.854416589648586,41.093159424293006,16.861119861413044,41.092910609638544,16.861550868324073
flow_0_1115,41.0940220774019,16.854495884667088,41.093874010675705,16.854416589648586,41.094611131446,16.86076995428607,41.09433377805168,16.860614722600705
flow_0_1116,41.0940220774019,16.854495884667088,41.093874010675705,16.854416589648586,41.094481033476846,16.855484180652265,41.09590934506375,16.85589778274809
flow_0_1117,41.0940220774019,16.854495884667088,41.093874010675705,16.854416589648586,41.09320904205983,16.86036794969964,41.093226008438016,16.859824905081403
flow_0_1118,41.09350717781295,16.85412313696312,41.09319943662766,16.853728716859614,41.09628587040379,16.863506396736675,41.09627339570725,16.863759660301465
flow_0_1119,41.09350717781295,16.85412313696312,41.09319943662766,16.853728716859614,41.09267829914716,16.854073630954087,41.09207574955028,16.85389154719994
flow_0_1120,41.09350717781295,16.85412313696312,41.09319943662766,16.853728716859614,41.09717150257013,16.862346685598727,41.09717022441964,16.862141610446756
flow_0_1121,41.09350717781295,16.85412313696312,41.09319943662766,16.853728716859614,41.09782874807601,16.858422322289133,41.09720965467912,16.86010828803053
flow_0_1122,41.09350717781295,16.85412313696312,41.09319943662766,16.853728716859614,41.09590934506375,16.85589778274809,41.094481033476846,16.855484180652265
flow_0_1123,41.09350717781295,16.85412313696312,41.09319943662766,16.853728716859614,41.09390877175432,16.860555577386883,41.09389978504193,16.86089441913475
flow_0_1124,41.09350717781295,16.85412313696312,41.09319943662766,16.853728716859614,41.09289989869124,16.857979997773366,41.09252833667128,16.85806965698529
flow_0_1125,41.09350717781295,16.85412313696312,41.09319943662766,16.853728716859614,41.09575898407665,16.861403291409037,41.09578940828096,16.861627521735652
flow_0_1126,41.09350717781295,16.85412313696312,41.09319943662766,16.853728716859614,41.09577203818025,16.86132567064774,41.09575898407665,16.861403291409037
flow_0_1127,41.09350717781295,16.85412313696312,41.09319943662766,16.853728716859614,41.09326327598272,16.856459442663375,41.09325705252129,16.85653261037847
flow_0_1128,41.09350717781295,16.85412313696312,41.09319943662766,16.853728716859614,41.09588692434208,16.86204201283392,41.096023183819085,16.86206015013157
flow_0_1129,41.09350717781295,16.85412313696312,41.09319943662766,16.853728716859614,41.096023183819085,16.86206015013157,41.09607053280287,16.862073156374553
flow_0_1130,41.09350717781295,16.85412313696312,41.09319943662766,16.853728716859614,41.09607053280287,16.862073156374553,41.09624619327664,16.862345189534487
flow_0_1131,41.09350717781295,16.85412313696312,41.09319943662766,16.853728716859614,41.09406666971318,16.861809974981103,41.09374076152227,16.861733142040123
flow_0_1132,41.09350717781295,16.85412313696312,41.09319943662766,16.853728716859614,41.09428507077666,16.861822930016572,41.094248634240174,16.861820234016683
flow_0_1133,41.09350717781295,16.85412313696312,41.09319943662766,16.853728716859614,41.09422326217536,16.861818445841735,41.09406666971318,16.861809974981103
flow_0_1134,41.09350717781295,16.85412313696312,41.09319943662766,16.853728716859614,41.09606913880409,16.857384087393385,41.09607773810893,16.85711333011326
flow_0_1135,41.09350717781295,16.85412313696312,41.09319943662766,16.853728716859614,41.093433790346566,16.855687830843742,41.09352569242476,16.85465158647345
flow_0_1136,41.09350717781295,16.85412313696312,41.09319943662766,16.853728716859614,41.09257525037648,16.866055037799217,41.08991586912939,16.865878687144406
flow_0_1137,41.09350717781295,16.85412313696312,41.09319943662766,16.853728716859614,41.09637979984023,16.861535604961926,41.096390396588056,16.86145398483175
flow_0_1138,41.09350717781295,16.85412313696312,41.09319943662766,16.853728716859614,41.096390396588056,16.86145398483175,41.09617566373433,16.86105237527639
flow_0_1139,41.09350717781295,16.85412313696312,41.09319943662766,16.853728716859614,41.09333584930795,16.855672929401177,41.09331846638719,16.855846153569416
flow_0_1140,41.09350717781295,16.85412313696312,41.09319943662766,16.853728716859614,41.09331846638719,16.855846153569416,41.09330344191395,16.855984796607544
flow_0_1141,41.09350717781295,16.85412313696312,41.09319943662766,16.853728716859614,41.09328897220411,16.85615607855325,41.093276282258536,16.856306336332803
flow_0_1142,41.09350717781295,16.85412313696312,41.09319943662766,16.853728716859614,41.09309962997091,16.8641768999245,41.09122003932151,16.863954806076606
flow_0_1143,41.09350717781295,16.85412313696312,41.09319943662766,16.853728716859614,41.09590934506375,16.85589778274809,41.09589464404242,16.856597607978603
flow_0_1144,41.09350717781295,16.85412313696312,41.09319943662766,16.853728716859614,41.095864883749904,16.858939789299576,41.09579879841287,16.860483307032734
flow_0_1145,41.09350717781295,16.85412313696312,41.09319943662766,16.853728716859614,41.09410258065408,16.854547680343014,41.0940220774019,16.854495884667088
flow_0_1146,41.09350717781295,16.85412313696312,41.09319943662766,16.853728716859614,41.09290701188394,16.85345153155061,41.09274366748828,16.853398004520955
flow_0_1147,41.09350717781295,16.85412313696312,41.09319943662766,16.853728716859614,41.09289989869124,16.857979997773366,41.0924620240455,16.857540225068156
flow_0_1148,41.09350717781295,16.85412313696312,41.09319943662766,16.853728716859614,41.09762167433529,16.86078183182401,41.0975908593457,16.860854905020272
flow_0_1149,41.09350717781295,16.85412313696312,41.09319943662766,16.853728716859614,41.09783406893447,16.85935956518292,41.09781757948696,16.860074005211207
flow_0_1150,41.09350717781295,16.85412313696312,41.09319943662766,16.853728716859614,41.09781757948696,16.860074005211207,41.09773009884011,16.860532461562137
flow_0_1151,41.09350717781295,16.85412313696312,41.09319943662766,16.853728716859614,41.09788351207976,16.86008527251128,41.097886790174485,16.85993247707892
flow_0_1152,41.09350717781295,16.85412313696312,41.09319943662766,16.853728716859614,41.097886790174485,16.85993247707892,41.097887056561405,16.859358083149928
flow_0_1153,41.09350717781295,16.85412313696312,41.09319943662766,16.853728716859614,41.09752079197923,16.86113857805688,41.097541272342,16.861158803055236
flow_0_1154,41.09350717781295,16.85412313696312,41.09319943662766,16.853728716859614,41.09346290764322,16.859512259912492,41.0937563740557,16.85923859402608
flow_0_1155,41.09350717781295,16.85412313696312,41.09319943662766,16.853728716859614,41.09575898407665,16.861403291409037,41.09556026737646,16.861799770540163
flow_0_1156,41.09350717781295,16.85412313696312,41.09319943662766,16.853728716859614,41.09556026737646,16.861799770540163,41.09428507077666,16.861822930016572
flow_0_1157,41.09350717781295,16.85412313696312,41.09319943662766,16.853728716859614,41.09717022441964,16.862141610446756,41.09717150257013,16.862346685598727
flow_0_1158,41.09350717781295,16.85412313696312,41.09319943662766,16.853728716859614,41.094497059549575,16.854662484304253,41.09459493177244,16.85467607291383
flow_0_1159,41.09350717781295,16.85412313696312,41.09319943662766,16.853728716859614,41.093159424293006,16.861119861413044,41.092910609638544,16.861550868324073
flow_0_1160,41.09350717781295,16.85412313696312,41.09319943662766,16.853728716859614,41.094611131446,16.86076995428607,41.09433377805168,16.860614722600705
flow_0_1161,41.09350717781295,16.85412313696312,41.09319943662766,16.853728716859614,41.094481033476846,16.855484180652265,41.09590934506375,16.85589778274809
flow_0_1162,41.09350717781295,16.85412313696312,41.09319943662766,16.853728716859614,41.09320904205983,16.86036794969964,41.093226008438016,16.859824905081403
flow_0_1163,41.09319943662766,16.853728716859614,41.0929958887206,16.85348677259829,41.09628587040379,16.863506396736675,41.09627339570725,16.863759660301465
flow_0_1164,41.09319943662766,16.853728716859614,41.0929958887206,16.85348677259829,41.09267829914716,16.854073630954087,41.09207574955028,16.85389154719994
flow_0_1165,41.09319943662766,16.853728716859614,41.0929958887206,16.85348677259829,41.09717150257013,16.862346685598727,41.09717022441964,16.862141610446756
flow_0_1166,41.09319943662766,16.853728716859614,41.0929958887206,16.85348677259829,41.09782874807601,16.858422322289133,41.09720965467912,16.86010828803053
flow_0_1167,41.09319943662766,16.853728716859614,41.0929958887206,16.85348677259829,41.09590934506375,16.85589778274809,41.094481033476846,16.855484180652265
flow_0_1168,41.09319943662766,16.853728716859614,41.0929958887206,16.85348677259829,41.09390877175432,16.860555577386883,41.09389978504193,16.86089441913475
flow_0_1169,41.09319943662766,16.853728716859614,41.0929958887206,16.85348677259829,41.09289989869124,16.857979997773366,41.09252833667128,16.85806965698529
flow_0_1170,41.09319943662766,16.853728716859614,41.0929958887206,16.85348677259829,41.09575898407665,16.861403291409037,41.09578940828096,16.861627521735652
flow_0_1171,41.09319943662766,16.853728716859614,41.0929958887206,16.85348677259829,41.09577203818025,16.86132567064774,41.09575898407665,16.861403291409037
flow_0_1172,41.09319943662766,16.853728716859614,41.0929958887206,16.85348677259829,41.09326327598272,16.856459442663375,41.09325705252129,16.85653261037847
flow_0_1173,41.09319943662766,16.853728716859614,41.0929958887206,16.85348677259829,41.09588692434208,16.86204201283392,41.096023183819085,16.86206015013157
flow_0_1174,41.09319943662766,16.853728716859614,41.0929958887206,16.85348677259829,41.096023183819085,16.86206015013157,41.09607053280287,16.862073156374553
flow_0_1175,41.09319943662766,16.853728716859614,41.0929958887206,16.85348677259829,41.09607053280287,16.862073156374553,41.09624619327664,16.862345189534487
flow_0_1176,41.09319943662766,16.853728716859614,41.0929958887206,16.85348677259829,41.09406666971318,16.861809974981103,41.09374076152227,16.861733142040123
flow_0_1177,41.09319943662766,16.853728716859614,41.0929958887206,16.85348677259829,41.09428507077666,16.861822930016572,41.094248634240174,16.861820234016683
flow_0_1178,41.09319943662766,16.853728716859614,41.0929958887206,16.85348677259829,41.09422326217536,16.861818445841735,41.09406666971318,16.861809974981103
flow_0_1179,41.09319943662766,16.853728716859614,41.0929958887206,16.85348677259829,41.09606913880409,16.857384087393385,41.09607773810893,16.85711333011326
flow_0_1180,41.09319943662766,16.853728716859614,41.0929958887206,16.85348677259829,41.093433790346566,16.855687830843742,41.09352569242476,16.85465158647345
flow_0_1181,41.09319943662766,16.853728716859614,41.0929958887206,16.85348677259829,41.09257525037648,16.866055037799217,41.08991586912939,16.865878687144406
flow_0_1182,41.09319943662766,16.853728716859614,41.0929958887206,16.85348677259829,41.09637979984023,16.861535604961926,41.096390396588056,16.86145398483175
flow_0_1183,41.09319943662766,16.853728716859614,41.0929958887206,16.85348677259829,41.096390396588056,16.86145398483175,41.09617566373433,16.86105237527639
flow_0_1184,41.09319943662766,16.853728716859614,41.0929958887206,16.85348677259829,41.09333584930795,16.855672929401177,41.09331846638719,16.855846153569416
flow_0_1185,41.09319943662766,16.853728716859614,41.0929958887206,16.85348677259829,41.09331846638719,16.855846153569416,41.09330344191395,16.855984796607544
flow_0_1186,41.09319943662766,16.853728716859614,41.0929958887206,16.85348677259829,41.09328897220411,16.85615607855325,41.093276282258536,16.856306336332803
flow_0_1187,41.09319943662766,16.853728716859614,41.0929958887206,16.85348677259829,41.09309962997091,16.8641768999245,41.09122003932151,16.863954806076606
flow_0_1188,41.09319943662766,16.853728716859614,41.0929958887206,16.85348677259829,41.09590934506375,16.85589778274809,41.09589464404242,16.856597607978603
flow_0_1189,41.09319943662766,16.853728716859614,41.0929958887206,16.85348677259829,41.095864883749904,16.858939789299576,41.09579879841287,16.860483307032734
flow_0_1190,41.09319943662766,16.853728716859614,41.0929958887206,16.85348677259829,41.09410258065408,16.854547680343014,41.0940220774019,16.854495884667088
flow_0_1191,41.09319943662766,16.853728716859614,41.0929958887206,16.85348677259829,41.09290701188394,16.85345153155061,41.09274366748828,16.853398004520955
flow_0_1192,41.09319943662766,16.853728716859614,41.0929958887206,16.85348677259829,41.09289989869124,16.857979997773366,41.0924620240455,16.857540225068156
flow_0_1193,41.09319943662766,16.853728716859614,41.0929958887206,16.85348677259829,41.09762167433529,16.86078183182401,41.0975908593457,16.860854905020272
flow_0_1194,41.09319943662766,16.853728716859614,41.0929958887206,16.85348677259829,41.09783406893447,16.85935956518292,41.09781757948696,16.860074005211207
flow_0_1195,41.09319943662766,16.853728716859614,41.0929958887206,16.85348677259829,41.09781757948696,16.860074005211207,41.09773009884011,16.860532461562137
flow_0_1196,41.09319943662766,16.853728716859614,41.0929958887206,16.85348677259829,41.09788351207976,16.86008527251128,41.097886790174485,16.85993247707892
flow_0_1197,41.09319943662766,16.853728716859614,41.0929958887206,16.85348677259829,41.097886790174485,16.85993247707892,41.097887056561405,16.859358083149928
flow_0_1198,41.09319943662766,16.853728716859614,41.0929958887206,16.85348677259829,41.09752079197923,16.86113857805688,41.097541272342,16.861158803055236
flow_0_1199,41.09319943662766,16.853728716859614,41.0929958887206,16.85348677259829,41.09346290764322,16.859512259912492,41.0937563740557,16.85923859402608
flow_0_1200,41.09319943662766,16.853728716859614,41.0929958887206,16.85348677259829,41.09575898407665,16.861403291409037,41.09556026737646,16.861799770540163
flow_0_1201,41.09319943662766,16.853728716859614,41.0929958887206,16.85348677259829,41.09556026737646,16.861799770540163,41.09428507077666,16.861822930016572
flow_0_1202,41.09319943662766,16.853728716859614,41.0929958887206,16.85348677259829,41.09717022441964,16.862141610446756,41.09717150257013,16.862346685598727
flow_0_1203,41.09319943662766,16.853728716859614,41.0929958887206,16.85348677259829,41.094497059549575,16.854662484304253,41.09459493177244,16.85467607291383
flow_0_1204,41.09319943662766,16.853728716859614,41.0929958887206,16.85348677259829,41.093159424293006,16.861119861413044,41.092910609638544,16.861550868324073
flow_0_1205,41.09319943662766,16.853728716859614,41.0929958887206,16.85348677259829,41.094611131446,16.86076995428607,41.09433377805168,16.860614722600705
flow_0_1206,41.09319943662766,16.853728716859614,41.0929958887206,16.85348677259829,41.094481033476846,16.855484180652265,41.09590934506375,16.85589778274809
flow_0_1207,41.09319943662766,16.853728716859614,41.0929958887206,16.85348677259829,41.09320904205983,16.86036794969964,41.093226008438016,16.859824905081403
flow_0_1208,41.096145265720544,16.8609156599333,41.09599635065624,16.860621524839004,41.09628587040379,16.863506396736675,41.09627339570725,16.863759660301465
flow_0_1209,41.096145265720544,16.8609156599333,41.09599635065624,16.860621524839004,41.09267829914716,16.854073630954087,41.09207574955028,16.85389154719994
flow_0_1210,41.096145265720544,16.8609156599333,41.09599635065624,16.860621524839004,41.09717150257013,16.862346685598727,41.09717022441964,16.862141610446756
flow_0_1211,41.096145265720544,16.8609156599333,41.09599635065624,16.860621524839004,41.09782874807601,16.858422322289133,41.09720965467912,16.86010828803053
flow_0_1212,41.096145265720544,16.8609156599333,41.09599635065624,16.860621524839004,41.09590934506375,16.85589778274809,41.094481033476846,16.855484180652265
flow_0_1213,41.096145265720544,16.8609156599333,41.09599635065624,16.860621524839004,41.09390877175432,16.860555577386883,41.09389978504193,16.86089441913475
flow_0_1214,41.096145265720544,16.8609156599333,41.09599635065624,16.860621524839004,41.09289989869124,16.857979997773366,41.09252833667128,16.85806965698529
flow_0_1215,41.096145265720544,16.8609156599333,41.09599635065624,16.860621524839004,41.09575898407665,16.861403291409037,41.09578940828096,16.861627521735652
flow_0_1216,41.096145265720544,16.8609156599333,41.09599635065624,16.860621524839004,41.09577203818025,16.86132567064774,41.09575898407665,16.861403291409037
flow_0_1217,41.096145265720544,16.8609156599333,41.09599635065624,16.860621524839004,41.09326327598272,16.856459442663375,41.09325705252129,16.85653261037847
flow_0_1218,41.096145265720544,16.8609156599333,41.09599635065624,16.860621524839004,41.09588692434208,16.86204201283392,41.096023183819085,16.86206015013157
flow_0_1219,41.096145265720544,16.8609156599333,41.09599635065624,16.860621524839004,41.096023183819085,16.86206015013157,41.09607053280287,16.862073156374553
flow_0_1220,41.096145265720544,16.8609156599333,41.09599635065624,16.860621524839004,41.09607053280287,16.862073156374553,41.09624619327664,16.862345189534487
flow_0_1221,41.096145265720544,16.8609156599333,41.09599635065624,16.860621524839004,41.09406666971318,16.861809974981103,41.09374076152227,16.861733142040123
flow_0_1222,41.096145265720544,16.8609156599333,41.09599635065624,16.860621524839004,41.09428507077666,16.861822930016572,41.094248634240174,16.861820234016683
flow_0_1223,41.096145265720544,16.8609156599333,41.09599635065624,16.860621524839004,41.09422326217536,16.861818445841735,41.09406666971318,16.861809974981103
flow_0_1224,41.096145265720544,16.8609156599333,41.09599635065624,16.860621524839004,41.09606913880409,16.857384087393385,41.09607773810893,16.85711333011326
flow_0_1225,41.096145265720544,16.8609156599333,41.09599635065624,16.860621524839004,41.093433790346566,16.855687830843742,41.09352569242476,16.85465158647345
flow_0_1226,41.096145265720544,16.8609156599333,41.09599635065624,16.860621524839004,41.09257525037648,16.866055037799217,41.08991586912939,16.865878687144406
flow_0_1227,41.096145265720544,16.8609156599333,41.09599635065624,16.860621524839004,41.09637979984023,16.861535604961926,41.096390396588056,16.86145398483175
flow_0_1228,41.096145265720544,16.8609156599333,41.09599635065624,16.860621524839004,41.096390396588056,16.86145398483175,41.09617566373433,16.86105237527639
flow_0_1229,41.096145265720544,16.8609156599333,41.09599635065624,16.860621524839004,41.09333584930795,16.855672929401177,41.09331846638719,16.855846153569416
flow_0_1230,41.096145265720544,16.8609156599333,41.09599635065624,16.860621524839004,41.09331846638719,16.855846153569416,41.09330344191395,16.855984796607544
flow_0_1231,41.096145265720544,16.8609156599333,41.09599635065624,16.860621524839004,41.09328897220411,16.85615607855325,41.093276282258536,16.856306336332803
flow_0_1232,41.096145265720544,16.8609156599333,41.09599635065624,16.860621524839004,41.09309962997091,16.8641768999245,41.09122003932151,16.863954806076606
flow_0_1233,41.096145265720544,16.8609156599333,41.09599635065624,16.860621524839004,41.09590934506375,16.85589778274809,41.09589464404242,16.856597607978603
flow_0_1234,41.096145265720544,16.8609156599333,41.09599635065624,16.860621524839004,41.095864883749904,16.858939789299576,41.09579879841287,16.860483307032734
flow_0_1235,41.096145265720544,16.8609156599333,41.09599635065624,16.860621524839004,41.09410258065408,16.854547680343014,41.0940220774019,16.854495884667088
flow_0_1236,41.096145265720544,16.8609156599333,41.09599635065624,16.860621524839004,41.09290701188394,16.85345153155061,41.09274366748828,16.853398004520955
flow_0_1237,41.096145265720544,16.8609156599333,41.09599635065624,16.860621524839004,41.09289989869124,16.857979997773366,41.0924620240455,16.857540225068156
flow_0_1238,41.096145265720544,16.8609156599333,41.09599635065624,16.860621524839004,41.09762167433529,16.86078183182401,41.0975908593457,16.860854905020272
flow_0_1239,41.096145265720544,16.8609156599333,41.09599635065624,16.860621524839004,41.09783406893447,16.85935956518292,41.09781757948696,16.860074005211207
flow_0_1240,41.096145265720544,16.8609156599333,41.09599635065624,16.860621524839004,41.09781757948696,16.860074005211207,41.09773009884011,16.860532461562137
flow_0_1241,41.096145265720544,16.8609156599333,41.09599635065624,16.860621524839004,41.09788351207976,16.86008527251128,41.097886790174485,16.85993247707892
flow_0_1242,41.096145265720544,16.8609156599333,41.09599635065624,16.860621524839004,41.097886790174485,16.85993247707892,41.097887056561405,16.859358083149928
flow_0_1243,41.096145265720544,16.8609156599333,41.09599635065624,16.860621524839004,41.09752079197923,16.86113857805688,41.097541272342,16.861158803055236
flow_0_1244,41.096145265720544,16.8609156599333,41.09599635065624,16.860621524839004,41.09346290764322,16.859512259912492,41.0937563740557,16.85923859402608
flow_0_1245,41.096145265720544,16.8609156599333,41.09599635065624,16.860621524839004,41.09575898407665,16.861403291409037,41.09556026737646,16.861799770540163
flow_0_1246,41.096145265720544,16.8609156599333,41.09599635065624,16.860621524839004,41.09556026737646,16.861799770540163,41.09428507077666,16.861822930016572
flow_0_1247,41.096145265720544,16.8609156599333,41.09599635065624,16.860621524839004,41.09717022441964,16.862141610446756,41.09717150257013,16.862346685598727
flow_0_1248,41.096145265720544,16.8609156599333,41.09599635065624,16.860621524839004,41.094497059549575,16.854662484304253,41.09459493177244,16.85467607291383
flow_0_1249,41.096145265720544,16.8609156599333,41.09599635065624,16.860621524839004,41.093159424293006,16.861119861413044,41.092910609638544,16.861550868324073
flow_0_1250,41.096145265720544,16.8609156599333,41.09599635065624,16.860621524839004,41.094611131446,16.86076995428607,41.09433377805168,16.860614722600705
flow_0_1251,41.096145265720544,16.8609156599333,41.09599635065624,16.860621524839004,41.094481033476846,16.855484180652265,41.09590934506375,16.85589778274809
flow_0_1252,41.096145265720544,16.8609156599333,41.09599635065624,16.860621524839004,41.09320904205983,16.86036794969964,41.093226008438016,16.859824905081403
flow_0_1253,41.09599635065624,16.860621524839004,41.09600287001016,16.85976608478738,41.09628587040379,16.863506396736675,41.09627339570725,16.863759660301465
flow_0_1254,41.09599635065624,16.860621524839004,41.09600287001016,16.85976608478738,41.09267829914716,16.854073630954087,41.09207574955028,16.85389154719994
flow_0_1255,41.09599635065624,16.860621524839004,41.09600287001016,16.85976608478738,41.09717150257013,16.862346685598727,41.09717022441964,16.862141610446756
flow_0_1256,41.09599635065624,16.860621524839004,41.09600287001016,16.85976608478738,41.09782874807601,16.858422322289133,41.09720965467912,16.86010828803053
flow_0_1257,41.09599635065624,16.860621524839004,41.09600287001016,16.85976608478738,41.09590934506375,16.85589778274809,41.094481033476846,16.855484180652265
flow_0_1258,41.09599635065624,16.860621524839004,41.09600287001016,16.85976608478738,41.09390877175432,16.860555577386883,41.09389978504193,16.86089441913475
flow_0_1259,41.09599635065624,16.860621524839004,41.09600287001016,16.85976608478738,41.09289989869124,16.857979997773366,41.09252833667128,16.85806965698529
flow_0_1260,41.09599635065624,16.860621524839004,41.09600287001016,16.85976608478738,41.09575898407665,16.861403291409037,41.09578940828096,16.861627521735652
flow_0_1261,41.09599635065624,16.860621524839004,41.09600287001016,16.85976608478738,41.09577203818025,16.86132567064774,41.09575898407665,16.861403291409037
flow_0_1262,41.09599635065624,16.860621524839004,41.09600287001016,16.85976608478738,41.09326327598272,16.856459442663375,41.09325705252129,16.85653261037847
flow_0_1263,41.09599635065624,16.860621524839004,41.09600287001016,16.85976608478738,41.09588692434208,16.86204201283392,41.096023183819085,16.86206015013157
flow_0_1264,41.09599635065624,16.860621524839004,41.09600287001016,16.85976608478738,41.096023183819085,16.86206015013157,41.09607053280287,16.862073156374553
flow_0_1265,41.09599635065624,16.860621524839004,41.09600287001016,16.85976608478738,41.09607053280287,16.862073156374553,41.09624619327664,16.862345189534487
flow_0_1266,41.09599635065624,16.860621524839004,41.09600287001016,16.85976608478738,41.09406666971318,16.861809974981103,41.09374076152227,16.861733142040123
flow_0_1267,41.09599635065624,16.860621524839004,41.09600287001016,16.85976608478738,41.09428507077666,16.861822930016572,41.094248634240174,16.861820234016683
flow_0_1268,41.09599635065624,16.860621524839004,41.09600287001016,16.85976608478738,41.09422326217536,16.861818445841735,41.09406666971318,16.861809974981103
flow_0_1269,41.09599635065624,16.860621524839004,41.09600287001016,16.85976608478738,41.09606913880409,16.857384087393385,41.09607773810893,16.85711333011326
flow_0_1270,41.09599635065624,16.860621524839004,41.09600287001016,16.85976608478738,41.093433790346566,16.855687830843742,41.09352569242476,16.85465158647345
flow_0_1271,41.09599635065624,16.860621524839004,41.09600287001016,16.85976608478738,41.09257525037648,16.866055037799217,41.08991586912939,16.865878687144406
flow_0_1272,41.09599635065624,16.860621524839004,41.09600287001016,16.85976608478738,41.09637979984023,16.861535604961926,41.096390396588056,16.86145398483175
flow_0_1273,41.09599635065624,16.860621524839004,41.09600287001016,16.85976608478738,41.096390396588056,16.86145398483175,41.09617566373433,16.86105237527639
flow_0_1274,41.09599635065624,16.860621524839004,41.09600287001016,16.85976608478738,41.09333584930795,16.855672929401177,41.09331846638719,16.855846153569416
flow_0_1275,41.09599635065624,16.860621524839004,41.09600287001016,16.85976608478738,41.09331846638719,16.855846153569416,41.09330344191395,16.855984796607544
flow_0_1276,41.09599635065624,16.860621524839004,41.09600287001016,16.85976608478738,41.09328897220411,16.85615607855325,41.093276282258536,16.856306336332803
flow_0_1277,41.09599635065624,16.860621524839004,41.09600287001016,16.85976608478738,41.09309962997091,16.8641768999245,41.09122003932151,16.863954806076606
flow_0_1278,41.09599635065624,16.860621524839004,41.09600287001016,16.85976608478738,41.09590934506375,16.85589778274809,41.09589464404242,16.856597607978603
flow_0_1279,41.09599635065624,16.860621524839004,41.09600287001016,16.85976608478738,41.095864883749904,16.858939789299576,41.09579879841287,16.860483307032734
flow_0_1280,41.09599635065624,16.860621524839004,41.09600287001016,16.85976608478738,41.09410258065408,16.854547680343014,41.0940220774019,16.854495884667088
flow_0_1281,41.09599635065624,16.860621524839004,41.09600287001016,16.85976608478738,41.09290701188394,16.85345153155061,41.09274366748828,16.853398004520955
flow_0_1282,41.09599635065624,16.860621524839004,41.09600287001016,16.85976608478738,41.09289989869124,16.857979997773366,41.0924620240455,16.857540225068156
flow_0_1283,41.09599635065624,16.860621524839004,41.09600287001016,16.85976608478738,41.09762167433529,16.86078183182401,41.0975908593457,16.860854905020272
flow_0_1284,41.09599635065624,16.860621524839004,41.09600287001016,16.85976608478738,41.09783406893447,16.85935956518292,41.09781757948696,16.860074005211207
flow_0_1285,41.09599635065624,16.860621524839004,41.09600287001016,16.85976608478738,41.09781757948696,16.860074005211207,41.09773009884011,16.860532461562137
flow_0_1286,41.09599635065624,16.860621524839004,41.09600287001016,16.85976608478738,41.09788351207976,16.86008527251128,41.097886790174485,16.85993247707892
flow_0_1287,41.09599635065624,16.860621524839004,41.09600287001016,16.85976608478738,41.097886790174485,16.85993247707892,41.097887056561405,16.859358083149928
flow_0_1288,41.09599635065624,16.860621524839004,41.09600287001016,16.85976608478738,41.09752079197923,16.86113857805688,41.097541272342,16.861158803055236
flow_0_1289,41.09599635065624,16.860621524839004,41.09600287001016,16.85976608478738,41.09346290764322,16.859512259912492,41.0937563740557,16.85923859402608
flow_0_1290,41.09599635065624,16.860621524839004,41.09600287001016,16.85976608478738,41.09575898407665,16.861403291409037,41.09556026737646,16.861799770540163
flow_0_1291,41.09599635065624,16.860621524839004,41.09600287001016,16.85976608478738,41.09556026737646,16.861799770540163,41.09428507077666,16.861822930016572
flow_0_1292,41.09599635065624,16.860621524839004,41.09600287001016,16.85976608478738,41.09717022441964,16.862141610446756,41.09717150257013,16.862346685598727
flow_0_1293,41.09599635065624,16.860621524839004,41.09600287001016,16.85976608478738,41.094497059549575,16.854662484304253,41.09459493177244,16.85467607291383
flow_0_1294,41.09599635065624,16.860621524839004,41.09600287001016,16.85976608478738,41.093159424293006,16.861119861413044,41.092910609638544,16.861550868324073
flow_0_1295,41.09599635065624,16.860621524839004,41.09600287001016,16.85976608478738,41.094611131446,16.86076995428607,41.09433377805168,16.860614722600705
flow_0_1296,41.09599635065624,16.860621524839004,41.09600287001016,16.85976608478738,41.094481033476846,16.855484180652265,41.09590934506375,16.85589778274809
flow_0_1297,41.09599635065624,16.860621524839004,41.09600287001016,16.85976608478738,41.09320904205983,16.86036794969964,41.093226008438016,16.859824905081403
flow_0_1298,41.09762167433529,16.86078183182401,41.0975908593457,16.860854905020272,41.09628587040379,16.863506396736675,41.09627339570725,16.863759660301465
flow_0_1299,41.09762167433529,16.86078183182401,41.0975908593457,16.860854905020272,41.09267829914716,16.854073630954087,41.09207574955028,16.85389154719994
flow_0_1300,41.09762167433529,16.86078183182401,41.0975908593457,16.860854905020272,41.09717150257013,16.862346685598727,41.09717022441964,16.862141610446756
flow_0_1301,41.09762167433529,16.86078183182401,41.0975908593457,16.860854905020272,41.09782874807601,16.858422322289133,41.09720965467912,16.86010828803053
flow_0_1302,41.09762167433529,16.86078183182401,41.0975908593457,16.860854905020272,41.09590934506375,16.85589778274809,41.094481033476846,16.855484180652265
flow_0_1303,41.09762167433529,16.86078183182401,41.0975908593457,16.860854905020272,41.09390877175432,16.860555577386883,41.09389978504193,16.86089441913475
flow_0_1304,41.09762167433529,16.86078183182401,41.0975908593457,16.860854905020272,41.09289989869124,16.857979997773366,41.09252833667128,16.85806965698529
flow_0_1305,41.09762167433529,16.86078183182401,41.0975908593457,16.860854905020272,41.09575898407665,16.861403291409037,41.09578940828096,16.861627521735652
flow_0_1306,41.09762167433529,16.86078183182401,41.0975908593457,16.860854905020272,41.09577203818025,16.86132567064774,41.09575898407665,16.861403291409037
flow_0_1307,41.09762167433529,16.86078183182401,41.0975908593457,16.860854905020272,41.09326327598272,16.856459442663375,41.09325705252129,16.85653261037847
flow_0_1308,41.09762167433529,16.86078183182401,41.0975908593457,16.860854905020272,41.09588692434208,16.86204201283392,41.096023183819085,16.86206015013157
flow_0_1309,41.09762167433529,16.86078183182401,41.0975908593457,16.860854905020272,41.096023183819085,16.86206015013157,41.09607053280287,16.862073156374553
flow_0_1310,41.09762167433529,16.86078183182401,41.0975908593457,16.860854905020272,41.09607053280287,16.862073156374553,41.09624619327664,16.862345189534487
flow_0_1311,41.09762167433529,16.86078183182401,41.0975908593457,16.860854905020272,41.09406666971318,16.861809974981103,41.09374076152227,16.861733142040123
flow_0_1312,41.09762167433529,16.86078183182401,41.0975908593457,16.860854905020272,41.09428507077666,16.861822930016572,41.094248634240174,16.861820234016683
flow_0_1313,41.09762167433529,16.86078183182401,41.0975908593457,16.860854905020272,41.09422326217536,16.861818445841735,41.09406666971318,16.861809974981103
flow_0_1314,41.09762167433529,16.86078183182401,41.0975908593457,16.860854905020272,41.09606913880409,16.857384087393385,41.09607773810893,16.85711333011326
flow_0_1315,41.09762167433529,16.86078183182401,41.0975908593457,16.860854905020272,41.093433790346566,16.855687830843742,41.09352569242476,16.85465158647345
flow_0_1316,41.09762167433529,16.86078183182401,41.0975908593457,16.860854905020272,41.09257525037648,16.866055037799217,41.08991586912939,16.865878687144406
flow_0_1317,41.09762167433529,16.86078183182401,41.0975908593457,16.860854905020272,41.09637979984023,16.861535604961926,41.096390396588056,16.86145398483175
flow_0_1318,41.09762167433529,16.86078183182401,41.0975908593457,16.860854905020272,41.096390396588056,16.86145398483175,41.09617566373433,16.86105237527639
flow_0_1319,41.09762167433529,16.86078183182401,41.0975908593457,16.860854905020272,41.09333584930795,16.855672929401177,41.09331846638719,16.855846153569416
flow_0_1320,41.09762167433529,16.86078183182401,41.0975908593457,16.860854905020272,41.09331846638719,16.855846153569416,41.09330344191395,16.855984796607544
flow_0_1321,41.09762167433529,16.86078183182401,41.0975908593457,16.860854905020272,41.09328897220411,16.85615607855325,41.093276282258536,16.856306336332803
flow_0_1322,41.09762167433529,16.86078183182401,41.0975908593457,16.860854905020272,41.09309962997091,16.8641768999245,41.09122003932151,16.863954806076606
flow_0_1323,41.09762167433529,16.86078183182401,41.0975908593457,16.860854905020272,41.09590934506375,16.85589778274809,41.09589464404242,16.856597607978603
flow_0_1324,41.09762167433529,16.86078183182401,41.0975908593457,16.860854905020272,41.095864883749904,16.858939789299576,41.09579879841287,16.860483307032734
flow_0_1325,41.09762167433529,16.86078183182401,41.0975908593457,16.860854905020272,41.09410258065408,16.854547680343014,41.0940220774019,16.854495884667088
flow_0_1326,41.09762167433529,16.86078183182401,41.0975908593457,16.860854905020272,41.09290701188394,16.85345153155061,41.09274366748828,16.853398004520955
flow_0_1327,41.09762167433529,16.86078183182401,41.0975908593457,16.860854905020272,41.09289989869124,16.857979997773366,41.0924620240455,16.857540225068156
flow_0_1328,41.09762167433529,16.86078183182401,41.0975908593457,16.860854905020272,41.09783406893447,16.85935956518292,41.09781757948696,16.860074005211207
flow_0_1329,41.09762167433529,16.86078183182401,41.0975908593457,16.860854905020272,41.09781757948696,16.860074005211207,41.09773009884011,16.860532461562137
flow_0_1330,41.09762167433529,16.86078183182401,41.0975908593457,16.860854905020272,41.09788351207976,16.86008527251128,41.097886790174485,16.85993247707892
flow_0_1331,41.09762167433529,16.86078183182401,41.0975908593457,16.860854905020272,41.097886790174485,16.85993247707892,41.097887056561405,16.859358083149928
flow_0_1332,41.09762167433529,16.86078183182401,41.0975908593457,16.860854905020272,41.09752079197923,16.86113857805688,41.097541272342,16.861158803055236
flow_0_1333,41.09762167433529,16.86078183182401,41.0975908593457,16.860854905020272,41.09346290764322,16.859512259912492,41.0937563740557,16.85923859402608
flow_0_1334,41.09762167433529,16.86078183182401,41.0975908593457,16.860854905020272,41.09575898407665,16.861403291409037,41.09556026737646,16.861799770540163
flow_0_1335,41.09762167433529,16.86078183182401,41.0975908593457,16.860854905020272,41.09556026737646,16.861799770540163,41.09428507077666,16.861822930016572
flow_0_1336,41.09762167433529,16.86078183182401,41.0975908593457,16.860854905020272,41.09717022441964,16.862141610446756,41.09717150257013,16.862346685598727
flow_0_1337,41.09762167433529,16.86078183182401,41.0975908593457,16.860854905020272,41.094497059549575,16.854662484304253,41.09459493177244,16.85467607291383
flow_0_1338,41.09762167433529,16.86078183182401,41.0975908593457,16.860854905020272,41.093159424293006,16.861119861413044,41.092910609638544,16.861550868324073
flow_0_1339,41.09762167433529,16.86078183182401,41.0975908593457,16.860854905020272,41.094611131446,16.86076995428607,41.09433377805168,16.860614722600705
flow_0_1340,41.09762167433529,16.86078183182401,41.0975908593457,16.860854905020272,41.094481033476846,16.855484180652265,41.09590934506375,16.85589778274809
flow_0_1341,41.09762167433529,16.86078183182401,41.0975908593457,16.860854905020272,41.09320904205983,16.86036794969964,41.093226008438016,16.859824905081403
flow_0_1342,41.09783406893447,16.85935956518292,41.09781757948696,16.860074005211207,41.09628587040379,16.863506396736675,41.09627339570725,16.863759660301465
flow_0_1343,41.09783406893447,16.85935956518292,41.09781757948696,16.860074005211207,41.09267829914716,16.854073630954087,41.09207574955028,16.85389154719994
flow_0_1344,41.09783406893447,16.85935956518292,41.09781757948696,16.860074005211207,41.09717150257013,16.862346685598727,41.09717022441964,16.862141610446756
flow_0_1345,41.09783406893447,16.85935956518292,41.09781757948696,16.860074005211207,41.09782874807601,16.858422322289133,41.09720965467912,16.86010828803053
flow_0_1346,41.09783406893447,16.85935956518292,41.09781757948696,16.860074005211207,41.09590934506375,16.85589778274809,41.094481033476846,16.855484180652265
flow_0_1347,41.09783406893447,16.85935956518292,41.09781757948696,16.860074005211207,41.09390877175432,16.860555577386883,41.09389978504193,16.86089441913475
flow_0_1348,41.09783406893447,16.85935956518292,41.09781757948696,16.860074005211207,41.09289989869124,16.857979997773366,41.09252833667128,16.85806965698529
flow_0_1349,41.09783406893447,16.85935956518292,41.09781757948696,16.860074005211207,41.09575898407665,16.861403291409037,41.09578940828096,16.861627521735652
flow_0_1350,41.09783406893447,16.85935956518292,41.09781757948696,16.860074005211207,41.09577203818025,16.86132567064774,41.09575898407665,16.861403291409037
flow_0_1351,41.09783406893447,16.85935956518292,41.09781757948696,16.860074005211207,41.09326327598272,16.856459442663375,41.09325705252129,16.85653261037847
flow_0_1352,41.09783406893447,16.85935956518292,41.09781757948696,16.860074005211207,41.09588692434208,16.86204201283392,41.096023183819085,16.86206015013157
flow_0_1353,41.09783406893447,16.85935956518292,41.09781757948696,16.860074005211207,41.096023183819085,16.86206015013157,41.09607053280287,16.862073156374553
flow_0_1354,41.09783406893447,16.85935956518292,41.09781757948696,16.860074005211207,41.09607053280287,16.862073156374553,41.09624619327664,16.862345189534487
flow_0_1355,41.09783406893447,16.85935956518292,41.09781757948696,16.860074005211207,41.09406666971318,16.861809974981103,41.09374076152227,16.861733142040123
flow_0_1356,41.09783406893447,16.85935956518292,41.09781757948696,16.860074005211207,41.09428507077666,16.861822930016572,41.094248634240174,16.861820234016683
flow_0_1357,41.09783406893447,16.85935956518292,41.09781757948696,16.860074005211207,41.09422326217536,16.861818445841735,41.09406666971318,16.861809974981103
flow_0_1358,41.09783406893447,16.85935956518292,41.09781757948696,16.860074005211207,41.09606913880409,16.857384087393385,41.09607773810893,16.85711333011326
flow_0_1359,41.09783406893447,16.85935956518292,41.09781757948696,16.860074005211207,41.093433790346566,16.855687830843742,41.09352569242476,16.85465158647345
flow_0_1360,41.09783406893447,16.85935956518292,41.09781757948696,16.860074005211207,41.09257525037648,16.866055037799217,41.08991586912939,16.865878687144406
flow_0_1361,41.09783406893447,16.85935956518292,41.09781757948696,16.860074005211207,41.09637979984023,16.861535604961926,41.096390396588056,16.86145398483175
flow_0_1362,41.09783406893447,16.85935956518292,41.09781757948696,16.860074005211207,41.096390396588056,16.86145398483175,41.09617566373433,16.86105237527639
flow_0_1363,41.09783406893447,16.85935956518292,41.09781757948696,16.860074005211207,41.09333584930795,16.855672929401177,41.09331846638719,16.855846153569416
flow_0_1364,41.09783406893447,16.85935956518292,41.09781757948696,16.860074005211207,41.09331846638719,16.855846153569416,41.09330344191395,16.855984796607544
flow_0_1365,41.09783406893447,16.85935956518292,41.09781757948696,16.860074005211207,41.09328897220411,16.85615607855325,41.093276282258536,16.856306336332803
flow_0_1366,41.09783406893447,16.85935956518292,41.09781757948696,16.860074005211207,41.09309962997091,16.8641768999245,41.09122003932151,16.863954806076606
flow_0_1367,41.09783406893447,16.85935956518292,41.09781757948696,16.860074005211207,41.09590934506375,16.85589778274809,41.09589464404242,16.856597607978603
flow_0_1368,41.09783406893447,16.85935956518292,41.09781757948696,16.860074005211207,41.095864883749904,16.858939789299576,41.09579879841287,16.860483307032734
flow_0_1369,41.09783406893447,16.85935956518292,41.09781757948696,16.860074005211207,41.09410258065408,16.854547680343014,41.0940220774019,16.854495884667088
flow_0_1370,41.09783406893447,16.85935956518292,41.09781757948696,16.860074005211207,41.09290701188394,16.85345153155061,41.09274366748828,16.853398004520955
flow_0_1371,41.09783406893447,16.85935956518292,41.09781757948696,16.860074005211207,41.09289989869124,16.857979997773366,41.0924620240455,16.857540225068156
flow_0_1372,41.09783406893447,16.85935956518292,41.09781757948696,16.860074005211207,41.09762167433529,16.86078183182401,41.0975908593457,16.860854905020272
flow_0_1373,41.09783406893447,16.85935956518292,41.09781757948696,16.860074005211207,41.09781757948696,16.860074005211207,41.09773009884011,16.860532461562137
flow_0_1374,41.09783406893447,16.85935956518292,41.09781757948696,16.860074005211207,41.09788351207976,16.86008527251128,41.097886790174485,16.85993247707892
flow_0_1375,41.09783406893447,16.85935956518292,41.09781757948696,16.860074005211207,41.097886790174485,16.85993247707892,41.097887056561405,16.859358083149928
flow_0_1376,41.09783406893447,16.85935956518292,41.09781757948696,16.860074005211207,41.09752079197923,16.86113857805688,41.097541272342,16.861158803055236
flow_0_1377,41.09783406893447,16.85935956518292,41.09781757948696,16.860074005211207,41.09346290764322,16.859512259912492,41.0937563740557,16.85923859402608
flow_0_1378,41.09783406893447,16.85935956518292,41.09781757948696,16.860074005211207,41.09575898407665,16.861403291409037,41.09556026737646,16.861799770540163
flow_0_1379,41.09783406893447,16.85935956518292,41.09781757948696,16.860074005211207,41.09556026737646,16.861799770540163,41.09428507077666,16.861822930016572
flow_0_1380,41.09783406893447,16.85935956518292,41.09781757948696,16.860074005211207,41.09717022441964,16.862141610446756,41.09717150257013,16.862346685598727
flow_0_1381,41.09783406893447,16.85935956518292,41.09781757948696,16.860074005211207,41.094497059549575,16.854662484304253,41.09459493177244,16.85467607291383
flow_0_1382,41.09783406893447,16.85935956518292,41.09781757948696,16.860074005211207,41.093159424293006,16.861119861413044,41.092910609638544,16.861550868324073
flow_0_1383,41.09783406893447,16.85935956518292,41.09781757948696,16.860074005211207,41.094611131446,16.86076995428607,41.09433377805168,16.860614722600705
flow_0_1384,41.09783406893447,16.85935956518292,41.09781757948696,16.860074005211207,41.094481033476846,16.855484180652265,41.09590934506375,16.85589778274809
flow_0_1385,41.09783406893447,16.85935956518292,41.09781757948696,16.860074005211207,41.09320904205983,16.86036794969964,41.093226008438016,16.859824905081403
flow_0_1386,41.09784377269919,16.860855853590632,41.09785316035277,16.860676201531025,41.09628587040379,16.863506396736675,41.09627339570725,16.863759660301465
flow_0_1387,41.09784377269919,16.860855853590632,41.09785316035277,16.860676201531025,41.09267829914716,16.854073630954087,41.09207574955028,16.85389154719994
flow_0_1388,41.09784377269919,16.860855853590632,41.09785316035277,16.860676201531025,41.09717150257013,16.862346685598727,41.09717022441964,16.862141610446756
flow_0_1389,41.09784377269919,16.860855853590632,41.09785316035277,16.860676201531025,41.09782874807601,16.858422322289133,41.09720965467912,16.86010828803053
flow_0_1390,41.09784377269919,16.860855853590632,41.09785316035277,16.860676201531025,41.09590934506375,16.85589778274809,41.094481033476846,16.855484180652265
flow_0_1391,41.09784377269919,16.860855853590632,41.09785316035277,16.860676201531025,41.09390877175432,16.860555577386883,41.09389978504193,16.86089441913475
flow_0_1392,41.09784377269919,16.860855853590632,41.09785316035277,16.860676201531025,41.09289989869124,16.857979997773366,41.09252833667128,16.85806965698529
flow_0_1393,41.09784377269919,16.860855853590632,41.09785316035277,16.860676201531025,41.09575898407665,16.861403291409037,41.09578940828096,16.861627521735652
flow_0_1394,41.09784377269919,16.860855853590632,41.09785316035277,16.860676201531025,41.09577203818025,16.86132567064774,41.09575898407665,16.861403291409037
flow_0_1395,41.09784377269919,16.860855853590632,41.09785316035277,16.860676201531025,41.09326327598272,16.856459442663375,41.09325705252129,16.85653261037847
flow_0_1396,41.09784377269919,16.860855853590632,41.09785316035277,16.860676201531025,41.09588692434208,16.86204201283392,41.096023183819085,16.86206015013157
flow_0_1397,41.09784377269919,16.860855853590632,41.09785316035277,16.860676201531025,41.096023183819085,16.86206015013157,41.09607053280287,16.862073156374553
flow_0_1398,41.09784377269919,16.860855853590632,41.09785316035277,16.860676201531025,41.09607053280287,16.862073156374553,41.09624619327664,16.862345189534487
flow_0_1399,41.09784377269919,16.860855853590632,41.09785316035277,16.860676201531025,41.09406666971318,16.861809974981103,41.09374076152227,16.861733142040123
flow_0_1400,41.09784377269919,16.860855853590632,41.09785316035277,16.860676201531025,41.09428507077666,16.861822930016572,41.094248634240174,16.861820234016683
flow_0_1401,41.09784377269919,16.860855853590632,41.09785316035277,16.860676201531025,41.09422326217536,16.861818445841735,41.09406666971318,16.861809974981103
flow_0_1402,41.09784377269919,16.860855853590632,41.09785316035277,16.860676201531025,41.09606913880409,16.857384087393385,41.09607773810893,16.85711333011326
flow_0_1403,41.09784377269919,16.860855853590632,41.09785316035277,16.860676201531025,41.093433790346566,16.855687830843742,41.09352569242476,16.85465158647345
flow_0_1404,41.09784377269919,16.860855853590632,41.09785316035277,16.860676201531025,41.09257525037648,16.866055037799217,41.08991586912939,16.865878687144406
flow_0_1405,41.09784377269919,16.860855853590632,41.09785316035277,16.860676201531025,41.09637979984023,16.861535604961926,41.096390396588056,16.86145398483175
flow_0_1406,41.09784377269919,16.860855853590632,41.09785316035277,16.860676201531025,41.096390396588056,16.86145398483175,41.09617566373433,16.86105237527639
flow_0_1407,41.09784377269919,16.860855853590632,41.09785316035277,16.860676201531025,41.09333584930795,16.855672929401177,41.09331846638719,16.855846153569416
flow_0_1408,41.09784377269919,16.860855853590632,41.09785316035277,16.860676201531025,41.09331846638719,16.855846153569416,41.09330344191395,16.855984796607544
flow_0_1409,41.09784377269919,16.860855853590632,41.09785316035277,16.860676201531025,41.09328897220411,16.85615607855325,41.093276282258536,16.856306336332803
flow_0_1410,41.09784377269919,16.860855853590632,41.09785316035277,16.860676201531025,41.09309962997091,16.8641768999245,41.09122003932151,16.863954806076606
flow_0_1411,41.09784377269919,16.860855853590632,41.09785316035277,16.860676201531025,41.09590934506375,16.85589778274809,41.09589464404242,16.856597607978603
flow_0_1412,41.09784377269919,16.860855853590632,41.09785316035277,16.860676201531025,41.095864883749904,16.858939789299576,41.09579879841287,16.860483307032734
flow_0_1413,41.09784377269919,16.860855853590632,41.09785316035277,16.860676201531025,41.09410258065408,16.854547680343014,41.0940220774019,16.854495884667088
flow_0_1414,41.09784377269919,16.860855853590632,41.09785316035277,16.860676201531025,41.09290701188394,16.85345153155061,41.09274366748828,16.853398004520955
flow_0_1415,41.09784377269919,16.860855853590632,41.09785316035277,16.860676201531025,41.09289989869124,16.857979997773366,41.0924620240455,16.857540225068156
flow_0_1416,41.09784377269919,16.860855853590632,41.09785316035277,16.860676201531025,41.09762167433529,16.86078183182401,41.0975908593457,16.860854905020272
flow_0_1417,41.09784377269919,16.860855853590632,41.09785316035277,16.860676201531025,41.09783406893447,16.85935956518292,41.09781757948696,16.860074005211207
flow_0_1418,41.09784377269919,16.860855853590632,41.09785316035277,16.860676201531025,41.09781757948696,16.860074005211207,41.09773009884011,16.860532461562137
flow_0_1419,41.09784377269919,16.860855853590632,41.09785316035277,16.860676201531025,41.09788351207976,16.86008527251128,41.097886790174485,16.85993247707892
flow_0_1420,41.09784377269919,16.860855853590632,41.09785316035277,16.860676201531025,41.097886790174485,16.85993247707892,41.097887056561405,16.859358083149928
flow_0_1421,41.09784377269919,16.860855853590632,41.09785316035277,16.860676201531025,41.09752079197923,16.86113857805688,41.097541272342,16.861158803055236
flow_0_1422,41.09784377269919,16.860855853590632,41.09785316035277,16.860676201531025,41.09346290764322,16.859512259912492,41.0937563740557,16.85923859402608
flow_0_1423,41.09784377269919,16.860855853590632,41.09785316035277,16.860676201531025,41.09575898407665,16.861403291409037,41.09556026737646,16.861799770540163
flow_0_1424,41.09784377269919,16.860855853590632,41.09785316035277,16.860676201531025,41.09556026737646,16.861799770540163,41.09428507077666,16.861822930016572
flow_0_1425,41.09784377269919,16.860855853590632,41.09785316035277,16.860676201531025,41.09717022441964,16.862141610446756,41.09717150257013,16.862346685598727
flow_0_1426,41.09784377269919,16.860855853590632,41.09785316035277,16.860676201531025,41.094497059549575,16.854662484304253,41.09459493177244,16.85467607291383
flow_0_1427,41.09784377269919,16.860855853590632,41.09785316035277,16.860676201531025,41.093159424293006,16.861119861413044,41.092910609638544,16.861550868324073
flow_0_1428,41.09784377269919,16.860855853590632,41.09785316035277,16.860676201531025,41.094611131446,16.86076995428607,41.09433377805168,16.860614722600705
flow_0_1429,41.09784377269919,16.860855853590632,41.09785316035277,16.860676201531025,41.094481033476846,16.855484180652265,41.09590934506375,16.85589778274809
flow_0_1430,41.09784377269919,16.860855853590632,41.09785316035277,16.860676201531025,41.09320904205983,16.86036794969964,41.093226008438016,16.859824905081403
flow_0_1431,41.09785316035277,16.860676201531025,41.09788351207976,16.86008527251128,41.09628587040379,16.863506396736675,41.09627339570725,16.863759660301465
flow_0_1432,41.09785316035277,16.860676201531025,41.09788351207976,16.86008527251128,41.09267829914716,16.854073630954087,41.09207574955028,16.85389154719994
flow_0_1433,41.09785316035277,16.860676201531025,41.09788351207976,16.86008527251128,41.09717150257013,16.862346685598727,41.09717022441964,16.862141610446756
flow_0_1434,41.09785316035277,16.860676201531025,41.09788351207976,16.86008527251128,41.09782874807601,16.858422322289133,41.09720965467912,16.86010828803053
flow_0_1435,41.09785316035277,16.860676201531025,41.09788351207976,16.86008527251128,41.09590934506375,16.85589778274809,41.094481033476846,16.855484180652265
flow_0_1436,41.09785316035277,16.860676201531025,41.09788351207976,16.86008527251128,41.09390877175432,16.860555577386883,41.09389978504193,16.86089441913475
flow_0_1437,41.09785316035277,16.860676201531025,41.09788351207976,16.86008527251128,41.09289989869124,16.857979997773366,41.09252833667128,16.85806965698529
flow_0_1438,41.09785316035277,16.860676201531025,41.09788351207976,16.86008527251128,41.09575898407665,16.861403291409037,41.09578940828096,16.861627521735652
flow_0_1439,41.09785316035277,16.860676201531025,41.09788351207976,16.86008527251128,41.09577203818025,16.86132567064774,41.09575898407665,16.861403291409037
flow_0_1440,41.09785316035277,16.860676201531025,41.09788351207976,16.86008527251128,41.09326327598272,16.856459442663375,41.09325705252129,16.85653261037847
flow_0_1441,41.09785316035277,16.860676201531025,41.09788351207976,16.86008527251128,41.09588692434208,16.86204201283392,41.096023183819085,16.86206015013157
flow_0_1442,41.09785316035277,16.860676201531025,41.09788351207976,16.86008527251128,41.096023183819085,16.86206015013157,41.09607053280287,16.862073156374553
flow_0_1443,41.09785316035277,16.860676201531025,41.09788351207976,16.86008527251128,41.09607053280287,16.862073156374553,41.09624619327664,16.862345189534487
flow_0_1444,41.09785316035277,16.860676201531025,41.09788351207976,16.86008527251128,41.09406666971318,16.861809974981103,41.09374076152227,16.861733142040123
flow_0_1445,41.09785316035277,16.860676201531025,41.09788351207976,16.86008527251128,41.09428507077666,16.861822930016572,41.094248634240174,16.861820234016683
flow_0_1446,41.09785316035277,16.860676201531025,41.09788351207976,16.86008527251128,41.09422326217536,16.861818445841735,41.09406666971318,16.861809974981103
flow_0_1447,41.09785316035277,16.860676201531025,41.09788351207976,16.86008527251128,41.09606913880409,16.857384087393385,41.09607773810893,16.85711333011326
flow_0_1448,41.09785316035277,16.860676201531025,41.09788351207976,16.86008527251128,41.093433790346566,16.855687830843742,41.09352569242476,16.85465158647345
flow_0_1449,41.09785316035277,16.860676201531025,41.09788351207976,16.86008527251128,41.09257525037648,16.866055037799217,41.08991586912939,16.865878687144406
flow_0_1450,41.09785316035277,16.860676201531025,41.09788351207976,16.86008527251128,41.09637979984023,16.861535604961926,41.096390396588056,16.86145398483175
flow_0_1451,41.09785316035277,16.860676201531025,41.09788351207976,16.86008527251128,41.096390396588056,16.86145398483175,41.09617566373433,16.86105237527639
flow_0_1452,41.09785316035277,16.860676201531025,41.09788351207976,16.86008527251128,41.09333584930795,16.855672929401177,41.09331846638719,16.855846153569416
flow_0_1453,41.09785316035277,16.860676201531025,41.09788351207976,16.86008527251128,41.09331846638719,16.855846153569416,41.09330344191395,16.855984796607544
flow_0_1454,41.09785316035277,16.860676201531025,41.09788351207976,16.86008527251128,41.09328897220411,16.85615607855325,41.093276282258536,16.856306336332803
flow_0_1455,41.09785316035277,16.860676201531025,41.09788351207976,16.86008527251128,41.09309962997091,16.8641768999245,41.09122003932151,16.863954806076606
flow_0_1456,41.09785316035277,16.860676201531025,41.09788351207976,16.86008527251128,41.09590934506375,16.85589778274809,41.09589464404242,16.856597607978603
flow_0_1457,41.09785316035277,16.860676201531025,41.09788351207976,16.86008527251128,41.095864883749904,16.858939789299576,41.09579879841287,16.860483307032734
flow_0_1458,41.09785316035277,16.860676201531025,41.09788351207976,16.86008527251128,41.09410258065408,16.854547680343014,41.0940220774019,16.854495884667088
flow_0_1459,41.09785316035277,16.860676201531025,41.09788351207976,16.86008527251128,41.09290701188394,16.85345153155061,41.09274366748828,16.853398004520955
flow_0_1460,41.09785316035277,16.860676201531025,41.09788351207976,16.86008527251128,41.09289989869124,16.857979997773366,41.0924620240455,16.857540225068156
flow_0_1461,41.09785316035277,16.860676201531025,41.09788351207976,16.86008527251128,41.09762167433529,16.86078183182401,41.0975908593457,16.860854905020272
flow_0_1462,41.09785316035277,16.860676201531025,41.09788351207976,16.86008527251128,41.09783406893447,16.85935956518292,41.09781757948696,16.860074005211207
flow_0_1463,41.09785316035277,16.860676201531025,41.09788351207976,16.86008527251128,41.09781757948696,16.860074005211207,41.09773009884011,16.860532461562137
flow_0_1464,41.09785316035277,16.860676201531025,41.09788351207976,16.86008527251128,41.09788351207976,16.86008527251128,41.097886790174485,16.85993247707892
flow_0_1465,41.09785316035277,16.860676201531025,41.09788351207976,16.86008527251128,41.097886790174485,16.85993247707892,41.097887056561405,16.859358083149928
flow_0_1466,41.09785316035277,16.860676201531025,41.09788351207976,16.86008527251128,41.09752079197923,16.86113857805688,41.097541272342,16.861158803055236
flow_0_1467,41.09785316035277,16.860676201531025,41.09788351207976,16.86008527251128,41.09346290764322,16.859512259912492,41.0937563740557,16.85923859402608
flow_0_1468,41.09785316035277,16.860676201531025,41.09788351207976,16.86008527251128,41.09575898407665,16.861403291409037,41.09556026737646,16.861799770540163
flow_0_1469,41.09785316035277,16.860676201531025,41.09788351207976,16.86008527251128,41.09556026737646,16.861799770540163,41.09428507077666,16.861822930016572
flow_0_1470,41.09785316035277,16.860676201531025,41.09788351207976,16.86008527251128,41.09717022441964,16.862141610446756,41.09717150257013,16.862346685598727
flow_0_1471,41.09785316035277,16.860676201531025,41.09788351207976,16.86008527251128,41.094497059549575,16.854662484304253,41.09459493177244,16.85467607291383
flow_0_1472,41.09785316035277,16.860676201531025,41.09788351207976,16.86008527251128,41.093159424293006,16.861119861413044,41.092910609638544,16.861550868324073
flow_0_1473,41.09785316035277,16.860676201531025,41.09788351207976,16.86008527251128,41.094611131446,16.86076995428607,41.09433377805168,16.860614722600705
flow_0_1474,41.09785316035277,16.860676201531025,41.09788351207976,16.86008527251128,41.094481033476846,16.855484180652265,41.09590934506375,16.85589778274809
flow_0_1475,41.09785316035277,16.860676201531025,41.09788351207976,16.86008527251128,41.09320904205983,16.86036794969964,41.093226008438016,16.859824905081403
flow_0_1476,41.09788351207976,16.86008527251128,41.097886790174485,16.85993247707892,41.09628587040379,16.863506396736675,41.09627339570725,16.863759660301465
flow_0_1477,41.09788351207976,16.86008527251128,41.097886790174485,16.85993247707892,41.09267829914716,16.854073630954087,41.09207574955028,16.85389154719994
flow_0_1478,41.09788351207976,16.86008527251128,41.097886790174485,16.85993247707892,41.09717150257013,16.862346685598727,41.09717022441964,16.862141610446756
flow_0_1479,41.09788351207976,16.86008527251128,41.097886790174485,16.85993247707892,41.09782874807601,16.858422322289133,41.09720965467912,16.86010828803053
flow_0_1480,41.09788351207976,16.86008527251128,41.097886790174485,16.85993247707892,41.09590934506375,16.85589778274809,41.094481033476846,16.855484180652265
flow_0_1481,41.09788351207976,16.86008527251128,41.097886790174485,16.85993247707892,41.09390877175432,16.860555577386883,41.09389978504193,16.86089441913475
flow_0_1482,41.09788351207976,16.86008527251128,41.097886790174485,16.85993247707892,41.09289989869124,16.857979997773366,41.09252833667128,16.85806965698529
flow_0_1483,41.09788351207976,16.86008527251128,41.097886790174485,16.85993247707892,41.09575898407665,16.861403291409037,41.09578940828096,16.861627521735652
flow_0_1484,41.09788351207976,16.86008527251128,41.097886790174485,16.85993247707892,41.09577203818025,16.86132567064774,41.09575898407665,16.861403291409037
flow_0_1485,41.09788351207976,16.86008527251128,41.097886790174485,16.85993247707892,41.09326327598272,16.856459442663375,41.09325705252129,16.85653261037847
flow_0_1486,41.09788351207976,16.86008527251128,41.097886790174485,16.85993247707892,41.09588692434208,16.86204201283392,41.096023183819085,16.86206015013157
flow_0_1487,41.09788351207976,16.86008527251128,41.097886790174485,16.85993247707892,41.096023183819085,16.86206015013157,41.09607053280287,16.862073156374553
flow_0_1488,41.09788351207976,16.86008527251128,41.097886790174485,16.85993247707892,41.09607053280287,16.862073156374553,41.09624619327664,16.862345189534487
flow_0_1489,41.09788351207976,16.86008527251128,41.097886790174485,16.85993247707892,41.09406666971318,16.861809974981103,41.09374076152227,16.861733142040123
flow_0_1490,41.09788351207976,16.86008527251128,41.097886790174485,16.85993247707892,41.09428507077666,16.861822930016572,41.094248634240174,16.861820234016683
flow_0_1491,41.09788351207976,16.86008527251128,41.097886790174485,16.85993247707892,41.09422326217536,16.861818445841735,41.09406666971318,16.861809974981103
flow_0_1492,41.09788351207976,16.86008527251128,41.097886790174485,16.85993247707892,41.09606913880409,16.857384087393385,41.09607773810893,16.85711333011326
flow_0_1493,41.09788351207976,16.86008527251128,41.097886790174485,16.85993247707892,41.093433790346566,16.855687830843742,41.09352569242476,16.85465158647345
flow_0_1494,41.09788351207976,16.86008527251128,41.097886790174485,16.85993247707892,41.09257525037648,16.866055037799217,41.08991586912939,16.865878687144406
flow_0_1495,41.09788351207976,16.86008527251128,41.097886790174485,16.85993247707892,41.09637979984023,16.861535604961926,41.096390396588056,16.86145398483175
flow_0_1496,41.09788351207976,16.86008527251128,41.097886790174485,16.85993247707892,41.096390396588056,16.86145398483175,41.09617566373433,16.86105237527639
flow_0_1497,41.09788351207976,16.86008527251128,41.097886790174485,16.85993247707892,41.09333584930795,16.855672929401177,41.09331846638719,16.855846153569416
flow_0_1498,41.09788351207976,16.86008527251128,41.097886790174485,16.85993247707892,41.09331846638719,16.855846153569416,41.09330344191395,16.855984796607544
flow_0_1499,41.09788351207976,16.86008527251128,41.097886790174485,16.85993247707892,41.09328897220411,16.85615607855325,41.093276282258536,16.856306336332803
flow_0_1500,41.09788351207976,16.86008527251128,41.097886790174485,16.85993247707892,41.09309962997091,16.8641768999245,41.09122003932151,16.863954806076606
flow_0_1501,41.09788351207976,16.86008527251128,41.097886790174485,16.85993247707892,41.09590934506375,16.85589778274809,41.09589464404242,16.856597607978603
flow_0_1502,41.09788351207976,16.86008527251128,41.097886790174485,16.85993247707892,41.095864883749904,16.858939789299576,41.09579879841287,16.860483307032734
flow_0_1503,41.09788351207976,16.86008527251128,41.097886790174485,16.85993247707892,41.09410258065408,16.854547680343014,41.0940220774019,16.854495884667088
flow_0_1504,41.09788351207976,16.86008527251128,41.097886790174485,16.85993247707892,41.09290701188394,16.85345153155061,41.09274366748828,16.853398004520955
flow_0_1505,41.09788351207976,16.86008527251128,41.097886790174485,16.85993247707892,41.09289989869124,16.857979997773366,41.0924620240455,16.857540225068156
flow_0_1506,41.09788351207976,16.86008527251128,41.097886790174485,16.85993247707892,41.09762167433529,16.86078183182401,41.0975908593457,16.860854905020272
flow_0_1507,41.09788351207976,16.86008527251128,41.097886790174485,16.85993247707892,41.09783406893447,16.85935956518292,41.09781757948696,16.860074005211207
flow_0_1508,41.09788351207976,16.86008527251128,41.097886790174485,16.85993247707892,41.09781757948696,16.860074005211207,41.09773009884011,16.860532461562137
flow_0_1509,41.09788351207976,16.86008527251128,41.097886790174485,16.85993247707892,41.097886790174485,16.85993247707892,41.097887056561405,16.859358083149928
flow_0_1510,41.09788351207976,16.86008527251128,41.097886790174485,16.85993247707892,41.09752079197923,16.86113857805688,41.097541272342,16.861158803055236
flow_0_1511,41.09788351207976,16.86008527251128,41.097886790174485,16.85993247707892,41.09346290764322,16.859512259912492,41.0937563740557,16.85923859402608
flow_0_1512,41.09788351207976,16.86008527251128,41.097886790174485,16.85993247707892,41.09575898407665,16.861403291409037,41.09556026737646,16.861799770540163
flow_0_1513,41.09788351207976,16.86008527251128,41.097886790174485,16.85993247707892,41.09556026737646,16.861799770540163,41.09428507077666,16.861822930016572
flow_0_1514,41.09788351207976,16.86008527251128,41.097886790174485,16.85993247707892,41.09717022441964,16.862141610446756,41.09717150257013,16.862346685598727
flow_0_1515,41.09788351207976,16.86008527251128,41.097886790174485,16.85993247707892,41.094497059549575,16.854662484304253,41.09459493177244,16.85467607291383
flow_0_1516,41.09788351207976,16.86008527251128,41.097886790174485,16.85993247707892,41.093159424293006,16.861119861413044,41.092910609638544,16.861550868324073
flow_0_1517,41.09788351207976,16.86008527251128,41.097886790174485,16.85993247707892,41.094611131446,16.86076995428607,41.09433377805168,16.860614722600705
flow_0_1518,41.09788351207976,16.86008527251128,41.097886790174485,16.85993247707892,41.094481033476846,16.855484180652265,41.09590934506375,16.85589778274809
flow_0_1519,41.09788351207976,16.86008527251128,41.097886790174485,16.85993247707892,41.09320904205983,16.86036794969964,41.093226008438016,16.859824905081403
flow_0_1520,41.097886790174485,16.85993247707892,41.097887056561405,16.859358083149928,41.09628587040379,16.863506396736675,41.09627339570725,16.863759660301465
flow_0_1521,41.097886790174485,16.85993247707892,41.097887056561405,16.859358083149928,41.09267829914716,16.854073630954087,41.09207574955028,16.85389154719994
flow_0_1522,41.097886790174485,16.85993247707892,41.097887056561405,16.859358083149928,41.09717150257013,16.862346685598727,41.09717022441964,16.862141610446756
flow_0_1523,41.097886790174485,16.85993247707892,41.097887056561405,16.859358083149928,41.09782874807601,16.858422322289133,41.09720965467912,16.86010828803053
flow_0_1524,41.097886790174485,16.85993247707892,41.097887056561405,16.859358083149928,41.09590934506375,16.85589778274809,41.094481033476846,16.855484180652265
flow_0_1525,41.097886790174485,16.85993247707892,41.097887056561405,16.859358083149928,41.09390877175432,16.860555577386883,41.09389978504193,16.86089441913475
flow_0_1526,41.097886790174485,16.85993247707892,41.097887056561405,16.859358083149928,41.09289989869124,16.857979997773366,41.09252833667128,16.85806965698529
flow_0_1527,41.097886790174485,16.85993247707892,41.097887056561405,16.859358083149928,41.09575898407665,16.861403291409037,41.09578940828096,16.861627521735652
flow_0_1528,41.097886790174485,16.85993247707892,41.097887056561405,16.859358083149928,41.09577203818025,16.86132567064774,41.09575898407665,16.861403291409037
flow_0_1529,41.097886790174485,16.85993247707892,41.097887056561405,16.859358083149928,41.09326327598272,16.856459442663375,41.09325705252129,16.85653261037847
flow_0_1530,41.097886790174485,16.85993247707892,41.097887056561405,16.859358083149928,41.09588692434208,16.86204201283392,41.096023183819085,16.86206015013157
flow_0_1531,41.097886790174485,16.85993247707892,41.097887056561405,16.859358083149928,41.096023183819085,16.86206015013157,41.09607053280287,16.862073156374553
flow_0_1532,41.097886790174485,16.85993247707892,41.097887056561405,16.859358083149928,41.09607053280287,16.862073156374553,41.09624619327664,16.862345189534487
flow_0_1533,41.097886790174485,16.85993247707892,41.097887056561405,16.859358083149928,41.09406666971318,16.861809974981103,41.09374076152227,16.861733142040123
flow_0_1534,41.097886790174485,16.85993247707892,41.097887056561405,16.859358083149928,41.09428507077666,16.861822930016572,41.094248634240174,16.861820234016683
flow_0_1535,41.097886790174485,16.85993247707892,41.097887056561405,16.859358083149928,41.09422326217536,16.861818445841735,41.09406666971318,16.861809974981103
flow_0_1536,41.097886790174485,16.85993247707892,41.097887056561405,16.859358083149928,41.09606913880409,16.857384087393385,41.09607773810893,16.85711333011326
flow_0_1537,41.097886790174485,16.85993247707892,41.097887056561405,16.859358083149928,41.093433790346566,16.855687830843742,41.09352569242476,16.85465158647345
flow_0_1538,41.097886790174485,16.85993247707892,41.097887056561405,16.859358083149928,41.09257525037648,16.866055037799217,41.08991586912939,16.865878687144406
flow_0_1539,41.097886790174485,16.85993247707892,41.097887056561405,16.859358083149928,41.09637979984023,16.861535604961926,41.096390396588056,16.86145398483175
flow_0_1540,41.097886790174485,16.85993247707892,41.097887056561405,16.859358083149928,41.096390396588056,16.86145398483175,41.09617566373433,16.86105237527639
flow_0_1541,41.097886790174485,16.85993247707892,41.097887056561405,16.859358083149928,41.09333584930795,16.855672929401177,41.09331846638719,16.855846153569416
flow_0_1542,41.097886790174485,16.85993247707892,41.097887056561405,16.859358083149928,41.09331846638719,16.855846153569416,41.09330344191395,16.855984796607544
flow_0_1543,41.097886790174485,16.85993247707892,41.097887056561405,16.859358083149928,41.09328897220411,16.85615607855325,41.093276282258536,16.856306336332803
flow_0_1544,41.097886790174485,16.85993247707892,41.097887056561405,16.859358083149928,41.09309962997091,16.8641768999245,41.09122003932151,16.863954806076606
flow_0_1545,41.097886790174485,16.85993247707892,41.097887056561405,16.859358083149928,41.09590934506375,16.85589778274809,41.09589464404242,16.856597607978603
flow_0_1546,41.097886790174485,16.85993247707892,41.097887056561405,16.859358083149928,41.095864883749904,16.858939789299576,41.09579879841287,16.860483307032734
flow_0_1547,41.097886790174485,16.85993247707892,41.097887056561405,16.859358083149928,41.09410258065408,16.854547680343014,41.0940220774019,16.854495884667088
flow_0_1548,41.097886790174485,16.85993247707892,41.097887056561405,16.859358083149928,41.09290701188394,16.85345153155061,41.09274366748828,16.853398004520955
flow_0_1549,41.097886790174485,16.85993247707892,41.097887056561405,16.859358083149928,41.09289989869124,16.857979997773366,41.0924620240455,16.857540225068156
flow_0_1550,41.097886790174485,16.85993247707892,41.097887056561405,16.859358083149928,41.09762167433529,16.86078183182401,41.0975908593457,16.860854905020272
flow_0_1551,41.097886790174485,16.85993247707892,41.097887056561405,16.859358083149928,41.09783406893447,16.85935956518292,41.09781757948696,16.860074005211207
flow_0_1552,41.097886790174485,16.85993247707892,41.097887056561405,16.859358083149928,41.09781757948696,16.860074005211207,41.09773009884011,16.860532461562137
flow_0_1553,41.097886790174485,16.85993247707892,41.097887056561405,16.859358083149928,41.09788351207976,16.86008527251128,41.097886790174485,16.85993247707892
flow_0_1554,41.097886790174485,16.85993247707892,41.097887056561405,16.859358083149928,41.09752079197923,16.86113857805688,41.097541272342,16.861158803055236
flow_0_1555,41.097886790174485,16.85993247707892,41.097887056561405,16.859358083149928,41.09346290764322,16.859512259912492,41.0937563740557,16.85923859402608
flow_0_1556,41.097886790174485,16.85993247707892,41.097887056561405,16.859358083149928,41.09575898407665,16.861403291409037,41.09556026737646,16.861799770540163
flow_0_1557,41.097886790174485,16.85993247707892,41.097887056561405,16.859358083149928,41.09556026737646,16.861799770540163,41.09428507077666,16.861822930016572
flow_0_1558,41.097886790174485,16.85993247707892,41.097887056561405,16.859358083149928,41.09717022441964,16.862141610446756,41.09717150257013,16.862346685598727
flow_0_1559,41.097886790174485,16.85993247707892,41.097887056561405,16.859358083149928,41.094497059549575,16.854662484304253,41.09459493177244,16.85467607291383
flow_0_1560,41.097886790174485,16.85993247707892,41.097887056561405,16.859358083149928,41.093159424293006,16.861119861413044,41.092910609638544,16.861550868324073
flow_0_1561,41.097886790174485,16.85993247707892,41.097887056561405,16.859358083149928,41.094611131446,16.86076995428607,41.09433377805168,16.860614722600705
flow_0_1562,41.097886790174485,16.85993247707892,41.097887056561405,16.859358083149928,41.094481033476846,16.855484180652265,41.09590934506375,16.85589778274809
flow_0_1563,41.097886790174485,16.85993247707892,41.097887056561405,16.859358083149928,41.09320904205983,16.86036794969964,41.093226008438016,16.859824905081403
flow_0_1564,41.09788233251325,16.85858481793875,41.09788136204114,16.85827651417314,41.09628587040379,16.863506396736675,41.09627339570725,16.863759660301465
flow_0_1565,41.09788233251325,16.85858481793875,41.09788136204114,16.85827651417314,41.09267829914716,16.854073630954087,41.09207574955028,16.85389154719994
flow_0_1566,41.09788233251325,16.85858481793875,41.09788136204114,16.85827651417314,41.09717150257013,16.862346685598727,41.09717022441964,16.862141610446756
flow_0_1567,41.09788233251325,16.85858481793875,41.09788136204114,16.85827651417314,41.09782874807601,16.858422322289133,41.09720965467912,16.86010828803053
flow_0_1568,41.09788233251325,16.85858481793875,41.09788136204114,16.85827651417314,41.09590934506375,16.85589778274809,41.094481033476846,16.855484180652265
flow_0_1569,41.09788233251325,16.85858481793875,41.09788136204114,16.85827651417314,41.09390877175432,16.860555577386883,41.09389978504193,16.86089441913475
flow_0_1570,41.09788233251325,16.85858481793875,41.09788136204114,16.85827651417314,41.09289989869124,16.857979997773366,41.09252833667128,16.85806965698529
flow_0_1571,41.09788233251325,16.85858481793875,41.09788136204114,16.85827651417314,41.09575898407665,16.861403291409037,41.09578940828096,16.861627521735652
flow_0_1572,41.09788233251325,16.85858481793875,41.09788136204114,16.85827651417314,41.09577203818025,16.86132567064774,41.09575898407665,16.861403291409037
flow_0_1573,41.09788233251325,16.85858481793875,41.09788136204114,16.85827651417314,41.09326327598272,16.856459442663375,41.09325705252129,16.85653261037847
flow_0_1574,41.09788233251325,16.85858481793875,41.09788136204114,16.85827651417314,41.09588692434208,16.86204201283392,41.096023183819085,16.86206015013157
flow_0_1575,41.09788233251325,16.85858481793875,41.09788136204114,16.85827651417314,41.096023183819085,16.86206015013157,41.09607053280287,16.862073156374553
flow_0_1576,41.09788233251325,16.85858481793875,41.09788136204114,16.85827651417314,41.09607053280287,16.862073156374553,41.09624619327664,16.862345189534487
flow_0_1577,41.09788233251325,16.85858481793875,41.09788136204114,16.85827651417314,41.09406666971318,16.861809974981103,41.09374076152227,16.861733142040123
flow_0_1578,41.09788233251325,16.85858481793875,41.09788136204114,16.85827651417314,41.09428507077666,16.861822930016572,41.094248634240174,16.861820234016683
flow_0_1579,41.09788233251325,16.85858481793875,41.09788136204114,16.85827651417314,41.09422326217536,16.861818445841735,41.09406666971318,16.861809974981103
flow_0_1580,41.09788233251325,16.85858481793875,41.09788136204114,16.85827651417314,41.09606913880409,16.857384087393385,41.09607773810893,16.85711333011326
flow_0_1581,41.09788233251325,16.85858481793875,41.09788136204114,16.85827651417314,41.093433790346566,16.855687830843742,41.09352569242476,16.85465158647345
flow_0_1582,41.09788233251325,16.85858481793875,41.09788136204114,16.85827651417314,41.09257525037648,16.866055037799217,41.08991586912939,16.865878687144406
flow_0_1583,41.09788233251325,16.85858481793875,41.09788136204114,16.85827651417314,41.09637979984023,16.861535604961926,41.096390396588056,16.86145398483175
flow_0_1584,41.09788233251325,16.85858481793875,41.09788136204114,16.85827651417314,41.096390396588056,16.86145398483175,41.09617566373433,16.86105237527639
flow_0_1585,41.09788233251325,16.85858481793875,41.09788136204114,16.85827651417314,41.09333584930795,16.855672929401177,41.09331846638719,16.855846153569416
flow_0_1586,41.09788233251325,16.85858481793875,41.09788136204114,16.85827651417314,41.09331846638719,16.855846153569416,41.09330344191395,16.855984796607544
flow_0_1587,41.09788233251325,16.85858481793875,41.09788136204114,16.85827651417314,41.09328897220411,16.85615607855325,41.093276282258536,16.856306336332803
flow_0_1588,41.09788233251325,16.85858481793875,41.09788136204114,16.85827651417314,41.09309962997091,16.8641768999245,41.09122003932151,16.863954806076606
flow_0_1589,41.09788233251325,16.85858481793875,41.09788136204114,16.85827651417314,41.09590934506375,16.85589778274809,41.09589464404242,16.856597607978603
flow_0_1590,41.09788233251325,16.85858481793875,41.09788136204114,16.85827651417314,41.095864883749904,16.858939789299576,41.09579879841287,16.860483307032734
flow_0_1591,41.09788233251325,16.85858481793875,41.09788136204114,16.85827651417314,41.09410258065408,16.854547680343014,41.0940220774019,16.854495884667088
flow_0_1592,41.09788233251325,16.85858481793875,41.09788136204114,16.85827651417314,41.09290701188394,16.85345153155061,41.09274366748828,16.853398004520955
flow_0_1593,41.09788233251325,16.85858481793875,41.09788136204114,16.85827651417314,41.09289989869124,16.857979997773366,41.0924620240455,16.857540225068156
flow_0_1594,41.09788233251325,16.85858481793875,41.09788136204114,16.85827651417314,41.09762167433529,16.86078183182401,41.0975908593457,16.860854905020272
flow_0_1595,41.09788233251325,16.85858481793875,41.09788136204114,16.85827651417314,41.09783406893447,16.85935956518292,41.09781757948696,16.860074005211207
flow_0_1596,41.09788233251325,16.85858481793875,41.09788136204114,16.85827651417314,41.09781757948696,16.860074005211207,41.09773009884011,16.860532461562137
flow_0_1597,41.09788233251325,16.85858481793875,41.09788136204114,16.85827651417314,41.09788351207976,16.86008527251128,41.097886790174485,16.85993247707892
flow_0_1598,41.09788233251325,16.85858481793875,41.09788136204114,16.85827651417314,41.097886790174485,16.85993247707892,41.097887056561405,16.859358083149928
flow_0_1599,41.09788233251325,16.85858481793875,41.09788136204114,16.85827651417314,41.09752079197923,16.86113857805688,41.097541272342,16.861158803055236
flow_0_1600,41.09788233251325,16.85858481793875,41.09788136204114,16.85827651417314,41.09346290764322,16.859512259912492,41.0937563740557,16.85923859402608
flow_0_1601,41.09788233251325,16.85858481793875,41.09788136204114,16.85827651417314,41.09575898407665,16.861403291409037,41.09556026737646,16.861799770540163
flow_0_1602,41.09788233251325,16.85858481793875,41.09788136204114,16.85827651417314,41.09556026737646,16.861799770540163,41.09428507077666,16.861822930016572
flow_0_1603,41.09788233251325,16.85858481793875,41.09788136204114,16.85827651417314,41.09717022441964,16.862141610446756,41.09717150257013,16.862346685598727
flow_0_1604,41.09788233251325,16.85858481793875,41.09788136204114,16.85827651417314,41.094497059549575,16.854662484304253,41.09459493177244,16.85467607291383
flow_0_1605,41.09788233251325,16.85858481793875,41.09788136204114,16.85827651417314,41.093159424293006,16.861119861413044,41.092910609638544,16.861550868324073
flow_0_1606,41.09788233251325,16.85858481793875,41.09788136204114,16.85827651417314,41.094611131446,16.86076995428607,41.09433377805168,16.860614722600705
flow_0_1607,41.09788233251325,16.85858481793875,41.09788136204114,16.85827651417314,41.094481033476846,16.855484180652265,41.09590934506375,16.85589778274809
flow_0_1608,41.09788233251325,16.85858481793875,41.09788136204114,16.85827651417314,41.09320904205983,16.86036794969964,41.093226008438016,16.859824905081403
flow_0_1609,41.09788136204114,16.85827651417314,41.097878498918455,16.857945890667285,41.09628587040379,16.863506396736675,41.09627339570725,16.863759660301465
flow_0_1610,41.09788136204114,16.85827651417314,41.097878498918455,16.857945890667285,41.09267829914716,16.854073630954087,41.09207574955028,16.85389154719994
flow_0_1611,41.09788136204114,16.85827651417314,41.097878498918455,16.857945890667285,41.09717150257013,16.862346685598727,41.09717022441964,16.862141610446756
flow_0_1612,41.09788136204114,16.85827651417314,41.097878498918455,16.857945890667285,41.09782874807601,16.858422322289133,41.09720965467912,16.86010828803053
flow_0_1613,41.09788136204114,16.85827651417314,41.097878498918455,16.857945890667285,41.09590934506375,16.85589778274809,41.094481033476846,16.855484180652265
flow_0_1614,41.09788136204114,16.85827651417314,41.097878498918455,16.857945890667285,41.09390877175432,16.860555577386883,41.09389978504193,16.86089441913475
flow_0_1615,41.09788136204114,16.85827651417314,41.097878498918455,16.857945890667285,41.09289989869124,16.857979997773366,41.09252833667128,16.85806965698529
flow_0_1616,41.09788136204114,16.85827651417314,41.097878498918455,16.857945890667285,41.09575898407665,16.861403291409037,41.09578940828096,16.861627521735652
flow_0_1617,41.09788136204114,16.85827651417314,41.097878498918455,16.857945890667285,41.09577203818025,16.86132567064774,41.09575898407665,16.861403291409037
flow_0_1618,41.09788136204114,16.85827651417314,41.097878498918455,16.857945890667285,41.09326327598272,16.856459442663375,41.09325705252129,16.85653261037847
flow_0_1619,41.09788136204114,16.85827651417314,41.097878498918455,16.857945890667285,41.09588692434208,16.86204201283392,41.096023183819085,16.86206015013157
flow_0_1620,41.09788136204114,16.85827651417314,41.097878498918455,16.857945890667285,41.096023183819085,16.86206015013157,41.09607053280287,16.862073156374553
flow_0_1621,41.09788136204114,16.85827651417314,41.097878498918455,16.857945890667285,41.09607053280287,16.862073156374553,41.09624619327664,16.862345189534487
flow_0_1622,41.09788136204114,16.85827651417314,41.097878498918455,16.857945890667285,41.09406666971318,16.861809974981103,41.09374076152227,16.861733142040123
flow_0_1623,41.09788136204114,16.85827651417314,41.097878498918455,16.857945890667285,41.09428507077666,16.861822930016572,41.094248634240174,16.861820234016683
flow_0_1624,41.09788136204114,16.85827651417314,41.097878498918455,16.857945890667285,41.09422326217536,16.861818445841735,41.09406666971318,16.861809974981103
flow_0_1625,41.09788136204114,16.85827651417314,41.097878498918455,16.857945890667285,41.09606913880409,16.857384087393385,41.09607773810893,16.85711333011326
flow_0_1626,41.09788136204114,16.85827651417314,41.097878498918455,16.857945890667285,41.093433790346566,16.855687830843742,41.09352569242476,16.85465158647345
flow_0_1627,41.09788136204114,16.85827651417314,41.097878498918455,16.857945890667285,41.09257525037648,16.866055037799217,41.08991586912939,16.865878687144406
flow_0_1628,41.09788136204114,16.85827651417314,41.097878498918455,16.857945890667285,41.09637979984023,16.861535604961926,41.096390396588056,16.86145398483175
flow_0_1629,41.09788136204114,16.85827651417314,41.097878498918455,16.857945890667285,41.096390396588056,16.86145398483175,41.09617566373433,16.86105237527639
flow_0_1630,41.09788136204114,16.85827651417314,41.097878498918455,16.857945890667285,41.09333584930795,16.855672929401177,41.09331846638719,16.855846153569416
flow_0_1631,41.09788136204114,16.85827651417314,41.097878498918455,16.857945890667285,41.09331846638719,16.855846153569416,41.09330344191395,16.855984796607544
flow_0_1632,41.09788136204114,16.85827651417314,41.097878498918455,16.857945890667285,41.09328897220411,16.85615607855325,41.093276282258536,16.856306336332803
flow_0_1633,41.09788136204114,16.85827651417314,41.097878498918455,16.857945890667285,41.09309962997091,16.8641768999245,41.09122003932151,16.863954806076606
flow_0_1634,41.09788136204114,16.85827651417314,41.097878498918455,16.857945890667285,41.09590934506375,16.85589778274809,41.09589464404242,16.856597607978603
flow_0_1635,41.09788136204114,16.85827651417314,41.097878498918455,16.857945890667285,41.095864883749904,16.858939789299576,41.09579879841287,16.860483307032734
flow_0_1636,41.09788136204114,16.85827651417314,41.097878498918455,16.857945890667285,41.09410258065408,16.854547680343014,41.0940220774019,16.854495884667088
flow_0_1637,41.09788136204114,16.85827651417314,41.097878498918455,16.857945890667285,41.09290701188394,16.85345153155061,41.09274366748828,16.853398004520955
flow_0_1638,41.09788136204114,16.85827651417314,41.097878498918455,16.857945890667285,41.09289989869124,16.857979997773366,41.0924620240455,16.857540225068156
flow_0_1639,41.09788136204114,16.85827651417314,41.097878498918455,16.857945890667285,41.09762167433529,16.86078183182401,41.0975908593457,16.860854905020272
flow_0_1640,41.09788136204114,16.85827651417314,41.097878498918455,16.857945890667285,41.09783406893447,16.85935956518292,41.09781757948696,16.860074005211207
flow_0_1641,41.09788136204114,16.85827651417314,41.097878498918455,16.857945890667285,41.09781757948696,16.860074005211207,41.09773009884011,16.860532461562137
flow_0_1642,41.09788136204114,16.85827651417314,41.097878498918455,16.857945890667285,41.09788351207976,16.86008527251128,41.097886790174485,16.85993247707892
flow_0_1643,41.09788136204114,16.85827651417314,41.097878498918455,16.857945890667285,41.097886790174485,16.85993247707892,41.097887056561405,16.859358083149928
flow_0_1644,41.09788136204114,16.85827651417314,41.097878498918455,16.857945890667285,41.09752079197923,16.86113857805688,41.097541272342,16.861158803055236
flow_0_1645,41.09788136204114,16.85827651417314,41.097878498918455,16.857945890667285,41.09346290764322,16.859512259912492,41.0937563740557,16.85923859402608
flow_0_1646,41.09788136204114,16.85827651417314,41.097878498918455,16.857945890667285,41.09575898407665,16.861403291409037,41.09556026737646,16.861799770540163
flow_0_1647,41.09788136204114,16.85827651417314,41.097878498918455,16.857945890667285,41.09556026737646,16.861799770540163,41.09428507077666,16.861822930016572
flow_0_1648,41.09788136204114,16.85827651417314,41.097878498918455,16.857945890667285,41.09717022441964,16.862141610446756,41.09717150257013,16.862346685598727
flow_0_1649,41.09788136204114,16.85827651417314,41.097878498918455,16.857945890667285,41.094497059549575,16.854662484304253,41.09459493177244,16.85467607291383
flow_0_1650,41.09788136204114,16.85827651417314,41.097878498918455,16.857945890667285,41.093159424293006,16.861119861413044,41.092910609638544,16.861550868324073
flow_0_1651,41.09788136204114,16.85827651417314,41.097878498918455,16.857945890667285,41.094611131446,16.86076995428607,41.09433377805168,16.860614722600705
flow_0_1652,41.09788136204114,16.85827651417314,41.097878498918455,16.857945890667285,41.094481033476846,16.855484180652265,41.09590934506375,16.85589778274809
flow_0_1653,41.09788136204114,16.85827651417314,41.097878498918455,16.857945890667285,41.09320904205983,16.86036794969964,41.093226008438016,16.859824905081403
flow_0_1654,41.097541272342,16.861158803055236,41.09781030947246,16.860942307300732,41.09628587040379,16.863506396736675,41.09627339570725,16.863759660301465
flow_0_1655,41.097541272342,16.861158803055236,41.09781030947246,16.860942307300732,41.09267829914716,16.854073630954087,41.09207574955028,16.85389154719994
flow_0_1656,41.097541272342,16.861158803055236,41.09781030947246,16.860942307300732,41.09717150257013,16.862346685598727,41.09717022441964,16.862141610446756
flow_0_1657,41.097541272342,16.861158803055236,41.09781030947246,16.860942307300732,41.09782874807601,16.858422322289133,41.09720965467912,16.86010828803053
flow_0_1658,41.097541272342,16.861158803055236,41.09781030947246,16.860942307300732,41.09590934506375,16.85589778274809,41.094481033476846,16.855484180652265
flow_0_1659,41.097541272342,16.861158803055236,41.09781030947246,16.860942307300732,41.09390877175432,16.860555577386883,41.09389978504193,16.86089441913475
flow_0_1660,41.097541272342,16.861158803055236,41.09781030947246,16.860942307300732,41.09289989869124,16.857979997773366,41.09252833667128,16.85806965698529
flow_0_1661,41.097541272342,16.861158803055236,41.09781030947246,16.860942307300732,41.09575898407665,16.861403291409037,41.09578940828096,16.861627521735652
flow_0_1662,41.097541272342,16.861158803055236,41.09781030947246,16.860942307300732,41.09577203818025,16.86132567064774,41.09575898407665,16.861403291409037
flow_0_1663,41.097541272342,16.861158803055236,41.09781030947246,16.860942307300732,41.09326327598272,16.856459442663375,41.09325705252129,16.85653261037847
flow_0_1664,41.097541272342,16.861158803055236,41.09781030947246,16.860942307300732,41.09588692434208,16.86204201283392,41.096023183819085,16.86206015013157
flow_0_1665,41.097541272342,16.861158803055236,41.09781030947246,16.860942307300732,41.096023183819085,16.86206015013157,41.09607053280287,16.862073156374553
flow_0_1666,41.097541272342,16.861158803055236,41.09781030947246,16.860942307300732,41.09607053280287,16.862073156374553,41.09624619327664,16.862345189534487
flow_0_1667,41.097541272342,16.861158803055236,41.09781030947246,16.860942307300732,41.09406666971318,16.861809974981103,41.09374076152227,16.861733142040123
flow_0_1668,41.097541272342,16.861158803055236,41.09781030947246,16.860942307300732,41.09428507077666,16.861822930016572,41.094248634240174,16.861820234016683
flow_0_1669,41.097541272342,16.861158803055236,41.09781030947246,16.860942307300732,41.09422326217536,16.861818445841735,41.09406666971318,16.861809974981103
flow_0_1670,41.097541272342,16.861158803055236,41.09781030947246,16.860942307300732,41.09606913880409,16.857384087393385,41.09607773810893,16.85711333011326
flow_0_1671,41.097541272342,16.861158803055236,41.09781030947246,16.860942307300732,41.093433790346566,16.855687830843742,41.09352569242476,16.85465158647345
flow_0_1672,41.097541272342,16.861158803055236,41.09781030947246,16.860942307300732,41.09257525037648,16.866055037799217,41.08991586912939,16.865878687144406
flow_0_1673,41.097541272342,16.861158803055236,41.09781030947246,16.860942307300732,41.09637979984023,16.861535604961926,41.096390396588056,16.86145398483175
flow_0_1674,41.097541272342,16.861158803055236,41.09781030947246,16.860942307300732,41.096390396588056,16.86145398483175,41.09617566373433,16.86105237527639
flow_0_1675,41.097541272342,16.861158803055236,41.09781030947246,16.860942307300732,41.09333584930795,16.855672929401177,41.09331846638719,16.855846153569416
flow_0_1676,41.097541272342,16.861158803055236,41.09781030947246,16.860942307300732,41.09331846638719,16.855846153569416,41.09330344191395,16.855984796607544
flow_0_1677,41.097541272342,16.861158803055236,41.09781030947246,16.860942307300732,41.09328897220411,16.85615607855325,41.093276282258536,16.856306336332803
flow_0_1678,41.097541272342,16.861158803055236,41.09781030947246,16.860942307300732,41.09309962997091,16.8641768999245,41.09122003932151,16.863954806076606
flow_0_1679,41.097541272342,16.861158803055236,41.09781030947246,16.860942307300732,41.09590934506375,16.85589778274809,41.09589464404242,16.856597607978603
flow_0_1680,41.097541272342,16.861158803055236,41.09781030947246,16.860942307300732,41.095864883749904,16.858939789299576,41.09579879841287,16.860483307032734
flow_0_1681,41.097541272342,16.861158803055236,41.09781030947246,16.860942307300732,41.09410258065408,16.854547680343014,41.0940220774019,16.854495884667088
flow_0_1682,41.097541272342,16.861158803055236,41.09781030947246,16.860942307300732,41.09290701188394,16.85345153155061,41.09274366748828,16.853398004520955
flow_0_1683,41.097541272342,16.861158803055236,41.09781030947246,16.860942307300732,41.09289989869124,16.857979997773366,41.0924620240455,16.857540225068156
flow_0_1684,41.097541272342,16.861158803055236,41.09781030947246,16.860942307300732,41.09762167433529,16.86078183182401,41.0975908593457,16.860854905020272
flow_0_1685,41.097541272342,16.861158803055236,41.09781030947246,16.860942307300732,41.09783406893447,16.85935956518292,41.09781757948696,16.860074005211207
flow_0_1686,41.097541272342,16.861158803055236,41.09781030947246,16.860942307300732,41.09781757948696,16.860074005211207,41.09773009884011,16.860532461562137
flow_0_1687,41.097541272342,16.861158803055236,41.09781030947246,16.860942307300732,41.09788351207976,16.86008527251128,41.097886790174485,16.85993247707892
flow_0_1688,41.097541272342,16.861158803055236,41.09781030947246,16.860942307300732,41.097886790174485,16.85993247707892,41.097887056561405,16.859358083149928
flow_0_1689,41.097541272342,16.861158803055236,41.09781030947246,16.860942307300732,41.09752079197923,16.86113857805688,41.097541272342,16.861158803055236
flow_0_1690,41.097541272342,16.861158803055236,41.09781030947246,16.860942307300732,41.09346290764322,16.859512259912492,41.0937563740557,16.85923859402608
flow_0_1691,41.097541272342,16.861158803055236,41.09781030947246,16.860942307300732,41.09575898407665,16.861403291409037,41.09556026737646,16.861799770540163
flow_0_1692,41.097541272342,16.861158803055236,41.09781030947246,16.860942307300732,41.09556026737646,16.861799770540163,41.09428507077666,16.861822930016572
flow_0_1693,41.097541272342,16.861158803055236,41.09781030947246,16.860942307300732,41.09717022441964,16.862141610446756,41.09717150257013,16.862346685598727
flow_0_1694,41.097541272342,16.861158803055236,41.09781030947246,16.860942307300732,41.094497059549575,16.854662484304253,41.09459493177244,16.85467607291383
flow_0_1695,41.097541272342,16.861158803055236,41.09781030947246,16.860942307300732,41.093159424293006,16.861119861413044,41.092910609638544,16.861550868324073
flow_0_1696,41.097541272342,16.861158803055236,41.09781030947246,16.860942307300732,41.094611131446,16.86076995428607,41.09433377805168,16.860614722600705
flow_0_1697,41.097541272342,16.861158803055236,41.09781030947246,16.860942307300732,41.094481033476846,16.855484180652265,41.09590934506375,16.85589778274809
flow_0_1698,41.097541272342,16.861158803055236,41.09781030947246,16.860942307300732,41.09320904205983,16.86036794969964,41.093226008438016,16.859824905081403
flow_0_1699,41.09752079197923,16.86113857805688,41.097541272342,16.861158803055236,41.09628587040379,16.863506396736675,41.09627339570725,16.863759660301465
flow_0_1700,41.09752079197923,16.86113857805688,41.097541272342,16.861158803055236,41.09267829914716,16.854073630954087,41.09207574955028,16.85389154719994
flow_0_1701,41.09752079197923,16.86113857805688,41.097541272342,16.861158803055236,41.09717150257013,16.862346685598727,41.09717022441964,16.862141610446756
flow_0_1702,41.09752079197923,16.86113857805688,41.097541272342,16.861158803055236,41.09782874807601,16.858422322289133,41.09720965467912,16.86010828803053
flow_0_1703,41.09752079197923,16.86113857805688,41.097541272342,16.861158803055236,41.09590934506375,16.85589778274809,41.094481033476846,16.855484180652265
flow_0_1704,41.09752079197923,16.86113857805688,41.097541272342,16.861158803055236,41.09390877175432,16.860555577386883,41.09389978504193,16.86089441913475
flow_0_1705,41.09752079197923,16.86113857805688,41.097541272342,16.861158803055236,41.09289989869124,16.857979997773366,41.09252833667128,16.85806965698529
flow_0_1706,41.09752079197923,16.86113857805688,41.097541272342,16.861158803055236,41.09575898407665,16.861403291409037,41.09578940828096,16.861627521735652
flow_0_1707,41.09752079197923,16.86113857805688,41.097541272342,16.861158803055236,41.09577203818025,16.86132567064774,41.09575898407665,16.861403291409037
flow_0_1708,41.09752079197923,16.86113857805688,41.097541272342,16.861158803055236,41.09326327598272,16.856459442663375,41.09325705252129,16.85653261037847
flow_0_1709,41.09752079197923,16.86113857805688,41.097541272342,16.861158803055236,41.09588692434208,16.86204201283392,41.096023183819085,16.86206015013157
flow_0_1710,41.09752079197923,16.86113857805688,41.097541272342,16.861158803055236,41.096023183819085,16.86206015013157,41.09607053280287,16.862073156374553
flow_0_1711,41.09752079197923,16.86113857805688,41.097541272342,16.861158803055236,41.09607053280287,16.862073156374553,41.09624619327664,16.862345189534487
flow_0_1712,41.09752079197923,16.86113857805688,41.097541272342,16.861158803055236,41.09406666971318,16.861809974981103,41.09374076152227,16.861733142040123
flow_0_1713,41.09752079197923,16.86113857805688,41.097541272342,16.861158803055236,41.09428507077666,16.861822930016572,41.094248634240174,16.861820234016683
flow_0_1714,41.09752079197923,16.86113857805688,41.097541272342,16.861158803055236,41.09422326217536,16.861818445841735,41.09406666971318,16.861809974981103
flow_0_1715,41.09752079197923,16.86113857805688,41.097541272342,16.861158803055236,41.09606913880409,16.857384087393385,41.09607773810893,16.85711333011326
flow_0_1716,41.09752079197923,16.86113857805688,41.097541272342,16.861158803055236,41.093433790346566,16.855687830843742,41.09352569242476,16.85465158647345
flow_0_1717,41.09752079197923,16.86113857805688,41.097541272342,16.861158803055236,41.09257525037648,16.866055037799217,41.08991586912939,16.865878687144406
flow_0_1718,41.09752079197923,16.86113857805688,41.097541272342,16.861158803055236,41.09637979984023,16.861535604961926,41.096390396588056,16.86145398483175
flow_0_1719,41.09752079197923,16.86113857805688,41.097541272342,16.861158803055236,41.096390396588056,16.86145398483175,41.09617566373433,16.86105237527639
flow_0_1720,41.09752079197923,16.86113857805688,41.097541272342,16.861158803055236,41.09333584930795,16.855672929401177,41.09331846638719,16.855846153569416
flow_0_1721,41.09752079197923,16.86113857805688,41.097541272342,16.861158803055236,41.09331846638719,16.855846153569416,41.09330344191395,16.855984796607544
flow_0_1722,41.09752079197923,16.86113857805688,41.097541272342,16.861158803055236,41.09328897220411,16.85615607855325,41.093276282258536,16.856306336332803
flow_0_1723,41.09752079197923,16.86113857805688,41.097541272342,16.861158803055236,41.09309962997091,16.8641768999245,41.09122003932151,16.863954806076606
flow_0_1724,41.09752079197923,16.86113857805688,41.097541272342,16.861158803055236,41.09590934506375,16.85589778274809,41.09589464404242,16.856597607978603
flow_0_1725,41.09752079197923,16.86113857805688,41.097541272342,16.861158803055236,41.095864883749904,16.858939789299576,41.09579879841287,16.860483307032734
flow_0_1726,41.09752079197923,16.86113857805688,41.097541272342,16.861158803055236,41.09410258065408,16.854547680343014,41.0940220774019,16.854495884667088
flow_0_1727,41.09752079197923,16.86113857805688,41.097541272342,16.861158803055236,41.09290701188394,16.85345153155061,41.09274366748828,16.853398004520955
flow_0_1728,41.09752079197923,16.86113857805688,41.097541272342,16.861158803055236,41.09289989869124,16.857979997773366,41.0924620240455,16.857540225068156
flow_0_1729,41.09752079197923,16.86113857805688,41.097541272342,16.861158803055236,41.09762167433529,16.86078183182401,41.0975908593457,16.860854905020272
flow_0_1730,41.09752079197923,16.86113857805688,41.097541272342,16.861158803055236,41.09783406893447,16.85935956518292,41.09781757948696,16.860074005211207
flow_0_1731,41.09752079197923,16.86113857805688,41.097541272342,16.861158803055236,41.09781757948696,16.860074005211207,41.09773009884011,16.860532461562137
flow_0_1732,41.09752079197923,16.86113857805688,41.097541272342,16.861158803055236,41.09788351207976,16.86008527251128,41.097886790174485,16.85993247707892
flow_0_1733,41.09752079197923,16.86113857805688,41.097541272342,16.861158803055236,41.097886790174485,16.85993247707892,41.097887056561405,16.859358083149928
flow_0_1734,41.09752079197923,16.86113857805688,41.097541272342,16.861158803055236,41.09346290764322,16.859512259912492,41.0937563740557,16.85923859402608
flow_0_1735,41.09752079197923,16.86113857805688,41.097541272342,16.861158803055236,41.09575898407665,16.861403291409037,41.09556026737646,16.861799770540163
flow_0_1736,41.09752079197923,16.86113857805688,41.097541272342,16.861158803055236,41.09556026737646,16.861799770540163,41.09428507077666,16.861822930016572
flow_0_1737,41.09752079197923,16.86113857805688,41.097541272342,16.861158803055236,41.09717022441964,16.862141610446756,41.09717150257013,16.862346685598727
flow_0_1738,41.09752079197923,16.86113857805688,41.097541272342,16.861158803055236,41.094497059549575,16.854662484304253,41.09459493177244,16.85467607291383
flow_0_1739,41.09752079197923,16.86113857805688,41.097541272342,16.861158803055236,41.093159424293006,16.861119861413044,41.092910609638544,16.861550868324073
flow_0_1740,41.09752079197923,16.86113857805688,41.097541272342,16.861158803055236,41.094611131446,16.86076995428607,41.09433377805168,16.860614722600705
flow_0_1741,41.09752079197923,16.86113857805688,41.097541272342,16.861158803055236,41.094481033476846,16.855484180652265,41.09590934506375,16.85589778274809
flow_0_1742,41.09752079197923,16.86113857805688,41.097541272342,16.861158803055236,41.09320904205983,16.86036794969964,41.093226008438016,16.859824905081403
flow_0_1743,41.093713925614296,16.861877642290583,41.09448834780094,16.86192451895768,41.09628587040379,16.863506396736675,41.09627339570725,16.863759660301465
flow_0_1744,41.093713925614296,16.861877642290583,41.09448834780094,16.86192451895768,41.09267829914716,16.854073630954087,41.09207574955028,16.85389154719994
flow_0_1745,41.093713925614296,16.861877642290583,41.09448834780094,16.86192451895768,41.09717150257013,16.862346685598727,41.09717022441964,16.862141610446756
flow_0_1746,41.093713925614296,16.861877642290583,41.09448834780094,16.86192451895768,41.09782874807601,16.858422322289133,41.09720965467912,16.86010828803053
flow_0_1747,41.093713925614296,16.861877642290583,41.09448834780094,16.86192451895768,41.09590934506375,16.85589778274809,41.094481033476846,16.855484180652265
flow_0_1748,41.093713925614296,16.861877642290583,41.09448834780094,16.86192451895768,41.09390877175432,16.860555577386883,41.09389978504193,16.86089441913475
flow_0_1749,41.093713925614296,16.861877642290583,41.09448834780094,16.86192451895768,41.09289989869124,16.857979997773366,41.09252833667128,16.85806965698529
flow_0_1750,41.093713925614296,16.861877642290583,41.09448834780094,16.86192451895768,41.09575898407665,16.861403291409037,41.09578940828096,16.861627521735652
flow_0_1751,41.093713925614296,16.861877642290583,41.09448834780094,16.86192451895768,41.09577203818025,16.86132567064774,41.09575898407665,16.861403291409037
flow_0_1752,41.093713925614296,16.861877642290583,41.09448834780094,16.86192451895768,41.09326327598272,16.856459442663375,41.09325705252129,16.85653261037847
flow_0_1753,41.093713925614296,16.861877642290583,41.09448834780094,16.86192451895768,41.09588692434208,16.86204201283392,41.096023183819085,16.86206015013157
flow_0_1754,41.093713925614296,16.861877642290583,41.09448834780094,16.86192451895768,41.096023183819085,16.86206015013157,41.09607053280287,16.862073156374553
flow_0_1755,41.093713925614296,16.861877642290583,41.09448834780094,16.86192451895768,41.09607053280287,16.862073156374553,41.09624619327664,16.862345189534487
flow_0_1756,41.093713925614296,16.861877642290583,41.09448834780094,16.86192451895768,41.09406666971318,16.861809974981103,41.09374076152227,16.861733142040123
flow_0_1757,41.093713925614296,16.861877642290583,41.09448834780094,16.86192451895768,41.09428507077666,16.861822930016572,41.094248634240174,16.861820234016683
flow_0_1758,41.093713925614296,16.861877642290583,41.09448834780094,16.86192451895768,41.09422326217536,16.861818445841735,41.09406666971318,16.861809974981103
flow_0_1759,41.093713925614296,16.861877642290583,41.09448834780094,16.86192451895768,41.09606913880409,16.857384087393385,41.09607773810893,16.85711333011326
flow_0_1760,41.093713925614296,16.861877642290583,41.09448834780094,16.86192451895768,41.093433790346566,16.855687830843742,41.09352569242476,16.85465158647345
flow_0_1761,41.093713925614296,16.861877642290583,41.09448834780094,16.86192451895768,41.09257525037648,16.866055037799217,41.08991586912939,16.865878687144406
flow_0_1762,41.093713925614296,16.861877642290583,41.09448834780094,16.86192451895768,41.09637979984023,16.861535604961926,41.096390396588056,16.86145398483175
flow_0_1763,41.093713925614296,16.861877642290583,41.09448834780094,16.86192451895768,41.096390396588056,16.86145398483175,41.09617566373433,16.86105237527639
flow_0_1764,41.093713925614296,16.861877642290583,41.09448834780094,16.86192451895768,41.09333584930795,16.855672929401177,41.09331846638719,16.855846153569416
flow_0_1765,41.093713925614296,16.861877642290583,41.09448834780094,16.86192451895768,41.09331846638719,16.855846153569416,41.09330344191395,16.855984796607544
flow_0_1766,41.093713925614296,16.861877642290583,41.09448834780094,16.86192451895768,41.09328897220411,16.85615607855325,41.093276282258536,16.856306336332803
flow_0_1767,41.093713925614296,16.861877642290583,41.09448834780094,16.86192451895768,41.09309962997091,16.8641768999245,41.09122003932151,16.863954806076606
flow_0_1768,41.093713925614296,16.861877642290583,41.09448834780094,16.86192451895768,41.09590934506375,16.85589778274809,41.09589464404242,16.856597607978603
flow_0_1769,41.093713925614296,16.861877642290583,41.09448834780094,16.86192451895768,41.095864883749904,16.858939789299576,41.09579879841287,16.860483307032734
flow_0_1770,41.093713925614296,16.861877642290583,41.09448834780094,16.86192451895768,41.09410258065408,16.854547680343014,41.0940220774019,16.854495884667088
flow_0_1771,41.093713925614296,16.861877642290583,41.09448834780094,16.86192451895768,41.09290701188394,16.85345153155061,41.09274366748828,16.853398004520955
flow_0_1772,41.093713925614296,16.861877642290583,41.09448834780094,16.86192451895768,41.09289989869124,16.857979997773366,41.0924620240455,16.857540225068156
flow_0_1773,41.093713925614296,16.861877642290583,41.09448834780094,16.86192451895768,41.09762167433529,16.86078183182401,41.0975908593457,16.860854905020272
flow_0_1774,41.093713925614296,16.861877642290583,41.09448834780094,16.86192451895768,41.09783406893447,16.85935956518292,41.09781757948696,16.860074005211207
flow_0_1775,41.093713925614296,16.861877642290583,41.09448834780094,16.86192451895768,41.09781757948696,16.860074005211207,41.09773009884011,16.860532461562137
flow_0_1776,41.093713925614296,16.861877642290583,41.09448834780094,16.86192451895768,41.09788351207976,16.86008527251128,41.097886790174485,16.85993247707892
flow_0_1777,41.093713925614296,16.861877642290583,41.09448834780094,16.86192451895768,41.097886790174485,16.85993247707892,41.097887056561405,16.859358083149928
flow_0_1778,41.093713925614296,16.861877642290583,41.09448834780094,16.86192451895768,41.09752079197923,16.86113857805688,41.097541272342,16.861158803055236
flow_0_1779,41.093713925614296,16.861877642290583,41.09448834780094,16.86192451895768,41.09346290764322,16.859512259912492,41.0937563740557,16.85923859402608
flow_0_1780,41.093713925614296,16.861877642290583,41.09448834780094,16.86192451895768,41.09575898407665,16.861403291409037,41.09556026737646,16.861799770540163
flow_0_1781,41.093713925614296,16.861877642290583,41.09448834780094,16.86192451895768,41.09556026737646,16.861799770540163,41.09428507077666,16.861822930016572
flow_0_1782,41.093713925614296,16.861877642290583,41.09448834780094,16.86192451895768,41.09717022441964,16.862141610446756,41.09717150257013,16.862346685598727
flow_0_1783,41.093713925614296,16.861877642290583,41.09448834780094,16.86192451895768,41.094497059549575,16.854662484304253,41.09459493177244,16.85467607291383
flow_0_1784,41.093713925614296,16.861877642290583,41.09448834780094,16.86192451895768,41.093159424293006,16.861119861413044,41.092910609638544,16.861550868324073
flow_0_1785,41.093713925614296,16.861877642290583,41.09448834780094,16.86192451895768,41.094611131446,16.86076995428607,41.09433377805168,16.860614722600705
flow_0_1786,41.093713925614296,16.861877642290583,41.09448834780094,16.86192451895768,41.094481033476846,16.855484180652265,41.09590934506375,16.85589778274809
flow_0_1787,41.093713925614296,16.861877642290583,41.09448834780094,16.86192451895768,41.09320904205983,16.86036794969964,41.093226008438016,16.859824905081403
flow_0_1788,41.09717022441964,16.862141610446756,41.09717150257013,16.862346685598727,41.09628587040379,16.863506396736675,41.09627339570725,16.863759660301465
flow_0_1789,41.09717022441964,16.862141610446756,41.09717150257013,16.862346685598727,41.09267829914716,16.854073630954087,41.09207574955028,16.85389154719994
flow_0_1790,41.09717022441964,16.862141610446756,41.09717150257013,16.862346685598727,41.09717150257013,16.862346685598727,41.09717022441964,16.862141610446756
flow_0_1791,41.09717022441964,16.862141610446756,41.09717150257013,16.862346685598727,41.09782874807601,16.858422322289133,41.09720965467912,16.86010828803053
flow_0_1792,41.09717022441964,16.862141610446756,41.09717150257013,16.862346685598727,41.09590934506375,16.85589778274809,41.094481033476846,16.855484180652265
flow_0_1793,41.09717022441964,16.862141610446756,41.09717150257013,16.862346685598727,41.09390877175432,16.860555577386883,41.09389978504193,16.86089441913475
flow_0_1794,41.09717022441964,16.862141610446756,41.09717150257013,16.862346685598727,41.09289989869124,16.857979997773366,41.09252833667128,16.85806965698529
flow_0_1795,41.09717022441964,16.862141610446756,41.09717150257013,16.862346685598727,41.09575898407665,16.861403291409037,41.09578940828096,16.861627521735652
flow_0_1796,41.09717022441964,16.862141610446756,41.09717150257013,16.862346685598727,41.09577203818025,16.86132567064774,41.09575898407665,16.861403291409037
flow_0_1797,41.09717022441964,16.862141610446756,41.09717150257013,16.862346685598727,41.09326327598272,16.856459442663375,41.09325705252129,16.85653261037847
flow_0_1798,41.09717022441964,16.862141610446756,41.09717150257013,16.862346685598727,41.09588692434208,16.86204201283392,41.096023183819085,16.86206015013157
flow_0_1799,41.09717022441964,16.862141610446756,41.09717150257013,16.862346685598727,41.096023183819085,16.86206015013157,41.09607053280287,16.862073156374553
flow_0_1800,41.09717022441964,16.862141610446756,41.09717150257013,16.862346685598727,41.09607053280287,16.862073156374553,41.09624619327664,16.862345189534487
flow_0_1801,41.09717022441964,16.862141610446756,41.09717150257013,16.862346685598727,41.09406666971318,16.861809974981103,41.09374076152227,16.861733142040123
flow_0_1802,41.09717022441964,16.862141610446756,41.09717150257013,16.862346685598727,41.09428507077666,16.861822930016572,41.094248634240174,16.861820234016683
flow_0_1803,41.09717022441964,16.862141610446756,41.09717150257013,16.862346685598727,41.09422326217536,16.861818445841735,41.09406666971318,16.861809974981103
flow_0_1804,41.09717022441964,16.862141610446756,41.09717150257013,16.862346685598727,41.09606913880409,16.857384087393385,41.09607773810893,16.85711333011326
flow_0_1805,41.09717022441964,16.862141610446756,41.09717150257013,16.862346685598727,41.093433790346566,16.855687830843742,41.09352569242476,16.85465158647345
flow_0_1806,41.09717022441964,16.862141610446756,41.09717150257013,16.862346685598727,41.09257525037648,16.866055037799217,41.08991586912939,16.865878687144406
flow_0_1807,41.09717022441964,16.862141610446756,41.09717150257013,16.862346685598727,41.09637979984023,16.861535604961926,41.096390396588056,16.86145398483175
flow_0_1808,41.09717022441964,16.862141610446756,41.09717150257013,16.862346685598727,41.096390396588056,16.86145398483175,41.09617566373433,16.86105237527639
flow_0_1809,41.09717022441964,16.862141610446756,41.09717150257013,16.862346685598727,41.09333584930795,16.855672929401177,41.09331846638719,16.855846153569416
flow_0_1810,41.09717022441964,16.862141610446756,41.09717150257013,16.862346685598727,41.09331846638719,16.855846153569416,41.09330344191395,16.855984796607544
flow_0_1811,41.09717022441964,16.862141610446756,41.09717150257013,16.862346685598727,41.09328897220411,16.85615607855325,41.093276282258536,16.856306336332803
flow_0_1812,41.09717022441964,16.862141610446756,41.09717150257013,16.862346685598727,41.09309962997091,16.8641768999245,41.09122003932151,16.863954806076606
flow_0_1813,41.09717022441964,16.862141610446756,41.09717150257013,16.862346685598727,41.09590934506375,16.85589778274809,41.09589464404242,16.856597607978603
flow_0_1814,41.09717022441964,16.862141610446756,41.09717150257013,16.862346685598727,41.095864883749904,16.858939789299576,41.09579879841287,16.860483307032734
flow_0_1815,41.09717022441964,16.862141610446756,41.09717150257013,16.862346685598727,41.09410258065408,16.854547680343014,41.0940220774019,16.854495884667088
flow_0_1816,41.09717022441964,16.862141610446756,41.09717150257013,16.862346685598727,41.09290701188394,16.85345153155061,41.09274366748828,16.853398004520955
flow_0_1817,41.09717022441964,16.862141610446756,41.09717150257013,16.862346685598727,41.09289989869124,16.857979997773366,41.0924620240455,16.857540225068156
flow_0_1818,41.09717022441964,16.862141610446756,41.09717150257013,16.862346685598727,41.09762167433529,16.86078183182401,41.0975908593457,16.860854905020272
flow_0_1819,41.09717022441964,16.862141610446756,41.09717150257013,16.862346685598727,41.09783406893447,16.85935956518292,41.09781757948696,16.860074005211207
flow_0_1820,41.09717022441964,16.862141610446756,41.09717150257013,16.862346685598727,41.09781757948696,16.860074005211207,41.09773009884011,16.860532461562137
flow_0_1821,41.09717022441964,16.862141610446756,41.09717150257013,16.862346685598727,41.09788351207976,16.86008527251128,41.097886790174485,16.85993247707892
flow_0_1822,41.09717022441964,16.862141610446756,41.09717150257013,16.862346685598727,41.097886790174485,16.85993247707892,41.097887056561405,16.859358083149928
flow_0_1823,41.09717022441964,16.862141610446756,41.09717150257013,16.862346685598727,41.09752079197923,16.86113857805688,41.097541272342,16.861158803055236
flow_0_1824,41.09717022441964,16.862141610446756,41.09717150257013,16.862346685598727,41.09346290764322,16.859512259912492,41.0937563740557,16.85923859402608
flow_0_1825,41.09717022441964,16.862141610446756,41.09717150257013,16.862346685598727,41.09575898407665,16.861403291409037,41.09556026737646,16.861799770540163
flow_0_1826,41.09717022441964,16.862141610446756,41.09717150257013,16.862346685598727,41.09556026737646,16.861799770540163,41.09428507077666,16.861822930016572
flow_0_1827,41.09717022441964,16.862141610446756,41.09717150257013,16.862346685598727,41.094497059549575,16.854662484304253,41.09459493177244,16.85467607291383
flow_0_1828,41.09717022441964,16.862141610446756,41.09717150257013,16.862346685598727,41.093159424293006,16.861119861413044,41.092910609638544,16.861550868324073
flow_0_1829,41.09717022441964,16.862141610446756,41.09717150257013,16.862346685598727,41.094611131446,16.86076995428607,41.09433377805168,16.860614722600705
flow_0_1830,41.09717022441964,16.862141610446756,41.09717150257013,16.862346685598727,41.094481033476846,16.855484180652265,41.09590934506375,16.85589778274809
flow_0_1831,41.09717022441964,16.862141610446756,41.09717150257013,16.862346685598727,41.09320904205983,16.86036794969964,41.093226008438016,16.859824905081403
flow_0_1832,41.095015812491134,16.85898073620376,41.09510782615108,16.858949873370666,41.09628587040379,16.863506396736675,41.09627339570725,16.863759660301465
flow_0_1833,41.095015812491134,16.85898073620376,41.09510782615108,16.858949873370666,41.09267829914716,16.854073630954087,41.09207574955028,16.85389154719994
flow_0_1834,41.095015812491134,16.85898073620376,41.09510782615108,16.858949873370666,41.09717150257013,16.862346685598727,41.09717022441964,16.862141610446756
flow_0_1835,41.095015812491134,16.85898073620376,41.09510782615108,16.858949873370666,41.09782874807601,16.858422322289133,41.09720965467912,16.86010828803053
flow_0_1836,41.095015812491134,16.85898073620376,41.09510782615108,16.858949873370666,41.09590934506375,16.85589778274809,41.094481033476846,16.855484180652265
flow_0_1837,41.095015812491134,16.85898073620376,41.09510782615108,16.858949873370666,41.09390877175432,16.860555577386883,41.09389978504193,16.86089441913475
flow_0_1838,41.095015812491134,16.85898073620376,41.09510782615108,16.858949873370666,41.09289989869124,16.857979997773366,41.09252833667128,16.85806965698529
flow_0_1839,41.095015812491134,16.85898073620376,41.09510782615108,16.858949873370666,41.09575898407665,16.861403291409037,41.09578940828096,16.861627521735652
flow_0_1840,41.095015812491134,16.85898073620376,41.09510782615108,16.858949873370666,41.09577203818025,16.86132567064774,41.09575898407665,16.861403291409037
flow_0_1841,41.095015812491134,16.85898073620376,41.09510782615108,16.858949873370666,41.09326327598272,16.856459442663375,41.09325705252129,16.85653261037847
flow_0_1842,41.095015812491134,16.85898073620376,41.09510782615108,16.858949873370666,41.09588692434208,16.86204201283392,41.096023183819085,16.86206015013157
flow_0_1843,41.095015812491134,16.85898073620376,41.09510782615108,16.858949873370666,41.096023183819085,16.86206015013157,41.09607053280287,16.862073156374553
flow_0_1844,41.095015812491134,16.85898073620376,41.09510782615108,16.858949873370666,41.09607053280287,16.862073156374553,41.09624619327664,16.862345189534487
flow_0_1845,41.095015812491134,16.85898073620376,41.09510782615108,16.858949873370666,41.09406666971318,16.861809974981103,41.09374076152227,16.861733142040123
flow_0_1846,41.095015812491134,16.85898073620376,41.09510782615108,16.858949873370666,41.09428507077666,16.861822930016572,41.094248634240174,16.861820234016683
flow_0_1847,41.095015812491134,16.85898073620376,41.09510782615108,16.858949873370666,41.09422326217536,16.861818445841735,41.09406666971318,16.861809974981103
flow_0_1848,41.095015812491134,16.85898073620376,41.09510782615108,16.858949873370666,41.09606913880409,16.857384087393385,41.09607773810893,16.85711333011326
flow_0_1849,41.095015812491134,16.85898073620376,41.09510782615108,16.858949873370666,41.093433790346566,16.855687830843742,41.09352569242476,16.85465158647345
flow_0_1850,41.095015812491134,16.85898073620376,41.09510782615108,16.858949873370666,41.09257525037648,16.866055037799217,41.08991586912939,16.865878687144406
flow_0_1851,41.095015812491134,16.85898073620376,41.09510782615108,16.858949873370666,41.09637979984023,16.861535604961926,41.096390396588056,16.86145398483175
flow_0_1852,41.095015812491134,16.85898073620376,41.09510782615108,16.858949873370666,41.096390396588056,16.86145398483175,41.09617566373433,16.86105237527639
flow_0_1853,41.095015812491134,16.85898073620376,41.09510782615108,16.858949873370666,41.09333584930795,16.855672929401177,41.09331846638719,16.855846153569416
flow_0_1854,41.095015812491134,16.85898073620376,41.09510782615108,16.858949873370666,41.09331846638719,16.855846153569416,41.09330344191395,16.855984796607544
flow_0_1855,41.095015812491134,16.85898073620376,41.09510782615108,16.858949873370666,41.09328897220411,16.85615607855325,41.093276282258536,16.856306336332803
flow_0_1856,41.095015812491134,16.85898073620376,41.09510782615108,16.858949873370666,41.09309962997091,16.8641768999245,41.09122003932151,16.863954806076606
flow_0_1857,41.095015812491134,16.85898073620376,41.09510782615108,16.858949873370666,41.09590934506375,16.85589778274809,41.09589464404242,16.856597607978603
flow_0_1858,41.095015812491134,16.85898073620376,41.09510782615108,16.858949873370666,41.095864883749904,16.858939789299576,41.09579879841287,16.860483307032734
flow_0_1859,41.095015812491134,16.85898073620376,41.09510782615108,16.858949873370666,41.09410258065408,16.854547680343014,41.0940220774019,16.854495884667088
flow_0_1860,41.095015812491134,16.85898073620376,41.09510782615108,16.858949873370666,41.09290701188394,16.85345153155061,41.09274366748828,16.853398004520955
flow_0_1861,41.095015812491134,16.85898073620376,41.09510782615108,16.858949873370666,41.09289989869124,16.857979997773366,41.0924620240455,16.857540225068156
flow_0_1862,41.095015812491134,16.85898073620376,41.09510782615108,16.858949873370666,41.09762167433529,16.86078183182401,41.0975908593457,16.860854905020272
flow_0_1863,41.095015812491134,16.85898073620376,41.09510782615108,16.858949873370666,41.09783406893447,16.85935956518292,41.09781757948696,16.860074005211207
flow_0_1864,41.095015812491134,16.85898073620376,41.09510782615108,16.858949873370666,41.09781757948696,16.860074005211207,41.09773009884011,16.860532461562137
flow_0_1865,41.095015812491134,16.85898073620376,41.09510782615108,16.858949873370666,41.09788351207976,16.86008527251128,41.097886790174485,16.85993247707892
flow_0_1866,41.095015812491134,16.85898073620376,41.09510782615108,16.858949873370666,41.097886790174485,16.85993247707892,41.097887056561405,16.859358083149928
flow_0_1867,41.095015812491134,16.85898073620376,41.09510782615108,16.858949873370666,41.09752079197923,16.86113857805688,41.097541272342,16.861158803055236
flow_0_1868,41.095015812491134,16.85898073620376,41.09510782615108,16.858949873370666,41.09346290764322,16.859512259912492,41.0937563740557,16.85923859402608
flow_0_1869,41.095015812491134,16.85898073620376,41.09510782615108,16.858949873370666,41.09575898407665,16.861403291409037,41.09556026737646,16.861799770540163
flow_0_1870,41.095015812491134,16.85898073620376,41.09510782615108,16.858949873370666,41.09556026737646,16.861799770540163,41.09428507077666,16.861822930016572
flow_0_1871,41.095015812491134,16.85898073620376,41.09510782615108,16.858949873370666,41.09717022441964,16.862141610446756,41.09717150257013,16.862346685598727
flow_0_1872,41.095015812491134,16.85898073620376,41.09510782615108,16.858949873370666,41.094497059549575,16.854662484304253,41.09459493177244,16.85467607291383
flow_0_1873,41.095015812491134,16.85898073620376,41.09510782615108,16.858949873370666,41.093159424293006,16.861119861413044,41.092910609638544,16.861550868324073
flow_0_1874,41.095015812491134,16.85898073620376,41.09510782615108,16.858949873370666,41.094611131446,16.86076995428607,41.09433377805168,16.860614722600705
flow_0_1875,41.095015812491134,16.85898073620376,41.09510782615108,16.858949873370666,41.094481033476846,16.855484180652265,41.09590934506375,16.85589778274809
flow_0_1876,41.095015812491134,16.85898073620376,41.09510782615108,16.858949873370666,41.09320904205983,16.86036794969964,41.093226008438016,16.859824905081403
flow_0_1877,41.094497059549575,16.854662484304253,41.09459493177244,16.85467607291383,41.09628587040379,16.863506396736675,41.09627339570725,16.863759660301465
flow_0_1878,41.094497059549575,16.854662484304253,41.09459493177244,16.85467607291383,41.09267829914716,16.854073630954087,41.09207574955028,16.85389154719994
flow_0_1879,41.094497059549575,16.854662484304253,41.09459493177244,16.85467607291383,41.09717150257013,16.862346685598727,41.09717022441964,16.862141610446756
flow_0_1880,41.094497059549575,16.854662484304253,41.09459493177244,16.85467607291383,41.09782874807601,16.858422322289133,41.09720965467912,16.86010828803053
flow_0_1881,41.094497059549575,16.854662484304253,41.09459493177244,16.85467607291383,41.09590934506375,16.85589778274809,41.094481033476846,16.855484180652265
flow_0_1882,41.094497059549575,16.854662484304253,41.09459493177244,16.85467607291383,41.09390877175432,16.860555577386883,41.09389978504193,16.86089441913475
flow_0_1883,41.094497059549575,16.854662484304253,41.09459493177244,16.85467607291383,41.09289989869124,16.857979997773366,41.09252833667128,16.85806965698529
flow_0_1884,41.094497059549575,16.854662484304253,41.09459493177244,16.85467607291383,41.09575898407665,16.861403291409037,41.09578940828096,16.861627521735652
flow_0_1885,41.094497059549575,16.854662484304253,41.09459493177244,16.85467607291383,41.09577203818025,16.86132567064774,41.09575898407665,16.861403291409037
flow_0_1886,41.094497059549575,16.854662484304253,41.09459493177244,16.85467607291383,41.09326327598272,16.856459442663375,41.09325705252129,16.85653261037847
flow_0_1887,41.094497059549575,16.854662484304253,41.09459493177244,16.85467607291383,41.09588692434208,16.86204201283392,41.096023183819085,16.86206015013157
flow_0_1888,41.094497059549575,16.854662484304253,41.09459493177244,16.85467607291383,41.096023183819085,16.86206015013157,41.09607053280287,16.862073156374553
flow_0_1889,41.094497059549575,16.854662484304253,41.09459493177244,16.85467607291383,41.09607053280287,16.862073156374553,41.09624619327664,16.862345189534487
flow_0_1890,41.094497059549575,16.854662484304253,41.09459493177244,16.85467607291383,41.09406666971318,16.861809974981103,41.09374076152227,16.861733142040123
flow_0_1891,41.094497059549575,16.854662484304253,41.09459493177244,16.85467607291383,41.09428507077666,16.861822930016572,41.094248634240174,16.861820234016683
flow_0_1892,41.094497059549575,16.854662484304253,41.09459493177244,16.85467607291383,41.09422326217536,16.861818445841735,41.09406666971318,16.861809974981103
flow_0_1893,41.094497059549575,16.854662484304253,41.09459493177244,16.85467607291383,41.09606913880409,16.857384087393385,41.09607773810893,16.85711333011326
flow_0_1894,41.094497059549575,16.854662484304253,41.09459493177244,16.85467607291383,41.093433790346566,16.855687830843742,41.09352569242476,16.85465158647345
flow_0_1895,41.094497059549575,16.854662484304253,41.09459493177244,16.85467607291383,41.09257525037648,16.866055037799217,41.08991586912939,16.865878687144406
flow_0_1896,41.094497059549575,16.854662484304253,41.09459493177244,16.85467607291383,41.09637979984023,16.861535604961926,41.096390396588056,16.86145398483175
flow_0_1897,41.094497059549575,16.854662484304253,41.09459493177244,16.85467607291383,41.096390396588056,16.86145398483175,41.09617566373433,16.86105237527639
flow_0_1898,41.094497059549575,16.854662484304253,41.09459493177244,16.85467607291383,41.09333584930795,16.855672929401177,41.09331846638719,16.855846153569416
flow_0_1899,41.094497059549575,16.854662484304253,41.09459493177244,16.85467607291383,41.09331846638719,16.855846153569416,41.09330344191395,16.855984796607544
flow_0_1900,41.094497059549575,16.854662484304253,41.09459493177244,16.85467607291383,41.09328897220411,16.85615607855325,41.093276282258536,16.856306336332803
flow_0_1901,41.094497059549575,16.854662484304253,41.09459493177244,16.85467607291383,41.09309962997091,16.8641768999245,41.09122003932151,16.863954806076606
flow_0_1902,41.094497059549575,16.854662484304253,41.09459493177244,16.85467607291383,41.09590934506375,16.85589778274809,41.09589464404242,16.856597607978603
flow_0_1903,41.094497059549575,16.854662484304253,41.09459493177244,16.85467607291383,41.095864883749904,16.858939789299576,41.09579879841287,16.860483307032734
flow_0_1904,41.094497059549575,16.854662484304253,41.09459493177244,16.85467607291383,41.09410258065408,16.854547680343014,41.0940220774019,16.854495884667088
flow_0_1905,41.094497059549575,16.854662484304253,41.09459493177244,16.85467607291383,41.09290701188394,16.85345153155061,41.09274366748828,16.853398004520955
flow_0_1906,41.094497059549575,16.854662484304253,41.09459493177244,16.85467607291383,41.09289989869124,16.857979997773366,41.0924620240455,16.857540225068156
flow_0_1907,41.094497059549575,16.854662484304253,41.09459493177244,16.85467607291383,41.09762167433529,16.86078183182401,41.0975908593457,16.860854905020272
flow_0_1908,41.094497059549575,16.854662484304253,41.09459493177244,16.85467607291383,41.09783406893447,16.85935956518292,41.09781757948696,16.860074005211207
flow_0_1909,41.094497059549575,16.854662484304253,41.09459493177244,16.85467607291383,41.09781757948696,16.860074005211207,41.09773009884011,16.860532461562137
flow_0_1910,41.094497059549575,16.854662484304253,41.09459493177244,16.85467607291383,41.09788351207976,16.86008527251128,41.097886790174485,16.85993247707892
flow_0_1911,41.094497059549575,16.854662484304253,41.09459493177244,16.85467607291383,41.097886790174485,16.85993247707892,41.097887056561405,16.859358083149928
flow_0_1912,41.094497059549575,16.854662484304253,41.09459493177244,16.85467607291383,41.09752079197923,16.86113857805688,41.097541272342,16.861158803055236
flow_0_1913,41.094497059549575,16.854662484304253,41.09459493177244,16.85467607291383,41.09346290764322,16.859512259912492,41.0937563740557,16.85923859402608
flow_0_1914,41.094497059549575,16.854662484304253,41.09459493177244,16.85467607291383,41.09575898407665,16.861403291409037,41.09556026737646,16.861799770540163
flow_0_1915,41.094497059549575,16.854662484304253,41.09459493177244,16.85467607291383,41.09556026737646,16.861799770540163,41.09428507077666,16.861822930016572
flow_0_1916,41.094497059549575,16.854662484304253,41.09459493177244,16.85467607291383,41.09717022441964,16.862141610446756,41.09717150257013,16.862346685598727
flow_0_1917,41.094497059549575,16.854662484304253,41.09459493177244,16.85467607291383,41.093159424293006,16.861119861413044,41.092910609638544,16.861550868324073
flow_0_1918,41.094497059549575,16.854662484304253,41.09459493177244,16.85467607291383,41.094611131446,16.86076995428607,41.09433377805168,16.860614722600705
flow_0_1919,41.094497059549575,16.854662484304253,41.09459493177244,16.85467607291383,41.094481033476846,16.855484180652265,41.09590934506375,16.85589778274809
flow_0_1920,41.094497059549575,16.854662484304253,41.09459493177244,16.85467607291383,41.09320904205983,16.86036794969964,41.093226008438016,16.859824905081403
flow_0_1921,41.09459493177244,16.85467607291383,41.09473989153562,16.854696582502296,41.09628587040379,16.863506396736675,41.09627339570725,16.863759660301465
flow_0_1922,41.09459493177244,16.85467607291383,41.09473989153562,16.854696582502296,41.09267829914716,16.854073630954087,41.09207574955028,16.85389154719994
flow_0_1923,41.09459493177244,16.85467607291383,41.09473989153562,16.854696582502296,41.09717150257013,16.862346685598727,41.09717022441964,16.862141610446756
flow_0_1924,41.09459493177244,16.85467607291383,41.09473989153562,16.854696582502296,41.09782874807601,16.858422322289133,41.09720965467912,16.86010828803053
flow_0_1925,41.09459493177244,16.85467607291383,41.09473989153562,16.854696582502296,41.09590934506375,16.85589778274809,41.094481033476846,16.855484180652265
flow_0_1926,41.09459493177244,16.85467607291383,41.09473989153562,16.854696582502296,41.09390877175432,16.860555577386883,41.09389978504193,16.86089441913475
flow_0_1927,41.09459493177244,16.85467607291383,41.09473989153562,16.854696582502296,41.09289989869124,16.857979997773366,41.09252833667128,16.85806965698529
flow_0_1928,41.09459493177244,16.85467607291383,41.09473989153562,16.854696582502296,41.09575898407665,16.861403291409037,41.09578940828096,16.861627521735652
flow_0_1929,41.09459493177244,16.85467607291383,41.09473989153562,16.854696582502296,41.09577203818025,16.86132567064774,41.09575898407665,16.861403291409037
flow_0_1930,41.09459493177244,16.85467607291383,41.09473989153562,16.854696582502296,41.09326327598272,16.856459442663375,41.09325705252129,16.85653261037847
flow_0_1931,41.09459493177244,16.85467607291383,41.09473989153562,16.854696582502296,41.09588692434208,16.86204201283392,41.096023183819085,16.86206015013157
flow_0_1932,41.09459493177244,16.85467607291383,41.09473989153562,16.854696582502296,41.096023183819085,16.86206015013157,41.09607053280287,16.862073156374553
flow_0_1933,41.09459493177244,16.85467607291383,41.09473989153562,16.854696582502296,41.09607053280287,16.862073156374553,41.09624619327664,16.862345189534487
flow_0_1934,41.09459493177244,16.85467607291383,41.09473989153562,16.854696582502296,41.09406666971318,16.861809974981103,41.09374076152227,16.861733142040123
flow_0_1935,41.09459493177244,16.85467607291383,41.09473989153562,16.854696582502296,41.09428507077666,16.861822930016572,41.094248634240174,16.861820234016683
flow_0_1936,41.09459493177244,16.85467607291383,41.09473989153562,16.854696582502296,41.09422326217536,16.861818445841735,41.09406666971318,16.861809974981103
flow_0_1937,41.09459493177244,16.85467607291383,41.09473989153562,16.854696582502296,41.09606913880409,16.857384087393385,41.09607773810893,16.85711333011326
flow_0_1938,41.09459493177244,16.85467607291383,41.09473989153562,16.854696582502296,41.093433790346566,16.855687830843742,41.09352569242476,16.85465158647345
flow_0_1939,41.09459493177244,16.85467607291383,41.09473989153562,16.854696582502296,41.09257525037648,16.866055037799217,41.08991586912939,16.865878687144406
flow_0_1940,41.09459493177244,16.85467607291383,41.09473989153562,16.854696582502296,41.09637979984023,16.861535604961926,41.096390396588056,16.86145398483175
flow_0_1941,41.09459493177244,16.85467607291383,41.09473989153562,16.854696582502296,41.096390396588056,16.86145398483175,41.09617566373433,16.86105237527639
flow_0_1942,41.09459493177244,16.85467607291383,41.09473989153562,16.854696582502296,41.09333584930795,16.855672929401177,41.09331846638719,16.855846153569416
flow_0_1943,41.09459493177244,16.85467607291383,41.09473989153562,16.854696582502296,41.09331846638719,16.855846153569416,41.09330344191395,16.855984796607544
flow_0_1944,41.09459493177244,16.85467607291383,41.09473989153562,16.854696582502296,41.09328897220411,16.85615607855325,41.093276282258536,16.856306336332803
flow_0_1945,41.09459493177244,16.85467607291383,41.09473989153562,16.854696582502296,41.09309962997091,16.8641768999245,41.09122003932151,16.863954806076606
flow_0_1946,41.09459493177244,16.85467607291383,41.09473989153562,16.854696582502296,41.09590934506375,16.85589778274809,41.09589464404242,16.856597607978603
flow_0_1947,41.09459493177244,16.85467607291383,41.09473989153562,16.854696582502296,41.095864883749904,16.858939789299576,41.09579879841287,16.860483307032734
flow_0_1948,41.09459493177244,16.85467607291383,41.09473989153562,16.854696582502296,41.09410258065408,16.854547680343014,41.0940220774019,16.854495884667088
flow_0_1949,41.09459493177244,16.85467607291383,41.09473989153562,16.854696582502296,41.09290701188394,16.85345153155061,41.09274366748828,16.853398004520955
flow_0_1950,41.09459493177244,16.85467607291383,41.09473989153562,16.854696582502296,41.09289989869124,16.857979997773366,41.0924620240455,16.857540225068156
flow_0_1951,41.09459493177244,16.85467607291383,41.09473989153562,16.854696582502296,41.09762167433529,16.86078183182401,41.0975908593457,16.860854905020272
flow_0_1952,41.09459493177244,16.85467607291383,41.09473989153562,16.854696582502296,41.09783406893447,16.85935956518292,41.09781757948696,16.860074005211207
flow_0_1953,41.09459493177244,16.85467607291383,41.09473989153562,16.854696582502296,41.09781757948696,16.860074005211207,41.09773009884011,16.860532461562137
flow_0_1954,41.09459493177244,16.85467607291383,41.09473989153562,16.854696582502296,41.09788351207976,16.86008527251128,41.097886790174485,16.85993247707892
flow_0_1955,41.09459493177244,16.85467607291383,41.09473989153562,16.854696582502296,41.097886790174485,16.85993247707892,41.097887056561405,16.859358083149928
flow_0_1956,41.09459493177244,16.85467607291383,41.09473989153562,16.854696582502296,41.09752079197923,16.86113857805688,41.097541272342,16.861158803055236
flow_0_1957,41.09459493177244,16.85467607291383,41.09473989153562,16.854696582502296,41.09346290764322,16.859512259912492,41.0937563740557,16.85923859402608
flow_0_1958,41.09459493177244,16.85467607291383,41.09473989153562,16.854696582502296,41.09575898407665,16.861403291409037,41.09556026737646,16.861799770540163
flow_0_1959,41.09459493177244,16.85467607291383,41.09473989153562,16.854696582502296,41.09556026737646,16.861799770540163,41.09428507077666,16.861822930016572
flow_0_1960,41.09459493177244,16.85467607291383,41.09473989153562,16.854696582502296,41.09717022441964,16.862141610446756,41.09717150257013,16.862346685598727
flow_0_1961,41.09459493177244,16.85467607291383,41.09473989153562,16.854696582502296,41.094497059549575,16.854662484304253,41.09459493177244,16.85467607291383
flow_0_1962,41.09459493177244,16.85467607291383,41.09473989153562,16.854696582502296,41.093159424293006,16.861119861413044,41.092910609638544,16.861550868324073
flow_0_1963,41.09459493177244,16.85467607291383,41.09473989153562,16.854696582502296,41.094611131446,16.86076995428607,41.09433377805168,16.860614722600705
flow_0_1964,41.09459493177244,16.85467607291383,41.09473989153562,16.854696582502296,41.094481033476846,16.855484180652265,41.09590934506375,16.85589778274809
flow_0_1965,41.09459493177244,16.85467607291383,41.09473989153562,16.854696582502296,41.09320904205983,16.86036794969964,41.093226008438016,16.859824905081403
flow_0_1966,41.09288177659644,16.861857949874747,41.093137399597694,16.86236547208206,41.09628587040379,16.863506396736675,41.09627339570725,16.863759660301465
flow_0_1967,41.09288177659644,16.861857949874747,41.093137399597694,16.86236547208206,41.09267829914716,16.854073630954087,41.09207574955028,16.85389154719994
flow_0_1968,41.09288177659644,16.861857949874747,41.093137399597694,16.86236547208206,41.09717150257013,16.862346685598727,41.09717022441964,16.862141610446756
flow_0_1969,41.09288177659644,16.861857949874747,41.093137399597694,16.86236547208206,41.09782874807601,16.858422322289133,41.09720965467912,16.86010828803053
flow_0_1970,41.09288177659644,16.861857949874747,41.093137399597694,16.86236547208206,41.09590934506375,16.85589778274809,41.094481033476846,16.855484180652265
flow_0_1971,41.09288177659644,16.861857949874747,41.093137399597694,16.86236547208206,41.09390877175432,16.860555577386883,41.09389978504193,16.86089441913475
flow_0_1972,41.09288177659644,16.861857949874747,41.093137399597694,16.86236547208206,41.09289989869124,16.857979997773366,41.09252833667128,16.85806965698529
flow_0_1973,41.09288177659644,16.861857949874747,41.093137399597694,16.86236547208206,41.09575898407665,16.861403291409037,41.09578940828096,16.861627521735652
flow_0_1974,41.09288177659644,16.861857949874747,41.093137399597694,16.86236547208206,41.09577203818025,16.86132567064774,41.09575898407665,16.861403291409037
flow_0_1975,41.09288177659644,16.861857949874747,41.093137399597694,16.86236547208206,41.09326327598272,16.856459442663375,41.09325705252129,16.85653261037847
flow_0_1976,41.09288177659644,16.861857949874747,41.093137399597694,16.86236547208206,41.09588692434208,16.86204201283392,41.096023183819085,16.86206015013157
flow_0_1977,41.09288177659644,16.861857949874747,41.093137399597694,16.86236547208206,41.096023183819085,16.86206015013157,41.09607053280287,16.862073156374553
flow_0_1978,41.09288177659644,16.861857949874747,41.093137399597694,16.86236547208206,41.09607053280287,16.862073156374553,41.09624619327664,16.862345189534487
flow_0_1979,41.09288177659644,16.861857949874747,41.093137399597694,16.86236547208206,41.09406666971318,16.861809974981103,41.09374076152227,16.861733142040123
flow_0_1980,41.09288177659644,16.861857949874747,41.093137399597694,16.86236547208206,41.09428507077666,16.861822930016572,41.094248634240174,16.861820234016683
flow_0_1981,41.09288177659644,16.861857949874747,41.093137399597694,16.86236547208206,41.09422326217536,16.861818445841735,41.09406666971318,16.861809974981103
flow_0_1982,41.09288177659644,16.861857949874747,41.093137399597694,16.86236547208206,41.09606913880409,16.857384087393385,41.09607773810893,16.85711333011326
flow_0_1983,41.09288177659644,16.861857949874747,41.093137399597694,16.86236547208206,41.093433790346566,16.855687830843742,41.09352569242476,16.85465158647345
flow_0_1984,41.09288177659644,16.861857949874747,41.093137399597694,16.86236547208206,41.09257525037648,16.866055037799217,41.08991586912939,16.865878687144406
flow_0_1985,41.09288177659644,16.861857949874747,41.093137399597694,16.86236547208206,41.09637979984023,16.861535604961926,41.096390396588056,16.86145398483175
flow_0_1986,41.09288177659644,16.861857949874747,41.093137399597694,16.86236547208206,41.096390396588056,16.86145398483175,41.09617566373433,16.86105237527639
flow_0_1987,41.09288177659644,16.861857949874747,41.093137399597694,16.86236547208206,41.09333584930795,16.855672929401177,41.09331846638719,16.855846153569416
flow_0_1988,41.09288177659644,16.861857949874747,41.093137399597694,16.86236547208206,41.09331846638719,16.855846153569416,41.09330344191395,16.855984796607544
flow_0_1989,41.09288177659644,16.861857949874747,41.093137399597694,16.86236547208206,41.09328897220411,16.85615607855325,41.093276282258536,16.856306336332803
flow_0_1990,41.09288177659644,16.861857949874747,41.093137399597694,16.86236547208206,41.09309962997091,16.8641768999245,41.09122003932151,16.863954806076606
flow_0_1991,41.09288177659644,16.861857949874747,41.093137399597694,16.86236547208206,41.09590934506375,16.85589778274809,41.09589464404242,16.856597607978603
flow_0_1992,41.09288177659644,16.861857949874747,41.093137399597694,16.86236547208206,41.095864883749904,16.858939789299576,41.09579879841287,16.860483307032734
flow_0_1993,41.09288177659644,16.861857949874747,41.093137399597694,16.86236547208206,41.09410258065408,16.854547680343014,41.0940220774019,16.854495884667088
flow_0_1994,41.09288177659644,16.861857949874747,41.093137399597694,16.86236547208206,41.09290701188394,16.85345153155061,41.09274366748828,16.853398004520955
flow_0_1995,41.09288177659644,16.861857949874747,41.093137399597694,16.86236547208206,41.09289989869124,16.857979997773366,41.0924620240455,16.857540225068156
flow_0_1996,41.09288177659644,16.861857949874747,41.093137399597694,16.86236547208206,41.09762167433529,16.86078183182401,41.0975908593457,16.860854905020272
flow_0_1997,41.09288177659644,16.861857949874747,41.093137399597694,16.86236547208206,41.09783406893447,16.85935956518292,41.09781757948696,16.860074005211207
flow_0_1998,41.09288177659644,16.861857949874747,41.093137399597694,16.86236547208206,41.09781757948696,16.860074005211207,41.09773009884011,16.860532461562137
flow_0_1999,41.09288177659644,16.861857949874747,41.093137399597694,16.86236547208206,41.09788351207976,16.86008527251128,41.097886790174485,16.85993247707892
flow_0_2000,41.09288177659644,16.861857949874747,41.093137399597694,16.86236547208206,41.097886790174485,16.85993247707892,41.097887056561405,16.859358083149928
flow_0_2001,41.09288177659644,16.861857949874747,41.093137399597694,16.86236547208206,41.09752079197923,16.86113857805688,41.097541272342,16.861158803055236
flow_0_2002,41.09288177659644,16.861857949874747,41.093137399597694,16.86236547208206,41.09346290764322,16.859512259912492,41.0937563740557,16.85923859402608
flow_0_2003,41.09288177659644,16.861857949874747,41.093137399597694,16.86236547208206,41.09575898407665,16.861403291409037,41.09556026737646,16.861799770540163
flow_0_2004,41.09288177659644,16.861857949874747,41.093137399597694,16.86236547208206,41.09556026737646,16.861799770540163,41.09428507077666,16.861822930016572
flow_0_2005,41.09288177659644,16.861857949874747,41.093137399597694,16.86236547208206,41.09717022441964,16.862141610446756,41.09717150257013,16.862346685598727
flow_0_2006,41.09288177659644,16.861857949874747,41.093137399597694,16.86236547208206,41.094497059549575,16.854662484304253,41.09459493177244,16.85467607291383
flow_0_2007,41.09288177659644,16.861857949874747,41.093137399597694,16.86236547208206,41.093159424293006,16.861119861413044,41.092910609638544,16.861550868324073
flow_0_2008,41.09288177659644,16.861857949874747,41.093137399597694,16.86236547208206,41.094611131446,16.86076995428607,41.09433377805168,16.860614722600705
flow_0_2009,41.09288177659644,16.861857949874747,41.093137399597694,16.86236547208206,41.094481033476846,16.855484180652265,41.09590934506375,16.85589778274809
flow_0_2010,41.09288177659644,16.861857949874747,41.093137399597694,16.86236547208206,41.09320904205983,16.86036794969964,41.093226008438016,16.859824905081403
flow_0_2011,41.09720965467912,16.86010828803053,41.09782874807601,16.858422322289133,41.09628587040379,16.863506396736675,41.09627339570725,16.863759660301465
flow_0_2012,41.09720965467912,16.86010828803053,41.09782874807601,16.858422322289133,41.09267829914716,16.854073630954087,41.09207574955028,16.85389154719994
flow_0_2013,41.09720965467912,16.86010828803053,41.09782874807601,16.858422322289133,41.09717150257013,16.862346685598727,41.09717022441964,16.862141610446756
flow_0_2014,41.09720965467912,16.86010828803053,41.09782874807601,16.858422322289133,41.09782874807601,16.858422322289133,41.09720965467912,16.86010828803053
flow_0_2015,41.09720965467912,16.86010828803053,41.09782874807601,16.858422322289133,41.09590934506375,16.85589778274809,41.094481033476846,16.855484180652265
flow_0_2016,41.09720965467912,16.86010828803053,41.09782874807601,16.858422322289133,41.09390877175432,16.860555577386883,41.09389978504193,16.86089441913475
flow_0_2017,41.09720965467912,16.86010828803053,41.09782874807601,16.858422322289133,41.09289989869124,16.857979997773366,41.09252833667128,16.85806965698529
flow_0_2018,41.09720965467912,16.86010828803053,41.09782874807601,16.858422322289133,41.09575898407665,16.861403291409037,41.09578940828096,16.861627521735652
flow_0_2019,41.09720965467912,16.86010828803053,41.09782874807601,16.858422322289133,41.09577203818025,16.86132567064774,41.09575898407665,16.861403291409037
flow_0_2020,41.09720965467912,16.86010828803053,41.09782874807601,16.858422322289133,41.09326327598272,16.856459442663375,41.09325705252129,16.85653261037847
flow_0_2021,41.09720965467912,16.86010828803053,41.09782874807601,16.858422322289133,41.09588692434208,16.86204201283392,41.096023183819085,16.86206015013157
flow_0_2022,41.09720965467912,16.86010828803053,41.09782874807601,16.858422322289133,41.096023183819085,16.86206015013157,41.09607053280287,16.862073156374553
flow_0_2023,41.09720965467912,16.86010828803053,41.09782874807601,16.858422322289133,41.09607053280287,16.862073156374553,41.09624619327664,16.862345189534487
flow_0_2024,41.09720965467912,16.86010828803053,41.09782874807601,16.858422322289133,41.09406666971318,16.861809974981103,41.09374076152227,16.861733142040123
flow_0_2025,41.09720965467912,16.86010828803053,41.09782874807601,16.858422322289133,41.09428507077666,16.861822930016572,41.094248634240174,16.861820234016683
flow_0_2026,41.09720965467912,16.86010828803053,41.09782874807601,16.858422322289133,41.09422326217536,16.861818445841735,41.09406666971318,16.861809974981103
flow_0_2027,41.09720965467912,16.86010828803053,41.09782874807601,16.858422322289133,41.09606913880409,16.857384087393385,41.09607773810893,16.85711333011326
flow_0_2028,41.09720965467912,16.86010828803053,41.09782874807601,16.858422322289133,41.093433790346566,16.855687830843742,41.09352569242476,16.85465158647345
flow_0_2029,41.09720965467912,16.86010828803053,41.09782874807601,16.858422322289133,41.09257525037648,16.866055037799217,41.08991586912939,16.865878687144406
flow_0_2030,41.09720965467912,16.86010828803053,41.09782874807601,16.858422322289133,41.09637979984023,16.861535604961926,41.096390396588056,16.86145398483175
flow_0_2031,41.09720965467912,16.86010828803053,41.09782874807601,16.858422322289133,41.096390396588056,16.86145398483175,41.09617566373433,16.86105237527639
flow_0_2032,41.09720965467912,16.86010828803053,41.09782874807601,16.858422322289133,41.09333584930795,16.855672929401177,41.09331846638719,16.855846153569416
flow_0_2033,41.09720965467912,16.86010828803053,41.09782874807601,16.858422322289133,41.09331846638719,16.855846153569416,41.09330344191395,16.855984796607544
flow_0_2034,41.09720965467912,16.86010828803053,41.09782874807601,16.858422322289133,41.09328897220411,16.85615607855325,41.093276282258536,16.856306336332803
flow_0_2035,41.09720965467912,16.86010828803053,41.09782874807601,16.858422322289133,41.09309962997091,16.8641768999245,41.09122003932151,16.863954806076606
flow_0_2036,41.09720965467912,16.86010828803053,41.09782874807601,16.858422322289133,41.09590934506375,16.85589778274809,41.09589464404242,16.856597607978603
flow_0_2037,41.09720965467912,16.86010828803053,41.09782874807601,16.858422322289133,41.095864883749904,16.858939789299576,41.09579879841287,16.860483307032734
flow_0_2038,41.09720965467912,16.86010828803053,41.09782874807601,16.858422322289133,41.09410258065408,16.854547680343014,41.0940220774019,16.854495884667088
flow_0_2039,41.09720965467912,16.86010828803053,41.09782874807601,16.858422322289133,41.09290701188394,16.85345153155061,41.09274366748828,16.853398004520955
flow_0_2040,41.09720965467912,16.86010828803053,41.09782874807601,16.858422322289133,41.09289989869124,16.857979997773366,41.0924620240455,16.857540225068156
flow_0_2041,41.09720965467912,16.86010828803053,41.09782874807601,16.858422322289133,41.09762167433529,16.86078183182401,41.0975908593457,16.860854905020272
flow_0_2042,41.09720965467912,16.86010828803053,41.09782874807601,16.858422322289133,41.09783406893447,16.85935956518292,41.09781757948696,16.860074005211207
flow_0_2043,41.09720965467912,16.86010828803053,41.09782874807601,16.858422322289133,41.09781757948696,16.860074005211207,41.09773009884011,16.860532461562137
flow_0_2044,41.09720965467912,16.86010828803053,41.09782874807601,16.858422322289133,41.09788351207976,16.86008527251128,41.097886790174485,16.85993247707892
flow_0_2045,41.09720965467912,16.86010828803053,41.09782874807601,16.858422322289133,41.097886790174485,16.85993247707892,41.097887056561405,16.859358083149928
flow_0_2046,41.09720965467912,16.86010828803053,41.09782874807601,16.858422322289133,41.09752079197923,16.86113857805688,41.097541272342,16.861158803055236
flow_0_2047,41.09720965467912,16.86010828803053,41.09782874807601,16.858422322289133,41.09346290764322,16.859512259912492,41.0937563740557,16.85923859402608
flow_0_2048,41.09720965467912,16.86010828803053,41.09782874807601,16.858422322289133,41.09575898407665,16.861403291409037,41.09556026737646,16.861799770540163
flow_0_2049,41.09720965467912,16.86010828803053,41.09782874807601,16.858422322289133,41.09556026737646,16.861799770540163,41.09428507077666,16.861822930016572
flow_0_2050,41.09720965467912,16.86010828803053,41.09782874807601,16.858422322289133,41.09717022441964,16.862141610446756,41.09717150257013,16.862346685598727
flow_0_2051,41.09720965467912,16.86010828803053,41.09782874807601,16.858422322289133,41.094497059549575,16.854662484304253,41.09459493177244,16.85467607291383
flow_0_2052,41.09720965467912,16.86010828803053,41.09782874807601,16.858422322289133,41.093159424293006,16.861119861413044,41.092910609638544,16.861550868324073
flow_0_2053,41.09720965467912,16.86010828803053,41.09782874807601,16.858422322289133,41.094611131446,16.86076995428607,41.09433377805168,16.860614722600705
flow_0_2054,41.09720965467912,16.86010828803053,41.09782874807601,16.858422322289133,41.094481033476846,16.855484180652265,41.09590934506375,16.85589778274809
flow_0_2055,41.09720965467912,16.86010828803053,41.09782874807601,16.858422322289133,41.09320904205983,16.86036794969964,41.093226008438016,16.859824905081403
flow_0_2056,41.094481033476846,16.855484180652265,41.09590934506375,16.85589778274809,41.09628587040379,16.863506396736675,41.09627339570725,16.863759660301465
flow_0_2057,41.094481033476846,16.855484180652265,41.09590934506375,16.85589778274809,41.09267829914716,16.854073630954087,41.09207574955028,16.85389154719994
flow_0_2058,41.094481033476846,16.855484180652265,41.09590934506375,16.85589778274809,41.09717150257013,16.862346685598727,41.09717022441964,16.862141610446756
flow_0_2059,41.094481033476846,16.855484180652265,41.09590934506375,16.85589778274809,41.09782874807601,16.858422322289133,41.09720965467912,16.86010828803053
flow_0_2060,41.094481033476846,16.855484180652265,41.09590934506375,16.85589778274809,41.09590934506375,16.85589778274809,41.094481033476846,16.855484180652265
flow_0_2061,41.094481033476846,16.855484180652265,41.09590934506375,16.85589778274809,41.09390877175432,16.860555577386883,41.09389978504193,16.86089441913475
flow_0_2062,41.094481033476846,16.855484180652265,41.09590934506375,16.85589778274809,41.09289989869124,16.857979997773366,41.09252833667128,16.85806965698529
flow_0_2063,41.094481033476846,16.855484180652265,41.09590934506375,16.85589778274809,41.09575898407665,16.861403291409037,41.09578940828096,16.861627521735652
flow_0_2064,41.094481033476846,16.855484180652265,41.09590934506375,16.85589778274809,41.09577203818025,16.86132567064774,41.09575898407665,16.861403291409037
flow_0_2065,41.094481033476846,16.855484180652265,41.09590934506375,16.85589778274809,41.09326327598272,16.856459442663375,41.09325705252129,16.85653261037847
flow_0_2066,41.094481033476846,16.855484180652265,41.09590934506375,16.85589778274809,41.09588692434208,16.86204201283392,41.096023183819085,16.86206015013157
flow_0_2067,41.094481033476846,16.855484180652265,41.09590934506375,16.85589778274809,41.096023183819085,16.86206015013157,41.09607053280287,16.862073156374553
flow_0_2068,41.094481033476846,16.855484180652265,41.09590934506375,16.85589778274809,41.09607053280287,16.862073156374553,41.09624619327664,16.862345189534487
flow_0_2069,41.094481033476846,16.855484180652265,41.09590934506375,16.85589778274809,41.09406666971318,16.861809974981103,41.09374076152227,16.861733142040123
flow_0_2070,41.094481033476846,16.855484180652265,41.09590934506375,16.85589778274809,41.09428507077666,16.861822930016572,41.094248634240174,16.861820234016683
flow_0_2071,41.094481033476846,16.855484180652265,41.09590934506375,16.85589778274809,41.09422326217536,16.861818445841735,41.09406666971318,16.861809974981103
flow_0_2072,41.094481033476846,16.855484180652265,41.09590934506375,16.85589778274809,41.09606913880409,16.857384087393385,41.09607773810893,16.85711333011326
flow_0_2073,41.094481033476846,16.855484180652265,41.09590934506375,16.85589778274809,41.093433790346566,16.855687830843742,41.09352569242476,16.85465158647345
flow_0_2074,41.094481033476846,16.855484180652265,41.09590934506375,16.85589778274809,41.09257525037648,16.866055037799217,41.08991586912939,16.865878687144406
flow_0_2075,41.094481033476846,16.855484180652265,41.09590934506375,16.85589778274809,41.09637979984023,16.861535604961926,41.096390396588056,16.86145398483175
flow_0_2076,41.094481033476846,16.855484180652265,41.09590934506375,16.85589778274809,41.096390396588056,16.86145398483175,41.09617566373433,16.86105237527639
flow_0_2077,41.094481033476846,16.855484180652265,41.09590934506375,16.85589778274809,41.09333584930795,16.855672929401177,41.09331846638719,16.855846153569416
flow_0_2078,41.094481033476846,16.855484180652265,41.09590934506375,16.85589778274809,41.09331846638719,16.855846153569416,41.09330344191395,16.855984796607544
flow_0_2079,41.094481033476846,16.855484180652265,41.09590934506375,16.85589778274809,41.09328897220411,16.85615607855325,41.093276282258536,16.856306336332803
flow_0_2080,41.094481033476846,16.855484180652265,41.09590934506375,16.85589778274809,41.09309962997091,16.8641768999245,41.09122003932151,16.863954806076606
flow_0_2081,41.094481033476846,16.855484180652265,41.09590934506375,16.85589778274809,41.09590934506375,16.85589778274809,41.09589464404242,16.856597607978603
flow_0_2082,41.094481033476846,16.855484180652265,41.09590934506375,16.85589778274809,41.095864883749904,16.858939789299576,41.09579879841287,16.860483307032734
flow_0_2083,41.094481033476846,16.855484180652265,41.09590934506375,16.85589778274809,41.09410258065408,16.854547680343014,41.0940220774019,16.854495884667088
flow_0_2084,41.094481033476846,16.855484180652265,41.09590934506375,16.85589778274809,41.09290701188394,16.85345153155061,41.09274366748828,16.853398004520955
flow_0_2085,41.094481033476846,16.855484180652265,41.09590934506375,16.85589778274809,41.09289989869124,16.857979997773366,41.0924620240455,16.857540225068156
flow_0_2086,41.094481033476846,16.855484180652265,41.09590934506375,16.85589778274809,41.09762167433529,16.86078183182401,41.0975908593457,16.860854905020272
flow_0_2087,41.094481033476846,16.855484180652265,41.09590934506375,16.85589778274809,41.09783406893447,16.85935956518292,41.09781757948696,16.860074005211207
flow_0_2088,41.094481033476846,16.855484180652265,41.09590934506375,16.85589778274809,41.09781757948696,16.860074005211207,41.09773009884011,16.860532461562137
flow_0_2089,41.094481033476846,16.855484180652265,41.09590934506375,16.85589778274809,41.09788351207976,16.86008527251128,41.097886790174485,16.85993247707892
flow_0_2090,41.094481033476846,16.855484180652265,41.09590934506375,16.85589778274809,41.097886790174485,16.85993247707892,41.097887056561405,16.859358083149928
flow_0_2091,41.094481033476846,16.855484180652265,41.09590934506375,16.85589778274809,41.09752079197923,16.86113857805688,41.097541272342,16.861158803055236
flow_0_2092,41.094481033476846,16.855484180652265,41.09590934506375,16.85589778274809,41.09346290764322,16.859512259912492,41.0937563740557,16.85923859402608
flow_0_2093,41.094481033476846,16.855484180652265,41.09590934506375,16.85589778274809,41.09575898407665,16.861403291409037,41.09556026737646,16.861799770540163
flow_0_2094,41.094481033476846,16.855484180652265,41.09590934506375,16.85589778274809,41.09556026737646,16.861799770540163,41.09428507077666,16.861822930016572
flow_0_2095,41.094481033476846,16.855484180652265,41.09590934506375,16.85589778274809,41.09717022441964,16.862141610446756,41.09717150257013,16.862346685598727
flow_0_2096,41.094481033476846,16.855484180652265,41.09590934506375,16.85589778274809,41.094497059549575,16.854662484304253,41.09459493177244,16.85467607291383
flow_0_2097,41.094481033476846,16.855484180652265,41.09590934506375,16.85589778274809,41.093159424293006,16.861119861413044,41.092910609638544,16.861550868324073
flow_0_2098,41.094481033476846,16.855484180652265,41.09590934506375,16.85589778274809,41.094611131446,16.86076995428607,41.09433377805168,16.860614722600705
flow_0_2099,41.094481033476846,16.855484180652265,41.09590934506375,16.85589778274809,41.09320904205983,16.86036794969964,41.093226008438016,16.859824905081403
flow_0_2100,41.09633825612945,16.862333621430803,41.09635234466292,16.861941330534812,41.09628587040379,16.863506396736675,41.09627339570725,16.863759660301465
flow_0_2101,41.09633825612945,16.862333621430803,41.09635234466292,16.861941330534812,41.09267829914716,16.854073630954087,41.09207574955028,16.85389154719994
flow_0_2102,41.09633825612945,16.862333621430803,41.09635234466292,16.861941330534812,41.09717150257013,16.862346685598727,41.09717022441964,16.862141610446756
flow_0_2103,41.09633825612945,16.862333621430803,41.09635234466292,16.861941330534812,41.09782874807601,16.858422322289133,41.09720965467912,16.86010828803053
flow_0_2104,41.09633825612945,16.862333621430803,41.09635234466292,16.861941330534812,41.09590934506375,16.85589778274809,41.094481033476846,16.855484180652265
flow_0_2105,41.09633825612945,16.862333621430803,41.09635234466292,16.861941330534812,41.09390877175432,16.860555577386883,41.09389978504193,16.86089441913475
flow_0_2106,41.09633825612945,16.862333621430803,41.09635234466292,16.861941330534812,41.09289989869124,16.857979997773366,41.09252833667128,16.85806965698529
flow_0_2107,41.09633825612945,16.862333621430803,41.09635234466292,16.861941330534812,41.09575898407665,16.861403291409037,41.09578940828096,16.861627521735652
flow_0_2108,41.09633825612945,16.862333621430803,41.09635234466292,16.861941330534812,41.09577203818025,16.86132567064774,41.09575898407665,16.861403291409037
flow_0_2109,41.09633825612945,16.862333621430803,41.09635234466292,16.861941330534812,41.09326327598272,16.856459442663375,41.09325705252129,16.85653261037847
flow_0_2110,41.09633825612945,16.862333621430803,41.09635234466292,16.861941330534812,41.09588692434208,16.86204201283392,41.096023183819085,16.86206015013157
flow_0_2111,41.09633825612945,16.862333621430803,41.09635234466292,16.861941330534812,41.096023183819085,16.86206015013157,41.09607053280287,16.862073156374553
flow_0_2112,41.09633825612945,16.862333621430803,41.09635234466292,16.861941330534812,41.09607053280287,16.862073156374553,41.09624619327664,16.862345189534487
flow_0_2113,41.09633825612945,16.862333621430803,41.09635234466292,16.861941330534812,41.09406666971318,16.861809974981103,41.09374076152227,16.861733142040123
flow_0_2114,41.09633825612945,16.862333621430803,41.09635234466292,16.861941330534812,41.09428507077666,16.861822930016572,41.094248634240174,16.861820234016683
flow_0_2115,41.09633825612945,16.862333621430803,41.09635234466292,16.861941330534812,41.09422326217536,16.861818445841735,41.09406666971318,16.861809974981103
flow_0_2116,41.09633825612945,16.862333621430803,41.09635234466292,16.861941330534812,41.09606913880409,16.857384087393385,41.09607773810893,16.85711333011326
flow_0_2117,41.09633825612945,16.862333621430803,41.09635234466292,16.861941330534812,41.093433790346566,16.855687830843742,41.09352569242476,16.85465158647345
flow_0_2118,41.09633825612945,16.862333621430803,41.09635234466292,16.861941330534812,41.09257525037648,16.866055037799217,41.08991586912939,16.865878687144406
flow_0_2119,41.09633825612945,16.862333621430803,41.09635234466292,16.861941330534812,41.09637979984023,16.861535604961926,41.096390396588056,16.86145398483175
flow_0_2120,41.09633825612945,16.862333621430803,41.09635234466292,16.861941330534812,41.096390396588056,16.86145398483175,41.09617566373433,16.86105237527639
flow_0_2121,41.09633825612945,16.862333621430803,41.09635234466292,16.861941330534812,41.09333584930795,16.855672929401177,41.09331846638719,16.855846153569416
flow_0_2122,41.09633825612945,16.862333621430803,41.09635234466292,16.861941330534812,41.09331846638719,16.855846153569416,41.09330344191395,16.855984796607544
flow_0_2123,41.09633825612945,16.862333621430803,41.09635234466292,16.861941330534812,41.09328897220411,16.85615607855325,41.093276282258536,16.856306336332803
flow_0_2124,41.09633825612945,16.862333621430803,41.09635234466292,16.861941330534812,41.09309962997091,16.8641768999245,41.09122003932151,16.863954806076606
flow_0_2125,41.09633825612945,16.862333621430803,41.09635234466292,16.861941330534812,41.09590934506375,16.85589778274809,41.09589464404242,16.856597607978603
flow_0_2126,41.09633825612945,16.862333621430803,41.09635234466292,16.861941330534812,41.095864883749904,16.858939789299576,41.09579879841287,16.860483307032734
flow_0_2127,41.09633825612945,16.862333621430803,41.09635234466292,16.861941330534812,41.09410258065408,16.854547680343014,41.0940220774019,16.854495884667088
flow_0_2128,41.09633825612945,16.862333621430803,41.09635234466292,16.861941330534812,41.09290701188394,16.85345153155061,41.09274366748828,16.853398004520955
flow_0_2129,41.09633825612945,16.862333621430803,41.09635234466292,16.861941330534812,41.09289989869124,16.857979997773366,41.0924620240455,16.857540225068156
flow_0_2130,41.09633825612945,16.862333621430803,41.09635234466292,16.861941330534812,41.09762167433529,16.86078183182401,41.0975908593457,16.860854905020272
flow_0_2131,41.09633825612945,16.862333621430803,41.09635234466292,16.861941330534812,41.09783406893447,16.85935956518292,41.09781757948696,16.860074005211207
flow_0_2132,41.09633825612945,16.862333621430803,41.09635234466292,16.861941330534812,41.09781757948696,16.860074005211207,41.09773009884011,16.860532461562137
flow_0_2133,41.09633825612945,16.862333621430803,41.09635234466292,16.861941330534812,41.09788351207976,16.86008527251128,41.097886790174485,16.85993247707892
flow_0_2134,41.09633825612945,16.862333621430803,41.09635234466292,16.861941330534812,41.097886790174485,16.85993247707892,41.097887056561405,16.859358083149928
flow_0_2135,41.09633825612945,16.862333621430803,41.09635234466292,16.861941330534812,41.09752079197923,16.86113857805688,41.097541272342,16.861158803055236
flow_0_2136,41.09633825612945,16.862333621430803,41.09635234466292,16.861941330534812,41.09346290764322,16.859512259912492,41.0937563740557,16.85923859402608
flow_0_2137,41.09633825612945,16.862333621430803,41.09635234466292,16.861941330534812,41.09575898407665,16.861403291409037,41.09556026737646,16.861799770540163
flow_0_2138,41.09633825612945,16.862333621430803,41.09635234466292,16.861941330534812,41.09556026737646,16.861799770540163,41.09428507077666,16.861822930016572
flow_0_2139,41.09633825612945,16.862333621430803,41.09635234466292,16.861941330534812,41.09717022441964,16.862141610446756,41.09717150257013,16.862346685598727
flow_0_2140,41.09633825612945,16.862333621430803,41.09635234466292,16.861941330534812,41.094497059549575,16.854662484304253,41.09459493177244,16.85467607291383
flow_0_2141,41.09633825612945,16.862333621430803,41.09635234466292,16.861941330534812,41.093159424293006,16.861119861413044,41.092910609638544,16.861550868324073
flow_0_2142,41.09633825612945,16.862333621430803,41.09635234466292,16.861941330534812,41.094611131446,16.86076995428607,41.09433377805168,16.860614722600705
flow_0_2143,41.09633825612945,16.862333621430803,41.09635234466292,16.861941330534812,41.094481033476846,16.855484180652265,41.09590934506375,16.85589778274809
flow_0_2144,41.09633825612945,16.862333621430803,41.09635234466292,16.861941330534812,41.09320904205983,16.86036794969964,41.093226008438016,16.859824905081403
flow_0_2145,41.09635234466292,16.861941330534812,41.09637137649532,16.8615997833262,41.09628587040379,16.863506396736675,41.09627339570725,16.863759660301465
flow_0_2146,41.09635234466292,16.861941330534812,41.09637137649532,16.8615997833262,41.09267829914716,16.854073630954087,41.09207574955028,16.85389154719994
flow_0_2147,41.09635234466292,16.861941330534812,41.09637137649532,16.8615997833262,41.09717150257013,16.862346685598727,41.09717022441964,16.862141610446756
flow_0_2148,41.09635234466292,16.861941330534812,41.09637137649532,16.8615997833262,41.09782874807601,16.858422322289133,41.09720965467912,16.86010828803053
flow_0_2149,41.09635234466292,16.861941330534812,41.09637137649532,16.8615997833262,41.09590934506375,16.85589778274809,41.094481033476846,16.855484180652265
flow_0_2150,41.09635234466292,16.861941330534812,41.09637137649532,16.8615997833262,41.09390877175432,16.860555577386883,41.09389978504193,16.86089441913475
flow_0_2151,41.09635234466292,16.861941330534812,41.09637137649532,16.8615997833262,41.09289989869124,16.857979997773366,41.09252833667128,16.85806965698529
flow_0_2152,41.09635234466292,16.861941330534812,41.09637137649532,16.8615997833262,41.09575898407665,16.861403291409037,41.09578940828096,16.861627521735652
flow_0_2153,41.09635234466292,16.861941330534812,41.09637137649532,16.8615997833262,41.09577203818025,16.86132567064774,41.09575898407665,16.861403291409037
flow_0_2154,41.09635234466292,16.861941330534812,41.09637137649532,16.8615997833262,41.09326327598272,16.856459442663375,41.09325705252129,16.85653261037847
flow_0_2155,41.09635234466292,16.861941330534812,41.09637137649532,16.8615997833262,41.09588692434208,16.86204201283392,41.096023183819085,16.86206015013157
flow_0_2156,41.09635234466292,16.861941330534812,41.09637137649532,16.8615997833262,41.096023183819085,16.86206015013157,41.09607053280287,16.862073156374553
flow_0_2157,41.09635234466292,16.861941330534812,41.09637137649532,16.8615997833262,41.09607053280287,16.862073156374553,41.09624619327664,16.862345189534487
flow_0_2158,41.09635234466292,16.861941330534812,41.09637137649532,16.8615997833262,41.09406666971318,16.861809974981103,41.09374076152227,16.861733142040123
flow_0_2159,41.09635234466292,16.861941330534812,41.09637137649532,16.8615997833262,41.09428507077666,16.861822930016572,41.094248634240174,16.861820234016683
flow_0_2160,41.09635234466292,16.861941330534812,41.09637137649532,16.8615997833262,41.09422326217536,16.861818445841735,41.09406666971318,16.861809974981103
flow_0_2161,41.09635234466292,16.861941330534812,41.09637137649532,16.8615997833262,41.09606913880409,16.857384087393385,41.09607773810893,16.85711333011326
flow_0_2162,41.09635234466292,16.861941330534812,41.09637137649532,16.8615997833262,41.093433790346566,16.855687830843742,41.09352569242476,16.85465158647345
flow_0_2163,41.09635234466292,16.861941330534812,41.09637137649532,16.8615997833262,41.09257525037648,16.866055037799217,41.08991586912939,16.865878687144406
flow_0_2164,41.09635234466292,16.861941330534812,41.09637137649532,16.8615997833262,41.09637979984023,16.861535604961926,41.096390396588056,16.86145398483175
flow_0_2165,41.09635234466292,16.861941330534812,41.09637137649532,16.8615997833262,41.096390396588056,16.86145398483175,41.09617566373433,16.86105237527639
flow_0_2166,41.09635234466292,16.861941330534812,41.09637137649532,16.8615997833262,41.09333584930795,16.855672929401177,41.09331846638719,16.855846153569416
flow_0_2167,41.09635234466292,16.861941330534812,41.09637137649532,16.8615997833262,41.09331846638719,16.855846153569416,41.09330344191395,16.855984796607544
flow_0_2168,41.09635234466292,16.861941330534812,41.09637137649532,16.8615997833262,41.09328897220411,16.85615607855325,41.093276282258536,16.856306336332803
flow_0_2169,41.09635234466292,16.861941330534812,41.09637137649532,16.8615997833262,41.09309962997091,16.8641768999245,41.09122003932151,16.863954806076606
flow_0_2170,41.09635234466292,16.861941330534812,41.09637137649532,16.8615997833262,41.09590934506375,16.85589778274809,41.09589464404242,16.856597607978603
flow_0_2171,41.09635234466292,16.861941330534812,41.09637137649532,16.8615997833262,41.095864883749904,16.858939789299576,41.09579879841287,16.860483307032734
flow_0_2172,41.09635234466292,16.861941330534812,41.09637137649532,16.8615997833262,41.09410258065408,16.854547680343014,41.0940220774019,16.854495884667088
flow_0_2173,41.09635234466292,16.861941330534812,41.09637137649532,16.8615997833262,41.09290701188394,16.85345153155061,41.09274366748828,16.853398004520955
flow_0_2174,41.09635234466292,16.861941330534812,41.09637137649532,16.8615997833262,41.09289989869124,16.857979997773366,41.0924620240455,16.857540225068156
flow_0_2175,41.09635234466292,16.861941330534812,41.09637137649532,16.8615997833262,41.09762167433529,16.86078183182401,41.0975908593457,16.860854905020272
flow_0_2176,41.09635234466292,16.861941330534812,41.09637137649532,16.8615997833262,41.09783406893447,16.85935956518292,41.09781757948696,16.860074005211207
flow_0_2177,41.09635234466292,16.861941330534812,41.09637137649532,16.8615997833262,41.09781757948696,16.860074005211207,41.09773009884011,16.860532461562137
flow_0_2178,41.09635234466292,16.861941330534812,41.09637137649532,16.8615997833262,41.09788351207976,16.86008527251128,41.097886790174485,16.85993247707892
flow_0_2179,41.09635234466292,16.861941330534812,41.09637137649532,16.8615997833262,41.097886790174485,16.85993247707892,41.097887056561405,16.859358083149928
flow_0_2180,41.09635234466292,16.861941330534812,41.09637137649532,16.8615997833262,41.09752079197923,16.86113857805688,41.097541272342,16.861158803055236
flow_0_2181,41.09635234466292,16.861941330534812,41.09637137649532,16.8615997833262,41.09346290764322,16.859512259912492,41.0937563740557,16.85923859402608
flow_0_2182,41.09635234466292,16.861941330534812,41.09637137649532,16.8615997833262,41.09575898407665,16.861403291409037,41.09556026737646,16.861799770540163
flow_0_2183,41.09635234466292,16.861941330534812,41.09637137649532,16.8615997833262,41.09556026737646,16.861799770540163,41.09428507077666,16.861822930016572
flow_0_2184,41.09635234466292,16.861941330534812,41.09637137649532,16.8615997833262,41.09717022441964,16.862141610446756,41.09717150257013,16.862346685598727
flow_0_2185,41.09635234466292,16.861941330534812,41.09637137649532,16.8615997833262,41.094497059549575,16.854662484304253,41.09459493177244,16.85467607291383
flow_0_2186,41.09635234466292,16.861941330534812,41.09637137649532,16.8615997833262,41.093159424293006,16.861119861413044,41.092910609638544,16.861550868324073
flow_0_2187,41.09635234466292,16.861941330534812,41.09637137649532,16.8615997833262,41.094611131446,16.86076995428607,41.09433377805168,16.860614722600705
flow_0_2188,41.09635234466292,16.861941330534812,41.09637137649532,16.8615997833262,41.094481033476846,16.855484180652265,41.09590934506375,16.85589778274809
flow_0_2189,41.09635234466292,16.861941330534812,41.09637137649532,16.8615997833262,41.09320904205983,16.86036794969964,41.093226008438016,16.859824905081403
flow_0_2190,41.09389978504193,16.86089441913475,41.09390877175432,16.860555577386883,41.09628587040379,16.863506396736675,41.09627339570725,16.863759660301465
flow_0_2191,41.09389978504193,16.86089441913475,41.09390877175432,16.860555577386883,41.09267829914716,16.854073630954087,41.09207574955028,16.85389154719994
flow_0_2192,41.09389978504193,16.86089441913475,41.09390877175432,16.860555577386883,41.09717150257013,16.862346685598727,41.09717022441964,16.862141610446756
flow_0_2193,41.09389978504193,16.86089441913475,41.09390877175432,16.860555577386883,41.09782874807601,16.858422322289133,41.09720965467912,16.86010828803053
flow_0_2194,41.09389978504193,16.86089441913475,41.09390877175432,16.860555577386883,41.09590934506375,16.85589778274809,41.094481033476846,16.855484180652265
flow_0_2195,41.09389978504193,16.86089441913475,41.09390877175432,16.860555577386883,41.09390877175432,16.860555577386883,41.09389978504193,16.86089441913475
flow_0_2196,41.09389978504193,16.86089441913475,41.09390877175432,16.860555577386883,41.09289989869124,16.857979997773366,41.09252833667128,16.85806965698529
flow_0_2197,41.09389978504193,16.86089441913475,41.09390877175432,16.860555577386883,41.09575898407665,16.861403291409037,41.09578940828096,16.861627521735652
flow_0_2198,41.09389978504193,16.86089441913475,41.09390877175432,16.860555577386883,41.09577203818025,16.86132567064774,41.09575898407665,16.861403291409037
flow_0_2199,41.09389978504193,16.86089441913475,41.09390877175432,16.860555577386883,41.09326327598272,16.856459442663375,41.09325705252129,16.85653261037847
flow_0_2200,41.09389978504193,16.86089441913475,41.09390877175432,16.860555577386883,41.09588692434208,16.86204201283392,41.096023183819085,16.86206015013157
flow_0_2201,41.09389978504193,16.86089441913475,41.09390877175432,16.860555577386883,41.096023183819085,16.86206015013157,41.09607053280287,16.862073156374553
flow_0_2202,41.09389978504193,16.86089441913475,41.09390877175432,16.860555577386883,41.09607053280287,16.862073156374553,41.09624619327664,16.862345189534487
flow_0_2203,41.09389978504193,16.86089441913475,41.09390877175432,16.860555577386883,41.09406666971318,16.861809974981103,41.09374076152227,16.861733142040123
flow_0_2204,41.09389978504193,16.86089441913475,41.09390877175432,16.860555577386883,41.09428507077666,16.861822930016572,41.094248634240174,16.861820234016683
flow_0_2205,41.09389978504193,16.86089441913475,41.09390877175432,16.860555577386883,41.09422326217536,16.861818445841735,41.09406666971318,16.861809974981103
flow_0_2206,41.09389978504193,16.86089441913475,41.09390877175432,16.860555577386883,41.09606913880409,16.857384087393385,41.09607773810893,16.85711333011326
flow_0_2207,41.09389978504193,16.86089441913475,41.09390877175432,16.860555577386883,41.093433790346566,16.855687830843742,41.09352569242476,16.85465158647345
flow_0_2208,41.09389978504193,16.86089441913475,41.09390877175432,16.860555577386883,41.09257525037648,16.866055037799217,41.08991586912939,16.865878687144406
flow_0_2209,41.09389978504193,16.86089441913475,41.09390877175432,16.860555577386883,41.09637979984023,16.861535604961926,41.096390396588056,16.86145398483175
flow_0_2210,41.09389978504193,16.86089441913475,41.09390877175432,16.860555577386883,41.096390396588056,16.86145398483175,41.09617566373433,16.86105237527639
flow_0_2211,41.09389978504193,16.86089441913475,41.09390877175432,16.860555577386883,41.09333584930795,16.855672929401177,41.09331846638719,16.855846153569416
flow_0_2212,41.09389978504193,16.86089441913475,41.09390877175432,16.860555577386883,41.09331846638719,16.855846153569416,41.09330344191395,16.855984796607544
flow_0_2213,41.09389978504193,16.86089441913475,41.09390877175432,16.860555577386883,41.09328897220411,16.85615607855325,41.093276282258536,16.856306336332803
flow_0_2214,41.09389978504193,16.86089441913475,41.09390877175432,16.860555577386883,41.09309962997091,16.8641768999245,41.09122003932151,16.863954806076606
flow_0_2215,41.09389978504193,16.86089441913475,41.09390877175432,16.860555577386883,41.09590934506375,16.85589778274809,41.09589464404242,16.856597607978603
flow_0_2216,41.09389978504193,16.86089441913475,41.09390877175432,16.860555577386883,41.095864883749904,16.858939789299576,41.09579879841287,16.860483307032734
flow_0_2217,41.09389978504193,16.86089441913475,41.09390877175432,16.860555577386883,41.09410258065408,16.854547680343014,41.0940220774019,16.854495884667088
flow_0_2218,41.09389978504193,16.86089441913475,41.09390877175432,16.860555577386883,41.09290701188394,16.85345153155061,41.09274366748828,16.853398004520955
flow_0_2219,41.09389978504193,16.86089441913475,41.09390877175432,16.860555577386883,41.09289989869124,16.857979997773366,41.0924620240455,16.857540225068156
flow_0_2220,41.09389978504193,16.86089441913475,41.09390877175432,16.860555577386883,41.09762167433529,16.86078183182401,41.0975908593457,16.860854905020272
flow_0_2221,41.09389978504193,16.86089441913475,41.09390877175432,16.860555577386883,41.09783406893447,16.85935956518292,41.09781757948696,16.860074005211207
flow_0_2222,41.09389978504193,16.86089441913475,41.09390877175432,16.860555577386883,41.09781757948696,16.860074005211207,41.09773009884011,16.860532461562137
flow_0_2223,41.09389978504193,16.86089441913475,41.09390877175432,16.860555577386883,41.09788351207976,16.86008527251128,41.097886790174485,16.85993247707892
flow_0_2224,41.09389978504193,16.86089441913475,41.09390877175432,16.860555577386883,41.097886790174485,16.85993247707892,41.097887056561405,16.859358083149928
flow_0_2225,41.09389978504193,16.86089441913475,41.09390877175432,16.860555577386883,41.09752079197923,16.86113857805688,41.097541272342,16.861158803055236
flow_0_2226,41.09389978504193,16.86089441913475,41.09390877175432,16.860555577386883,41.09346290764322,16.859512259912492,41.0937563740557,16.85923859402608
flow_0_2227,41.09389978504193,16.86089441913475,41.09390877175432,16.860555577386883,41.09575898407665,16.861403291409037,41.09556026737646,16.861799770540163
flow_0_2228,41.09389978504193,16.86089441913475,41.09390877175432,16.860555577386883,41.09556026737646,16.861799770540163,41.09428507077666,16.861822930016572
flow_0_2229,41.09389978504193,16.86089441913475,41.09390877175432,16.860555577386883,41.09717022441964,16.862141610446756,41.09717150257013,16.862346685598727
flow_0_2230,41.09389978504193,16.86089441913475,41.09390877175432,16.860555577386883,41.094497059549575,16.854662484304253,41.09459493177244,16.85467607291383
flow_0_2231,41.09389978504193,16.86089441913475,41.09390877175432,16.860555577386883,41.093159424293006,16.861119861413044,41.092910609638544,16.861550868324073
flow_0_2232,41.09389978504193,16.86089441913475,41.09390877175432,16.860555577386883,41.094611131446,16.86076995428607,41.09433377805168,16.860614722600705
flow_0_2233,41.09389978504193,16.86089441913475,41.09390877175432,16.860555577386883,41.094481033476846,16.855484180652265,41.09590934506375,16.85589778274809
flow_0_2234,41.09389978504193,16.86089441913475,41.09390877175432,16.860555577386883,41.09320904205983,16.86036794969964,41.093226008438016,16.859824905081403
flow_0_2235,41.09306758362873,16.865583197526423,41.09308146146672,16.866222243461014,41.09628587040379,16.863506396736675,41.09627339570725,16.863759660301465
flow_0_2236,41.09306758362873,16.865583197526423,41.09308146146672,16.866222243461014,41.09267829914716,16.854073630954087,41.09207574955028,16.85389154719994
flow_0_2237,41.09306758362873,16.865583197526423,41.09308146146672,16.866222243461014,41.09717150257013,16.862346685598727,41.09717022441964,16.862141610446756
flow_0_2238,41.09306758362873,16.865583197526423,41.09308146146672,16.866222243461014,41.09782874807601,16.858422322289133,41.09720965467912,16.86010828803053
flow_0_2239,41.09306758362873,16.865583197526423,41.09308146146672,16.866222243461014,41.09590934506375,16.85589778274809,41.094481033476846,16.855484180652265
flow_0_2240,41.09306758362873,16.865583197526423,41.09308146146672,16.866222243461014,41.09390877175432,16.860555577386883,41.09389978504193,16.86089441913475
flow_0_2241,41.09306758362873,16.865583197526423,41.09308146146672,16.866222243461014,41.09289989869124,16.857979997773366,41.09252833667128,16.85806965698529
flow_0_2242,41.09306758362873,16.865583197526423,41.09308146146672,16.866222243461014,41.09575898407665,16.861403291409037,41.09578940828096,16.861627521735652
flow_0_2243,41.09306758362873,16.865583197526423,41.09308146146672,16.866222243461014,41.09577203818025,16.86132567064774,41.09575898407665,16.861403291409037
flow_0_2244,41.09306758362873,16.865583197526423,41.09308146146672,16.866222243461014,41.09326327598272,16.856459442663375,41.09325705252129,16.85653261037847
flow_0_2245,41.09306758362873,16.865583197526423,41.09308146146672,16.866222243461014,41.09588692434208,16.86204201283392,41.096023183819085,16.86206015013157
flow_0_2246,41.09306758362873,16.865583197526423,41.09308146146672,16.866222243461014,41.096023183819085,16.86206015013157,41.09607053280287,16.862073156374553
flow_0_2247,41.09306758362873,16.865583197526423,41.09308146146672,16.866222243461014,41.09607053280287,16.862073156374553,41.09624619327664,16.862345189534487
flow_0_2248,41.09306758362873,16.865583197526423,41.09308146146672,16.866222243461014,41.09406666971318,16.861809974981103,41.09374076152227,16.861733142040123
flow_0_2249,41.09306758362873,16.865583197526423,41.09308146146672,16.866222243461014,41.09428507077666,16.861822930016572,41.094248634240174,16.861820234016683
flow_0_2250,41.09306758362873,16.865583197526423,41.09308146146672,16.866222243461014,41.09422326217536,16.861818445841735,41.09406666971318,16.861809974981103
flow_0_2251,41.09306758362873,16.865583197526423,41.09308146146672,16.866222243461014,41.09606913880409,16.857384087393385,41.09607773810893,16.85711333011326
flow_0_2252,41.09306758362873,16.865583197526423,41.09308146146672,16.866222243461014,41.093433790346566,16.855687830843742,41.09352569242476,16.85465158647345
flow_0_2253,41.09306758362873,16.865583197526423,41.09308146146672,16.866222243461014,41.09257525037648,16.866055037799217,41.08991586912939,16.865878687144406
flow_0_2254,41.09306758362873,16.865583197526423,41.09308146146672,16.866222243461014,41.09637979984023,16.861535604961926,41.096390396588056,16.86145398483175
flow_0_2255,41.09306758362873,16.865583197526423,41.09308146146672,16.866222243461014,41.096390396588056,16.86145398483175,41.09617566373433,16.86105237527639
flow_0_2256,41.09306758362873,16.865583197526423,41.09308146146672,16.866222243461014,41.09333584930795,16.855672929401177,41.09331846638719,16.855846153569416
flow_0_2257,41.09306758362873,16.865583197526423,41.09308146146672,16.866222243461014,41.09331846638719,16.855846153569416,41.09330344191395,16.855984796607544
flow_0_2258,41.09306758362873,16.865583197526423,41.09308146146672,16.866222243461014,41.09328897220411,16.85615607855325,41.093276282258536,16.856306336332803
flow_0_2259,41.09306758362873,16.865583197526423,41.09308146146672,16.866222243461014,41.09309962997091,16.8641768999245,41.09122003932151,16.863954806076606
flow_0_2260,41.09306758362873,16.865583197526423,41.09308146146672,16.866222243461014,41.09590934506375,16.85589778274809,41.09589464404242,16.856597607978603
flow_0_2261,41.09306758362873,16.865583197526423,41.09308146146672,16.866222243461014,41.095864883749904,16.858939789299576,41.09579879841287,16.860483307032734
flow_0_2262,41.09306758362873,16.865583197526423,41.09308146146672,16.866222243461014,41.09410258065408,16.854547680343014,41.0940220774019,16.854495884667088
flow_0_2263,41.09306758362873,16.865583197526423,41.09308146146672,16.866222243461014,41.09290701188394,16.85345153155061,41.09274366748828,16.853398004520955
flow_0_2264,41.09306758362873,16.865583197526423,41.09308146146672,16.866222243461014,41.09289989869124,16.857979997773366,41.0924620240455,16.857540225068156
flow_0_2265,41.09306758362873,16.865583197526423,41.09308146146672,16.866222243461014,41.09762167433529,16.86078183182401,41.0975908593457,16.860854905020272
flow_0_2266,41.09306758362873,16.865583197526423,41.09308146146672,16.866222243461014,41.09783406893447,16.85935956518292,41.09781757948696,16.860074005211207
flow_0_2267,41.09306758362873,16.865583197526423,41.09308146146672,16.866222243461014,41.09781757948696,16.860074005211207,41.09773009884011,16.860532461562137
flow_0_2268,41.09306758362873,16.865583197526423,41.09308146146672,16.866222243461014,41.09788351207976,16.86008527251128,41.097886790174485,16.85993247707892
flow_0_2269,41.09306758362873,16.865583197526423,41.09308146146672,16.866222243461014,41.097886790174485,16.85993247707892,41.097887056561405,16.859358083149928
flow_0_2270,41.09306758362873,16.865583197526423,41.09308146146672,16.866222243461014,41.09752079197923,16.86113857805688,41.097541272342,16.861158803055236
flow_0_2271,41.09306758362873,16.865583197526423,41.09308146146672,16.866222243461014,41.09346290764322,16.859512259912492,41.0937563740557,16.85923859402608
flow_0_2272,41.09306758362873,16.865583197526423,41.09308146146672,16.866222243461014,41.09575898407665,16.861403291409037,41.09556026737646,16.861799770540163
flow_0_2273,41.09306758362873,16.865583197526423,41.09308146146672,16.866222243461014,41.09556026737646,16.861799770540163,41.09428507077666,16.861822930016572
flow_0_2274,41.09306758362873,16.865583197526423,41.09308146146672,16.866222243461014,41.09717022441964,16.862141610446756,41.09717150257013,16.862346685598727
flow_0_2275,41.09306758362873,16.865583197526423,41.09308146146672,16.866222243461014,41.094497059549575,16.854662484304253,41.09459493177244,16.85467607291383
flow_0_2276,41.09306758362873,16.865583197526423,41.09308146146672,16.866222243461014,41.093159424293006,16.861119861413044,41.092910609638544,16.861550868324073
flow_0_2277,41.09306758362873,16.865583197526423,41.09308146146672,16.866222243461014,41.094611131446,16.86076995428607,41.09433377805168,16.860614722600705
flow_0_2278,41.09306758362873,16.865583197526423,41.09308146146672,16.866222243461014,41.094481033476846,16.855484180652265,41.09590934506375,16.85589778274809
flow_0_2279,41.09306758362873,16.865583197526423,41.09308146146672,16.866222243461014,41.09320904205983,16.86036794969964,41.093226008438016,16.859824905081403
flow_0_2280,41.09274366748828,16.853398004520955,41.09267829914716,16.854073630954087,41.09628587040379,16.863506396736675,41.09627339570725,16.863759660301465
flow_0_2281,41.09274366748828,16.853398004520955,41.09267829914716,16.854073630954087,41.09267829914716,16.854073630954087,41.09207574955028,16.85389154719994
flow_0_2282,41.09274366748828,16.853398004520955,41.09267829914716,16.854073630954087,41.09717150257013,16.862346685598727,41.09717022441964,16.862141610446756
flow_0_2283,41.09274366748828,16.853398004520955,41.09267829914716,16.854073630954087,41.09782874807601,16.858422322289133,41.09720965467912,16.86010828803053
flow_0_2284,41.09274366748828,16.853398004520955,41.09267829914716,16.854073630954087,41.09590934506375,16.85589778274809,41.094481033476846,16.855484180652265
flow_0_2285,41.09274366748828,16.853398004520955,41.09267829914716,16.854073630954087,41.09390877175432,16.860555577386883,41.09389978504193,16.86089441913475
flow_0_2286,41.09274366748828,16.853398004520955,41.09267829914716,16.854073630954087,41.09289989869124,16.857979997773366,41.09252833667128,16.85806965698529
flow_0_2287,41.09274366748828,16.853398004520955,41.09267829914716,16.854073630954087,41.09575898407665,16.861403291409037,41.09578940828096,16.861627521735652
flow_0_2288,41.09274366748828,16.853398004520955,41.09267829914716,16.854073630954087,41.09577203818025,16.86132567064774,41.09575898407665,16.861403291409037
flow_0_2289,41.09274366748828,16.853398004520955,41.09267829914716,16.854073630954087,41.09326327598272,16.856459442663375,41.09325705252129,16.85653261037847
flow_0_2290,41.09274366748828,16.853398004520955,41.09267829914716,16.854073630954087,41.09588692434208,16.86204201283392,41.096023183819085,16.86206015013157
flow_0_2291,41.09274366748828,16.853398004520955,41.09267829914716,16.854073630954087,41.096023183819085,16.86206015013157,41.09607053280287,16.862073156374553
flow_0_2292,41.09274366748828,16.853398004520955,41.09267829914716,16.854073630954087,41.09607053280287,16.862073156374553,41.09624619327664,16.862345189534487
flow_0_2293,41.09274366748828,16.853398004520955,41.09267829914716,16.854073630954087,41.09406666971318,16.861809974981103,41.09374076152227,16.861733142040123
flow_0_2294,41.09274366748828,16.853398004520955,41.09267829914716,16.854073630954087,41.09428507077666,16.861822930016572,41.094248634240174,16.861820234016683
flow_0_2295,41.09274366748828,16.853398004520955,41.09267829914716,16.854073630954087,41.09422326217536,16.861818445841735,41.09406666971318,16.861809974981103
flow_0_2296,41.09274366748828,16.853398004520955,41.09267829914716,16.854073630954087,41.09606913880409,16.857384087393385,41.09607773810893,16.85711333011326
flow_0_2297,41.09274366748828,16.853398004520955,41.09267829914716,16.854073630954087,41.093433790346566,16.855687830843742,41.09352569242476,16.85465158647345
flow_0_2298,41.09274366748828,16.853398004520955,41.09267829914716,16.854073630954087,41.09257525037648,16.866055037799217,41.08991586912939,16.865878687144406
flow_0_2299,41.09274366748828,16.853398004520955,41.09267829914716,16.854073630954087,41.09637979984023,16.861535604961926,41.096390396588056,16.86145398483175
flow_0_2300,41.09274366748828,16.853398004520955,41.09267829914716,16.854073630954087,41.096390396588056,16.86145398483175,41.09617566373433,16.86105237527639
flow_0_2301,41.09274366748828,16.853398004520955,41.09267829914716,16.854073630954087,41.09333584930795,16.855672929401177,41.09331846638719,16.855846153569416
flow_0_2302,41.09274366748828,16.853398004520955,41.09267829914716,16.854073630954087,41.09331846638719,16.855846153569416,41.09330344191395,16.855984796607544
flow_0_2303,41.09274366748828,16.853398004520955,41.09267829914716,16.854073630954087,41.09328897220411,16.85615607855325,41.093276282258536,16.856306336332803
flow_0_2304,41.09274366748828,16.853398004520955,41.09267829914716,16.854073630954087,41.09309962997091,16.8641768999245,41.09122003932151,16.863954806076606
flow_0_2305,41.09274366748828,16.853398004520955,41.09267829914716,16.854073630954087,41.09590934506375,16.85589778274809,41.09589464404242,16.856597607978603
flow_0_2306,41.09274366748828,16.853398004520955,41.09267829914716,16.854073630954087,41.095864883749904,16.858939789299576,41.09579879841287,16.860483307032734
flow_0_2307,41.09274366748828,16.853398004520955,41.09267829914716,16.854073630954087,41.09410258065408,16.854547680343014,41.0940220774019,16.854495884667088
flow_0_2308,41.09274366748828,16.853398004520955,41.09267829914716,16.854073630954087,41.09290701188394,16.85345153155061,41.09274366748828,16.853398004520955
flow_0_2309,41.09274366748828,16.853398004520955,41.09267829914716,16.854073630954087,41.09289989869124,16.857979997773366,41.0924620240455,16.857540225068156
flow_0_2310,41.09274366748828,16.853398004520955,41.09267829914716,16.854073630954087,41.09762167433529,16.86078183182401,41.0975908593457,16.860854905020272
flow_0_2311,41.09274366748828,16.853398004520955,41.09267829914716,16.854073630954087,41.09783406893447,16.85935956518292,41.09781757948696,16.860074005211207
flow_0_2312,41.09274366748828,16.853398004520955,41.09267829914716,16.854073630954087,41.09781757948696,16.860074005211207,41.09773009884011,16.860532461562137
flow_0_2313,41.09274366748828,16.853398004520955,41.09267829914716,16.854073630954087,41.09788351207976,16.86008527251128,41.097886790174485,16.85993247707892
flow_0_2314,41.09274366748828,16.853398004520955,41.09267829914716,16.854073630954087,41.097886790174485,16.85993247707892,41.097887056561405,16.859358083149928
flow_0_2315,41.09274366748828,16.853398004520955,41.09267829914716,16.854073630954087,41.09752079197923,16.86113857805688,41.097541272342,16.861158803055236
flow_0_2316,41.09274366748828,16.853398004520955,41.09267829914716,16.854073630954087,41.09346290764322,16.859512259912492,41.0937563740557,16.85923859402608
flow_0_2317,41.09274366748828,16.853398004520955,41.09267829914716,16.854073630954087,41.09575898407665,16.861403291409037,41.09556026737646,16.861799770540163
flow_0_2318,41.09274366748828,16.853398004520955,41.09267829914716,16.854073630954087,41.09556026737646,16.861799770540163,41.09428507077666,16.861822930016572
flow_0_2319,41.09274366748828,16.853398004520955,41.09267829914716,16.854073630954087,41.09717022441964,16.862141610446756,41.09717150257013,16.862346685598727
flow_0_2320,41.09274366748828,16.853398004520955,41.09267829914716,16.854073630954087,41.094497059549575,16.854662484304253,41.09459493177244,16.85467607291383
flow_0_2321,41.09274366748828,16.853398004520955,41.09267829914716,16.854073630954087,41.093159424293006,16.861119861413044,41.092910609638544,16.861550868324073
flow_0_2322,41.09274366748828,16.853398004520955,41.09267829914716,16.854073630954087,41.094611131446,16.86076995428607,41.09433377805168,16.860614722600705
flow_0_2323,41.09274366748828,16.853398004520955,41.09267829914716,16.854073630954087,41.094481033476846,16.855484180652265,41.09590934506375,16.85589778274809
flow_0_2324,41.09274366748828,16.853398004520955,41.09267829914716,16.854073630954087,41.09320904205983,16.86036794969964,41.093226008438016,16.859824905081403
flow_0_2325,41.09628456505594,16.860940786798917,41.096145265720544,16.8609156599333,41.09628587040379,16.863506396736675,41.09627339570725,16.863759660301465
flow_0_2326,41.09628456505594,16.860940786798917,41.096145265720544,16.8609156599333,41.09267829914716,16.854073630954087,41.09207574955028,16.85389154719994
flow_0_2327,41.09628456505594,16.860940786798917,41.096145265720544,16.8609156599333,41.09717150257013,16.862346685598727,41.09717022441964,16.862141610446756
flow_0_2328,41.09628456505594,16.860940786798917,41.096145265720544,16.8609156599333,41.09782874807601,16.858422322289133,41.09720965467912,16.86010828803053
flow_0_2329,41.09628456505594,16.860940786798917,41.096145265720544,16.8609156599333,41.09590934506375,16.85589778274809,41.094481033476846,16.855484180652265
flow_0_2330,41.09628456505594,16.860940786798917,41.096145265720544,16.8609156599333,41.09390877175432,16.860555577386883,41.09389978504193,16.86089441913475
flow_0_2331,41.09628456505594,16.860940786798917,41.096145265720544,16.8609156599333,41.09289989869124,16.857979997773366,41.09252833667128,16.85806965698529
flow_0_2332,41.09628456505594,16.860940786798917,41.096145265720544,16.8609156599333,41.09575898407665,16.861403291409037,41.09578940828096,16.861627521735652
flow_0_2333,41.09628456505594,16.860940786798917,41.096145265720544,16.8609156599333,41.09577203818025,16.86132567064774,41.09575898407665,16.861403291409037
flow_0_2334,41.09628456505594,16.860940786798917,41.096145265720544,16.8609156599333,41.09326327598272,16.856459442663375,41.09325705252129,16.85653261037847
flow_0_2335,41.09628456505594,16.860940786798917,41.096145265720544,16.8609156599333,41.09588692434208,16.86204201283392,41.096023183819085,16.86206015013157
flow_0_2336,41.09628456505594,16.860940786798917,41.096145265720544,16.8609156599333,41.096023183819085,16.86206015013157,41.09607053280287,16.862073156374553
flow_0_2337,41.09628456505594,16.860940786798917,41.096145265720544,16.8609156599333,41.09607053280287,16.862073156374553,41.09624619327664,16.862345189534487
flow_0_2338,41.09628456505594,16.860940786798917,41.096145265720544,16.8609156599333,41.09406666971318,16.861809974981103,41.09374076152227,16.861733142040123
flow_0_2339,41.09628456505594,16.860940786798917,41.096145265720544,16.8609156599333,41.09428507077666,16.861822930016572,41.094248634240174,16.861820234016683
flow_0_2340,41.09628456505594,16.860940786798917,41.096145265720544,16.8609156599333,41.09422326217536,16.861818445841735,41.09406666971318,16.861809974981103
flow_0_2341,41.09628456505594,16.860940786798917,41.096145265720544,16.8609156599333,41.09606913880409,16.857384087393385,41.09607773810893,16.85711333011326
flow_0_2342,41.09628456505594,16.860940786798917,41.096145265720544,16.8609156599333,41.093433790346566,16.855687830843742,41.09352569242476,16.85465158647345
flow_0_2343,41.09628456505594,16.860940786798917,41.096145265720544,16.8609156599333,41.09257525037648,16.866055037799217,41.08991586912939,16.865878687144406
flow_0_2344,41.09628456505594,16.860940786798917,41.096145265720544,16.8609156599333,41.09637979984023,16.861535604961926,41.096390396588056,16.86145398483175
flow_0_2345,41.09628456505594,16.860940786798917,41.096145265720544,16.8609156599333,41.096390396588056,16.86145398483175,41.09617566373433,16.86105237527639
flow_0_2346,41.09628456505594,16.860940786798917,41.096145265720544,16.8609156599333,41.09333584930795,16.855672929401177,41.09331846638719,16.855846153569416
flow_0_2347,41.09628456505594,16.860940786798917,41.096145265720544,16.8609156599333,41.09331846638719,16.855846153569416,41.09330344191395,16.855984796607544
flow_0_2348,41.09628456505594,16.860940786798917,41.096145265720544,16.8609156599333,41.09328897220411,16.85615607855325,41.093276282258536,16.856306336332803
flow_0_2349,41.09628456505594,16.860940786798917,41.096145265720544,16.8609156599333,41.09309962997091,16.8641768999245,41.09122003932151,16.863954806076606
flow_0_2350,41.09628456505594,16.860940786798917,41.096145265720544,16.8609156599333,41.09590934506375,16.85589778274809,41.09589464404242,16.856597607978603
flow_0_2351,41.09628456505594,16.860940786798917,41.096145265720544,16.8609156599333,41.095864883749904,16.858939789299576,41.09579879841287,16.860483307032734
flow_0_2352,41.09628456505594,16.860940786798917,41.096145265720544,16.8609156599333,41.09410258065408,16.854547680343014,41.0940220774019,16.854495884667088
flow_0_2353,41.09628456505594,16.860940786798917,41.096145265720544,16.8609156599333,41.09290701188394,16.85345153155061,41.09274366748828,16.853398004520955
flow_0_2354,41.09628456505594,16.860940786798917,41.096145265720544,16.8609156599333,41.09289989869124,16.857979997773366,41.0924620240455,16.857540225068156
flow_0_2355,41.09628456505594,16.860940786798917,41.096145265720544,16.8609156599333,41.09762167433529,16.86078183182401,41.0975908593457,16.860854905020272
flow_0_2356,41.09628456505594,16.860940786798917,41.096145265720544,16.8609156599333,41.09783406893447,16.85935956518292,41.09781757948696,16.860074005211207
flow_0_2357,41.09628456505594,16.860940786798917,41.096145265720544,16.8609156599333,41.09781757948696,16.860074005211207,41.09773009884011,16.860532461562137
flow_0_2358,41.09628456505594,16.860940786798917,41.096145265720544,16.8609156599333,41.09788351207976,16.86008527251128,41.097886790174485,16.85993247707892
flow_0_2359,41.09628456505594,16.860940786798917,41.096145265720544,16.8609156599333,41.097886790174485,16.85993247707892,41.097887056561405,16.859358083149928
flow_0_2360,41.09628456505594,16.860940786798917,41.096145265720544,16.8609156599333,41.09752079197923,16.86113857805688,41.097541272342,16.861158803055236
flow_0_2361,41.09628456505594,16.860940786798917,41.096145265720544,16.8609156599333,41.09346290764322,16.859512259912492,41.0937563740557,16.85923859402608
flow_0_2362,41.09628456505594,16.860940786798917,41.096145265720544,16.8609156599333,41.09575898407665,16.861403291409037,41.09556026737646,16.861799770540163
flow_0_2363,41.09628456505594,16.860940786798917,41.096145265720544,16.8609156599333,41.09556026737646,16.861799770540163,41.09428507077666,16.861822930016572
flow_0_2364,41.09628456505594,16.860940786798917,41.096145265720544,16.8609156599333,41.09717022441964,16.862141610446756,41.09717150257013,16.862346685598727
flow_0_2365,41.09628456505594,16.860940786798917,41.096145265720544,16.8609156599333,41.094497059549575,16.854662484304253,41.09459493177244,16.85467607291383
flow_0_2366,41.09628456505594,16.860940786798917,41.096145265720544,16.8609156599333,41.093159424293006,16.861119861413044,41.092910609638544,16.861550868324073
flow_0_2367,41.09628456505594,16.860940786798917,41.096145265720544,16.8609156599333,41.094611131446,16.86076995428607,41.09433377805168,16.860614722600705
flow_0_2368,41.09628456505594,16.860940786798917,41.096145265720544,16.8609156599333,41.094481033476846,16.855484180652265,41.09590934506375,16.85589778274809
flow_0_2369,41.09628456505594,16.860940786798917,41.096145265720544,16.8609156599333,41.09320904205983,16.86036794969964,41.093226008438016,16.859824905081403
