Flow ID,Start Edge ID,End Edge ID,Flow Length,Start From Lat,Start From Lon,Start To Lat,Start To Lon,End From Lat,End From Lon,End To Lat,End To Lon,Random_const,Gamma,Gamma_agg,Gamma_norm,Start Count,End Count
0_1,-114953453#6,-25654991#0,17,41.09252833667128,16.85806965698529,41.09289989869124,16.857979997773366,41.09267829914716,16.854073630954087,41.09207574955028,16.85389154719994,0.9266641168329535,0.054509653931350203,2.3123438047890357,0.023573334474941254,44.0,0.0
0_2,-114953453#6,-33831688,36,41.09252833667128,16.85806965698529,41.09289989869124,16.857979997773366,41.09717150257013,16.862346685598727,41.09717022441964,16.862141610446756,0.6618177446947666,0.018383826241521295,2.3123438047890357,0.00795029969308501,44.0,0.0
0_3,-114953453#6,-48874524,29,41.09252833667128,16.85806965698529,41.09289989869124,16.857979997773366,41.09782874807601,16.858422322289133,41.09720965467912,16.86010828803053,0.8321411462188394,0.028694522283408255,2.3123438047890357,0.01240928023937434,44.0,0.0
0_4,-114953453#6,-50077954,22,41.09252833667128,16.85806965698529,41.09289989869124,16.857979997773366,41.09590934506375,16.85589778274809,41.094481033476846,16.855484180652265,0.9704461114215562,0.04411118688279801,2.3123438047890357,0.01907639633493967,44.0,0.0
0_5,-114953453#6,-50370694#0,28,41.09252833667128,16.85806965698529,41.09289989869124,16.857979997773366,41.09390877175432,16.860555577386883,41.09389978504193,16.86089441913475,0.62700939906714,0.02239319282382643,2.3123438047890357,0.009684196950924194,44.0,0.0
0_6,-114953453#6,114953453#6,2,41.09252833667128,16.85806965698529,41.09289989869124,16.857979997773366,41.09289989869124,16.857979997773366,41.09252833667128,16.85806965698529,0.7795740674928804,0.3897870337464402,2.3123438047890357,0.16856794086552454,44.0,0.0
0_7,-114953453#6,1223050325#0,19,41.09252833667128,16.85806965698529,41.09289989869124,16.857979997773366,41.09575898407665,16.861403291409037,41.09578940828096,16.861627521735652,0.6949761479564185,0.03657769199770623,2.3123438047890357,0.01581844876265853,44.0,0.0
0_8,-114953453#6,1223050326,18,41.09252833667128,16.85806965698529,41.09289989869124,16.857979997773366,41.09577203818025,16.86132567064774,41.09575898407665,16.861403291409037,0.5046508301219521,0.028036157228997338,2.3123438047890357,0.01212456260653471,44.0,0.0
0_9,-114953453#6,1226960836#1,19,41.09252833667128,16.85806965698529,41.09289989869124,16.857979997773366,41.09326327598272,16.856459442663375,41.09325705252129,16.85653261037847,0.5438548033653654,0.028623937019229755,2.3123438047890357,0.01237875482008664,44.0,0.0
0_10,-114953453#6,131750844#7,22,41.09252833667128,16.85806965698529,41.09289989869124,16.857979997773366,41.09588692434208,16.86204201283392,41.096023183819085,16.86206015013157,0.5011813433004217,0.022780970150019172,2.3123438047890357,0.009851895770359966,44.0,0.0
0_11,-114953453#6,131750844#8,23,41.09252833667128,16.85806965698529,41.09289989869124,16.857979997773366,41.096023183819085,16.86206015013157,41.09607053280287,16.862073156374553,0.56083500482713,0.024384130644657824,2.3123438047890357,0.010545201191170828,44.0,0.0
0_12,-114953453#6,131750844#9,24,41.09252833667128,16.85806965698529,41.09289989869124,16.857979997773366,41.09607053280287,16.862073156374553,41.09624619327664,16.862345189534487,0.7262631814965901,0.03026096589569125,2.3123438047890357,0.013086707016931714,44.0,0.0
0_13,-114953453#6,131750850#0,24,41.09252833667128,16.85806965698529,41.09289989869124,16.857979997773366,41.09406666971318,16.861809974981103,41.09374076152227,16.861733142040123,0.751966851962313,0.03133195216509638,2.3123438047890357,0.013549867498165964,44.0,0.0
0_14,-114953453#6,131750853#0,21,41.09252833667128,16.85806965698529,41.09289989869124,16.857979997773366,41.09428507077666,16.861822930016572,41.094248634240174,16.861820234016683,0.7244214825835535,0.03449626107540731,2.3123438047890357,0.014918309727110213,44.0,0.0
0_15,-114953453#6,131750853#2,23,41.09252833667128,16.85806965698529,41.09289989869124,16.857979997773366,41.09422326217536,16.861818445841735,41.09406666971318,16.861809974981103,0.6193520411334162,0.026928349614496357,2.3123438047890357,0.01164547830591876,44.0,0.0
0_16,-114953453#6,131752095#2,17,41.09252833667128,16.85806965698529,41.09289989869124,16.857979997773366,41.09606913880409,16.857384087393385,41.09607773810893,16.85711333011326,0.9492031302183095,0.05583547824813585,2.3123438047890357,0.024146702636734397,44.0,0.0
0_17,-114953453#6,25817423#3,10,41.09252833667128,16.85806965698529,41.09289989869124,16.857979997773366,41.093433790346566,16.855687830843742,41.09352569242476,16.85465158647345,0.5375183243901198,0.053751832439011986,2.3123438047890357,0.023245605747591665,44.0,0.0
0_18,-114953453#6,25817735#2,42,41.09252833667128,16.85806965698529,41.09289989869124,16.857979997773366,41.09257525037648,16.866055037799217,41.08991586912939,16.865878687144406,0.8173348361596349,0.01946035324189607,2.3123438047890357,0.00841585632793542,44.0,0.0
0_19,-114953453#6,25819014#1,23,41.09252833667128,16.85806965698529,41.09289989869124,16.857979997773366,41.09637979984023,16.861535604961926,41.096390396588056,16.86145398483175,0.7236257972275318,0.03146199118380573,2.3123438047890357,0.013606104385794885,44.0,0.0
0_20,-114953453#6,25819014#2,24,41.09252833667128,16.85806965698529,41.09289989869124,16.857979997773366,41.096390396588056,16.86145398483175,41.09617566373433,16.86105237527639,0.53685010547371,0.022368754394737917,2.3123438047890357,0.009673628267738805,44.0,0.0
0_21,-114953453#6,25819177#2,14,41.09252833667128,16.85806965698529,41.09289989869124,16.857979997773366,41.09333584930795,16.855672929401177,41.09331846638719,16.855846153569416,0.7598390538194237,0.054274218129958834,2.3123438047890357,0.02347151752155233,44.0,0.0
0_22,-114953453#6,25819177#3,15,41.09252833667128,16.85806965698529,41.09289989869124,16.857979997773366,41.09331846638719,16.855846153569416,41.09330344191395,16.855984796607544,0.9727400301599618,0.06484933534399745,2.3123438047890357,0.028044850082280005,44.0,0.0
0_23,-114953453#6,25819177#5,17,41.09252833667128,16.85806965698529,41.09289989869124,16.857979997773366,41.09328897220411,16.85615607855325,41.093276282258536,16.856306336332803,0.669659071217904,0.03939171007164141,2.3123438047890357,0.01703540364112735,44.0,0.0
0_24,-114953453#6,28279138#5,28,41.09252833667128,16.85806965698529,41.09289989869124,16.857979997773366,41.09309962997091,16.8641768999245,41.09122003932151,16.863954806076606,0.6519756048067076,0.023284843028810984,2.3123438047890357,0.010069801463167521,44.0,0.0
0_25,-114953453#6,28921528#2,22,41.09252833667128,16.85806965698529,41.09289989869124,16.857979997773366,41.09590934506375,16.85589778274809,41.09589464404242,16.856597607978603,0.9434094250934435,0.04288224659515653,2.3123438047890357,0.018544926799528776,44.0,0.0
0_26,-114953453#6,28921528#8,15,41.09252833667128,16.85806965698529,41.09289989869124,16.857979997773366,41.095864883749904,16.858939789299576,41.09579879841287,16.860483307032734,0.9621389467985224,0.06414259645323482,2.3123438047890357,0.02773921262071442,44.0,0.0
0_27,-114953453#6,30672980#0,14,41.09252833667128,16.85806965698529,41.09289989869124,16.857979997773366,41.09410258065408,16.854547680343014,41.0940220774019,16.854495884667088,0.8838215321416818,0.06313010943869156,2.3123438047890357,0.02730135082332671,44.0,0.0
0_28,-114953453#6,30672980#6,17,41.09252833667128,16.85806965698529,41.09289989869124,16.857979997773366,41.09290701188394,16.85345153155061,41.09274366748828,16.853398004520955,0.9203111340622969,0.05413594906248805,2.3123438047890357,0.02341172145351763,44.0,0.0
0_29,-114953453#6,30673346,2,41.09252833667128,16.85806965698529,41.09289989869124,16.857979997773366,41.09289989869124,16.857979997773366,41.0924620240455,16.857540225068156,0.890057446955943,0.4450287234779715,2.3123438047890357,0.19245785274503038,44.0,0.0
0_30,-114953453#6,30674315#11,32,41.09252833667128,16.85806965698529,41.09289989869124,16.857979997773366,41.09762167433529,16.86078183182401,41.0975908593457,16.860854905020272,0.9244407272933386,0.02888877272791683,2.3123438047890357,0.012493286105675998,44.0,0.0
0_31,-114953453#6,30674315#8,30,41.09252833667128,16.85806965698529,41.09289989869124,16.857979997773366,41.09783406893447,16.85935956518292,41.09781757948696,16.860074005211207,0.5639031205118477,0.018796770683728255,2.3123438047890357,0.00812888232485098,44.0,0.0
0_32,-114953453#6,30674315#9,31,41.09252833667128,16.85806965698529,41.09289989869124,16.857979997773366,41.09781757948696,16.860074005211207,41.09773009884011,16.860532461562137,0.9279480964503326,0.029933809562913954,2.3123438047890357,0.012945224451882464,44.0,0.0
0_33,-114953453#6,30674359#4,34,41.09252833667128,16.85806965698529,41.09289989869124,16.857979997773366,41.09788351207976,16.86008527251128,41.097886790174485,16.85993247707892,0.5890571649119131,0.017325210732703326,2.3123438047890357,0.007492489091294092,44.0,0.0
0_34,-114953453#6,30674359#5,35,41.09252833667128,16.85806965698529,41.09289989869124,16.857979997773366,41.097886790174485,16.85993247707892,41.097887056561405,16.859358083149928,0.5215697175509283,0.014901991930026523,2.3123438047890357,0.006444539907587873,44.0,0.0
0_35,-114953453#6,30674385#2,29,41.09252833667128,16.85806965698529,41.09289989869124,16.857979997773366,41.09752079197923,16.86113857805688,41.097541272342,16.861158803055236,0.8541595581903552,0.029453777868632937,2.3123438047890357,0.012737629156889203,44.0,0.0
0_36,-114953453#6,30674948,29,41.09252833667128,16.85806965698529,41.09289989869124,16.857979997773366,41.09346290764322,16.859512259912492,41.0937563740557,16.85923859402608,0.8651553501860738,0.029832943109864615,2.3123438047890357,0.012901603579916782,44.0,0.0
0_37,-114953453#6,30675059#0,19,41.09252833667128,16.85806965698529,41.09289989869124,16.857979997773366,41.09575898407665,16.861403291409037,41.09556026737646,16.861799770540163,0.8529377519763216,0.04489146063033271,2.3123438047890357,0.019413834801450876,44.0,0.0
0_38,-114953453#6,30675059#1,20,41.09252833667128,16.85806965698529,41.09289989869124,16.857979997773366,41.09556026737646,16.861799770540163,41.09428507077666,16.861822930016572,0.5996852879566941,0.029984264397834706,2.3123438047890357,0.012967044232667767,44.0,0.0
0_39,-114953453#6,33831688,37,41.09252833667128,16.85806965698529,41.09289989869124,16.857979997773366,41.09717022441964,16.862141610446756,41.09717150257013,16.862346685598727,0.6628183272007909,0.01791400884326462,2.3123438047890357,0.0077471216893281085,44.0,0.0
0_40,-114953453#6,48563895#1,16,41.09252833667128,16.85806965698529,41.09289989869124,16.857979997773366,41.094497059549575,16.854662484304253,41.09459493177244,16.85467607291383,0.9307654841290389,0.05817284275806493,2.3123438047890357,0.025157523131977458,44.0,0.0
0_41,-114953453#6,48563902#0,26,41.09252833667128,16.85806965698529,41.09289989869124,16.857979997773366,41.093159424293006,16.861119861413044,41.092910609638544,16.861550868324073,0.9081096493679188,0.03492729420645842,2.3123438047890357,0.015104715022965615,44.0,0.0
0_42,-114953453#6,48874527#2,19,41.09252833667128,16.85806965698529,41.09289989869124,16.857979997773366,41.094611131446,16.86076995428607,41.09433377805168,16.860614722600705,0.5332843860980752,0.028067599268319744,2.3123438047890357,0.01213816008250575,44.0,0.0
0_43,-114953453#6,50077954,23,41.09252833667128,16.85806965698529,41.09289989869124,16.857979997773366,41.094481033476846,16.855484180652265,41.09590934506375,16.85589778274809,0.8894865344031142,0.038673327582744096,2.3123438047890357,0.016724730769987043,44.0,0.0
0_44,-114953453#6,96606465,27,41.09252833667128,16.85806965698529,41.09289989869124,16.857979997773366,41.09320904205983,16.86036794969964,41.093226008438016,16.859824905081403,0.9526074572532204,0.035281757676045196,2.3123438047890357,0.015258006877253313,44.0,0.0
0_45,-25817735#3,-131752097#1,9,41.08991586912939,16.865878687144406,41.09257525037648,16.866055037799217,41.09628587040379,16.863506396736675,41.09627339570725,16.863759660301465,0.8000271806418938,0.08889190896021042,2.0761882419747946,0.042814956352734024,45.0,0.0
0_46,-25817735#3,-25654991#0,21,41.08991586912939,16.865878687144406,41.09257525037648,16.866055037799217,41.09267829914716,16.854073630954087,41.09207574955028,16.85389154719994,0.7029235641835135,0.0334725506754054,2.0761882419747946,0.016122117445173244,45.0,0.0
0_47,-25817735#3,-33831688,16,41.08991586912939,16.865878687144406,41.09257525037648,16.866055037799217,41.09717150257013,16.862346685598727,41.09717022441964,16.862141610446756,0.7630913800712515,0.04769321125445322,2.0761882419747946,0.02297152555352552,45.0,0.0
0_48,-25817735#3,-48874524,40,41.08991586912939,16.865878687144406,41.09257525037648,16.866055037799217,41.09782874807601,16.858422322289133,41.09720965467912,16.86010828803053,0.5405316673049827,0.013513291682624568,2.0761882419747946,0.006508702539308872,45.0,0.0
0_49,-25817735#3,-50077954,26,41.08991586912939,16.865878687144406,41.09257525037648,16.866055037799217,41.09590934506375,16.85589778274809,41.094481033476846,16.855484180652265,0.951694816867046,0.036603646802578695,2.0761882419747946,0.0176302158265585,45.0,0.0
0_50,-25817735#3,-50370694#0,10,41.08991586912939,16.865878687144406,41.09257525037648,16.866055037799217,41.09390877175432,16.860555577386883,41.09389978504193,16.86089441913475,0.7024299126208235,0.07024299126208236,2.0761882419747946,0.033832669813826606,45.0,0.0
0_51,-25817735#3,114953453#6,18,41.08991586912939,16.865878687144406,41.09257525037648,16.866055037799217,41.09289989869124,16.857979997773366,41.09252833667128,16.85806965698529,0.7672452669731225,0.042624737054062355,2.0761882419747946,0.020530285352892308,45.0,0.0
0_52,-25817735#3,1223050325#0,26,41.08991586912939,16.865878687144406,41.09257525037648,16.866055037799217,41.09575898407665,16.861403291409037,41.09578940828096,16.861627521735652,0.7649337584345348,0.029420529170559033,2.0761882419747946,0.01417045361097667,45.0,0.0
0_53,-25817735#3,1223050326,25,41.08991586912939,16.865878687144406,41.09257525037648,16.866055037799217,41.09577203818025,16.86132567064774,41.09575898407665,16.861403291409037,0.5289910836784413,0.02115964334713765,2.0761882419747946,0.010191582304218894,45.0,0.0
0_54,-25817735#3,1226960836#1,23,41.08991586912939,16.865878687144406,41.09257525037648,16.866055037799217,41.09326327598272,16.856459442663375,41.09325705252129,16.85653261037847,0.6440250468653346,0.028001088994144982,2.0761882419747946,0.013486777560936077,45.0,0.0
0_55,-25817735#3,131750844#7,15,41.08991586912939,16.865878687144406,41.09257525037648,16.866055037799217,41.09588692434208,16.86204201283392,41.096023183819085,16.86206015013157,0.853348101157232,0.056889873410482135,2.0761882419747946,0.027401115303673312,45.0,0.0
0_56,-25817735#3,131750844#8,16,41.08991586912939,16.865878687144406,41.09257525037648,16.866055037799217,41.096023183819085,16.86206015013157,41.09607053280287,16.862073156374553,0.5031854803551868,0.03144909252219918,2.0761882419747946,0.015147514992323599,45.0,0.0
0_57,-25817735#3,131750844#9,17,41.08991586912939,16.865878687144406,41.09257525037648,16.866055037799217,41.09607053280287,16.862073156374553,41.09624619327664,16.862345189534487,0.8535164549344436,0.05020685029026139,2.0761882419747946,0.02418222455710782,45.0,0.0
0_58,-25817735#3,131750850#0,31,41.08991586912939,16.865878687144406,41.09257525037648,16.866055037799217,41.09406666971318,16.861809974981103,41.09374076152227,16.861733142040123,0.8225366352335246,0.026533439846242728,2.0761882419747946,0.012779881568448287,45.0,0.0
0_59,-25817735#3,131750853#0,28,41.08991586912939,16.865878687144406,41.09257525037648,16.866055037799217,41.09428507077666,16.861822930016572,41.094248634240174,16.861820234016683,0.5583708188664266,0.019941814959515233,2.0761882419747946,0.009605012954194995,45.0,0.0
0_60,-25817735#3,131750853#2,30,41.08991586912939,16.865878687144406,41.09257525037648,16.866055037799217,41.09422326217536,16.861818445841735,41.09406666971318,16.861809974981103,0.821467179228988,0.027382239307632936,2.0761882419747946,0.01318870743704239,45.0,0.0
0_61,-25817735#3,131752095#2,21,41.08991586912939,16.865878687144406,41.09257525037648,16.866055037799217,41.09606913880409,16.857384087393385,41.09607773810893,16.85711333011326,0.6083272885315717,0.028967966120551032,2.0761882419747946,0.013952475760578318,45.0,0.0
0_62,-25817735#3,25817423#3,14,41.08991586912939,16.865878687144406,41.09257525037648,16.866055037799217,41.093433790346566,16.855687830843742,41.09352569242476,16.85465158647345,0.9724417146157213,0.06946012247255151,2.0761882419747946,0.033455599578236496,45.0,0.0
0_63,-25817735#3,25817735#2,4,41.08991586912939,16.865878687144406,41.09257525037648,16.866055037799217,41.09257525037648,16.866055037799217,41.08991586912939,16.865878687144406,0.851243421476092,0.212810855369023,2.0761882419747946,0.10250075164986247,45.0,0.0
0_64,-25817735#3,25819014#1,20,41.08991586912939,16.865878687144406,41.09257525037648,16.866055037799217,41.09637979984023,16.861535604961926,41.096390396588056,16.86145398483175,0.7737536917462704,0.038687684587313524,2.0761882419747946,0.018633996573699508,45.0,0.0
0_65,-25817735#3,25819014#2,21,41.08991586912939,16.865878687144406,41.09257525037648,16.866055037799217,41.096390396588056,16.86145398483175,41.09617566373433,16.86105237527639,0.8587784346216903,0.04089421117246144,2.0761882419747946,0.019696774283609445,45.0,0.0
0_66,-25817735#3,25819177#2,18,41.08991586912939,16.865878687144406,41.09257525037648,16.866055037799217,41.09333584930795,16.855672929401177,41.09331846638719,16.855846153569416,0.5085070685057198,0.02825039269476221,2.0761882419747946,0.013606855160633924,45.0,0.0
0_67,-25817735#3,25819177#3,19,41.08991586912939,16.865878687144406,41.09257525037648,16.866055037799217,41.09331846638719,16.855846153569416,41.09330344191395,16.855984796607544,0.660398887881464,0.03475783620428757,2.0761882419747946,0.01674117765507967,45.0,0.0
0_68,-25817735#3,25819177#5,21,41.08991586912939,16.865878687144406,41.09257525037648,16.866055037799217,41.09328897220411,16.85615607855325,41.093276282258536,16.856306336332803,0.6497797215288907,0.03094189150137575,2.0761882419747946,0.014903220659772618,45.0,0.0
0_69,-25817735#3,28279138#5,5,41.08991586912939,16.865878687144406,41.09257525037648,16.866055037799217,41.09309962997091,16.8641768999245,41.09122003932151,16.863954806076606,0.7475615308631611,0.14951230617263223,2.0761882419747946,0.07201288551293479,45.0,0.0
0_70,-25817735#3,28921528#2,26,41.08991586912939,16.865878687144406,41.09257525037648,16.866055037799217,41.09590934506375,16.85589778274809,41.09589464404242,16.856597607978603,0.5151840963379783,0.019814772936076093,2.0761882419747946,0.009543822922929669,45.0,0.0
0_71,-25817735#3,28921528#8,19,41.08991586912939,16.865878687144406,41.09257525037648,16.866055037799217,41.095864883749904,16.858939789299576,41.09579879841287,16.860483307032734,0.7503331563203413,0.03949121875370217,2.0761882419747946,0.019021020327202875,45.0,0.0
0_72,-25817735#3,30672980#0,18,41.08991586912939,16.865878687144406,41.09257525037648,16.866055037799217,41.09410258065408,16.854547680343014,41.0940220774019,16.854495884667088,0.786820935112414,0.04371227417291189,2.0761882419747946,0.021054099666480322,45.0,0.0
0_73,-25817735#3,30672980#6,21,41.08991586912939,16.865878687144406,41.09257525037648,16.866055037799217,41.09290701188394,16.85345153155061,41.09274366748828,16.853398004520955,0.5733106265342292,0.027300506025439483,2.0761882419747946,0.013149340446833586,45.0,0.0
0_74,-25817735#3,30673346,18,41.08991586912939,16.865878687144406,41.09257525037648,16.866055037799217,41.09289989869124,16.857979997773366,41.0924620240455,16.857540225068156,0.8399341461027856,0.04666300811682142,2.0761882419747946,0.022475326260607886,45.0,0.0
0_75,-25817735#3,30674315#11,29,41.08991586912939,16.865878687144406,41.09257525037648,16.866055037799217,41.09762167433529,16.86078183182401,41.0975908593457,16.860854905020272,0.9943971188079762,0.0342895558209647,2.0761882419747946,0.01651562952131437,45.0,0.0
0_76,-25817735#3,30674315#8,41,41.08991586912939,16.865878687144406,41.09257525037648,16.866055037799217,41.09783406893447,16.85935956518292,41.09781757948696,16.860074005211207,0.9532071395978299,0.023248954624337313,2.0761882419747946,0.011197903038996,45.0,0.0
0_77,-25817735#3,30674315#9,42,41.08991586912939,16.865878687144406,41.09257525037648,16.866055037799217,41.09781757948696,16.860074005211207,41.09773009884011,16.860532461562137,0.7740874410195009,0.018430653357607164,2.0761882419747946,0.008877159105802756,45.0,0.0
0_78,-25817735#3,30674359#4,31,41.08991586912939,16.865878687144406,41.09257525037648,16.866055037799217,41.09788351207976,16.86008527251128,41.097886790174485,16.85993247707892,0.9299029268061262,0.02999686860664923,2.0761882419747946,0.014448048592220762,45.0,0.0
0_79,-25817735#3,30674359#5,32,41.08991586912939,16.865878687144406,41.09257525037648,16.866055037799217,41.097886790174485,16.85993247707892,41.097887056561405,16.859358083149928,0.9981862514417027,0.03119332035755321,2.0761882419747946,0.01502432184467207,45.0,0.0
0_80,-25817735#3,30674385#2,26,41.08991586912939,16.865878687144406,41.09257525037648,16.866055037799217,41.09752079197923,16.86113857805688,41.097541272342,16.861158803055236,0.6065464411154836,0.02332870927367245,2.0761882419747946,0.011236317016940155,45.0,0.0
0_81,-25817735#3,30674948,11,41.08991586912939,16.865878687144406,41.09257525037648,16.866055037799217,41.09346290764322,16.859512259912492,41.0937563740557,16.85923859402608,0.9513427237248162,0.08648570215680147,2.0761882419747946,0.04165600228741274,45.0,0.0
0_82,-25817735#3,30675059#0,26,41.08991586912939,16.865878687144406,41.09257525037648,16.866055037799217,41.09575898407665,16.861403291409037,41.09556026737646,16.861799770540163,0.7023670247558282,0.027014116336762626,2.0761882419747946,0.013011400310728945,45.0,0.0
0_83,-25817735#3,30675059#1,27,41.08991586912939,16.865878687144406,41.09257525037648,16.866055037799217,41.09556026737646,16.861799770540163,41.09428507077666,16.861822930016572,0.5697249074961783,0.021100922499858454,2.0761882419747946,0.01016329929688265,45.0,0.0
0_84,-25817735#3,33831688,17,41.08991586912939,16.865878687144406,41.09257525037648,16.866055037799217,41.09717022441964,16.862141610446756,41.09717150257013,16.862346685598727,0.9244713609013986,0.054380668288317564,2.0761882419747946,0.02619255190299732,45.0,0.0
0_85,-25817735#3,48563895#1,20,41.08991586912939,16.865878687144406,41.09257525037648,16.866055037799217,41.094497059549575,16.854662484304253,41.09459493177244,16.85467607291383,0.8613149897964256,0.04306574948982128,2.0761882419747946,0.020742699828055433,45.0,0.0
0_86,-25817735#3,48563902#0,8,41.08991586912939,16.865878687144406,41.09257525037648,16.866055037799217,41.093159424293006,16.861119861413044,41.092910609638544,16.861550868324073,0.8526842215841028,0.10658552769801286,2.0761882419747946,0.0513371213376262,45.0,0.0
0_87,-25817735#3,48874527#2,23,41.08991586912939,16.865878687144406,41.09257525037648,16.866055037799217,41.094611131446,16.86076995428607,41.09433377805168,16.860614722600705,0.8418246452957018,0.03660107153459573,2.0761882419747946,0.017628975443855766,45.0,0.0
0_88,-25817735#3,50077954,27,41.08991586912939,16.865878687144406,41.09257525037648,16.866055037799217,41.094481033476846,16.855484180652265,41.09590934506375,16.85589778274809,0.7735502729161576,0.028650010108005837,2.0761882419747946,0.013799331644781396,45.0,0.0
0_89,-25817735#3,96606465,9,41.08991586912939,16.865878687144406,41.09257525037648,16.866055037799217,41.09320904205983,16.86036794969964,41.093226008438016,16.859824905081403,0.6887201038409984,0.07652445598233315,2.0761882419747946,0.03685814919631077,45.0,0.0
0_90,-33831688,-131752097#1,15,41.09717150257013,16.862346685598727,41.09717022441964,16.862141610446756,41.09628587040379,16.863506396736675,41.09627339570725,16.863759660301465,0.6809435155136013,0.045396234367573424,1.4463737933479668,0.03138623955740607,44.0,52.0
0_91,-33831688,-25654991#0,44,41.09717150257013,16.862346685598727,41.09717022441964,16.862141610446756,41.09267829914716,16.854073630954087,41.09207574955028,16.85389154719994,0.6175406087878492,0.014035013836087483,1.4463737933479668,0.009703586929351226,44.0,52.0
0_92,-33831688,-48874524,38,41.09717150257013,16.862346685598727,41.09717022441964,16.862141610446756,41.09782874807601,16.858422322289133,41.09720965467912,16.86010828803053,0.9128974308031095,0.024023616600081826,1.4463737933479668,0.01660954914322224,44.0,52.0
0_93,-33831688,-50077954,33,41.09717150257013,16.862346685598727,41.09717022441964,16.862141610446756,41.09590934506375,16.85589778274809,41.094481033476846,16.855484180652265,0.8406244293257552,0.025473467555325917,1.4463737933479668,0.017611953198046877,44.0,52.0
0_94,-33831688,-50370694#0,33,41.09717150257013,16.862346685598727,41.09717022441964,16.862141610446756,41.09390877175432,16.860555577386883,41.09389978504193,16.86089441913475,0.7053291116751998,0.021373609444703026,1.4463737933479668,0.014777376044147524,44.0,52.0
0_95,-33831688,114953453#6,39,41.09717150257013,16.862346685598727,41.09717022441964,16.862141610446756,41.09289989869124,16.857979997773366,41.09252833667128,16.85806965698529,0.8863980406145606,0.022728154887552837,1.4463737933479668,0.015713887372740116,44.0,52.0
0_96,-33831688,1223050325#0,24,41.09717150257013,16.862346685598727,41.09717022441964,16.862141610446756,41.09575898407665,16.861403291409037,41.09578940828096,16.861627521735652,0.5881562006468735,0.024506508360286394,1.4463737933479668,0.016943412880539275,44.0,52.0
0_97,-33831688,1223050326,23,41.09717150257013,16.862346685598727,41.09717022441964,16.862141610446756,41.09577203818025,16.86132567064774,41.09575898407665,16.861403291409037,0.5144222426073929,0.022366184461190996,1.4463737933479668,0.015463626736086864,44.0,52.0
0_98,-33831688,1226960836#1,46,41.09717150257013,16.862346685598727,41.09717022441964,16.862141610446756,41.09326327598272,16.856459442663375,41.09325705252129,16.85653261037847,0.7902201144041265,0.01717869813922014,1.4463737933479668,0.011877080612374807,44.0,52.0
0_99,-33831688,131750844#7,28,41.09717150257013,16.862346685598727,41.09717022441964,16.862141610446756,41.09588692434208,16.86204201283392,41.096023183819085,16.86206015013157,0.8355305096411572,0.02984037534432704,1.4463737933479668,0.020631164282404888,44.0,52.0
0_100,-33831688,131750844#8,29,41.09717150257013,16.862346685598727,41.09717022441964,16.862141610446756,41.096023183819085,16.86206015013157,41.09607053280287,16.862073156374553,0.9058219889932758,0.03123524099976813,1.4463737933479668,0.021595552369257837,44.0,52.0
0_101,-33831688,131750844#9,30,41.09717150257013,16.862346685598727,41.09717022441964,16.862141610446756,41.09607053280287,16.862073156374553,41.09624619327664,16.862345189534487,0.6567728313658314,0.02189242771219438,1.4463737933479668,0.015136078801261527,44.0,52.0
0_102,-33831688,131750850#0,29,41.09717150257013,16.862346685598727,41.09717022441964,16.862141610446756,41.09406666971318,16.861809974981103,41.09374076152227,16.861733142040123,0.9044473524970397,0.03118783974127723,1.4463737933479668,0.02156277988768433,44.0,52.0
0_103,-33831688,131750853#0,26,41.09717150257013,16.862346685598727,41.09717022441964,16.862141610446756,41.09428507077666,16.861822930016572,41.094248634240174,16.861820234016683,0.7394123134903312,0.02843893513424351,1.4463737933479668,0.01966223065229564,44.0,52.0
0_104,-33831688,131750853#2,28,41.09717150257013,16.862346685598727,41.09717022441964,16.862141610446756,41.09422326217536,16.861818445841735,41.09406666971318,16.861809974981103,0.7877498822870546,0.028133924367394803,1.4463737933479668,0.019451351024739133,44.0,52.0
0_105,-33831688,131752095#2,28,41.09717150257013,16.862346685598727,41.09717022441964,16.862141610446756,41.09606913880409,16.857384087393385,41.09607773810893,16.85711333011326,0.9440462835547978,0.033715938698385635,1.4463737933479668,0.023310667583614258,44.0,52.0
0_106,-33831688,25817423#3,37,41.09717150257013,16.862346685598727,41.09717022441964,16.862141610446756,41.093433790346566,16.855687830843742,41.09352569242476,16.85465158647345,0.5248106004864663,0.01418407028341801,1.4463737933479668,0.009806642203178818,44.0,52.0
0_107,-33831688,25817735#2,28,41.09717150257013,16.862346685598727,41.09717022441964,16.862141610446756,41.09257525037648,16.866055037799217,41.08991586912939,16.865878687144406,0.9160248474860737,0.03271517312450263,1.4463737933479668,0.022618754069634928,44.0,52.0
0_108,-33831688,25819014#1,18,41.09717150257013,16.862346685598727,41.09717022441964,16.862141610446756,41.09637979984023,16.861535604961926,41.096390396588056,16.86145398483175,0.7218508586105695,0.040102825478364974,1.4463737933479668,0.027726460243404787,44.0,52.0
0_109,-33831688,25819014#2,19,41.09717150257013,16.862346685598727,41.09717022441964,16.862141610446756,41.096390396588056,16.86145398483175,41.09617566373433,16.86105237527639,0.7496694342208533,0.039456286011623855,1.4463737933479668,0.027279453066066106,44.0,52.0
0_110,-33831688,25819177#2,41,41.09717150257013,16.862346685598727,41.09717022441964,16.862141610446756,41.09333584930795,16.855672929401177,41.09331846638719,16.855846153569416,0.821132538319881,0.020027622885850756,1.4463737933479668,0.013846782192791387,44.0,52.0
0_111,-33831688,25819177#3,42,41.09717150257013,16.862346685598727,41.09717022441964,16.862141610446756,41.09331846638719,16.855846153569416,41.09330344191395,16.855984796607544,0.8662001621818927,0.020623813385283157,1.4463737933479668,0.014258978889229298,44.0,52.0
0_112,-33831688,25819177#5,44,41.09717150257013,16.862346685598727,41.09717022441964,16.862141610446756,41.09328897220411,16.85615607855325,41.093276282258536,16.856306336332803,0.8648302326944834,0.019655232561238262,1.4463737933479668,0.013589317403035683,44.0,52.0
0_113,-33831688,28279138#5,21,41.09717150257013,16.862346685598727,41.09717022441964,16.862141610446756,41.09309962997091,16.8641768999245,41.09122003932151,16.863954806076606,0.7302121725016659,0.03477200821436504,1.4463737933479668,0.02404081736981502,44.0,52.0
0_114,-33831688,28921528#2,33,41.09717150257013,16.862346685598727,41.09717022441964,16.862141610446756,41.09590934506375,16.85589778274809,41.09589464404242,16.856597607978603,0.9727380828930845,0.029476911602820743,1.4463737933479668,0.020379871191242762,44.0,52.0
0_115,-33831688,28921528#8,30,41.09717150257013,16.862346685598727,41.09717022441964,16.862141610446756,41.095864883749904,16.858939789299576,41.09579879841287,16.860483307032734,0.631017227850079,0.02103390759500263,1.4463737933479668,0.01454251154973901,44.0,52.0
0_116,-33831688,30672980#0,47,41.09717150257013,16.862346685598727,41.09717022441964,16.862141610446756,41.09410258065408,16.854547680343014,41.0940220774019,16.854495884667088,0.9906592449349321,0.02107785627521132,1.4463737933479668,0.014572896973210325,44.0,52.0
0_117,-33831688,30672980#6,44,41.09717150257013,16.862346685598727,41.09717022441964,16.862141610446756,41.09290701188394,16.85345153155061,41.09274366748828,16.853398004520955,0.9654011908286015,0.02194093615519549,1.4463737933479668,0.015169616772721052,44.0,52.0
0_118,-33831688,30673346,39,41.09717150257013,16.862346685598727,41.09717022441964,16.862141610446756,41.09289989869124,16.857979997773366,41.0924620240455,16.857540225068156,0.6992399865760239,0.017929230425026255,1.4463737933479668,0.012395986782590206,44.0,52.0
0_119,-33831688,30674315#11,27,41.09717150257013,16.862346685598727,41.09717022441964,16.862141610446756,41.09762167433529,16.86078183182401,41.0975908593457,16.860854905020272,0.894028891626163,0.033112181171339364,1.4463737933479668,0.02289323916378045,44.0,52.0
0_120,-33831688,30674315#8,39,41.09717150257013,16.862346685598727,41.09717022441964,16.862141610446756,41.09783406893447,16.85935956518292,41.09781757948696,16.860074005211207,0.5116870659473566,0.013120181178137348,1.4463737933479668,0.009071086076419882,44.0,52.0
0_121,-33831688,30674315#9,40,41.09717150257013,16.862346685598727,41.09717022441964,16.862141610446756,41.09781757948696,16.860074005211207,41.09773009884011,16.860532461562137,0.9911160131634353,0.024777900329085886,1.4463737933479668,0.017131049002022985,44.0,52.0
0_122,-33831688,30674359#4,29,41.09717150257013,16.862346685598727,41.09717022441964,16.862141610446756,41.09788351207976,16.86008527251128,41.097886790174485,16.85993247707892,0.5274046668674988,0.018186367823017198,1.4463737933479668,0.012573767518920986,44.0,52.0
0_123,-33831688,30674359#5,30,41.09717150257013,16.862346685598727,41.09717022441964,16.862141610446756,41.097886790174485,16.85993247707892,41.097887056561405,16.859358083149928,0.7227412959009156,0.02409137653003052,1.4463737933479668,0.01665639728874336,44.0,52.0
0_124,-33831688,30674385#2,24,41.09717150257013,16.862346685598727,41.09717022441964,16.862141610446756,41.09752079197923,16.86113857805688,41.097541272342,16.861158803055236,0.5440152930758246,0.022667303878159357,1.4463737933479668,0.01567181594578718,44.0,52.0
0_125,-33831688,30674948,34,41.09717150257013,16.862346685598727,41.09717022441964,16.862141610446756,41.09346290764322,16.859512259912492,41.0937563740557,16.85923859402608,0.957040345835604,0.02814824546575306,1.4463737933479668,0.019461252405989348,44.0,52.0
0_126,-33831688,30675059#0,24,41.09717150257013,16.862346685598727,41.09717022441964,16.862141610446756,41.09575898407665,16.861403291409037,41.09556026737646,16.861799770540163,0.6677327107421629,0.02782219628092345,1.4463737933479668,0.019235827148473522,44.0,52.0
0_127,-33831688,30675059#1,25,41.09717150257013,16.862346685598727,41.09717022441964,16.862141610446756,41.09556026737646,16.861799770540163,41.09428507077666,16.861822930016572,0.9368252724212954,0.037473010896851816,1.4463737933479668,0.02590824797102543,44.0,52.0
0_128,-33831688,33831688,2,41.09717150257013,16.862346685598727,41.09717022441964,16.862141610446756,41.09717022441964,16.862141610446756,41.09717150257013,16.862346685598727,0.7015170015060439,0.35075850075302195,1.4463737933479668,0.24250888834283305,44.0,52.0
0_129,-33831688,48563895#1,46,41.09717150257013,16.862346685598727,41.09717022441964,16.862141610446756,41.094497059549575,16.854662484304253,41.09459493177244,16.85467607291383,0.9875596736322894,0.02146868855722368,1.4463737933479668,0.014843112241082184,44.0,52.0
0_130,-33831688,48563902#0,31,41.09717150257013,16.862346685598727,41.09717022441964,16.862141610446756,41.093159424293006,16.861119861413044,41.092910609638544,16.861550868324073,0.7447866529522733,0.024025375901686234,1.4463737933479668,0.016610765496569143,44.0,52.0
0_131,-33831688,48874527#2,34,41.09717150257013,16.862346685598727,41.09717022441964,16.862141610446756,41.094611131446,16.86076995428607,41.09433377805168,16.860614722600705,0.9936890755145773,0.02922614927984051,1.4463737933479668,0.02020649808110103,44.0,52.0
0_132,-33831688,50077954,34,41.09717150257013,16.862346685598727,41.09717022441964,16.862141610446756,41.094481033476846,16.855484180652265,41.09590934506375,16.85589778274809,0.6765678937414804,0.019899055698278836,1.4463737933479668,0.013757892869600373,44.0,52.0
0_133,-33831688,96606465,32,41.09717150257013,16.862346685598727,41.09717022441964,16.862141610446756,41.09320904205983,16.86036794969964,41.093226008438016,16.859824905081403,0.5464069106272547,0.017075215957101708,1.4463737933479668,0.011805534665819111,44.0,52.0
0_134,-48874527#2,-131752097#1,18,41.09433377805168,16.860614722600705,41.094611131446,16.86076995428607,41.09628587040379,16.863506396736675,41.09627339570725,16.863759660301465,0.8167598296263856,0.045375546090354754,2.178092774701823,0.020832696668105236,45.0,0.0
0_135,-48874527#2,-25654991#0,28,41.09433377805168,16.860614722600705,41.094611131446,16.86076995428607,41.09267829914716,16.854073630954087,41.09207574955028,16.85389154719994,0.6154086841905517,0.02197888157823399,2.178092774701823,0.010090884021798778,45.0,0.0
0_136,-48874527#2,-33831688,25,41.09433377805168,16.860614722600705,41.094611131446,16.86076995428607,41.09717150257013,16.862346685598727,41.09717022441964,16.862141610446756,0.7135250686291381,0.028541002745165526,2.178092774701823,0.013103667151677108,45.0,0.0
0_137,-48874527#2,-48874524,32,41.09433377805168,16.860614722600705,41.094611131446,16.86076995428607,41.09782874807601,16.858422322289133,41.09720965467912,16.86010828803053,0.9604257880622076,0.030013305876943987,2.178092774701823,0.013779626940387217,45.0,0.0
0_138,-48874527#2,-50077954,27,41.09433377805168,16.860614722600705,41.094611131446,16.86076995428607,41.09590934506375,16.85589778274809,41.094481033476846,16.855484180652265,0.7273898184233841,0.026940363645310522,2.178092774701823,0.012368786104163358,45.0,0.0
0_139,-48874527#2,-50370694#0,17,41.09433377805168,16.860614722600705,41.094611131446,16.86076995428607,41.09390877175432,16.860555577386883,41.09389978504193,16.86089441913475,0.7953138899040677,0.04678316999435692,2.178092774701823,0.02147896110658622,45.0,0.0
0_140,-48874527#2,114953453#6,33,41.09433377805168,16.860614722600705,41.094611131446,16.86076995428607,41.09289989869124,16.857979997773366,41.09252833667128,16.85806965698529,0.9561720000809226,0.02897490909336129,2.178092774701823,0.013302881047997555,45.0,0.0
0_141,-48874527#2,1223050325#0,8,41.09433377805168,16.860614722600705,41.094611131446,16.86076995428607,41.09575898407665,16.861403291409037,41.09578940828096,16.861627521735652,0.7467863708882756,0.09334829636103445,2.178092774701823,0.042857814618945084,45.0,0.0
0_142,-48874527#2,1223050326,7,41.09433377805168,16.860614722600705,41.094611131446,16.86076995428607,41.09577203818025,16.86132567064774,41.09575898407665,16.861403291409037,0.6547364512483795,0.0935337787497685,2.178092774701823,0.04294297278616752,45.0,0.0
0_143,-48874527#2,1226960836#1,30,41.09433377805168,16.860614722600705,41.094611131446,16.86076995428607,41.09326327598272,16.856459442663375,41.09325705252129,16.85653261037847,0.5822869216845914,0.019409564056153045,2.178092774701823,0.008911265985357386,45.0,0.0
0_144,-48874527#2,131750844#7,11,41.09433377805168,16.860614722600705,41.094611131446,16.86076995428607,41.09588692434208,16.86204201283392,41.096023183819085,16.86206015013157,0.5423508342525953,0.049304621295690486,2.178092774701823,0.022636602934620265,45.0,0.0
0_145,-48874527#2,131750844#8,12,41.09433377805168,16.860614722600705,41.094611131446,16.86076995428607,41.096023183819085,16.86206015013157,41.09607053280287,16.862073156374553,0.50716710924286,0.04226392577023833,2.178092774701823,0.0194040980536397,45.0,0.0
0_146,-48874527#2,131750844#9,13,41.09433377805168,16.860614722600705,41.094611131446,16.86076995428607,41.09607053280287,16.862073156374553,41.09624619327664,16.862345189534487,0.7801476319251204,0.06001135630193234,2.178092774701823,0.027552249839379678,45.0,0.0
0_147,-48874527#2,131750850#0,13,41.09433377805168,16.860614722600705,41.094611131446,16.86076995428607,41.09406666971318,16.861809974981103,41.09374076152227,16.861733142040123,0.6897838360135166,0.05306029507796282,2.178092774701823,0.02436089761384323,45.0,0.0
0_148,-48874527#2,131750853#0,10,41.09433377805168,16.860614722600705,41.094611131446,16.86076995428607,41.09428507077666,16.861822930016572,41.094248634240174,16.861820234016683,0.9649709083235436,0.09649709083235436,2.178092774701823,0.04430348052808018,45.0,0.0
0_149,-48874527#2,131750853#2,12,41.09433377805168,16.860614722600705,41.094611131446,16.86076995428607,41.09422326217536,16.861818445841735,41.09406666971318,16.861809974981103,0.7247746225801024,0.06039788521500853,2.178092774701823,0.027729711937213918,45.0,0.0
0_150,-48874527#2,131752095#2,22,41.09433377805168,16.860614722600705,41.094611131446,16.86076995428607,41.09606913880409,16.857384087393385,41.09607773810893,16.85711333011326,0.6005981771644948,0.027299917143840675,2.178092774701823,0.012533863323419723,45.0,0.0
0_151,-48874527#2,25817423#3,21,41.09433377805168,16.860614722600705,41.094611131446,16.86076995428607,41.093433790346566,16.855687830843742,41.09352569242476,16.85465158647345,0.5099846587202945,0.024284983748585454,2.178092774701823,0.011149655345562599,45.0,0.0
0_152,-48874527#2,25817735#2,31,41.09433377805168,16.860614722600705,41.094611131446,16.86076995428607,41.09257525037648,16.866055037799217,41.08991586912939,16.865878687144406,0.8383804365589953,0.027044530211580493,2.178092774701823,0.012416610773286662,45.0,0.0
0_153,-48874527#2,25819014#1,12,41.09433377805168,16.860614722600705,41.094611131446,16.86076995428607,41.09637979984023,16.861535604961926,41.096390396588056,16.86145398483175,0.5856916005914554,0.048807633382621285,2.178092774701823,0.02240842720269478,45.0,0.0
0_154,-48874527#2,25819014#2,13,41.09433377805168,16.860614722600705,41.094611131446,16.86076995428607,41.096390396588056,16.86145398483175,41.09617566373433,16.86105237527639,0.9114289913129694,0.07010992240868996,2.178092774701823,0.03218867590169013,45.0,0.0
0_155,-48874527#2,25819177#2,25,41.09433377805168,16.860614722600705,41.094611131446,16.86076995428607,41.09333584930795,16.855672929401177,41.09331846638719,16.855846153569416,0.5839194543671182,0.02335677817468473,2.178092774701823,0.010723500140108692,45.0,0.0
0_156,-48874527#2,25819177#3,26,41.09433377805168,16.860614722600705,41.094611131446,16.86076995428607,41.09331846638719,16.855846153569416,41.09330344191395,16.855984796607544,0.5825081702190377,0.022404160393039912,2.178092774701823,0.010286136868576226,45.0,0.0
0_157,-48874527#2,25819177#5,28,41.09433377805168,16.860614722600705,41.094611131446,16.86076995428607,41.09328897220411,16.85615607855325,41.093276282258536,16.856306336332803,0.7459466537551562,0.026640951919827006,2.178092774701823,0.012231321011325656,45.0,0.0
0_158,-48874527#2,28279138#5,17,41.09433377805168,16.860614722600705,41.094611131446,16.86076995428607,41.09309962997091,16.8641768999245,41.09122003932151,16.863954806076606,0.907124703963313,0.05336027670372429,2.178092774701823,0.024498624357738488,45.0,0.0
0_159,-48874527#2,28921528#2,27,41.09433377805168,16.860614722600705,41.094611131446,16.86076995428607,41.09590934506375,16.85589778274809,41.09589464404242,16.856597607978603,0.8662052661555475,0.03208167652427953,2.178092774701823,0.014729251617241812,45.0,0.0
0_160,-48874527#2,28921528#8,24,41.09433377805168,16.860614722600705,41.094611131446,16.86076995428607,41.095864883749904,16.858939789299576,41.09579879841287,16.860483307032734,0.6381862291032161,0.02659109287930067,2.178092774701823,0.012208429864949598,45.0,0.0
0_161,-48874527#2,30672980#0,41,41.09433377805168,16.860614722600705,41.094611131446,16.86076995428607,41.09410258065408,16.854547680343014,41.0940220774019,16.854495884667088,0.7336251554111448,0.017893296473442555,2.178092774701823,0.008215121358130448,45.0,0.0
0_162,-48874527#2,30672980#6,28,41.09433377805168,16.860614722600705,41.094611131446,16.86076995428607,41.09290701188394,16.85345153155061,41.09274366748828,16.853398004520955,0.8697653336682893,0.03106304763101033,2.178092774701823,0.014261581504609143,45.0,0.0
0_163,-48874527#2,30673346,33,41.09433377805168,16.860614722600705,41.094611131446,16.86076995428607,41.09289989869124,16.857979997773366,41.0924620240455,16.857540225068156,0.8639549823081301,0.026180454009337276,2.178092774701823,0.01201989846962388,45.0,0.0
0_164,-48874527#2,30674315#11,21,41.09433377805168,16.860614722600705,41.094611131446,16.86076995428607,41.09762167433529,16.86078183182401,41.0975908593457,16.860854905020272,0.7416153404720176,0.035315016212953215,2.178092774701823,0.016213733695428917,45.0,0.0
0_165,-48874527#2,30674315#8,33,41.09433377805168,16.860614722600705,41.094611131446,16.86076995428607,41.09783406893447,16.85935956518292,41.09781757948696,16.860074005211207,0.5484343923769708,0.016619224011423357,2.178092774701823,0.007630172692574355,45.0,0.0
0_166,-48874527#2,30674315#9,34,41.09433377805168,16.860614722600705,41.094611131446,16.86076995428607,41.09781757948696,16.860074005211207,41.09773009884011,16.860532461562137,0.559631001019341,0.016459735324098265,2.178092774701823,0.007556948682478217,45.0,0.0
0_167,-48874527#2,30674359#4,23,41.09433377805168,16.860614722600705,41.094611131446,16.86076995428607,41.09788351207976,16.86008527251128,41.097886790174485,16.85993247707892,0.7442010208650215,0.03235656612456615,2.178092774701823,0.014855458179000528,45.0,0.0
0_168,-48874527#2,30674359#5,24,41.09433377805168,16.860614722600705,41.094611131446,16.86076995428607,41.097886790174485,16.85993247707892,41.097887056561405,16.859358083149928,0.8394356564967174,0.034976485687363223,2.178092774701823,0.016058308486033814,45.0,0.0
0_169,-48874527#2,30674385#2,18,41.09433377805168,16.860614722600705,41.094611131446,16.86076995428607,41.09752079197923,16.86113857805688,41.097541272342,16.861158803055236,0.822078801877274,0.045671044548737445,2.178092774701823,0.020968365112450146,45.0,0.0
0_170,-48874527#2,30674948,18,41.09433377805168,16.860614722600705,41.094611131446,16.86076995428607,41.09346290764322,16.859512259912492,41.0937563740557,16.85923859402608,0.9123620467188109,0.05068678037326727,2.178092774701823,0.02327117603161151,45.0,0.0
0_171,-48874527#2,30675059#0,8,41.09433377805168,16.860614722600705,41.094611131446,16.86076995428607,41.09575898407665,16.861403291409037,41.09556026737646,16.861799770540163,0.507944830673535,0.06349310383419188,2.178092774701823,0.029150780247587924,45.0,0.0
0_172,-48874527#2,30675059#1,9,41.09433377805168,16.860614722600705,41.094611131446,16.86076995428607,41.09556026737646,16.861799770540163,41.09428507077666,16.861822930016572,0.7649490059197281,0.0849943339910809,2.178092774701823,0.03902236625467732,45.0,0.0
0_173,-48874527#2,33831688,26,41.09433377805168,16.860614722600705,41.094611131446,16.86076995428607,41.09717022441964,16.862141610446756,41.09717150257013,16.862346685598727,0.5455180461038847,0.020981463311687872,2.178092774701823,0.009632952074119155,45.0,0.0
0_174,-48874527#2,48563895#1,40,41.09433377805168,16.860614722600705,41.094611131446,16.86076995428607,41.094497059549575,16.854662484304253,41.09459493177244,16.85467607291383,0.7766755940864016,0.019416889852160044,2.178092774701823,0.008914629384792015,45.0,0.0
0_175,-48874527#2,48563902#0,15,41.09433377805168,16.860614722600705,41.094611131446,16.86076995428607,41.093159424293006,16.861119861413044,41.092910609638544,16.861550868324073,0.9632767138365299,0.06421844758910199,2.178092774701823,0.029483798089313885,45.0,0.0
0_176,-48874527#2,48874527#2,2,41.09433377805168,16.860614722600705,41.094611131446,16.86076995428607,41.094611131446,16.86076995428607,41.09433377805168,16.860614722600705,0.7468333243020915,0.37341666215104574,2.178092774701823,0.17144203703727257,45.0,0.0
0_177,-48874527#2,50077954,28,41.09433377805168,16.860614722600705,41.094611131446,16.86076995428607,41.094481033476846,16.855484180652265,41.09590934506375,16.85589778274809,0.8761248603564936,0.03129017358416048,2.178092774701823,0.014365858951276329,45.0,0.0
0_178,-48874527#2,96606465,16,41.09433377805168,16.860614722600705,41.094611131446,16.86076995428607,41.09320904205983,16.86036794969964,41.093226008438016,16.859824905081403,0.5543061410904186,0.034644133818151165,2.178092774701823,0.015905720004463025,45.0,0.0
0_179,1226960836#0,-131752097#1,12,41.093276282258536,16.856306336332803,41.09326327598272,16.856459442663375,41.09628587040379,16.863506396736675,41.09627339570725,16.863759660301465,0.7176651407592174,0.05980542839660145,2.206051631893194,0.027109713812671507,45.0,0.0
0_180,1226960836#0,-25654991#0,19,41.093276282258536,16.856306336332803,41.09326327598272,16.856459442663375,41.09267829914716,16.854073630954087,41.09207574955028,16.85389154719994,0.5489268983623865,0.028890889387494026,2.206051631893194,0.013096198189477723,45.0,0.0
0_181,1226960836#0,-33831688,19,41.093276282258536,16.856306336332803,41.09326327598272,16.856459442663375,41.09717150257013,16.862346685598727,41.09717022441964,16.862141610446756,0.6410787254885848,0.033740985552030776,2.206051631893194,0.015294739735114388,45.0,0.0
0_182,1226960836#0,-48874524,31,41.093276282258536,16.856306336332803,41.09326327598272,16.856459442663375,41.09782874807601,16.858422322289133,41.09720965467912,16.86010828803053,0.9303814211273378,0.030012303907333476,2.206051631893194,0.013604533762239033,45.0,0.0
0_183,1226960836#0,-50077954,24,41.093276282258536,16.856306336332803,41.09326327598272,16.856459442663375,41.09590934506375,16.85589778274809,41.094481033476846,16.855484180652265,0.8950173485957182,0.03729238952482159,2.206051631893194,0.016904585996846286,45.0,0.0
0_184,1226960836#0,-50370694#0,8,41.093276282258536,16.856306336332803,41.09326327598272,16.856459442663375,41.09390877175432,16.860555577386883,41.09389978504193,16.86089441913475,0.7152990498228708,0.08941238122785886,2.206051631893194,0.040530502520979866,45.0,0.0
0_185,1226960836#0,114953453#6,16,41.093276282258536,16.856306336332803,41.09326327598272,16.856459442663375,41.09289989869124,16.857979997773366,41.09252833667128,16.85806965698529,0.7290388560405046,0.045564928502531535,2.206051631893194,0.02065451589790241,45.0,0.0
0_186,1226960836#0,1223050325#0,29,41.093276282258536,16.856306336332803,41.09326327598272,16.856459442663375,41.09575898407665,16.861403291409037,41.09578940828096,16.861627521735652,0.8491541017370056,0.029281175921965708,2.206051631893194,0.01327311450858343,45.0,0.0
0_187,1226960836#0,1223050326,28,41.093276282258536,16.856306336332803,41.09326327598272,16.856459442663375,41.09577203818025,16.86132567064774,41.09575898407665,16.861403291409037,0.6128633187076087,0.02188797566812888,2.206051631893194,0.009921787573641244,45.0,0.0
0_188,1226960836#0,1226960836#1,2,41.093276282258536,16.856306336332803,41.09326327598272,16.856459442663375,41.09326327598272,16.856459442663375,41.09325705252129,16.85653261037847,0.5492437969098276,0.2746218984549138,2.206051631893194,0.12448570762563621,45.0,0.0
0_189,1226960836#0,131750844#7,18,41.093276282258536,16.856306336332803,41.09326327598272,16.856459442663375,41.09588692434208,16.86204201283392,41.096023183819085,16.86206015013157,0.985323044561633,0.054740169142312944,2.206051631893194,0.024813639151018377,45.0,0.0
0_190,1226960836#0,131750844#8,19,41.093276282258536,16.856306336332803,41.09326327598272,16.856459442663375,41.096023183819085,16.86206015013157,41.09607053280287,16.862073156374553,0.9906302509525209,0.05213843426065899,2.206051631893194,0.023634276508711954,45.0,0.0
0_191,1226960836#0,131750844#9,20,41.093276282258536,16.856306336332803,41.09326327598272,16.856459442663375,41.09607053280287,16.862073156374553,41.09624619327664,16.862345189534487,0.7682058697819183,0.038410293489095915,2.206051631893194,0.01741133023986972,45.0,0.0
0_192,1226960836#0,131750850#0,34,41.093276282258536,16.856306336332803,41.09326327598272,16.856459442663375,41.09406666971318,16.861809974981103,41.09374076152227,16.861733142040123,0.8014192454297198,0.0235711542773447,2.206051631893194,0.010684769992040646,45.0,0.0
0_193,1226960836#0,131750853#0,31,41.093276282258536,16.856306336332803,41.09326327598272,16.856459442663375,41.09428507077666,16.861822930016572,41.094248634240174,16.861820234016683,0.5459482905174953,0.017611235177983717,2.206051631893194,0.007983147322290943,45.0,0.0
0_194,1226960836#0,131750853#2,33,41.093276282258536,16.856306336332803,41.09326327598272,16.856459442663375,41.09422326217536,16.861818445841735,41.09406666971318,16.861809974981103,0.6565469629722966,0.01989536251431202,2.206051631893194,0.00901853892569059,45.0,0.0
0_195,1226960836#0,131752095#2,19,41.093276282258536,16.856306336332803,41.09326327598272,16.856459442663375,41.09606913880409,16.857384087393385,41.09607773810893,16.85711333011326,0.9620213542165421,0.050632702853502215,2.206051631893194,0.022951730649227883,45.0,0.0
0_196,1226960836#0,25817423#3,12,41.093276282258536,16.856306336332803,41.09326327598272,16.856459442663375,41.093433790346566,16.855687830843742,41.09352569242476,16.85465158647345,0.7157634214843448,0.059646951790362064,2.206051631893194,0.02703787659728259,45.0,0.0
0_197,1226960836#0,25817735#2,11,41.093276282258536,16.856306336332803,41.09326327598272,16.856459442663375,41.09257525037648,16.866055037799217,41.08991586912939,16.865878687144406,0.9452731845071942,0.08593392586429038,2.206051631893194,0.03895372375783581,45.0,0.0
0_198,1226960836#0,25819014#1,23,41.093276282258536,16.856306336332803,41.09326327598272,16.856459442663375,41.09637979984023,16.861535604961926,41.096390396588056,16.86145398483175,0.6917513613574777,0.03007614614597729,2.206051631893194,0.013633473356272482,45.0,0.0
0_199,1226960836#0,25819014#2,24,41.093276282258536,16.856306336332803,41.09326327598272,16.856459442663375,41.096390396588056,16.86145398483175,41.09617566373433,16.86105237527639,0.5055598222177039,0.021064992592404328,2.206051631893194,0.009548730540965049,45.0,0.0
0_200,1226960836#0,25819177#2,16,41.093276282258536,16.856306336332803,41.09326327598272,16.856459442663375,41.09333584930795,16.855672929401177,41.09331846638719,16.855846153569416,0.891583981736366,0.055723998858522875,2.206051631893194,0.025259607732164242,45.0,0.0
0_201,1226960836#0,25819177#3,17,41.093276282258536,16.856306336332803,41.09326327598272,16.856459442663375,41.09331846638719,16.855846153569416,41.09330344191395,16.855984796607544,0.9160799531341153,0.053887056066712666,2.206051631893194,0.02442692423316845,45.0,0.0
0_202,1226960836#0,25819177#5,19,41.093276282258536,16.856306336332803,41.09326327598272,16.856459442663375,41.09328897220411,16.85615607855325,41.093276282258536,16.856306336332803,0.6186698619764891,0.032561571682973106,2.206051631893194,0.01476011314160827,45.0,0.0
0_203,1226960836#0,28279138#5,8,41.093276282258536,16.856306336332803,41.09326327598272,16.856459442663375,41.09309962997091,16.8641768999245,41.09122003932151,16.863954806076606,0.8221909538372999,0.10277386922966249,2.206051631893194,0.04658724562192762,45.0,0.0
0_204,1226960836#0,28921528#2,24,41.093276282258536,16.856306336332803,41.09326327598272,16.856459442663375,41.09590934506375,16.85589778274809,41.09589464404242,16.856597607978603,0.6451019148047448,0.026879246450197698,2.206051631893194,0.012184323368320444,45.0,0.0
0_205,1226960836#0,28921528#8,17,41.093276282258536,16.856306336332803,41.09326327598272,16.856459442663375,41.095864883749904,16.858939789299576,41.09579879841287,16.860483307032734,0.7292171027280101,0.04289512368988295,2.206051631893194,0.019444297254761492,45.0,0.0
0_206,1226960836#0,30672980#0,16,41.093276282258536,16.856306336332803,41.09326327598272,16.856459442663375,41.09410258065408,16.854547680343014,41.0940220774019,16.854495884667088,0.9657057049657349,0.06035660656035843,2.206051631893194,0.027359562073604536,45.0,0.0
0_207,1226960836#0,30672980#6,19,41.093276282258536,16.856306336332803,41.09326327598272,16.856459442663375,41.09290701188394,16.85345153155061,41.09274366748828,16.853398004520955,0.7441351312061769,0.03916500690558826,2.206051631893194,0.017753440735191472,45.0,0.0
0_208,1226960836#0,30673346,16,41.093276282258536,16.856306336332803,41.09326327598272,16.856459442663375,41.09289989869124,16.857979997773366,41.0924620240455,16.857540225068156,0.6173038951152612,0.038581493444703824,2.206051631893194,0.017488934931044146,45.0,0.0
0_209,1226960836#0,30674315#11,32,41.093276282258536,16.856306336332803,41.09326327598272,16.856459442663375,41.09762167433529,16.86078183182401,41.0975908593457,16.860854905020272,0.7833280034169638,0.02447900010678012,2.206051631893194,0.011096295187693625,45.0,0.0
0_210,1226960836#0,30674315#8,32,41.093276282258536,16.856306336332803,41.09326327598272,16.856459442663375,41.09783406893447,16.85935956518292,41.09781757948696,16.860074005211207,0.9693305370416107,0.030291579282550333,2.206051631893194,0.01373112888412074,45.0,0.0
0_211,1226960836#0,30674315#9,33,41.093276282258536,16.856306336332803,41.09326327598272,16.856459442663375,41.09781757948696,16.860074005211207,41.09773009884011,16.860532461562137,0.57346428215526,0.017377705519856363,2.206051631893194,0.00787728866751098,45.0,0.0
0_212,1226960836#0,30674359#4,34,41.093276282258536,16.856306336332803,41.09326327598272,16.856459442663375,41.09788351207976,16.86008527251128,41.097886790174485,16.85993247707892,0.7092620288146194,0.020860647906312337,2.206051631893194,0.009456101391611628,45.0,0.0
0_213,1226960836#0,30674359#5,35,41.093276282258536,16.856306336332803,41.09326327598272,16.856459442663375,41.097886790174485,16.85993247707892,41.097887056561405,16.859358083149928,0.7293545140883269,0.020838700402523624,2.206051631893194,0.009446152620027402,45.0,0.0
0_214,1226960836#0,30674385#2,29,41.093276282258536,16.856306336332803,41.09326327598272,16.856459442663375,41.09752079197923,16.86113857805688,41.097541272342,16.861158803055236,0.8015692579345901,0.027640319239123797,2.206051631893194,0.012529316557928142,45.0,0.0
0_215,1226960836#0,30674948,9,41.093276282258536,16.856306336332803,41.09326327598272,16.856459442663375,41.09346290764322,16.859512259912492,41.0937563740557,16.85923859402608,0.5186969578902656,0.05763299532114062,2.206051631893194,0.02612495305546453,45.0,0.0
0_216,1226960836#0,30675059#0,29,41.093276282258536,16.856306336332803,41.09326327598272,16.856459442663375,41.09575898407665,16.861403291409037,41.09556026737646,16.861799770540163,0.5771412056641824,0.019901420884971807,2.206051631893194,0.00902128517630966,45.0,0.0
0_217,1226960836#0,30675059#1,30,41.093276282258536,16.856306336332803,41.09326327598272,16.856459442663375,41.09556026737646,16.861799770540163,41.09428507077666,16.861822930016572,0.5993482577073947,0.019978275256913158,2.206051631893194,0.00905612315146412,45.0,0.0
0_218,1226960836#0,33831688,20,41.093276282258536,16.856306336332803,41.09326327598272,16.856459442663375,41.09717022441964,16.862141610446756,41.09717150257013,16.862346685598727,0.7541020446679809,0.03770510223339905,2.206051631893194,0.01709166806809558,45.0,0.0
0_219,1226960836#0,48563895#1,18,41.093276282258536,16.856306336332803,41.09326327598272,16.856459442663375,41.094497059549575,16.854662484304253,41.09459493177244,16.85467607291383,0.774414435050639,0.043023024169479944,2.206051631893194,0.019502274356361437,45.0,0.0
0_220,1226960836#0,48563902#0,6,41.093276282258536,16.856306336332803,41.09326327598272,16.856459442663375,41.093159424293006,16.861119861413044,41.092910609638544,16.861550868324073,0.7494165737967003,0.12490276229945005,2.206051631893194,0.05661824070375938,45.0,0.0
0_221,1226960836#0,48874527#2,21,41.093276282258536,16.856306336332803,41.09326327598272,16.856459442663375,41.094611131446,16.86076995428607,41.09433377805168,16.860614722600705,0.6401631679929665,0.030483960380617448,2.206051631893194,0.01381833495640202,45.0,0.0
0_222,1226960836#0,50077954,25,41.093276282258536,16.856306336332803,41.09326327598272,16.856459442663375,41.094481033476846,16.855484180652265,41.09590934506375,16.85589778274809,0.7908707686578187,0.03163483074631275,2.206051631893194,0.014340022821299201,45.0,0.0
0_223,1226960836#0,96606465,7,41.093276282258536,16.856306336332803,41.09326327598272,16.856459442663375,41.09320904205983,16.86036794969964,41.093226008438016,16.859824905081403,0.9957192742226524,0.14224561060323604,2.206051631893194,0.06447972864586284,45.0,0.0
0_224,131750844#6,-131752097#1,9,41.09565135091025,16.86201595031514,41.09588692434208,16.86204201283392,41.09628587040379,16.863506396736675,41.09627339570725,16.863759660301465,0.7466830235570854,0.08296478039523171,2.521056423685704,0.032908736042464234,45.0,0.0
0_225,131750844#6,-25654991#0,33,41.09565135091025,16.86201595031514,41.09588692434208,16.86204201283392,41.09267829914716,16.854073630954087,41.09207574955028,16.85389154719994,0.9791932423930001,0.02967252249675758,2.521056423685704,0.011769876397045211,45.0,0.0
0_226,131750844#6,-33831688,16,41.09565135091025,16.86201595031514,41.09588692434208,16.86204201283392,41.09717150257013,16.862346685598727,41.09717022441964,16.862141610446756,0.9817521947264028,0.06135951217040018,2.521056423685704,0.024338809553772118,45.0,0.0
0_227,131750844#6,-48874524,27,41.09565135091025,16.86201595031514,41.09588692434208,16.86204201283392,41.09782874807601,16.858422322289133,41.09720965467912,16.86010828803053,0.9854679652872304,0.036498813529156675,2.521056423685704,0.014477586929925422,45.0,0.0
0_228,131750844#6,-50077954,22,41.09565135091025,16.86201595031514,41.09588692434208,16.86204201283392,41.09590934506375,16.85589778274809,41.094481033476846,16.855484180652265,0.5198402682640864,0.023629103102913017,2.521056423685704,0.009372699032403259,45.0,0.0
0_229,131750844#6,-50370694#0,22,41.09565135091025,16.86201595031514,41.09588692434208,16.86204201283392,41.09390877175432,16.860555577386883,41.09389978504193,16.86089441913475,0.8876272662245004,0.040346693919295476,2.521056423685704,0.016003883745017454,45.0,0.0
0_230,131750844#6,114953453#6,28,41.09565135091025,16.86201595031514,41.09588692434208,16.86204201283392,41.09289989869124,16.857979997773366,41.09252833667128,16.85806965698529,0.8586765938762984,0.030667021209867796,2.521056423685704,0.012164353372557045,45.0,0.0
0_231,131750844#6,1223050325#0,13,41.09565135091025,16.86201595031514,41.09588692434208,16.86204201283392,41.09575898407665,16.861403291409037,41.09578940828096,16.861627521735652,0.9060798602917214,0.06969845079167088,2.521056423685704,0.027646525534630425,45.0,0.0
0_232,131750844#6,1223050326,12,41.09565135091025,16.86201595031514,41.09588692434208,16.86204201283392,41.09577203818025,16.86132567064774,41.09575898407665,16.861403291409037,0.5439188645056954,0.04532657204214128,2.521056423685704,0.017979197774508862,45.0,0.0
0_233,131750844#6,1226960836#1,35,41.09565135091025,16.86201595031514,41.09588692434208,16.86204201283392,41.09326327598272,16.856459442663375,41.09325705252129,16.85653261037847,0.615264176552403,0.0175789764729258,2.521056423685704,0.006972861181435161,45.0,0.0
0_234,131750844#6,131750844#7,2,41.09565135091025,16.86201595031514,41.09588692434208,16.86204201283392,41.09588692434208,16.86204201283392,41.096023183819085,16.86206015013157,0.9033982628718962,0.4516991314359481,2.521056423685704,0.17917057595068753,45.0,0.0
0_235,131750844#6,131750844#8,3,41.09565135091025,16.86201595031514,41.09588692434208,16.86204201283392,41.096023183819085,16.86206015013157,41.09607053280287,16.862073156374553,0.776506740360555,0.258835580120185,2.521056423685704,0.10266949112617464,45.0,0.0
0_236,131750844#6,131750844#9,4,41.09565135091025,16.86201595031514,41.09588692434208,16.86204201283392,41.09607053280287,16.862073156374553,41.09624619327664,16.862345189534487,0.6391034010865768,0.1597758502716442,2.521056423685704,0.06337654674069412,45.0,0.0
0_237,131750844#6,131750850#0,18,41.09565135091025,16.86201595031514,41.09588692434208,16.86204201283392,41.09406666971318,16.861809974981103,41.09374076152227,16.861733142040123,0.5953300237855748,0.03307389021030971,2.521056423685704,0.013119059890756724,45.0,0.0
0_238,131750844#6,131750853#0,15,41.09565135091025,16.86201595031514,41.09588692434208,16.86204201283392,41.09428507077666,16.861822930016572,41.094248634240174,16.861820234016683,0.7634724830514785,0.05089816553676523,2.521056423685704,0.020189221097381763,45.0,0.0
0_239,131750844#6,131750853#2,17,41.09565135091025,16.86201595031514,41.09588692434208,16.86204201283392,41.09422326217536,16.861818445841735,41.09406666971318,16.861809974981103,0.8701819820026004,0.051187175411917675,2.521056423685704,0.020303859497552878,45.0,0.0
0_240,131750844#6,131752095#2,17,41.09565135091025,16.86201595031514,41.09588692434208,16.86204201283392,41.09606913880409,16.857384087393385,41.09607773810893,16.85711333011326,0.8299360947674692,0.048819770280439365,2.521056423685704,0.019364806682536054,45.0,0.0
0_241,131750844#6,25817423#3,26,41.09565135091025,16.86201595031514,41.09588692434208,16.86204201283392,41.093433790346566,16.855687830843742,41.09352569242476,16.85465158647345,0.815761324616036,0.03137543556215523,2.521056423685704,0.012445352379811217,45.0,0.0
0_242,131750844#6,25817735#2,22,41.09565135091025,16.86201595031514,41.09588692434208,16.86204201283392,41.09257525037648,16.866055037799217,41.08991586912939,16.865878687144406,0.9599036650433427,0.043631984774697395,2.521056423685704,0.017307024295358225,45.0,0.0
0_243,131750844#6,25819014#1,7,41.09565135091025,16.86201595031514,41.09588692434208,16.86204201283392,41.09637979984023,16.861535604961926,41.096390396588056,16.86145398483175,0.7049376674052226,0.10070538105788893,2.521056423685704,0.03994570693132717,45.0,0.0
0_244,131750844#6,25819014#2,8,41.09565135091025,16.86201595031514,41.09588692434208,16.86204201283392,41.096390396588056,16.86145398483175,41.09617566373433,16.86105237527639,0.673609891759144,0.084201236469893,2.521056423685704,0.033399187609928015,45.0,0.0
0_245,131750844#6,25819177#2,30,41.09565135091025,16.86201595031514,41.09588692434208,16.86204201283392,41.09333584930795,16.855672929401177,41.09331846638719,16.855846153569416,0.5591187227468425,0.018637290758228082,2.521056423685704,0.007392651185085718,45.0,0.0
0_246,131750844#6,25819177#3,31,41.09565135091025,16.86201595031514,41.09588692434208,16.86204201283392,41.09331846638719,16.855846153569416,41.09330344191395,16.855984796607544,0.7370100858875284,0.02377451889959769,2.521056423685704,0.009430379533053092,45.0,0.0
0_247,131750844#6,25819177#5,33,41.09565135091025,16.86201595031514,41.09588692434208,16.86204201283392,41.09328897220411,16.85615607855325,41.093276282258536,16.856306336332803,0.6212396678208012,0.018825444479418217,2.521056423685704,0.0074672840728792645,45.0,0.0
0_248,131750844#6,28279138#5,15,41.09565135091025,16.86201595031514,41.09588692434208,16.86204201283392,41.09309962997091,16.8641768999245,41.09122003932151,16.863954806076606,0.5389261522813111,0.035928410152087406,2.521056423685704,0.014251331233420478,45.0,0.0
0_249,131750844#6,28921528#2,22,41.09565135091025,16.86201595031514,41.09588692434208,16.86204201283392,41.09590934506375,16.85589778274809,41.09589464404242,16.856597607978603,0.8434998953363778,0.03834090433347172,2.521056423685704,0.01520826903089243,45.0,0.0
0_250,131750844#6,28921528#8,19,41.09565135091025,16.86201595031514,41.09588692434208,16.86204201283392,41.095864883749904,16.858939789299576,41.09579879841287,16.860483307032734,0.8824426196101993,0.0464443484005368,2.521056423685704,0.018422573951215517,45.0,0.0
0_251,131750844#6,30672980#0,36,41.09565135091025,16.86201595031514,41.09588692434208,16.86204201283392,41.09410258065408,16.854547680343014,41.0940220774019,16.854495884667088,0.6347108050853796,0.0176308556968161,2.521056423685704,0.006993439548266972,45.0,0.0
0_252,131750844#6,30672980#6,33,41.09565135091025,16.86201595031514,41.09588692434208,16.86204201283392,41.09290701188394,16.85345153155061,41.09274366748828,16.853398004520955,0.9939831956782341,0.030120702899340428,2.521056423685704,0.011947651237136899,45.0,0.0
0_253,131750844#6,30673346,28,41.09565135091025,16.86201595031514,41.09588692434208,16.86204201283392,41.09289989869124,16.857979997773366,41.0924620240455,16.857540225068156,0.5782590792143495,0.020652109971941054,2.521056423685704,0.008191847583382655,45.0,0.0
0_254,131750844#6,30674315#11,16,41.09565135091025,16.86201595031514,41.09588692434208,16.86204201283392,41.09762167433529,16.86078183182401,41.0975908593457,16.860854905020272,0.5703961914454062,0.03564976196533789,2.521056423685704,0.014140802891360549,45.0,0.0
0_255,131750844#6,30674315#8,28,41.09565135091025,16.86201595031514,41.09588692434208,16.86204201283392,41.09783406893447,16.85935956518292,41.09781757948696,16.860074005211207,0.7100113660322239,0.02535754878686514,2.521056423685704,0.010058302760948608,45.0,0.0
0_256,131750844#6,30674315#9,29,41.09565135091025,16.86201595031514,41.09588692434208,16.86204201283392,41.09781757948696,16.860074005211207,41.09773009884011,16.860532461562137,0.8489938551876481,0.029275650178884418,2.521056423685704,0.011612453376225651,45.0,0.0
0_257,131750844#6,30674359#4,18,41.09565135091025,16.86201595031514,41.09588692434208,16.86204201283392,41.09788351207976,16.86008527251128,41.097886790174485,16.85993247707892,0.7275286606855511,0.04041825892697506,2.521056423685704,0.016032270657348024,45.0,0.0
0_258,131750844#6,30674359#5,19,41.09565135091025,16.86201595031514,41.09588692434208,16.86204201283392,41.097886790174485,16.85993247707892,41.097887056561405,16.859358083149928,0.6674163645853317,0.03512717708343851,2.521056423685704,0.013933514836642845,45.0,0.0
0_259,131750844#6,30674385#2,13,41.09565135091025,16.86201595031514,41.09588692434208,16.86204201283392,41.09752079197923,16.86113857805688,41.097541272342,16.861158803055236,0.6845085358395295,0.05265450275688689,2.521056423685704,0.020885888257870758,45.0,0.0
0_260,131750844#6,30674948,23,41.09565135091025,16.86201595031514,41.09588692434208,16.86204201283392,41.09346290764322,16.859512259912492,41.0937563740557,16.85923859402608,0.695174584138881,0.03022498191908178,2.521056423685704,0.011989014460411727,45.0,0.0
0_261,131750844#6,30675059#0,13,41.09565135091025,16.86201595031514,41.09588692434208,16.86204201283392,41.09575898407665,16.861403291409037,41.09556026737646,16.861799770540163,0.604744389355031,0.046518799181156235,2.521056423685704,0.018452105531675183,45.0,0.0
0_262,131750844#6,30675059#1,14,41.09565135091025,16.86201595031514,41.09588692434208,16.86204201283392,41.09556026737646,16.861799770540163,41.09428507077666,16.861822930016572,0.6176709447066994,0.04411935319333567,2.521056423685704,0.017500343419063417,45.0,0.0
0_263,131750844#6,33831688,17,41.09565135091025,16.86201595031514,41.09588692434208,16.86204201283392,41.09717022441964,16.862141610446756,41.09717150257013,16.862346685598727,0.5114302048579518,0.030084129697526572,2.521056423685704,0.01193314414341609,45.0,0.0
0_264,131750844#6,48563895#1,35,41.09565135091025,16.86201595031514,41.09588692434208,16.86204201283392,41.094497059549575,16.854662484304253,41.09459493177244,16.85467607291383,0.5552464066957593,0.015864183048450265,2.521056423685704,0.0062926727459980195,45.0,0.0
0_265,131750844#6,48563902#0,20,41.09565135091025,16.86201595031514,41.09588692434208,16.86204201283392,41.093159424293006,16.861119861413044,41.092910609638544,16.861550868324073,0.8371458185834867,0.04185729092917434,2.521056423685704,0.016603075812155095,45.0,0.0
0_266,131750844#6,48874527#2,23,41.09565135091025,16.86201595031514,41.09588692434208,16.86204201283392,41.094611131446,16.86076995428607,41.09433377805168,16.860614722600705,0.813229981937285,0.035357825301621085,2.521056423685704,0.014025003553839177,45.0,0.0
0_267,131750844#6,50077954,23,41.09565135091025,16.86201595031514,41.09588692434208,16.86204201283392,41.094481033476846,16.855484180652265,41.09590934506375,16.85589778274809,0.6160545767984114,0.026784981599930927,2.521056423685704,0.010624506991704747,45.0,0.0
0_268,131750844#6,96606465,21,41.09565135091025,16.86201595031514,41.09588692434208,16.86204201283392,41.09320904205983,16.86036794969964,41.093226008438016,16.859824905081403,0.618688271531347,0.029461346263397473,2.521056423685704,0.011686111420039511,45.0,0.0
0_269,131750844#7,-131752097#1,8,41.09588692434208,16.86204201283392,41.096023183819085,16.86206015013157,41.09628587040379,16.863506396736675,41.09627339570725,16.863759660301465,0.5342937631543878,0.06678672039429848,2.5606574038834835,0.02608186487306345,44.0,52.0
0_270,131750844#7,-25654991#0,32,41.09588692434208,16.86204201283392,41.096023183819085,16.86206015013157,41.09267829914716,16.854073630954087,41.09207574955028,16.85389154719994,0.6815078594448984,0.021297120607653076,2.5606574038834835,0.008317051931802334,44.0,52.0
0_271,131750844#7,-33831688,15,41.09588692434208,16.86204201283392,41.096023183819085,16.86206015013157,41.09717150257013,16.862346685598727,41.09717022441964,16.862141610446756,0.9801159892579601,0.06534106595053067,2.5606574038834835,0.02551730108503959,44.0,52.0
0_272,131750844#7,-48874524,26,41.09588692434208,16.86204201283392,41.096023183819085,16.86206015013157,41.09782874807601,16.858422322289133,41.09720965467912,16.86010828803053,0.6656789281966963,0.025603035699872934,2.5606574038834835,0.009998618191189287,44.0,52.0
0_273,131750844#7,-50077954,21,41.09588692434208,16.86204201283392,41.096023183819085,16.86206015013157,41.09590934506375,16.85589778274809,41.094481033476846,16.855484180652265,0.6511828495209838,0.031008707120046847,2.5606574038834835,0.012109666475889808,44.0,52.0
0_274,131750844#7,-50370694#0,21,41.09588692434208,16.86204201283392,41.096023183819085,16.86206015013157,41.09390877175432,16.860555577386883,41.09389978504193,16.86089441913475,0.8140612848124692,0.038764823086308055,2.5606574038834835,0.01513862144444527,44.0,52.0
0_275,131750844#7,114953453#6,27,41.09588692434208,16.86204201283392,41.096023183819085,16.86206015013157,41.09289989869124,16.857979997773366,41.09252833667128,16.85806965698529,0.8831071287924734,0.032707671436758276,2.5606574038834835,0.012773154029568322,44.0,52.0
0_276,131750844#7,1223050325#0,12,41.09588692434208,16.86204201283392,41.096023183819085,16.86206015013157,41.09575898407665,16.861403291409037,41.09578940828096,16.861627521735652,0.994103673899053,0.08284197282492108,2.5606574038834835,0.03235183773482671,44.0,52.0
0_277,131750844#7,1223050326,11,41.09588692434208,16.86204201283392,41.096023183819085,16.86206015013157,41.09577203818025,16.86132567064774,41.09575898407665,16.861403291409037,0.6497625293812525,0.05906932085284113,2.5606574038834835,0.02306802962522703,44.0,52.0
0_278,131750844#7,1226960836#1,34,41.09588692434208,16.86204201283392,41.096023183819085,16.86206015013157,41.09326327598272,16.856459442663375,41.09325705252129,16.85653261037847,0.8166415762980317,0.02401886989111858,2.5606574038834835,0.009379962291984727,44.0,52.0
0_279,131750844#7,131750844#8,2,41.09588692434208,16.86204201283392,41.096023183819085,16.86206015013157,41.096023183819085,16.86206015013157,41.09607053280287,16.862073156374553,0.8190608112660405,0.40953040563302023,2.5606574038834835,0.15993174448558717,44.0,52.0
0_280,131750844#7,131750844#9,3,41.09588692434208,16.86204201283392,41.096023183819085,16.86206015013157,41.09607053280287,16.862073156374553,41.09624619327664,16.862345189534487,0.9892110009937239,0.3297370003312413,2.5606574038834835,0.1287704477104838,44.0,52.0
0_281,131750844#7,131750850#0,17,41.09588692434208,16.86204201283392,41.096023183819085,16.86206015013157,41.09406666971318,16.861809974981103,41.09374076152227,16.861733142040123,0.7579649780457549,0.04458617517916205,2.5606574038834835,0.017412003304910224,44.0,52.0
0_282,131750844#7,131750853#0,14,41.09588692434208,16.86204201283392,41.096023183819085,16.86206015013157,41.09428507077666,16.861822930016572,41.094248634240174,16.861820234016683,0.6289064753721523,0.044921891098010876,2.5606574038834835,0.01754310866806411,44.0,52.0
0_283,131750844#7,131750853#2,16,41.09588692434208,16.86204201283392,41.096023183819085,16.86206015013157,41.09422326217536,16.861818445841735,41.09406666971318,16.861809974981103,0.5795750389572555,0.03622343993482847,2.5606574038834835,0.01414614851635058,44.0,52.0
0_284,131750844#7,131752095#2,16,41.09588692434208,16.86204201283392,41.096023183819085,16.86206015013157,41.09606913880409,16.857384087393385,41.09607773810893,16.85711333011326,0.8985506132551979,0.05615941332844987,2.5606574038834835,0.02193163882184267,44.0,52.0
0_285,131750844#7,25817423#3,25,41.09588692434208,16.86204201283392,41.096023183819085,16.86206015013157,41.093433790346566,16.855687830843742,41.09352569242476,16.85465158647345,0.687986088913572,0.027519443556542882,2.5606574038834835,0.010747022821095471,44.0,52.0
0_286,131750844#7,25817735#2,21,41.09588692434208,16.86204201283392,41.096023183819085,16.86206015013157,41.09257525037648,16.866055037799217,41.08991586912939,16.865878687144406,0.9409482190077001,0.044807058047985716,2.5606574038834835,0.0174982635240589,44.0,52.0
0_287,131750844#7,25819014#1,6,41.09588692434208,16.86204201283392,41.096023183819085,16.86206015013157,41.09637979984023,16.861535604961926,41.096390396588056,16.86145398483175,0.5664628904484268,0.09441048174140446,2.5606574038834835,0.03686962636947132,44.0,52.0
0_288,131750844#7,25819014#2,7,41.09588692434208,16.86204201283392,41.096023183819085,16.86206015013157,41.096390396588056,16.86145398483175,41.09617566373433,16.86105237527639,0.7615133394588713,0.1087876199226959,2.5606574038834835,0.04248425414415415,44.0,52.0
0_289,131750844#7,25819177#2,29,41.09588692434208,16.86204201283392,41.096023183819085,16.86206015013157,41.09333584930795,16.855672929401177,41.09331846638719,16.855846153569416,0.8631160657419792,0.029762622956619973,2.5606574038834835,0.011623039814495329,44.0,52.0
0_290,131750844#7,25819177#3,30,41.09588692434208,16.86204201283392,41.096023183819085,16.86206015013157,41.09331846638719,16.855846153569416,41.09330344191395,16.855984796607544,0.9602066061075549,0.03200688687025183,2.5606574038834835,0.012499480337240859,44.0,52.0
0_291,131750844#7,25819177#5,32,41.09588692434208,16.86204201283392,41.096023183819085,16.86206015013157,41.09328897220411,16.85615607855325,41.093276282258536,16.856306336332803,0.5153123237841262,0.016103510118253943,2.5606574038834835,0.0062888186814180685,44.0,52.0
0_292,131750844#7,28279138#5,14,41.09588692434208,16.86204201283392,41.096023183819085,16.86206015013157,41.09309962997091,16.8641768999245,41.09122003932151,16.863954806076606,0.82871112498507,0.05919365178464786,2.5606574038834835,0.023116583926797465,44.0,52.0
0_293,131750844#7,28921528#2,21,41.09588692434208,16.86204201283392,41.096023183819085,16.86206015013157,41.09590934506375,16.85589778274809,41.09589464404242,16.856597607978603,0.5180648748251802,0.024669755944056196,2.5606574038834835,0.009634149381577611,44.0,52.0
0_294,131750844#7,28921528#8,18,41.09588692434208,16.86204201283392,41.096023183819085,16.86206015013157,41.095864883749904,16.858939789299576,41.09579879841287,16.860483307032734,0.6117886572614617,0.03398825873674787,2.5606574038834835,0.01327325501849697,44.0,52.0
0_295,131750844#7,30672980#0,35,41.09588692434208,16.86204201283392,41.096023183819085,16.86206015013157,41.09410258065408,16.854547680343014,41.0940220774019,16.854495884667088,0.5003074348436476,0.01429449813838993,2.5606574038834835,0.005582354795573569,44.0,52.0
0_296,131750844#7,30672980#6,32,41.09588692434208,16.86204201283392,41.096023183819085,16.86206015013157,41.09290701188394,16.85345153155061,41.09274366748828,16.853398004520955,0.9529789522718427,0.029780592258495085,2.5606574038834835,0.011630057270968755,44.0,52.0
0_297,131750844#7,30673346,27,41.09588692434208,16.86204201283392,41.096023183819085,16.86206015013157,41.09289989869124,16.857979997773366,41.0924620240455,16.857540225068156,0.6304509805783933,0.02335003631771827,2.5606574038834835,0.009118766252098266,44.0,52.0
0_298,131750844#7,30674315#11,15,41.09588692434208,16.86204201283392,41.096023183819085,16.86206015013157,41.09762167433529,16.86078183182401,41.0975908593457,16.860854905020272,0.6782909589811529,0.04521939726541019,2.5606574038834835,0.01765929217896569,44.0,52.0
0_299,131750844#7,30674315#8,27,41.09588692434208,16.86204201283392,41.096023183819085,16.86206015013157,41.09783406893447,16.85935956518292,41.09781757948696,16.860074005211207,0.8038935633162054,0.029773835678377977,2.5606574038834835,0.011627418659451706,44.0,52.0
0_300,131750844#7,30674315#9,28,41.09588692434208,16.86204201283392,41.096023183819085,16.86206015013157,41.09781757948696,16.860074005211207,41.09773009884011,16.860532461562137,0.8257731461549913,0.029491898076963972,2.5606574038834835,0.01151731505832708,44.0,52.0
0_301,131750844#7,30674359#4,17,41.09588692434208,16.86204201283392,41.096023183819085,16.86206015013157,41.09788351207976,16.86008527251128,41.097886790174485,16.85993247707892,0.9626808021225197,0.05662828247779528,2.5606574038834835,0.02211474381223862,44.0,52.0
0_302,131750844#7,30674359#5,18,41.09588692434208,16.86204201283392,41.096023183819085,16.86206015013157,41.097886790174485,16.85993247707892,41.097887056561405,16.859358083149928,0.6405072432844812,0.03558373573802673,2.5606574038834835,0.013896328217925821,44.0,52.0
0_303,131750844#7,30674385#2,12,41.09588692434208,16.86204201283392,41.096023183819085,16.86206015013157,41.09752079197923,16.86113857805688,41.097541272342,16.861158803055236,0.6511660024736093,0.05426383353946744,2.5606574038834835,0.021191368067110857,44.0,52.0
0_304,131750844#7,30674948,22,41.09588692434208,16.86204201283392,41.096023183819085,16.86206015013157,41.09346290764322,16.859512259912492,41.0937563740557,16.85923859402608,0.9116304233071504,0.041437746513961385,2.5606574038834835,0.016182464101256597,44.0,52.0
0_305,131750844#7,30675059#0,12,41.09588692434208,16.86204201283392,41.096023183819085,16.86206015013157,41.09575898407665,16.861403291409037,41.09556026737646,16.861799770540163,0.7660870035321519,0.06384058362767932,2.5606574038834835,0.0249313256552239,44.0,52.0
0_306,131750844#7,30675059#1,13,41.09588692434208,16.86204201283392,41.096023183819085,16.86206015013157,41.09556026737646,16.861799770540163,41.09428507077666,16.861822930016572,0.6426825248082577,0.0494371172929429,2.5606574038834835,0.01930641608594994,44.0,52.0
0_307,131750844#7,33831688,16,41.09588692434208,16.86204201283392,41.096023183819085,16.86206015013157,41.09717022441964,16.862141610446756,41.09717150257013,16.862346685598727,0.9301771732569853,0.058136073328561584,2.5606574038834835,0.022703573402827193,44.0,52.0
0_308,131750844#7,48563895#1,34,41.09588692434208,16.86204201283392,41.096023183819085,16.86206015013157,41.094497059549575,16.854662484304253,41.09459493177244,16.85467607291383,0.5317040083361488,0.01563835318635732,2.5606574038834835,0.006107163403679169,44.0,52.0
0_309,131750844#7,48563902#0,19,41.09588692434208,16.86204201283392,41.096023183819085,16.86206015013157,41.093159424293006,16.861119861413044,41.092910609638544,16.861550868324073,0.9646089552023349,0.05076889237907026,2.5606574038834835,0.019826507170414263,44.0,52.0
0_310,131750844#7,48874527#2,22,41.09588692434208,16.86204201283392,41.096023183819085,16.86206015013157,41.094611131446,16.86076995428607,41.09433377805168,16.860614722600705,0.9256282195112187,0.04207400997778267,2.5606574038834835,0.01643094070841862,44.0,52.0
0_311,131750844#7,50077954,22,41.09588692434208,16.86204201283392,41.096023183819085,16.86206015013157,41.094481033476846,16.855484180652265,41.09590934506375,16.85589778274809,0.7635486229220618,0.034706755587366446,2.5606574038834835,0.013553845795509509,44.0,52.0
0_312,131750844#7,96606465,20,41.09588692434208,16.86204201283392,41.096023183819085,16.86206015013157,41.09320904205983,16.86036794969964,41.093226008438016,16.859824905081403,0.9276967890169591,0.04638483945084795,2.5606574038834835,0.01811442615497914,44.0,52.0
0_313,131750850#0,-131752097#1,17,41.09406666971318,16.861809974981103,41.09374076152227,16.861733142040123,41.09628587040379,16.863506396736675,41.09627339570725,16.863759660301465,0.5183164314218283,0.030489201848342837,2.5433958053085632,0.011987596183301839,44.0,52.0
0_314,131750850#0,-25654991#0,16,41.09406666971318,16.861809974981103,41.09374076152227,16.861733142040123,41.09267829914716,16.854073630954087,41.09207574955028,16.85389154719994,0.8319726895431347,0.05199829309644592,2.5433958053085632,0.020444436130591763,44.0,52.0
0_315,131750850#0,-33831688,24,41.09406666971318,16.861809974981103,41.09374076152227,16.861733142040123,41.09717150257013,16.862346685598727,41.09717022441964,16.862141610446756,0.5468314264359962,0.02278464276816651,2.5433958053085632,0.008958355093851502,44.0,52.0
0_316,131750850#0,-48874524,35,41.09406666971318,16.861809974981103,41.09374076152227,16.861733142040123,41.09782874807601,16.858422322289133,41.09720965467912,16.86010828803053,0.7944394161337665,0.022698269032393328,2.5433958053085632,0.008924395088258623,44.0,52.0
0_317,131750850#0,-50077954,21,41.09406666971318,16.861809974981103,41.09374076152227,16.861733142040123,41.09590934506375,16.85589778274809,41.094481033476846,16.855484180652265,0.6531499315341975,0.03110237769210464,2.5433958053085632,0.012228681681076894,44.0,52.0
0_318,131750850#0,-50370694#0,5,41.09406666971318,16.861809974981103,41.09374076152227,16.861733142040123,41.09390877175432,16.860555577386883,41.09389978504193,16.86089441913475,0.7552408145144476,0.15104816290288953,2.5433958053085632,0.05938838248754777,44.0,52.0
0_319,131750850#0,114953453#6,13,41.09406666971318,16.861809974981103,41.09374076152227,16.861733142040123,41.09289989869124,16.857979997773366,41.09252833667128,16.85806965698529,0.9629279800860564,0.0740713830835428,2.5433958053085632,0.02912302636064012,44.0,52.0
0_320,131750850#0,1223050325#0,21,41.09406666971318,16.861809974981103,41.09374076152227,16.861733142040123,41.09575898407665,16.861403291409037,41.09578940828096,16.861627521735652,0.813231022097022,0.038725286766524855,2.5433958053085632,0.01522582001814174,44.0,52.0
0_321,131750850#0,1223050326,20,41.09406666971318,16.861809974981103,41.09374076152227,16.861733142040123,41.09577203818025,16.86132567064774,41.09575898407665,16.861403291409037,0.818335785555478,0.0409167892777739,2.5433958053085632,0.01608746432323769,44.0,52.0
0_322,131750850#0,1226960836#1,18,41.09406666971318,16.861809974981103,41.09374076152227,16.861733142040123,41.09326327598272,16.856459442663375,41.09325705252129,16.85653261037847,0.8997428173294589,0.04998571207385882,2.5433958053085632,0.019653139306720916,44.0,52.0
0_323,131750850#0,131750844#7,10,41.09406666971318,16.861809974981103,41.09374076152227,16.861733142040123,41.09588692434208,16.86204201283392,41.096023183819085,16.86206015013157,0.6655318271273638,0.06655318271273639,2.5433958053085632,0.02616705688270261,44.0,52.0
0_324,131750850#0,131750844#8,11,41.09406666971318,16.861809974981103,41.09374076152227,16.861733142040123,41.096023183819085,16.86206015013157,41.09607053280287,16.862073156374553,0.5390066899681758,0.04900060817892508,2.5433958053085632,0.019265820945623662,44.0,52.0
0_325,131750850#0,131750844#9,12,41.09406666971318,16.861809974981103,41.09374076152227,16.861733142040123,41.09607053280287,16.862073156374553,41.09624619327664,16.862345189534487,0.9899607149087937,0.08249672624239947,2.5433958053085632,0.03243566183061744,44.0,52.0
0_326,131750850#0,131750853#0,23,41.09406666971318,16.861809974981103,41.09374076152227,16.861733142040123,41.09428507077666,16.861822930016572,41.094248634240174,16.861820234016683,0.69805440751151,0.03035019163093522,2.5433958053085632,0.011932940821711056,44.0,52.0
0_327,131750850#0,131750853#2,25,41.09406666971318,16.861809974981103,41.09374076152227,16.861733142040123,41.09422326217536,16.861818445841735,41.09406666971318,16.861809974981103,0.5134089467578422,0.020536357870313687,2.5433958053085632,0.008074385365993883,44.0,52.0
0_328,131750850#0,131752095#2,16,41.09406666971318,16.861809974981103,41.09374076152227,16.861733142040123,41.09606913880409,16.857384087393385,41.09607773810893,16.85711333011326,0.9969693389044988,0.062310583681531174,2.5433958053085632,0.02449897241769324,44.0,52.0
0_329,131750850#0,25817423#3,9,41.09406666971318,16.861809974981103,41.09374076152227,16.861733142040123,41.093433790346566,16.855687830843742,41.09352569242476,16.85465158647345,0.7148268494135623,0.0794252054903958,2.5433958053085632,0.031228016231142595,44.0,52.0
0_330,131750850#0,25817735#2,8,41.09406666971318,16.861809974981103,41.09374076152227,16.861733142040123,41.09257525037648,16.866055037799217,41.08991586912939,16.865878687144406,0.6994117399938409,0.08742646749923011,2.5433958053085632,0.03437391353589324,44.0,52.0
0_331,131750850#0,25819014#1,15,41.09406666971318,16.861809974981103,41.09374076152227,16.861733142040123,41.09637979984023,16.861535604961926,41.096390396588056,16.86145398483175,0.6097715870348401,0.04065143913565601,2.5433958053085632,0.01598313524415214,44.0,52.0
0_332,131750850#0,25819014#2,16,41.09406666971318,16.861809974981103,41.09374076152227,16.861733142040123,41.096390396588056,16.86145398483175,41.09617566373433,16.86105237527639,0.7440432223061781,0.046502701394136134,2.5433958053085632,0.01828370609760224,44.0,52.0
0_333,131750850#0,25819177#2,13,41.09406666971318,16.861809974981103,41.09374076152227,16.861733142040123,41.09333584930795,16.855672929401177,41.09331846638719,16.855846153569416,0.5998012772452808,0.04613855978809852,2.5433958053085632,0.018140534670930235,44.0,52.0
0_334,131750850#0,25819177#3,14,41.09406666971318,16.861809974981103,41.09374076152227,16.861733142040123,41.09331846638719,16.855846153569416,41.09330344191395,16.855984796607544,0.9210605983357496,0.06579004273826783,2.5433958053085632,0.025867009216949708,44.0,52.0
0_335,131750850#0,25819177#5,16,41.09406666971318,16.861809974981103,41.09374076152227,16.861733142040123,41.09328897220411,16.85615607855325,41.093276282258536,16.856306336332803,0.9948236137373643,0.06217647585858527,2.5433958053085632,0.02444624455572775,44.0,52.0
0_336,131750850#0,28279138#5,5,41.09406666971318,16.861809974981103,41.09374076152227,16.861733142040123,41.09309962997091,16.8641768999245,41.09122003932151,16.863954806076606,0.8089084064930022,0.16178168129860046,2.5433958053085632,0.06360853507776121,44.0,52.0
0_337,131750850#0,28921528#2,21,41.09406666971318,16.861809974981103,41.09374076152227,16.861733142040123,41.09590934506375,16.85589778274809,41.09589464404242,16.856597607978603,0.7848097617454383,0.03737189341644944,2.5433958053085632,0.014693699399223277,44.0,52.0
0_338,131750850#0,28921528#8,14,41.09406666971318,16.861809974981103,41.09374076152227,16.861733142040123,41.095864883749904,16.858939789299576,41.09579879841287,16.860483307032734,0.502085873280965,0.03586327666292607,2.5433958053085632,0.014100548797034427,44.0,52.0
0_339,131750850#0,30672980#0,13,41.09406666971318,16.861809974981103,41.09374076152227,16.861733142040123,41.09410258065408,16.854547680343014,41.0940220774019,16.854495884667088,0.9468408823279673,0.07283391402522825,2.5433958053085632,0.02863648429128084,44.0,52.0
0_340,131750850#0,30672980#6,16,41.09406666971318,16.861809974981103,41.09374076152227,16.861733142040123,41.09290701188394,16.85345153155061,41.09274366748828,16.853398004520955,0.5391412039468793,0.03369632524667995,2.5433958053085632,0.013248557372135768,44.0,52.0
0_341,131750850#0,30673346,13,41.09406666971318,16.861809974981103,41.09374076152227,16.861733142040123,41.09289989869124,16.857979997773366,41.0924620240455,16.857540225068156,0.7970929614966055,0.06131484319204658,2.5433958053085632,0.024107472012051975,44.0,52.0
0_342,131750850#0,30674315#11,24,41.09406666971318,16.861809974981103,41.09374076152227,16.861733142040123,41.09762167433529,16.86078183182401,41.0975908593457,16.860854905020272,0.6386560915774593,0.026610670482394135,2.5433958053085632,0.01046265407328756,44.0,52.0
0_343,131750850#0,30674315#8,36,41.09406666971318,16.861809974981103,41.09374076152227,16.861733142040123,41.09783406893447,16.85935956518292,41.09781757948696,16.860074005211207,0.5984161519737748,0.016622670888160412,2.5433958053085632,0.006535620941681847,44.0,52.0
0_344,131750850#0,30674315#9,37,41.09406666971318,16.861809974981103,41.09374076152227,16.861733142040123,41.09781757948696,16.860074005211207,41.09773009884011,16.860532461562137,0.9531294833052231,0.02576025630554657,2.5433958053085632,0.010128292360858616,44.0,52.0
0_345,131750850#0,30674359#4,26,41.09406666971318,16.861809974981103,41.09374076152227,16.861733142040123,41.09788351207976,16.86008527251128,41.097886790174485,16.85993247707892,0.7412083299227898,0.028508012689338072,2.5433958053085632,0.01120864185976728,44.0,52.0
0_346,131750850#0,30674359#5,27,41.09406666971318,16.861809974981103,41.09374076152227,16.861733142040123,41.097886790174485,16.85993247707892,41.097887056561405,16.859358083149928,0.5700133464251097,0.02111160542315221,2.5433958053085632,0.00830055840270247,44.0,52.0
0_347,131750850#0,30674385#2,21,41.09406666971318,16.861809974981103,41.09374076152227,16.861733142040123,41.09752079197923,16.86113857805688,41.097541272342,16.861158803055236,0.7103738082548796,0.033827324202613314,2.5433958053085632,0.013300062904880589,44.0,52.0
0_348,131750850#0,30674948,6,41.09406666971318,16.861809974981103,41.09374076152227,16.861733142040123,41.09346290764322,16.859512259912492,41.0937563740557,16.85923859402608,0.9245686611855377,0.15409477686425627,2.5433958053085632,0.06058623535614489,44.0,52.0
0_349,131750850#0,30675059#0,21,41.09406666971318,16.861809974981103,41.09374076152227,16.861733142040123,41.09575898407665,16.861403291409037,41.09556026737646,16.861799770540163,0.653243463457281,0.031106831593203856,2.5433958053085632,0.012230432844261924,44.0,52.0
0_350,131750850#0,30675059#1,22,41.09406666971318,16.861809974981103,41.09374076152227,16.861733142040123,41.09556026737646,16.861799770540163,41.09428507077666,16.861822930016572,0.8705952810588794,0.039572512775403614,2.5433958053085632,0.015558928222185497,44.0,52.0
0_351,131750850#0,33831688,25,41.09406666971318,16.861809974981103,41.09374076152227,16.861733142040123,41.09717022441964,16.862141610446756,41.09717150257013,16.862346685598727,0.5496714461539516,0.021986857846158062,2.5433958053085632,0.008644685896024205,44.0,52.0
0_352,131750850#0,48563895#1,15,41.09406666971318,16.861809974981103,41.09374076152227,16.861733142040123,41.094497059549575,16.854662484304253,41.09459493177244,16.85467607291383,0.5415457061108138,0.03610304707405425,2.5433958053085632,0.014194820561825314,44.0,52.0
0_353,131750850#0,48563902#0,3,41.09406666971318,16.861809974981103,41.09374076152227,16.861733142040123,41.093159424293006,16.861119861413044,41.092910609638544,16.861550868324073,0.5223475795922446,0.17411585986408154,2.5433958053085632,0.06845802745316626,44.0,52.0
0_354,131750850#0,48874527#2,18,41.09406666971318,16.861809974981103,41.09374076152227,16.861733142040123,41.094611131446,16.86076995428607,41.09433377805168,16.860614722600705,0.9555782130027013,0.053087678500150066,2.5433958053085632,0.020872755388424296,44.0,52.0
0_355,131750850#0,50077954,22,41.09406666971318,16.861809974981103,41.09374076152227,16.861733142040123,41.094481033476846,16.855484180652265,41.09590934506375,16.85589778274809,0.878243185150673,0.03992014477957605,2.5433958053085632,0.015695608483844676,44.0,52.0
0_356,131750850#0,96606465,4,41.09406666971318,16.861809974981103,41.09374076152227,16.861733142040123,41.09320904205983,16.86036794969964,41.093226008438016,16.859824905081403,0.7397078456611609,0.18492696141529022,2.5433958053085632,0.07270868381134843,44.0,52.0
0_357,131750853#0,-131752097#1,20,41.09428507077666,16.861822930016572,41.094248634240174,16.861820234016683,41.09628587040379,16.863506396736675,41.09627339570725,16.863759660301465,0.6946611772169655,0.03473305886084828,2.4279756617107875,0.014305357095867614,44.0,52.0
0_358,131750853#0,-25654991#0,19,41.09428507077666,16.861822930016572,41.094248634240174,16.861820234016683,41.09267829914716,16.854073630954087,41.09207574955028,16.85389154719994,0.9606364509526286,0.05055981320803308,2.4279756617107875,0.020823855035024482,44.0,52.0
0_359,131750853#0,-33831688,27,41.09428507077666,16.861822930016572,41.094248634240174,16.861820234016683,41.09717150257013,16.862346685598727,41.09717022441964,16.862141610446756,0.9245129548947488,0.03424122055165736,2.4279756617107875,0.014102785745195853,44.0,52.0
0_360,131750853#0,-48874524,38,41.09428507077666,16.861822930016572,41.094248634240174,16.861820234016683,41.09782874807601,16.858422322289133,41.09720965467912,16.86010828803053,0.6152305992929238,0.01619027892876115,2.4279756617107875,0.006668221261062082,44.0,52.0
0_361,131750853#0,-50077954,24,41.09428507077666,16.861822930016572,41.094248634240174,16.861820234016683,41.09590934506375,16.85589778274809,41.094481033476846,16.855484180652265,0.5900367486439082,0.02458486452682951,2.4279756617107875,0.010125663495945693,44.0,52.0
0_362,131750853#0,-50370694#0,8,41.09428507077666,16.861822930016572,41.094248634240174,16.861820234016683,41.09390877175432,16.860555577386883,41.09389978504193,16.86089441913475,0.7391428536848629,0.09239285671060786,2.4279756617107875,0.038053452580948235,44.0,52.0
0_363,131750853#0,114953453#6,16,41.09428507077666,16.861822930016572,41.094248634240174,16.861820234016683,41.09289989869124,16.857979997773366,41.09252833667128,16.85806965698529,0.9397720905947015,0.05873575566216884,2.4279756617107875,0.02419124564897111,44.0,52.0
0_364,131750853#0,1223050325#0,24,41.09428507077666,16.861822930016572,41.094248634240174,16.861820234016683,41.09575898407665,16.861403291409037,41.09578940828096,16.861627521735652,0.5996004867964289,0.024983353616517868,2.4279756617107875,0.01028978750096458,44.0,52.0
0_365,131750853#0,1223050326,23,41.09428507077666,16.861822930016572,41.094248634240174,16.861820234016683,41.09577203818025,16.86132567064774,41.09575898407665,16.861403291409037,0.5267070496080168,0.022900306504696384,2.4279756617107875,0.009431851754461365,44.0,52.0
0_366,131750853#0,1226960836#1,21,41.09428507077666,16.861822930016572,41.094248634240174,16.861820234016683,41.09326327598272,16.856459442663375,41.09325705252129,16.85653261037847,0.8568532985859306,0.04080253802790146,2.4279756617107875,0.0168051676428879,44.0,52.0
0_367,131750853#0,131750844#7,13,41.09428507077666,16.861822930016572,41.094248634240174,16.861820234016683,41.09588692434208,16.86204201283392,41.096023183819085,16.86206015013157,0.7126309199021568,0.054817763069396674,2.4279756617107875,0.022577558718513375,44.0,52.0
0_368,131750853#0,131750844#8,14,41.09428507077666,16.861822930016572,41.094248634240174,16.861820234016683,41.096023183819085,16.86206015013157,41.09607053280287,16.862073156374553,0.7639059362359996,0.05456470973114282,2.4279756617107875,0.022473334717324028,44.0,52.0
0_369,131750853#0,131750844#9,15,41.09428507077666,16.861822930016572,41.094248634240174,16.861820234016683,41.09607053280287,16.862073156374553,41.09624619327664,16.862345189534487,0.9709800293478931,0.0647320019565262,2.4279756617107875,0.02666089408446338,44.0,52.0
0_370,131750853#0,131750850#0,4,41.09428507077666,16.861822930016572,41.094248634240174,16.861820234016683,41.09406666971318,16.861809974981103,41.09374076152227,16.861733142040123,0.747641020810991,0.18691025520274776,2.4279756617107875,0.07698193114137233,44.0,52.0
0_371,131750853#0,131750853#2,3,41.09428507077666,16.861822930016572,41.094248634240174,16.861820234016683,41.09422326217536,16.861818445841735,41.09406666971318,16.861809974981103,0.9885408555246384,0.3295136185082128,2.4279756617107875,0.13571537132955963,44.0,52.0
0_372,131750853#0,131752095#2,19,41.09428507077666,16.861822930016572,41.094248634240174,16.861820234016683,41.09606913880409,16.857384087393385,41.09607773810893,16.85711333011326,0.7992416994346834,0.04206535260182544,2.4279756617107875,0.017325277705702195,44.0,52.0
0_373,131750853#0,25817423#3,12,41.09428507077666,16.861822930016572,41.094248634240174,16.861820234016683,41.093433790346566,16.855687830843742,41.09352569242476,16.85465158647345,0.9143093572335097,0.0761924464361258,2.4279756617107875,0.031381058565652785,44.0,52.0
0_374,131750853#0,25817735#2,11,41.09428507077666,16.861822930016572,41.094248634240174,16.861820234016683,41.09257525037648,16.866055037799217,41.08991586912939,16.865878687144406,0.7938996661845126,0.07217269692586478,2.4279756617107875,0.029725461446763777,44.0,52.0
0_375,131750853#0,25819014#1,18,41.09428507077666,16.861822930016572,41.094248634240174,16.861820234016683,41.09637979984023,16.861535604961926,41.096390396588056,16.86145398483175,0.9479040391469644,0.05266133550816469,2.4279756617107875,0.0216894000786889,44.0,52.0
0_376,131750853#0,25819014#2,19,41.09428507077666,16.861822930016572,41.094248634240174,16.861820234016683,41.096390396588056,16.86145398483175,41.09617566373433,16.86105237527639,0.9173475413547487,0.048281449544986775,2.4279756617107875,0.019885475092022525,44.0,52.0
0_377,131750853#0,25819177#2,16,41.09428507077666,16.861822930016572,41.094248634240174,16.861820234016683,41.09333584930795,16.855672929401177,41.09331846638719,16.855846153569416,0.6428639140649529,0.04017899462905956,2.4279756617107875,0.016548351477604535,44.0,52.0
0_378,131750853#0,25819177#3,17,41.09428507077666,16.861822930016572,41.094248634240174,16.861820234016683,41.09331846638719,16.855846153569416,41.09330344191395,16.855984796607544,0.6016949339020798,0.03539381964129881,2.4279756617107875,0.014577501825681318,44.0,52.0
0_379,131750853#0,25819177#5,19,41.09428507077666,16.861822930016572,41.094248634240174,16.861820234016683,41.09328897220411,16.85615607855325,41.093276282258536,16.856306336332803,0.9579035438202039,0.05041597599053704,2.4279756617107875,0.020764613412563287,44.0,52.0
0_380,131750853#0,28279138#5,8,41.09428507077666,16.861822930016572,41.094248634240174,16.861820234016683,41.09309962997091,16.8641768999245,41.09122003932151,16.863954806076606,0.7623376858372863,0.09529221072966079,2.4279756617107875,0.039247597178349185,44.0,52.0
0_381,131750853#0,28921528#2,24,41.09428507077666,16.861822930016572,41.094248634240174,16.861820234016683,41.09590934506375,16.85589778274809,41.09589464404242,16.856597607978603,0.8501150676341543,0.0354214611514231,2.4279756617107875,0.014588886416787478,44.0,52.0
0_382,131750853#0,28921528#8,17,41.09428507077666,16.861822930016572,41.094248634240174,16.861820234016683,41.095864883749904,16.858939789299576,41.09579879841287,16.860483307032734,0.6714351669151585,0.03949618628912697,2.4279756617107875,0.016267126113322476,44.0,52.0
0_383,131750853#0,30672980#0,16,41.09428507077666,16.861822930016572,41.094248634240174,16.861820234016683,41.09410258065408,16.854547680343014,41.0940220774019,16.854495884667088,0.6324404138190296,0.03952752586368935,2.4279756617107875,0.01628003381048625,44.0,52.0
0_384,131750853#0,30672980#6,19,41.09428507077666,16.861822930016572,41.094248634240174,16.861820234016683,41.09290701188394,16.85345153155061,41.09274366748828,16.853398004520955,0.831164396737333,0.043745494565122785,2.4279756617107875,0.018017270623832803,44.0,52.0
0_385,131750853#0,30673346,16,41.09428507077666,16.861822930016572,41.094248634240174,16.861820234016683,41.09289989869124,16.857979997773366,41.0924620240455,16.857540225068156,0.5549124881662825,0.034682030510392654,2.4279756617107875,0.014284340266390966,44.0,52.0
0_386,131750853#0,30674315#11,27,41.09428507077666,16.861822930016572,41.094248634240174,16.861820234016683,41.09762167433529,16.86078183182401,41.0975908593457,16.860854905020272,0.8350710225709361,0.030928556391516152,2.4279756617107875,0.012738412859428514,44.0,52.0
0_387,131750853#0,30674315#8,39,41.09428507077666,16.861822930016572,41.094248634240174,16.861820234016683,41.09783406893447,16.85935956518292,41.09781757948696,16.860074005211207,0.9068395363124304,0.02325229580288283,2.4279756617107875,0.009576824088301988,44.0,52.0
0_388,131750853#0,30674315#9,40,41.09428507077666,16.861822930016572,41.094248634240174,16.861820234016683,41.09781757948696,16.860074005211207,41.09773009884011,16.860532461562137,0.7242450639037314,0.018106126597593288,2.4279756617107875,0.007457293284742172,44.0,52.0
0_389,131750853#0,30674359#4,29,41.09428507077666,16.861822930016572,41.094248634240174,16.861820234016683,41.09788351207976,16.86008527251128,41.097886790174485,16.85993247707892,0.6910209911442113,0.023828310039455562,2.4279756617107875,0.009814064619851166,44.0,52.0
0_390,131750853#0,30674359#5,30,41.09428507077666,16.861822930016572,41.094248634240174,16.861820234016683,41.097886790174485,16.85993247707892,41.097887056561405,16.859358083149928,0.5598610034744408,0.018662033449148026,2.4279756617107875,0.007686252273220269,44.0,52.0
0_391,131750853#0,30674385#2,24,41.09428507077666,16.861822930016572,41.094248634240174,16.861820234016683,41.09752079197923,16.86113857805688,41.097541272342,16.861158803055236,0.8182019096347106,0.034091746234779605,2.4279756617107875,0.014041222394609202,44.0,52.0
0_392,131750853#0,30674948,9,41.09428507077666,16.861822930016572,41.094248634240174,16.861820234016683,41.09346290764322,16.859512259912492,41.0937563740557,16.85923859402608,0.623513506468417,0.06927927849649076,2.4279756617107875,0.02853376151541633,44.0,52.0
0_393,131750853#0,30675059#0,24,41.09428507077666,16.861822930016572,41.094248634240174,16.861820234016683,41.09575898407665,16.861403291409037,41.09556026737646,16.861799770540163,0.7459327836628507,0.031080532652618776,2.4279756617107875,0.012801006675132391,44.0,52.0
0_394,131750853#0,30675059#1,25,41.09428507077666,16.861822930016572,41.094248634240174,16.861820234016683,41.09556026737646,16.861799770540163,41.09428507077666,16.861822930016572,0.5728198286262115,0.02291279314504846,2.4279756617107875,0.009436994573868079,44.0,52.0
0_395,131750853#0,33831688,28,41.09428507077666,16.861822930016572,41.094248634240174,16.861820234016683,41.09717022441964,16.862141610446756,41.09717150257013,16.862346685598727,0.5365784400416156,0.019163515715771986,2.4279756617107875,0.007892795639586062,44.0,52.0
0_396,131750853#0,48563895#1,18,41.09428507077666,16.861822930016572,41.094248634240174,16.861820234016683,41.094497059549575,16.854662484304253,41.09459493177244,16.85467607291383,0.9369292178318664,0.05205162321288147,2.4279756617107875,0.02143828047114983,44.0,52.0
0_397,131750853#0,48563902#0,6,41.09428507077666,16.861822930016572,41.094248634240174,16.861820234016683,41.093159424293006,16.861119861413044,41.092910609638544,16.861550868324073,0.9970377341850745,0.1661729556975124,2.4279756617107875,0.06844094787195044,44.0,52.0
0_398,131750853#0,48874527#2,21,41.09428507077666,16.861822930016572,41.094248634240174,16.861820234016683,41.094611131446,16.86076995428607,41.09433377805168,16.860614722600705,0.6458360768710654,0.03075409889862216,2.4279756617107875,0.012666559794488372,44.0,52.0
0_399,131750853#0,50077954,25,41.09428507077666,16.861822930016572,41.094248634240174,16.861820234016683,41.094481033476846,16.855484180652265,41.09590934506375,16.85589778274809,0.5004296335635601,0.020017185342542404,2.4279756617107875,0.008244392914728808,44.0,52.0
0_400,131750853#0,96606465,7,41.09428507077666,16.861822930016572,41.094248634240174,16.861820234016683,41.09320904205983,16.86036794969964,41.093226008438016,16.859824905081403,0.5003966420641781,0.07148523458059687,2.4279756617107875,0.02944231925711616,44.0,52.0
0_401,131750853#2,-131752097#1,18,41.09422326217536,16.861818445841735,41.09406666971318,16.861809974981103,41.09628587040379,16.863506396736675,41.09627339570725,16.863759660301465,0.9824908472761595,0.05458282484867553,2.768784657580496,0.0197136403147989,44.0,52.0
0_402,131750853#2,-25654991#0,17,41.09422326217536,16.861818445841735,41.09406666971318,16.861809974981103,41.09267829914716,16.854073630954087,41.09207574955028,16.85389154719994,0.9071898557620635,0.05336410916247432,2.768784657580496,0.01927347763083409,44.0,52.0
0_403,131750853#2,-33831688,25,41.09422326217536,16.861818445841735,41.09406666971318,16.861809974981103,41.09717150257013,16.862346685598727,41.09717022441964,16.862141610446756,0.8189425234019392,0.03275770093607757,2.768784657580496,0.011831075719952488,44.0,52.0
0_404,131750853#2,-48874524,36,41.09422326217536,16.861818445841735,41.09406666971318,16.861809974981103,41.09782874807601,16.858422322289133,41.09720965467912,16.86010828803053,0.6769278059704344,0.0188035501658454,2.768784657580496,0.006791264937980728,44.0,52.0
0_405,131750853#2,-50077954,22,41.09422326217536,16.861818445841735,41.09406666971318,16.861809974981103,41.09590934506375,16.85589778274809,41.094481033476846,16.855484180652265,0.500898941483072,0.022768133703776002,2.768784657580496,0.008223150775355693,44.0,52.0
0_406,131750853#2,-50370694#0,6,41.09422326217536,16.861818445841735,41.09406666971318,16.861809974981103,41.09390877175432,16.860555577386883,41.09389978504193,16.86089441913475,0.7638675071590002,0.1273112511931667,2.768784657580496,0.04598091471093953,44.0,52.0
0_407,131750853#2,114953453#6,14,41.09422326217536,16.861818445841735,41.09406666971318,16.861809974981103,41.09289989869124,16.857979997773366,41.09252833667128,16.85806965698529,0.8149190369670012,0.05820850264050008,2.768784657580496,0.021023123803122202,44.0,52.0
0_408,131750853#2,1223050325#0,22,41.09422326217536,16.861818445841735,41.09406666971318,16.861809974981103,41.09575898407665,16.861403291409037,41.09578940828096,16.861627521735652,0.7681268499347418,0.034914856815215535,2.768784657580496,0.012610174185855935,44.0,52.0
0_409,131750853#2,1223050326,21,41.09422326217536,16.861818445841735,41.09406666971318,16.861809974981103,41.09577203818025,16.86132567064774,41.09575898407665,16.861403291409037,0.9418749200461425,0.044851186668863924,2.768784657580496,0.016198871423990468,44.0,52.0
0_410,131750853#2,1226960836#1,19,41.09422326217536,16.861818445841735,41.09406666971318,16.861809974981103,41.09326327598272,16.856459442663375,41.09325705252129,16.85653261037847,0.9170618203280156,0.048266411596211346,2.768784657580496,0.017432345799831533,44.0,52.0
0_411,131750853#2,131750844#7,11,41.09422326217536,16.861818445841735,41.09406666971318,16.861809974981103,41.09588692434208,16.86204201283392,41.096023183819085,16.86206015013157,0.5363079712028205,0.04875527010934732,2.768784657580496,0.01760890648388385,44.0,52.0
0_412,131750853#2,131750844#8,12,41.09422326217536,16.861818445841735,41.09406666971318,16.861809974981103,41.096023183819085,16.86206015013157,41.09607053280287,16.862073156374553,0.8828864098834943,0.07357386749029118,2.768784657580496,0.026572621777882773,44.0,52.0
0_413,131750853#2,131750844#9,13,41.09422326217536,16.861818445841735,41.09406666971318,16.861809974981103,41.09607053280287,16.862073156374553,41.09624619327664,16.862345189534487,0.9284196089991734,0.07141689299993642,2.768784657580496,0.025793588824038094,44.0,52.0
0_414,131750853#2,131750850#0,2,41.09422326217536,16.861818445841735,41.09406666971318,16.861809974981103,41.09406666971318,16.861809974981103,41.09374076152227,16.861733142040123,0.9932628522955476,0.4966314261477738,2.768784657580496,0.17936802155706663,44.0,52.0
0_415,131750853#2,131750853#0,24,41.09422326217536,16.861818445841735,41.09406666971318,16.861809974981103,41.09428507077666,16.861822930016572,41.094248634240174,16.861820234016683,0.9162997252599252,0.03817915521916355,2.768784657580496,0.013789138535795855,44.0,52.0
0_416,131750853#2,131752095#2,17,41.09422326217536,16.861818445841735,41.09406666971318,16.861809974981103,41.09606913880409,16.857384087393385,41.09607773810893,16.85711333011326,0.6197986281164518,0.03645874283037952,2.768784657580496,0.013167778407960051,44.0,52.0
0_417,131750853#2,25817423#3,10,41.09422326217536,16.861818445841735,41.09406666971318,16.861809974981103,41.093433790346566,16.855687830843742,41.09352569242476,16.85465158647345,0.9324739450358379,0.0932473945035838,2.768784657580496,0.03367809563964721,44.0,52.0
0_418,131750853#2,25817735#2,9,41.09422326217536,16.861818445841735,41.09406666971318,16.861809974981103,41.09257525037648,16.866055037799217,41.08991586912939,16.865878687144406,0.743703771887406,0.082633752431934,2.768784657580496,0.029844774025923542,44.0,52.0
0_419,131750853#2,25819014#1,16,41.09422326217536,16.861818445841735,41.09406666971318,16.861809974981103,41.09637979984023,16.861535604961926,41.096390396588056,16.86145398483175,0.7564613859024045,0.04727883661890028,2.768784657580496,0.01707566404250987,44.0,52.0
0_420,131750853#2,25819014#2,17,41.09422326217536,16.861818445841735,41.09406666971318,16.861809974981103,41.096390396588056,16.86145398483175,41.09617566373433,16.86105237527639,0.6479369196340962,0.03811393644906448,2.768784657580496,0.013765583518644013,44.0,52.0
0_421,131750853#2,25819177#2,14,41.09422326217536,16.861818445841735,41.09406666971318,16.861809974981103,41.09333584930795,16.855672929401177,41.09331846638719,16.855846153569416,0.6978573906260898,0.049846956473292126,2.768784657580496,0.018003190077212763,44.0,52.0
0_422,131750853#2,25819177#3,15,41.09422326217536,16.861818445841735,41.09406666971318,16.861809974981103,41.09331846638719,16.855846153569416,41.09330344191395,16.855984796607544,0.7784221032975276,0.05189480688650184,2.768784657580496,0.01874281076515721,44.0,52.0
0_423,131750853#2,25819177#5,17,41.09422326217536,16.861818445841735,41.09406666971318,16.861809974981103,41.09328897220411,16.85615607855325,41.093276282258536,16.856306336332803,0.5582751191269105,0.03283971288981827,2.768784657580496,0.011860695919384092,44.0,52.0
0_424,131750853#2,28279138#5,6,41.09422326217536,16.861818445841735,41.09406666971318,16.861809974981103,41.09309962997091,16.8641768999245,41.09122003932151,16.863954806076606,0.6290224492140273,0.10483707486900454,2.768784657580496,0.03786393231484332,44.0,52.0
0_425,131750853#2,28921528#2,22,41.09422326217536,16.861818445841735,41.09406666971318,16.861809974981103,41.09590934506375,16.85589778274809,41.09589464404242,16.856597607978603,0.848127946480542,0.038551270294570096,2.768784657580496,0.013923535074864993,44.0,52.0
0_426,131750853#2,28921528#8,15,41.09422326217536,16.861818445841735,41.09406666971318,16.861809974981103,41.095864883749904,16.858939789299576,41.09579879841287,16.860483307032734,0.7432809842104408,0.04955206561402938,2.768784657580496,0.01789668455376753,44.0,52.0
0_427,131750853#2,30672980#0,14,41.09422326217536,16.861818445841735,41.09406666971318,16.861809974981103,41.09410258065408,16.854547680343014,41.0940220774019,16.854495884667088,0.6713711387667822,0.04795508134048444,2.768784657580496,0.01731990287117165,44.0,52.0
0_428,131750853#2,30672980#6,17,41.09422326217536,16.861818445841735,41.09406666971318,16.861809974981103,41.09290701188394,16.85345153155061,41.09274366748828,16.853398004520955,0.6283168917846953,0.03695981716380561,2.768784657580496,0.013348751071202107,44.0,52.0
0_429,131750853#2,30673346,14,41.09422326217536,16.861818445841735,41.09406666971318,16.861809974981103,41.09289989869124,16.857979997773366,41.0924620240455,16.857540225068156,0.5222386212261725,0.037302758659012315,2.768784657580496,0.01347261100890719,44.0,52.0
0_430,131750853#2,30674315#11,25,41.09422326217536,16.861818445841735,41.09406666971318,16.861809974981103,41.09762167433529,16.86078183182401,41.0975908593457,16.860854905020272,0.5087363912689462,0.02034945565075785,2.768784657580496,0.007349598530548141,44.0,52.0
0_431,131750853#2,30674315#8,37,41.09422326217536,16.861818445841735,41.09406666971318,16.861809974981103,41.09783406893447,16.85935956518292,41.09781757948696,16.860074005211207,0.6971868315053836,0.018842887337983342,2.768784657580496,0.006805472316669513,44.0,52.0
0_432,131750853#2,30674315#9,38,41.09422326217536,16.861818445841735,41.09406666971318,16.861809974981103,41.09781757948696,16.860074005211207,41.09773009884011,16.860532461562137,0.9323675481361948,0.02453598810884723,2.768784657580496,0.0088616455027196,44.0,52.0
0_433,131750853#2,30674359#4,27,41.09422326217536,16.861818445841735,41.09406666971318,16.861809974981103,41.09788351207976,16.86008527251128,41.097886790174485,16.85993247707892,0.956675767168652,0.03543243582106118,2.768784657580496,0.012797107829983367,44.0,52.0
0_434,131750853#2,30674359#5,28,41.09422326217536,16.861818445841735,41.09406666971318,16.861809974981103,41.097886790174485,16.85993247707892,41.097887056561405,16.859358083149928,0.9594643787805114,0.034266584956446834,2.768784657580496,0.012376038296308211,44.0,52.0
0_435,131750853#2,30674385#2,22,41.09422326217536,16.861818445841735,41.09406666971318,16.861809974981103,41.09752079197923,16.86113857805688,41.097541272342,16.861158803055236,0.9911530287043814,0.0450524103956537,2.768784657580496,0.016271547255329987,44.0,52.0
0_436,131750853#2,30674948,7,41.09422326217536,16.861818445841735,41.09406666971318,16.861809974981103,41.09346290764322,16.859512259912492,41.0937563740557,16.85923859402608,0.851613440237178,0.12165906289102542,2.768784657580496,0.04393951785233354,44.0,52.0
0_437,131750853#2,30675059#0,22,41.09422326217536,16.861818445841735,41.09406666971318,16.861809974981103,41.09575898407665,16.861403291409037,41.09556026737646,16.861799770540163,0.8007262888332995,0.03639664949242271,2.768784657580496,0.013145352200928455,44.0,52.0
0_438,131750853#2,30675059#1,23,41.09422326217536,16.861818445841735,41.09406666971318,16.861809974981103,41.09556026737646,16.861799770540163,41.09428507077666,16.861822930016572,0.6696709949537288,0.029116130215379513,2.768784657580496,0.010515852193728442,44.0,52.0
0_439,131750853#2,33831688,26,41.09422326217536,16.861818445841735,41.09406666971318,16.861809974981103,41.09717022441964,16.862141610446756,41.09717150257013,16.862346685598727,0.5370551699846616,0.02065596807633314,2.768784657580496,0.007460301406893583,44.0,52.0
0_440,131750853#2,48563895#1,16,41.09422326217536,16.861818445841735,41.09406666971318,16.861809974981103,41.094497059549575,16.854662484304253,41.09459493177244,16.85467607291383,0.9622843037463819,0.060142768984148866,2.768784657580496,0.021721721412854354,44.0,52.0
0_441,131750853#2,48563902#0,4,41.09422326217536,16.861818445841735,41.09406666971318,16.861809974981103,41.093159424293006,16.861119861413044,41.092910609638544,16.861550868324073,0.7152026422727136,0.1788006605681784,2.768784657580496,0.06457730834308488,44.0,52.0
0_442,131750853#2,48874527#2,19,41.09422326217536,16.861818445841735,41.09406666971318,16.861809974981103,41.094611131446,16.86076995428607,41.09433377805168,16.860614722600705,0.8001259152737157,0.04211189027756398,2.768784657580496,0.015209521680304122,44.0,52.0
0_443,131750853#2,50077954,23,41.09422326217536,16.861818445841735,41.09406666971318,16.861809974981103,41.094481033476846,16.855484180652265,41.09590934506375,16.85589778274809,0.5095880008962911,0.022156000038969177,2.768784657580496,0.008002066891807401,44.0,52.0
0_444,131750853#2,96606465,5,41.09422326217536,16.861818445841735,41.09406666971318,16.861809974981103,41.09320904205983,16.86036794969964,41.093226008438016,16.859824905081403,0.5370420902201274,0.10740841804402548,2.768784657580496,0.03879262251398214,44.0,52.0
0_445,131752095#2,-131752097#1,26,41.09606913880409,16.857384087393385,41.09607773810893,16.85711333011326,41.09628587040379,16.863506396736675,41.09627339570725,16.863759660301465,0.5155145829239757,0.01982748395861445,1.747495292045392,0.01134623025816966,44.0,52.0
0_446,131752095#2,-25654991#0,25,41.09606913880409,16.857384087393385,41.09607773810893,16.85711333011326,41.09267829914716,16.854073630954087,41.09207574955028,16.85389154719994,0.6052262289834127,0.02420904915933651,1.747495292045392,0.013853570461411962,44.0,52.0
0_447,131752095#2,-33831688,33,41.09606913880409,16.857384087393385,41.09607773810893,16.85711333011326,41.09717150257013,16.862346685598727,41.09717022441964,16.862141610446756,0.8076375941583203,0.02447386648964607,1.747495292045392,0.014005111545107586,44.0,52.0
0_448,131752095#2,-48874524,13,41.09606913880409,16.857384087393385,41.09607773810893,16.85711333011326,41.09782874807601,16.858422322289133,41.09720965467912,16.86010828803053,0.5350226239129614,0.041155586454843185,1.747495292045392,0.023551185884267408,44.0,52.0
0_449,131752095#2,-50077954,6,41.09606913880409,16.857384087393385,41.09607773810893,16.85711333011326,41.09590934506375,16.85589778274809,41.094481033476846,16.855484180652265,0.5950677756124346,0.09917796260207243,1.747495292045392,0.056754351816300196,44.0,52.0
0_450,131752095#2,-50370694#0,25,41.09606913880409,16.857384087393385,41.09607773810893,16.85711333011326,41.09390877175432,16.860555577386883,41.09389978504193,16.86089441913475,0.6264612163922165,0.02505844865568866,1.747495292045392,0.014339637291015808,44.0,52.0
0_451,131752095#2,114953453#6,21,41.09606913880409,16.857384087393385,41.09607773810893,16.85711333011326,41.09289989869124,16.857979997773366,41.09252833667128,16.85806965698529,0.805621118700572,0.038362910414312945,1.747495292045392,0.021953083701536206,44.0,52.0
0_452,131752095#2,1223050325#0,16,41.09606913880409,16.857384087393385,41.09607773810893,16.85711333011326,41.09575898407665,16.861403291409037,41.09578940828096,16.861627521735652,0.563489747313924,0.03521810920712025,1.747495292045392,0.02015347873463996,44.0,52.0
0_453,131752095#2,1223050326,15,41.09606913880409,16.857384087393385,41.09607773810893,16.85711333011326,41.09577203818025,16.86132567064774,41.09575898407665,16.861403291409037,0.9872261238293452,0.06581507492195635,1.747495292045392,0.037662519161880965,44.0,52.0
0_454,131752095#2,1226960836#1,31,41.09606913880409,16.857384087393385,41.09607773810893,16.85711333011326,41.09326327598272,16.856459442663375,41.09325705252129,16.85653261037847,0.5111341346666585,0.016488197892472852,1.747495292045392,0.009435331796043868,44.0,52.0
0_455,131752095#2,131750844#7,19,41.09606913880409,16.857384087393385,41.09607773810893,16.85711333011326,41.09588692434208,16.86204201283392,41.096023183819085,16.86206015013157,0.888460556458426,0.04676108191886452,1.747495292045392,0.02675891725243623,44.0,52.0
0_456,131752095#2,131750844#8,20,41.09606913880409,16.857384087393385,41.09607773810893,16.85711333011326,41.096023183819085,16.86206015013157,41.09607053280287,16.862073156374553,0.6009550206744607,0.030047751033723036,1.747495292045392,0.017194753639967194,44.0,52.0
0_457,131752095#2,131750844#9,21,41.09606913880409,16.857384087393385,41.09607773810893,16.85711333011326,41.09607053280287,16.862073156374553,41.09624619327664,16.862345189534487,0.9011445209587763,0.04291164385517982,1.747495292045392,0.024556085530252274,44.0,52.0
0_458,131752095#2,131750850#0,21,41.09606913880409,16.857384087393385,41.09607773810893,16.85711333011326,41.09406666971318,16.861809974981103,41.09374076152227,16.861733142040123,0.525856932833801,0.025040806325419093,1.747495292045392,0.014329541509728226,44.0,52.0
0_459,131752095#2,131750853#0,18,41.09606913880409,16.857384087393385,41.09607773810893,16.85711333011326,41.09428507077666,16.861822930016572,41.094248634240174,16.861820234016683,0.5213581452368243,0.028964341402045794,1.747495292045392,0.01657477507029154,44.0,52.0
0_460,131752095#2,131750853#2,20,41.09606913880409,16.857384087393385,41.09607773810893,16.85711333011326,41.09422326217536,16.861818445841735,41.09406666971318,16.861809974981103,0.6673897145717997,0.03336948572858999,1.747495292045392,0.01909560837187263,44.0,52.0
0_461,131752095#2,25817423#3,19,41.09606913880409,16.857384087393385,41.09607773810893,16.85711333011326,41.093433790346566,16.855687830843742,41.09352569242476,16.85465158647345,0.6804116323438512,0.035811138544413215,1.747495292045392,0.020492838354086395,44.0,52.0
0_462,131752095#2,25817735#2,39,41.09606913880409,16.857384087393385,41.09607773810893,16.85711333011326,41.09257525037648,16.866055037799217,41.08991586912939,16.865878687144406,0.9598752655833547,0.024612186297009092,1.747495292045392,0.014084264723941689,44.0,52.0
0_463,131752095#2,25819014#1,20,41.09606913880409,16.857384087393385,41.09607773810893,16.85711333011326,41.09637979984023,16.861535604961926,41.096390396588056,16.86145398483175,0.8864256991304436,0.04432128495652218,1.747495292045392,0.025362749277936778,44.0,52.0
0_464,131752095#2,25819014#2,21,41.09606913880409,16.857384087393385,41.09607773810893,16.85711333011326,41.096390396588056,16.86145398483175,41.09617566373433,16.86105237527639,0.9346297003568995,0.0445061762074714,1.747495292045392,0.02546855285394116,44.0,52.0
0_465,131752095#2,25819177#2,26,41.09606913880409,16.857384087393385,41.09607773810893,16.85711333011326,41.09333584930795,16.855672929401177,41.09331846638719,16.855846153569416,0.8126862848404874,0.03125716480155721,1.747495292045392,0.017886837775094443,44.0,52.0
0_466,131752095#2,25819177#3,27,41.09606913880409,16.857384087393385,41.09607773810893,16.85711333011326,41.09331846638719,16.855846153569416,41.09330344191395,16.855984796607544,0.7624464027653769,0.02823875565797692,1.747495292045392,0.01615956036420807,44.0,52.0
0_467,131752095#2,25819177#5,29,41.09606913880409,16.857384087393385,41.09607773810893,16.85711333011326,41.09328897220411,16.85615607855325,41.093276282258536,16.856306336332803,0.5390046022458702,0.01858636559468518,1.747495292045392,0.010636003243780065,44.0,52.0
0_468,131752095#2,28279138#5,25,41.09606913880409,16.857384087393385,41.09607773810893,16.85711333011326,41.09309962997091,16.8641768999245,41.09122003932151,16.863954806076606,0.731676429585326,0.02926705718341304,1.747495292045392,0.016748003451933086,44.0,52.0
0_469,131752095#2,28921528#2,6,41.09606913880409,16.857384087393385,41.09607773810893,16.85711333011326,41.09590934506375,16.85589778274809,41.09589464404242,16.856597607978603,0.82310185033132,0.13718364172188666,1.747495292045392,0.07850301076423344,44.0,52.0
0_470,131752095#2,28921528#8,12,41.09606913880409,16.857384087393385,41.09607773810893,16.85711333011326,41.095864883749904,16.858939789299576,41.09579879841287,16.860483307032734,0.846077968865117,0.07050649740542642,1.747495292045392,0.040347174453843955,44.0,52.0
0_471,131752095#2,30672980#0,20,41.09606913880409,16.857384087393385,41.09607773810893,16.85711333011326,41.09410258065408,16.854547680343014,41.0940220774019,16.854495884667088,0.9006908527954367,0.045034542639771837,1.747495292045392,0.02577090928071127,44.0,52.0
0_472,131752095#2,30672980#6,27,41.09606913880409,16.857384087393385,41.09607773810893,16.85711333011326,41.09290701188394,16.85345153155061,41.09274366748828,16.853398004520955,0.7871319176411501,0.02915303398670926,1.747495292045392,0.016682753950419228,44.0,52.0
0_473,131752095#2,30673346,21,41.09606913880409,16.857384087393385,41.09607773810893,16.85711333011326,41.09289989869124,16.857979997773366,41.0924620240455,16.857540225068156,0.805791960109365,0.03837104571949357,1.747495292045392,0.021957739110462143,44.0,52.0
0_474,131752095#2,30674315#11,29,41.09606913880409,16.857384087393385,41.09607773810893,16.85711333011326,41.09762167433529,16.86078183182401,41.0975908593457,16.860854905020272,0.5326778170923183,0.018368200589390288,1.747495292045392,0.01051115884145865,44.0,52.0
0_475,131752095#2,30674315#8,14,41.09606913880409,16.857384087393385,41.09607773810893,16.85711333011326,41.09783406893447,16.85935956518292,41.09781757948696,16.860074005211207,0.8664710608897441,0.06189079006355315,1.747495292045392,0.0354168565404899,44.0,52.0
0_476,131752095#2,30674315#9,15,41.09606913880409,16.857384087393385,41.09607773810893,16.85711333011326,41.09781757948696,16.860074005211207,41.09773009884011,16.860532461562137,0.7609105847212264,0.05072737231474843,1.747495292045392,0.02902861744215261,44.0,52.0
0_477,131752095#2,30674359#4,31,41.09606913880409,16.857384087393385,41.09607773810893,16.85711333011326,41.09788351207976,16.86008527251128,41.097886790174485,16.85993247707892,0.8513832627239388,0.02746397621690125,1.747495292045392,0.015716194682708115,44.0,52.0
0_478,131752095#2,30674359#5,32,41.09606913880409,16.857384087393385,41.09607773810893,16.85711333011326,41.097886790174485,16.85993247707892,41.097887056561405,16.859358083149928,0.9253575925940376,0.028917424768563675,1.747495292045392,0.016547927139029188,44.0,52.0
0_479,131752095#2,30674385#2,26,41.09606913880409,16.857384087393385,41.09607773810893,16.85711333011326,41.09752079197923,16.86113857805688,41.097541272342,16.861158803055236,0.6238434500311099,0.02399397884735038,1.747495292045392,0.01373049698993245,44.0,52.0
0_480,131752095#2,30674948,26,41.09606913880409,16.857384087393385,41.09607773810893,16.85711333011326,41.09346290764322,16.859512259912492,41.0937563740557,16.85923859402608,0.5294817394756806,0.020364682287526175,1.747495292045392,0.011653640716645316,44.0,52.0
0_481,131752095#2,30675059#0,16,41.09606913880409,16.857384087393385,41.09607773810893,16.85711333011326,41.09575898407665,16.861403291409037,41.09556026737646,16.861799770540163,0.6999048946195169,0.043744055913719805,1.747495292045392,0.025032431339210463,44.0,52.0
0_482,131752095#2,30675059#1,17,41.09606913880409,16.857384087393385,41.09607773810893,16.85711333011326,41.09556026737646,16.861799770540163,41.09428507077666,16.861822930016572,0.7372370397922849,0.04336688469366382,1.747495292045392,0.024816596010913516,44.0,52.0
0_483,131752095#2,33831688,34,41.09606913880409,16.857384087393385,41.09607773810893,16.85711333011326,41.09717022441964,16.862141610446756,41.09717150257013,16.862346685598727,0.9685786915602745,0.028487608575302192,1.747495292045392,0.016301965850768207,44.0,52.0
0_484,131752095#2,48563895#1,19,41.09606913880409,16.857384087393385,41.09607773810893,16.85711333011326,41.094497059549575,16.854662484304253,41.09459493177244,16.85467607291383,0.5057436137350032,0.02661808493342122,1.747495292045392,0.015232135419526957,44.0,52.0
0_485,131752095#2,48563902#0,23,41.09606913880409,16.857384087393385,41.09607773810893,16.85711333011326,41.093159424293006,16.861119861413044,41.092910609638544,16.861550868324073,0.6981192348889846,0.03035301021256455,1.747495292045392,0.017369437474728324,44.0,52.0
0_486,131752095#2,48874527#2,16,41.09606913880409,16.857384087393385,41.09607773810893,16.85711333011326,41.094611131446,16.86076995428607,41.09433377805168,16.860614722600705,0.5064619290417492,0.03165387056510933,1.747495292045392,0.018113851699170763,44.0,52.0
0_487,131752095#2,50077954,7,41.09606913880409,16.857384087393385,41.09607773810893,16.85711333011326,41.094481033476846,16.855484180652265,41.09590934506375,16.85589778274809,0.7602543451924717,0.10860776359892452,1.747495292045392,0.06215053287600124,44.0,52.0
0_488,131752095#2,96606465,24,41.09606913880409,16.857384087393385,41.09607773810893,16.85711333011326,41.09320904205983,16.86036794969964,41.093226008438016,16.859824905081403,0.7009655454823491,0.029206897728431214,1.747495292045392,0.016713577347750905,44.0,52.0
0_489,151503388#1,-131752097#1,4,41.09650060831593,16.862977371210153,41.09631375807188,16.862834804014337,41.09628587040379,16.863506396736675,41.09627339570725,16.863759660301465,0.6245353935167857,0.15613384837919642,1.9578313824653637,0.0797483633052136,45.0,0.0
0_490,151503388#1,-25654991#0,33,41.09650060831593,16.862977371210153,41.09631375807188,16.862834804014337,41.09267829914716,16.854073630954087,41.09207574955028,16.85389154719994,0.8289068601933555,0.025118389702828953,1.9578313824653637,0.012829700212078058,45.0,0.0
0_491,151503388#1,-33831688,11,41.09650060831593,16.862977371210153,41.09631375807188,16.862834804014337,41.09717150257013,16.862346685598727,41.09717022441964,16.862141610446756,0.6545039783146613,0.05950036166496921,1.9578313824653637,0.03039095307076162,45.0,0.0
0_492,151503388#1,-48874524,27,41.09650060831593,16.862977371210153,41.09631375807188,16.862834804014337,41.09782874807601,16.858422322289133,41.09720965467912,16.86010828803053,0.6022415244523824,0.022305241646384533,1.9578313824653637,0.011392830785201258,45.0,0.0
0_493,151503388#1,-50077954,22,41.09650060831593,16.862977371210153,41.09631375807188,16.862834804014337,41.09590934506375,16.85589778274809,41.094481033476846,16.855484180652265,0.8989326151074053,0.04086057341397297,1.9578313824653637,0.02087032304207936,45.0,0.0
0_494,151503388#1,-50370694#0,22,41.09650060831593,16.862977371210153,41.09631375807188,16.862834804014337,41.09390877175432,16.860555577386883,41.09389978504193,16.86089441913475,0.5258690486512316,0.023903138575055983,1.9578313824653637,0.012208987346477402,45.0,0.0
0_495,151503388#1,114953453#6,28,41.09650060831593,16.862977371210153,41.09631375807188,16.862834804014337,41.09289989869124,16.857979997773366,41.09252833667128,16.85806965698529,0.7275717753341491,0.025984706261933894,1.9578313824653637,0.01327218804165511,45.0,0.0
0_496,151503388#1,1223050325#0,13,41.09650060831593,16.862977371210153,41.09631375807188,16.862834804014337,41.09575898407665,16.861403291409037,41.09578940828096,16.861627521735652,0.9255823117260307,0.07119863936354083,1.9578313824653637,0.03636607319772617,45.0,0.0
0_497,151503388#1,1223050326,12,41.09650060831593,16.862977371210153,41.09631375807188,16.862834804014337,41.09577203818025,16.86132567064774,41.09575898407665,16.861403291409037,0.6254279329617607,0.05211899441348006,1.9578313824653637,0.026620777907773733,45.0,0.0
0_498,151503388#1,1226960836#1,35,41.09650060831593,16.862977371210153,41.09631375807188,16.862834804014337,41.09326327598272,16.856459442663375,41.09325705252129,16.85653261037847,0.846527652898998,0.024186504368542798,1.9578313824653637,0.012353721870617061,45.0,0.0
0_499,151503388#1,131750844#7,17,41.09650060831593,16.862977371210153,41.09631375807188,16.862834804014337,41.09588692434208,16.86204201283392,41.096023183819085,16.86206015013157,0.5447725970879634,0.03204544688752726,1.9578313824653637,0.01636782777849572,45.0,0.0
0_500,151503388#1,131750844#8,18,41.09650060831593,16.862977371210153,41.09631375807188,16.862834804014337,41.096023183819085,16.86206015013157,41.09607053280287,16.862073156374553,0.7145317307683146,0.039696207264906365,1.9578313824653637,0.0202756006571514,45.0,0.0
0_501,151503388#1,131750844#9,19,41.09650060831593,16.862977371210153,41.09631375807188,16.862834804014337,41.09607053280287,16.862073156374553,41.09624619327664,16.862345189534487,0.6398838951537689,0.0336780997449352,1.9578313824653637,0.017201736598238947,45.0,0.0
0_502,151503388#1,131750850#0,18,41.09650060831593,16.862977371210153,41.09631375807188,16.862834804014337,41.09406666971318,16.861809974981103,41.09374076152227,16.861733142040123,0.6399668066409274,0.03555371148005152,1.9578313824653637,0.018159741333434523,45.0,0.0
0_503,151503388#1,131750853#0,15,41.09650060831593,16.862977371210153,41.09631375807188,16.862834804014337,41.09428507077666,16.861822930016572,41.094248634240174,16.861820234016683,0.6857119609249334,0.04571413072832889,1.9578313824653637,0.023349370705644832,45.0,0.0
0_504,151503388#1,131750853#2,17,41.09650060831593,16.862977371210153,41.09631375807188,16.862834804014337,41.09422326217536,16.861818445841735,41.09406666971318,16.861809974981103,0.7303521262637314,0.04296188978021949,1.9578313824653637,0.021943610754732366,45.0,0.0
0_505,151503388#1,131752095#2,17,41.09650060831593,16.862977371210153,41.09631375807188,16.862834804014337,41.09606913880409,16.857384087393385,41.09607773810893,16.85711333011326,0.7954116854134299,0.04678892267137823,1.9578313824653637,0.023898341343604433,45.0,0.0
0_506,151503388#1,25817423#3,26,41.09650060831593,16.862977371210153,41.09631375807188,16.862834804014337,41.093433790346566,16.855687830843742,41.09352569242476,16.85465158647345,0.8014364702676405,0.030824479625678483,1.9578313824653637,0.015744195287575438,45.0,0.0
0_507,151503388#1,25817735#2,17,41.09650060831593,16.862977371210153,41.09631375807188,16.862834804014337,41.09257525037648,16.866055037799217,41.08991586912939,16.865878687144406,0.5685024192923289,0.0334413187819017,1.9578313824653637,0.01708079617142071,45.0,0.0
0_508,151503388#1,25819014#1,7,41.09650060831593,16.862977371210153,41.09631375807188,16.862834804014337,41.09637979984023,16.861535604961926,41.096390396588056,16.86145398483175,0.5359904620475935,0.07657006600679907,1.9578313824653637,0.039109632572330924,45.0,0.0
0_509,151503388#1,25819014#2,8,41.09650060831593,16.862977371210153,41.09631375807188,16.862834804014337,41.096390396588056,16.86145398483175,41.09617566373433,16.86105237527639,0.7133511045547318,0.08916888806934148,1.9578313824653637,0.045544723037924326,45.0,0.0
0_510,151503388#1,25819177#2,30,41.09650060831593,16.862977371210153,41.09631375807188,16.862834804014337,41.09333584930795,16.855672929401177,41.09331846638719,16.855846153569416,0.8285474846342773,0.027618249487809242,1.9578313824653637,0.014106551634202259,45.0,0.0
0_511,151503388#1,25819177#3,31,41.09650060831593,16.862977371210153,41.09631375807188,16.862834804014337,41.09331846638719,16.855846153569416,41.09330344191395,16.855984796607544,0.906664731045461,0.029247249388563257,1.9578313824653637,0.014938594636139804,45.0,0.0
0_512,151503388#1,25819177#5,33,41.09650060831593,16.862977371210153,41.09631375807188,16.862834804014337,41.09328897220411,16.85615607855325,41.093276282258536,16.856306336332803,0.5990628353643486,0.018153419253465107,1.9578313824653637,0.009272207717196638,45.0,0.0
0_513,151503388#1,28279138#5,10,41.09650060831593,16.862977371210153,41.09631375807188,16.862834804014337,41.09309962997091,16.8641768999245,41.09122003932151,16.863954806076606,0.9520294665340518,0.09520294665340519,1.9578313824653637,0.0486267344093354,45.0,0.0
0_514,151503388#1,28921528#2,22,41.09650060831593,16.862977371210153,41.09631375807188,16.862834804014337,41.09590934506375,16.85589778274809,41.09589464404242,16.856597607978603,0.9341421829881467,0.04246100831764303,1.9578313824653637,0.021687775922855406,45.0,0.0
0_515,151503388#1,28921528#8,19,41.09650060831593,16.862977371210153,41.09631375807188,16.862834804014337,41.095864883749904,16.858939789299576,41.09579879841287,16.860483307032734,0.8564585351348557,0.04507676500709767,1.9578313824653637,0.023023823915998103,45.0,0.0
0_516,151503388#1,30672980#0,36,41.09650060831593,16.862977371210153,41.09631375807188,16.862834804014337,41.09410258065408,16.854547680343014,41.0940220774019,16.854495884667088,0.8755379218818433,0.0243204978300512,1.9578313824653637,0.012422161605881532,45.0,0.0
0_517,151503388#1,30672980#6,33,41.09650060831593,16.862977371210153,41.09631375807188,16.862834804014337,41.09290701188394,16.85345153155061,41.09274366748828,16.853398004520955,0.8491229383965754,0.025730998133229557,1.9578313824653637,0.013142601739700516,45.0,0.0
0_518,151503388#1,30673346,28,41.09650060831593,16.862977371210153,41.09631375807188,16.862834804014337,41.09289989869124,16.857979997773366,41.0924620240455,16.857540225068156,0.925261634681802,0.03304505838149293,1.9578313824653637,0.016878398557429158,45.0,0.0
0_519,151503388#1,30674315#11,16,41.09650060831593,16.862977371210153,41.09631375807188,16.862834804014337,41.09762167433529,16.86078183182401,41.0975908593457,16.860854905020272,0.9031957486474126,0.05644973429046329,1.9578313824653637,0.02883278651881654,45.0,0.0
0_520,151503388#1,30674315#8,28,41.09650060831593,16.862977371210153,41.09631375807188,16.862834804014337,41.09783406893447,16.85935956518292,41.09781757948696,16.860074005211207,0.7724950956031882,0.02758911055725672,1.9578313824653637,0.014091668365493065,45.0,0.0
0_521,151503388#1,30674315#9,29,41.09650060831593,16.862977371210153,41.09631375807188,16.862834804014337,41.09781757948696,16.860074005211207,41.09773009884011,16.860532461562137,0.5017559598092971,0.01730192964859645,1.9578313824653637,0.008837293039408384,45.0,0.0
0_522,151503388#1,30674359#4,18,41.09650060831593,16.862977371210153,41.09631375807188,16.862834804014337,41.09788351207976,16.86008527251128,41.097886790174485,16.85993247707892,0.5022751350218382,0.027904174167879898,1.9578313824653637,0.01425259315883581,45.0,0.0
0_523,151503388#1,30674359#5,19,41.09650060831593,16.862977371210153,41.09631375807188,16.862834804014337,41.097886790174485,16.85993247707892,41.097887056561405,16.859358083149928,0.8856791623088535,0.04661469275309755,1.9578313824653637,0.023809350064865568,45.0,0.0
0_524,151503388#1,30674385#2,13,41.09650060831593,16.862977371210153,41.09631375807188,16.862834804014337,41.09752079197923,16.86113857805688,41.097541272342,16.861158803055236,0.8399750572588922,0.06461346594299171,1.9578313824653637,0.033002569333436864,45.0,0.0
0_525,151503388#1,30674948,23,41.09650060831593,16.862977371210153,41.09631375807188,16.862834804014337,41.09346290764322,16.859512259912492,41.0937563740557,16.85923859402608,0.7692361584270928,0.03344505036639534,1.9578313824653637,0.017082702149906426,45.0,0.0
0_526,151503388#1,30675059#0,13,41.09650060831593,16.862977371210153,41.09631375807188,16.862834804014337,41.09575898407665,16.861403291409037,41.09556026737646,16.861799770540163,0.6665873736873311,0.05127595182210239,1.9578313824653637,0.026190177704442597,45.0,0.0
0_527,151503388#1,30675059#1,14,41.09650060831593,16.862977371210153,41.09631375807188,16.862834804014337,41.09556026737646,16.861799770540163,41.09428507077666,16.861822930016572,0.6631212749676176,0.04736580535482983,1.9578313824653637,0.024192995259471883,45.0,0.0
0_528,151503388#1,33831688,12,41.09650060831593,16.862977371210153,41.09631375807188,16.862834804014337,41.09717022441964,16.862141610446756,41.09717150257013,16.862346685598727,0.7393863901975666,0.06161553251646388,1.9578313824653637,0.03147131722798091,45.0,0.0
0_529,151503388#1,48563895#1,35,41.09650060831593,16.862977371210153,41.09631375807188,16.862834804014337,41.094497059549575,16.854662484304253,41.09459493177244,16.85467607291383,0.8035448680810486,0.022958424802315674,1.9578313824653637,0.01172645663356652,45.0,0.0
0_530,151503388#1,48563902#0,20,41.09650060831593,16.862977371210153,41.09631375807188,16.862834804014337,41.093159424293006,16.861119861413044,41.092910609638544,16.861550868324073,0.9519256078029135,0.04759628039014568,1.9578313824653637,0.024310714812534533,45.0,0.0
0_531,151503388#1,48874527#2,23,41.09650060831593,16.862977371210153,41.09631375807188,16.862834804014337,41.094611131446,16.86076995428607,41.09433377805168,16.860614722600705,0.6986825248752488,0.030377501081532556,1.9578313824653637,0.015515892407077589,45.0,0.0
0_532,151503388#1,50077954,23,41.09650060831593,16.862977371210153,41.09631375807188,16.862834804014337,41.094481033476846,16.855484180652265,41.09590934506375,16.85589778274809,0.7134683009975591,0.03102036091293735,1.9578313824653637,0.015844245419069505,45.0,0.0
0_533,151503388#1,96606465,21,41.09650060831593,16.862977371210153,41.09631375807188,16.862834804014337,41.09320904205983,16.86036794969964,41.093226008438016,16.859824905081403,0.9049659480671209,0.04309361657462481,1.9578313824653637,0.022010892746217987,45.0,0.0
0_534,25654991#0,-131752097#1,35,41.09207574955028,16.85389154719994,41.09267829914716,16.854073630954087,41.09628587040379,16.863506396736675,41.09627339570725,16.863759660301465,0.7293530856431188,0.020838659589803396,2.2380022772459793,0.00931127720542217,45.0,0.0
0_535,25654991#0,-25654991#0,2,41.09207574955028,16.85389154719994,41.09267829914716,16.854073630954087,41.09267829914716,16.854073630954087,41.09207574955028,16.85389154719994,0.9638771277381922,0.4819385638690961,2.2380022772459793,0.21534319637161214,45.0,0.0
0_536,25654991#0,-33831688,42,41.09207574955028,16.85389154719994,41.09267829914716,16.854073630954087,41.09717150257013,16.862346685598727,41.09717022441964,16.862141610446756,0.7768887089993428,0.018497350214270066,2.2380022772459793,0.00826511679739324,45.0,0.0
0_537,25654991#0,-48874524,24,41.09207574955028,16.85389154719994,41.09267829914716,16.854073630954087,41.09782874807601,16.858422322289133,41.09720965467912,16.86010828803053,0.9872999979197199,0.04113749991332166,2.2380022772459793,0.018381348549807677,45.0,0.0
0_538,25654991#0,-50077954,16,41.09207574955028,16.85389154719994,41.09267829914716,16.854073630954087,41.09590934506375,16.85589778274809,41.094481033476846,16.855484180652265,0.8517693088553524,0.053235581803459525,2.2380022772459793,0.023787099032343117,45.0,0.0
0_539,25654991#0,-50370694#0,20,41.09207574955028,16.85389154719994,41.09267829914716,16.854073630954087,41.09390877175432,16.860555577386883,41.09389978504193,16.86089441913475,0.8994456643625248,0.04497228321812624,2.2380022772459793,0.02009483353764404,45.0,0.0
0_540,25654991#0,114953453#6,27,41.09207574955028,16.85389154719994,41.09267829914716,16.854073630954087,41.09289989869124,16.857979997773366,41.09252833667128,16.85806965698529,0.9798897096679353,0.03629221146918279,2.2380022772459793,0.016216342511430743,45.0,0.0
0_541,25654991#0,1223050325#0,25,41.09207574955028,16.85389154719994,41.09267829914716,16.854073630954087,41.09575898407665,16.861403291409037,41.09578940828096,16.861627521735652,0.8190110664913774,0.032760442659655095,2.2380022772459793,0.014638252602660058,45.0,0.0
0_542,25654991#0,1223050326,24,41.09207574955028,16.85389154719994,41.09267829914716,16.854073630954087,41.09577203818025,16.86132567064774,41.09575898407665,16.861403291409037,0.8877429156021748,0.036989288150090616,2.2380022772459793,0.01652781524226533,45.0,0.0
0_543,25654991#0,1226960836#1,14,41.09207574955028,16.85389154719994,41.09267829914716,16.854073630954087,41.09326327598272,16.856459442663375,41.09325705252129,16.85653261037847,0.5824388154092013,0.041602772529228664,2.2380022772459793,0.01858924494948407,45.0,0.0
0_544,25654991#0,131750844#7,28,41.09207574955028,16.85389154719994,41.09267829914716,16.854073630954087,41.09588692434208,16.86204201283392,41.096023183819085,16.86206015013157,0.7118610599875886,0.025423609285271022,2.2380022772459793,0.011359956843545564,45.0,0.0
0_545,25654991#0,131750844#8,29,41.09207574955028,16.85389154719994,41.09267829914716,16.854073630954087,41.096023183819085,16.86206015013157,41.09607053280287,16.862073156374553,0.5281282309421382,0.018211318308349593,2.2380022772459793,0.00813730999896922,45.0,0.0
0_546,25654991#0,131750844#9,30,41.09207574955028,16.85389154719994,41.09267829914716,16.854073630954087,41.09607053280287,16.862073156374553,41.09624619327664,16.862345189534487,0.7300606399653105,0.024335354665510348,2.2380022772459793,0.010873695220478832,45.0,0.0
0_547,25654991#0,131750850#0,30,41.09207574955028,16.85389154719994,41.09267829914716,16.854073630954087,41.09406666971318,16.861809974981103,41.09374076152227,16.861733142040123,0.7974008554167152,0.02658002851389051,2.2380022772459793,0.011876676259060434,45.0,0.0
0_548,25654991#0,131750853#0,27,41.09207574955028,16.85389154719994,41.09267829914716,16.854073630954087,41.09428507077666,16.861822930016572,41.094248634240174,16.861820234016683,0.8423224215243876,0.031197126723125468,2.2380022772459793,0.013939720723392536,45.0,0.0
0_549,25654991#0,131750853#2,29,41.09207574955028,16.85389154719994,41.09267829914716,16.854073630954087,41.09422326217536,16.861818445841735,41.09406666971318,16.861809974981103,0.7868568793644211,0.02713299584015245,2.2380022772459793,0.012123757029211573,45.0,0.0
0_550,25654991#0,131752095#2,23,41.09207574955028,16.85389154719994,41.09267829914716,16.854073630954087,41.09606913880409,16.857384087393385,41.09607773810893,16.85711333011326,0.6569486287940403,0.028562983860610444,2.2380022772459793,0.012762714386403227,45.0,0.0
0_551,25654991#0,25817423#3,25,41.09207574955028,16.85389154719994,41.09267829914716,16.854073630954087,41.093433790346566,16.855687830843742,41.09352569242476,16.85465158647345,0.693489087875979,0.02773956351503916,2.2380022772459793,0.012394787886085022,45.0,0.0
0_552,25654991#0,25817735#2,23,41.09207574955028,16.85389154719994,41.09267829914716,16.854073630954087,41.09257525037648,16.866055037799217,41.08991586912939,16.865878687144406,0.6203463612331338,0.02697158092317973,2.2380022772459793,0.012051632474820434,45.0,0.0
0_553,25654991#0,25819014#1,29,41.09207574955028,16.85389154719994,41.09267829914716,16.854073630954087,41.09637979984023,16.861535604961926,41.096390396588056,16.86145398483175,0.9494534980132356,0.03273977579355985,2.2380022772459793,0.014629018087438439,45.0,0.0
0_554,25654991#0,25819014#2,30,41.09207574955028,16.85389154719994,41.09267829914716,16.854073630954087,41.096390396588056,16.86145398483175,41.09617566373433,16.86105237527639,0.9168724840119742,0.03056241613373247,2.2380022772459793,0.013656114850491436,45.0,0.0
0_555,25654991#0,25819177#2,9,41.09207574955028,16.85389154719994,41.09267829914716,16.854073630954087,41.09333584930795,16.855672929401177,41.09331846638719,16.855846153569416,0.564523806171332,0.06272486735237022,2.2380022772459793,0.02802716868972878,45.0,0.0
0_556,25654991#0,25819177#3,10,41.09207574955028,16.85389154719994,41.09267829914716,16.854073630954087,41.09331846638719,16.855846153569416,41.09330344191395,16.855984796607544,0.914703914395079,0.09147039143950791,2.2380022772459793,0.040871446990692395,45.0,0.0
0_557,25654991#0,25819177#5,12,41.09207574955028,16.85389154719994,41.09267829914716,16.854073630954087,41.09328897220411,16.85615607855325,41.093276282258536,16.856306336332803,0.9841631838629831,0.08201359865524858,2.2380022772459793,0.03664589598012927,45.0,0.0
0_558,25654991#0,28279138#5,20,41.09207574955028,16.85389154719994,41.09267829914716,16.854073630954087,41.09309962997091,16.8641768999245,41.09122003932151,16.863954806076606,0.8884559817925428,0.044422799089627145,2.2380022772459793,0.0198493091545432,45.0,0.0
0_559,25654991#0,28921528#2,16,41.09207574955028,16.85389154719994,41.09267829914716,16.854073630954087,41.09590934506375,16.85589778274809,41.09589464404242,16.856597607978603,0.641332346505988,0.04008327165662425,2.2380022772459793,0.017910290826848294,45.0,0.0
0_560,25654991#0,28921528#8,21,41.09207574955028,16.85389154719994,41.09267829914716,16.854073630954087,41.095864883749904,16.858939789299576,41.09579879841287,16.860483307032734,0.6271500973188653,0.029864290348517394,2.2380022772459793,0.01334417335145321,45.0,0.0
0_561,25654991#0,30672980#0,7,41.09207574955028,16.85389154719994,41.09267829914716,16.854073630954087,41.09410258065408,16.854547680343014,41.0940220774019,16.854495884667088,0.7308018242320993,0.1044002606045856,2.2380022772459793,0.046648862544079954,45.0,0.0
0_562,25654991#0,30672980#6,6,41.09207574955028,16.85389154719994,41.09267829914716,16.854073630954087,41.09290701188394,16.85345153155061,41.09274366748828,16.853398004520955,0.6308712396831606,0.10514520661386009,2.2380022772459793,0.04698172458664731,45.0,0.0
0_563,25654991#0,30673346,27,41.09207574955028,16.85389154719994,41.09267829914716,16.854073630954087,41.09289989869124,16.857979997773366,41.0924620240455,16.857540225068156,0.7419355627160933,0.02747909491541086,2.2380022772459793,0.01227840346490882,45.0,0.0
0_564,25654991#0,30674315#11,28,41.09207574955028,16.85389154719994,41.09267829914716,16.854073630954087,41.09762167433529,16.86078183182401,41.0975908593457,16.860854905020272,0.8818681643195267,0.031495291582840236,2.2380022772459793,0.014072948854009849,45.0,0.0
0_565,25654991#0,30674315#8,25,41.09207574955028,16.85389154719994,41.09267829914716,16.854073630954087,41.09783406893447,16.85935956518292,41.09781757948696,16.860074005211207,0.7284212887530379,0.029136851550121516,2.2380022772459793,0.013019134004625088,45.0,0.0
0_566,25654991#0,30674315#9,26,41.09207574955028,16.85389154719994,41.09267829914716,16.854073630954087,41.09781757948696,16.860074005211207,41.09773009884011,16.860532461562137,0.9081574476804205,0.0349291326030931,2.2380022772459793,0.015607281975635823,45.0,0.0
0_567,25654991#0,30674359#4,29,41.09207574955028,16.85389154719994,41.09267829914716,16.854073630954087,41.09788351207976,16.86008527251128,41.097886790174485,16.85993247707892,0.6512018042617369,0.022455234629715066,2.2380022772459793,0.010033606693800073,45.0,0.0
0_568,25654991#0,30674359#5,30,41.09207574955028,16.85389154719994,41.09267829914716,16.854073630954087,41.097886790174485,16.85993247707892,41.097887056561405,16.859358083149928,0.7549804947098226,0.02516601649032742,2.2380022772459793,0.011244857409750265,45.0,0.0
0_569,25654991#0,30674385#2,30,41.09207574955028,16.85389154719994,41.09267829914716,16.854073630954087,41.09752079197923,16.86113857805688,41.097541272342,16.861158803055236,0.8228783135392361,0.02742927711797454,2.2380022772459793,0.012256143524450838,45.0,0.0
0_570,25654991#0,30674948,21,41.09207574955028,16.85389154719994,41.09267829914716,16.854073630954087,41.09346290764322,16.859512259912492,41.0937563740557,16.85923859402608,0.70409389032397,0.033528280491617615,2.2380022772459793,0.01498134333128407,45.0,0.0
0_571,25654991#0,30675059#0,25,41.09207574955028,16.85389154719994,41.09267829914716,16.854073630954087,41.09575898407665,16.861403291409037,41.09556026737646,16.861799770540163,0.8474562574198766,0.033898250296795066,2.2380022772459793,0.015146655855287721,45.0,0.0
0_572,25654991#0,30675059#1,26,41.09207574955028,16.85389154719994,41.09267829914716,16.854073630954087,41.09556026737646,16.861799770540163,41.09428507077666,16.861822930016572,0.8448247129125133,0.03249325818894282,2.2380022772459793,0.014518867348485488,45.0,0.0
0_573,25654991#0,33831688,43,41.09207574955028,16.85389154719994,41.09267829914716,16.854073630954087,41.09717022441964,16.862141610446756,41.09717150257013,16.862346685598727,0.7225844644069832,0.016804289869929843,2.2380022772459793,0.007508611604546138,45.0,0.0
0_574,25654991#0,48563895#1,9,41.09207574955028,16.85389154719994,41.09267829914716,16.854073630954087,41.094497059549575,16.854662484304253,41.09459493177244,16.85467607291383,0.9177504198042735,0.1019722688671415,2.2380022772459793,0.04556397011026531,45.0,0.0
0_575,25654991#0,48563902#0,18,41.09207574955028,16.85389154719994,41.09267829914716,16.854073630954087,41.093159424293006,16.861119861413044,41.092910609638544,16.861550868324073,0.7953104925180288,0.0441839162510016,2.2380022772459793,0.019742569835707692,45.0,0.0
0_576,25654991#0,48874527#2,25,41.09207574955028,16.85389154719994,41.09267829914716,16.854073630954087,41.094611131446,16.86076995428607,41.09433377805168,16.860614722600705,0.724118290208533,0.028964731608341322,2.2380022772459793,0.012942226155365883,45.0,0.0
0_577,25654991#0,50077954,17,41.09207574955028,16.85389154719994,41.09267829914716,16.854073630954087,41.094481033476846,16.855484180652265,41.09590934506375,16.85589778274809,0.9003720698215097,0.05296306293067704,2.2380022772459793,0.02366533022292178,45.0,0.0
0_578,25654991#0,96606465,19,41.09207574955028,16.85389154719994,41.09267829914716,16.854073630954087,41.09320904205983,16.86036794969964,41.093226008438016,16.859824905081403,0.5178873151480112,0.02725722711305322,2.2380022772459793,0.012179266924873363,45.0,0.0
0_579,25756821#0,-131752097#1,6,41.09109506695307,16.864135338448545,41.09309962997091,16.8641768999245,41.09628587040379,16.863506396736675,41.09627339570725,16.863759660301465,0.8567771220073593,0.14279618700122654,2.7330641722849465,0.05224765245151322,45.0,0.0
0_580,25756821#0,-25654991#0,18,41.09109506695307,16.864135338448545,41.09309962997091,16.8641768999245,41.09267829914716,16.854073630954087,41.09207574955028,16.85389154719994,0.7442156401761175,0.04134531334311764,2.7330641722849465,0.015127823840503303,45.0,0.0
0_581,25756821#0,-33831688,13,41.09109506695307,16.864135338448545,41.09309962997091,16.8641768999245,41.09717150257013,16.862346685598727,41.09717022441964,16.862141610446756,0.9445810865843661,0.07266008358341278,2.7330641722849465,0.026585575384666566,45.0,0.0
0_582,25756821#0,-48874524,37,41.09109506695307,16.864135338448545,41.09309962997091,16.8641768999245,41.09782874807601,16.858422322289133,41.09720965467912,16.86010828803053,0.9592424950202707,0.025925472838385696,2.7330641722849465,0.00948586319387847,45.0,0.0
0_583,25756821#0,-50077954,23,41.09109506695307,16.864135338448545,41.09309962997091,16.8641768999245,41.09590934506375,16.85589778274809,41.094481033476846,16.855484180652265,0.5585658315342025,0.024285470936269673,2.7330641722849465,0.008885803407962458,45.0,0.0
0_584,25756821#0,-50370694#0,7,41.09109506695307,16.864135338448545,41.09309962997091,16.8641768999245,41.09390877175432,16.860555577386883,41.09389978504193,16.86089441913475,0.6593608831077449,0.09419441187253498,2.7330641722849465,0.03446476406508408,45.0,0.0
0_585,25756821#0,114953453#6,15,41.09109506695307,16.864135338448545,41.09309962997091,16.8641768999245,41.09289989869124,16.857979997773366,41.09252833667128,16.85806965698529,0.7602742001040343,0.05068494667360229,2.7330641722849465,0.01854509937511922,45.0,0.0
0_586,25756821#0,1223050325#0,23,41.09109506695307,16.864135338448545,41.09309962997091,16.8641768999245,41.09575898407665,16.861403291409037,41.09578940828096,16.861627521735652,0.5975341896659669,0.02597974737678117,2.7330641722849465,0.009505721687852322,45.0,0.0
0_587,25756821#0,1223050326,22,41.09109506695307,16.864135338448545,41.09309962997091,16.8641768999245,41.09577203818025,16.86132567064774,41.09575898407665,16.861403291409037,0.6269140518534271,0.028496093266064868,2.7330641722849465,0.010426426702685522,45.0,0.0
0_588,25756821#0,1226960836#1,20,41.09109506695307,16.864135338448545,41.09309962997091,16.8641768999245,41.09326327598272,16.856459442663375,41.09325705252129,16.85653261037847,0.9320863041994272,0.04660431520997136,2.7330641722849465,0.017052038397989158,45.0,0.0
0_589,25756821#0,131750844#7,12,41.09109506695307,16.864135338448545,41.09309962997091,16.8641768999245,41.09588692434208,16.86204201283392,41.096023183819085,16.86206015013157,0.9873297348859407,0.08227747790716172,2.7330641722849465,0.030104480802722825,45.0,0.0
0_590,25756821#0,131750844#8,13,41.09109506695307,16.864135338448545,41.09309962997091,16.8641768999245,41.096023183819085,16.86206015013157,41.09607053280287,16.862073156374553,0.966309850254938,0.07433152694268755,2.7330641722849465,0.02719713927556393,45.0,0.0
0_591,25756821#0,131750844#9,14,41.09109506695307,16.864135338448545,41.09309962997091,16.8641768999245,41.09607053280287,16.862073156374553,41.09624619327664,16.862345189534487,0.6093280731905797,0.04352343379932712,2.7330641722849465,0.015924775656818865,45.0,0.0
0_592,25756821#0,131750850#0,28,41.09109506695307,16.864135338448545,41.09309962997091,16.8641768999245,41.09406666971318,16.861809974981103,41.09374076152227,16.861733142040123,0.8586019118854518,0.03066435399590899,2.7330641722849465,0.01121977094678769,45.0,0.0
0_593,25756821#0,131750853#0,25,41.09109506695307,16.864135338448545,41.09309962997091,16.8641768999245,41.09428507077666,16.861822930016572,41.094248634240174,16.861820234016683,0.662156523912621,0.02648626095650484,2.7330641722849465,0.009691049784009028,45.0,0.0
0_594,25756821#0,131750853#2,27,41.09109506695307,16.864135338448545,41.09309962997091,16.8641768999245,41.09422326217536,16.861818445841735,41.09406666971318,16.861809974981103,0.5972596037246778,0.022120726063876953,2.7330641722849465,0.008093745579849732,45.0,0.0
0_595,25756821#0,131752095#2,18,41.09109506695307,16.864135338448545,41.09309962997091,16.8641768999245,41.09606913880409,16.857384087393385,41.09607773810893,16.85711333011326,0.7137492971310928,0.03965273872950515,2.7330641722849465,0.01450852824152824,45.0,0.0
0_596,25756821#0,25817423#3,11,41.09109506695307,16.864135338448545,41.09309962997091,16.8641768999245,41.093433790346566,16.855687830843742,41.09352569242476,16.85465158647345,0.7903931499826358,0.07185392272569416,2.7330641722849465,0.02629060943915617,45.0,0.0
0_597,25756821#0,25817735#2,5,41.09109506695307,16.864135338448545,41.09309962997091,16.8641768999245,41.09257525037648,16.866055037799217,41.08991586912939,16.865878687144406,0.8057031767262235,0.1611406353452447,2.7330641722849465,0.05895969695088606,45.0,0.0
0_598,25756821#0,25819014#1,17,41.09109506695307,16.864135338448545,41.09309962997091,16.8641768999245,41.09637979984023,16.861535604961926,41.096390396588056,16.86145398483175,0.5622699300947567,0.0330747017702798,2.7330641722849465,0.012101692344321386,45.0,0.0
0_599,25756821#0,25819014#2,18,41.09109506695307,16.864135338448545,41.09309962997091,16.8641768999245,41.096390396588056,16.86145398483175,41.09617566373433,16.86105237527639,0.5308797565304244,0.0294933198072458,2.7330641722849465,0.01079130161169551,45.0,0.0
0_600,25756821#0,25819177#2,15,41.09109506695307,16.864135338448545,41.09309962997091,16.8641768999245,41.09333584930795,16.855672929401177,41.09331846638719,16.855846153569416,0.6666306152976882,0.044442041019845877,2.7330641722849465,0.016260884567042794,45.0,0.0
0_601,25756821#0,25819177#3,16,41.09109506695307,16.864135338448545,41.09309962997091,16.8641768999245,41.09331846638719,16.855846153569416,41.09330344191395,16.855984796607544,0.9080514464659157,0.05675321540411973,2.7330641722849465,0.02076541633366474,45.0,0.0
0_602,25756821#0,25819177#5,18,41.09109506695307,16.864135338448545,41.09309962997091,16.8641768999245,41.09328897220411,16.85615607855325,41.093276282258536,16.856306336332803,0.8392697121174819,0.046626095117637885,2.7330641722849465,0.017060007441631594,45.0,0.0
0_603,25756821#0,28279138#5,2,41.09109506695307,16.864135338448545,41.09309962997091,16.8641768999245,41.09309962997091,16.8641768999245,41.09122003932151,16.863954806076606,0.8901934776149246,0.4450967388074623,2.7330641722849465,0.1628563073348345,45.0,0.0
0_604,25756821#0,28921528#2,23,41.09109506695307,16.864135338448545,41.09309962997091,16.8641768999245,41.09590934506375,16.85589778274809,41.09589464404242,16.856597607978603,0.9372113066572217,0.04074831768074877,2.7330641722849465,0.01490938928326795,45.0,0.0
0_605,25756821#0,28921528#8,16,41.09109506695307,16.864135338448545,41.09309962997091,16.8641768999245,41.095864883749904,16.858939789299576,41.09579879841287,16.860483307032734,0.5165011368039332,0.03228132105024582,2.7330641722849465,0.011811402519413733,45.0,0.0
0_606,25756821#0,30672980#0,15,41.09109506695307,16.864135338448545,41.09309962997091,16.8641768999245,41.09410258065408,16.854547680343014,41.0940220774019,16.854495884667088,0.8737198268025543,0.058247988453503624,2.7330641722849465,0.02131233837982153,45.0,0.0
0_607,25756821#0,30672980#6,18,41.09109506695307,16.864135338448545,41.09309962997091,16.8641768999245,41.09290701188394,16.85345153155061,41.09274366748828,16.853398004520955,0.6736229950512398,0.03742349972506887,2.7330641722849465,0.01369287267550011,45.0,0.0
0_608,25756821#0,30673346,15,41.09109506695307,16.864135338448545,41.09309962997091,16.8641768999245,41.09289989869124,16.857979997773366,41.0924620240455,16.857540225068156,0.7712879624266772,0.05141919749511181,2.7330641722849465,0.01881375417984547,45.0,0.0
0_609,25756821#0,30674315#11,26,41.09109506695307,16.864135338448545,41.09309962997091,16.8641768999245,41.09762167433529,16.86078183182401,41.0975908593457,16.860854905020272,0.5726552331170227,0.022025201273731643,2.7330641722849465,0.008058794044092177,45.0,0.0
0_610,25756821#0,30674315#8,38,41.09109506695307,16.864135338448545,41.09309962997091,16.8641768999245,41.09783406893447,16.85935956518292,41.09781757948696,16.860074005211207,0.9289599321246409,0.024446314003280022,2.7330641722849465,0.008944654227727835,45.0,0.0
0_611,25756821#0,30674315#9,39,41.09109506695307,16.864135338448545,41.09309962997091,16.8641768999245,41.09781757948696,16.860074005211207,41.09773009884011,16.860532461562137,0.6873259939705263,0.017623743435141698,2.7330641722849465,0.006448346004407051,45.0,0.0
0_612,25756821#0,30674359#4,28,41.09109506695307,16.864135338448545,41.09309962997091,16.8641768999245,41.09788351207976,16.86008527251128,41.097886790174485,16.85993247707892,0.7736800147425071,0.02763142909794668,2.7330641722849465,0.010110054999127864,45.0,0.0
0_613,25756821#0,30674359#5,29,41.09109506695307,16.864135338448545,41.09309962997091,16.8641768999245,41.097886790174485,16.85993247707892,41.097887056561405,16.859358083149928,0.8156984446151816,0.028127532572937295,2.7330641722849465,0.010291574145301388,45.0,0.0
0_614,25756821#0,30674385#2,23,41.09109506695307,16.864135338448545,41.09309962997091,16.8641768999245,41.09752079197923,16.86113857805688,41.097541272342,16.861158803055236,0.8612354566407641,0.037445019853946264,2.7330641722849465,0.013700746668762186,45.0,0.0
0_615,25756821#0,30674948,8,41.09109506695307,16.864135338448545,41.09309962997091,16.8641768999245,41.09346290764322,16.859512259912492,41.0937563740557,16.85923859402608,0.7922988200141051,0.09903735250176314,2.7330641722849465,0.03623674610573235,45.0,0.0
0_616,25756821#0,30675059#0,23,41.09109506695307,16.864135338448545,41.09309962997091,16.8641768999245,41.09575898407665,16.861403291409037,41.09556026737646,16.861799770540163,0.7184256841534404,0.03123589931101915,2.7330641722849465,0.011428893484379745,45.0,0.0
0_617,25756821#0,30675059#1,24,41.09109506695307,16.864135338448545,41.09309962997091,16.8641768999245,41.09556026737646,16.861799770540163,41.09428507077666,16.861822930016572,0.6977496073891396,0.029072900307880817,2.7330641722849465,0.010637474451825535,45.0,0.0
0_618,25756821#0,33831688,14,41.09109506695307,16.864135338448545,41.09309962997091,16.8641768999245,41.09717022441964,16.862141610446756,41.09717150257013,16.862346685598727,0.8106308016104209,0.05790220011503006,2.7330641722849465,0.02118581799219943,45.0,0.0
0_619,25756821#0,48563895#1,17,41.09109506695307,16.864135338448545,41.09309962997091,16.8641768999245,41.094497059549575,16.854662484304253,41.09459493177244,16.85467607291383,0.8895538312649329,0.05232669595676076,2.7330641722849465,0.019145798509741407,45.0,0.0
0_620,25756821#0,48563902#0,5,41.09109506695307,16.864135338448545,41.09309962997091,16.8641768999245,41.093159424293006,16.861119861413044,41.092910609638544,16.861550868324073,0.5896670170415723,0.11793340340831447,2.7330641722849465,0.04315061629515915,45.0,0.0
0_621,25756821#0,48874527#2,20,41.09109506695307,16.864135338448545,41.09309962997091,16.8641768999245,41.094611131446,16.86076995428607,41.09433377805168,16.860614722600705,0.7591985820355318,0.03795992910177659,2.7330641722849465,0.013889146653311339,45.0,0.0
0_622,25756821#0,50077954,24,41.09109506695307,16.864135338448545,41.09309962997091,16.8641768999245,41.094481033476846,16.855484180652265,41.09590934506375,16.85589778274809,0.7327064504260701,0.030529435434419584,2.7330641722849465,0.011170405636284714,45.0,0.0
0_623,25756821#0,96606465,6,41.09109506695307,16.864135338448545,41.09309962997091,16.8641768999245,41.09320904205983,16.86036794969964,41.093226008438016,16.859824905081403,0.8348253660747,0.13913756101245,2.7330641722849465,0.05090899892633171,45.0,0.0
0_624,25817423#1,-131752097#1,35,41.09340387400641,16.856063110440175,41.093407826966825,16.856002261200675,41.09628587040379,16.863506396736675,41.09627339570725,16.863759660301465,0.8138161731823008,0.023251890662351452,2.070794059617658,0.0112284901312903,45.0,0.0
0_625,25817423#1,-25654991#0,10,41.09340387400641,16.856063110440175,41.093407826966825,16.856002261200675,41.09267829914716,16.854073630954087,41.09207574955028,16.85389154719994,0.528827176532225,0.0528827176532225,2.070794059617658,0.025537410351170565,45.0,0.0
0_626,25817423#1,-33831688,42,41.09340387400641,16.856063110440175,41.093407826966825,16.856002261200675,41.09717150257013,16.862346685598727,41.09717022441964,16.862141610446756,0.9286627608286345,0.022111018114967487,2.070794059617658,0.010677555313757256,45.0,0.0
0_627,25817423#1,-48874524,24,41.09340387400641,16.856063110440175,41.093407826966825,16.856002261200675,41.09782874807601,16.858422322289133,41.09720965467912,16.86010828803053,0.9245569127615716,0.038523204698398816,2.070794059617658,0.018603107595118157,45.0,0.0
0_628,25817423#1,-50077954,16,41.09340387400641,16.856063110440175,41.093407826966825,16.856002261200675,41.09590934506375,16.85589778274809,41.094481033476846,16.855484180652265,0.942957222063011,0.05893482637893819,2.070794059617658,0.02846001325202741,45.0,0.0
0_629,25817423#1,-50370694#0,18,41.09340387400641,16.856063110440175,41.093407826966825,16.856002261200675,41.09390877175432,16.860555577386883,41.09389978504193,16.86089441913475,0.8756496704731305,0.04864720391517391,2.070794059617658,0.023492053055317295,45.0,0.0
0_630,25817423#1,114953453#6,27,41.09340387400641,16.856063110440175,41.093407826966825,16.856002261200675,41.09289989869124,16.857979997773366,41.09252833667128,16.85806965698529,0.6872594427793284,0.02545405343627142,2.070794059617658,0.012291928942934642,45.0,0.0
0_631,25817423#1,1223050325#0,25,41.09340387400641,16.856063110440175,41.093407826966825,16.856002261200675,41.09575898407665,16.861403291409037,41.09578940828096,16.861627521735652,0.9216448203723804,0.036865792814895215,2.070794059617658,0.017802732552604457,45.0,0.0
0_632,25817423#1,1223050326,24,41.09340387400641,16.856063110440175,41.093407826966825,16.856002261200675,41.09577203818025,16.86132567064774,41.09575898407665,16.861403291409037,0.8895695823682176,0.0370653992653424,2.070794059617658,0.017899123813493064,45.0,0.0
0_633,25817423#1,1226960836#1,12,41.09340387400641,16.856063110440175,41.093407826966825,16.856002261200675,41.09326327598272,16.856459442663375,41.09325705252129,16.85653261037847,0.64464916617828,0.05372076384819,2.070794059617658,0.025942108341815873,45.0,0.0
0_634,25817423#1,131750844#7,28,41.09340387400641,16.856063110440175,41.093407826966825,16.856002261200675,41.09588692434208,16.86204201283392,41.096023183819085,16.86206015013157,0.9588028002796045,0.034242957152843014,2.070794059617658,0.0165361480509392,45.0,0.0
0_635,25817423#1,131750844#8,29,41.09340387400641,16.856063110440175,41.093407826966825,16.856002261200675,41.096023183819085,16.86206015013157,41.09607053280287,16.862073156374553,0.9395088158469884,0.03239685571886167,2.070794059617658,0.015644653589958275,45.0,0.0
0_636,25817423#1,131750844#9,30,41.09340387400641,16.856063110440175,41.093407826966825,16.856002261200675,41.09607053280287,16.862073156374553,41.09624619327664,16.862345189534487,0.8659847766787285,0.028866159222624282,2.070794059617658,0.013939657151592368,45.0,0.0
0_637,25817423#1,131750850#0,30,41.09340387400641,16.856063110440175,41.093407826966825,16.856002261200675,41.09406666971318,16.861809974981103,41.09374076152227,16.861733142040123,0.9740728750874916,0.03246909583624972,2.070794059617658,0.0156795388152913,45.0,0.0
0_638,25817423#1,131750853#0,27,41.09340387400641,16.856063110440175,41.093407826966825,16.856002261200675,41.09428507077666,16.861822930016572,41.094248634240174,16.861820234016683,0.81912775665219,0.03033806506119222,2.070794059617658,0.014650450111293878,45.0,0.0
0_639,25817423#1,131750853#2,29,41.09340387400641,16.856063110440175,41.093407826966825,16.856002261200675,41.09422326217536,16.861818445841735,41.09406666971318,16.861809974981103,0.7465948487191371,0.02574464995583231,2.070794059617658,0.012432259903520142,45.0,0.0
0_640,25817423#1,131752095#2,23,41.09340387400641,16.856063110440175,41.093407826966825,16.856002261200675,41.09606913880409,16.857384087393385,41.09607773810893,16.85711333011326,0.6975620255650952,0.03032878372022153,2.070794059617658,0.014645968091013983,45.0,0.0
0_641,25817423#1,25817423#3,3,41.09340387400641,16.856063110440175,41.093407826966825,16.856002261200675,41.093433790346566,16.855687830843742,41.09352569242476,16.85465158647345,0.6992467097488514,0.23308223658295046,2.070794059617658,0.11255693703602071,45.0,0.0
0_642,25817423#1,25817735#2,21,41.09340387400641,16.856063110440175,41.093407826966825,16.856002261200675,41.09257525037648,16.866055037799217,41.08991586912939,16.865878687144406,0.9508204526651671,0.045277164412627004,2.070794059617658,0.021864638930337077,45.0,0.0
0_643,25817423#1,25819014#1,29,41.09340387400641,16.856063110440175,41.093407826966825,16.856002261200675,41.09637979984023,16.861535604961926,41.096390396588056,16.86145398483175,0.9782989912880259,0.03373444797544917,2.070794059617658,0.01629058564214625,45.0,0.0
0_644,25817423#1,25819014#2,30,41.09340387400641,16.856063110440175,41.093407826966825,16.856002261200675,41.096390396588056,16.86145398483175,41.09617566373433,16.86105237527639,0.7488742217763472,0.024962474059211575,2.070794059617658,0.0120545420454898,45.0,0.0
0_645,25817423#1,25819177#2,7,41.09340387400641,16.856063110440175,41.093407826966825,16.856002261200675,41.09333584930795,16.855672929401177,41.09331846638719,16.855846153569416,0.7056947584201845,0.10081353691716921,2.070794059617658,0.04868351657131127,45.0,0.0
0_646,25817423#1,25819177#3,8,41.09340387400641,16.856063110440175,41.093407826966825,16.856002261200675,41.09331846638719,16.855846153569416,41.09330344191395,16.855984796607544,0.8678703584421477,0.10848379480526846,2.070794059617658,0.052387534289768244,45.0,0.0
0_647,25817423#1,25819177#5,10,41.09340387400641,16.856063110440175,41.093407826966825,16.856002261200675,41.09328897220411,16.85615607855325,41.093276282258536,16.856306336332803,0.5349453928616215,0.05349453928616215,2.070794059617658,0.0258328630206903,45.0,0.0
0_648,25817423#1,28279138#5,18,41.09340387400641,16.856063110440175,41.093407826966825,16.856002261200675,41.09309962997091,16.8641768999245,41.09122003932151,16.863954806076606,0.8548625035686858,0.04749236130937143,2.070794059617658,0.02293437200517187,45.0,0.0
0_649,25817423#1,28921528#2,16,41.09340387400641,16.856063110440175,41.093407826966825,16.856002261200675,41.09590934506375,16.85589778274809,41.09589464404242,16.856597607978603,0.7920119023414256,0.0495007438963391,2.070794059617658,0.023904233096688855,45.0,0.0
0_650,25817423#1,28921528#8,21,41.09340387400641,16.856063110440175,41.093407826966825,16.856002261200675,41.095864883749904,16.858939789299576,41.09579879841287,16.860483307032734,0.721969413971402,0.034379495903400094,2.070794059617658,0.016602083506917036,45.0,0.0
0_651,25817423#1,30672980#0,7,41.09340387400641,16.856063110440175,41.093407826966825,16.856002261200675,41.09410258065408,16.854547680343014,41.0940220774019,16.854495884667088,0.6737304435506808,0.09624720622152583,2.070794059617658,0.04647840560219516,45.0,0.0
0_652,25817423#1,30672980#6,10,41.09340387400641,16.856063110440175,41.093407826966825,16.856002261200675,41.09290701188394,16.85345153155061,41.09274366748828,16.853398004520955,0.8676812787563868,0.08676812787563869,2.070794059617658,0.0419008966500798,45.0,0.0
0_653,25817423#1,30673346,27,41.09340387400641,16.856063110440175,41.093407826966825,16.856002261200675,41.09289989869124,16.857979997773366,41.0924620240455,16.857540225068156,0.6395384617111604,0.023686609693005938,2.070794059617658,0.011438418795435083,45.0,0.0
0_654,25817423#1,30674315#11,28,41.09340387400641,16.856063110440175,41.093407826966825,16.856002261200675,41.09762167433529,16.86078183182401,41.0975908593457,16.860854905020272,0.7731530564123139,0.027612609157582638,2.070794059617658,0.013334309623565804,45.0,0.0
0_655,25817423#1,30674315#8,25,41.09340387400641,16.856063110440175,41.093407826966825,16.856002261200675,41.09783406893447,16.85935956518292,41.09781757948696,16.860074005211207,0.5269384131347816,0.021077536525391266,2.070794059617658,0.010178480292377758,45.0,0.0
0_656,25817423#1,30674315#9,26,41.09340387400641,16.856063110440175,41.093407826966825,16.856002261200675,41.09781757948696,16.860074005211207,41.09773009884011,16.860532461562137,0.8109264429694281,0.031189478575747234,2.070794059617658,0.015061603268026524,45.0,0.0
0_657,25817423#1,30674359#4,29,41.09340387400641,16.856063110440175,41.093407826966825,16.856002261200675,41.09788351207976,16.86008527251128,41.097886790174485,16.85993247707892,0.7666377271756043,0.026435783695710494,2.070794059617658,0.012766012908396827,45.0,0.0
0_658,25817423#1,30674359#5,30,41.09340387400641,16.856063110440175,41.093407826966825,16.856002261200675,41.097886790174485,16.85993247707892,41.097887056561405,16.859358083149928,0.9967812110805484,0.03322604036935161,2.070794059617658,0.016045072282796828,45.0,0.0
0_659,25817423#1,30674385#2,30,41.09340387400641,16.856063110440175,41.093407826966825,16.856002261200675,41.09752079197923,16.86113857805688,41.097541272342,16.861158803055236,0.9081057691208708,0.030270192304029025,2.070794059617658,0.014617673912787819,45.0,0.0
0_660,25817423#1,30674948,19,41.09340387400641,16.856063110440175,41.093407826966825,16.856002261200675,41.09346290764322,16.859512259912492,41.0937563740557,16.85923859402608,0.9907847239865741,0.05214656442034601,2.070794059617658,0.025181917138575385,45.0,0.0
0_661,25817423#1,30675059#0,25,41.09340387400641,16.856063110440175,41.093407826966825,16.856002261200675,41.09575898407665,16.861403291409037,41.09556026737646,16.861799770540163,0.7180267725377043,0.02872107090150817,2.070794059617658,0.013869593052054196,45.0,0.0
0_662,25817423#1,30675059#1,26,41.09340387400641,16.856063110440175,41.093407826966825,16.856002261200675,41.09556026737646,16.861799770540163,41.09428507077666,16.861822930016572,0.6395067195015329,0.024596412288520497,2.070794059617658,0.011877768421386077,45.0,0.0
0_663,25817423#1,33831688,43,41.09340387400641,16.856063110440175,41.093407826966825,16.856002261200675,41.09717022441964,16.862141610446756,41.09717150257013,16.862346685598727,0.6634183924115449,0.01542833470724523,2.070794059617658,0.0074504437732904475,45.0,0.0
0_664,25817423#1,48563895#1,9,41.09340387400641,16.856063110440175,41.093407826966825,16.856002261200675,41.094497059549575,16.854662484304253,41.09459493177244,16.85467607291383,0.6629391743385029,0.07365990825983365,2.070794059617658,0.03557085163429234,45.0,0.0
0_665,25817423#1,48563902#0,16,41.09340387400641,16.856063110440175,41.093407826966825,16.856002261200675,41.093159424293006,16.861119861413044,41.092910609638544,16.861550868324073,0.7296441723340141,0.04560276077087588,2.070794059617658,0.022021871542018893,45.0,0.0
0_666,25817423#1,48874527#2,25,41.09340387400641,16.856063110440175,41.093407826966825,16.856002261200675,41.094611131446,16.86076995428607,41.09433377805168,16.860614722600705,0.5808163346309286,0.023232653385237147,2.070794059617658,0.011219200324307824,45.0,0.0
0_667,25817423#1,50077954,17,41.09340387400641,16.856063110440175,41.093407826966825,16.856002261200675,41.094481033476846,16.855484180652265,41.09590934506375,16.85589778274809,0.75819252722566,0.04459956042503882,2.070794059617658,0.021537419531362515,45.0,0.0
0_668,25817423#1,96606465,17,41.09340387400641,16.856063110440175,41.093407826966825,16.856002261200675,41.09320904205983,16.86036794969964,41.093226008438016,16.859824905081403,0.7348926164382706,0.04322897743754533,2.070794059617658,0.020875556039371163,45.0,0.0
0_669,25817423#2,-131752097#1,34,41.093407826966825,16.856002261200675,41.093433790346566,16.855687830843742,41.09628587040379,16.863506396736675,41.09627339570725,16.863759660301465,0.5485104223247812,0.016132659480140622,2.0738665786171966,0.007779024767783029,45.0,0.0
0_670,25817423#2,-25654991#0,9,41.093407826966825,16.856002261200675,41.093433790346566,16.855687830843742,41.09267829914716,16.854073630954087,41.09207574955028,16.85389154719994,0.988193029652584,0.10979922551695377,2.0738665786171966,0.05294420897132409,45.0,0.0
0_671,25817423#2,-33831688,41,41.093407826966825,16.856002261200675,41.093433790346566,16.855687830843742,41.09717150257013,16.862346685598727,41.09717022441964,16.862141610446756,0.7594907480793711,0.018524164587301734,2.0738665786171966,0.008932187238223007,45.0,0.0
0_672,25817423#2,-48874524,23,41.093407826966825,16.856002261200675,41.093433790346566,16.855687830843742,41.09782874807601,16.858422322289133,41.09720965467912,16.86010828803053,0.5405703773760796,0.023503059885916503,2.0738665786171966,0.011332966222729607,45.0,0.0
0_673,25817423#2,-50077954,15,41.093407826966825,16.856002261200675,41.093433790346566,16.855687830843742,41.09590934506375,16.85589778274809,41.094481033476846,16.855484180652265,0.577844715805405,0.038522981053693665,2.0738665786171966,0.018575438483308723,45.0,0.0
0_674,25817423#2,-50370694#0,17,41.093407826966825,16.856002261200675,41.093433790346566,16.855687830843742,41.09390877175432,16.860555577386883,41.09389978504193,16.86089441913475,0.7078380741902869,0.04163753377589923,2.0738665786171966,0.020077248076229726,45.0,0.0
0_675,25817423#2,114953453#6,26,41.093407826966825,16.856002261200675,41.093433790346566,16.855687830843742,41.09289989869124,16.857979997773366,41.09252833667128,16.85806965698529,0.8145092327360035,0.03132727818215398,2.0738665786171966,0.015105734623990247,45.0,0.0
0_676,25817423#2,1223050325#0,24,41.093407826966825,16.856002261200675,41.093433790346566,16.855687830843742,41.09575898407665,16.861403291409037,41.09578940828096,16.861627521735652,0.7167321430947415,0.02986383929561423,2.0738665786171966,0.014400077422302985,45.0,0.0
0_677,25817423#2,1223050326,23,41.093407826966825,16.856002261200675,41.093433790346566,16.855687830843742,41.09577203818025,16.86132567064774,41.09575898407665,16.861403291409037,0.6121670643155783,0.02661595931806862,2.0738665786171966,0.012833978613906538,45.0,0.0
0_678,25817423#2,1226960836#1,11,41.093407826966825,16.856002261200675,41.093433790346566,16.855687830843742,41.09326327598272,16.856459442663375,41.09325705252129,16.85653261037847,0.9724051155319225,0.0884004650483566,2.0738665786171966,0.04262591719246465,45.0,0.0
0_679,25817423#2,131750844#7,27,41.093407826966825,16.856002261200675,41.093433790346566,16.855687830843742,41.09588692434208,16.86204201283392,41.096023183819085,16.86206015013157,0.961583430290059,0.03561420112185403,2.0738665786171966,0.01717285069784996,45.0,0.0
0_680,25817423#2,131750844#8,28,41.093407826966825,16.856002261200675,41.093433790346566,16.855687830843742,41.096023183819085,16.86206015013157,41.09607053280287,16.862073156374553,0.745668579033761,0.026631020679777177,2.0738665786171966,0.012841241068426924,45.0,0.0
0_681,25817423#2,131750844#9,29,41.093407826966825,16.856002261200675,41.093433790346566,16.855687830843742,41.09607053280287,16.862073156374553,41.09624619327664,16.862345189534487,0.5275374373386184,0.01819094611512477,2.0738665786171966,0.008771512257675732,45.0,0.0
0_682,25817423#2,131750850#0,29,41.093407826966825,16.856002261200675,41.093433790346566,16.855687830843742,41.09406666971318,16.861809974981103,41.09374076152227,16.861733142040123,0.8205833140647352,0.028295976347059833,2.0738665786171966,0.013644067867628638,45.0,0.0
0_683,25817423#2,131750853#0,26,41.093407826966825,16.856002261200675,41.093433790346566,16.855687830843742,41.09428507077666,16.861822930016572,41.094248634240174,16.861820234016683,0.8403232050868295,0.03232012327257037,2.0738665786171966,0.015584475687013884,45.0,0.0
0_684,25817423#2,131750853#2,28,41.093407826966825,16.856002261200675,41.093433790346566,16.855687830843742,41.09422326217536,16.861818445841735,41.09406666971318,16.861809974981103,0.8407609742017181,0.03002717765006136,2.0738665786171966,0.014478837722570729,45.0,0.0
0_685,25817423#2,131752095#2,22,41.093407826966825,16.856002261200675,41.093433790346566,16.855687830843742,41.09606913880409,16.857384087393385,41.09607773810893,16.85711333011326,0.5870199972529964,0.02668272714786347,2.0738665786171966,0.012866173466981112,45.0,0.0
0_686,25817423#2,25817423#3,2,41.093407826966825,16.856002261200675,41.093433790346566,16.855687830843742,41.093433790346566,16.855687830843742,41.09352569242476,16.85465158647345,0.607457784205018,0.303728892102509,2.0738665786171966,0.1464553675892824,45.0,0.0
0_687,25817423#2,25817735#2,20,41.093407826966825,16.856002261200675,41.093433790346566,16.855687830843742,41.09257525037648,16.866055037799217,41.08991586912939,16.865878687144406,0.7417051724294832,0.03708525862147416,2.0738665786171966,0.017882181526933955,45.0,0.0
0_688,25817423#2,25819014#1,28,41.093407826966825,16.856002261200675,41.093433790346566,16.855687830843742,41.09637979984023,16.861535604961926,41.096390396588056,16.86145398483175,0.6807279206983032,0.02431171145351083,2.0738665786171966,0.011722890808974453,45.0,0.0
0_689,25817423#2,25819014#2,29,41.093407826966825,16.856002261200675,41.093433790346566,16.855687830843742,41.096390396588056,16.86145398483175,41.09617566373433,16.86105237527639,0.5189239153265744,0.017893928114709464,2.0738665786171966,0.008628292822309088,45.0,0.0
0_690,25817423#2,25819177#2,6,41.093407826966825,16.856002261200675,41.093433790346566,16.855687830843742,41.09333584930795,16.855672929401177,41.09331846638719,16.855846153569416,0.5176050604925515,0.08626751008209191,2.0738665786171966,0.04159742529802133,45.0,0.0
0_691,25817423#2,25819177#3,7,41.093407826966825,16.856002261200675,41.093433790346566,16.855687830843742,41.09331846638719,16.855846153569416,41.09330344191395,16.855984796607544,0.5377545707777629,0.07682208153968041,2.0738665786171966,0.03704292375013994,45.0,0.0
0_692,25817423#2,25819177#5,9,41.093407826966825,16.856002261200675,41.093433790346566,16.855687830843742,41.09328897220411,16.85615607855325,41.093276282258536,16.856306336332803,0.5364914712356186,0.05961016347062428,2.0738665786171966,0.02874349009972034,45.0,0.0
0_693,25817423#2,28279138#5,17,41.093407826966825,16.856002261200675,41.093433790346566,16.855687830843742,41.09309962997091,16.8641768999245,41.09122003932151,16.863954806076606,0.7604627186511919,0.044733101097128934,2.0738665786171966,0.021569903077832457,45.0,0.0
0_694,25817423#2,28921528#2,15,41.093407826966825,16.856002261200675,41.093433790346566,16.855687830843742,41.09590934506375,16.85589778274809,41.09589464404242,16.856597607978603,0.8457006416072415,0.05638004277381609,2.0738665786171966,0.027185954658379675,45.0,0.0
0_695,25817423#2,28921528#8,20,41.093407826966825,16.856002261200675,41.093433790346566,16.855687830843742,41.095864883749904,16.858939789299576,41.09579879841287,16.860483307032734,0.7564708394992035,0.03782354197496018,2.0738665786171966,0.018238175186843498,45.0,0.0
0_696,25817423#2,30672980#0,6,41.093407826966825,16.856002261200675,41.093433790346566,16.855687830843742,41.09410258065408,16.854547680343014,41.0940220774019,16.854495884667088,0.6116905919256559,0.1019484319876093,2.0738665786171966,0.04915862622926592,45.0,0.0
0_697,25817423#2,30672980#6,9,41.093407826966825,16.856002261200675,41.093433790346566,16.855687830843742,41.09290701188394,16.85345153155061,41.09274366748828,16.853398004520955,0.5549059862465732,0.06165622069406368,2.0738665786171966,0.029730080676248005,45.0,0.0
0_698,25817423#2,30673346,26,41.093407826966825,16.856002261200675,41.093433790346566,16.855687830843742,41.09289989869124,16.857979997773366,41.0924620240455,16.857540225068156,0.5607423481239167,0.021567013389381412,2.0738665786171966,0.01039942183925919,45.0,0.0
0_699,25817423#2,30674315#11,27,41.093407826966825,16.856002261200675,41.093433790346566,16.855687830843742,41.09762167433529,16.86078183182401,41.0975908593457,16.860854905020272,0.7650929240446813,0.028336774964617825,2.0738665786171966,0.013663740597773697,45.0,0.0
0_700,25817423#2,30674315#8,24,41.093407826966825,16.856002261200675,41.093433790346566,16.855687830843742,41.09783406893447,16.85935956518292,41.09781757948696,16.860074005211207,0.9269180492027673,0.038621585383448634,2.0738665786171966,0.018622984613214877,45.0,0.0
0_701,25817423#2,30674315#9,25,41.093407826966825,16.856002261200675,41.093433790346566,16.855687830843742,41.09781757948696,16.860074005211207,41.09773009884011,16.860532461562137,0.5140604381952936,0.02056241752781174,2.0738665786171966,0.009915014659005817,45.0,0.0
0_702,25817423#2,30674359#4,28,41.093407826966825,16.856002261200675,41.093433790346566,16.855687830843742,41.09788351207976,16.86008527251128,41.097886790174485,16.85993247707892,0.5163421035622381,0.018440789412937073,2.0738665786171966,0.008891984471456664,45.0,0.0
0_703,25817423#2,30674359#5,29,41.093407826966825,16.856002261200675,41.093433790346566,16.855687830843742,41.097886790174485,16.85993247707892,41.097887056561405,16.859358083149928,0.5341903966088201,0.018420358503752416,2.0738665786171966,0.008882132868949873,45.0,0.0
0_704,25817423#2,30674385#2,29,41.093407826966825,16.856002261200675,41.093433790346566,16.855687830843742,41.09752079197923,16.86113857805688,41.097541272342,16.861158803055236,0.5778647948695155,0.019926372236879843,2.0738665786171966,0.009608319282606049,45.0,0.0
0_705,25817423#2,30674948,18,41.093407826966825,16.856002261200675,41.093433790346566,16.855687830843742,41.09346290764322,16.859512259912492,41.0937563740557,16.85923859402608,0.5996413000826867,0.03331340556014926,2.0738665786171966,0.01606342756261679,45.0,0.0
0_706,25817423#2,30675059#0,24,41.093407826966825,16.856002261200675,41.093433790346566,16.855687830843742,41.09575898407665,16.861403291409037,41.09556026737646,16.861799770540163,0.8240562362889869,0.03433567651204112,2.0738665786171966,0.016556357514057297,45.0,0.0
0_707,25817423#2,30675059#1,25,41.093407826966825,16.856002261200675,41.093433790346566,16.855687830843742,41.09556026737646,16.861799770540163,41.09428507077666,16.861822930016572,0.5582861133411454,0.022331444533645817,2.0738665786171966,0.010768023731081041,45.0,0.0
0_708,25817423#2,33831688,42,41.093407826966825,16.856002261200675,41.093433790346566,16.855687830843742,41.09717022441964,16.862141610446756,41.09717150257013,16.862346685598727,0.7617286887685342,0.018136397351631764,2.0738665786171966,0.008745209329582171,45.0,0.0
0_709,25817423#2,48563895#1,8,41.093407826966825,16.856002261200675,41.093433790346566,16.855687830843742,41.094497059549575,16.854662484304253,41.09459493177244,16.85467607291383,0.7400450931593917,0.09250563664492396,2.0738665786171966,0.044605394386848386,45.0,0.0
0_710,25817423#2,48563902#0,15,41.093407826966825,16.856002261200675,41.093433790346566,16.855687830843742,41.093159424293006,16.861119861413044,41.092910609638544,16.861550868324073,0.6643743154097719,0.04429162102731812,2.0738665786171966,0.021357025318789163,45.0,0.0
0_711,25817423#2,48874527#2,24,41.093407826966825,16.856002261200675,41.093433790346566,16.855687830843742,41.094611131446,16.86076995428607,41.09433377805168,16.860614722600705,0.8748191450520548,0.03645079771050228,2.0738665786171966,0.017576250124444737,45.0,0.0
0_712,25817423#2,50077954,16,41.093407826966825,16.856002261200675,41.093433790346566,16.855687830843742,41.094481033476846,16.855484180652265,41.09590934506375,16.85589778274809,0.9319838637441809,0.0582489914840113,2.0738665786171966,0.0280871450866672,45.0,0.0
0_713,25817423#2,96606465,16,41.093407826966825,16.856002261200675,41.093433790346566,16.855687830843742,41.09320904205983,16.86036794969964,41.093226008438016,16.859824905081403,0.6084331837368948,0.038027073983555926,2.0738665786171966,0.01833631650928646,45.0,0.0
0_714,25819014#0,-131752097#1,18,41.09637137649532,16.8615997833262,41.09637979984023,16.861535604961926,41.09628587040379,16.863506396736675,41.09627339570725,16.863759660301465,0.7386160110533164,0.041034222836295355,2.709893681073969,0.015142373711146084,45.0,0.0
0_715,25819014#0,-25654991#0,28,41.09637137649532,16.8615997833262,41.09637979984023,16.861535604961926,41.09267829914716,16.854073630954087,41.09207574955028,16.85389154719994,0.551169808005523,0.019684636000197247,2.709893681073969,0.00726398830244733,45.0,0.0
0_716,25819014#0,-33831688,25,41.09637137649532,16.8615997833262,41.09637979984023,16.861535604961926,41.09717150257013,16.862346685598727,41.09717022441964,16.862141610446756,0.7081776999595528,0.028327107998382114,2.709893681073969,0.010453217480899724,45.0,0.0
0_717,25819014#0,-48874524,22,41.09637137649532,16.8615997833262,41.09637979984023,16.861535604961926,41.09782874807601,16.858422322289133,41.09720965467912,16.86010828803053,0.8016934528364063,0.036440611492563925,2.709893681073969,0.013447247671400157,45.0,0.0
0_718,25819014#0,-50077954,17,41.09637137649532,16.8615997833262,41.09637979984023,16.861535604961926,41.09590934506375,16.85589778274809,41.094481033476846,16.855484180652265,0.7148370568100268,0.04204923863588393,2.709893681073969,0.015516932981377789,45.0,0.0
0_719,25819014#0,-50370694#0,17,41.09637137649532,16.8615997833262,41.09637979984023,16.861535604961926,41.09390877175432,16.860555577386883,41.09389978504193,16.86089441913475,0.6532131460015651,0.03842430270597442,2.709893681073969,0.014179265767632008,45.0,0.0
0_720,25819014#0,114953453#6,23,41.09637137649532,16.8615997833262,41.09637979984023,16.861535604961926,41.09289989869124,16.857979997773366,41.09252833667128,16.85806965698529,0.7380456595333846,0.03208894171884281,2.709893681073969,0.011841402466433852,45.0,0.0
0_721,25819014#0,1223050325#0,8,41.09637137649532,16.8615997833262,41.09637979984023,16.861535604961926,41.09575898407665,16.861403291409037,41.09578940828096,16.861627521735652,0.779229742579374,0.09740371782242176,2.709893681073969,0.035943741447383756,45.0,0.0
0_722,25819014#0,1223050326,7,41.09637137649532,16.8615997833262,41.09637979984023,16.861535604961926,41.09577203818025,16.86132567064774,41.09575898407665,16.861403291409037,0.5772780522737975,0.08246829318197106,2.709893681073969,0.03043229841743744,45.0,0.0
0_723,25819014#0,1226960836#1,30,41.09637137649532,16.8615997833262,41.09637979984023,16.861535604961926,41.09326327598272,16.856459442663375,41.09325705252129,16.85653261037847,0.9478817205096475,0.03159605735032158,2.709893681073969,0.011659519180029092,45.0,0.0
0_724,25819014#0,131750844#7,11,41.09637137649532,16.8615997833262,41.09637979984023,16.861535604961926,41.09588692434208,16.86204201283392,41.096023183819085,16.86206015013157,0.5552646218337041,0.05047860198488219,2.709893681073969,0.0186275211966533,45.0,0.0
0_725,25819014#0,131750844#8,12,41.09637137649532,16.8615997833262,41.09637979984023,16.861535604961926,41.096023183819085,16.86206015013157,41.09607053280287,16.862073156374553,0.889768477130259,0.07414737309418824,2.709893681073969,0.02736172773568098,45.0,0.0
0_726,25819014#0,131750844#9,13,41.09637137649532,16.8615997833262,41.09637979984023,16.861535604961926,41.09607053280287,16.862073156374553,41.09624619327664,16.862345189534487,0.7117665866286973,0.05475127589451518,2.709893681073969,0.020204215492622753,45.0,0.0
0_727,25819014#0,131750850#0,13,41.09637137649532,16.8615997833262,41.09637979984023,16.861535604961926,41.09406666971318,16.861809974981103,41.09374076152227,16.861733142040123,0.8191358373863129,0.06301044902971638,2.709893681073969,0.023252000427095892,45.0,0.0
0_728,25819014#0,131750853#0,10,41.09637137649532,16.8615997833262,41.09637979984023,16.861535604961926,41.09428507077666,16.861822930016572,41.094248634240174,16.861820234016683,0.666275441475008,0.0666275441475008,2.709893681073969,0.024586774238720455,45.0,0.0
0_729,25819014#0,131750853#2,12,41.09637137649532,16.8615997833262,41.09637979984023,16.861535604961926,41.09422326217536,16.861818445841735,41.09406666971318,16.861809974981103,0.6563362307009579,0.05469468589174649,2.709893681073969,0.020183332753508698,45.0,0.0
0_730,25819014#0,131752095#2,12,41.09637137649532,16.8615997833262,41.09637979984023,16.861535604961926,41.09606913880409,16.857384087393385,41.09607773810893,16.85711333011326,0.917257986145035,0.07643816551208624,2.709893681073969,0.02820707175559475,45.0,0.0
0_731,25819014#0,25817423#3,21,41.09637137649532,16.8615997833262,41.09637979984023,16.861535604961926,41.093433790346566,16.855687830843742,41.09352569242476,16.85465158647345,0.6097750139582905,0.02903690542658526,2.709893681073969,0.01071514562707033,45.0,0.0
0_732,25819014#0,25817735#2,31,41.09637137649532,16.8615997833262,41.09637979984023,16.861535604961926,41.09257525037648,16.866055037799217,41.08991586912939,16.865878687144406,0.5082623930134582,0.016395561064950263,2.709893681073969,0.006050259897448254,45.0,0.0
0_733,25819014#0,25819014#1,2,41.09637137649532,16.8615997833262,41.09637979984023,16.861535604961926,41.09637979984023,16.861535604961926,41.096390396588056,16.86145398483175,0.9551230791612705,0.47756153958063524,2.709893681073969,0.17622888414993865,45.0,0.0
0_734,25819014#0,25819014#2,3,41.09637137649532,16.8615997833262,41.09637979984023,16.861535604961926,41.096390396588056,16.86145398483175,41.09617566373433,16.86105237527639,0.6990532253906949,0.2330177417968983,2.709893681073969,0.08598778004624524,45.0,0.0
0_735,25819014#0,25819177#2,25,41.09637137649532,16.8615997833262,41.09637979984023,16.861535604961926,41.09333584930795,16.855672929401177,41.09331846638719,16.855846153569416,0.933108693275804,0.03732434773103216,2.709893681073969,0.013773362398572034,45.0,0.0
0_736,25819014#0,25819177#3,26,41.09637137649532,16.8615997833262,41.09637979984023,16.861535604961926,41.09331846638719,16.855846153569416,41.09330344191395,16.855984796607544,0.9555961301639548,0.03675369731399827,2.709893681073969,0.013562782027460302,45.0,0.0
0_737,25819014#0,25819177#5,28,41.09637137649532,16.8615997833262,41.09637979984023,16.861535604961926,41.09328897220411,16.85615607855325,41.093276282258536,16.856306336332803,0.8345038562790033,0.029803709152821545,2.709893681073969,0.010998110132870569,45.0,0.0
0_738,25819014#0,28279138#5,17,41.09637137649532,16.8615997833262,41.09637979984023,16.861535604961926,41.09309962997091,16.8641768999245,41.09122003932151,16.863954806076606,0.7673928267657619,0.045140754515633055,2.709893681073969,0.016657758505766597,45.0,0.0
0_739,25819014#0,28921528#2,17,41.09637137649532,16.8615997833262,41.09637979984023,16.861535604961926,41.09590934506375,16.85589778274809,41.09589464404242,16.856597607978603,0.9556950998684106,0.05621735881578886,2.709893681073969,0.020745226725466637,45.0,0.0
0_740,25819014#0,28921528#8,14,41.09637137649532,16.8615997833262,41.09637979984023,16.861535604961926,41.095864883749904,16.858939789299576,41.09579879841287,16.860483307032734,0.7464627696135193,0.05331876925810852,2.709893681073969,0.019675594518888118,45.0,0.0
0_741,25819014#0,30672980#0,31,41.09637137649532,16.8615997833262,41.09637979984023,16.861535604961926,41.09410258065408,16.854547680343014,41.0940220774019,16.854495884667088,0.8610000657297772,0.027774195668702487,2.709893681073969,0.010249182786276392,45.0,0.0
0_742,25819014#0,30672980#6,28,41.09637137649532,16.8615997833262,41.09637979984023,16.861535604961926,41.09290701188394,16.85345153155061,41.09274366748828,16.853398004520955,0.6557491861655427,0.023419613791626524,2.709893681073969,0.008642262962266846,45.0,0.0
0_743,25819014#0,30673346,23,41.09637137649532,16.8615997833262,41.09637979984023,16.861535604961926,41.09289989869124,16.857979997773366,41.0924620240455,16.857540225068156,0.5797177338217203,0.025205118861813924,2.709893681073969,0.009301146771125273,45.0,0.0
0_744,25819014#0,30674315#11,11,41.09637137649532,16.8615997833262,41.09637979984023,16.861535604961926,41.09762167433529,16.86078183182401,41.0975908593457,16.860854905020272,0.608067853128766,0.05527889573897873,2.709893681073969,0.020398916800703017,45.0,0.0
0_745,25819014#0,30674315#8,23,41.09637137649532,16.8615997833262,41.09637979984023,16.861535604961926,41.09783406893447,16.85935956518292,41.09781757948696,16.860074005211207,0.7308173349117704,0.03177466673529436,2.709893681073969,0.011725429287949634,45.0,0.0
0_746,25819014#0,30674315#9,24,41.09637137649532,16.8615997833262,41.09637979984023,16.861535604961926,41.09781757948696,16.860074005211207,41.09773009884011,16.860532461562137,0.681290001385799,0.028387083391074958,2.709893681073969,0.010475349490399475,45.0,0.0
0_747,25819014#0,30674359#4,13,41.09637137649532,16.8615997833262,41.09637979984023,16.861535604961926,41.09788351207976,16.86008527251128,41.097886790174485,16.85993247707892,0.70066863399971,0.053897587230746925,2.709893681073969,0.019889188866401043,45.0,0.0
0_748,25819014#0,30674359#5,14,41.09637137649532,16.8615997833262,41.09637979984023,16.861535604961926,41.097886790174485,16.85993247707892,41.097887056561405,16.859358083149928,0.9219918692058671,0.06585656208613336,2.709893681073969,0.02430226785134739,45.0,0.0
0_749,25819014#0,30674385#2,8,41.09637137649532,16.8615997833262,41.09637979984023,16.861535604961926,41.09752079197923,16.86113857805688,41.097541272342,16.861158803055236,0.509538237206409,0.06369227965080113,2.709893681073969,0.023503608313356038,45.0,0.0
0_750,25819014#0,30674948,18,41.09637137649532,16.8615997833262,41.09637979984023,16.861535604961926,41.09346290764322,16.859512259912492,41.0937563740557,16.85923859402608,0.5446566994659992,0.03025870552588884,2.709893681073969,0.011166012060627003,45.0,0.0
0_751,25819014#0,30675059#0,8,41.09637137649532,16.8615997833262,41.09637979984023,16.861535604961926,41.09575898407665,16.861403291409037,41.09556026737646,16.861799770540163,0.5680569880751841,0.07100712350939802,2.709893681073969,0.02620291858876799,45.0,0.0
0_752,25819014#0,30675059#1,9,41.09637137649532,16.8615997833262,41.09637979984023,16.861535604961926,41.09556026737646,16.861799770540163,41.09428507077666,16.861822930016572,0.8730951074608426,0.09701056749564918,2.709893681073969,0.035798661834291055,45.0,0.0
0_753,25819014#0,33831688,26,41.09637137649532,16.8615997833262,41.09637979984023,16.861535604961926,41.09717022441964,16.862141610446756,41.09717150257013,16.862346685598727,0.9597929726516572,0.03691511433275605,2.709893681073969,0.013622347839907163,45.0,0.0
0_754,25819014#0,48563895#1,30,41.09637137649532,16.8615997833262,41.09637979984023,16.861535604961926,41.094497059549575,16.854662484304253,41.09459493177244,16.85467607291383,0.7628191555909256,0.025427305186364185,2.709893681073969,0.009383137561428974,45.0,0.0
0_755,25819014#0,48563902#0,15,41.09637137649532,16.8615997833262,41.09637979984023,16.861535604961926,41.093159424293006,16.861119861413044,41.092910609638544,16.861550868324073,0.7980337317171935,0.05320224878114623,2.709893681073969,0.019632596346016586,45.0,0.0
0_756,25819014#0,48874527#2,18,41.09637137649532,16.8615997833262,41.09637979984023,16.861535604961926,41.094611131446,16.86076995428607,41.09433377805168,16.860614722600705,0.5240126568243261,0.029111814268018114,2.709893681073969,0.010742788350456868,45.0,0.0
0_757,25819014#0,50077954,18,41.09637137649532,16.8615997833262,41.09637979984023,16.861535604961926,41.094481033476846,16.855484180652265,41.09590934506375,16.85589778274809,0.888117715216086,0.049339873067560325,2.709893681073969,0.018207309538434083,45.0,0.0
0_758,25819014#0,96606465,16,41.09637137649532,16.8615997833262,41.09637979984023,16.861535604961926,41.09320904205983,16.86036794969964,41.093226008438016,16.859824905081403,0.6095890527691901,0.03809931579807438,2.709893681073969,0.01405933969445439,45.0,0.0
0_759,25819014#5,-131752097#1,13,41.095786241509785,16.861249392050773,41.09577203818025,16.86132567064774,41.09628587040379,16.863506396736675,41.09627339570725,16.863759660301465,0.7062757405833795,0.05432890312179842,3.282063985947004,0.016553273596865117,45.0,0.0
0_760,25819014#5,-25654991#0,23,41.095786241509785,16.861249392050773,41.09577203818025,16.86132567064774,41.09267829914716,16.854073630954087,41.09207574955028,16.85389154719994,0.8064316803366021,0.03506224697115661,3.282063985947004,0.010682987023191683,45.0,0.0
0_761,25819014#5,-33831688,20,41.095786241509785,16.861249392050773,41.09577203818025,16.86132567064774,41.09717150257013,16.862346685598727,41.09717022441964,16.862141610446756,0.5921442150943566,0.02960721075471783,3.282063985947004,0.009020912109419155,45.0,0.0
0_762,25819014#5,-48874524,27,41.095786241509785,16.861249392050773,41.09577203818025,16.86132567064774,41.09782874807601,16.858422322289133,41.09720965467912,16.86010828803053,0.7728158838274026,0.02862281051212602,3.282063985947004,0.008720978821461708,45.0,0.0
0_763,25819014#5,-50077954,22,41.095786241509785,16.861249392050773,41.09577203818025,16.86132567064774,41.09590934506375,16.85589778274809,41.094481033476846,16.855484180652265,0.5551731292844042,0.02523514224020019,3.282063985947004,0.007688802640122467,45.0,0.0
0_764,25819014#5,-50370694#0,12,41.095786241509785,16.861249392050773,41.09577203818025,16.86132567064774,41.09390877175432,16.860555577386883,41.09389978504193,16.86089441913475,0.7757020163808364,0.06464183469840303,3.282063985947004,0.019695482774005492,45.0,0.0
0_765,25819014#5,114953453#6,28,41.095786241509785,16.861249392050773,41.09577203818025,16.86132567064774,41.09289989869124,16.857979997773366,41.09252833667128,16.85806965698529,0.5207672443388651,0.01859883015495947,3.282063985947004,0.005666809128217827,45.0,0.0
0_766,25819014#5,1223050325#0,3,41.095786241509785,16.861249392050773,41.09577203818025,16.86132567064774,41.09575898407665,16.861403291409037,41.09578940828096,16.861627521735652,0.7772388861048052,0.2590796287016017,3.282063985947004,0.07893801882319096,45.0,0.0
0_767,25819014#5,1223050326,2,41.095786241509785,16.861249392050773,41.09577203818025,16.86132567064774,41.09577203818025,16.86132567064774,41.09575898407665,16.861403291409037,0.6601040881311231,0.33005204406556155,3.282063985947004,0.10056234292773199,45.0,0.0
0_768,25819014#5,1226960836#1,25,41.095786241509785,16.861249392050773,41.09577203818025,16.86132567064774,41.09326327598272,16.856459442663375,41.09325705252129,16.85653261037847,0.886613046196931,0.03546452184787724,3.282063985947004,0.010805554675267653,45.0,0.0
0_769,25819014#5,131750844#7,6,41.095786241509785,16.861249392050773,41.09577203818025,16.86132567064774,41.09588692434208,16.86204201283392,41.096023183819085,16.86206015013157,0.9560491773418206,0.1593415295569701,3.282063985947004,0.048549184366676455,45.0,0.0
0_770,25819014#5,131750844#8,7,41.095786241509785,16.861249392050773,41.09577203818025,16.86132567064774,41.096023183819085,16.86206015013157,41.09607053280287,16.862073156374553,0.6787768838998445,0.09696812627140634,3.282063985947004,0.029544861613484737,45.0,0.0
0_771,25819014#5,131750844#9,8,41.095786241509785,16.861249392050773,41.09577203818025,16.86132567064774,41.09607053280287,16.862073156374553,41.09624619327664,16.862345189534487,0.9718460630752326,0.12148075788440407,3.282063985947004,0.0370135251489779,45.0,0.0
0_772,25819014#5,131750850#0,8,41.095786241509785,16.861249392050773,41.09577203818025,16.86132567064774,41.09406666971318,16.861809974981103,41.09374076152227,16.861733142040123,0.8750652449890363,0.10938315562362953,3.282063985947004,0.0333275512275146,45.0,0.0
0_773,25819014#5,131750853#0,5,41.095786241509785,16.861249392050773,41.09577203818025,16.86132567064774,41.09428507077666,16.861822930016572,41.094248634240174,16.861820234016683,0.9435297993861758,0.18870595987723515,3.282063985947004,0.05749612459879758,45.0,0.0
0_774,25819014#5,131750853#2,7,41.095786241509785,16.861249392050773,41.09577203818025,16.86132567064774,41.09422326217536,16.861818445841735,41.09406666971318,16.861809974981103,0.5753702368254878,0.08219574811792683,3.282063985947004,0.025043920066722933,45.0,0.0
0_775,25819014#5,131752095#2,17,41.095786241509785,16.861249392050773,41.09577203818025,16.86132567064774,41.09606913880409,16.857384087393385,41.09607773810893,16.85711333011326,0.7738320056924948,0.04551952974661734,3.282063985947004,0.013869178035992243,45.0,0.0
0_776,25819014#5,25817423#3,16,41.095786241509785,16.861249392050773,41.09577203818025,16.86132567064774,41.093433790346566,16.855687830843742,41.09352569242476,16.85465158647345,0.7934595653219579,0.04959122283262237,3.282063985947004,0.015109767221163228,45.0,0.0
0_777,25819014#5,25817735#2,26,41.095786241509785,16.861249392050773,41.09577203818025,16.86132567064774,41.09257525037648,16.866055037799217,41.08991586912939,16.865878687144406,0.664005196334737,0.025538661397489885,3.282063985947004,0.007781280775402366,45.0,0.0
0_778,25819014#5,25819014#1,7,41.095786241509785,16.861249392050773,41.09577203818025,16.86132567064774,41.09637979984023,16.861535604961926,41.096390396588056,16.86145398483175,0.6754769896448536,0.09649671280640765,3.282063985947004,0.029401228379331724,45.0,0.0
0_779,25819014#5,25819014#2,8,41.095786241509785,16.861249392050773,41.09577203818025,16.86132567064774,41.096390396588056,16.86145398483175,41.09617566373433,16.86105237527639,0.9267694180288685,0.11584617725360856,3.282063985947004,0.03529674550820264,45.0,0.0
0_780,25819014#5,25819177#2,20,41.095786241509785,16.861249392050773,41.09577203818025,16.86132567064774,41.09333584930795,16.855672929401177,41.09331846638719,16.855846153569416,0.5640306342531367,0.028201531712656838,3.282063985947004,0.008592620934085657,45.0,0.0
0_781,25819014#5,25819177#3,21,41.095786241509785,16.861249392050773,41.09577203818025,16.86132567064774,41.09331846638719,16.855846153569416,41.09330344191395,16.855984796607544,0.6867792750261427,0.03270377500124489,3.282063985947004,0.009964392876334667,45.0,0.0
0_782,25819014#5,25819177#5,23,41.095786241509785,16.861249392050773,41.09577203818025,16.86132567064774,41.09328897220411,16.85615607855325,41.093276282258536,16.856306336332803,0.5965596634803281,0.025937376673057743,3.282063985947004,0.007902763865700137,45.0,0.0
0_783,25819014#5,28279138#5,12,41.095786241509785,16.861249392050773,41.09577203818025,16.86132567064774,41.09309962997091,16.8641768999245,41.09122003932151,16.863954806076606,0.6790117752993801,0.05658431460828167,3.282063985947004,0.017240466624222402,45.0,0.0
0_784,25819014#5,28921528#2,22,41.095786241509785,16.861249392050773,41.09577203818025,16.86132567064774,41.09590934506375,16.85589778274809,41.09589464404242,16.856597607978603,0.936888077406349,0.042585821700288594,3.282063985947004,0.012975317325509397,45.0,0.0
0_785,25819014#5,28921528#8,19,41.095786241509785,16.861249392050773,41.09577203818025,16.86132567064774,41.095864883749904,16.858939789299576,41.09579879841287,16.860483307032734,0.997910187954153,0.05252158883969226,3.282063985947004,0.016002609658000842,45.0,0.0
0_786,25819014#5,30672980#0,36,41.095786241509785,16.861249392050773,41.09577203818025,16.86132567064774,41.09410258065408,16.854547680343014,41.0940220774019,16.854495884667088,0.5249385688865498,0.01458162691351527,3.282063985947004,0.004442822253298605,45.0,0.0
0_787,25819014#5,30672980#6,23,41.095786241509785,16.861249392050773,41.09577203818025,16.86132567064774,41.09290701188394,16.85345153155061,41.09274366748828,16.853398004520955,0.8902548113499891,0.038706730928260394,3.282063985947004,0.011793411430731746,45.0,0.0
0_788,25819014#5,30673346,28,41.095786241509785,16.861249392050773,41.09577203818025,16.86132567064774,41.09289989869124,16.857979997773366,41.0924620240455,16.857540225068156,0.9964627987149779,0.035587957096963496,3.282063985947004,0.010843163707149658,45.0,0.0
0_789,25819014#5,30674315#11,16,41.095786241509785,16.861249392050773,41.09577203818025,16.86132567064774,41.09762167433529,16.86078183182401,41.0975908593457,16.860854905020272,0.6816116916052513,0.042600730725328204,3.282063985947004,0.012979859901493123,45.0,0.0
0_790,25819014#5,30674315#8,28,41.095786241509785,16.861249392050773,41.09577203818025,16.86132567064774,41.09783406893447,16.85935956518292,41.09781757948696,16.860074005211207,0.8999417721546727,0.0321407775769526,3.282063985947004,0.009792855262594378,45.0,0.0
0_791,25819014#5,30674315#9,29,41.095786241509785,16.861249392050773,41.09577203818025,16.86132567064774,41.09781757948696,16.860074005211207,41.09773009884011,16.860532461562137,0.8182508576528544,0.02821554681561567,3.282063985947004,0.008596891144239645,45.0,0.0
0_792,25819014#5,30674359#4,18,41.095786241509785,16.861249392050773,41.09577203818025,16.86132567064774,41.09788351207976,16.86008527251128,41.097886790174485,16.85993247707892,0.9080801940835128,0.050448899671306266,3.282063985947004,0.01537108962144435,45.0,0.0
0_793,25819014#5,30674359#5,19,41.095786241509785,16.861249392050773,41.09577203818025,16.86132567064774,41.097886790174485,16.85993247707892,41.097887056561405,16.859358083149928,0.9813331918260754,0.05164911535926712,3.282063985947004,0.015736778923389674,45.0,0.0
0_794,25819014#5,30674385#2,13,41.095786241509785,16.861249392050773,41.09577203818025,16.86132567064774,41.09752079197923,16.86113857805688,41.097541272342,16.861158803055236,0.8022797690731367,0.06171382839024129,3.282063985947004,0.018803359305146036,45.0,0.0
0_795,25819014#5,30674948,13,41.095786241509785,16.861249392050773,41.09577203818025,16.86132567064774,41.09346290764322,16.859512259912492,41.0937563740557,16.85923859402608,0.7597945044471597,0.05844573111131998,3.282063985947004,0.017807614769721224,45.0,0.0
0_796,25819014#5,30675059#0,3,41.095786241509785,16.861249392050773,41.09577203818025,16.86132567064774,41.09575898407665,16.861403291409037,41.09556026737646,16.861799770540163,0.7175913986276138,0.23919713287587124,3.282063985947004,0.07288009432480748,45.0,0.0
0_797,25819014#5,30675059#1,4,41.095786241509785,16.861249392050773,41.09577203818025,16.86132567064774,41.09556026737646,16.861799770540163,41.09428507077666,16.861822930016572,0.5297371356254951,0.13243428390637377,3.282063985947004,0.040350914690702254,45.0,0.0
0_798,25819014#5,33831688,21,41.095786241509785,16.861249392050773,41.09577203818025,16.86132567064774,41.09717022441964,16.862141610446756,41.09717150257013,16.862346685598727,0.740343240308601,0.035254440014695285,3.282063985947004,0.010741545614481065,45.0,0.0
0_799,25819014#5,48563895#1,35,41.095786241509785,16.861249392050773,41.09577203818025,16.86132567064774,41.094497059549575,16.854662484304253,41.09459493177244,16.85467607291383,0.6414227770913864,0.018326365059753897,3.282063985947004,0.005583792740855424,45.0,0.0
0_800,25819014#5,48563902#0,10,41.095786241509785,16.861249392050773,41.09577203818025,16.86132567064774,41.093159424293006,16.861119861413044,41.092910609638544,16.861550868324073,0.9139456692518508,0.09139456692518509,3.282063985947004,0.027846674323387447,45.0,0.0
0_801,25819014#5,48874527#2,23,41.095786241509785,16.861249392050773,41.09577203818025,16.86132567064774,41.094611131446,16.86076995428607,41.09433377805168,16.860614722600705,0.6345296039846434,0.027588243651506236,3.282063985947004,0.00840576045123811,45.0,0.0
0_802,25819014#5,50077954,23,41.095786241509785,16.861249392050773,41.09577203818025,16.86132567064774,41.094481033476846,16.855484180652265,41.09590934506375,16.85589778274809,0.7813556184499812,0.033971983410868746,3.282063985947004,0.01035079863047414,45.0,0.0
0_803,25819014#5,96606465,11,41.095786241509785,16.861249392050773,41.09577203818025,16.86132567064774,41.09320904205983,16.86036794969964,41.093226008438016,16.859824905081403,0.8746194879624132,0.07951086254203757,3.282063985947004,0.02422587215925212,45.0,0.0
0_804,25819177#0,-131752097#1,18,41.093427760772734,16.854641687479678,41.0933558792264,16.855508709402194,41.09628587040379,16.863506396736675,41.09627339570725,16.863759660301465,0.7815190609957265,0.043417725610873696,1.8516271609658772,0.023448416898478312,45.0,0.0
0_805,25819177#0,-25654991#0,25,41.093427760772734,16.854641687479678,41.0933558792264,16.855508709402194,41.09267829914716,16.854073630954087,41.09207574955028,16.85389154719994,0.7840732190498017,0.031362928761992065,1.8516271609658772,0.016938036675608063,45.0,0.0
0_806,25819177#0,-33831688,25,41.093427760772734,16.854641687479678,41.0933558792264,16.855508709402194,41.09717150257013,16.862346685598727,41.09717022441964,16.862141610446756,0.7257036837931814,0.029028147351727256,1.8516271609658772,0.015677101720945323,45.0,0.0
0_807,25819177#0,-48874524,37,41.093427760772734,16.854641687479678,41.0933558792264,16.855508709402194,41.09782874807601,16.858422322289133,41.09720965467912,16.86010828803053,0.6174082784579743,0.0166867102285939,1.8516271609658772,0.009011916967068843,45.0,0.0
0_808,25819177#0,-50077954,30,41.093427760772734,16.854641687479678,41.0933558792264,16.855508709402194,41.09590934506375,16.85589778274809,41.094481033476846,16.855484180652265,0.5736884326797886,0.019122947755992954,1.8516271609658772,0.010327644873181552,45.0,0.0
0_809,25819177#0,-50370694#0,14,41.093427760772734,16.854641687479678,41.0933558792264,16.855508709402194,41.09390877175432,16.860555577386883,41.09389978504193,16.86089441913475,0.6559541863784123,0.046853870455600875,1.8516271609658772,0.02530416027768796,45.0,0.0
0_810,25819177#0,114953453#6,22,41.093427760772734,16.854641687479678,41.0933558792264,16.855508709402194,41.09289989869124,16.857979997773366,41.09252833667128,16.85806965698529,0.8059286064064014,0.03663311847301825,1.8516271609658772,0.01978428446356828,45.0,0.0
0_811,25819177#0,1223050325#0,35,41.093427760772734,16.854641687479678,41.0933558792264,16.855508709402194,41.09575898407665,16.861403291409037,41.09578940828096,16.861627521735652,0.7688834243328039,0.02196809783808011,1.8516271609658772,0.011864212353971271,45.0,0.0
0_812,25819177#0,1223050326,34,41.093427760772734,16.854641687479678,41.0933558792264,16.855508709402194,41.09577203818025,16.86132567064774,41.09575898407665,16.861403291409037,0.697464656544494,0.020513666368955706,1.8516271609658772,0.011078724054930702,45.0,0.0
0_813,25819177#0,1226960836#1,8,41.093427760772734,16.854641687479678,41.0933558792264,16.855508709402194,41.09326327598272,16.856459442663375,41.09325705252129,16.85653261037847,0.8119109240934346,0.10148886551167932,1.8516271609658772,0.054810637719711876,45.0,0.0
0_814,25819177#0,131750844#7,24,41.093427760772734,16.854641687479678,41.0933558792264,16.855508709402194,41.09588692434208,16.86204201283392,41.096023183819085,16.86206015013157,0.583072401750245,0.024294683406260207,1.8516271609658772,0.01312072101685266,45.0,0.0
0_815,25819177#0,131750844#8,25,41.093427760772734,16.854641687479678,41.0933558792264,16.855508709402194,41.096023183819085,16.86206015013157,41.09607053280287,16.862073156374553,0.9652452258255816,0.03860980903302327,1.8516271609658772,0.02085182689418045,45.0,0.0
0_816,25819177#0,131750844#9,26,41.093427760772734,16.854641687479678,41.0933558792264,16.855508709402194,41.09607053280287,16.862073156374553,41.09624619327664,16.862345189534487,0.7051986805829318,0.027123026176266607,1.8516271609658772,0.014648211447772366,45.0,0.0
0_817,25819177#0,131750850#0,40,41.093427760772734,16.854641687479678,41.0933558792264,16.855508709402194,41.09406666971318,16.861809974981103,41.09374076152227,16.861733142040123,0.9656757385103888,0.02414189346275972,1.8516271609658772,0.013038204435371544,45.0,0.0
0_818,25819177#0,131750853#0,37,41.093427760772734,16.854641687479678,41.0933558792264,16.855508709402194,41.09428507077666,16.861822930016572,41.094248634240174,16.861820234016683,0.6714879285777999,0.018148322393994595,1.8516271609658772,0.009801283312633932,45.0,0.0
0_819,25819177#0,131750853#2,39,41.093427760772734,16.854641687479678,41.0933558792264,16.855508709402194,41.09422326217536,16.861818445841735,41.09406666971318,16.861809974981103,0.9373860221364938,0.024035539029140865,1.8516271609658772,0.01298076607204392,45.0,0.0
0_820,25819177#0,131752095#2,25,41.093427760772734,16.854641687479678,41.0933558792264,16.855508709402194,41.09606913880409,16.857384087393385,41.09607773810893,16.85711333011326,0.6240234550257768,0.024960938201031072,1.8516271609658772,0.013480542264248557,45.0,0.0
0_821,25819177#0,25817423#3,18,41.093427760772734,16.854641687479678,41.0933558792264,16.855508709402194,41.093433790346566,16.855687830843742,41.09352569242476,16.85465158647345,0.9346789875902519,0.05192661042168066,1.8516271609658772,0.028043772264927148,45.0,0.0
0_822,25819177#0,25817735#2,17,41.093427760772734,16.854641687479678,41.0933558792264,16.855508709402194,41.09257525037648,16.866055037799217,41.08991586912939,16.865878687144406,0.9440982370935016,0.0555351904172648,1.8516271609658772,0.029992641924897877,45.0,0.0
0_823,25819177#0,25819014#1,29,41.093427760772734,16.854641687479678,41.0933558792264,16.855508709402194,41.09637979984023,16.861535604961926,41.096390396588056,16.86145398483175,0.9315605998568648,0.03212277930540913,1.8516271609658772,0.01734840576039763,45.0,0.0
0_824,25819177#0,25819014#2,30,41.093427760772734,16.854641687479678,41.0933558792264,16.855508709402194,41.096390396588056,16.86145398483175,41.09617566373433,16.86105237527639,0.7983411645699556,0.026611372152331853,1.8516271609658772,0.014371884747278376,45.0,0.0
0_825,25819177#0,25819177#2,3,41.093427760772734,16.854641687479678,41.0933558792264,16.855508709402194,41.09333584930795,16.855672929401177,41.09331846638719,16.855846153569416,0.8642286325159229,0.28807621083864093,1.8516271609658772,0.15558003085695163,45.0,0.0
0_826,25819177#0,25819177#3,4,41.093427760772734,16.854641687479678,41.0933558792264,16.855508709402194,41.09331846638719,16.855846153569416,41.09330344191395,16.855984796607544,0.5351747677397918,0.13379369193494794,1.8516271609658772,0.07225736085290313,45.0,0.0
0_827,25819177#0,25819177#5,6,41.093427760772734,16.854641687479678,41.0933558792264,16.855508709402194,41.09328897220411,16.85615607855325,41.093276282258536,16.856306336332803,0.608531609338754,0.10142193488979234,1.8516271609658772,0.05477449079807563,45.0,0.0
0_828,25819177#0,28279138#5,14,41.093427760772734,16.854641687479678,41.0933558792264,16.855508709402194,41.09309962997091,16.8641768999245,41.09122003932151,16.863954806076606,0.5595937986004322,0.039970985614316584,1.8516271609658772,0.021586951443003374,45.0,0.0
0_829,25819177#0,28921528#2,30,41.093427760772734,16.854641687479678,41.0933558792264,16.855508709402194,41.09590934506375,16.85589778274809,41.09589464404242,16.856597607978603,0.9031116801971536,0.030103722673238454,1.8516271609658772,0.01625798287465995,45.0,0.0
0_830,25819177#0,28921528#8,23,41.093427760772734,16.854641687479678,41.0933558792264,16.855508709402194,41.095864883749904,16.858939789299576,41.09579879841287,16.860483307032734,0.6645207094701369,0.028892204759571168,1.8516271609658772,0.015603683813160272,45.0,0.0
0_831,25819177#0,30672980#0,22,41.093427760772734,16.854641687479678,41.0933558792264,16.855508709402194,41.09410258065408,16.854547680343014,41.0940220774019,16.854495884667088,0.5069885892170345,0.02304493587350157,1.8516271609658772,0.01244577545594032,45.0,0.0
0_832,25819177#0,30672980#6,25,41.093427760772734,16.854641687479678,41.0933558792264,16.855508709402194,41.09290701188394,16.85345153155061,41.09274366748828,16.853398004520955,0.8552451369838481,0.03420980547935392,1.8516271609658772,0.018475536652588755,45.0,0.0
0_833,25819177#0,30673346,22,41.093427760772734,16.854641687479678,41.0933558792264,16.855508709402194,41.09289989869124,16.857979997773366,41.0924620240455,16.857540225068156,0.5271417988199161,0.023960990855450733,1.8516271609658772,0.01294050517327246,45.0,0.0
0_834,25819177#0,30674315#11,38,41.093427760772734,16.854641687479678,41.0933558792264,16.855508709402194,41.09762167433529,16.86078183182401,41.0975908593457,16.860854905020272,0.9822762591559302,0.02584937524094553,1.8516271609658772,0.013960356483138614,45.0,0.0
0_835,25819177#0,30674315#8,38,41.093427760772734,16.854641687479678,41.0933558792264,16.855508709402194,41.09783406893447,16.85935956518292,41.09781757948696,16.860074005211207,0.5304389317317133,0.013958919256097718,1.8516271609658772,0.007538731095744043,45.0,0.0
0_836,25819177#0,30674315#9,39,41.093427760772734,16.854641687479678,41.0933558792264,16.855508709402194,41.09781757948696,16.860074005211207,41.09773009884011,16.860532461562137,0.6663338325264128,0.017085482885292633,1.8516271609658772,0.009227280332386253,45.0,0.0
0_837,25819177#0,30674359#4,40,41.093427760772734,16.854641687479678,41.0933558792264,16.855508709402194,41.09788351207976,16.86008527251128,41.097886790174485,16.85993247707892,0.8909378024606402,0.022273445061516007,1.8516271609658772,0.012029119863362425,45.0,0.0
0_838,25819177#0,30674359#5,41,41.093427760772734,16.854641687479678,41.0933558792264,16.855508709402194,41.097886790174485,16.85993247707892,41.097887056561405,16.859358083149928,0.8883487313349688,0.021667042227682166,1.8516271609658772,0.011701622596840627,45.0,0.0
0_839,25819177#0,30674385#2,35,41.093427760772734,16.854641687479678,41.0933558792264,16.855508709402194,41.09752079197923,16.86113857805688,41.097541272342,16.861158803055236,0.944073059243135,0.026973515978375284,1.8516271609658772,0.014567466143834756,45.0,0.0
0_840,25819177#0,30674948,15,41.093427760772734,16.854641687479678,41.0933558792264,16.855508709402194,41.09346290764322,16.859512259912492,41.0937563740557,16.85923859402608,0.7850652395586396,0.05233768263724264,1.8516271609658772,0.0282657781979939,45.0,0.0
0_841,25819177#0,30675059#0,35,41.093427760772734,16.854641687479678,41.0933558792264,16.855508709402194,41.09575898407665,16.861403291409037,41.09556026737646,16.861799770540163,0.5725138728826387,0.016357539225218248,1.8516271609658772,0.008834143055390023,45.0,0.0
0_842,25819177#0,30675059#1,36,41.093427760772734,16.854641687479678,41.0933558792264,16.855508709402194,41.09556026737646,16.861799770540163,41.09428507077666,16.861822930016572,0.510361243689241,0.014176701213590026,1.8516271609658772,0.007656347623565283,45.0,0.0
0_843,25819177#0,33831688,26,41.093427760772734,16.854641687479678,41.0933558792264,16.855508709402194,41.09717022441964,16.862141610446756,41.09717150257013,16.862346685598727,0.5653231084218214,0.021743196477762364,1.8516271609658772,0.011742750882105395,45.0,0.0
0_844,25819177#0,48563895#1,24,41.093427760772734,16.854641687479678,41.0933558792264,16.855508709402194,41.094497059549575,16.854662484304253,41.09459493177244,16.85467607291383,0.8221666226386982,0.03425694260994576,1.8516271609658772,0.018500993791901427,45.0,0.0
0_845,25819177#0,48563902#0,12,41.093427760772734,16.854641687479678,41.0933558792264,16.855508709402194,41.093159424293006,16.861119861413044,41.092910609638544,16.861550868324073,0.805996115346005,0.06716634294550042,1.8516271609658772,0.03627422645413344,45.0,0.0
0_846,25819177#0,48874527#2,27,41.093427760772734,16.854641687479678,41.0933558792264,16.855508709402194,41.094611131446,16.86076995428607,41.09433377805168,16.860614722600705,0.9207076630766304,0.034100283817652975,1.8516271609658772,0.01841638777855527,45.0,0.0
0_847,25819177#0,50077954,31,41.093427760772734,16.854641687479678,41.0933558792264,16.855508709402194,41.094481033476846,16.855484180652265,41.09590934506375,16.85589778274809,0.659035335627416,0.021259204375077934,1.8516271609658772,0.011481363431711786,45.0,0.0
0_848,25819177#0,96606465,13,41.093427760772734,16.854641687479678,41.0933558792264,16.855508709402194,41.09320904205983,16.86036794969964,41.093226008438016,16.859824905081403,0.5766899026133288,0.04436076173948683,1.8516271609658772,0.02395771820302453,45.0,0.0
0_849,25819177#5,-131752097#1,13,41.09328897220411,16.85615607855325,41.093276282258536,16.856306336332803,41.09628587040379,16.863506396736675,41.09627339570725,16.863759660301465,0.6623098805035039,0.05094691388488492,1.975847129368309,0.02578484596689065,44.0,52.0
0_850,25819177#5,-25654991#0,20,41.09328897220411,16.85615607855325,41.093276282258536,16.856306336332803,41.09267829914716,16.854073630954087,41.09207574955028,16.85389154719994,0.7639933708853368,0.038199668544266846,1.975847129368309,0.0193333117610569,44.0,52.0
0_851,25819177#5,-33831688,20,41.09328897220411,16.85615607855325,41.093276282258536,16.856306336332803,41.09717150257013,16.862346685598727,41.09717022441964,16.862141610446756,0.955755176947948,0.0477877588473974,1.975847129368309,0.02418595960036415,44.0,52.0
0_852,25819177#5,-48874524,32,41.09328897220411,16.85615607855325,41.093276282258536,16.856306336332803,41.09782874807601,16.858422322289133,41.09720965467912,16.86010828803053,0.616720168837781,0.019272505276180657,1.975847129368309,0.009754046752767863,44.0,52.0
0_853,25819177#5,-50077954,25,41.09328897220411,16.85615607855325,41.093276282258536,16.856306336332803,41.09590934506375,16.85589778274809,41.094481033476846,16.855484180652265,0.5307716839090788,0.02123086735636315,1.975847129368309,0.010745197359044065,44.0,52.0
0_854,25819177#5,-50370694#0,9,41.09328897220411,16.85615607855325,41.093276282258536,16.856306336332803,41.09390877175432,16.860555577386883,41.09389978504193,16.86089441913475,0.770404166212304,0.08560046291247822,1.975847129368309,0.04332342398363847,44.0,52.0
0_855,25819177#5,114953453#6,17,41.09328897220411,16.85615607855325,41.093276282258536,16.856306336332803,41.09289989869124,16.857979997773366,41.09252833667128,16.85806965698529,0.5376270823143638,0.031625122489080226,1.975847129368309,0.016005854916109313,44.0,52.0
0_856,25819177#5,1223050325#0,30,41.09328897220411,16.85615607855325,41.093276282258536,16.856306336332803,41.09575898407665,16.861403291409037,41.09578940828096,16.861627521735652,0.7167563224036919,0.023891877413456396,1.975847129368309,0.012091966558715897,44.0,52.0
0_857,25819177#5,1223050326,29,41.09328897220411,16.85615607855325,41.093276282258536,16.856306336332803,41.09577203818025,16.86132567064774,41.09575898407665,16.861403291409037,0.9415436388352009,0.03246702202880003,1.975847129368309,0.016431950400525138,44.0,52.0
0_858,25819177#5,1226960836#1,3,41.09328897220411,16.85615607855325,41.093276282258536,16.856306336332803,41.09326327598272,16.856459442663375,41.09325705252129,16.85653261037847,0.7406436852523797,0.24688122841745988,1.975847129368309,0.12494955948155229,44.0,52.0
0_859,25819177#5,131750844#7,19,41.09328897220411,16.85615607855325,41.093276282258536,16.856306336332803,41.09588692434208,16.86204201283392,41.096023183819085,16.86206015013157,0.8209938304375572,0.043210201601976694,1.975847129368309,0.021869202814182934,44.0,52.0
0_860,25819177#5,131750844#8,20,41.09328897220411,16.85615607855325,41.093276282258536,16.856306336332803,41.096023183819085,16.86206015013157,41.09607053280287,16.862073156374553,0.9837266217689953,0.04918633108844977,1.975847129368309,0.02489379383524218,44.0,52.0
0_861,25819177#5,131750844#9,21,41.09328897220411,16.85615607855325,41.093276282258536,16.856306336332803,41.09607053280287,16.862073156374553,41.09624619327664,16.862345189534487,0.5130897867615386,0.024432846988644695,1.975847129368309,0.012365757768140712,44.0,52.0
0_862,25819177#5,131750850#0,35,41.09328897220411,16.85615607855325,41.093276282258536,16.856306336332803,41.09406666971318,16.861809974981103,41.09374076152227,16.861733142040123,0.9176827254210773,0.026219506440602208,1.975847129368309,0.013270007608829916,44.0,52.0
0_863,25819177#5,131750853#0,32,41.09328897220411,16.85615607855325,41.093276282258536,16.856306336332803,41.09428507077666,16.861822930016572,41.094248634240174,16.861820234016683,0.7943045342250927,0.024822016694534148,1.975847129368309,0.012562721237684975,44.0,52.0
0_864,25819177#5,131750853#2,34,41.09328897220411,16.85615607855325,41.093276282258536,16.856306336332803,41.09422326217536,16.861818445841735,41.09406666971318,16.861809974981103,0.7308139832850657,0.021494528920148994,1.975847129368309,0.01087863964810928,44.0,52.0
0_865,25819177#5,131752095#2,20,41.09328897220411,16.85615607855325,41.093276282258536,16.856306336332803,41.09606913880409,16.857384087393385,41.09607773810893,16.85711333011326,0.9455201890651379,0.0472760094532569,1.975847129368309,0.02392695707606253,44.0,52.0
0_866,25819177#5,25817423#3,13,41.09328897220411,16.85615607855325,41.093276282258536,16.856306336332803,41.093433790346566,16.855687830843742,41.09352569242476,16.85465158647345,0.555849466771753,0.04275765129013485,1.975847129368309,0.021640161657549256,44.0,52.0
0_867,25819177#5,25817735#2,12,41.09328897220411,16.85615607855325,41.093276282258536,16.856306336332803,41.09257525037648,16.866055037799217,41.08991586912939,16.865878687144406,0.761273622958838,0.06343946857990317,1.975847129368309,0.03210747817326595,44.0,52.0
0_868,25819177#5,25819014#1,24,41.09328897220411,16.85615607855325,41.093276282258536,16.856306336332803,41.09637979984023,16.861535604961926,41.096390396588056,16.86145398483175,0.847209389688062,0.035300391237002585,1.975847129368309,0.01786595263991316,44.0,52.0
0_869,25819177#5,25819014#2,25,41.09328897220411,16.85615607855325,41.093276282258536,16.856306336332803,41.096390396588056,16.86145398483175,41.09617566373433,16.86105237527639,0.6784294432220375,0.0271371777288815,1.975847129368309,0.013734452086663925,44.0,52.0
0_870,25819177#5,25819177#2,17,41.09328897220411,16.85615607855325,41.093276282258536,16.856306336332803,41.09333584930795,16.855672929401177,41.09331846638719,16.855846153569416,0.9902543848006642,0.058250257929450835,1.975847129368309,0.029481156241107486,44.0,52.0
0_871,25819177#5,25819177#3,18,41.09328897220411,16.85615607855325,41.093276282258536,16.856306336332803,41.09331846638719,16.855846153569416,41.09330344191395,16.855984796607544,0.6305996596045522,0.03503331442247512,1.975847129368309,0.017730781851364934,44.0,52.0
0_872,25819177#5,28279138#5,9,41.09328897220411,16.85615607855325,41.093276282258536,16.856306336332803,41.09309962997091,16.8641768999245,41.09122003932151,16.863954806076606,0.9498587638845712,0.10553986265384124,1.975847129368309,0.05341499404743069,44.0,52.0
0_873,25819177#5,28921528#2,25,41.09328897220411,16.85615607855325,41.093276282258536,16.856306336332803,41.09590934506375,16.85589778274809,41.09589464404242,16.856597607978603,0.6255747038302664,0.025022988153210655,1.975847129368309,0.01266443531044361,44.0,52.0
0_874,25819177#5,28921528#8,18,41.09328897220411,16.85615607855325,41.093276282258536,16.856306336332803,41.095864883749904,16.858939789299576,41.09579879841287,16.860483307032734,0.703517186677738,0.03908428814876322,1.975847129368309,0.019781028384143622,44.0,52.0
0_875,25819177#5,30672980#0,17,41.09328897220411,16.85615607855325,41.093276282258536,16.856306336332803,41.09410258065408,16.854547680343014,41.0940220774019,16.854495884667088,0.6788840688582203,0.039934356991660015,1.975847129368309,0.020211258451167367,44.0,52.0
0_876,25819177#5,30672980#6,20,41.09328897220411,16.85615607855325,41.093276282258536,16.856306336332803,41.09290701188394,16.85345153155061,41.09274366748828,16.853398004520955,0.9270264579436105,0.046351322897180525,1.975847129368309,0.023458962086808477,44.0,52.0
0_877,25819177#5,30673346,17,41.09328897220411,16.85615607855325,41.093276282258536,16.856306336332803,41.09289989869124,16.857979997773366,41.0924620240455,16.857540225068156,0.5581463823511572,0.032832140138303365,1.975847129368309,0.016616741067817332,44.0,52.0
0_878,25819177#5,30674315#11,33,41.09328897220411,16.85615607855325,41.093276282258536,16.856306336332803,41.09762167433529,16.86078183182401,41.0975908593457,16.860854905020272,0.5392366839985598,0.016340505575713937,1.975847129368309,0.008270126434800703,44.0,52.0
0_879,25819177#5,30674315#8,33,41.09328897220411,16.85615607855325,41.093276282258536,16.856306336332803,41.09783406893447,16.85935956518292,41.09781757948696,16.860074005211207,0.6217122685057788,0.018839765712296327,1.975847129368309,0.009535032053982598,44.0,52.0
0_880,25819177#5,30674315#9,34,41.09328897220411,16.85615607855325,41.093276282258536,16.856306336332803,41.09781757948696,16.860074005211207,41.09773009884011,16.860532461562137,0.5679661674667175,0.016704887278432865,1.975847129368309,0.008454544397760937,44.0,52.0
0_881,25819177#5,30674359#4,35,41.09328897220411,16.85615607855325,41.093276282258536,16.856306336332803,41.09788351207976,16.86008527251128,41.097886790174485,16.85993247707892,0.7438080686051023,0.02125165910300292,1.975847129368309,0.010755720312126177,44.0,52.0
0_882,25819177#5,30674359#5,36,41.09328897220411,16.85615607855325,41.093276282258536,16.856306336332803,41.097886790174485,16.85993247707892,41.097887056561405,16.859358083149928,0.5363056767881851,0.014897379910782918,1.975847129368309,0.007539743176156399,44.0,52.0
0_883,25819177#5,30674385#2,30,41.09328897220411,16.85615607855325,41.093276282258536,16.856306336332803,41.09752079197923,16.86113857805688,41.097541272342,16.861158803055236,0.5140941769235126,0.017136472564117086,1.975847129368309,0.008672974902464102,44.0,52.0
0_884,25819177#5,30674948,10,41.09328897220411,16.85615607855325,41.093276282258536,16.856306336332803,41.09346290764322,16.859512259912492,41.0937563740557,16.85923859402608,0.9399871528154362,0.09399871528154363,1.975847129368309,0.0475738805317371,44.0,52.0
0_885,25819177#5,30675059#0,30,41.09328897220411,16.85615607855325,41.093276282258536,16.856306336332803,41.09575898407665,16.861403291409037,41.09556026737646,16.861799770540163,0.8219363671115222,0.027397878903717407,1.975847129368309,0.013866396087270519,44.0,52.0
0_886,25819177#5,30675059#1,31,41.09328897220411,16.85615607855325,41.093276282258536,16.856306336332803,41.09556026737646,16.861799770540163,41.09428507077666,16.861822930016572,0.7607209308797045,0.02453938486708724,1.975847129368309,0.01241967786998412,44.0,52.0
0_887,25819177#5,33831688,21,41.09328897220411,16.85615607855325,41.093276282258536,16.856306336332803,41.09717022441964,16.862141610446756,41.09717150257013,16.862346685598727,0.5579665201762887,0.026569834294108984,1.975847129368309,0.013447312749647555,44.0,52.0
0_888,25819177#5,48563895#1,19,41.09328897220411,16.85615607855325,41.093276282258536,16.856306336332803,41.094497059549575,16.854662484304253,41.09459493177244,16.85467607291383,0.6316599361233148,0.03324525979596394,1.975847129368309,0.016825825896051312,44.0,52.0
0_889,25819177#5,48563902#0,7,41.09328897220411,16.85615607855325,41.093276282258536,16.856306336332803,41.093159424293006,16.861119861413044,41.092910609638544,16.861550868324073,0.7703605236469444,0.11005150337813491,1.975847129368309,0.055698389689347615,44.0,52.0
0_890,25819177#5,48874527#2,22,41.09328897220411,16.85615607855325,41.093276282258536,16.856306336332803,41.094611131446,16.86076995428607,41.09433377805168,16.860614722600705,0.9334092768577278,0.04242769440262399,1.975847129368309,0.02147316650766823,44.0,52.0
0_891,25819177#5,50077954,26,41.09328897220411,16.85615607855325,41.093276282258536,16.856306336332803,41.094481033476846,16.855484180652265,41.09590934506375,16.85589778274809,0.744401861953078,0.028630840844349154,1.975847129368309,0.014490412956949061,44.0,52.0
0_892,25819177#5,96606465,8,41.09328897220411,16.85615607855325,41.093276282258536,16.856306336332803,41.09320904205983,16.86036794969964,41.093226008438016,16.859824905081403,0.788698071421165,0.09858725892764562,1.975847129368309,0.04989619766746054,44.0,52.0
0_893,28921530#1,-131752097#1,9,41.09319629011202,16.857407442131418,41.09313477092999,16.860354304644414,41.09628587040379,16.863506396736675,41.09627339570725,16.863759660301465,0.5468269829953991,0.06075855366615546,2.5411170668783702,0.023910174961279597,45.0,0.0
0_894,28921530#1,-25654991#0,16,41.09319629011202,16.857407442131418,41.09313477092999,16.860354304644414,41.09267829914716,16.854073630954087,41.09207574955028,16.85389154719994,0.9623564923437415,0.060147280771483846,2.5411170668783702,0.02366962213408438,45.0,0.0
0_895,28921530#1,-33831688,16,41.09319629011202,16.857407442131418,41.09313477092999,16.860354304644414,41.09717150257013,16.862346685598727,41.09717022441964,16.862141610446756,0.8515441851840144,0.0532215115740009,2.5411170668783702,0.0209441399877656,45.0,0.0
0_896,28921530#1,-48874524,28,41.09319629011202,16.857407442131418,41.09313477092999,16.860354304644414,41.09782874807601,16.858422322289133,41.09720965467912,16.86010828803053,0.7822389183350172,0.027937104226250613,2.5411170668783702,0.01099402486819306,45.0,0.0
0_897,28921530#1,-50077954,21,41.09319629011202,16.857407442131418,41.09313477092999,16.860354304644414,41.09590934506375,16.85589778274809,41.094481033476846,16.855484180652265,0.8185982473708452,0.0389808689224212,2.5411170668783702,0.0153400523850352,45.0,0.0
0_898,28921530#1,-50370694#0,5,41.09319629011202,16.857407442131418,41.09313477092999,16.860354304644414,41.09390877175432,16.860555577386883,41.09389978504193,16.86089441913475,0.8527318418108695,0.1705463683621739,2.5411170668783702,0.06711472312123,45.0,0.0
0_899,28921530#1,114953453#6,13,41.09319629011202,16.857407442131418,41.09313477092999,16.860354304644414,41.09289989869124,16.857979997773366,41.09252833667128,16.85806965698529,0.7589366987371493,0.0583797460567038,2.5411170668783702,0.022974048231638643,45.0,0.0
0_900,28921530#1,1223050325#0,26,41.09319629011202,16.857407442131418,41.09313477092999,16.860354304644414,41.09575898407665,16.861403291409037,41.09578940828096,16.861627521735652,0.851270863391614,0.032741187053523614,2.5411170668783702,0.012884564619348471,45.0,0.0
0_901,28921530#1,1223050326,25,41.09319629011202,16.857407442131418,41.09313477092999,16.860354304644414,41.09577203818025,16.86132567064774,41.09575898407665,16.861403291409037,0.879222983769743,0.03516891935078972,2.5411170668783702,0.013839944569729288,45.0,0.0
0_902,28921530#1,1226960836#1,18,41.09319629011202,16.857407442131418,41.09313477092999,16.860354304644414,41.09326327598272,16.856459442663375,41.09325705252129,16.85653261037847,0.8667465379916215,0.04815258544397897,2.5411170668783702,0.01894937705610388,45.0,0.0
0_903,28921530#1,131750844#7,15,41.09319629011202,16.857407442131418,41.09313477092999,16.860354304644414,41.09588692434208,16.86204201283392,41.096023183819085,16.86206015013157,0.8989800866010392,0.059932005773402616,2.5411170668783702,0.023584905455389334,45.0,0.0
0_904,28921530#1,131750844#8,16,41.09319629011202,16.857407442131418,41.09313477092999,16.860354304644414,41.096023183819085,16.86206015013157,41.09607053280287,16.862073156374553,0.8160660857361652,0.05100413035851033,2.5411170668783702,0.02007153901853339,45.0,0.0
0_905,28921530#1,131750844#9,17,41.09319629011202,16.857407442131418,41.09313477092999,16.860354304644414,41.09607053280287,16.862073156374553,41.09624619327664,16.862345189534487,0.6470028085877902,0.03805898874045825,2.5411170668783702,0.014977266980939109,45.0,0.0
0_906,28921530#1,131750850#0,31,41.09319629011202,16.857407442131418,41.09313477092999,16.860354304644414,41.09406666971318,16.861809974981103,41.09374076152227,16.861733142040123,0.759957815658175,0.024514768247037903,2.5411170668783702,0.009647240800736905,45.0,0.0
0_907,28921530#1,131750853#0,28,41.09319629011202,16.857407442131418,41.09313477092999,16.860354304644414,41.09428507077666,16.861822930016572,41.094248634240174,16.861820234016683,0.8715823982105024,0.03112794279323223,2.5411170668783702,0.012249708287336515,45.0,0.0
0_908,28921530#1,131750853#2,30,41.09319629011202,16.857407442131418,41.09313477092999,16.860354304644414,41.09422326217536,16.861818445841735,41.09406666971318,16.861809974981103,0.7398555609870532,0.024661852032901773,2.5411170668783702,0.009705122347313803,45.0,0.0
0_909,28921530#1,131752095#2,16,41.09319629011202,16.857407442131418,41.09313477092999,16.860354304644414,41.09606913880409,16.857384087393385,41.09607773810893,16.85711333011326,0.9394017797534684,0.058712611234591774,2.5411170668783702,0.023105039905429132,45.0,0.0
0_910,28921530#1,25817423#3,9,41.09319629011202,16.857407442131418,41.09313477092999,16.860354304644414,41.093433790346566,16.855687830843742,41.09352569242476,16.85465158647345,0.9299955030008604,0.10333283366676227,2.5411170668783702,0.040664334207042754,45.0,0.0
0_911,28921530#1,25817735#2,8,41.09319629011202,16.857407442131418,41.09313477092999,16.860354304644414,41.09257525037648,16.866055037799217,41.08991586912939,16.865878687144406,0.5095522893011539,0.06369403616264424,2.5411170668783702,0.025065368688774754,45.0,0.0
0_912,28921530#1,25819014#1,20,41.09319629011202,16.857407442131418,41.09313477092999,16.860354304644414,41.09637979984023,16.861535604961926,41.096390396588056,16.86145398483175,0.5396434089884276,0.02698217044942138,2.5411170668783702,0.01061823195834404,45.0,0.0
0_913,28921530#1,25819014#2,21,41.09319629011202,16.857407442131418,41.09313477092999,16.860354304644414,41.096390396588056,16.86145398483175,41.09617566373433,16.86105237527639,0.6957414299469914,0.033130544283190067,2.5411170668783702,0.013037787481349379,45.0,0.0
0_914,28921530#1,25819177#2,13,41.09319629011202,16.857407442131418,41.09313477092999,16.860354304644414,41.09333584930795,16.855672929401177,41.09331846638719,16.855846153569416,0.5503255425576905,0.04233273404289927,2.5411170668783702,0.01665910421628187,45.0,0.0
0_915,28921530#1,25819177#3,14,41.09319629011202,16.857407442131418,41.09313477092999,16.860354304644414,41.09331846638719,16.855846153569416,41.09330344191395,16.855984796607544,0.7489598702347853,0.05349713358819894,2.5411170668783702,0.021052604889989338,45.0,0.0
0_916,28921530#1,25819177#5,16,41.09319629011202,16.857407442131418,41.09313477092999,16.860354304644414,41.09328897220411,16.85615607855325,41.093276282258536,16.856306336332803,0.7797659558723018,0.04873537224201886,2.5411170668783702,0.019178719814702486,45.0,0.0
0_917,28921530#1,28279138#5,5,41.09319629011202,16.857407442131418,41.09313477092999,16.860354304644414,41.09309962997091,16.8641768999245,41.09122003932151,16.863954806076606,0.5454559510619674,0.1090911902123935,2.5411170668783702,0.04293040711674348,45.0,0.0
0_918,28921530#1,28921528#2,21,41.09319629011202,16.857407442131418,41.09313477092999,16.860354304644414,41.09590934506375,16.85589778274809,41.09589464404242,16.856597607978603,0.908369027247619,0.04325566796417233,2.5411170668783702,0.017022304296003828,45.0,0.0
0_919,28921530#1,28921528#8,14,41.09319629011202,16.857407442131418,41.09313477092999,16.860354304644414,41.095864883749904,16.858939789299576,41.09579879841287,16.860483307032734,0.5310146110584889,0.03792961507560635,2.5411170668783702,0.014926354857866073,45.0,0.0
0_920,28921530#1,30672980#0,13,41.09319629011202,16.857407442131418,41.09313477092999,16.860354304644414,41.09410258065408,16.854547680343014,41.0940220774019,16.854495884667088,0.711436391325645,0.054725876255818845,2.5411170668783702,0.0215361491877455,45.0,0.0
0_921,28921530#1,30672980#6,16,41.09319629011202,16.857407442131418,41.09313477092999,16.860354304644414,41.09290701188394,16.85345153155061,41.09274366748828,16.853398004520955,0.6545711152327282,0.04091069470204551,2.5411170668783702,0.016099492319848988,45.0,0.0
0_922,28921530#1,30673346,13,41.09319629011202,16.857407442131418,41.09313477092999,16.860354304644414,41.09289989869124,16.857979997773366,41.0924620240455,16.857540225068156,0.9750750701186577,0.07500577462451213,2.5411170668783702,0.029516851310062948,45.0,0.0
0_923,28921530#1,30674315#11,29,41.09319629011202,16.857407442131418,41.09313477092999,16.860354304644414,41.09762167433529,16.86078183182401,41.0975908593457,16.860854905020272,0.7325316637985535,0.025259712544777706,2.5411170668783702,0.009940397030117131,45.0,0.0
0_924,28921530#1,30674315#8,29,41.09319629011202,16.857407442131418,41.09313477092999,16.860354304644414,41.09783406893447,16.85935956518292,41.09781757948696,16.860074005211207,0.5889297413502755,0.020307922115526744,2.5411170668783702,0.007991730243453114,45.0,0.0
0_925,28921530#1,30674315#9,30,41.09319629011202,16.857407442131418,41.09313477092999,16.860354304644414,41.09781757948696,16.860074005211207,41.09773009884011,16.860532461562137,0.7096287268745343,0.02365429089581781,2.5411170668783702,0.009308619112489718,45.0,0.0
0_926,28921530#1,30674359#4,31,41.09319629011202,16.857407442131418,41.09313477092999,16.860354304644414,41.09788351207976,16.86008527251128,41.097886790174485,16.85993247707892,0.5443346216822373,0.017559181344588302,2.5411170668783702,0.00691002456103246,45.0,0.0
0_927,28921530#1,30674359#5,32,41.09319629011202,16.857407442131418,41.09313477092999,16.860354304644414,41.097886790174485,16.85993247707892,41.097887056561405,16.859358083149928,0.9153868325729402,0.02860583851790438,2.5411170668783702,0.011257190347804464,45.0,0.0
0_928,28921530#1,30674385#2,26,41.09319629011202,16.857407442131418,41.09313477092999,16.860354304644414,41.09752079197923,16.86113857805688,41.097541272342,16.861158803055236,0.839444251433914,0.03228631736284285,2.5411170668783702,0.012705560788076916,45.0,0.0
0_929,28921530#1,30674948,6,41.09319629011202,16.857407442131418,41.09313477092999,16.860354304644414,41.09346290764322,16.859512259912492,41.0937563740557,16.85923859402608,0.801675204797103,0.13361253413285049,2.5411170668783702,0.05258023562723402,45.0,0.0
0_930,28921530#1,30675059#0,26,41.09319629011202,16.857407442131418,41.09313477092999,16.860354304644414,41.09575898407665,16.861403291409037,41.09556026737646,16.861799770540163,0.7227564206732437,0.027798323872047837,2.5411170668783702,0.010939410952127691,45.0,0.0
0_931,28921530#1,30675059#1,27,41.09319629011202,16.857407442131418,41.09313477092999,16.860354304644414,41.09556026737646,16.861799770540163,41.09428507077666,16.861822930016572,0.7127345990071602,0.026397577741005932,2.5411170668783702,0.01038817852395678,45.0,0.0
0_932,28921530#1,33831688,17,41.09319629011202,16.857407442131418,41.09313477092999,16.860354304644414,41.09717022441964,16.862141610446756,41.09717150257013,16.862346685598727,0.7629172722860228,0.04487748660506016,2.5411170668783702,0.017660534884443482,45.0,0.0
0_933,28921530#1,48563895#1,15,41.09319629011202,16.857407442131418,41.09313477092999,16.860354304644414,41.094497059549575,16.854662484304253,41.09459493177244,16.85467607291383,0.5851202180897535,0.0390080145393169,2.5411170668783702,0.015350734937700531,45.0,0.0
0_934,28921530#1,48563902#0,3,41.09319629011202,16.857407442131418,41.09313477092999,16.860354304644414,41.093159424293006,16.861119861413044,41.092910609638544,16.861550868324073,0.9121546451153886,0.30405154837179615,2.5411170668783702,0.11965271192535322,45.0,0.0
0_935,28921530#1,48874527#2,18,41.09319629011202,16.857407442131418,41.09313477092999,16.860354304644414,41.094611131446,16.86076995428607,41.09433377805168,16.860614722600705,0.9717526420427528,0.053986257891264045,2.5411170668783702,0.021245088860696742,45.0,0.0
0_936,28921530#1,50077954,22,41.09319629011202,16.857407442131418,41.09313477092999,16.860354304644414,41.094481033476846,16.855484180652265,41.09590934506375,16.85589778274809,0.5341396650951356,0.024279075686142525,2.5411170668783702,0.0095544892451445,45.0,0.0
0_937,28921530#1,96606465,4,41.09319629011202,16.857407442131418,41.09313477092999,16.860354304644414,41.09320904205983,16.86036794969964,41.093226008438016,16.859824905081403,0.5310516695205112,0.1327629173801278,2.5411170668783702,0.05224588788552749,45.0,0.0
0_938,30655445#1,-131752097#1,6,41.09316010498916,16.865509972679483,41.09309962997091,16.8641768999245,41.09628587040379,16.863506396736675,41.09627339570725,16.863759660301465,0.6984571517007179,0.11640952528345297,2.7278550044192063,0.04267438155432238,45.0,0.0
0_939,30655445#1,-25654991#0,18,41.09316010498916,16.865509972679483,41.09309962997091,16.8641768999245,41.09267829914716,16.854073630954087,41.09207574955028,16.85389154719994,0.9453031038049456,0.052516839100274756,2.7278550044192063,0.01925206398990999,45.0,0.0
0_940,30655445#1,-33831688,13,41.09316010498916,16.865509972679483,41.09309962997091,16.8641768999245,41.09717150257013,16.862346685598727,41.09717022441964,16.862141610446756,0.7964695978105092,0.06126689213926994,2.7278550044192063,0.022459731928572358,45.0,0.0
0_941,30655445#1,-48874524,37,41.09316010498916,16.865509972679483,41.09309962997091,16.8641768999245,41.09782874807601,16.858422322289133,41.09720965467912,16.86010828803053,0.878138873741219,0.023733483074087,2.7278550044192063,0.008700419573488346,45.0,0.0
0_942,30655445#1,-50077954,23,41.09316010498916,16.865509972679483,41.09309962997091,16.8641768999245,41.09590934506375,16.85589778274809,41.094481033476846,16.855484180652265,0.6037142393774382,0.026248445190323398,2.7278550044192063,0.009622375510355255,45.0,0.0
0_943,30655445#1,-50370694#0,7,41.09316010498916,16.865509972679483,41.09309962997091,16.8641768999245,41.09390877175432,16.860555577386883,41.09389978504193,16.86089441913475,0.9191322769953725,0.1313046109993389,2.7278550044192063,0.04813474718657023,45.0,0.0
0_944,30655445#1,114953453#6,15,41.09316010498916,16.865509972679483,41.09309962997091,16.8641768999245,41.09289989869124,16.857979997773366,41.09252833667128,16.85806965698529,0.6649611917973517,0.04433074611982345,2.7278550044192063,0.016251137266462594,45.0,0.0
0_945,30655445#1,1223050325#0,23,41.09316010498916,16.865509972679483,41.09309962997091,16.8641768999245,41.09575898407665,16.861403291409037,41.09578940828096,16.861627521735652,0.7699350866929643,0.03347543855186801,2.7278550044192063,0.012271707439595143,45.0,0.0
0_946,30655445#1,1223050326,22,41.09316010498916,16.865509972679483,41.09309962997091,16.8641768999245,41.09577203818025,16.86132567064774,41.09575898407665,16.861403291409037,0.9298248282149125,0.04226476491885966,2.7278550044192063,0.015493772524708785,45.0,0.0
0_947,30655445#1,1226960836#1,20,41.09316010498916,16.865509972679483,41.09309962997091,16.8641768999245,41.09326327598272,16.856459442663375,41.09325705252129,16.85653261037847,0.8475595538874134,0.042377977694370676,2.7278550044192063,0.01553527501488059,45.0,0.0
0_948,30655445#1,131750844#7,12,41.09316010498916,16.865509972679483,41.09309962997091,16.8641768999245,41.09588692434208,16.86204201283392,41.096023183819085,16.86206015013157,0.796118980714688,0.06634324839289066,2.7278550044192063,0.024320665242621994,45.0,0.0
0_949,30655445#1,131750844#8,13,41.09316010498916,16.865509972679483,41.09309962997091,16.8641768999245,41.096023183819085,16.86206015013157,41.09607053280287,16.862073156374553,0.5265876841949089,0.04050674493806992,2.7278550044192063,0.014849302793751056,45.0,0.0
0_950,30655445#1,131750844#9,14,41.09316010498916,16.865509972679483,41.09309962997091,16.8641768999245,41.09607053280287,16.862073156374553,41.09624619327664,16.862345189534487,0.6586132408642504,0.04704380291887503,2.7278550044192063,0.017245712416042152,45.0,0.0
0_951,30655445#1,131750850#0,28,41.09316010498916,16.865509972679483,41.09309962997091,16.8641768999245,41.09406666971318,16.861809974981103,41.09374076152227,16.861733142040123,0.9932871423022718,0.035474540796509704,2.7278550044192063,0.01300455513179399,45.0,0.0
0_952,30655445#1,131750853#0,25,41.09316010498916,16.865509972679483,41.09309962997091,16.8641768999245,41.09428507077666,16.861822930016572,41.094248634240174,16.861820234016683,0.6667415214376298,0.02666966085750519,2.7278550044192063,0.009776788287610428,45.0,0.0
0_953,30655445#1,131750853#2,27,41.09316010498916,16.865509972679483,41.09309962997091,16.8641768999245,41.09422326217536,16.861818445841735,41.09406666971318,16.861809974981103,0.9749069239083665,0.03610766384845802,2.7278550044192063,0.013236650698062223,45.0,0.0
0_954,30655445#1,131752095#2,18,41.09316010498916,16.865509972679483,41.09309962997091,16.8641768999245,41.09606913880409,16.857384087393385,41.09607773810893,16.85711333011326,0.8975713988552372,0.04986507771417984,2.7278550044192063,0.018279959027659803,45.0,0.0
0_955,30655445#1,25817423#3,11,41.09316010498916,16.865509972679483,41.09309962997091,16.8641768999245,41.093433790346566,16.855687830843742,41.09352569242476,16.85465158647345,0.8250745639710428,0.07500677854282208,2.7278550044192063,0.027496614893866744,45.0,0.0
0_956,30655445#1,25817735#2,5,41.09316010498916,16.865509972679483,41.09309962997091,16.8641768999245,41.09257525037648,16.866055037799217,41.08991586912939,16.865878687144406,0.6809695130726465,0.13619390261452932,2.7278550044192063,0.04992710477422412,45.0,0.0
0_957,30655445#1,25819014#1,17,41.09316010498916,16.865509972679483,41.09309962997091,16.8641768999245,41.09637979984023,16.861535604961926,41.096390396588056,16.86145398483175,0.9471307607508646,0.05571357416181556,2.7278550044192063,0.020423949979583928,45.0,0.0
0_958,30655445#1,25819014#2,18,41.09316010498916,16.865509972679483,41.09309962997091,16.8641768999245,41.096390396588056,16.86145398483175,41.09617566373433,16.86105237527639,0.5128200156820931,0.028490000871227394,2.7278550044192063,0.010444103819694501,45.0,0.0
0_959,30655445#1,25819177#2,15,41.09316010498916,16.865509972679483,41.09309962997091,16.8641768999245,41.09333584930795,16.855672929401177,41.09331846638719,16.855846153569416,0.8786453442181329,0.05857635628120886,2.7278550044192063,0.0214734126947046,45.0,0.0
0_960,30655445#1,25819177#3,16,41.09316010498916,16.865509972679483,41.09309962997091,16.8641768999245,41.09331846638719,16.855846153569416,41.09330344191395,16.855984796607544,0.5721756804654553,0.03576098002909096,2.7278550044192063,0.013109560431605457,45.0,0.0
0_961,30655445#1,25819177#5,18,41.09316010498916,16.865509972679483,41.09309962997091,16.8641768999245,41.09328897220411,16.85615607855325,41.093276282258536,16.856306336332803,0.7639404563018066,0.042441136461211476,2.7278550044192063,0.015558428286127956,45.0,0.0
0_962,30655445#1,28279138#5,2,41.09316010498916,16.865509972679483,41.09309962997091,16.8641768999245,41.09309962997091,16.8641768999245,41.09122003932151,16.863954806076606,0.7123547478470391,0.35617737392351956,2.7278550044192063,0.130570493426704,45.0,0.0
0_963,30655445#1,28921528#2,23,41.09316010498916,16.865509972679483,41.09309962997091,16.8641768999245,41.09590934506375,16.85589778274809,41.09589464404242,16.856597607978603,0.7092859395773923,0.030838519112060533,2.7278550044192063,0.011305043362679179,45.0,0.0
0_964,30655445#1,28921528#8,16,41.09316010498916,16.865509972679483,41.09309962997091,16.8641768999245,41.095864883749904,16.858939789299576,41.09579879841287,16.860483307032734,0.9876287816233253,0.061726798851457834,2.7278550044192063,0.022628328394089344,45.0,0.0
0_965,30655445#1,30672980#0,15,41.09316010498916,16.865509972679483,41.09309962997091,16.8641768999245,41.09410258065408,16.854547680343014,41.0940220774019,16.854495884667088,0.7781816647308548,0.05187877764872365,2.7278550044192063,0.019018158063635528,45.0,0.0
0_966,30655445#1,30672980#6,18,41.09316010498916,16.865509972679483,41.09309962997091,16.8641768999245,41.09290701188394,16.85345153155061,41.09274366748828,16.853398004520955,0.7218476674144669,0.040102648189692607,2.7278550044192063,0.01470116561354072,45.0,0.0
0_967,30655445#1,30673346,15,41.09316010498916,16.865509972679483,41.09309962997091,16.8641768999245,41.09289989869124,16.857979997773366,41.0924620240455,16.857540225068156,0.8420989247563357,0.05613992831708905,2.7278550044192063,0.020580246466964224,45.0,0.0
0_968,30655445#1,30674315#11,26,41.09316010498916,16.865509972679483,41.09309962997091,16.8641768999245,41.09762167433529,16.86078183182401,41.0975908593457,16.860854905020272,0.9452317972018812,0.03635506912314928,2.7278550044192063,0.013327346601726625,45.0,0.0
0_969,30655445#1,30674315#8,38,41.09316010498916,16.865509972679483,41.09309962997091,16.8641768999245,41.09783406893447,16.85935956518292,41.09781757948696,16.860074005211207,0.6979837857859168,0.01836799436278728,2.7278550044192063,0.006733493654549301,45.0,0.0
0_970,30655445#1,30674315#9,39,41.09316010498916,16.865509972679483,41.09309962997091,16.8641768999245,41.09781757948696,16.860074005211207,41.09773009884011,16.860532461562137,0.6481977941974717,0.016620456261473633,2.7278550044192063,0.006092866459011934,45.0,0.0
0_971,30655445#1,30674359#4,28,41.09316010498916,16.865509972679483,41.09309962997091,16.8641768999245,41.09788351207976,16.86008527251128,41.097886790174485,16.85993247707892,0.8493179450793151,0.03033278375283268,2.7278550044192063,0.011119646646794887,45.0,0.0
0_972,30655445#1,30674359#5,29,41.09316010498916,16.865509972679483,41.09309962997091,16.8641768999245,41.097886790174485,16.85993247707892,41.097887056561405,16.859358083149928,0.9000527838774459,0.031036302892325722,2.7278550044192063,0.011377548602123642,45.0,0.0
0_973,30655445#1,30674385#2,23,41.09316010498916,16.865509972679483,41.09309962997091,16.8641768999245,41.09752079197923,16.86113857805688,41.097541272342,16.861158803055236,0.5724217036263415,0.02488790015766702,2.7278550044192063,0.009123615484454959,45.0,0.0
0_974,30655445#1,30674948,8,41.09316010498916,16.865509972679483,41.09309962997091,16.8641768999245,41.09346290764322,16.859512259912492,41.0937563740557,16.85923859402608,0.670344686651157,0.08379308583139462,2.7278550044192063,0.030717573219854917,45.0,0.0
0_975,30655445#1,30675059#0,23,41.09316010498916,16.865509972679483,41.09309962997091,16.8641768999245,41.09575898407665,16.861403291409037,41.09556026737646,16.861799770540163,0.6061526386426119,0.02635446254967878,2.7278550044192063,0.009661240244435194,45.0,0.0
0_976,30655445#1,30675059#1,24,41.09316010498916,16.865509972679483,41.09309962997091,16.8641768999245,41.09556026737646,16.861799770540163,41.09428507077666,16.861822930016572,0.941235304307907,0.039218137679496126,2.7278550044192063,0.014376914321311645,45.0,0.0
0_977,30655445#1,33831688,14,41.09316010498916,16.865509972679483,41.09309962997091,16.8641768999245,41.09717022441964,16.862141610446756,41.09717150257013,16.862346685598727,0.7108238523166006,0.05077313230832861,2.7278550044192063,0.01861284130794145,45.0,0.0
0_978,30655445#1,48563895#1,17,41.09316010498916,16.865509972679483,41.09309962997091,16.8641768999245,41.094497059549575,16.854662484304253,41.09459493177244,16.85467607291383,0.8318357724932021,0.048931516029011884,2.7278550044192063,0.017937726143706822,45.0,0.0
0_979,30655445#1,48563902#0,5,41.09316010498916,16.865509972679483,41.09309962997091,16.8641768999245,41.093159424293006,16.861119861413044,41.092910609638544,16.861550868324073,0.8630077491737163,0.17260154983474327,2.7278550044192063,0.06327372589639978,45.0,0.0
0_980,30655445#1,48874527#2,20,41.09316010498916,16.865509972679483,41.09309962997091,16.8641768999245,41.094611131446,16.86076995428607,41.09433377805168,16.860614722600705,0.903463387804663,0.04517316939023315,2.7278550044192063,0.016559959864820995,45.0,0.0
0_981,30655445#1,50077954,24,41.09316010498916,16.865509972679483,41.09309962997091,16.8641768999245,41.094481033476846,16.855484180652265,41.09590934506375,16.85589778274809,0.8033622503000533,0.03347342709583555,2.7278550044192063,0.012270970063147637,45.0,0.0
0_982,30655445#1,96606465,6,41.09316010498916,16.865509972679483,41.09309962997091,16.8641768999245,41.09320904205983,16.86036794969964,41.093226008438016,16.859824905081403,0.989698677645855,0.16494977960764248,2.7278550044192063,0.06046867569589254,45.0,0.0
0_983,30672530#0,-131752097#1,22,41.09231744208811,16.85425945763351,41.09318904605032,16.854441374933632,41.09628587040379,16.863506396736675,41.09627339570725,16.863759660301465,0.7804522413163468,0.035475101878015766,1.424068742536911,0.024911088080494314,45.0,0.0
0_984,30672530#0,-25654991#0,29,41.09231744208811,16.85425945763351,41.09318904605032,16.854441374933632,41.09267829914716,16.854073630954087,41.09207574955028,16.85389154719994,0.5937797587365752,0.020475164094364662,1.424068742536911,0.014377932386809593,45.0,0.0
0_985,30672530#0,-33831688,29,41.09231744208811,16.85425945763351,41.09318904605032,16.854441374933632,41.09717150257013,16.862346685598727,41.09717022441964,16.862141610446756,0.757282829521211,0.026113201017972792,1.424068742536911,0.018337036856418437,45.0,0.0
0_986,30672530#0,-48874524,41,41.09231744208811,16.85425945763351,41.09318904605032,16.854441374933632,41.09782874807601,16.858422322289133,41.09720965467912,16.86010828803053,0.8586177456630757,0.020941896235684775,1.424068742536911,0.014705677900336315,45.0,0.0
0_987,30672530#0,-50077954,34,41.09231744208811,16.85425945763351,41.09318904605032,16.854441374933632,41.09590934506375,16.85589778274809,41.094481033476846,16.855484180652265,0.8536276594665326,0.025106695866662723,1.424068742536911,0.017630255560512013,45.0,0.0
0_988,30672530#0,-50370694#0,18,41.09231744208811,16.85425945763351,41.09318904605032,16.854441374933632,41.09390877175432,16.860555577386883,41.09389978504193,16.86089441913475,0.8146459291538507,0.045258107175213926,1.424068742536911,0.03178084443774024,45.0,0.0
0_989,30672530#0,114953453#6,26,41.09231744208811,16.85425945763351,41.09318904605032,16.854441374933632,41.09289989869124,16.857979997773366,41.09252833667128,16.85806965698529,0.783051156002565,0.030117352153944812,1.424068742536911,0.021148805008030847,45.0,0.0
0_990,30672530#0,1223050325#0,39,41.09231744208811,16.85425945763351,41.09318904605032,16.854441374933632,41.09575898407665,16.861403291409037,41.09578940828096,16.861627521735652,0.750486180611792,0.019243235400302358,1.424068742536911,0.01351285568281026,45.0,0.0
0_991,30672530#0,1223050326,38,41.09231744208811,16.85425945763351,41.09318904605032,16.854441374933632,41.09577203818025,16.86132567064774,41.09575898407665,16.861403291409037,0.9404258701730472,0.024748049215080187,1.424068742536911,0.017378409114571752,45.0,0.0
0_992,30672530#0,1226960836#1,12,41.09231744208811,16.85425945763351,41.09318904605032,16.854441374933632,41.09326327598272,16.856459442663375,41.09325705252129,16.85653261037847,0.5578408053760064,0.04648673378133387,1.424068742536911,0.03264360237169447,45.0,0.0
0_993,30672530#0,131750844#7,28,41.09231744208811,16.85425945763351,41.09318904605032,16.854441374933632,41.09588692434208,16.86204201283392,41.096023183819085,16.86206015013157,0.6283648159151716,0.022441600568398983,1.424068742536911,0.015758790217121357,45.0,0.0
0_994,30672530#0,131750844#8,29,41.09231744208811,16.85425945763351,41.09318904605032,16.854441374933632,41.096023183819085,16.86206015013157,41.09607053280287,16.862073156374553,0.9608557243434408,0.03313295601184279,1.424068742536911,0.02326640212102261,45.0,0.0
0_995,30672530#0,131750844#9,30,41.09231744208811,16.85425945763351,41.09318904605032,16.854441374933632,41.09607053280287,16.862073156374553,41.09624619327664,16.862345189534487,0.9178599165563711,0.030595330551879036,1.424068742536911,0.021484447792439364,45.0,0.0
0_996,30672530#0,131750850#0,44,41.09231744208811,16.85425945763351,41.09318904605032,16.854441374933632,41.09406666971318,16.861809974981103,41.09374076152227,16.861733142040123,0.632428901189534,0.014373384117943954,1.424068742536911,0.010093181381355546,45.0,0.0
0_997,30672530#0,131750853#0,41,41.09231744208811,16.85425945763351,41.09318904605032,16.854441374933632,41.09428507077666,16.861822930016572,41.094248634240174,16.861820234016683,0.9820979678586798,0.02395360897216292,1.424068742536911,0.016820542616145552,45.0,0.0
0_998,30672530#0,131750853#2,43,41.09231744208811,16.85425945763351,41.09318904605032,16.854441374933632,41.09422326217536,16.861818445841735,41.09406666971318,16.861809974981103,0.6330629484042909,0.014722394148936998,1.424068742536911,0.010338260864226083,45.0,0.0
0_999,30672530#0,131752095#2,29,41.09231744208811,16.85425945763351,41.09318904605032,16.854441374933632,41.09606913880409,16.857384087393385,41.09607773810893,16.85711333011326,0.6316628541589049,0.02178147772961741,1.424068742536911,0.015295243185251535,45.0,0.0
0_1000,30672530#0,25817423#3,22,41.09231744208811,16.85425945763351,41.09318904605032,16.854441374933632,41.093433790346566,16.855687830843742,41.09352569242476,16.85465158647345,0.873072054894047,0.03968509340427487,1.424068742536911,0.027867400090235642,45.0,0.0
0_1001,30672530#0,25817735#2,21,41.09231744208811,16.85425945763351,41.09318904605032,16.854441374933632,41.09257525037648,16.866055037799217,41.08991586912939,16.865878687144406,0.7462720962854168,0.03553676648978175,1.424068742536911,0.024954389790534045,45.0,0.0
0_1002,30672530#0,25819014#1,33,41.09231744208811,16.85425945763351,41.09318904605032,16.854441374933632,41.09637979984023,16.861535604961926,41.096390396588056,16.86145398483175,0.5712212442826781,0.01730973467523267,1.424068742536911,0.012155125773209654,45.0,0.0
0_1003,30672530#0,25819014#2,34,41.09231744208811,16.85425945763351,41.09318904605032,16.854441374933632,41.096390396588056,16.86145398483175,41.09617566373433,16.86105237527639,0.8634417426655789,0.025395345372517027,1.424068742536911,0.01783294908030663,45.0,0.0
0_1004,30672530#0,25819177#2,7,41.09231744208811,16.85425945763351,41.09318904605032,16.854441374933632,41.09333584930795,16.855672929401177,41.09331846638719,16.855846153569416,0.7601072175778504,0.10858674536826433,1.424068742536911,0.07625105595311515,45.0,0.0
0_1005,30672530#0,25819177#3,8,41.09231744208811,16.85425945763351,41.09318904605032,16.854441374933632,41.09331846638719,16.855846153569416,41.09330344191395,16.855984796607544,0.8531336242152222,0.10664170302690278,1.424068742536911,0.07488522136714106,45.0,0.0
0_1006,30672530#0,25819177#5,10,41.09231744208811,16.85425945763351,41.09318904605032,16.854441374933632,41.09328897220411,16.85615607855325,41.093276282258536,16.856306336332803,0.9625098461170756,0.09625098461170756,1.424068742536911,0.06758872078060009,45.0,0.0
0_1007,30672530#0,28279138#5,18,41.09231744208811,16.85425945763351,41.09318904605032,16.854441374933632,41.09309962997091,16.8641768999245,41.09122003932151,16.863954806076606,0.8321508995991942,0.04623060553328857,1.424068742536911,0.03246374571141203,45.0,0.0
0_1008,30672530#0,28921528#2,34,41.09231744208811,16.85425945763351,41.09318904605032,16.854441374933632,41.09590934506375,16.85589778274809,41.09589464404242,16.856597607978603,0.8738266284321958,0.02570078318918223,1.424068742536911,0.01804743157510606,45.0,0.0
0_1009,30672530#0,28921528#8,27,41.09231744208811,16.85425945763351,41.09318904605032,16.854441374933632,41.095864883749904,16.858939789299576,41.09579879841287,16.860483307032734,0.7484762668058309,0.027721343215030773,1.424068742536911,0.01946629568292224,45.0,0.0
0_1010,30672530#0,30672980#0,26,41.09231744208811,16.85425945763351,41.09318904605032,16.854441374933632,41.09410258065408,16.854547680343014,41.0940220774019,16.854495884667088,0.7589610295321485,0.02919080882815956,1.424068742536911,0.02049817396887563,45.0,0.0
0_1011,30672530#0,30672980#6,29,41.09231744208811,16.85425945763351,41.09318904605032,16.854441374933632,41.09290701188394,16.85345153155061,41.09274366748828,16.853398004520955,0.7317084868497492,0.025231327132749972,1.424068742536911,0.017717773292180796,45.0,0.0
0_1012,30672530#0,30673346,26,41.09231744208811,16.85425945763351,41.09318904605032,16.854441374933632,41.09289989869124,16.857979997773366,41.0924620240455,16.857540225068156,0.8880042289499926,0.03415400880576895,1.424068742536911,0.02398339896494407,45.0,0.0
0_1013,30672530#0,30674315#11,42,41.09231744208811,16.85425945763351,41.09318904605032,16.854441374933632,41.09762167433529,16.86078183182401,41.0975908593457,16.860854905020272,0.5715331034412614,0.013607931034315747,1.424068742536911,0.009555670051484918,45.0,0.0
0_1014,30672530#0,30674315#8,42,41.09231744208811,16.85425945763351,41.09318904605032,16.854441374933632,41.09783406893447,16.85935956518292,41.09781757948696,16.860074005211207,0.8841870410430828,0.021052072405787683,1.424068742536911,0.014783045071465028,45.0,0.0
0_1015,30672530#0,30674315#9,43,41.09231744208811,16.85425945763351,41.09318904605032,16.854441374933632,41.09781757948696,16.860074005211207,41.09773009884011,16.860532461562137,0.7321583814603159,0.017026939103728277,1.424068742536911,0.011956542963927144,45.0,0.0
0_1016,30672530#0,30674359#4,44,41.09231744208811,16.85425945763351,41.09318904605032,16.854441374933632,41.09788351207976,16.86008527251128,41.097886790174485,16.85993247707892,0.7958276452576819,0.01808699193767459,1.424068742536911,0.012700926154346644,45.0,0.0
0_1017,30672530#0,30674359#5,45,41.09231744208811,16.85425945763351,41.09318904605032,16.854441374933632,41.097886790174485,16.85993247707892,41.097887056561405,16.859358083149928,0.7084724453620497,0.01574383211915666,1.424068742536911,0.011055528184060671,45.0,0.0
0_1018,30672530#0,30674385#2,39,41.09231744208811,16.85425945763351,41.09318904605032,16.854441374933632,41.09752079197923,16.86113857805688,41.097541272342,16.861158803055236,0.5402026609884223,0.013851350281754417,1.424068742536911,0.009726602282610946,45.0,0.0
0_1019,30672530#0,30674948,19,41.09231744208811,16.85425945763351,41.09318904605032,16.854441374933632,41.09346290764322,16.859512259912492,41.0937563740557,16.85923859402608,0.5415119416566831,0.02850062850824648,1.424068742536911,0.02001352017422555,45.0,0.0
0_1020,30672530#0,30675059#0,39,41.09231744208811,16.85425945763351,41.09318904605032,16.854441374933632,41.09575898407665,16.861403291409037,41.09556026737646,16.861799770540163,0.6801324331861798,0.017439293158619994,1.424068742536911,0.012246103462360054,45.0,0.0
0_1021,30672530#0,30675059#1,40,41.09231744208811,16.85425945763351,41.09318904605032,16.854441374933632,41.09556026737646,16.861799770540163,41.09428507077666,16.861822930016572,0.5776142245794964,0.01444035561448741,1.424068742536911,0.010140209656426136,45.0,0.0
0_1022,30672530#0,33831688,30,41.09231744208811,16.85425945763351,41.09318904605032,16.854441374933632,41.09717022441964,16.862141610446756,41.09717150257013,16.862346685598727,0.505403515060978,0.016846783835365933,1.424068742536911,0.011830035539825265,45.0,0.0
0_1023,30672530#0,48563895#1,28,41.09231744208811,16.85425945763351,41.09318904605032,16.854441374933632,41.094497059549575,16.854662484304253,41.09459493177244,16.85467607291383,0.5791365967432501,0.020683449883687505,1.424068742536911,0.014524193436646127,45.0,0.0
0_1024,30672530#0,48563902#0,16,41.09231744208811,16.85425945763351,41.09318904605032,16.854441374933632,41.093159424293006,16.861119861413044,41.092910609638544,16.861550868324073,0.9723589815411304,0.06077243634632065,1.424068742536911,0.042675212601083735,45.0,0.0
0_1025,30672530#0,48874527#2,31,41.09231744208811,16.85425945763351,41.09318904605032,16.854441374933632,41.094611131446,16.86076995428607,41.09433377805168,16.860614722600705,0.6286455288497441,0.0202788880274111,1.424068742536911,0.014240104723656262,45.0,0.0
0_1026,30672530#0,50077954,35,41.09231744208811,16.85425945763351,41.09318904605032,16.854441374933632,41.094481033476846,16.855484180652265,41.09590934506375,16.85589778274809,0.9073326331894034,0.02592378951969724,1.424068742536911,0.018204029584635947,45.0,0.0
0_1027,30672530#0,96606465,17,41.09231744208811,16.85425945763351,41.09318904605032,16.854441374933632,41.09320904205983,16.86036794969964,41.093226008438016,16.859824905081403,0.8026118572034523,0.04721246218843837,1.424068742536911,0.03315321850568225,45.0,0.0
0_1028,30672530#1,-131752097#1,21,41.09318904605032,16.854441374933632,41.09334649944472,16.854480332551322,41.09628587040379,16.863506396736675,41.09627339570725,16.863759660301465,0.9684931521892642,0.04611872153282211,1.5798239363044382,0.029192317240555377,45.0,0.0
0_1029,30672530#1,-25654991#0,28,41.09318904605032,16.854441374933632,41.09334649944472,16.854480332551322,41.09267829914716,16.854073630954087,41.09207574955028,16.85389154719994,0.6336216085339788,0.02262934316192781,1.5798239363044382,0.014323965248218046,45.0,0.0
0_1030,30672530#1,-33831688,28,41.09318904605032,16.854441374933632,41.09334649944472,16.854480332551322,41.09717150257013,16.862346685598727,41.09717022441964,16.862141610446756,0.8860791057593147,0.03164568234854695,1.5798239363044382,0.02003114500377383,45.0,0.0
0_1031,30672530#1,-48874524,40,41.09318904605032,16.854441374933632,41.09334649944472,16.854480332551322,41.09782874807601,16.858422322289133,41.09720965467912,16.86010828803053,0.7910242273044407,0.019775605682611018,1.5798239363044382,0.012517600998545817,45.0,0.0
0_1032,30672530#1,-50077954,33,41.09318904605032,16.854441374933632,41.09334649944472,16.854480332551322,41.09590934506375,16.85589778274809,41.094481033476846,16.855484180652265,0.7486590594368533,0.02268663816475313,1.5798239363044382,0.014360231949531196,45.0,0.0
0_1033,30672530#1,-50370694#0,17,41.09318904605032,16.854441374933632,41.09334649944472,16.854480332551322,41.09390877175432,16.860555577386883,41.09389978504193,16.86089441913475,0.9960317155393358,0.058590100914078576,1.5798239363044382,0.037086474997418975,45.0,0.0
0_1034,30672530#1,114953453#6,25,41.09318904605032,16.854441374933632,41.09334649944472,16.854480332551322,41.09289989869124,16.857979997773366,41.09252833667128,16.85806965698529,0.9334868087950796,0.03733947235180318,1.5798239363044382,0.023635211173688483,45.0,0.0
0_1035,30672530#1,1223050325#0,38,41.09318904605032,16.854441374933632,41.09334649944472,16.854480332551322,41.09575898407665,16.861403291409037,41.09578940828096,16.861627521735652,0.8537550936898313,0.02246723930762714,1.5798239363044382,0.014221356438099705,45.0,0.0
0_1036,30672530#1,1223050326,37,41.09318904605032,16.854441374933632,41.09334649944472,16.854480332551322,41.09577203818025,16.86132567064774,41.09575898407665,16.861403291409037,0.9882372397289366,0.02670911458726856,1.5798239363044382,0.016906386827982338,45.0,0.0
0_1037,30672530#1,1226960836#1,11,41.09318904605032,16.854441374933632,41.09334649944472,16.854480332551322,41.09326327598272,16.856459442663375,41.09325705252129,16.85653261037847,0.9390778376934681,0.08537071251758802,1.5798239363044382,0.054038118144537815,45.0,0.0
0_1038,30672530#1,131750844#7,27,41.09318904605032,16.854441374933632,41.09334649944472,16.854480332551322,41.09588692434208,16.86204201283392,41.096023183819085,16.86206015013157,0.9467129607781315,0.03506344299178265,1.5798239363044382,0.022194525722786483,45.0,0.0
0_1039,30672530#1,131750844#8,28,41.09318904605032,16.854441374933632,41.09334649944472,16.854480332551322,41.096023183819085,16.86206015013157,41.09607053280287,16.862073156374553,0.6311895201297404,0.02254248286177644,1.5798239363044382,0.01426898424802219,45.0,0.0
0_1040,30672530#1,131750844#9,29,41.09318904605032,16.854441374933632,41.09334649944472,16.854480332551322,41.09607053280287,16.862073156374553,41.09624619327664,16.862345189534487,0.8360979427292996,0.02883096354238964,1.5798239363044382,0.01824947886903886,45.0,0.0
0_1041,30672530#1,131750850#0,43,41.09318904605032,16.854441374933632,41.09334649944472,16.854480332551322,41.09406666971318,16.861809974981103,41.09374076152227,16.861733142040123,0.9785170801811488,0.02275621116700346,1.5798239363044382,0.014404270402583805,45.0,0.0
0_1042,30672530#1,131750853#0,40,41.09318904605032,16.854441374933632,41.09334649944472,16.854480332551322,41.09428507077666,16.861822930016572,41.094248634240174,16.861820234016683,0.8149828934832567,0.02037457233708142,1.5798239363044382,0.012896736065882193,45.0,0.0
0_1043,30672530#1,131750853#2,42,41.09318904605032,16.854441374933632,41.09334649944472,16.854480332551322,41.09422326217536,16.861818445841735,41.09406666971318,16.861809974981103,0.7102269044081247,0.016910164390669637,1.5798239363044382,0.010703828447001695,45.0,0.0
0_1044,30672530#1,131752095#2,28,41.09318904605032,16.854441374933632,41.09334649944472,16.854480332551322,41.09606913880409,16.857384087393385,41.09607773810893,16.85711333011326,0.6217785327247385,0.02220637616874066,1.5798239363044382,0.01405623478568526,45.0,0.0
0_1045,30672530#1,25817423#3,21,41.09318904605032,16.854441374933632,41.09334649944472,16.854480332551322,41.093433790346566,16.855687830843742,41.09352569242476,16.85465158647345,0.5624658348389735,0.02678408737328445,1.5798239363044382,0.016953843246569886,45.0,0.0
0_1046,30672530#1,25817735#2,20,41.09318904605032,16.854441374933632,41.09334649944472,16.854480332551322,41.09257525037648,16.866055037799217,41.08991586912939,16.865878687144406,0.5708805096137253,0.028544025480686266,1.5798239363044382,0.018067852261725525,45.0,0.0
0_1047,30672530#1,25819014#1,32,41.09318904605032,16.854441374933632,41.09334649944472,16.854480332551322,41.09637979984023,16.861535604961926,41.096390396588056,16.86145398483175,0.9789327615227171,0.03059164879758491,1.5798239363044382,0.019363960815244784,45.0,0.0
0_1048,30672530#1,25819014#2,33,41.09318904605032,16.854441374933632,41.09334649944472,16.854480332551322,41.096390396588056,16.86145398483175,41.09617566373433,16.86105237527639,0.8334164889662512,0.02525504512018943,1.5798239363044382,0.015985987134279428,45.0,0.0
0_1049,30672530#1,25819177#2,6,41.09318904605032,16.854441374933632,41.09334649944472,16.854480332551322,41.09333584930795,16.855672929401177,41.09331846638719,16.855846153569416,0.9821568389961023,0.16369280649935036,1.5798239363044382,0.10361458814345127,45.0,0.0
0_1050,30672530#1,25819177#3,7,41.09318904605032,16.854441374933632,41.09334649944472,16.854480332551322,41.09331846638719,16.855846153569416,41.09330344191395,16.855984796607544,0.5144809549584799,0.07349727927978283,1.5798239363044382,0.04652244948997888,45.0,0.0
0_1051,30672530#1,25819177#5,9,41.09318904605032,16.854441374933632,41.09334649944472,16.854480332551322,41.09328897220411,16.85615607855325,41.093276282258536,16.856306336332803,0.967050750805341,0.10745008342281566,1.5798239363044382,0.06801396089374709,45.0,0.0
0_1052,30672530#1,28279138#5,17,41.09318904605032,16.854441374933632,41.09334649944472,16.854480332551322,41.09309962997091,16.8641768999245,41.09122003932151,16.863954806076606,0.7852219906538158,0.04618952886198917,1.5798239363044382,0.029237137000238656,45.0,0.0
0_1053,30672530#1,28921528#2,33,41.09318904605032,16.854441374933632,41.09334649944472,16.854480332551322,41.09590934506375,16.85589778274809,41.09589464404242,16.856597607978603,0.9410159269165713,0.028515634148987012,1.5798239363044382,0.01804988106186786,45.0,0.0
0_1054,30672530#1,28921528#8,26,41.09318904605032,16.854441374933632,41.09334649944472,16.854480332551322,41.095864883749904,16.858939789299576,41.09579879841287,16.860483307032734,0.9100104114915923,0.035000400441984325,1.5798239363044382,0.0221546209281131,45.0,0.0
0_1055,30672530#1,30672980#0,25,41.09318904605032,16.854441374933632,41.09334649944472,16.854480332551322,41.09410258065408,16.854547680343014,41.0940220774019,16.854495884667088,0.8827533567698378,0.03531013427079351,1.5798239363044382,0.022350676844023403,45.0,0.0
0_1056,30672530#1,30672980#6,28,41.09318904605032,16.854441374933632,41.09334649944472,16.854480332551322,41.09290701188394,16.85345153155061,41.09274366748828,16.853398004520955,0.7133738817752311,0.02547763863482968,1.5798239363044382,0.016126884806181362,45.0,0.0
0_1057,30672530#1,30673346,25,41.09318904605032,16.854441374933632,41.09334649944472,16.854480332551322,41.09289989869124,16.857979997773366,41.0924620240455,16.857540225068156,0.64663850360836,0.025865540144334398,1.5798239363044382,0.01637241945127106,45.0,0.0
0_1058,30672530#1,30674315#11,41,41.09318904605032,16.854441374933632,41.09334649944472,16.854480332551322,41.09762167433529,16.86078183182401,41.0975908593457,16.860854905020272,0.546503650723783,0.013329357334726417,1.5798239363044382,0.008437242295433736,45.0,0.0
0_1059,30672530#1,30674315#8,41,41.09318904605032,16.854441374933632,41.09334649944472,16.854480332551322,41.09783406893447,16.85935956518292,41.09781757948696,16.860074005211207,0.7941099879540715,0.01936853629156272,1.5798239363044382,0.012259933430854367,45.0,0.0
0_1060,30672530#1,30674315#9,42,41.09318904605032,16.854441374933632,41.09334649944472,16.854480332551322,41.09781757948696,16.860074005211207,41.09773009884011,16.860532461562137,0.7440062352849292,0.017714434173450692,1.5798239363044382,0.011212916684177301,45.0,0.0
0_1061,30672530#1,30674359#4,43,41.09318904605032,16.854441374933632,41.09334649944472,16.854480332551322,41.09788351207976,16.86008527251128,41.097886790174485,16.85993247707892,0.8269818957357385,0.019232137110133454,1.5798239363044382,0.012173595214110839,45.0,0.0
0_1062,30672530#1,30674359#5,44,41.09318904605032,16.854441374933632,41.09334649944472,16.854480332551322,41.097886790174485,16.85993247707892,41.097887056561405,16.859358083149928,0.9242545664959789,0.02100578560218134,1.5798239363044382,0.013296282654963801,45.0,0.0
0_1063,30672530#1,30674385#2,38,41.09318904605032,16.854441374933632,41.09334649944472,16.854480332551322,41.09752079197923,16.86113857805688,41.097541272342,16.861158803055236,0.9646696603025215,0.02538604369217162,1.5798239363044382,0.016068906862846538,45.0,0.0
0_1064,30672530#1,30674948,18,41.09318904605032,16.854441374933632,41.09334649944472,16.854480332551322,41.09346290764322,16.859512259912492,41.0937563740557,16.85923859402608,0.6540012915162388,0.036333405084235486,1.5798239363044382,0.02299838877566791,45.0,0.0
0_1065,30672530#1,30675059#0,38,41.09318904605032,16.854441374933632,41.09334649944472,16.854480332551322,41.09575898407665,16.861403291409037,41.09556026737646,16.861799770540163,0.8248729266180677,0.02170718227942283,1.5798239363044382,0.013740254075527421,45.0,0.0
0_1066,30672530#1,30675059#1,39,41.09318904605032,16.854441374933632,41.09334649944472,16.854480332551322,41.09556026737646,16.861799770540163,41.09428507077666,16.861822930016572,0.6376175786389116,0.016349168683049014,1.5798239363044382,0.010348728302783777,45.0,0.0
0_1067,30672530#1,33831688,29,41.09318904605032,16.854441374933632,41.09334649944472,16.854480332551322,41.09717022441964,16.862141610446756,41.09717150257013,16.862346685598727,0.7375600319707574,0.02543310455071577,1.5798239363044382,0.016098695535788306,45.0,0.0
0_1068,30672530#1,48563895#1,27,41.09318904605032,16.854441374933632,41.09334649944472,16.854480332551322,41.094497059549575,16.854662484304253,41.09459493177244,16.85467607291383,0.9495800043811996,0.03516962979189628,1.5798239363044382,0.022261740048176454,45.0,0.0
0_1069,30672530#1,48563902#0,15,41.09318904605032,16.854441374933632,41.09334649944472,16.854480332551322,41.093159424293006,16.861119861413044,41.092910609638544,16.861550868324073,0.6344189059256035,0.04229459372837356,1.5798239363044382,0.026771713452645923,45.0,0.0
0_1070,30672530#1,48874527#2,30,41.09318904605032,16.854441374933632,41.09334649944472,16.854480332551322,41.094611131446,16.86076995428607,41.09433377805168,16.860614722600705,0.5092237328258542,0.016974124427528475,1.5798239363044382,0.010744313994402914,45.0,0.0
0_1071,30672530#1,50077954,34,41.09318904605032,16.854441374933632,41.09334649944472,16.854480332551322,41.094481033476846,16.855484180652265,41.09590934506375,16.85589778274809,0.5690340607165763,0.016736295903428712,1.5798239363044382,0.01059377283685083,45.0,0.0
0_1072,30672530#1,96606465,16,41.09318904605032,16.854441374933632,41.09334649944472,16.854480332551322,41.09320904205983,16.86036794969964,41.093226008438016,16.859824905081403,0.9375910583436688,0.0585994411464793,1.5798239363044382,0.03709238719572544,45.0,0.0
0_1073,30672980#1,-131752097#1,42,41.0940220774019,16.854495884667088,41.093874010675705,16.854416589648586,41.09628587040379,16.863506396736675,41.09627339570725,16.863759660301465,0.5524303542104296,0.013153103671676896,1.3011141027750603,0.010109108527548438,45.0,0.0
0_1074,30672980#1,-25654991#0,9,41.0940220774019,16.854495884667088,41.093874010675705,16.854416589648586,41.09267829914716,16.854073630954087,41.09207574955028,16.85389154719994,0.5694053303678787,0.06326725892976429,1.3011141027750603,0.04862545013909674,45.0,0.0
0_1075,30672980#1,-33831688,49,41.0940220774019,16.854495884667088,41.093874010675705,16.854416589648586,41.09717150257013,16.862346685598727,41.09717022441964,16.862141610446756,0.6678646409706684,0.013629890632054458,1.3011141027750603,0.010475553683557933,45.0,0.0
0_1076,30672980#1,-48874524,31,41.0940220774019,16.854495884667088,41.093874010675705,16.854416589648586,41.09782874807601,16.858422322289133,41.09720965467912,16.86010828803053,0.7104163882119586,0.022916657684256728,1.3011141027750603,0.017613103751146268,45.0,0.0
0_1077,30672980#1,-50077954,23,41.0940220774019,16.854495884667088,41.093874010675705,16.854416589648586,41.09590934506375,16.85589778274809,41.094481033476846,16.855484180652265,0.6390023960027829,0.02778271286968621,1.3011141027750603,0.02135301801005023,45.0,0.0
0_1078,30672980#1,-50370694#0,27,41.0940220774019,16.854495884667088,41.093874010675705,16.854416589648586,41.09390877175432,16.860555577386883,41.09389978504193,16.86089441913475,0.6075274953249032,0.022501018345366785,1.3011141027750603,0.01729365495107297,45.0,0.0
0_1079,30672980#1,114953453#6,34,41.0940220774019,16.854495884667088,41.093874010675705,16.854416589648586,41.09289989869124,16.857979997773366,41.09252833667128,16.85806965698529,0.9015102537193309,0.026515007462333262,1.3011141027750603,0.020378695001292472,45.0,0.0
0_1080,30672980#1,1223050325#0,32,41.0940220774019,16.854495884667088,41.093874010675705,16.854416589648586,41.09575898407665,16.861403291409037,41.09578940828096,16.861627521735652,0.6391044826452438,0.019972015082663868,1.3011141027750603,0.015349933599264566,45.0,0.0
0_1081,30672980#1,1223050326,31,41.0940220774019,16.854495884667088,41.093874010675705,16.854416589648586,41.09577203818025,16.86132567064774,41.09575898407665,16.861403291409037,0.9119870793056141,0.029418938042116583,1.3011141027750603,0.022610575029023874,45.0,0.0
0_1082,30672980#1,1226960836#1,21,41.0940220774019,16.854495884667088,41.093874010675705,16.854416589648586,41.09326327598272,16.856459442663375,41.09325705252129,16.85653261037847,0.6135224079699106,0.029215352760471935,1.3011141027750603,0.022454105061316634,45.0,0.0
0_1083,30672980#1,131750844#7,35,41.0940220774019,16.854495884667088,41.093874010675705,16.854416589648586,41.09588692434208,16.86204201283392,41.096023183819085,16.86206015013157,0.7804134336775164,0.02229752667650047,1.3011141027750603,0.017137256931535477,45.0,0.0
0_1084,30672980#1,131750844#8,36,41.0940220774019,16.854495884667088,41.093874010675705,16.854416589648586,41.096023183819085,16.86206015013157,41.09607053280287,16.862073156374553,0.7357146052375951,0.020436516812155418,1.3011141027750603,0.01570693666955705,45.0,0.0
0_1085,30672980#1,131750844#9,37,41.0940220774019,16.854495884667088,41.093874010675705,16.854416589648586,41.09607053280287,16.862073156374553,41.09624619327664,16.862345189534487,0.8599719548950493,0.023242485267433766,1.3011141027750603,0.01786352574140992,45.0,0.0
0_1086,30672980#1,131750850#0,37,41.0940220774019,16.854495884667088,41.093874010675705,16.854416589648586,41.09406666971318,16.861809974981103,41.09374076152227,16.861733142040123,0.7572664242707425,0.020466660115425476,1.3011141027750603,0.015730103971491424,45.0,0.0
0_1087,30672980#1,131750853#0,34,41.0940220774019,16.854495884667088,41.093874010675705,16.854416589648586,41.09428507077666,16.861822930016572,41.094248634240174,16.861820234016683,0.7286327267059163,0.02143037431487989,1.3011141027750603,0.01647078781881809,45.0,0.0
0_1088,30672980#1,131750853#2,36,41.0940220774019,16.854495884667088,41.093874010675705,16.854416589648586,41.09422326217536,16.861818445841735,41.09406666971318,16.861809974981103,0.6280340782629292,0.017445391062859143,1.3011141027750603,0.013408040867169927,45.0,0.0
0_1089,30672980#1,131752095#2,30,41.0940220774019,16.854495884667088,41.093874010675705,16.854416589648586,41.09606913880409,16.857384087393385,41.09607773810893,16.85711333011326,0.9346105764472342,0.031153685881574474,1.3011141027750603,0.02394385382122047,45.0,0.0
0_1090,30672980#1,25817423#3,32,41.0940220774019,16.854495884667088,41.093874010675705,16.854416589648586,41.093433790346566,16.855687830843742,41.09352569242476,16.85465158647345,0.8341240546286424,0.026066376707145074,1.3011141027750603,0.02003388991906999,45.0,0.0
0_1091,30672980#1,25817735#2,30,41.0940220774019,16.854495884667088,41.093874010675705,16.854416589648586,41.09257525037648,16.866055037799217,41.08991586912939,16.865878687144406,0.792163294210379,0.026405443140345968,1.3011141027750603,0.020294486920115262,45.0,0.0
0_1092,30672980#1,25819014#1,36,41.0940220774019,16.854495884667088,41.093874010675705,16.854416589648586,41.09637979984023,16.861535604961926,41.096390396588056,16.86145398483175,0.6579683549805243,0.01827689874945901,1.3011141027750603,0.014047114477106519,45.0,0.0
0_1093,30672980#1,25819014#2,37,41.0940220774019,16.854495884667088,41.093874010675705,16.854416589648586,41.096390396588056,16.86145398483175,41.09617566373433,16.86105237527639,0.6548469577518339,0.017698566425725242,1.3011141027750603,0.013602624387805143,45.0,0.0
0_1094,30672980#1,25819177#2,16,41.0940220774019,16.854495884667088,41.093874010675705,16.854416589648586,41.09333584930795,16.855672929401177,41.09331846638719,16.855846153569416,0.5009870072269602,0.03131168795168501,1.3011141027750603,0.024065289804254972,45.0,0.0
0_1095,30672980#1,25819177#3,17,41.0940220774019,16.854495884667088,41.093874010675705,16.854416589648586,41.09331846638719,16.855846153569416,41.09330344191395,16.855984796607544,0.652227343491643,0.038366314323037824,1.3011141027750603,0.029487278818367157,45.0,0.0
0_1096,30672980#1,25819177#5,19,41.0940220774019,16.854495884667088,41.093874010675705,16.854416589648586,41.09328897220411,16.85615607855325,41.093276282258536,16.856306336332803,0.976425488779666,0.05139081519892978,1.3011141027750603,0.0394975468249262,45.0,0.0
0_1097,30672980#1,28279138#5,27,41.0940220774019,16.854495884667088,41.093874010675705,16.854416589648586,41.09309962997091,16.8641768999245,41.09122003932151,16.863954806076606,0.8536595525130619,0.031617020463446735,1.3011141027750603,0.024299959854414674,45.0,0.0
0_1098,30672980#1,28921528#2,23,41.0940220774019,16.854495884667088,41.093874010675705,16.854416589648586,41.09590934506375,16.85589778274809,41.09589464404242,16.856597607978603,0.5919603129959471,0.025737404912867263,1.3011141027750603,0.019781051375873684,45.0,0.0
0_1099,30672980#1,28921528#8,28,41.0940220774019,16.854495884667088,41.093874010675705,16.854416589648586,41.095864883749904,16.858939789299576,41.09579879841287,16.860483307032734,0.876371293386319,0.03129897476379711,1.3011141027750603,0.024055518802725752,45.0,0.0
0_1100,30672980#1,30672980#0,14,41.0940220774019,16.854495884667088,41.093874010675705,16.854416589648586,41.09410258065408,16.854547680343014,41.0940220774019,16.854495884667088,0.9708659592126514,0.06934756851518938,1.3011141027750603,0.053298606453717264,45.0,0.0
0_1101,30672980#1,30672980#6,7,41.0940220774019,16.854495884667088,41.093874010675705,16.854416589648586,41.09290701188394,16.85345153155061,41.09274366748828,16.853398004520955,0.6924588571399823,0.09892269387714032,1.3011141027750603,0.07602922269934255,45.0,0.0
0_1102,30672980#1,30673346,34,41.0940220774019,16.854495884667088,41.093874010675705,16.854416589648586,41.09289989869124,16.857979997773366,41.0924620240455,16.857540225068156,0.5801577520785488,0.017063463296427907,1.3011141027750603,0.01311450184117932,45.0,0.0
0_1103,30672980#1,30674315#11,35,41.0940220774019,16.854495884667088,41.093874010675705,16.854416589648586,41.09762167433529,16.86078183182401,41.0975908593457,16.860854905020272,0.9000221203878617,0.025714917725367475,1.3011141027750603,0.019763768350924662,45.0,0.0
0_1104,30672980#1,30674315#8,32,41.0940220774019,16.854495884667088,41.093874010675705,16.854416589648586,41.09783406893447,16.85935956518292,41.09781757948696,16.860074005211207,0.8511052191792551,0.02659703809935172,1.3011141027750603,0.020441741460356672,45.0,0.0
0_1105,30672980#1,30674315#9,33,41.0940220774019,16.854495884667088,41.093874010675705,16.854416589648586,41.09781757948696,16.860074005211207,41.09773009884011,16.860532461562137,0.812417449399,0.024618710587848484,1.3011141027750603,0.018921254127782384,45.0,0.0
0_1106,30672980#1,30674359#4,36,41.0940220774019,16.854495884667088,41.093874010675705,16.854416589648586,41.09788351207976,16.86008527251128,41.097886790174485,16.85993247707892,0.8301571303724649,0.023059920288124022,1.3011141027750603,0.017723211391638165,45.0,0.0
0_1107,30672980#1,30674359#5,37,41.0940220774019,16.854495884667088,41.093874010675705,16.854416589648586,41.097886790174485,16.85993247707892,41.097887056561405,16.859358083149928,0.8892130219328136,0.024032784376562533,1.3011141027750603,0.018470927588367995,45.0,0.0
0_1108,30672980#1,30674385#2,37,41.0940220774019,16.854495884667088,41.093874010675705,16.854416589648586,41.09752079197923,16.86113857805688,41.097541272342,16.861158803055236,0.537973431121765,0.014539822462750407,1.3011141027750603,0.01117490190271505,45.0,0.0
0_1109,30672980#1,30674948,28,41.0940220774019,16.854495884667088,41.093874010675705,16.854416589648586,41.09346290764322,16.859512259912492,41.0937563740557,16.85923859402608,0.5678635242662919,0.020280840152367568,1.3011141027750603,0.015587287932020645,45.0,0.0
0_1110,30672980#1,30675059#0,32,41.0940220774019,16.854495884667088,41.093874010675705,16.854416589648586,41.09575898407665,16.861403291409037,41.09556026737646,16.861799770540163,0.7247528661351217,0.022648527066722553,1.3011141027750603,0.017407026039005347,45.0,0.0
0_1111,30672980#1,30675059#1,33,41.0940220774019,16.854495884667088,41.093874010675705,16.854416589648586,41.09556026737646,16.861799770540163,41.09428507077666,16.861822930016572,0.7590111842252903,0.02300033891591789,1.3011141027750603,0.017677418811203403,45.0,0.0
0_1112,30672980#1,33831688,50,41.0940220774019,16.854495884667088,41.093874010675705,16.854416589648586,41.09717022441964,16.862141610446756,41.09717150257013,16.862346685598727,0.520642393804073,0.010412847876081458,1.3011141027750603,0.008003024372630027,45.0,0.0
0_1113,30672980#1,48563895#1,16,41.0940220774019,16.854495884667088,41.093874010675705,16.854416589648586,41.094497059549575,16.854662484304253,41.09459493177244,16.85467607291383,0.8344319180740829,0.05215199487963018,1.3011141027750603,0.04008256829158845,45.0,0.0
0_1114,30672980#1,48563902#0,25,41.0940220774019,16.854495884667088,41.093874010675705,16.854416589648586,41.093159424293006,16.861119861413044,41.092910609638544,16.861550868324073,0.5704901924992154,0.022819607699968616,1.3011141027750603,0.01753851384079089,45.0,0.0
0_1115,30672980#1,48874527#2,32,41.0940220774019,16.854495884667088,41.093874010675705,16.854416589648586,41.094611131446,16.86076995428607,41.09433377805168,16.860614722600705,0.8975735230918966,0.02804917259662177,1.3011141027750603,0.021557811522292736,45.0,0.0
0_1116,30672980#1,50077954,24,41.0940220774019,16.854495884667088,41.093874010675705,16.854416589648586,41.094481033476846,16.855484180652265,41.09590934506375,16.85589778274809,0.9479257607169027,0.03949690669653761,1.3011141027750603,0.030356220574580865,45.0,0.0
0_1117,30672980#1,96606465,26,41.0940220774019,16.854495884667088,41.093874010675705,16.854416589648586,41.09320904205983,16.86036794969964,41.093226008438016,16.859824905081403,0.9189140847845891,0.03534284941479189,1.3011141027750603,0.02716352804063184,45.0,0.0
0_1118,30672980#3,-131752097#1,39,41.09350717781295,16.85412313696312,41.09319943662766,16.853728716859614,41.09628587040379,16.863506396736675,41.09627339570725,16.863759660301465,0.57739783884808,0.01480507279097641,1.5676192290717694,0.009444304150149333,45.0,0.0
0_1119,30672980#3,-25654991#0,6,41.09350717781295,16.85412313696312,41.09319943662766,16.853728716859614,41.09267829914716,16.854073630954087,41.09207574955028,16.85389154719994,0.8760994559949715,0.1460165759991619,1.5676192290717694,0.0931454356333855,45.0,0.0
0_1120,30672980#3,-33831688,46,41.09350717781295,16.85412313696312,41.09319943662766,16.853728716859614,41.09717150257013,16.862346685598727,41.09717022441964,16.862141610446756,0.5279399209801666,0.011476954803916665,1.5676192290717694,0.007321264367695009,45.0,0.0
0_1121,30672980#3,-48874524,28,41.09350717781295,16.85412313696312,41.09319943662766,16.853728716859614,41.09782874807601,16.858422322289133,41.09720965467912,16.86010828803053,0.6789668016707089,0.02424881434538246,1.5676192290717694,0.015468561431043974,45.0,0.0
0_1122,30672980#3,-50077954,20,41.09350717781295,16.85412313696312,41.09319943662766,16.853728716859614,41.09590934506375,16.85589778274809,41.094481033476846,16.855484180652265,0.6814152210505449,0.034070761052527244,1.5676192290717694,0.021734079565164228,45.0,0.0
0_1123,30672980#3,-50370694#0,24,41.09350717781295,16.85412313696312,41.09319943662766,16.853728716859614,41.09390877175432,16.860555577386883,41.09389978504193,16.86089441913475,0.8773444772783672,0.03655601988659863,1.5676192290717694,0.02331945105588202,45.0,0.0
0_1124,30672980#3,114953453#6,31,41.09350717781295,16.85412313696312,41.09319943662766,16.853728716859614,41.09289989869124,16.857979997773366,41.09252833667128,16.85806965698529,0.6768118883242078,0.02183264155884541,1.5676192290717694,0.013927260621683698,45.0,0.0
0_1125,30672980#3,1223050325#0,29,41.09350717781295,16.85412313696312,41.09319943662766,16.853728716859614,41.09575898407665,16.861403291409037,41.09578940828096,16.861627521735652,0.523054514848299,0.018036362580975827,1.5676192290717694,0.011505576256330852,45.0,0.0
0_1126,30672980#3,1223050326,28,41.09350717781295,16.85412313696312,41.09319943662766,16.853728716859614,41.09577203818025,16.86132567064774,41.09575898407665,16.861403291409037,0.6081129833186463,0.021718320832808793,1.5676192290717694,0.013854334286055429,45.0,0.0
0_1127,30672980#3,1226960836#1,18,41.09350717781295,16.85412313696312,41.09319943662766,16.853728716859614,41.09326327598272,16.856459442663375,41.09325705252129,16.85653261037847,0.8877288579794593,0.049318269887747734,1.5676192290717694,0.03146061809725978,45.0,0.0
0_1128,30672980#3,131750844#7,32,41.09350717781295,16.85412313696312,41.09319943662766,16.853728716859614,41.09588692434208,16.86204201283392,41.096023183819085,16.86206015013157,0.5063681284511621,0.015824004014098815,1.5676192290717694,0.010094290578119947,45.0,0.0
0_1129,30672980#3,131750844#8,33,41.09350717781295,16.85412313696312,41.09319943662766,16.853728716859614,41.096023183819085,16.86206015013157,41.09607053280287,16.862073156374553,0.7058542678669462,0.021389523268695337,1.5676192290717694,0.013644591028243934,45.0,0.0
0_1130,30672980#3,131750844#9,34,41.09350717781295,16.85412313696312,41.09319943662766,16.853728716859614,41.09607053280287,16.862073156374553,41.09624619327664,16.862345189534487,0.9242926224254895,0.027185077130161456,1.5676192290717694,0.017341632857016235,45.0,0.0
0_1131,30672980#3,131750850#0,34,41.09350717781295,16.85412313696312,41.09319943662766,16.853728716859614,41.09406666971318,16.861809974981103,41.09374076152227,16.861733142040123,0.9878190191630427,0.029053500563618904,1.5676192290717694,0.018533518870409802,45.0,0.0
0_1132,30672980#3,131750853#0,31,41.09350717781295,16.85412313696312,41.09319943662766,16.853728716859614,41.09428507077666,16.861822930016572,41.094248634240174,16.861820234016683,0.769224296754222,0.024813686992071676,1.5676192290717694,0.015828899347429252,45.0,0.0
0_1133,30672980#3,131750853#2,33,41.09350717781295,16.85412313696312,41.09319943662766,16.853728716859614,41.09422326217536,16.861818445841735,41.09406666971318,16.861809974981103,0.5366366207894061,0.016261715781497155,1.5676192290717694,0.01037351129657051,45.0,0.0
0_1134,30672980#3,131752095#2,27,41.09350717781295,16.85412313696312,41.09319943662766,16.853728716859614,41.09606913880409,16.857384087393385,41.09607773810893,16.85711333011326,0.7129717061959766,0.026406359488739872,1.5676192290717694,0.01684488107764269,45.0,0.0
0_1135,30672980#3,25817423#3,29,41.09350717781295,16.85412313696312,41.09319943662766,16.853728716859614,41.093433790346566,16.855687830843742,41.09352569242476,16.85465158647345,0.925030904522486,0.031897617397327105,1.5676192290717694,0.020347809471700957,45.0,0.0
0_1136,30672980#3,25817735#2,27,41.09350717781295,16.85412313696312,41.09319943662766,16.853728716859614,41.09257525037648,16.866055037799217,41.08991586912939,16.865878687144406,0.5863110957205475,0.021715225767427685,1.5676192290717694,0.01385235991286345,45.0,0.0
0_1137,30672980#3,25819014#1,33,41.09350717781295,16.85412313696312,41.09319943662766,16.853728716859614,41.09637979984023,16.861535604961926,41.096390396588056,16.86145398483175,0.6659803340108201,0.020181222242752126,1.5676192290717694,0.012873803707231879,45.0,0.0
0_1138,30672980#3,25819014#2,34,41.09350717781295,16.85412313696312,41.09319943662766,16.853728716859614,41.096390396588056,16.86145398483175,41.09617566373433,16.86105237527639,0.7940923620749858,0.023355657708087816,1.5676192290717694,0.014898807870529468,45.0,0.0
0_1139,30672980#3,25819177#2,13,41.09350717781295,16.85412313696312,41.09319943662766,16.853728716859614,41.09333584930795,16.855672929401177,41.09331846638719,16.855846153569416,0.6343079970595813,0.048792922850737025,1.5676192290717694,0.03112549396298785,45.0,0.0
0_1140,30672980#3,25819177#3,14,41.09350717781295,16.85412313696312,41.09319943662766,16.853728716859614,41.09331846638719,16.855846153569416,41.09330344191395,16.855984796607544,0.5587896976250172,0.039913549830358365,1.5676192290717694,0.025461253019964727,45.0,0.0
0_1141,30672980#3,25819177#5,16,41.09350717781295,16.85412313696312,41.09319943662766,16.853728716859614,41.09328897220411,16.85615607855325,41.093276282258536,16.856306336332803,0.8866777037575395,0.05541735648484622,1.5676192290717694,0.03535128649682383,45.0,0.0
0_1142,30672980#3,28279138#5,24,41.09350717781295,16.85412313696312,41.09319943662766,16.853728716859614,41.09309962997091,16.8641768999245,41.09122003932151,16.863954806076606,0.9635978505111713,0.040149910437965466,1.5676192290717694,0.025612029817814453,45.0,0.0
0_1143,30672980#3,28921528#2,20,41.09350717781295,16.85412313696312,41.09319943662766,16.853728716859614,41.09590934506375,16.85589778274809,41.09589464404242,16.856597607978603,0.9171122069470823,0.045855610347354116,1.5676192290717694,0.02925175291100919,45.0,0.0
0_1144,30672980#3,28921528#8,25,41.09350717781295,16.85412313696312,41.09319943662766,16.853728716859614,41.095864883749904,16.858939789299576,41.09579879841287,16.860483307032734,0.6678280658728172,0.026713122634912687,1.5676192290717694,0.017040568359658528,45.0,0.0
0_1145,30672980#3,30672980#0,11,41.09350717781295,16.85412313696312,41.09319943662766,16.853728716859614,41.09410258065408,16.854547680343014,41.0940220774019,16.854495884667088,0.7373359481394213,0.0670305407399474,1.5676192290717694,0.04275945299525193,45.0,0.0
0_1146,30672980#3,30672980#6,4,41.09350717781295,16.85412313696312,41.09319943662766,16.853728716859614,41.09290701188394,16.85345153155061,41.09274366748828,16.853398004520955,0.7518900831159822,0.18797252077899554,1.5676192290717694,0.11990955283847804,45.0,0.0
0_1147,30672980#3,30673346,31,41.09350717781295,16.85412313696312,41.09319943662766,16.853728716859614,41.09289989869124,16.857979997773366,41.0924620240455,16.857540225068156,0.8117223634546832,0.026184592369505908,1.5676192290717694,0.016703413612124754,45.0,0.0
0_1148,30672980#3,30674315#11,32,41.09350717781295,16.85412313696312,41.09319943662766,16.853728716859614,41.09762167433529,16.86078183182401,41.0975908593457,16.860854905020272,0.8304100055619597,0.02595031267381124,1.5676192290717694,0.016553964248816427,45.0,0.0
0_1149,30672980#3,30674315#8,29,41.09350717781295,16.85412313696312,41.09319943662766,16.853728716859614,41.09783406893447,16.85935956518292,41.09781757948696,16.860074005211207,0.8897914135675837,0.030682462536813233,1.5676192290717694,0.01957265002100106,45.0,0.0
0_1150,30672980#3,30674315#9,30,41.09350717781295,16.85412313696312,41.09319943662766,16.853728716859614,41.09781757948696,16.860074005211207,41.09773009884011,16.860532461562137,0.519252937173942,0.0173084312391314,1.5676192290717694,0.011041221565890207,45.0,0.0
0_1151,30672980#3,30674359#4,33,41.09350717781295,16.85412313696312,41.09319943662766,16.853728716859614,41.09788351207976,16.86008527251128,41.097886790174485,16.85993247707892,0.8183645568397341,0.024798925964840426,1.5676192290717694,0.0158194831403826,45.0,0.0
0_1152,30672980#3,30674359#5,34,41.09350717781295,16.85412313696312,41.09319943662766,16.853728716859614,41.097886790174485,16.85993247707892,41.097887056561405,16.859358083149928,0.5314955226820571,0.01563222125535462,1.5676192290717694,0.009971950436338351,45.0,0.0
0_1153,30672980#3,30674385#2,34,41.09350717781295,16.85412313696312,41.09319943662766,16.853728716859614,41.09752079197923,16.86113857805688,41.097541272342,16.861158803055236,0.9996669660799359,0.02940196959058635,1.5676192290717694,0.018755810751311126,45.0,0.0
0_1154,30672980#3,30674948,25,41.09350717781295,16.85412313696312,41.09319943662766,16.853728716859614,41.09346290764322,16.859512259912492,41.0937563740557,16.85923859402608,0.5326889102306857,0.021307556409227428,1.5676192290717694,0.013592303548001398,45.0,0.0
0_1155,30672980#3,30675059#0,29,41.09350717781295,16.85412313696312,41.09319943662766,16.853728716859614,41.09575898407665,16.861403291409037,41.09556026737646,16.861799770540163,0.5042239099594492,0.017387031377912043,1.5676192290717694,0.011091361381301366,45.0,0.0
0_1156,30672980#3,30675059#1,30,41.09350717781295,16.85412313696312,41.09319943662766,16.853728716859614,41.09556026737646,16.861799770540163,41.09428507077666,16.861822930016572,0.8415115673556619,0.028050385578522064,1.5676192290717694,0.017893621779015476,45.0,0.0
0_1157,30672980#3,33831688,47,41.09350717781295,16.85412313696312,41.09319943662766,16.853728716859614,41.09717022441964,16.862141610446756,41.09717150257013,16.862346685598727,0.6564124133848928,0.013966221561380696,1.5676192290717694,0.008909192552869157,45.0,0.0
0_1158,30672980#3,48563895#1,13,41.09350717781295,16.85412313696312,41.09319943662766,16.853728716859614,41.094497059549575,16.854662484304253,41.09459493177244,16.85467607291383,0.6447506644159913,0.04959620495507625,1.5676192290717694,0.03163791565917671,45.0,0.0
0_1159,30672980#3,48563902#0,22,41.09350717781295,16.85412313696312,41.09319943662766,16.853728716859614,41.093159424293006,16.861119861413044,41.092910609638544,16.861550868324073,0.5139037772197483,0.023359262600897653,1.5676192290717694,0.014901107467742225,45.0,0.0
0_1160,30672980#3,48874527#2,29,41.09350717781295,16.85412313696312,41.09319943662766,16.853728716859614,41.094611131446,16.86076995428607,41.09433377805168,16.860614722600705,0.6516493040637689,0.02247066565737134,1.5676192290717694,0.014334262581530617,45.0,0.0
0_1161,30672980#3,50077954,21,41.09350717781295,16.85412313696312,41.09319943662766,16.853728716859614,41.094481033476846,16.855484180652265,41.09590934506375,16.85589778274809,0.8628092700554595,0.04108615571692664,1.5676192290717694,0.02620927005421775,45.0,0.0
0_1162,30672980#3,96606465,23,41.09350717781295,16.85412313696312,41.09319943662766,16.853728716859614,41.09320904205983,16.86036794969964,41.093226008438016,16.859824905081403,0.7458419618751546,0.032427911385876286,1.5676192290717694,0.020686089315884282,45.0,0.0
0_1163,30672980#4,-131752097#1,38,41.09319943662766,16.853728716859614,41.0929958887206,16.85348677259829,41.09628587040379,16.863506396736675,41.09627339570725,16.863759660301465,0.6178421396178706,0.01625900367415449,1.756347804508471,0.009257280153975376,45.0,0.0
0_1164,30672980#4,-25654991#0,5,41.09319943662766,16.853728716859614,41.0929958887206,16.85348677259829,41.09267829914716,16.854073630954087,41.09207574955028,16.85389154719994,0.8472339683822416,0.16944679367644833,1.756347804508471,0.09647678736608177,45.0,0.0
0_1165,30672980#4,-33831688,45,41.09319943662766,16.853728716859614,41.0929958887206,16.85348677259829,41.09717150257013,16.862346685598727,41.09717022441964,16.862141610446756,0.787586385435571,0.017501919676346022,1.756347804508471,0.009964950923398731,45.0,0.0
0_1166,30672980#4,-48874524,27,41.09319943662766,16.853728716859614,41.0929958887206,16.85348677259829,41.09782874807601,16.858422322289133,41.09720965467912,16.86010828803053,0.5713568837884735,0.021161366066239758,1.756347804508471,0.01204850543378676,45.0,0.0
0_1167,30672980#4,-50077954,19,41.09319943662766,16.853728716859614,41.0929958887206,16.85348677259829,41.09590934506375,16.85589778274809,41.094481033476846,16.855484180652265,0.7919849944342865,0.04168342075969929,1.756347804508471,0.02373301042805969,45.0,0.0
0_1168,30672980#4,-50370694#0,23,41.09319943662766,16.853728716859614,41.0929958887206,16.85348677259829,41.09390877175432,16.860555577386883,41.09389978504193,16.86089441913475,0.7291297313678933,0.03170129266816927,1.756347804508471,0.01804955293410188,45.0,0.0
0_1169,30672980#4,114953453#6,30,41.09319943662766,16.853728716859614,41.0929958887206,16.85348677259829,41.09289989869124,16.857979997773366,41.09252833667128,16.85806965698529,0.7922562761373,0.026408542537909998,1.756347804508471,0.015036055199386123,45.0,0.0
0_1170,30672980#4,1223050325#0,28,41.09319943662766,16.853728716859614,41.0929958887206,16.85348677259829,41.09575898407665,16.861403291409037,41.09578940828096,16.861627521735652,0.9258357733832407,0.03306556333511574,1.756347804508471,0.01882631859716955,45.0,0.0
0_1171,30672980#4,1223050326,27,41.09319943662766,16.853728716859614,41.0929958887206,16.85348677259829,41.09577203818025,16.86132567064774,41.09575898407665,16.861403291409037,0.5709148072001871,0.021144992859266187,1.756347804508471,0.012039183130464181,45.0,0.0
0_1172,30672980#4,1226960836#1,17,41.09319943662766,16.853728716859614,41.0929958887206,16.85348677259829,41.09326327598272,16.856459442663375,41.09325705252129,16.85653261037847,0.773344286325268,0.045490840372074584,1.756347804508471,0.025900815462234477,45.0,0.0
0_1173,30672980#4,131750844#7,31,41.09319943662766,16.853728716859614,41.0929958887206,16.85348677259829,41.09588692434208,16.86204201283392,41.096023183819085,16.86206015013157,0.7694901350820227,0.02482226242200073,1.756347804508471,0.014132885501540769,45.0,0.0
0_1174,30672980#4,131750844#8,32,41.09319943662766,16.853728716859614,41.0929958887206,16.85348677259829,41.096023183819085,16.86206015013157,41.09607053280287,16.862073156374553,0.6399798421970955,0.019999370068659234,1.756347804508471,0.011386907546057614,45.0,0.0
0_1175,30672980#4,131750844#9,33,41.09319943662766,16.853728716859614,41.0929958887206,16.85348677259829,41.09607053280287,16.862073156374553,41.09624619327664,16.862345189534487,0.7987613146041087,0.024204888321336628,1.756347804508471,0.013781375339897768,45.0,0.0
0_1176,30672980#4,131750850#0,33,41.09319943662766,16.853728716859614,41.0929958887206,16.85348677259829,41.09406666971318,16.861809974981103,41.09374076152227,16.861733142040123,0.6080478621777711,0.01842569279326579,1.756347804508471,0.010490913443207439,45.0,0.0
0_1177,30672980#4,131750853#0,30,41.09319943662766,16.853728716859614,41.0929958887206,16.85348677259829,41.09428507077666,16.861822930016572,41.094248634240174,16.861820234016683,0.9789781843810067,0.032632606146033555,1.756347804508471,0.01857980865877876,45.0,0.0
0_1178,30672980#4,131750853#2,32,41.09319943662766,16.853728716859614,41.0929958887206,16.85348677259829,41.09422326217536,16.861818445841735,41.09406666971318,16.861809974981103,0.6076056514700697,0.01898767660843968,1.756347804508471,0.010810886408545682,45.0,0.0
0_1179,30672980#4,131752095#2,26,41.09319943662766,16.853728716859614,41.0929958887206,16.85348677259829,41.09606913880409,16.857384087393385,41.09607773810893,16.85711333011326,0.5028891482393669,0.01934189031689873,1.756347804508471,0.011012562698144929,45.0,0.0
0_1180,30672980#4,25817423#3,28,41.09319943662766,16.853728716859614,41.0929958887206,16.85348677259829,41.093433790346566,16.855687830843742,41.09352569242476,16.85465158647345,0.9251259725392587,0.033040213304973524,1.756347804508471,0.018811885220091765,45.0,0.0
0_1181,30672980#4,25817735#2,26,41.09319943662766,16.853728716859614,41.0929958887206,16.85348677259829,41.09257525037648,16.866055037799217,41.08991586912939,16.865878687144406,0.7237946274531585,0.027838254902044557,1.756347804508471,0.015850080963795966,45.0,0.0
0_1182,30672980#4,25819014#1,32,41.09319943662766,16.853728716859614,41.0929958887206,16.85348677259829,41.09637979984023,16.861535604961926,41.096390396588056,16.86145398483175,0.7994348176687911,0.024982338052149722,1.756347804508471,0.014224026692219564,45.0,0.0
0_1183,30672980#4,25819014#2,33,41.09319943662766,16.853728716859614,41.0929958887206,16.85348677259829,41.096390396588056,16.86145398483175,41.09617566373433,16.86105237527639,0.6551017317220805,0.019851567627941834,1.756347804508471,0.011302754259141437,45.0,0.0
0_1184,30672980#4,25819177#2,12,41.09319943662766,16.853728716859614,41.0929958887206,16.85348677259829,41.09333584930795,16.855672929401177,41.09331846638719,16.855846153569416,0.7176249436825827,0.05980207864021522,1.756347804508471,0.034049109456968485,45.0,0.0
0_1185,30672980#4,25819177#3,13,41.09319943662766,16.853728716859614,41.0929958887206,16.85348677259829,41.09331846638719,16.855846153569416,41.09330344191395,16.855984796607544,0.7205865131727435,0.05542973178251873,1.756347804508471,0.031559655576323176,45.0,0.0
0_1186,30672980#4,25819177#5,15,41.09319943662766,16.853728716859614,41.0929958887206,16.85348677259829,41.09328897220411,16.85615607855325,41.093276282258536,16.856306336332803,0.6385460755462843,0.04256973836975229,1.756347804508471,0.02423764715649005,45.0,0.0
0_1187,30672980#4,28279138#5,23,41.09319943662766,16.853728716859614,41.0929958887206,16.85348677259829,41.09309962997091,16.8641768999245,41.09122003932151,16.863954806076606,0.9511190135849912,0.04135300059065179,1.756347804508471,0.023544881306823383,45.0,0.0
0_1188,30672980#4,28921528#2,19,41.09319943662766,16.853728716859614,41.0929958887206,16.85348677259829,41.09590934506375,16.85589778274809,41.09589464404242,16.856597607978603,0.9115734758692904,0.047977551361541595,1.756347804508471,0.027316657462938283,45.0,0.0
0_1189,30672980#4,28921528#8,24,41.09319943662766,16.853728716859614,41.0929958887206,16.85348677259829,41.095864883749904,16.858939789299576,41.09579879841287,16.860483307032734,0.8395972493146591,0.03498321872144412,1.756347804508471,0.019918161215929823,45.0,0.0
0_1190,30672980#4,30672980#0,10,41.09319943662766,16.853728716859614,41.0929958887206,16.85348677259829,41.09410258065408,16.854547680343014,41.0940220774019,16.854495884667088,0.6073631440216531,0.060736314402165315,1.756347804508471,0.03458102902298608,45.0,0.0
0_1191,30672980#4,30672980#6,3,41.09319943662766,16.853728716859614,41.0929958887206,16.85348677259829,41.09290701188394,16.85345153155061,41.09274366748828,16.853398004520955,0.7936102709516499,0.2645367569838833,1.756347804508471,0.1506175236504003,45.0,0.0
0_1192,30672980#4,30673346,30,41.09319943662766,16.853728716859614,41.0929958887206,16.85348677259829,41.09289989869124,16.857979997773366,41.0924620240455,16.857540225068156,0.7642334762891702,0.025474449209639004,1.756347804508471,0.014504216729879562,45.0,0.0
0_1193,30672980#4,30674315#11,31,41.09319943662766,16.853728716859614,41.0929958887206,16.85348677259829,41.09762167433529,16.86078183182401,41.0975908593457,16.860854905020272,0.8616950413405036,0.027796614236790435,1.756347804508471,0.015826372296784096,45.0,0.0
0_1194,30672980#4,30674315#8,28,41.09319943662766,16.853728716859614,41.0929958887206,16.85348677259829,41.09783406893447,16.85935956518292,41.09781757948696,16.860074005211207,0.6985440356707404,0.024948001273955012,1.756347804508471,0.014204476590521844,45.0,0.0
0_1195,30672980#4,30674315#9,29,41.09319943662766,16.853728716859614,41.0929958887206,16.85348677259829,41.09781757948696,16.860074005211207,41.09773009884011,16.860532461562137,0.9473199076865115,0.032666203713327985,1.756347804508471,0.018598937880911295,45.0,0.0
0_1196,30672980#4,30674359#4,32,41.09319943662766,16.853728716859614,41.0929958887206,16.85348677259829,41.09788351207976,16.86008527251128,41.097886790174485,16.85993247707892,0.9315291449551715,0.02911028577984911,1.756347804508471,0.016574328675177108,45.0,0.0
0_1197,30672980#4,30674359#5,33,41.09319943662766,16.853728716859614,41.0929958887206,16.85348677259829,41.097886790174485,16.85993247707892,41.097887056561405,16.859358083149928,0.7037342951356658,0.02132528167077775,1.756347804508471,0.012141832964995115,45.0,0.0
0_1198,30672980#4,30674385#2,33,41.09319943662766,16.853728716859614,41.0929958887206,16.85348677259829,41.09752079197923,16.86113857805688,41.097541272342,16.861158803055236,0.8863917392675322,0.026860355735379766,1.756347804508471,0.015293301057131373,45.0,0.0
0_1199,30672980#4,30674948,24,41.09319943662766,16.853728716859614,41.0929958887206,16.85348677259829,41.09346290764322,16.859512259912492,41.0937563740557,16.85923859402608,0.860901150839598,0.035870881284983246,1.756347804508471,0.02042356371152923,45.0,0.0
0_1200,30672980#4,30675059#0,28,41.09319943662766,16.853728716859614,41.0929958887206,16.85348677259829,41.09575898407665,16.861403291409037,41.09556026737646,16.861799770540163,0.6379132343945288,0.022782615514090315,1.756347804508471,0.012971585386224924,45.0,0.0
0_1201,30672980#4,30675059#1,29,41.09319943662766,16.853728716859614,41.0929958887206,16.85348677259829,41.09556026737646,16.861799770540163,41.09428507077666,16.861822930016572,0.921546178165674,0.031777454419505996,1.756347804508471,0.018092916640960636,45.0,0.0
0_1202,30672980#4,33831688,46,41.09319943662766,16.853728716859614,41.0929958887206,16.85348677259829,41.09717022441964,16.862141610446756,41.09717150257013,16.862346685598727,0.9040492566375857,0.019653244709512734,1.756347804508471,0.011189836465797765,45.0,0.0
0_1203,30672980#4,48563895#1,12,41.09319943662766,16.853728716859614,41.0929958887206,16.85348677259829,41.094497059549575,16.854662484304253,41.09459493177244,16.85467607291383,0.5217421905795214,0.04347851588162678,1.756347804508471,0.024755071728970342,45.0,0.0
0_1204,30672980#4,48563902#0,21,41.09319943662766,16.853728716859614,41.0929958887206,16.85348677259829,41.093159424293006,16.861119861413044,41.092910609638544,16.861550868324073,0.5254709967094403,0.025022428414735252,1.756347804508471,0.014246852673772091,45.0,0.0
0_1205,30672980#4,48874527#2,28,41.09319943662766,16.853728716859614,41.0929958887206,16.85348677259829,41.094611131446,16.86076995428607,41.09433377805168,16.860614722600705,0.7525414404736902,0.026876480016917507,1.756347804508471,0.01530248163144379,45.0,0.0
0_1206,30672980#4,50077954,20,41.09319943662766,16.853728716859614,41.0929958887206,16.85348677259829,41.094481033476846,16.855484180652265,41.09590934506375,16.85589778274809,0.5027685118647933,0.025138425593239668,1.756347804508471,0.01431289721130996,45.0,0.0
0_1207,30672980#4,96606465,22,41.09319943662766,16.853728716859614,41.0929958887206,16.85348677259829,41.09320904205983,16.86036794969964,41.093226008438016,16.859824905081403,0.9281289602816092,0.04218768001280042,1.756347804508471,0.024020117145651002,45.0,0.0
0_1208,30674192#0,-131752097#1,24,41.096145265720544,16.8609156599333,41.09599635065624,16.860621524839004,41.09628587040379,16.863506396736675,41.09627339570725,16.863759660301465,0.9891810976735492,0.04121587906973122,1.8100338824647089,0.022770777646221672,45.0,0.0
0_1209,30674192#0,-25654991#0,24,41.096145265720544,16.8609156599333,41.09599635065624,16.860621524839004,41.09267829914716,16.854073630954087,41.09207574955028,16.85389154719994,0.524430943570167,0.02185128931542362,1.8100338824647089,0.012072309544652772,45.0,0.0
0_1210,30674192#0,-33831688,31,41.096145265720544,16.8609156599333,41.09599635065624,16.860621524839004,41.09717150257013,16.862346685598727,41.09717022441964,16.862141610446756,0.8880297995777644,0.028646122567024656,1.8100338824647089,0.015826290791870402,45.0,0.0
0_1211,30674192#0,-48874524,20,41.096145265720544,16.8609156599333,41.09599635065624,16.860621524839004,41.09782874807601,16.858422322289133,41.09720965467912,16.86010828803053,0.7362184754114527,0.036810923770572636,1.8100338824647089,0.02033714624195183,45.0,0.0
0_1212,30674192#0,-50077954,13,41.096145265720544,16.8609156599333,41.09599635065624,16.860621524839004,41.09590934506375,16.85589778274809,41.094481033476846,16.855484180652265,0.7342388602054986,0.056479912323499894,1.8100338824647089,0.03120378732722486,45.0,0.0
0_1213,30674192#0,-50370694#0,23,41.096145265720544,16.8609156599333,41.09599635065624,16.860621524839004,41.09390877175432,16.860555577386883,41.09389978504193,16.86089441913475,0.961869881983078,0.041820429651438173,1.8100338824647089,0.023104777240131893,45.0,0.0
0_1214,30674192#0,114953453#6,19,41.096145265720544,16.8609156599333,41.09599635065624,16.860621524839004,41.09289989869124,16.857979997773366,41.09252833667128,16.85806965698529,0.6991453701218819,0.03679712474325694,1.8100338824647089,0.020329522612665452,45.0,0.0
0_1215,30674192#0,1223050325#0,14,41.096145265720544,16.8609156599333,41.09599635065624,16.860621524839004,41.09575898407665,16.861403291409037,41.09578940828096,16.861627521735652,0.9952639436384928,0.07109028168846376,1.8100338824647089,0.03927566349844274,45.0,0.0
0_1216,30674192#0,1223050326,13,41.096145265720544,16.8609156599333,41.09599635065624,16.860621524839004,41.09577203818025,16.86132567064774,41.09575898407665,16.861403291409037,0.607278067800681,0.046713697523129316,1.8100338824647089,0.025808189545888302,45.0,0.0
0_1217,30674192#0,1226960836#1,26,41.096145265720544,16.8609156599333,41.09599635065624,16.860621524839004,41.09326327598272,16.856459442663375,41.09325705252129,16.85653261037847,0.9311406007930574,0.03581310003050221,1.8100338824647089,0.019785872727275024,45.0,0.0
0_1218,30674192#0,131750844#7,17,41.096145265720544,16.8609156599333,41.09599635065624,16.860621524839004,41.09588692434208,16.86204201283392,41.096023183819085,16.86206015013157,0.5233797481507474,0.030787044008867493,1.8100338824647089,0.01700909817607669,45.0,0.0
0_1219,30674192#0,131750844#8,18,41.096145265720544,16.8609156599333,41.09599635065624,16.860621524839004,41.096023183819085,16.86206015013157,41.09607053280287,16.862073156374553,0.6434691655021533,0.03574828697234184,1.8100338824647089,0.019750065078154053,45.0,0.0
0_1220,30674192#0,131750844#9,19,41.096145265720544,16.8609156599333,41.09599635065624,16.860621524839004,41.09607053280287,16.862073156374553,41.09624619327664,16.862345189534487,0.9420309163747914,0.04958057454604165,1.8100338824647089,0.027392069853702503,45.0,0.0
0_1221,30674192#0,131750850#0,19,41.096145265720544,16.8609156599333,41.09599635065624,16.860621524839004,41.09406666971318,16.861809974981103,41.09374076152227,16.861733142040123,0.5069547450369767,0.026681828686156667,1.8100338824647089,0.01474106586879149,45.0,0.0
0_1222,30674192#0,131750853#0,16,41.096145265720544,16.8609156599333,41.09599635065624,16.860621524839004,41.09428507077666,16.861822930016572,41.094248634240174,16.861820234016683,0.7392637782015228,0.046203986137595174,1.8100338824647089,0.025526586317091243,45.0,0.0
0_1223,30674192#0,131750853#2,18,41.096145265720544,16.8609156599333,41.09599635065624,16.860621524839004,41.09422326217536,16.861818445841735,41.09406666971318,16.861809974981103,0.6776776573919634,0.037648758743997965,1.8100338824647089,0.02080002982747038,45.0,0.0
0_1224,30674192#0,131752095#2,8,41.096145265720544,16.8609156599333,41.09599635065624,16.860621524839004,41.09606913880409,16.857384087393385,41.09607773810893,16.85711333011326,0.83595740343852,0.104494675429815,1.8100338824647089,0.0577307841815234,45.0,0.0
0_1225,30674192#0,25817423#3,17,41.096145265720544,16.8609156599333,41.09599635065624,16.860621524839004,41.093433790346566,16.855687830843742,41.09352569242476,16.85465158647345,0.701405898370544,0.04125917049238494,1.8100338824647089,0.022794695111564792,45.0,0.0
0_1226,30674192#0,25817735#2,37,41.096145265720544,16.8609156599333,41.09599635065624,16.860621524839004,41.09257525037648,16.866055037799217,41.08991586912939,16.865878687144406,0.8744212646649108,0.0236330071531057,1.8100338824647089,0.01305666561386399,45.0,0.0
0_1227,30674192#0,25819014#1,18,41.096145265720544,16.8609156599333,41.09599635065624,16.860621524839004,41.09637979984023,16.861535604961926,41.096390396588056,16.86145398483175,0.7402944769715434,0.041127470942863516,1.8100338824647089,0.02272193429156175,45.0,0.0
0_1228,30674192#0,25819014#2,19,41.096145265720544,16.8609156599333,41.09599635065624,16.860621524839004,41.096390396588056,16.86145398483175,41.09617566373433,16.86105237527639,0.6303776307533024,0.033177770039647496,1.8100338824647089,0.018329916561821254,45.0,0.0
0_1229,30674192#0,25819177#2,21,41.096145265720544,16.8609156599333,41.09599635065624,16.860621524839004,41.09333584930795,16.855672929401177,41.09331846638719,16.855846153569416,0.6587488339435202,0.03136899209254858,1.8100338824647089,0.017330610435774645,45.0,0.0
0_1230,30674192#0,25819177#3,22,41.096145265720544,16.8609156599333,41.09599635065624,16.860621524839004,41.09331846638719,16.855846153569416,41.09330344191395,16.855984796607544,0.9960823217309392,0.04527646916958815,1.8100338824647089,0.02501415559577014,45.0,0.0
0_1231,30674192#0,25819177#5,24,41.096145265720544,16.8609156599333,41.09599635065624,16.860621524839004,41.09328897220411,16.85615607855325,41.093276282258536,16.856306336332803,0.8075165227654508,0.033646521781893785,1.8100338824647089,0.018588890577052392,45.0,0.0
0_1232,30674192#0,28279138#5,23,41.096145265720544,16.8609156599333,41.09599635065624,16.860621524839004,41.09309962997091,16.8641768999245,41.09122003932151,16.863954806076606,0.5705204829385997,0.024805238388634767,1.8100338824647089,0.01370429505709455,45.0,0.0
0_1233,30674192#0,28921528#2,13,41.096145265720544,16.8609156599333,41.09599635065624,16.860621524839004,41.09590934506375,16.85589778274809,41.09589464404242,16.856597607978603,0.8836988299258755,0.0679768330712212,1.8100338824647089,0.03755555834051995,45.0,0.0
0_1234,30674192#0,28921528#8,10,41.096145265720544,16.8609156599333,41.09599635065624,16.860621524839004,41.095864883749904,16.858939789299576,41.09579879841287,16.860483307032734,0.8308334192104585,0.08308334192104586,1.8100338824647089,0.04590153959323232,45.0,0.0
0_1235,30674192#0,30672980#0,27,41.096145265720544,16.8609156599333,41.09599635065624,16.860621524839004,41.09410258065408,16.854547680343014,41.0940220774019,16.854495884667088,0.9711461829183479,0.03596837714512399,1.8100338824647089,0.01987165958249695,45.0,0.0
0_1236,30674192#0,30672980#6,24,41.096145265720544,16.8609156599333,41.09599635065624,16.860621524839004,41.09290701188394,16.85345153155061,41.09274366748828,16.853398004520955,0.5660820417037635,0.023586751737656814,1.8100338824647089,0.013031110614094649,45.0,0.0
0_1237,30674192#0,30673346,19,41.096145265720544,16.8609156599333,41.09599635065624,16.860621524839004,41.09289989869124,16.857979997773366,41.0924620240455,16.857540225068156,0.9562124656361255,0.05032697187558555,1.8100338824647089,0.02780443634958684,45.0,0.0
0_1238,30674192#0,30674315#11,27,41.096145265720544,16.8609156599333,41.09599635065624,16.860621524839004,41.09762167433529,16.86078183182401,41.0975908593457,16.860854905020272,0.6882603478946971,0.025491123996099894,1.8100338824647089,0.014083230288147331,45.0,0.0
0_1239,30674192#0,30674315#8,21,41.096145265720544,16.8609156599333,41.09599635065624,16.860621524839004,41.09783406893447,16.85935956518292,41.09781757948696,16.860074005211207,0.8178462433799397,0.038945059208568555,1.8100338824647089,0.021516204522943724,45.0,0.0
0_1240,30674192#0,30674315#9,22,41.096145265720544,16.8609156599333,41.09599635065624,16.860621524839004,41.09781757948696,16.860074005211207,41.09773009884011,16.860532461562137,0.8481893053878518,0.03855405933581144,1.8100338824647089,0.021300186537565078,45.0,0.0
0_1241,30674192#0,30674359#4,29,41.096145265720544,16.8609156599333,41.09599635065624,16.860621524839004,41.09788351207976,16.86008527251128,41.097886790174485,16.85993247707892,0.503584800320112,0.01736499311448662,1.8100338824647089,0.009593739256881118,45.0,0.0
0_1242,30674192#0,30674359#5,30,41.096145265720544,16.8609156599333,41.09599635065624,16.860621524839004,41.097886790174485,16.85993247707892,41.097887056561405,16.859358083149928,0.6947902609101593,0.023159675363671976,1.8100338824647089,0.01279516123318953,45.0,0.0
0_1243,30674192#0,30674385#2,24,41.096145265720544,16.8609156599333,41.09599635065624,16.860621524839004,41.09752079197923,16.86113857805688,41.097541272342,16.861158803055236,0.6109630450256653,0.025456793542736056,1.8100338824647089,0.014064263541891128,45.0,0.0
0_1244,30674192#0,30674948,24,41.096145265720544,16.8609156599333,41.09599635065624,16.860621524839004,41.09346290764322,16.859512259912492,41.0937563740557,16.85923859402608,0.850219717178506,0.03542582154910441,1.8100338824647089,0.01957191072073488,45.0,0.0
0_1245,30674192#0,30675059#0,14,41.096145265720544,16.8609156599333,41.09599635065624,16.860621524839004,41.09575898407665,16.861403291409037,41.09556026737646,16.861799770540163,0.7997617608032619,0.057125840057375844,1.8100338824647089,0.03156064679827321,45.0,0.0
0_1246,30674192#0,30675059#1,15,41.096145265720544,16.8609156599333,41.09599635065624,16.860621524839004,41.09556026737646,16.861799770540163,41.09428507077666,16.861822930016572,0.661257572807163,0.0440838381871442,1.8100338824647089,0.02435525578511027,45.0,0.0
0_1247,30674192#0,33831688,32,41.096145265720544,16.8609156599333,41.09599635065624,16.860621524839004,41.09717022441964,16.862141610446756,41.09717150257013,16.862346685598727,0.8783197391687995,0.027447491849024983,1.8100338824647089,0.015164076272235275,45.0,0.0
0_1248,30674192#0,48563895#1,26,41.096145265720544,16.8609156599333,41.09599635065624,16.860621524839004,41.094497059549575,16.854662484304253,41.09459493177244,16.85467607291383,0.6369369638393717,0.024497575532283527,1.8100338824647089,0.01353431876033468,45.0,0.0
0_1249,30674192#0,48563902#0,21,41.096145265720544,16.8609156599333,41.09599635065624,16.860621524839004,41.093159424293006,16.861119861413044,41.092910609638544,16.861550868324073,0.66311880907166,0.03157708614626952,1.8100338824647089,0.017445577374093822,45.0,0.0
0_1250,30674192#0,48874527#2,14,41.096145265720544,16.8609156599333,41.09599635065624,16.860621524839004,41.094611131446,16.86076995428607,41.09433377805168,16.860614722600705,0.5588885355383636,0.03992060968131168,1.8100338824647089,0.02205517259541689,45.0,0.0
0_1251,30674192#0,50077954,14,41.096145265720544,16.8609156599333,41.09599635065624,16.860621524839004,41.094481033476846,16.855484180652265,41.09590934506375,16.85589778274809,0.7524514438665209,0.053746531704751487,1.8100338824647089,0.02969366055820196,45.0,0.0
0_1252,30674192#0,96606465,22,41.096145265720544,16.8609156599333,41.09599635065624,16.860621524839004,41.09320904205983,16.86036794969964,41.093226008438016,16.859824905081403,0.9595641478920204,0.04361655217691002,1.8100338824647089,0.024097091551412122,45.0,0.0
0_1253,30674192#1,-131752097#1,23,41.09599635065624,16.860621524839004,41.09600287001016,16.85976608478738,41.09628587040379,16.863506396736675,41.09627339570725,16.863759660301465,0.5572994896955262,0.024230412595457662,1.931259355613499,0.012546431179752364,45.0,0.0
0_1254,30674192#1,-25654991#0,23,41.09599635065624,16.860621524839004,41.09600287001016,16.85976608478738,41.09267829914716,16.854073630954087,41.09207574955028,16.85389154719994,0.7533570156441036,0.03275465285409146,1.931259355613499,0.01696025588633918,45.0,0.0
0_1255,30674192#1,-33831688,30,41.09599635065624,16.860621524839004,41.09600287001016,16.85976608478738,41.09717150257013,16.862346685598727,41.09717022441964,16.862141610446756,0.6820527388892785,0.022735091296309285,1.931259355613499,0.011772158529731538,45.0,0.0
0_1256,30674192#1,-48874524,19,41.09599635065624,16.860621524839004,41.09600287001016,16.85976608478738,41.09782874807601,16.858422322289133,41.09720965467912,16.86010828803053,0.9824732365336131,0.05170911771229542,1.931259355613499,0.02677481797667155,45.0,0.0
0_1257,30674192#1,-50077954,12,41.09599635065624,16.860621524839004,41.09600287001016,16.85976608478738,41.09590934506375,16.85589778274809,41.094481033476846,16.855484180652265,0.9336506856984991,0.07780422380820826,1.931259355613499,0.04028678156668003,45.0,0.0
0_1258,30674192#1,-50370694#0,22,41.09599635065624,16.860621524839004,41.09600287001016,16.85976608478738,41.09390877175432,16.860555577386883,41.09389978504193,16.86089441913475,0.6335321126229504,0.02879691421013411,1.931259355613499,0.01491095130565012,45.0,0.0
0_1259,30674192#1,114953453#6,18,41.09599635065624,16.860621524839004,41.09600287001016,16.85976608478738,41.09289989869124,16.857979997773366,41.09252833667128,16.85806965698529,0.5613207114833203,0.03118448397129557,1.931259355613499,0.016147227393696825,45.0,0.0
0_1260,30674192#1,1223050325#0,13,41.09599635065624,16.860621524839004,41.09600287001016,16.85976608478738,41.09575898407665,16.861403291409037,41.09578940828096,16.861627521735652,0.7788599990528204,0.05991230761944773,1.931259355613499,0.031022403824376824,45.0,0.0
0_1261,30674192#1,1223050326,12,41.09599635065624,16.860621524839004,41.09600287001016,16.85976608478738,41.09577203818025,16.86132567064774,41.09575898407665,16.861403291409037,0.59886292926983,0.04990524410581916,1.931259355613499,0.025840777915592736,45.0,0.0
0_1262,30674192#1,1226960836#1,25,41.09599635065624,16.860621524839004,41.09600287001016,16.85976608478738,41.09326327598272,16.856459442663375,41.09325705252129,16.85653261037847,0.9177654054566516,0.036710616218266066,1.931259355613499,0.019008641232758864,45.0,0.0
0_1263,30674192#1,131750844#7,16,41.09599635065624,16.860621524839004,41.09600287001016,16.85976608478738,41.09588692434208,16.86204201283392,41.096023183819085,16.86206015013157,0.5765584612225438,0.03603490382640899,1.931259355613499,0.01865875948855241,45.0,0.0
0_1264,30674192#1,131750844#8,17,41.09599635065624,16.860621524839004,41.09600287001016,16.85976608478738,41.096023183819085,16.86206015013157,41.09607053280287,16.862073156374553,0.594610582326147,0.03497709307800865,1.931259355613499,0.018111028421088245,45.0,0.0
0_1265,30674192#1,131750844#9,18,41.09599635065624,16.860621524839004,41.09600287001016,16.85976608478738,41.09607053280287,16.862073156374553,41.09624619327664,16.862345189534487,0.8964342085350262,0.04980190047416812,1.931259355613499,0.025787266909237914,45.0,0.0
0_1266,30674192#1,131750850#0,18,41.09599635065624,16.860621524839004,41.09600287001016,16.85976608478738,41.09406666971318,16.861809974981103,41.09374076152227,16.861733142040123,0.8516980911679182,0.047316560620439894,1.931259355613499,0.02450036577578621,45.0,0.0
0_1267,30674192#1,131750853#0,15,41.09599635065624,16.860621524839004,41.09600287001016,16.85976608478738,41.09428507077666,16.861822930016572,41.094248634240174,16.861820234016683,0.6684491736848748,0.04456327824565832,1.931259355613499,0.023074724850460075,45.0,0.0
0_1268,30674192#1,131750853#2,17,41.09599635065624,16.860621524839004,41.09600287001016,16.85976608478738,41.09422326217536,16.861818445841735,41.09406666971318,16.861809974981103,0.761940251273978,0.04482001478082224,1.931259355613499,0.02320766221820288,45.0,0.0
0_1269,30674192#1,131752095#2,7,41.09599635065624,16.860621524839004,41.09600287001016,16.85976608478738,41.09606913880409,16.857384087393385,41.09607773810893,16.85711333011326,0.6606000241624332,0.09437143202320475,1.931259355613499,0.04886522970045418,45.0,0.0
0_1270,30674192#1,25817423#3,16,41.09599635065624,16.860621524839004,41.09600287001016,16.85976608478738,41.093433790346566,16.855687830843742,41.09352569242476,16.85465158647345,0.8161024007932209,0.05100640004957631,1.931259355613499,0.02641095298843133,45.0,0.0
0_1271,30674192#1,25817735#2,36,41.09599635065624,16.860621524839004,41.09600287001016,16.85976608478738,41.09257525037648,16.866055037799217,41.08991586912939,16.865878687144406,0.6109195672655103,0.01696998797959751,1.931259355613499,0.008787006224861338,45.0,0.0
0_1272,30674192#1,25819014#1,17,41.09599635065624,16.860621524839004,41.09600287001016,16.85976608478738,41.09637979984023,16.861535604961926,41.096390396588056,16.86145398483175,0.9822638659232719,0.057780227407251285,1.931259355613499,0.02991841941855415,45.0,0.0
0_1273,30674192#1,25819014#2,18,41.09599635065624,16.860621524839004,41.09600287001016,16.85976608478738,41.096390396588056,16.86145398483175,41.09617566373433,16.86105237527639,0.8118358797325593,0.04510199331847552,1.931259355613499,0.023353669815180295,45.0,0.0
0_1274,30674192#1,25819177#2,20,41.09599635065624,16.860621524839004,41.09600287001016,16.85976608478738,41.09333584930795,16.855672929401177,41.09331846638719,16.855846153569416,0.7550751723193299,0.0377537586159665,1.931259355613499,0.019548777074518478,45.0,0.0
0_1275,30674192#1,25819177#3,21,41.09599635065624,16.860621524839004,41.09600287001016,16.85976608478738,41.09331846638719,16.855846153569416,41.09330344191395,16.855984796607544,0.5369993607014218,0.025571398128639133,1.931259355613499,0.013240789257181836,45.0,0.0
0_1276,30674192#1,25819177#5,23,41.09599635065624,16.860621524839004,41.09600287001016,16.85976608478738,41.09328897220411,16.85615607855325,41.093276282258536,16.856306336332803,0.8281107813862723,0.03600481658201184,1.931259355613499,0.018643180408347726,45.0,0.0
0_1277,30674192#1,28279138#5,22,41.09599635065624,16.860621524839004,41.09600287001016,16.85976608478738,41.09309962997091,16.8641768999245,41.09122003932151,16.863954806076606,0.9886881437174955,0.04494037016897707,1.931259355613499,0.02326998185839258,45.0,0.0
0_1278,30674192#1,28921528#2,12,41.09599635065624,16.860621524839004,41.09600287001016,16.85976608478738,41.09590934506375,16.85589778274809,41.09589464404242,16.856597607978603,0.686132786456348,0.057177732204695665,1.931259355613499,0.029606449303921763,45.0,0.0
0_1279,30674192#1,28921528#8,9,41.09599635065624,16.860621524839004,41.09600287001016,16.85976608478738,41.095864883749904,16.858939789299576,41.09579879841287,16.860483307032734,0.6845535600015453,0.07606150666683836,1.931259355613499,0.03938440813024622,45.0,0.0
0_1280,30674192#1,30672980#0,26,41.09599635065624,16.860621524839004,41.09600287001016,16.85976608478738,41.09410258065408,16.854547680343014,41.0940220774019,16.854495884667088,0.8397841340790251,0.0322993897722702,1.931259355613499,0.016724522099213195,45.0,0.0
0_1281,30674192#1,30672980#6,23,41.09599635065624,16.860621524839004,41.09600287001016,16.85976608478738,41.09290701188394,16.85345153155061,41.09274366748828,16.853398004520955,0.7679176144824875,0.0333877223688038,1.931259355613499,0.017288057283325158,45.0,0.0
0_1282,30674192#1,30673346,18,41.09599635065624,16.860621524839004,41.09600287001016,16.85976608478738,41.09289989869124,16.857979997773366,41.0924620240455,16.857540225068156,0.8046944689196494,0.044705248273313854,1.931259355613499,0.023148236482775475,45.0,0.0
0_1283,30674192#1,30674315#11,26,41.09599635065624,16.860621524839004,41.09600287001016,16.85976608478738,41.09762167433529,16.86078183182401,41.0975908593457,16.860854905020272,0.8038097621498017,0.030915760082684682,1.931259355613499,0.016008083012166816,45.0,0.0
0_1284,30674192#1,30674315#8,20,41.09599635065624,16.860621524839004,41.09600287001016,16.85976608478738,41.09783406893447,16.85935956518292,41.09781757948696,16.860074005211207,0.722091343694788,0.0361045671847394,1.931259355613499,0.018694830955664234,45.0,0.0
0_1285,30674192#1,30674315#9,21,41.09599635065624,16.860621524839004,41.09600287001016,16.85976608478738,41.09781757948696,16.860074005211207,41.09773009884011,16.860532461562137,0.9286166481728308,0.04421984038918242,1.931259355613499,0.022896893812139073,45.0,0.0
0_1286,30674192#1,30674359#4,28,41.09599635065624,16.860621524839004,41.09600287001016,16.85976608478738,41.09788351207976,16.86008527251128,41.097886790174485,16.85993247707892,0.6221029327439058,0.022217961883710922,1.931259355613499,0.011504390551756312,45.0,0.0
0_1287,30674192#1,30674359#5,29,41.09599635065624,16.860621524839004,41.09600287001016,16.85976608478738,41.097886790174485,16.85993247707892,41.097887056561405,16.859358083149928,0.7250793935294624,0.025002737707912497,1.931259355613499,0.012946338685810499,45.0,0.0
0_1288,30674192#1,30674385#2,23,41.09599635065624,16.860621524839004,41.09600287001016,16.85976608478738,41.09752079197923,16.86113857805688,41.097541272342,16.861158803055236,0.718919585583558,0.031257373286241646,1.931259355613499,0.01618496925096432,45.0,0.0
0_1289,30674192#1,30674948,23,41.09599635065624,16.860621524839004,41.09600287001016,16.85976608478738,41.09346290764322,16.859512259912492,41.0937563740557,16.85923859402608,0.5316539715395727,0.023115390066937944,1.931259355613499,0.011969076033081496,45.0,0.0
0_1290,30674192#1,30675059#0,13,41.09599635065624,16.860621524839004,41.09600287001016,16.85976608478738,41.09575898407665,16.861403291409037,41.09556026737646,16.861799770540163,0.8497906208862285,0.06536850929894066,1.931259355613499,0.03384760783627385,45.0,0.0
0_1291,30674192#1,30675059#1,14,41.09599635065624,16.860621524839004,41.09600287001016,16.85976608478738,41.09556026737646,16.861799770540163,41.09428507077666,16.861822930016572,0.9754698373168893,0.06967641695120637,1.931259355613499,0.03607822882446175,45.0,0.0
0_1292,30674192#1,33831688,31,41.09599635065624,16.860621524839004,41.09600287001016,16.85976608478738,41.09717022441964,16.862141610446756,41.09717150257013,16.862346685598727,0.9321527858597192,0.03006944470515223,1.931259355613499,0.015569863580337264,45.0,0.0
0_1293,30674192#1,48563895#1,25,41.09599635065624,16.860621524839004,41.09600287001016,16.85976608478738,41.094497059549575,16.854662484304253,41.09459493177244,16.85467607291383,0.9906842278216941,0.039627369112867766,1.931259355613499,0.020518926677395657,45.0,0.0
0_1294,30674192#1,48563902#0,20,41.09599635065624,16.860621524839004,41.09600287001016,16.85976608478738,41.093159424293006,16.861119861413044,41.092910609638544,16.861550868324073,0.7176503796736429,0.035882518983682145,1.931259355613499,0.018579855097858373,45.0,0.0
0_1295,30674192#1,48874527#2,13,41.09599635065624,16.860621524839004,41.09600287001016,16.85976608478738,41.094611131446,16.86076995428607,41.09433377805168,16.860614722600705,0.9942701832844965,0.07648232179111511,1.931259355613499,0.03960230487366061,45.0,0.0
0_1296,30674192#1,50077954,13,41.09599635065624,16.860621524839004,41.09600287001016,16.85976608478738,41.094481033476846,16.855484180652265,41.09590934506375,16.85589778274809,0.6217269935690741,0.047825153351467246,1.931259355613499,0.024763713486982558,45.0,0.0
0_1297,30674192#1,96606465,21,41.09599635065624,16.860621524839004,41.09600287001016,16.85976608478738,41.09320904205983,16.86036794969964,41.093226008438016,16.859824905081403,0.5692090286653073,0.02710519184120511,1.931259355613499,0.014034982801465659,45.0,0.0
0_1298,30674315#11,-131752097#1,23,41.09762167433529,16.86078183182401,41.0975908593457,16.860854905020272,41.09628587040379,16.863506396736675,41.09627339570725,16.863759660301465,0.8675976886126419,0.037721638635332254,2.045925239590578,0.018437447226996893,44.0,52.0
0_1299,30674315#11,-25654991#0,31,41.09762167433529,16.86078183182401,41.0975908593457,16.860854905020272,41.09267829914716,16.854073630954087,41.09207574955028,16.85389154719994,0.6677027946596046,0.02153879982772918,2.045925239590578,0.010527657321456885,44.0,52.0
0_1300,30674315#11,-33831688,30,41.09762167433529,16.86078183182401,41.0975908593457,16.860854905020272,41.09717150257013,16.862346685598727,41.09717022441964,16.862141610446756,0.9806055849067501,0.032686852830225,2.045925239590578,0.01597656268064133,44.0,52.0
0_1301,30674315#11,-48874524,17,41.09762167433529,16.86078183182401,41.0975908593457,16.860854905020272,41.09782874807601,16.858422322289133,41.09720965467912,16.86010828803053,0.8428610754958947,0.049580063264464395,2.045925239590578,0.024233565481789624,44.0,52.0
0_1302,30674315#11,-50077954,20,41.09762167433529,16.86078183182401,41.0975908593457,16.860854905020272,41.09590934506375,16.85589778274809,41.094481033476846,16.855484180652265,0.637288762845883,0.03186443814229415,2.045925239590578,0.015574585779425023,44.0,52.0
0_1303,30674315#11,-50370694#0,22,41.09762167433529,16.86078183182401,41.0975908593457,16.860854905020272,41.09390877175432,16.860555577386883,41.09389978504193,16.86089441913475,0.8025538098769374,0.03647971863076988,2.045925239590578,0.01783042602185701,44.0,52.0
0_1304,30674315#11,114953453#6,26,41.09762167433529,16.86078183182401,41.0975908593457,16.860854905020272,41.09289989869124,16.857979997773366,41.09252833667128,16.85806965698529,0.7082290976882386,0.02723958068031687,2.045925239590578,0.01331406453823696,44.0,52.0
0_1305,30674315#11,1223050325#0,13,41.09762167433529,16.86078183182401,41.0975908593457,16.860854905020272,41.09575898407665,16.861403291409037,41.09578940828096,16.861627521735652,0.8117724847698919,0.06244403728999169,2.045925239590578,0.03052117256370899,44.0,52.0
0_1306,30674315#11,1223050326,12,41.09762167433529,16.86078183182401,41.0975908593457,16.860854905020272,41.09577203818025,16.86132567064774,41.09575898407665,16.861403291409037,0.9031444440032892,0.07526203700027409,2.045925239590578,0.036786308484729975,44.0,52.0
0_1307,30674315#11,1226960836#1,33,41.09762167433529,16.86078183182401,41.0975908593457,16.860854905020272,41.09326327598272,16.856459442663375,41.09325705252129,16.85653261037847,0.5875928907214177,0.017805845173376297,2.045925239590578,0.008703077135379359,44.0,52.0
0_1308,30674315#11,131750844#7,16,41.09762167433529,16.86078183182401,41.0975908593457,16.860854905020272,41.09588692434208,16.86204201283392,41.096023183819085,16.86206015013157,0.8023626306966825,0.05014766441854265,2.045925239590578,0.02451099553792982,44.0,52.0
0_1309,30674315#11,131750844#8,17,41.09762167433529,16.86078183182401,41.0975908593457,16.860854905020272,41.096023183819085,16.86206015013157,41.09607053280287,16.862073156374553,0.6635699245156759,0.039033524971510344,2.045925239590578,0.019078666324739008,44.0,52.0
0_1310,30674315#11,131750844#9,18,41.09762167433529,16.86078183182401,41.0975908593457,16.860854905020272,41.09607053280287,16.862073156374553,41.09624619327664,16.862345189534487,0.9811374856052644,0.054507638089181354,2.045925239590578,0.02664204782970916,44.0,52.0
0_1311,30674315#11,131750850#0,18,41.09762167433529,16.86078183182401,41.0975908593457,16.860854905020272,41.09406666971318,16.861809974981103,41.09374076152227,16.861733142040123,0.5564005529673697,0.030911141831520536,2.045925239590578,0.015108637028059903,44.0,52.0
0_1312,30674315#11,131750853#0,15,41.09762167433529,16.86078183182401,41.0975908593457,16.860854905020272,41.09428507077666,16.861822930016572,41.094248634240174,16.861820234016683,0.6384071507146838,0.042560476714312255,2.045925239590578,0.02080255714662833,44.0,52.0
0_1313,30674315#11,131750853#2,17,41.09762167433529,16.86078183182401,41.0975908593457,16.860854905020272,41.09422326217536,16.861818445841735,41.09406666971318,16.861809974981103,0.6079060311493747,0.03575917830290439,2.045925239590578,0.017478242904936433,44.0,52.0
0_1314,30674315#11,131752095#2,15,41.09762167433529,16.86078183182401,41.0975908593457,16.860854905020272,41.09606913880409,16.857384087393385,41.09607773810893,16.85711333011326,0.5374728644343957,0.03583152429562638,2.045925239590578,0.017513603919758494,44.0,52.0
0_1315,30674315#11,25817423#3,24,41.09762167433529,16.86078183182401,41.0975908593457,16.860854905020272,41.093433790346566,16.855687830843742,41.09352569242476,16.85465158647345,0.665341879315346,0.027722578304806084,2.045925239590578,0.013550142384652242,44.0,52.0
0_1316,30674315#11,25817735#2,36,41.09762167433529,16.86078183182401,41.0975908593457,16.860854905020272,41.09257525037648,16.866055037799217,41.08991586912939,16.865878687144406,0.8384782421877437,0.02329106228299288,2.045925239590578,0.011384121879083808,44.0,52.0
0_1317,30674315#11,25819014#1,7,41.09762167433529,16.86078183182401,41.0975908593457,16.860854905020272,41.09637979984023,16.861535604961926,41.096390396588056,16.86145398483175,0.7498023318642228,0.10711461883774612,2.045925239590578,0.05235509918201187,44.0,52.0
0_1318,30674315#11,25819014#2,8,41.09762167433529,16.86078183182401,41.0975908593457,16.860854905020272,41.096390396588056,16.86145398483175,41.09617566373433,16.86105237527639,0.6755488613726591,0.08444360767158239,2.045925239590578,0.041274043663726875,44.0,52.0
0_1319,30674315#11,25819177#2,28,41.09762167433529,16.86078183182401,41.0975908593457,16.860854905020272,41.09333584930795,16.855672929401177,41.09331846638719,16.855846153569416,0.729673573877583,0.026059770495627965,2.045925239590578,0.012737401148070756,44.0,52.0
0_1320,30674315#11,25819177#3,29,41.09762167433529,16.86078183182401,41.0975908593457,16.860854905020272,41.09331846638719,16.855846153569416,41.09330344191395,16.855984796607544,0.5026699749821952,0.017333447413179146,2.045925239590578,0.008472180252611695,44.0,52.0
0_1321,30674315#11,25819177#5,31,41.09762167433529,16.86078183182401,41.0975908593457,16.860854905020272,41.09328897220411,16.85615607855325,41.093276282258536,16.856306336332803,0.866340742985475,0.027946475580176613,2.045925239590578,0.013659578091802193,44.0,52.0
0_1322,30674315#11,28279138#5,22,41.09762167433529,16.86078183182401,41.0975908593457,16.860854905020272,41.09309962997091,16.8641768999245,41.09122003932151,16.863954806076606,0.5139519691370948,0.02336145314259522,2.045925239590578,0.011418527270952588,44.0,52.0
0_1323,30674315#11,28921528#2,20,41.09762167433529,16.86078183182401,41.0975908593457,16.860854905020272,41.09590934506375,16.85589778274809,41.09589464404242,16.856597607978603,0.8304673990888782,0.04152336995444392,2.045925239590578,0.02029564382457758,44.0,52.0
0_1324,30674315#11,28921528#8,17,41.09762167433529,16.86078183182401,41.0975908593457,16.860854905020272,41.095864883749904,16.858939789299576,41.09579879841287,16.860483307032734,0.679055188861302,0.03994442287419424,2.045925239590578,0.019523891734278497,44.0,52.0
0_1325,30674315#11,30672980#0,34,41.09762167433529,16.86078183182401,41.0975908593457,16.860854905020272,41.09410258065408,16.854547680343014,41.0940220774019,16.854495884667088,0.51703493868326,0.015206909961272353,2.045925239590578,0.007432778904626787,44.0,52.0
0_1326,30674315#11,30672980#6,31,41.09762167433529,16.86078183182401,41.0975908593457,16.860854905020272,41.09290701188394,16.85345153155061,41.09274366748828,16.853398004520955,0.9890911012015067,0.03190616455488731,2.045925239590578,0.015594980665702252,44.0,52.0
0_1327,30674315#11,30673346,26,41.09762167433529,16.86078183182401,41.0975908593457,16.860854905020272,41.09289989869124,16.857979997773366,41.0924620240455,16.857540225068156,0.5074256643226407,0.01951637170471695,2.045925239590578,0.009539142157815348,44.0,52.0
0_1328,30674315#11,30674315#8,18,41.09762167433529,16.86078183182401,41.0975908593457,16.860854905020272,41.09783406893447,16.85935956518292,41.09781757948696,16.860074005211207,0.9816208679229914,0.05453449266238841,2.045925239590578,0.026655173711675615,44.0,52.0
0_1329,30674315#11,30674315#9,19,41.09762167433529,16.86078183182401,41.0975908593457,16.860854905020272,41.09781757948696,16.860074005211207,41.09773009884011,16.860532461562137,0.7820071758097387,0.04115827241103887,2.045925239590578,0.02011719275689433,44.0,52.0
0_1330,30674315#11,30674359#4,8,41.09762167433529,16.86078183182401,41.0975908593457,16.860854905020272,41.09788351207976,16.86008527251128,41.097886790174485,16.85993247707892,0.7597451298130276,0.09496814122662844,2.045925239590578,0.04641818742391245,44.0,52.0
0_1331,30674315#11,30674359#5,9,41.09762167433529,16.86078183182401,41.0975908593457,16.860854905020272,41.097886790174485,16.85993247707892,41.097887056561405,16.859358083149928,0.5718451225466972,0.06353834694963302,2.045925239590578,0.031056045313927524,44.0,52.0
0_1332,30674315#11,30674385#2,3,41.09762167433529,16.86078183182401,41.0975908593457,16.860854905020272,41.09752079197923,16.86113857805688,41.097541272342,16.861158803055236,0.8680224241586922,0.2893408080528974,2.045925239590578,0.1414229623125423,44.0,52.0
0_1333,30674315#11,30674948,23,41.09762167433529,16.86078183182401,41.0975908593457,16.860854905020272,41.09346290764322,16.859512259912492,41.0937563740557,16.85923859402608,0.8464028167682371,0.036800122468184225,2.045925239590578,0.01798703186023968,44.0,52.0
0_1334,30674315#11,30675059#0,13,41.09762167433529,16.86078183182401,41.0975908593457,16.860854905020272,41.09575898407665,16.861403291409037,41.09556026737646,16.861799770540163,0.7085614869441456,0.05450472976493428,2.045925239590578,0.026640626309415653,44.0,52.0
0_1335,30674315#11,30675059#1,14,41.09762167433529,16.86078183182401,41.0975908593457,16.860854905020272,41.09556026737646,16.861799770540163,41.09428507077666,16.861822930016572,0.6650229552643157,0.04750163966173683,2.045925239590578,0.023217681048425143,44.0,52.0
0_1336,30674315#11,33831688,31,41.09762167433529,16.86078183182401,41.0975908593457,16.860854905020272,41.09717022441964,16.862141610446756,41.09717150257013,16.862346685598727,0.5415419246829166,0.017469094344610213,2.045925239590578,0.008538481273199432,44.0,52.0
0_1337,30674315#11,48563895#1,33,41.09762167433529,16.86078183182401,41.0975908593457,16.860854905020272,41.094497059549575,16.854662484304253,41.09459493177244,16.85467607291383,0.8705254437982719,0.026379558902977936,2.045925239590578,0.01289370617875407,44.0,52.0
0_1338,30674315#11,48563902#0,20,41.09762167433529,16.86078183182401,41.0975908593457,16.860854905020272,41.093159424293006,16.861119861413044,41.092910609638544,16.861550868324073,0.9986302446344902,0.04993151223172451,2.045925239590578,0.02440534544738135,44.0,52.0
0_1339,30674315#11,48874527#2,21,41.09762167433529,16.86078183182401,41.0975908593457,16.860854905020272,41.094611131446,16.86076995428607,41.09433377805168,16.860614722600705,0.7810694639092041,0.03719378399567638,2.045925239590578,0.018179444329607785,44.0,52.0
0_1340,30674315#11,50077954,21,41.09762167433529,16.86078183182401,41.0975908593457,16.860854905020272,41.094481033476846,16.855484180652265,41.09590934506375,16.85589778274809,0.8092654628088594,0.038536450609945684,2.045925239590578,0.018835708101268372,44.0,52.0
0_1341,30674315#11,96606465,21,41.09762167433529,16.86078183182401,41.0975908593457,16.860854905020272,41.09320904205983,16.86036794969964,41.093226008438016,16.859824905081403,0.5738013420637886,0.02732387343160898,2.045925239590578,0.013355264846860641,44.0,52.0
0_1342,30674315#8,-131752097#1,26,41.09783406893447,16.85935956518292,41.09781757948696,16.860074005211207,41.09628587040379,16.863506396736675,41.09627339570725,16.863759660301465,0.8786005234525343,0.03379232782509747,2.224441591714312,0.015191375647249393,44.0,52.0
0_1343,30674315#8,-25654991#0,34,41.09783406893447,16.85935956518292,41.09781757948696,16.860074005211207,41.09267829914716,16.854073630954087,41.09207574955028,16.85389154719994,0.5347132158022601,0.015726859288301767,2.224441591714312,0.007070025729999743,44.0,52.0
0_1344,30674315#8,-33831688,33,41.09783406893447,16.85935956518292,41.09781757948696,16.860074005211207,41.09717150257013,16.862346685598727,41.09717022441964,16.862141610446756,0.8813259693219814,0.026706847555211556,2.224441591714312,0.012006090721685065,44.0,52.0
0_1345,30674315#8,-48874524,14,41.09783406893447,16.85935956518292,41.09781757948696,16.860074005211207,41.09782874807601,16.858422322289133,41.09720965467912,16.86010828803053,0.5082558595635376,0.03630398996882411,2.224441591714312,0.01632049594111648,44.0,52.0
0_1346,30674315#8,-50077954,23,41.09783406893447,16.85935956518292,41.09781757948696,16.860074005211207,41.09590934506375,16.85589778274809,41.094481033476846,16.855484180652265,0.503475907156334,0.021890256832884085,2.224441591714312,0.009840787420277422,44.0,52.0
0_1347,30674315#8,-50370694#0,25,41.09783406893447,16.85935956518292,41.09781757948696,16.860074005211207,41.09390877175432,16.860555577386883,41.09389978504193,16.86089441913475,0.9736250746072717,0.03894500298429087,2.224441591714312,0.01750776605209809,44.0,52.0
0_1348,30674315#8,114953453#6,29,41.09783406893447,16.85935956518292,41.09781757948696,16.860074005211207,41.09289989869124,16.857979997773366,41.09252833667128,16.85806965698529,0.7269894002197452,0.02506860000757742,2.224441591714312,0.011269614855680605,44.0,52.0
0_1349,30674315#8,1223050325#0,16,41.09783406893447,16.85935956518292,41.09781757948696,16.860074005211207,41.09575898407665,16.861403291409037,41.09578940828096,16.861627521735652,0.898913737580092,0.05618210859875575,2.224441591714312,0.025256724567651087,44.0,52.0
0_1350,30674315#8,1223050326,15,41.09783406893447,16.85935956518292,41.09781757948696,16.860074005211207,41.09577203818025,16.86132567064774,41.09575898407665,16.861403291409037,0.6171405975556081,0.04114270650370721,2.224441591714312,0.01849574592426126,44.0,52.0
0_1351,30674315#8,1226960836#1,36,41.09783406893447,16.85935956518292,41.09781757948696,16.860074005211207,41.09326327598272,16.856459442663375,41.09325705252129,16.85653261037847,0.6310088404949146,0.017528023347080958,2.224441591714312,0.007879740880754089,44.0,52.0
0_1352,30674315#8,131750844#7,19,41.09783406893447,16.85935956518292,41.09781757948696,16.860074005211207,41.09588692434208,16.86204201283392,41.096023183819085,16.86206015013157,0.5279376875996487,0.027786194084192032,2.224441591714312,0.012491312061279175,44.0,52.0
0_1353,30674315#8,131750844#8,20,41.09783406893447,16.85935956518292,41.09781757948696,16.860074005211207,41.096023183819085,16.86206015013157,41.09607053280287,16.862073156374553,0.622344727893253,0.031117236394662653,2.224441591714312,0.013988785549851867,44.0,52.0
0_1354,30674315#8,131750844#9,21,41.09783406893447,16.85935956518292,41.09781757948696,16.860074005211207,41.09607053280287,16.862073156374553,41.09624619327664,16.862345189534487,0.9036495174566037,0.043030929402695414,2.224441591714312,0.0193445984659605,44.0,52.0
0_1355,30674315#8,131750850#0,21,41.09783406893447,16.85935956518292,41.09781757948696,16.860074005211207,41.09406666971318,16.861809974981103,41.09374076152227,16.861733142040123,0.9429892996238473,0.04490425236304034,2.224441591714312,0.0201867527249542,44.0,52.0
0_1356,30674315#8,131750853#0,18,41.09783406893447,16.85935956518292,41.09781757948696,16.860074005211207,41.09428507077666,16.861822930016572,41.094248634240174,16.861820234016683,0.6301793011563821,0.035009961175354556,2.224441591714312,0.01573876396924111,44.0,52.0
0_1357,30674315#8,131750853#2,20,41.09783406893447,16.85935956518292,41.09781757948696,16.860074005211207,41.09422326217536,16.861818445841735,41.09406666971318,16.861809974981103,0.9779751121089311,0.048898755605446556,2.224441591714312,0.021982485756239487,44.0,52.0
0_1358,30674315#8,131752095#2,18,41.09783406893447,16.85935956518292,41.09781757948696,16.860074005211207,41.09606913880409,16.857384087393385,41.09607773810893,16.85711333011326,0.985856320369449,0.0547697955760805,2.224441591714312,0.024621817799167757,44.0,52.0
0_1359,30674315#8,25817423#3,27,41.09783406893447,16.85935956518292,41.09781757948696,16.860074005211207,41.093433790346566,16.855687830843742,41.09352569242476,16.85465158647345,0.8831877234004943,0.03271065642224053,2.224441591714312,0.01470510915821862,44.0,52.0
0_1360,30674315#8,25817735#2,39,41.09783406893447,16.85935956518292,41.09781757948696,16.860074005211207,41.09257525037648,16.866055037799217,41.08991586912939,16.865878687144406,0.5956999766135594,0.015274358374706651,2.224441591714312,0.006866603479992995,44.0,52.0
0_1361,30674315#8,25819014#1,10,41.09783406893447,16.85935956518292,41.09781757948696,16.860074005211207,41.09637979984023,16.861535604961926,41.096390396588056,16.86145398483175,0.8178323705726716,0.08178323705726716,2.224441591714312,0.03676573813486342,44.0,52.0
0_1362,30674315#8,25819014#2,11,41.09783406893447,16.85935956518292,41.09781757948696,16.860074005211207,41.096390396588056,16.86145398483175,41.09617566373433,16.86105237527639,0.8171259777095912,0.07428417979178102,2.224441591714312,0.03339452924656582,44.0,52.0
0_1363,30674315#8,25819177#2,31,41.09783406893447,16.85935956518292,41.09781757948696,16.860074005211207,41.09333584930795,16.855672929401177,41.09331846638719,16.855846153569416,0.8934270774639534,0.02882022830528882,2.224441591714312,0.01295616320637033,44.0,52.0
0_1364,30674315#8,25819177#3,32,41.09783406893447,16.85935956518292,41.09781757948696,16.860074005211207,41.09331846638719,16.855846153569416,41.09330344191395,16.855984796607544,0.9976955441270481,0.031177985753970253,2.224441591714312,0.014016095486662022,44.0,52.0
0_1365,30674315#8,25819177#5,34,41.09783406893447,16.85935956518292,41.09781757948696,16.860074005211207,41.09328897220411,16.85615607855325,41.093276282258536,16.856306336332803,0.9275361327870961,0.027280474493738122,2.224441591714312,0.012263965300484181,44.0,52.0
0_1366,30674315#8,28279138#5,25,41.09783406893447,16.85935956518292,41.09781757948696,16.860074005211207,41.09309962997091,16.8641768999245,41.09122003932151,16.863954806076606,0.8337517022163732,0.03335006808865493,2.224441591714312,0.014992557328939803,44.0,52.0
0_1367,30674315#8,28921528#2,23,41.09783406893447,16.85935956518292,41.09781757948696,16.860074005211207,41.09590934506375,16.85589778274809,41.09589464404242,16.856597607978603,0.9487180835952078,0.04124861233022643,2.224441591714312,0.018543355997240336,44.0,52.0
0_1368,30674315#8,28921528#8,20,41.09783406893447,16.85935956518292,41.09781757948696,16.860074005211207,41.095864883749904,16.858939789299576,41.09579879841287,16.860483307032734,0.6311398189680721,0.031556990948403606,2.224441591714312,0.014186477660707448,44.0,52.0
0_1369,30674315#8,30672980#0,37,41.09783406893447,16.85935956518292,41.09781757948696,16.860074005211207,41.09410258065408,16.854547680343014,41.0940220774019,16.854495884667088,0.5612585117586808,0.015169148966450833,2.224441591714312,0.006819306482558804,44.0,52.0
0_1370,30674315#8,30672980#6,34,41.09783406893447,16.85935956518292,41.09781757948696,16.860074005211207,41.09290701188394,16.85345153155061,41.09274366748828,16.853398004520955,0.8280580533703088,0.024354648628538495,2.224441591714312,0.010948657280665698,44.0,52.0
0_1371,30674315#8,30673346,29,41.09783406893447,16.85935956518292,41.09781757948696,16.860074005211207,41.09289989869124,16.857979997773366,41.0924620240455,16.857540225068156,0.9542901068501219,0.032906555408624895,2.224441591714312,0.014793175748554844,44.0,52.0
0_1372,30674315#8,30674315#11,4,41.09783406893447,16.85935956518292,41.09781757948696,16.860074005211207,41.09762167433529,16.86078183182401,41.0975908593457,16.860854905020272,0.8403717480802377,0.21009293702005943,2.224441591714312,0.09444749540856542,44.0,52.0
0_1373,30674315#8,30674315#9,2,41.09783406893447,16.85935956518292,41.09781757948696,16.860074005211207,41.09781757948696,16.860074005211207,41.09773009884011,16.860532461562137,0.6130986405214498,0.3065493202607249,2.224441591714312,0.13780956146593012,44.0,52.0
0_1374,30674315#8,30674359#4,5,41.09783406893447,16.85935956518292,41.09781757948696,16.860074005211207,41.09788351207976,16.86008527251128,41.097886790174485,16.85993247707892,0.5746204343830196,0.11492408687660392,2.224441591714312,0.05166424117615752,44.0,52.0
0_1375,30674315#8,30674359#5,6,41.09783406893447,16.85935956518292,41.09781757948696,16.860074005211207,41.097886790174485,16.85993247707892,41.097887056561405,16.859358083149928,0.7514725114053313,0.12524541856755522,2.224441591714312,0.05630420642828938,44.0,52.0
0_1376,30674315#8,30674385#2,6,41.09783406893447,16.85935956518292,41.09781757948696,16.860074005211207,41.09752079197923,16.86113857805688,41.097541272342,16.861158803055236,0.6684582000148012,0.11140970000246686,2.224441591714312,0.05008434495086323,44.0,52.0
0_1377,30674315#8,30674948,26,41.09783406893447,16.85935956518292,41.09781757948696,16.860074005211207,41.09346290764322,16.859512259912492,41.0937563740557,16.85923859402608,0.6074702612421009,0.023364240817003883,2.224441591714312,0.010503418432757206,44.0,52.0
0_1378,30674315#8,30675059#0,16,41.09783406893447,16.85935956518292,41.09781757948696,16.860074005211207,41.09575898407665,16.861403291409037,41.09556026737646,16.861799770540163,0.7911149724242597,0.04944468577651623,2.224441591714312,0.022227909224809387,44.0,52.0
0_1379,30674315#8,30675059#1,17,41.09783406893447,16.85935956518292,41.09781757948696,16.860074005211207,41.09556026737646,16.861799770540163,41.09428507077666,16.861822930016572,0.6894912250335051,0.04055830735491207,2.224441591714312,0.018233028687282802,44.0,52.0
0_1380,30674315#8,33831688,34,41.09783406893447,16.85935956518292,41.09781757948696,16.860074005211207,41.09717022441964,16.862141610446756,41.09717150257013,16.862346685598727,0.7815609023745695,0.022987085363957927,2.224441591714312,0.010333867811850458,44.0,52.0
0_1381,30674315#8,48563895#1,36,41.09783406893447,16.85935956518292,41.09781757948696,16.860074005211207,41.094497059549575,16.854662484304253,41.09459493177244,16.85467607291383,0.8274031378448032,0.022983420495688977,2.224441591714312,0.01033222026655972,44.0,52.0
0_1382,30674315#8,48563902#0,23,41.09783406893447,16.85935956518292,41.09781757948696,16.860074005211207,41.093159424293006,16.861119861413044,41.092910609638544,16.861550868324073,0.9578008706608256,0.04164351611568807,2.224441591714312,0.018720885399195683,44.0,52.0
0_1383,30674315#8,48874527#2,24,41.09783406893447,16.85935956518292,41.09781757948696,16.860074005211207,41.094611131446,16.86076995428607,41.09433377805168,16.860614722600705,0.7435482492129688,0.030981177050540366,2.224441591714312,0.013927619932094544,44.0,52.0
0_1384,30674315#8,50077954,24,41.09783406893447,16.85935956518292,41.09781757948696,16.860074005211207,41.094481033476846,16.855484180652265,41.09590934506375,16.85589778274809,0.63507375351722,0.02646140639655083,2.224441591714312,0.011895752396967996,44.0,52.0
0_1385,30674315#8,96606465,24,41.09783406893447,16.85935956518292,41.09781757948696,16.860074005211207,41.09320904205983,16.86036794969964,41.093226008438016,16.859824905081403,0.6978071407907598,0.029075297532948324,2.224441591714312,0.013070829839384924,44.0,52.0
0_1386,30674359#2,-131752097#1,38,41.09784377269919,16.860855853590632,41.09785316035277,16.860676201531025,41.09628587040379,16.863506396736675,41.09627339570725,16.863759660301465,0.6088124059446942,0.016021379103807742,1.521347630644763,0.010531044174971183,45.0,0.0
0_1387,30674359#2,-25654991#0,50,41.09784377269919,16.860855853590632,41.09785316035277,16.860676201531025,41.09267829914716,16.854073630954087,41.09207574955028,16.85389154719994,0.8280556139412178,0.01656111227882436,1.521347630644763,0.010885817248622911,45.0,0.0
0_1388,30674359#2,-33831688,45,41.09784377269919,16.860855853590632,41.09785316035277,16.860676201531025,41.09717150257013,16.862346685598727,41.09717022441964,16.862141610446756,0.6056119153667869,0.013458042563706377,1.521347630644763,0.008846132397762841,45.0,0.0
0_1389,30674359#2,-48874524,12,41.09784377269919,16.860855853590632,41.09785316035277,16.860676201531025,41.09782874807601,16.858422322289133,41.09720965467912,16.86010828803053,0.8732097738855203,0.0727674811571267,1.521347630644763,0.04783093600131817,45.0,0.0
0_1390,30674359#2,-50077954,44,41.09784377269919,16.860855853590632,41.09785316035277,16.860676201531025,41.09590934506375,16.85589778274809,41.094481033476846,16.855484180652265,0.5410462803727942,0.01229650637210896,1.521347630644763,0.008082640761663113,45.0,0.0
0_1391,30674359#2,-50370694#0,37,41.09784377269919,16.860855853590632,41.09785316035277,16.860676201531025,41.09390877175432,16.860555577386883,41.09389978504193,16.86089441913475,0.5730271895986746,0.01548722134050472,1.521347630644763,0.010179935886146596,45.0,0.0
0_1392,30674359#2,114953453#6,41,41.09784377269919,16.860855853590632,41.09785316035277,16.860676201531025,41.09289989869124,16.857979997773366,41.09252833667128,16.85806965698529,0.7254534534781094,0.01769398667019779,1.521347630644763,0.011630469140507284,45.0,0.0
0_1393,30674359#2,1223050325#0,28,41.09784377269919,16.860855853590632,41.09785316035277,16.860676201531025,41.09575898407665,16.861403291409037,41.09578940828096,16.861627521735652,0.5895310608444457,0.021054680744444488,1.521347630644763,0.01383949356500545,45.0,0.0
0_1394,30674359#2,1223050326,27,41.09784377269919,16.860855853590632,41.09785316035277,16.860676201531025,41.09577203818025,16.86132567064774,41.09575898407665,16.861403291409037,0.5755242658928773,0.021315713551588046,1.521347630644763,0.01401107355230456,45.0,0.0
0_1395,30674359#2,1226960836#1,56,41.09784377269919,16.860855853590632,41.09785316035277,16.860676201531025,41.09326327598272,16.856459442663375,41.09325705252129,16.85653261037847,0.8219775014158304,0.014678169668139828,1.521347630644763,0.009648136541888895,45.0,0.0
0_1396,30674359#2,131750844#7,31,41.09784377269919,16.860855853590632,41.09785316035277,16.860676201531025,41.09588692434208,16.86204201283392,41.096023183819085,16.86206015013157,0.8602017121372019,0.02774844232700651,1.521347630644763,0.018239383141673168,45.0,0.0
0_1397,30674359#2,131750844#8,32,41.09784377269919,16.860855853590632,41.09785316035277,16.860676201531025,41.096023183819085,16.86206015013157,41.09607053280287,16.862073156374553,0.504178935078534,0.015755591721204186,1.521347630644763,0.01035633894833543,45.0,0.0
0_1398,30674359#2,131750844#9,33,41.09784377269919,16.860855853590632,41.09785316035277,16.860676201531025,41.09607053280287,16.862073156374553,41.09624619327664,16.862345189534487,0.7898004503933735,0.023933346981617382,1.521347630644763,0.015731675324905315,45.0,0.0
0_1399,30674359#2,131750850#0,33,41.09784377269919,16.860855853590632,41.09785316035277,16.860676201531025,41.09406666971318,16.861809974981103,41.09374076152227,16.861733142040123,0.7198383250116502,0.021813282576110614,1.521347630644763,0.014338131625357655,45.0,0.0
0_1400,30674359#2,131750853#0,30,41.09784377269919,16.860855853590632,41.09785316035277,16.860676201531025,41.09428507077666,16.861822930016572,41.094248634240174,16.861820234016683,0.6220353205359275,0.020734510684530916,1.521347630644763,0.013629041953904653,45.0,0.0
0_1401,30674359#2,131750853#2,32,41.09784377269919,16.860855853590632,41.09785316035277,16.860676201531025,41.09422326217536,16.861818445841735,41.09406666971318,16.861809974981103,0.6992776804516377,0.02185242751411368,1.521347630644763,0.014363862061462174,45.0,0.0
0_1402,30674359#2,131752095#2,30,41.09784377269919,16.860855853590632,41.09785316035277,16.860676201531025,41.09606913880409,16.857384087393385,41.09607773810893,16.85711333011326,0.600122276547792,0.020004075884926403,1.521347630644763,0.013148918420734955,45.0,0.0
0_1403,30674359#2,25817423#3,39,41.09784377269919,16.860855853590632,41.09785316035277,16.860676201531025,41.093433790346566,16.855687830843742,41.09352569242476,16.85465158647345,0.779909350715092,0.019997675659361332,1.521347630644763,0.013144711475894636,45.0,0.0
0_1404,30674359#2,25817735#2,51,41.09784377269919,16.860855853590632,41.09785316035277,16.860676201531025,41.09257525037648,16.866055037799217,41.08991586912939,16.865878687144406,0.6974083276738847,0.013674673091644798,1.521347630644763,0.008988526235683114,45.0,0.0
0_1405,30674359#2,25819014#1,22,41.09784377269919,16.860855853590632,41.09785316035277,16.860676201531025,41.09637979984023,16.861535604961926,41.096390396588056,16.86145398483175,0.7009782325808747,0.0318626469354943,1.521347630644763,0.020943699055810523,45.0,0.0
0_1406,30674359#2,25819014#2,23,41.09784377269919,16.860855853590632,41.09785316035277,16.860676201531025,41.096390396588056,16.86145398483175,41.09617566373433,16.86105237527639,0.5311008149274621,0.02309133977945487,1.521347630644763,0.015178213916610577,45.0,0.0
0_1407,30674359#2,25819177#2,51,41.09784377269919,16.860855853590632,41.09785316035277,16.860676201531025,41.09333584930795,16.855672929401177,41.09331846638719,16.855846153569416,0.5062777706265866,0.009927015110325227,1.521347630644763,0.006525145805181985,45.0,0.0
0_1408,30674359#2,25819177#3,52,41.09784377269919,16.860855853590632,41.09785316035277,16.860676201531025,41.09331846638719,16.855846153569416,41.09330344191395,16.855984796607544,0.7919949917000284,0.015230672917308239,1.521347630644763,0.010011303538069942,45.0,0.0
0_1409,30674359#2,25819177#5,54,41.09784377269919,16.860855853590632,41.09785316035277,16.860676201531025,41.09328897220411,16.85615607855325,41.093276282258536,16.856306336332803,0.883221898357188,0.016355961080688666,1.521347630644763,0.010750968911528023,45.0,0.0
0_1410,30674359#2,28279138#5,37,41.09784377269919,16.860855853590632,41.09785316035277,16.860676201531025,41.09309962997091,16.8641768999245,41.09122003932151,16.863954806076606,0.973302901153183,0.026305483814950893,1.521347630644763,0.017290909247219422,45.0,0.0
0_1411,30674359#2,28921528#2,44,41.09784377269919,16.860855853590632,41.09785316035277,16.860676201531025,41.09590934506375,16.85589778274809,41.09589464404242,16.856597607978603,0.9887653894047741,0.02247194066829032,1.521347630644763,0.01477107546995454,45.0,0.0
0_1412,30674359#2,28921528#8,32,41.09784377269919,16.860855853590632,41.09785316035277,16.860676201531025,41.095864883749904,16.858939789299576,41.09579879841287,16.860483307032734,0.800166014122875,0.025005187941339845,1.521347630644763,0.01643620921192245,45.0,0.0
0_1413,30674359#2,30672980#0,45,41.09784377269919,16.860855853590632,41.09785316035277,16.860676201531025,41.09410258065408,16.854547680343014,41.0940220774019,16.854495884667088,0.6019154468326235,0.013375898818502745,1.521347630644763,0.00879213833122013,45.0,0.0
0_1414,30674359#2,30672980#6,52,41.09784377269919,16.860855853590632,41.09785316035277,16.860676201531025,41.09290701188394,16.85345153155061,41.09274366748828,16.853398004520955,0.9899416672757043,0.01903733975530201,1.521347630644763,0.012513471196082768,45.0,0.0
0_1415,30674359#2,30673346,41,41.09784377269919,16.860855853590632,41.09785316035277,16.860676201531025,41.09289989869124,16.857979997773366,41.0924620240455,16.857540225068156,0.997091199810335,0.024319297556349637,1.521347630644763,0.01598536525543663,45.0,0.0
0_1416,30674359#2,30674315#11,16,41.09784377269919,16.860855853590632,41.09785316035277,16.860676201531025,41.09762167433529,16.86078183182401,41.0975908593457,16.860854905020272,0.8832999104923998,0.055206244405774985,1.521347630644763,0.03628772497077344,45.0,0.0
0_1417,30674359#2,30674315#8,13,41.09784377269919,16.860855853590632,41.09785316035277,16.860676201531025,41.09783406893447,16.85935956518292,41.09781757948696,16.860074005211207,0.6111840021207968,0.04701415400929206,1.521347630644763,0.030902965937750184,45.0,0.0
0_1418,30674359#2,30674315#9,14,41.09784377269919,16.860855853590632,41.09785316035277,16.860676201531025,41.09781757948696,16.860074005211207,41.09773009884011,16.860532461562137,0.6198964546741762,0.044278318191012585,1.521347630644763,0.029104668321103554,45.0,0.0
0_1419,30674359#2,30674359#4,3,41.09784377269919,16.860855853590632,41.09785316035277,16.860676201531025,41.09788351207976,16.86008527251128,41.097886790174485,16.85993247707892,0.9787563579421517,0.3262521193140505,1.521347630644763,0.21444942151438554,45.0,0.0
0_1420,30674359#2,30674359#5,4,41.09784377269919,16.860855853590632,41.09785316035277,16.860676201531025,41.097886790174485,16.85993247707892,41.097887056561405,16.859358083149928,0.7549779716314143,0.18874449290785358,1.521347630644763,0.12406401344830155,45.0,0.0
0_1421,30674359#2,30674385#2,18,41.09784377269919,16.860855853590632,41.09785316035277,16.860676201531025,41.09752079197923,16.86113857805688,41.097541272342,16.861158803055236,0.6152422612641539,0.03418012562578633,1.521347630644763,0.022467005526738446,45.0,0.0
0_1422,30674359#2,30674948,38,41.09784377269919,16.860855853590632,41.09785316035277,16.860676201531025,41.09346290764322,16.859512259912492,41.0937563740557,16.85923859402608,0.5152474786319233,0.013559144174524298,1.521347630644763,0.008912587696197872,45.0,0.0
0_1423,30674359#2,30675059#0,28,41.09784377269919,16.860855853590632,41.09785316035277,16.860676201531025,41.09575898407665,16.861403291409037,41.09556026737646,16.861799770540163,0.7128848085697421,0.025460171734633646,1.521347630644763,0.0167352755029719,45.0,0.0
0_1424,30674359#2,30675059#1,29,41.09784377269919,16.860855853590632,41.09785316035277,16.860676201531025,41.09556026737646,16.861799770540163,41.09428507077666,16.861822930016572,0.971373659336313,0.033495643425390104,1.521347630644763,0.022017087186834674,45.0,0.0
0_1425,30674359#2,33831688,46,41.09784377269919,16.860855853590632,41.09785316035277,16.860676201531025,41.09717022441964,16.862141610446756,41.09717150257013,16.862346685598727,0.6624867521938823,0.01440188591725831,1.521347630644763,0.009466531926798768,45.0,0.0
0_1426,30674359#2,48563895#1,44,41.09784377269919,16.860855853590632,41.09785316035277,16.860676201531025,41.094497059549575,16.854662484304253,41.09459493177244,16.85467607291383,0.9217188903720335,0.020948156599364397,1.521347630644763,0.013769473969921226,45.0,0.0
0_1427,30674359#2,48563902#0,35,41.09784377269919,16.860855853590632,41.09785316035277,16.860676201531025,41.093159424293006,16.861119861413044,41.092910609638544,16.861550868324073,0.5555232693575538,0.015872093410215823,1.521347630644763,0.010432916902423586,45.0,0.0
0_1428,30674359#2,48874527#2,36,41.09784377269919,16.860855853590632,41.09785316035277,16.860676201531025,41.094611131446,16.86076995428607,41.09433377805168,16.860614722600705,0.7391114680767026,0.020530874113241736,1.521347630644763,0.013495189199157945,45.0,0.0
0_1429,30674359#2,50077954,45,41.09784377269919,16.860855853590632,41.09785316035277,16.860676201531025,41.094481033476846,16.855484180652265,41.09590934506375,16.85589778274809,0.9526178635991402,0.021169285857758673,1.521347630644763,0.013914824877195824,45.0,0.0
0_1430,30674359#2,96606465,36,41.09784377269919,16.860855853590632,41.09785316035277,16.860676201531025,41.09320904205983,16.86036794969964,41.093226008438016,16.859824905081403,0.9505374008268372,0.026403816689634367,1.521347630644763,0.017355544622266347,45.0,0.0
0_1431,30674359#3,-131752097#1,37,41.09785316035277,16.860676201531025,41.09788351207976,16.86008527251128,41.09628587040379,16.863506396736675,41.09627339570725,16.863759660301465,0.9388121349613929,0.025373300944902512,1.7884082571928681,0.01418764470743895,45.0,0.0
0_1432,30674359#3,-25654991#0,49,41.09785316035277,16.860676201531025,41.09788351207976,16.86008527251128,41.09267829914716,16.854073630954087,41.09207574955028,16.85389154719994,0.7209885676727655,0.01471405240148501,1.7884082571928681,0.008227457205202446,45.0,0.0
0_1433,30674359#3,-33831688,44,41.09785316035277,16.860676201531025,41.09788351207976,16.86008527251128,41.09717150257013,16.862346685598727,41.09717022441964,16.862141610446756,0.8646856176609181,0.01965194585592996,1.7884082571928681,0.010988512145865487,45.0,0.0
0_1434,30674359#3,-48874524,11,41.09785316035277,16.860676201531025,41.09788351207976,16.86008527251128,41.09782874807601,16.858422322289133,41.09720965467912,16.86010828803053,0.9976821831390419,0.09069838028536745,1.7884082571928681,0.050714583720235094,45.0,0.0
0_1435,30674359#3,-50077954,43,41.09785316035277,16.860676201531025,41.09788351207976,16.86008527251128,41.09590934506375,16.85589778274809,41.094481033476846,16.855484180652265,0.9057915860689282,0.021064920606254145,1.7884082571928681,0.011778586081523795,45.0,0.0
0_1436,30674359#3,-50370694#0,36,41.09785316035277,16.860676201531025,41.09788351207976,16.86008527251128,41.09390877175432,16.860555577386883,41.09389978504193,16.86089441913475,0.5791062743198641,0.016086285397774,1.7884082571928681,0.00899475012658656,45.0,0.0
0_1437,30674359#3,114953453#6,40,41.09785316035277,16.860676201531025,41.09788351207976,16.86008527251128,41.09289989869124,16.857979997773366,41.09252833667128,16.85806965698529,0.6336681920901341,0.015841704802253356,1.7884082571928681,0.008857991310730642,45.0,0.0
0_1438,30674359#3,1223050325#0,27,41.09785316035277,16.860676201531025,41.09788351207976,16.86008527251128,41.09575898407665,16.861403291409037,41.09578940828096,16.861627521735652,0.5138157530586703,0.019030213076247048,1.7884082571928681,0.010640866256185466,45.0,0.0
0_1439,30674359#3,1223050326,26,41.09785316035277,16.860676201531025,41.09788351207976,16.86008527251128,41.09577203818025,16.86132567064774,41.09575898407665,16.861403291409037,0.644329956266039,0.024781921394847653,1.7884082571928681,0.013856971021676,45.0,0.0
0_1440,30674359#3,1226960836#1,55,41.09785316035277,16.860676201531025,41.09788351207976,16.86008527251128,41.09326327598272,16.856459442663375,41.09325705252129,16.85653261037847,0.9716714164284708,0.017666753025972193,1.7884082571928681,0.009878478784090601,45.0,0.0
0_1441,30674359#3,131750844#7,30,41.09785316035277,16.860676201531025,41.09788351207976,16.86008527251128,41.09588692434208,16.86204201283392,41.096023183819085,16.86206015013157,0.9063804383270049,0.03021268127756683,1.7884082571928681,0.016893615401323094,45.0,0.0
0_1442,30674359#3,131750844#8,31,41.09785316035277,16.860676201531025,41.09788351207976,16.86008527251128,41.096023183819085,16.86206015013157,41.09607053280287,16.862073156374553,0.664629702842684,0.021439667833634966,1.7884082571928681,0.011988128408268045,45.0,0.0
0_1443,30674359#3,131750844#9,32,41.09785316035277,16.860676201531025,41.09788351207976,16.86008527251128,41.09607053280287,16.862073156374553,41.09624619327664,16.862345189534487,0.8061663231200404,0.025192697597501264,1.7884082571928681,0.014086659182084281,45.0,0.0
0_1444,30674359#3,131750850#0,32,41.09785316035277,16.860676201531025,41.09788351207976,16.86008527251128,41.09406666971318,16.861809974981103,41.09374076152227,16.861733142040123,0.8519209597292673,0.026622529991539603,1.7884082571928681,0.014886159177841762,45.0,0.0
0_1445,30674359#3,131750853#0,29,41.09785316035277,16.860676201531025,41.09788351207976,16.86008527251128,41.09428507077666,16.861822930016572,41.094248634240174,16.861820234016683,0.8608490322179528,0.02968444938682596,1.7884082571928681,0.01659825113613568,45.0,0.0
0_1446,30674359#3,131750853#2,31,41.09785316035277,16.860676201531025,41.09788351207976,16.86008527251128,41.09422326217536,16.861818445841735,41.09406666971318,16.861809974981103,0.9193023545389898,0.029654914662548056,1.7884082571928681,0.016581736604758902,45.0,0.0
0_1447,30674359#3,131752095#2,29,41.09785316035277,16.860676201531025,41.09788351207976,16.86008527251128,41.09606913880409,16.857384087393385,41.09607773810893,16.85711333011326,0.9873752268807229,0.03404742161657665,1.7884082571928681,0.019037835169704687,45.0,0.0
0_1448,30674359#3,25817423#3,38,41.09785316035277,16.860676201531025,41.09788351207976,16.86008527251128,41.093433790346566,16.855687830843742,41.09352569242476,16.85465158647345,0.7976282624511928,0.020990217432926124,1.7884082571928681,0.011736815320833349,45.0,0.0
0_1449,30674359#3,25817735#2,50,41.09785316035277,16.860676201531025,41.09788351207976,16.86008527251128,41.09257525037648,16.866055037799217,41.08991586912939,16.865878687144406,0.6099533859301076,0.012199067718602153,1.7884082571928681,0.006821187315333762,45.0,0.0
0_1450,30674359#3,25819014#1,21,41.09785316035277,16.860676201531025,41.09788351207976,16.86008527251128,41.09637979984023,16.861535604961926,41.096390396588056,16.86145398483175,0.7284421901701892,0.034687723341437576,1.7884082571928681,0.019395864004723578,45.0,0.0
0_1451,30674359#3,25819014#2,22,41.09785316035277,16.860676201531025,41.09788351207976,16.86008527251128,41.096390396588056,16.86145398483175,41.09617566373433,16.86105237527639,0.569724943772081,0.025896588353276413,1.7884082571928681,0.014480244233452807,45.0,0.0
0_1452,30674359#3,25819177#2,50,41.09785316035277,16.860676201531025,41.09788351207976,16.86008527251128,41.09333584930795,16.855672929401177,41.09331846638719,16.855846153569416,0.6794722404025415,0.01358944480805083,1.7884082571928681,0.007598625623313311,45.0,0.0
0_1453,30674359#3,25819177#3,51,41.09785316035277,16.860676201531025,41.09788351207976,16.86008527251128,41.09331846638719,16.855846153569416,41.09330344191395,16.855984796607544,0.5948353373676822,0.011663437987601612,1.7884082571928681,0.006521686500099729,45.0,0.0
0_1454,30674359#3,25819177#5,53,41.09785316035277,16.860676201531025,41.09788351207976,16.86008527251128,41.09328897220411,16.85615607855325,41.093276282258536,16.856306336332803,0.8136295396937829,0.0153515007489393,1.7884082571928681,0.008583890555859662,45.0,0.0
0_1455,30674359#3,28279138#5,36,41.09785316035277,16.860676201531025,41.09788351207976,16.86008527251128,41.09309962997091,16.8641768999245,41.09122003932151,16.863954806076606,0.7511700055658357,0.02086583348793988,1.7884082571928681,0.011667265236569323,45.0,0.0
0_1456,30674359#3,28921528#2,43,41.09785316035277,16.860676201531025,41.09788351207976,16.86008527251128,41.09590934506375,16.85589778274809,41.09589464404242,16.856597607978603,0.8586846794661911,0.019969411150376537,1.7884082571928681,0.011166024910733213,45.0,0.0
0_1457,30674359#3,28921528#8,31,41.09785316035277,16.860676201531025,41.09788351207976,16.86008527251128,41.095864883749904,16.858939789299576,41.09579879841287,16.860483307032734,0.9558251900999086,0.03083307064838415,1.7884082571928681,0.01724051011528013,45.0,0.0
0_1458,30674359#3,30672980#0,44,41.09785316035277,16.860676201531025,41.09788351207976,16.86008527251128,41.09410258065408,16.854547680343014,41.0940220774019,16.854495884667088,0.8447852270248513,0.019199664250564803,1.7884082571928681,0.010735615972105325,45.0,0.0
0_1459,30674359#3,30672980#6,51,41.09785316035277,16.860676201531025,41.09788351207976,16.86008527251128,41.09290701188394,16.85345153155061,41.09274366748828,16.853398004520955,0.8219170651738936,0.01611602088576262,1.7884082571928681,0.00901137691628574,45.0,0.0
0_1460,30674359#3,30673346,40,41.09785316035277,16.860676201531025,41.09788351207976,16.86008527251128,41.09289989869124,16.857979997773366,41.0924620240455,16.857540225068156,0.8774209599022973,0.021935523997557434,1.7884082571928681,0.01226538957720314,45.0,0.0
0_1461,30674359#3,30674315#11,15,41.09785316035277,16.860676201531025,41.09788351207976,16.86008527251128,41.09762167433529,16.86078183182401,41.0975908593457,16.860854905020272,0.7538701956783378,0.05025801304522252,1.7884082571928681,0.028102091814376208,45.0,0.0
0_1462,30674359#3,30674315#8,12,41.09785316035277,16.860676201531025,41.09788351207976,16.86008527251128,41.09783406893447,16.85935956518292,41.09781757948696,16.860074005211207,0.7912917807242592,0.06594098172702159,1.7884082571928681,0.0368713248005935,45.0,0.0
0_1463,30674359#3,30674315#9,13,41.09785316035277,16.860676201531025,41.09788351207976,16.86008527251128,41.09781757948696,16.860074005211207,41.09773009884011,16.860532461562137,0.6228335264997248,0.0479102712692096,1.7884082571928681,0.026789336873455732,45.0,0.0
0_1464,30674359#3,30674359#4,2,41.09785316035277,16.860676201531025,41.09788351207976,16.86008527251128,41.09788351207976,16.86008527251128,41.097886790174485,16.85993247707892,0.9516125643981858,0.4758062821990929,1.7884082571928681,0.2660501483849838,45.0,0.0
0_1465,30674359#3,30674359#5,3,41.09785316035277,16.860676201531025,41.09788351207976,16.86008527251128,41.097886790174485,16.85993247707892,41.097887056561405,16.859358083149928,0.5599452779214346,0.1866484259738115,1.7884082571928681,0.10436566998789175,45.0,0.0
0_1466,30674359#3,30674385#2,17,41.09785316035277,16.860676201531025,41.09788351207976,16.86008527251128,41.09752079197923,16.86113857805688,41.097541272342,16.861158803055236,0.6309553039729454,0.03711501788076149,1.7884082571928681,0.02075310138582014,45.0,0.0
0_1467,30674359#3,30674948,37,41.09785316035277,16.860676201531025,41.09788351207976,16.86008527251128,41.09346290764322,16.859512259912492,41.0937563740557,16.85923859402608,0.7203521696137125,0.019468977557127367,1.7884082571928681,0.01088620424269701,45.0,0.0
0_1468,30674359#3,30675059#0,27,41.09785316035277,16.860676201531025,41.09788351207976,16.86008527251128,41.09575898407665,16.861403291409037,41.09556026737646,16.861799770540163,0.8475424914495047,0.03139046264627795,1.7884082571928681,0.017552179442265173,45.0,0.0
0_1469,30674359#3,30675059#1,28,41.09785316035277,16.860676201531025,41.09788351207976,16.86008527251128,41.09556026737646,16.861799770540163,41.09428507077666,16.861822930016572,0.6347521267192857,0.02266971881140306,1.7884082571928681,0.012675919337895497,45.0,0.0
0_1470,30674359#3,33831688,45,41.09785316035277,16.860676201531025,41.09788351207976,16.86008527251128,41.09717022441964,16.862141610446756,41.09717150257013,16.862346685598727,0.9987037982290425,0.02219341773842317,1.7884082571928681,0.012409592524057416,45.0,0.0
0_1471,30674359#3,48563895#1,43,41.09785316035277,16.860676201531025,41.09788351207976,16.86008527251128,41.094497059549575,16.854662484304253,41.09459493177244,16.85467607291383,0.9966685216924129,0.023178337713777045,1.7884082571928681,0.012960316874268052,45.0,0.0
0_1472,30674359#3,48563902#0,34,41.09785316035277,16.860676201531025,41.09788351207976,16.86008527251128,41.093159424293006,16.861119861413044,41.092910609638544,16.861550868324073,0.7590848120010361,0.022326023882383413,1.7884082571928681,0.012483740103854652,45.0,0.0
0_1473,30674359#3,48874527#2,35,41.09785316035277,16.860676201531025,41.09788351207976,16.86008527251128,41.094611131446,16.86076995428607,41.09433377805168,16.860614722600705,0.5783847543642575,0.016525278696121644,1.7884082571928681,0.009240216057859267,45.0,0.0
0_1474,30674359#3,50077954,44,41.09785316035277,16.860676201531025,41.09788351207976,16.86008527251128,41.094481033476846,16.855484180652265,41.09590934506375,16.85589778274809,0.8092396179231655,0.01839180949825376,1.7884082571928681,0.010283898782217669,45.0,0.0
0_1475,30674359#3,96606465,35,41.09785316035277,16.860676201531025,41.09788351207976,16.86008527251128,41.09320904205983,16.86036794969964,41.093226008438016,16.859824905081403,0.823336275486722,0.023523893585334913,1.7884082571928681,0.013153536666319483,45.0,0.0
0_1476,30674359#4,-131752097#1,36,41.09788351207976,16.86008527251128,41.097886790174485,16.85993247707892,41.09628587040379,16.863506396736675,41.09627339570725,16.863759660301465,0.9692796630242536,0.026924435084007044,1.6220959793607497,0.01659854621834256,44.0,52.0
0_1477,30674359#4,-25654991#0,48,41.09788351207976,16.86008527251128,41.097886790174485,16.85993247707892,41.09267829914716,16.854073630954087,41.09207574955028,16.85389154719994,0.8163588340260826,0.01700747570887672,1.6220959793607497,0.010484876311436997,44.0,52.0
0_1478,30674359#4,-33831688,43,41.09788351207976,16.86008527251128,41.097886790174485,16.85993247707892,41.09717150257013,16.862346685598727,41.09717022441964,16.862141610446756,0.6790818030563003,0.01579260007107675,1.6220959793607497,0.009735922086004085,44.0,52.0
0_1479,30674359#4,-48874524,10,41.09788351207976,16.86008527251128,41.097886790174485,16.85993247707892,41.09782874807601,16.858422322289133,41.09720965467912,16.86010828803053,0.911478958844071,0.09114789588440711,1.6220959793607497,0.05619143197699528,44.0,52.0
0_1480,30674359#4,-50077954,42,41.09788351207976,16.86008527251128,41.097886790174485,16.85993247707892,41.09590934506375,16.85589778274809,41.094481033476846,16.855484180652265,0.7921706154716723,0.018861205130277912,1.6220959793607497,0.011627675162422206,44.0,52.0
0_1481,30674359#4,-50370694#0,35,41.09788351207976,16.86008527251128,41.097886790174485,16.85993247707892,41.09390877175432,16.860555577386883,41.09389978504193,16.86089441913475,0.8669411910578231,0.0247697483159378,1.6220959793607497,0.015270211276708355,44.0,52.0
0_1482,30674359#4,114953453#6,39,41.09788351207976,16.86008527251128,41.097886790174485,16.85993247707892,41.09289989869124,16.857979997773366,41.09252833667128,16.85806965698529,0.6716126422151516,0.01722083697987568,1.6220959793607497,0.010616410618724438,44.0,52.0
0_1483,30674359#4,1223050325#0,26,41.09788351207976,16.86008527251128,41.097886790174485,16.85993247707892,41.09575898407665,16.861403291409037,41.09578940828096,16.861627521735652,0.8886545115289606,0.03417901967419079,1.6220959793607497,0.02107089846043535,44.0,52.0
0_1484,30674359#4,1223050326,25,41.09788351207976,16.86008527251128,41.097886790174485,16.85993247707892,41.09577203818025,16.86132567064774,41.09575898407665,16.861403291409037,0.9988424227021182,0.03995369690808473,1.6220959793607497,0.024630908045176245,44.0,52.0
0_1485,30674359#4,1226960836#1,54,41.09788351207976,16.86008527251128,41.097886790174485,16.85993247707892,41.09326327598272,16.856459442663375,41.09325705252129,16.85653261037847,0.8280782677489881,0.015334782736092371,1.6220959793607497,0.009453683956565654,44.0,52.0
0_1486,30674359#4,131750844#7,29,41.09788351207976,16.86008527251128,41.097886790174485,16.85993247707892,41.09588692434208,16.86204201283392,41.096023183819085,16.86206015013157,0.9494459382888496,0.032739515113408606,1.6220959793607497,0.02018346357427684,44.0,52.0
0_1487,30674359#4,131750844#8,30,41.09788351207976,16.86008527251128,41.097886790174485,16.85993247707892,41.096023183819085,16.86206015013157,41.09607053280287,16.862073156374553,0.9149051504792713,0.030496838349309045,1.6220959793607497,0.018800884002762596,44.0,52.0
0_1488,30674359#4,131750844#9,31,41.09788351207976,16.86008527251128,41.097886790174485,16.85993247707892,41.09607053280287,16.862073156374553,41.09624619327664,16.862345189534487,0.7925014763686693,0.02556456375382804,1.6220959793607497,0.015760204130400936,44.0,52.0
0_1489,30674359#4,131750850#0,31,41.09788351207976,16.86008527251128,41.097886790174485,16.85993247707892,41.09406666971318,16.861809974981103,41.09374076152227,16.861733142040123,0.9274358102387852,0.029917284201251133,1.6220959793607497,0.01844359679199822,44.0,52.0
0_1490,30674359#4,131750853#0,28,41.09788351207976,16.86008527251128,41.097886790174485,16.85993247707892,41.09428507077666,16.861822930016572,41.094248634240174,16.861820234016683,0.933595410314556,0.03334269322551985,1.6220959793607497,0.02055531463598094,44.0,52.0
0_1491,30674359#4,131750853#2,30,41.09788351207976,16.86008527251128,41.097886790174485,16.85993247707892,41.09422326217536,16.861818445841735,41.09406666971318,16.861809974981103,0.9334735131725451,0.03111578377241817,1.6220959793607497,0.019182455396184732,44.0,52.0
0_1492,30674359#4,131752095#2,28,41.09788351207976,16.86008527251128,41.097886790174485,16.85993247707892,41.09606913880409,16.857384087393385,41.09607773810893,16.85711333011326,0.8995798641201376,0.032127852290004914,1.6220959793607497,0.01980638180403243,44.0,52.0
0_1493,30674359#4,25817423#3,37,41.09788351207976,16.86008527251128,41.097886790174485,16.85993247707892,41.093433790346566,16.855687830843742,41.09352569242476,16.85465158647345,0.7021866698118209,0.018978018103022187,1.6220959793607497,0.011699688763485634,44.0,52.0
0_1494,30674359#4,25817735#2,49,41.09788351207976,16.86008527251128,41.097886790174485,16.85993247707892,41.09257525037648,16.866055037799217,41.08991586912939,16.865878687144406,0.5954082185348578,0.012151188133364445,1.6220959793607497,0.007491041398273545,44.0,52.0
0_1495,30674359#4,25819014#1,20,41.09788351207976,16.86008527251128,41.097886790174485,16.85993247707892,41.09637979984023,16.861535604961926,41.096390396588056,16.86145398483175,0.7886368703082949,0.03943184351541475,1.6220959793607497,0.024309192561437952,44.0,52.0
0_1496,30674359#4,25819014#2,21,41.09788351207976,16.86008527251128,41.097886790174485,16.85993247707892,41.096390396588056,16.86145398483175,41.09617566373433,16.86105237527639,0.6718118199624069,0.0319910390458289,1.6220959793607497,0.019722038309000815,44.0,52.0
0_1497,30674359#4,25819177#2,49,41.09788351207976,16.86008527251128,41.097886790174485,16.85993247707892,41.09333584930795,16.855672929401177,41.09331846638719,16.855846153569416,0.9891866309580923,0.020187482264450864,1.6220959793607497,0.012445306887701263,44.0,52.0
0_1498,30674359#4,25819177#3,50,41.09788351207976,16.86008527251128,41.097886790174485,16.85993247707892,41.09331846638719,16.855846153569416,41.09330344191395,16.855984796607544,0.7810686108291527,0.015621372216583053,1.6220959793607497,0.009630362454100445,44.0,52.0
0_1499,30674359#4,25819177#5,52,41.09788351207976,16.86008527251128,41.097886790174485,16.85993247707892,41.09328897220411,16.85615607855325,41.093276282258536,16.856306336332803,0.6107385328650471,0.01174497178586629,1.6220959793607497,0.007240614572323184,44.0,52.0
0_1500,30674359#4,28279138#5,35,41.09788351207976,16.86008527251128,41.097886790174485,16.85993247707892,41.09309962997091,16.8641768999245,41.09122003932151,16.863954806076606,0.6191944700454146,0.017691270572726132,1.6220959793607497,0.010906426498694652,44.0,52.0
0_1501,30674359#4,28921528#2,42,41.09788351207976,16.86008527251128,41.097886790174485,16.85993247707892,41.09590934506375,16.85589778274809,41.09589464404242,16.856597607978603,0.6623533435013125,0.0157703177024122,1.6220959793607497,0.009722185310284235,44.0,52.0
0_1502,30674359#4,28921528#8,30,41.09788351207976,16.86008527251128,41.097886790174485,16.85993247707892,41.095864883749904,16.858939789299576,41.09579879841287,16.860483307032734,0.7707323734638101,0.025691079115460334,1.6220959793607497,0.015838199121598777,44.0,52.0
0_1503,30674359#4,30672980#0,43,41.09788351207976,16.86008527251128,41.097886790174485,16.85993247707892,41.09410258065408,16.854547680343014,41.0940220774019,16.854495884667088,0.8213761745127921,0.01910177150029749,1.6220959793607497,0.011775981041408715,44.0,52.0
0_1504,30674359#4,30672980#6,50,41.09788351207976,16.86008527251128,41.097886790174485,16.85993247707892,41.09290701188394,16.85345153155061,41.09274366748828,16.853398004520955,0.8032593998731081,0.016065187997462163,1.6220959793607497,0.00990396881681026,44.0,52.0
0_1505,30674359#4,30673346,39,41.09788351207976,16.86008527251128,41.097886790174485,16.85993247707892,41.09289989869124,16.857979997773366,41.0924620240455,16.857540225068156,0.7284596035284387,0.01867845137252407,1.6220959793607497,0.011515009968698057,44.0,52.0
0_1506,30674359#4,30674315#11,14,41.09788351207976,16.86008527251128,41.097886790174485,16.85993247707892,41.09762167433529,16.86078183182401,41.0975908593457,16.860854905020272,0.5592862848474937,0.039949020346249545,1.6220959793607497,0.02462802500872545,44.0,52.0
0_1507,30674359#4,30674315#8,11,41.09788351207976,16.86008527251128,41.097886790174485,16.85993247707892,41.09783406893447,16.85935956518292,41.09781757948696,16.860074005211207,0.6815176065772689,0.06195614605247899,1.6220959793607497,0.03819511720687159,44.0,52.0
0_1508,30674359#4,30674315#9,12,41.09788351207976,16.86008527251128,41.097886790174485,16.85993247707892,41.09781757948696,16.860074005211207,41.09773009884011,16.860532461562137,0.9332505046105488,0.0777708753842124,1.6220959793607497,0.047944681679601385,44.0,52.0
0_1509,30674359#4,30674359#5,2,41.09788351207976,16.86008527251128,41.097886790174485,16.85993247707892,41.097886790174485,16.85993247707892,41.097887056561405,16.859358083149928,0.8452046399918398,0.4226023199959199,1.6220959793607497,0.2605285540270329,44.0,52.0
0_1510,30674359#4,30674385#2,16,41.09788351207976,16.86008527251128,41.097886790174485,16.85993247707892,41.09752079197923,16.86113857805688,41.097541272342,16.861158803055236,0.5830459487017488,0.0364403717938593,1.6220959793607497,0.0224649911333977,44.0,52.0
0_1511,30674359#4,30674948,36,41.09788351207976,16.86008527251128,41.097886790174485,16.85993247707892,41.09346290764322,16.859512259912492,41.0937563740557,16.85923859402608,0.9060321347955407,0.02516755929987613,1.6220959793607497,0.015515456310911016,44.0,52.0
0_1512,30674359#4,30675059#0,26,41.09788351207976,16.86008527251128,41.097886790174485,16.85993247707892,41.09575898407665,16.861403291409037,41.09556026737646,16.861799770540163,0.8954413535036203,0.03444005205783155,1.6220959793607497,0.021231821357083937,44.0,52.0
0_1513,30674359#4,30675059#1,27,41.09788351207976,16.86008527251128,41.097886790174485,16.85993247707892,41.09556026737646,16.861799770540163,41.09428507077666,16.861822930016572,0.6024817931008537,0.022314140485216804,1.6220959793607497,0.013756362613025257,44.0,52.0
0_1514,30674359#4,33831688,44,41.09788351207976,16.86008527251128,41.097886790174485,16.85993247707892,41.09717022441964,16.862141610446756,41.09717150257013,16.862346685598727,0.7465020605922399,0.01696595592255091,1.6220959793607497,0.010459279930671554,44.0,52.0
0_1515,30674359#4,48563895#1,42,41.09788351207976,16.86008527251128,41.097886790174485,16.85993247707892,41.094497059549575,16.854662484304253,41.09459493177244,16.85467607291383,0.7506147875585689,0.0178717806561564,1.6220959793607497,0.011017708497865505,44.0,52.0
0_1516,30674359#4,48563902#0,33,41.09788351207976,16.86008527251128,41.097886790174485,16.85993247707892,41.093159424293006,16.861119861413044,41.092910609638544,16.861550868324073,0.908614266890988,0.027533765663363272,1.6220959793607497,0.016974190192009495,44.0,52.0
0_1517,30674359#4,48874527#2,34,41.09788351207976,16.86008527251128,41.097886790174485,16.85993247707892,41.094611131446,16.86076995428607,41.09433377805168,16.860614722600705,0.7832121479942495,0.023035651411595574,1.6220959793607497,0.014201164237318233,44.0,52.0
0_1518,30674359#4,50077954,43,41.09788351207976,16.86008527251128,41.097886790174485,16.85993247707892,41.094481033476846,16.855484180652265,41.09590934506375,16.85589778274809,0.6715056983175813,0.015616411588780962,1.6220959793607497,0.009627304294863748,44.0,52.0
0_1519,30674359#4,96606465,34,41.09788351207976,16.86008527251128,41.097886790174485,16.85993247707892,41.09320904205983,16.86036794969964,41.093226008438016,16.859824905081403,0.7082780780750664,0.020831708178678424,1.6220959793607497,0.012842463358356867,44.0,52.0
0_1520,30674359#5,-131752097#1,35,41.097886790174485,16.85993247707892,41.097887056561405,16.859358083149928,41.09628587040379,16.863506396736675,41.09627339570725,16.863759660301465,0.6012654578406387,0.017179013081161106,1.2583045969101676,0.01365250760693799,44.0,52.0
0_1521,30674359#5,-25654991#0,47,41.097886790174485,16.85993247707892,41.097887056561405,16.859358083149928,41.09267829914716,16.854073630954087,41.09207574955028,16.85389154719994,0.9749673654575519,0.02074398649909685,1.2583045969101676,0.01648566376538303,44.0,52.0
0_1522,30674359#5,-33831688,42,41.097886790174485,16.85993247707892,41.097887056561405,16.859358083149928,41.09717150257013,16.862346685598727,41.09717022441964,16.862141610446756,0.9332349923539854,0.022219880770332986,1.2583045969101676,0.017658586660888834,44.0,52.0
0_1523,30674359#5,-48874524,9,41.097886790174485,16.85993247707892,41.097887056561405,16.859358083149928,41.09782874807601,16.858422322289133,41.09720965467912,16.86010828803053,0.7719955633859222,0.08577728482065802,1.2583045969101676,0.06816893543207948,44.0,52.0
0_1524,30674359#5,-50077954,41,41.097886790174485,16.85993247707892,41.097887056561405,16.859358083149928,41.09590934506375,16.85589778274809,41.094481033476846,16.855484180652265,0.9129203690338512,0.022266350464240275,1.2583045969101676,0.017695517062336463,44.0,52.0
0_1525,30674359#5,-50370694#0,34,41.097886790174485,16.85993247707892,41.097887056561405,16.859358083149928,41.09390877175432,16.860555577386883,41.09389978504193,16.86089441913475,0.7579557440975323,0.022292816002868598,1.2583045969101676,0.017716549758786358,44.0,52.0
0_1526,30674359#5,114953453#6,38,41.097886790174485,16.85993247707892,41.097887056561405,16.859358083149928,41.09289989869124,16.857979997773366,41.09252833667128,16.85806965698529,0.6153027977077528,0.016192178887046126,1.2583045969101676,0.012868250602284107,44.0,52.0
0_1527,30674359#5,1223050325#0,25,41.097886790174485,16.85993247707892,41.097887056561405,16.859358083149928,41.09575898407665,16.861403291409037,41.09578940828096,16.861627521735652,0.630178671688628,0.02520714686754512,1.2583045969101676,0.020032627179017368,44.0,52.0
0_1528,30674359#5,1223050326,24,41.097886790174485,16.85993247707892,41.097887056561405,16.859358083149928,41.09577203818025,16.86132567064774,41.09575898407665,16.861403291409037,0.6529363082358043,0.02720567950982518,1.2583045969101676,0.021620901311677744,44.0,52.0
0_1529,30674359#5,1226960836#1,53,41.097886790174485,16.85993247707892,41.097887056561405,16.859358083149928,41.09326327598272,16.856459442663375,41.09325705252129,16.85653261037847,0.7540136997700344,0.014226673580566687,1.2583045969101676,0.01130622395841279,44.0,52.0
0_1530,30674359#5,131750844#7,28,41.097886790174485,16.85993247707892,41.097887056561405,16.859358083149928,41.09588692434208,16.86204201283392,41.096023183819085,16.86206015013157,0.8651550808521422,0.030898395744719365,1.2583045969101676,0.024555577258949846,44.0,52.0
0_1531,30674359#5,131750844#8,29,41.097886790174485,16.85993247707892,41.097887056561405,16.859358083149928,41.096023183819085,16.86206015013157,41.09607053280287,16.862073156374553,0.8323873665986506,0.028703012641332782,1.2583045969101676,0.022810862101127597,44.0,52.0
0_1532,30674359#5,131750844#9,30,41.097886790174485,16.85993247707892,41.097887056561405,16.859358083149928,41.09607053280287,16.862073156374553,41.09624619327664,16.862345189534487,0.8942656069912327,0.029808853566374423,1.2583045969101676,0.02368969615113194,44.0,52.0
0_1533,30674359#5,131750850#0,30,41.097886790174485,16.85993247707892,41.097887056561405,16.859358083149928,41.09406666971318,16.861809974981103,41.09374076152227,16.861733142040123,0.7528963898305454,0.025096546327684845,1.2583045969101676,0.019944730702971855,44.0,52.0
0_1534,30674359#5,131750853#0,27,41.097886790174485,16.85993247707892,41.097887056561405,16.859358083149928,41.09428507077666,16.861822930016572,41.094248634240174,16.861820234016683,0.5759901815909801,0.021332969688554818,1.2583045969101676,0.016953740565630163,44.0,52.0
0_1535,30674359#5,131750853#2,29,41.097886790174485,16.85993247707892,41.097887056561405,16.859358083149928,41.09422326217536,16.861818445841735,41.09406666971318,16.861809974981103,0.6945565267749894,0.023950225061206528,1.2583045969101676,0.01903372611052805,44.0,52.0
0_1536,30674359#5,131752095#2,27,41.097886790174485,16.85993247707892,41.097887056561405,16.859358083149928,41.09606913880409,16.857384087393385,41.09607773810893,16.85711333011326,0.8438138450342072,0.03125236463089656,1.2583045969101676,0.02483688346020381,44.0,52.0
0_1537,30674359#5,25817423#3,36,41.097886790174485,16.85993247707892,41.097887056561405,16.859358083149928,41.093433790346566,16.855687830843742,41.09352569242476,16.85465158647345,0.7383449438830452,0.02050958177452903,1.2583045969101676,0.016299377610867333,44.0,52.0
0_1538,30674359#5,25817735#2,48,41.097886790174485,16.85993247707892,41.097887056561405,16.859358083149928,41.09257525037648,16.866055037799217,41.08991586912939,16.865878687144406,0.9084763265900961,0.01892659013729367,1.2583045969101676,0.015041342282122228,44.0,52.0
0_1539,30674359#5,25819014#1,19,41.097886790174485,16.85993247707892,41.097887056561405,16.859358083149928,41.09637979984023,16.861535604961926,41.096390396588056,16.86145398483175,0.7451827862765592,0.03922014664613469,1.2583045969101676,0.031169040264528797,44.0,52.0
0_1540,30674359#5,25819014#2,20,41.097886790174485,16.85993247707892,41.097887056561405,16.859358083149928,41.096390396588056,16.86145398483175,41.09617566373433,16.86105237527639,0.5975855233711775,0.02987927616855888,1.2583045969101676,0.023745662411095846,44.0,52.0
0_1541,30674359#5,25819177#2,48,41.097886790174485,16.85993247707892,41.097887056561405,16.859358083149928,41.09333584930795,16.855672929401177,41.09331846638719,16.855846153569416,0.558554572553124,0.01163655359485675,1.2583045969101676,0.009247803451907363,44.0,52.0
0_1542,30674359#5,25819177#3,49,41.097886790174485,16.85993247707892,41.097887056561405,16.859358083149928,41.09331846638719,16.855846153569416,41.09330344191395,16.855984796607544,0.9141833429450616,0.018656802917246154,1.2583045969101676,0.014826936945997737,44.0,52.0
0_1543,30674359#5,25819177#5,51,41.097886790174485,16.85993247707892,41.097887056561405,16.859358083149928,41.09328897220411,16.85615607855325,41.093276282258536,16.856306336332803,0.7913693028604581,0.01551704515412663,1.2583045969101676,0.012331708230447175,44.0,52.0
0_1544,30674359#5,28279138#5,34,41.097886790174485,16.85993247707892,41.097887056561405,16.859358083149928,41.09309962997091,16.8641768999245,41.09122003932151,16.863954806076606,0.7018775856713753,0.02064345840209927,1.2583045969101676,0.016405772062496122,44.0,52.0
0_1545,30674359#5,28921528#2,41,41.097886790174485,16.85993247707892,41.097887056561405,16.859358083149928,41.09590934506375,16.85589778274809,41.09589464404242,16.856597607978603,0.9716909117555432,0.023699778335501055,1.2583045969101676,0.018834691054691443,44.0,52.0
0_1546,30674359#5,28921528#8,29,41.097886790174485,16.85993247707892,41.097887056561405,16.859358083149928,41.095864883749904,16.858939789299576,41.09579879841287,16.860483307032734,0.6611539538654432,0.02279841220225666,1.2583045969101676,0.018118357238970078,44.0,52.0
0_1547,30674359#5,30672980#0,42,41.097886790174485,16.85993247707892,41.097887056561405,16.859358083149928,41.09410258065408,16.854547680343014,41.0940220774019,16.854495884667088,0.6318962784661357,0.015045149487288944,1.2583045969101676,0.011956683242064833,44.0,52.0
0_1548,30674359#5,30672980#6,49,41.097886790174485,16.85993247707892,41.097887056561405,16.859358083149928,41.09290701188394,16.85345153155061,41.09274366748828,16.853398004520955,0.7788264259383064,0.015894416855883803,1.2583045969101676,0.012631613120474462,44.0,52.0
0_1549,30674359#5,30673346,38,41.097886790174485,16.85993247707892,41.097887056561405,16.859358083149928,41.09289989869124,16.857979997773366,41.0924620240455,16.857540225068156,0.8248105695640104,0.021705541304316064,1.2583045969101676,0.017249830730663426,44.0,52.0
0_1550,30674359#5,30674315#11,13,41.097886790174485,16.85993247707892,41.097887056561405,16.859358083149928,41.09762167433529,16.86078183182401,41.0975908593457,16.860854905020272,0.9522242815676549,0.07324802165905038,1.2583045969101676,0.058211677712149114,44.0,52.0
0_1551,30674359#5,30674315#8,10,41.097886790174485,16.85993247707892,41.097887056561405,16.859358083149928,41.09783406893447,16.85935956518292,41.09781757948696,16.860074005211207,0.576733965280418,0.0576733965280418,1.2583045969101676,0.0458342095146611,44.0,52.0
0_1552,30674359#5,30674315#9,11,41.097886790174485,16.85993247707892,41.097887056561405,16.859358083149928,41.09781757948696,16.860074005211207,41.09773009884011,16.860532461562137,0.7332353386352817,0.06665775805775288,1.2583045969101676,0.0529742625286711,44.0,52.0
0_1553,30674359#5,30674359#4,14,41.097886790174485,16.85993247707892,41.097887056561405,16.859358083149928,41.09788351207976,16.86008527251128,41.097886790174485,16.85993247707892,0.9369402553532419,0.06692430395380299,1.2583045969101676,0.05318609191934854,44.0,52.0
0_1554,30674359#5,30674385#2,15,41.097886790174485,16.85993247707892,41.097887056561405,16.859358083149928,41.09752079197923,16.86113857805688,41.097541272342,16.861158803055236,0.7115205895733734,0.04743470597155822,1.2583045969101676,0.03769731596629036,44.0,52.0
0_1555,30674359#5,30674948,35,41.097886790174485,16.85993247707892,41.097887056561405,16.859358083149928,41.09346290764322,16.859512259912492,41.0937563740557,16.85923859402608,0.5615682662908602,0.016044807608310292,1.2583045969101676,0.012751131679649865,44.0,52.0
0_1556,30674359#5,30675059#0,25,41.097886790174485,16.85993247707892,41.097887056561405,16.859358083149928,41.09575898407665,16.861403291409037,41.09556026737646,16.861799770540163,0.7344703427407062,0.02937881370962825,1.2583045969101676,0.023347934817825076,44.0,52.0
0_1557,30674359#5,30675059#1,26,41.097886790174485,16.85993247707892,41.097887056561405,16.859358083149928,41.09556026737646,16.861799770540163,41.09428507077666,16.861822930016572,0.6305245070985226,0.02425094258071241,1.2583045969101676,0.019272712378435128,44.0,52.0
0_1558,30674359#5,33831688,43,41.097886790174485,16.85993247707892,41.097887056561405,16.859358083149928,41.09717022441964,16.862141610446756,41.09717150257013,16.862346685598727,0.7396091609537025,0.017200213045434943,1.2583045969101676,0.013669355645422388,44.0,52.0
0_1559,30674359#5,48563895#1,41,41.097886790174485,16.85993247707892,41.097887056561405,16.859358083149928,41.094497059549575,16.854662484304253,41.09459493177244,16.85467607291383,0.7309223815057024,0.01782737515867567,1.2583045969101676,0.01416777400515878,44.0,52.0
0_1560,30674359#5,48563902#0,32,41.097886790174485,16.85993247707892,41.097887056561405,16.859358083149928,41.093159424293006,16.861119861413044,41.092910609638544,16.861550868324073,0.9329106835147536,0.02915345885983605,1.2583045969101676,0.02316884078101907,44.0,52.0
0_1561,30674359#5,48874527#2,33,41.097886790174485,16.85993247707892,41.097887056561405,16.859358083149928,41.094611131446,16.86076995428607,41.09433377805168,16.860614722600705,0.9991548032880442,0.030277418281455887,1.2583045969101676,0.02406207396508259,44.0,52.0
0_1562,30674359#5,50077954,42,41.097886790174485,16.85993247707892,41.097887056561405,16.859358083149928,41.094481033476846,16.855484180652265,41.09590934506375,16.85589778274809,0.7447853548409131,0.01773298463906936,1.2583045969101676,0.01409275995860909,44.0,52.0
0_1563,30674359#5,96606465,33,41.097886790174485,16.85993247707892,41.097887056561405,16.859358083149928,41.09320904205983,16.86036794969964,41.093226008438016,16.859824905081403,0.858470769177008,0.02601426573263661,1.2583045969101676,0.020674060793003532,44.0,52.0
0_1564,30674359#7,-131752097#1,33,41.09788233251325,16.85858481793875,41.09788136204114,16.85827651417314,41.09628587040379,16.863506396736675,41.09627339570725,16.863759660301465,0.8351750885287265,0.025308336016022014,1.5119395947255752,0.01673898620309339,45.0,0.0
0_1565,30674359#7,-25654991#0,45,41.09788233251325,16.85858481793875,41.09788136204114,16.85827651417314,41.09267829914716,16.854073630954087,41.09207574955028,16.85389154719994,0.7590420282440421,0.01686760062764538,1.5119395947255752,0.01115626622021691,45.0,0.0
0_1566,30674359#7,-33831688,40,41.09788233251325,16.85858481793875,41.09788136204114,16.85827651417314,41.09717150257013,16.862346685598727,41.09717022441964,16.862141610446756,0.9155117615855536,0.02288779403963884,1.5119395947255752,0.015138034693636747,45.0,0.0
0_1567,30674359#7,-48874524,7,41.09788233251325,16.85858481793875,41.09788136204114,16.85827651417314,41.09782874807601,16.858422322289133,41.09720965467912,16.86010828803053,0.6562849653467219,0.09375499504953169,1.5119395947255752,0.06200974918349744,45.0,0.0
0_1568,30674359#7,-50077954,39,41.09788233251325,16.85858481793875,41.09788136204114,16.85827651417314,41.09590934506375,16.85589778274809,41.094481033476846,16.855484180652265,0.5342766390370726,0.013699401000950578,1.5119395947255752,0.009060812382148831,45.0,0.0
0_1569,30674359#7,-50370694#0,32,41.09788233251325,16.85858481793875,41.09788136204114,16.85827651417314,41.09390877175432,16.860555577386883,41.09389978504193,16.86089441913475,0.7763831436320132,0.024261973238500413,1.5119395947255752,0.016046919680613357,45.0,0.0
0_1570,30674359#7,114953453#6,36,41.09788233251325,16.85858481793875,41.09788136204114,16.85827651417314,41.09289989869124,16.857979997773366,41.09252833667128,16.85806965698529,0.5178328328519616,0.014384245356998933,1.5119395947255752,0.009513769866983176,45.0,0.0
0_1571,30674359#7,1223050325#0,23,41.09788233251325,16.85858481793875,41.09788136204114,16.85827651417314,41.09575898407665,16.861403291409037,41.09578940828096,16.861627521735652,0.8694822702637652,0.03780357696798979,1.5119395947255752,0.025003364618446502,45.0,0.0
0_1572,30674359#7,1223050326,22,41.09788233251325,16.85858481793875,41.09788136204114,16.85827651417314,41.09577203818025,16.86132567064774,41.09575898407665,16.861403291409037,0.9302313381881413,0.042283242644915515,1.5119395947255752,0.027966224836244297,45.0,0.0
0_1573,30674359#7,1226960836#1,51,41.09788233251325,16.85858481793875,41.09788136204114,16.85827651417314,41.09326327598272,16.856459442663375,41.09325705252129,16.85653261037847,0.7332718412943434,0.014377879241065558,1.5119395947255752,0.009509559304632945,45.0,0.0
0_1574,30674359#7,131750844#7,26,41.09788233251325,16.85858481793875,41.09788136204114,16.85827651417314,41.09588692434208,16.86204201283392,41.096023183819085,16.86206015013157,0.7332440453502018,0.02820169405193084,1.5119395947255752,0.018652659240033724,45.0,0.0
0_1575,30674359#7,131750844#8,27,41.09788233251325,16.85858481793875,41.09788136204114,16.85827651417314,41.096023183819085,16.86206015013157,41.09607053280287,16.862073156374553,0.9176713657684779,0.03398782836179547,1.5119395947255752,0.02247962053534582,45.0,0.0
0_1576,30674359#7,131750844#9,28,41.09788233251325,16.85858481793875,41.09788136204114,16.85827651417314,41.09607053280287,16.862073156374553,41.09624619327664,16.862345189534487,0.819951337373614,0.02928397633477193,1.5119395947255752,0.019368482998216023,45.0,0.0
0_1577,30674359#7,131750850#0,28,41.09788233251325,16.85858481793875,41.09788136204114,16.85827651417314,41.09406666971318,16.861809974981103,41.09374076152227,16.861733142040123,0.5335377285008602,0.019054918875030722,1.5119395947255752,0.012602963069096215,45.0,0.0
0_1578,30674359#7,131750853#0,25,41.09788233251325,16.85858481793875,41.09788136204114,16.85827651417314,41.09428507077666,16.861822930016572,41.094248634240174,16.861820234016683,0.8902280597378567,0.03560912238951427,1.5119395947255752,0.023551947785306535,45.0,0.0
0_1579,30674359#7,131750853#2,27,41.09788233251325,16.85858481793875,41.09788136204114,16.85827651417314,41.09422326217536,16.861818445841735,41.09406666971318,16.861809974981103,0.7661658784991435,0.028376514018486797,1.5119395947255752,0.018768285530373508,45.0,0.0
0_1580,30674359#7,131752095#2,25,41.09788233251325,16.85858481793875,41.09788136204114,16.85827651417314,41.09606913880409,16.857384087393385,41.09607773810893,16.85711333011326,0.925687807271744,0.037027512290869764,1.5119395947255752,0.024490073823081833,45.0,0.0
0_1581,30674359#7,25817423#3,34,41.09788233251325,16.85858481793875,41.09788136204114,16.85827651417314,41.093433790346566,16.855687830843742,41.09352569242476,16.85465158647345,0.6782863394425223,0.019949598218897715,1.5119395947255752,0.013194705852331798,45.0,0.0
0_1582,30674359#7,25817735#2,46,41.09788233251325,16.85858481793875,41.09788136204114,16.85827651417314,41.09257525037648,16.866055037799217,41.08991586912939,16.865878687144406,0.8369051135925147,0.018193589425924233,1.5119395947255752,0.012033277975782136,45.0,0.0
0_1583,30674359#7,25819014#1,17,41.09788233251325,16.85858481793875,41.09788136204114,16.85827651417314,41.09637979984023,16.861535604961926,41.096390396588056,16.86145398483175,0.862311758203363,0.05072422107078606,1.5119395947255752,0.033549105564625925,45.0,0.0
0_1584,30674359#7,25819014#2,18,41.09788233251325,16.85858481793875,41.09788136204114,16.85827651417314,41.096390396588056,16.86145398483175,41.09617566373433,16.86105237527639,0.6436354437779408,0.03575752465433004,1.5119395947255752,0.02365010135264049,45.0,0.0
0_1585,30674359#7,25819177#2,46,41.09788233251325,16.85858481793875,41.09788136204114,16.85827651417314,41.09333584930795,16.855672929401177,41.09331846638719,16.855846153569416,0.7455425261489763,0.01620744622062992,1.5119395947255752,0.010719638719145825,45.0,0.0
0_1586,30674359#7,25819177#3,47,41.09788233251325,16.85858481793875,41.09788136204114,16.85827651417314,41.09331846638719,16.855846153569416,41.09330344191395,16.855984796607544,0.9700720880017017,0.020639831659610676,1.5119395947255752,0.013651227688998324,45.0,0.0
0_1587,30674359#7,25819177#5,49,41.09788233251325,16.85858481793875,41.09788136204114,16.85827651417314,41.09328897220411,16.85615607855325,41.093276282258536,16.856306336332803,0.5191945842581153,0.010595807842002352,1.5119395947255752,0.007008089396538058,45.0,0.0
0_1588,30674359#7,28279138#5,32,41.09788233251325,16.85858481793875,41.09788136204114,16.85827651417314,41.09309962997091,16.8641768999245,41.09122003932151,16.863954806076606,0.568013423260157,0.017750419476879907,1.5119395947255752,0.011740164447576161,45.0,0.0
0_1589,30674359#7,28921528#2,39,41.09788233251325,16.85858481793875,41.09788136204114,16.85827651417314,41.09590934506375,16.85589778274809,41.09589464404242,16.856597607978603,0.6417651869499582,0.01645551761410149,1.5119395947255752,0.01088371365596008,45.0,0.0
0_1590,30674359#7,28921528#8,27,41.09788233251325,16.85858481793875,41.09788136204114,16.85827651417314,41.095864883749904,16.858939789299576,41.09579879841287,16.860483307032734,0.8739237330005454,0.03236754566668686,1.5119395947255752,0.021407962182881875,45.0,0.0
0_1591,30674359#7,30672980#0,40,41.09788233251325,16.85858481793875,41.09788136204114,16.85827651417314,41.09410258065408,16.854547680343014,41.0940220774019,16.854495884667088,0.9777347418342759,0.024443368545856898,1.5119395947255752,0.016166894915066694,45.0,0.0
0_1592,30674359#7,30672980#6,47,41.09788233251325,16.85858481793875,41.09788136204114,16.85827651417314,41.09290701188394,16.85345153155061,41.09274366748828,16.853398004520955,0.8499108893805176,0.018083210412351437,1.5119395947255752,0.011960273066090073,45.0,0.0
0_1593,30674359#7,30673346,36,41.09788233251325,16.85858481793875,41.09788136204114,16.85827651417314,41.09289989869124,16.857979997773366,41.0924620240455,16.857540225068156,0.8449318076137086,0.023470327989269683,1.5119395947255752,0.015523323862372734,45.0,0.0
0_1594,30674359#7,30674315#11,11,41.09788233251325,16.85858481793875,41.09788136204114,16.85827651417314,41.09762167433529,16.86078183182401,41.0975908593457,16.860854905020272,0.9390339292479452,0.08536672084072229,1.5119395947255752,0.0564617271341563,45.0,0.0
0_1595,30674359#7,30674315#8,8,41.09788233251325,16.85858481793875,41.09788136204114,16.85827651417314,41.09783406893447,16.85935956518292,41.09781757948696,16.860074005211207,0.8380458080140754,0.10475572600175942,1.5119395947255752,0.06928565556931071,45.0,0.0
0_1596,30674359#7,30674315#9,9,41.09788233251325,16.85858481793875,41.09788136204114,16.85827651417314,41.09781757948696,16.860074005211207,41.09773009884011,16.860532461562137,0.5281911013417732,0.058687900149085905,1.5119395947255752,0.03881629950946424,45.0,0.0
0_1597,30674359#7,30674359#4,12,41.09788233251325,16.85858481793875,41.09788136204114,16.85827651417314,41.09788351207976,16.86008527251128,41.097886790174485,16.85993247707892,0.9947028957821464,0.08289190798184554,1.5119395947255752,0.05482488074987602,45.0,0.0
0_1598,30674359#7,30674359#5,13,41.09788233251325,16.85858481793875,41.09788136204114,16.85827651417314,41.097886790174485,16.85993247707892,41.097887056561405,16.859358083149928,0.9644684851647153,0.07418988347420888,1.5119395947255752,0.049069343598792864,45.0,0.0
0_1599,30674359#7,30674385#2,13,41.09788233251325,16.85858481793875,41.09788136204114,16.85827651417314,41.09752079197923,16.86113857805688,41.097541272342,16.861158803055236,0.9889948828179018,0.07607652944753092,1.5119395947255752,0.05031717517877373,45.0,0.0
0_1600,30674359#7,30674948,33,41.09788233251325,16.85858481793875,41.09788136204114,16.85827651417314,41.09346290764322,16.859512259912492,41.0937563740557,16.85923859402608,0.6304550425963809,0.01910469826049639,1.5119395947255752,0.01263588725842185,45.0,0.0
0_1601,30674359#7,30675059#0,23,41.09788233251325,16.85858481793875,41.09788136204114,16.85827651417314,41.09575898407665,16.861403291409037,41.09556026737646,16.861799770540163,0.5556250671273535,0.02415761161423276,1.5119395947255752,0.015977894684752594,45.0,0.0
0_1602,30674359#7,30675059#1,24,41.09788233251325,16.85858481793875,41.09788136204114,16.85827651417314,41.09556026737646,16.861799770540163,41.09428507077666,16.861822930016572,0.9435164107876837,0.03931318378282015,1.5119395947255752,0.026001821712960494,45.0,0.0
0_1603,30674359#7,33831688,41,41.09788233251325,16.85858481793875,41.09788136204114,16.85827651417314,41.09717022441964,16.862141610446756,41.09717150257013,16.862346685598727,0.5457559659953104,0.01331112112183684,1.5119395947255752,0.008804003260628197,45.0,0.0
0_1604,30674359#7,48563895#1,39,41.09788233251325,16.85858481793875,41.09788136204114,16.85827651417314,41.094497059549575,16.854662484304253,41.09459493177244,16.85467607291383,0.6474004621566533,0.016600011850170595,1.5119395947255752,0.010979282444933644,45.0,0.0
0_1605,30674359#7,48563902#0,30,41.09788233251325,16.85858481793875,41.09788136204114,16.85827651417314,41.093159424293006,16.861119861413044,41.092910609638544,16.861550868324073,0.7311713550667521,0.02437237850222507,1.5119395947255752,0.016119941952210587,45.0,0.0
0_1606,30674359#7,48874527#2,31,41.09788233251325,16.85858481793875,41.09788136204114,16.85827651417314,41.094611131446,16.86076995428607,41.09433377805168,16.860614722600705,0.8457573147453878,0.027282494024044767,1.5119395947255752,0.018044698425267895,45.0,0.0
0_1607,30674359#7,50077954,40,41.09788233251325,16.85858481793875,41.09788136204114,16.85827651417314,41.094481033476846,16.855484180652265,41.09590934506375,16.85589778274809,0.8091711208304933,0.020229278020762333,1.5119395947255752,0.013379686656353524,45.0,0.0
0_1608,30674359#7,96606465,31,41.09788233251325,16.85858481793875,41.09788136204114,16.85827651417314,41.09320904205983,16.86036794969964,41.093226008438016,16.859824905081403,0.7375250408762736,0.023791130350847536,1.5119395947255752,0.015735503213119933,45.0,0.0
0_1609,30674359#8,-131752097#1,32,41.09788136204114,16.85827651417314,41.097878498918455,16.857945890667285,41.09628587040379,16.863506396736675,41.09627339570725,16.863759660301465,0.9087682655324032,0.0283990082978876,1.6625278172919953,0.01708182443776806,45.0,0.0
0_1610,30674359#8,-25654991#0,44,41.09788136204114,16.85827651417314,41.097878498918455,16.857945890667285,41.09267829914716,16.854073630954087,41.09207574955028,16.85389154719994,0.5087463441530126,0.011562416912568468,1.6625278172919953,0.006954720872822378,45.0,0.0
0_1611,30674359#8,-33831688,39,41.09788136204114,16.85827651417314,41.097878498918455,16.857945890667285,41.09717150257013,16.862346685598727,41.09717022441964,16.862141610446756,0.5628754915884453,0.014432704912524238,1.6625278172919953,0.008681181007866032,45.0,0.0
0_1612,30674359#8,-48874524,6,41.09788136204114,16.85827651417314,41.097878498918455,16.857945890667285,41.09782874807601,16.858422322289133,41.09720965467912,16.86010828803053,0.7901482818364427,0.13169138030607377,1.6625278172919953,0.07921153495078295,45.0,0.0
0_1613,30674359#8,-50077954,38,41.09788136204114,16.85827651417314,41.097878498918455,16.857945890667285,41.09590934506375,16.85589778274809,41.094481033476846,16.855484180652265,0.5476507219353726,0.014411861103562434,1.6625278172919953,0.008668643588194008,45.0,0.0
0_1614,30674359#8,-50370694#0,31,41.09788136204114,16.85827651417314,41.097878498918455,16.857945890667285,41.09390877175432,16.860555577386883,41.09389978504193,16.86089441913475,0.9831597595443964,0.031714830953045045,1.6625278172919953,0.01907627085885617,45.0,0.0
0_1615,30674359#8,114953453#6,35,41.09788136204114,16.85827651417314,41.097878498918455,16.857945890667285,41.09289989869124,16.857979997773366,41.09252833667128,16.85806965698529,0.9425461220042555,0.026929889200121584,1.6625278172919953,0.01619815856313687,45.0,0.0
0_1616,30674359#8,1223050325#0,22,41.09788136204114,16.85827651417314,41.097878498918455,16.857945890667285,41.09575898407665,16.861403291409037,41.09578940828096,16.861627521735652,0.9246854661681936,0.04203115755309971,1.6625278172919953,0.02528147626519842,45.0,0.0
0_1617,30674359#8,1223050326,21,41.09788136204114,16.85827651417314,41.097878498918455,16.857945890667285,41.09577203818025,16.86132567064774,41.09575898407665,16.861403291409037,0.8631394759303157,0.041101879806205506,1.6625278172919953,0.024722521559461308,45.0,0.0
0_1618,30674359#8,1226960836#1,50,41.09788136204114,16.85827651417314,41.097878498918455,16.857945890667285,41.09326327598272,16.856459442663375,41.09325705252129,16.85653261037847,0.9669533688075356,0.019339067376150713,1.6625278172919953,0.011632327095525601,45.0,0.0
0_1619,30674359#8,131750844#7,25,41.09788136204114,16.85827651417314,41.097878498918455,16.857945890667285,41.09588692434208,16.86204201283392,41.096023183819085,16.86206015013157,0.7287682396724087,0.029150729586896348,1.6625278172919953,0.01753398005356593,45.0,0.0
0_1620,30674359#8,131750844#8,26,41.09788136204114,16.85827651417314,41.097878498918455,16.857945890667285,41.096023183819085,16.86206015013157,41.09607053280287,16.862073156374553,0.8914078071718916,0.03428491566045737,1.6625278172919953,0.020622160606192007,45.0,0.0
0_1621,30674359#8,131750844#9,27,41.09788136204114,16.85827651417314,41.097878498918455,16.857945890667285,41.09607053280287,16.862073156374553,41.09624619327664,16.862345189534487,0.9655057690758826,0.03575947292873639,1.6625278172919953,0.021509097506099552,45.0,0.0
0_1622,30674359#8,131750850#0,27,41.09788136204114,16.85827651417314,41.097878498918455,16.857945890667285,41.09406666971318,16.861809974981103,41.09374076152227,16.861733142040123,0.7851229397752261,0.029078627399082447,1.6625278172919953,0.01749061104219423,45.0,0.0
0_1623,30674359#8,131750853#0,24,41.09788136204114,16.85827651417314,41.097878498918455,16.857945890667285,41.09428507077666,16.861822930016572,41.094248634240174,16.861820234016683,0.9936124219323907,0.04140051758051628,1.6625278172919953,0.024902150297822636,45.0,0.0
0_1624,30674359#8,131750853#2,26,41.09788136204114,16.85827651417314,41.097878498918455,16.857945890667285,41.09422326217536,16.861818445841735,41.09406666971318,16.861809974981103,0.6388906138597497,0.024572715917682682,1.6625278172919953,0.014780333695533525,45.0,0.0
0_1625,30674359#8,131752095#2,24,41.09788136204114,16.85827651417314,41.097878498918455,16.857945890667285,41.09606913880409,16.857384087393385,41.09607773810893,16.85711333011326,0.6208668891488616,0.025869453714535896,1.6625278172919953,0.015560313304515589,45.0,0.0
0_1626,30674359#8,25817423#3,33,41.09788136204114,16.85827651417314,41.097878498918455,16.857945890667285,41.093433790346566,16.855687830843742,41.09352569242476,16.85465158647345,0.804203107300749,0.024369791130325728,1.6625278172919953,0.01465827571536241,45.0,0.0
0_1627,30674359#8,25817735#2,45,41.09788136204114,16.85827651417314,41.097878498918455,16.857945890667285,41.09257525037648,16.866055037799217,41.08991586912939,16.865878687144406,0.6316418527433048,0.014036485616517883,1.6625278172919953,0.008442857599448279,45.0,0.0
0_1628,30674359#8,25819014#1,16,41.09788136204114,16.85827651417314,41.097878498918455,16.857945890667285,41.09637979984023,16.861535604961926,41.096390396588056,16.86145398483175,0.9728009514227274,0.06080005946392046,1.6625278172919953,0.03657085242817441,45.0,0.0
0_1629,30674359#8,25819014#2,17,41.09788136204114,16.85827651417314,41.097878498918455,16.857945890667285,41.096390396588056,16.86145398483175,41.09617566373433,16.86105237527639,0.7779222664308885,0.045760133319464026,1.6625278172919953,0.027524431677781076,45.0,0.0
0_1630,30674359#8,25819177#2,45,41.09788136204114,16.85827651417314,41.097878498918455,16.857945890667285,41.09333584930795,16.855672929401177,41.09331846638719,16.855846153569416,0.6041722311117956,0.013426049580262125,1.6625278172919953,0.008075684172389437,45.0,0.0
0_1631,30674359#8,25819177#3,46,41.09788136204114,16.85827651417314,41.097878498918455,16.857945890667285,41.09331846638719,16.855846153569416,41.09330344191395,16.855984796607544,0.8736714954254123,0.018992858596204615,1.6625278172919953,0.011424084697205903,45.0,0.0
0_1632,30674359#8,25819177#5,48,41.09788136204114,16.85827651417314,41.097878498918455,16.857945890667285,41.09328897220411,16.85615607855325,41.093276282258536,16.856306336332803,0.6863195358337599,0.01429832366320333,1.6625278172919953,0.00860035153366223,45.0,0.0
0_1633,30674359#8,28279138#5,31,41.09788136204114,16.85827651417314,41.097878498918455,16.857945890667285,41.09309962997091,16.8641768999245,41.09122003932151,16.863954806076606,0.9874038278977787,0.03185173638379931,1.6625278172919953,0.01915861861227738,45.0,0.0
0_1634,30674359#8,28921528#2,38,41.09788136204114,16.85827651417314,41.097878498918455,16.857945890667285,41.09590934506375,16.85589778274809,41.09589464404242,16.856597607978603,0.872699543343348,0.022965777456403894,1.6625278172919953,0.013813770342689153,45.0,0.0
0_1635,30674359#8,28921528#8,26,41.09788136204114,16.85827651417314,41.097878498918455,16.857945890667285,41.095864883749904,16.858939789299576,41.09579879841287,16.860483307032734,0.7094546791081587,0.027286718427236876,1.6625278172919953,0.016412789093467793,45.0,0.0
0_1636,30674359#8,30672980#0,39,41.09788136204114,16.85827651417314,41.097878498918455,16.857945890667285,41.09410258065408,16.854547680343014,41.0940220774019,16.854495884667088,0.7856618162634346,0.0201451747759855,1.6625278172919953,0.012117195614085377,45.0,0.0
0_1637,30674359#8,30672980#6,46,41.09788136204114,16.85827651417314,41.097878498918455,16.857945890667285,41.09290701188394,16.85345153155061,41.09274366748828,16.853398004520955,0.9934464844917843,0.021596662706343136,1.6625278172919953,0.012990256452683488,45.0,0.0
0_1638,30674359#8,30673346,35,41.09788136204114,16.85827651417314,41.097878498918455,16.857945890667285,41.09289989869124,16.857979997773366,41.0924620240455,16.857540225068156,0.5379951321400444,0.015371289489715553,1.6625278172919953,0.009245733713348053,45.0,0.0
0_1639,30674359#8,30674315#11,10,41.09788136204114,16.85827651417314,41.097878498918455,16.857945890667285,41.09762167433529,16.86078183182401,41.0975908593457,16.860854905020272,0.9014604392884251,0.09014604392884251,1.6625278172919953,0.05422227705980685,45.0,0.0
0_1640,30674359#8,30674315#8,7,41.09788136204114,16.85827651417314,41.097878498918455,16.857945890667285,41.09783406893447,16.85935956518292,41.09781757948696,16.860074005211207,0.8766060143388275,0.1252294306198325,1.6625278172919953,0.07532471295657006,45.0,0.0
0_1641,30674359#8,30674315#9,8,41.09788136204114,16.85827651417314,41.097878498918455,16.857945890667285,41.09781757948696,16.860074005211207,41.09773009884011,16.860532461562137,0.8915837167869924,0.11144796459837406,1.6625278172919953,0.06703524803567247,45.0,0.0
0_1642,30674359#8,30674359#4,11,41.09788136204114,16.85827651417314,41.097878498918455,16.857945890667285,41.09788351207976,16.86008527251128,41.097886790174485,16.85993247707892,0.9457316173511655,0.08597560157737869,1.6625278172919953,0.05171378227969734,45.0,0.0
0_1643,30674359#8,30674359#5,12,41.09788136204114,16.85827651417314,41.097878498918455,16.857945890667285,41.097886790174485,16.85993247707892,41.097887056561405,16.859358083149928,0.7713239115332201,0.06427699262776834,1.6625278172919953,0.03866220580445131,45.0,0.0
0_1644,30674359#8,30674385#2,12,41.09788136204114,16.85827651417314,41.097878498918455,16.857945890667285,41.09752079197923,16.86113857805688,41.097541272342,16.861158803055236,0.8438639833300352,0.07032199861083627,1.6625278172919953,0.04229823879000118,45.0,0.0
0_1645,30674359#8,30674948,32,41.09788136204114,16.85827651417314,41.097878498918455,16.857945890667285,41.09346290764322,16.859512259912492,41.0937563740557,16.85923859402608,0.7103223585683814,0.02219757370526192,1.6625278172919953,0.013351700629838717,45.0,0.0
0_1646,30674359#8,30675059#0,22,41.09788136204114,16.85827651417314,41.097878498918455,16.857945890667285,41.09575898407665,16.861403291409037,41.09556026737646,16.861799770540163,0.5061630781460986,0.023007412643004484,1.6625278172919953,0.013838813644922981,45.0,0.0
0_1647,30674359#8,30675059#1,23,41.09788136204114,16.85827651417314,41.097878498918455,16.857945890667285,41.09556026737646,16.861799770540163,41.09428507077666,16.861822930016572,0.7102515828675315,0.030880503602936153,1.6625278172919953,0.018574428218130986,45.0,0.0
0_1648,30674359#8,33831688,40,41.09788136204114,16.85827651417314,41.097878498918455,16.857945890667285,41.09717022441964,16.862141610446756,41.09717150257013,16.862346685598727,0.6802709828311677,0.017006774570779194,1.6625278172919953,0.010229467678008926,45.0,0.0
0_1649,30674359#8,48563895#1,38,41.09788136204114,16.85827651417314,41.097878498918455,16.857945890667285,41.094497059549575,16.854662484304253,41.09459493177244,16.85467607291383,0.8254803098818737,0.021723166049522992,1.6625278172919953,0.013066347416012997,45.0,0.0
0_1650,30674359#8,48563902#0,29,41.09788136204114,16.85827651417314,41.097878498918455,16.857945890667285,41.093159424293006,16.861119861413044,41.092910609638544,16.861550868324073,0.7642223926279085,0.026352496297514086,1.6625278172919953,0.015850860372633217,45.0,0.0
0_1651,30674359#8,48874527#2,30,41.09788136204114,16.85827651417314,41.097878498918455,16.857945890667285,41.094611131446,16.86076995428607,41.09433377805168,16.860614722600705,0.9054830319584762,0.03018276773194921,1.6625278172919953,0.018154744490899613,45.0,0.0
0_1652,30674359#8,50077954,39,41.09788136204114,16.85827651417314,41.097878498918455,16.857945890667285,41.094481033476846,16.855484180652265,41.09590934506375,16.85589778274809,0.5295421090146122,0.013578002795246466,1.6625278172919953,0.008167083073149997,45.0,0.0
0_1653,30674359#8,96606465,30,41.09788136204114,16.85827651417314,41.097878498918455,16.857945890667285,41.09320904205983,16.86036794969964,41.093226008438016,16.859824905081403,0.5270819434265814,0.01756939811421938,1.6625278172919953,0.010567882192093035,45.0,0.0
0_1654,30674378#0,-131752097#1,25,41.097541272342,16.861158803055236,41.09781030947246,16.860942307300732,41.09628587040379,16.863506396736675,41.09627339570725,16.863759660301465,0.8729168602426871,0.034916674409707485,1.9513429932236268,0.01789366325190478,45.0,0.0
0_1655,30674378#0,-25654991#0,33,41.097541272342,16.861158803055236,41.09781030947246,16.860942307300732,41.09267829914716,16.854073630954087,41.09207574955028,16.85389154719994,0.6646565455402222,0.020141107440612795,1.9513429932236268,0.01032166436682646,45.0,0.0
0_1656,30674378#0,-33831688,32,41.097541272342,16.861158803055236,41.09781030947246,16.860942307300732,41.09717150257013,16.862346685598727,41.09717022441964,16.862141610446756,0.6195814333629988,0.01936191979259371,1.9513429932236268,0.009922355967060275,45.0,0.0
0_1657,30674378#0,-48874524,14,41.097541272342,16.861158803055236,41.09781030947246,16.860942307300732,41.09782874807601,16.858422322289133,41.09720965467912,16.86010828803053,0.516829059391781,0.03691636138512722,1.9513429932236268,0.018918437974936038,45.0,0.0
0_1658,30674378#0,-50077954,22,41.097541272342,16.861158803055236,41.09781030947246,16.860942307300732,41.09590934506375,16.85589778274809,41.094481033476846,16.855484180652265,0.707306391839559,0.03215029053816178,1.9513429932236268,0.016475981234364834,45.0,0.0
0_1659,30674378#0,-50370694#0,24,41.097541272342,16.861158803055236,41.09781030947246,16.860942307300732,41.09390877175432,16.860555577386883,41.09389978504193,16.86089441913475,0.6233153170643558,0.02597147154434816,1.9513429932236268,0.013309536885385373,45.0,0.0
0_1660,30674378#0,114953453#6,28,41.097541272342,16.861158803055236,41.09781030947246,16.860942307300732,41.09289989869124,16.857979997773366,41.09252833667128,16.85806965698529,0.9279953341385168,0.033142690504947024,1.9513429932236268,0.01698455403280751,45.0,0.0
0_1661,30674378#0,1223050325#0,15,41.097541272342,16.861158803055236,41.09781030947246,16.860942307300732,41.09575898407665,16.861403291409037,41.09578940828096,16.861627521735652,0.6007192267346994,0.04004794844897996,1.9513429932236268,0.020523274784624398,45.0,0.0
0_1662,30674378#0,1223050326,14,41.097541272342,16.861158803055236,41.09781030947246,16.860942307300732,41.09577203818025,16.86132567064774,41.09575898407665,16.861403291409037,0.7715143653515635,0.055108168953683104,1.9513429932236268,0.028241149375099955,45.0,0.0
0_1663,30674378#0,1226960836#1,35,41.097541272342,16.861158803055236,41.09781030947246,16.860942307300732,41.09326327598272,16.856459442663375,41.09325705252129,16.85653261037847,0.9553050251049543,0.02729442928871298,1.9513429932236268,0.013987509824514483,45.0,0.0
0_1664,30674378#0,131750844#7,18,41.097541272342,16.861158803055236,41.09781030947246,16.860942307300732,41.09588692434208,16.86204201283392,41.096023183819085,16.86206015013157,0.6169291020813507,0.03427383900451948,1.9513429932236268,0.017564230954548364,45.0,0.0
0_1665,30674378#0,131750844#8,19,41.097541272342,16.861158803055236,41.09781030947246,16.860942307300732,41.096023183819085,16.86206015013157,41.09607053280287,16.862073156374553,0.5553590335449776,0.029229422818156714,1.9513429932236268,0.014979131254556938,45.0,0.0
0_1666,30674378#0,131750844#9,20,41.097541272342,16.861158803055236,41.09781030947246,16.860942307300732,41.09607053280287,16.862073156374553,41.09624619327664,16.862345189534487,0.6224740512981723,0.03112370256490862,1.9513429932236268,0.015949888191358983,45.0,0.0
0_1667,30674378#0,131750850#0,20,41.097541272342,16.861158803055236,41.09781030947246,16.860942307300732,41.09406666971318,16.861809974981103,41.09374076152227,16.861733142040123,0.6417481765128523,0.032087408825642615,1.9513429932236268,0.016443756396016303,45.0,0.0
0_1668,30674378#0,131750853#0,17,41.097541272342,16.861158803055236,41.09781030947246,16.860942307300732,41.09428507077666,16.861822930016572,41.094248634240174,16.861820234016683,0.9846718532325207,0.05792187371956004,1.9513429932236268,0.029683081816320185,45.0,0.0
0_1669,30674378#0,131750853#2,19,41.097541272342,16.861158803055236,41.09781030947246,16.860942307300732,41.09422326217536,16.861818445841735,41.09406666971318,16.861809974981103,0.593960692401269,0.031261089073751,1.9513429932236268,0.01602029432155725,45.0,0.0
0_1670,30674378#0,131752095#2,17,41.097541272342,16.861158803055236,41.09781030947246,16.860942307300732,41.09606913880409,16.857384087393385,41.09607773810893,16.85711333011326,0.9044493873270849,0.05320290513688734,1.9513429932236268,0.027264763458624934,45.0,0.0
0_1671,30674378#0,25817423#3,26,41.097541272342,16.861158803055236,41.09781030947246,16.860942307300732,41.093433790346566,16.855687830843742,41.09352569242476,16.85465158647345,0.5145716313996385,0.019791216592293787,1.9513429932236268,0.010142356654377105,45.0,0.0
0_1672,30674378#0,25817735#2,38,41.097541272342,16.861158803055236,41.09781030947246,16.860942307300732,41.09257525037648,16.866055037799217,41.08991586912939,16.865878687144406,0.980231689465475,0.025795570775407235,1.9513429932236268,0.013219393445943015,45.0,0.0
0_1673,30674378#0,25819014#1,9,41.097541272342,16.861158803055236,41.09781030947246,16.860942307300732,41.09637979984023,16.861535604961926,41.096390396588056,16.86145398483175,0.931594938333743,0.1035105487037492,1.9513429932236268,0.053045799258873164,45.0,0.0
0_1674,30674378#0,25819014#2,10,41.097541272342,16.861158803055236,41.09781030947246,16.860942307300732,41.096390396588056,16.86145398483175,41.09617566373433,16.86105237527639,0.8514035302163568,0.0851403530216357,1.9513429932236268,0.04363166973581793,45.0,0.0
0_1675,30674378#0,25819177#2,30,41.097541272342,16.861158803055236,41.09781030947246,16.860942307300732,41.09333584930795,16.855672929401177,41.09331846638719,16.855846153569416,0.5056107002734325,0.016853690009114415,1.9513429932236268,0.00863696954745616,45.0,0.0
0_1676,30674378#0,25819177#3,31,41.097541272342,16.861158803055236,41.09781030947246,16.860942307300732,41.09331846638719,16.855846153569416,41.09330344191395,16.855984796607544,0.6875456317176036,0.02217889134572915,1.9513429932236268,0.011365962530805273,45.0,0.0
0_1677,30674378#0,25819177#5,33,41.097541272342,16.861158803055236,41.09781030947246,16.860942307300732,41.09328897220411,16.85615607855325,41.093276282258536,16.856306336332803,0.6686417960708539,0.020261872608207696,1.9513429932236268,0.010383552598682304,45.0,0.0
0_1678,30674378#0,28279138#5,24,41.097541272342,16.861158803055236,41.09781030947246,16.860942307300732,41.09309962997091,16.8641768999245,41.09122003932151,16.863954806076606,0.5209978781886238,0.02170824492452599,1.9513429932236268,0.011124771503478164,45.0,0.0
0_1679,30674378#0,28921528#2,22,41.097541272342,16.861158803055236,41.09781030947246,16.860942307300732,41.09590934506375,16.85589778274809,41.09589464404242,16.856597607978603,0.6183860218580124,0.028108455539000564,1.9513429932236268,0.014404671878092164,45.0,0.0
0_1680,30674378#0,28921528#8,19,41.097541272342,16.861158803055236,41.09781030947246,16.860942307300732,41.095864883749904,16.858939789299576,41.09579879841287,16.860483307032734,0.9778802890094602,0.05146738363207685,1.9513429932236268,0.026375364972127485,45.0,0.0
0_1681,30674378#0,30672980#0,36,41.097541272342,16.861158803055236,41.09781030947246,16.860942307300732,41.09410258065408,16.854547680343014,41.0940220774019,16.854495884667088,0.6922905329179667,0.01923029258105463,1.9513429932236268,0.009854901289950112,45.0,0.0
0_1682,30674378#0,30672980#6,33,41.097541272342,16.861158803055236,41.09781030947246,16.860942307300732,41.09290701188394,16.85345153155061,41.09274366748828,16.853398004520955,0.9299978737143777,0.028181753748920537,1.9513429932236268,0.014442234833541059,45.0,0.0
0_1683,30674378#0,30673346,28,41.097541272342,16.861158803055236,41.09781030947246,16.860942307300732,41.09289989869124,16.857979997773366,41.0924620240455,16.857540225068156,0.7764553639142682,0.027730548711223862,1.9513429932236268,0.014211006884757292,45.0,0.0
0_1684,30674378#0,30674315#11,3,41.097541272342,16.861158803055236,41.09781030947246,16.860942307300732,41.09762167433529,16.86078183182401,41.0975908593457,16.860854905020272,0.535649110253813,0.17854970341793766,1.9513429932236268,0.09150093245420314,45.0,0.0
0_1685,30674378#0,30674315#8,15,41.097541272342,16.861158803055236,41.09781030947246,16.860942307300732,41.09783406893447,16.85935956518292,41.09781757948696,16.860074005211207,0.7512231301117401,0.05008154200744934,1.9513429932236268,0.025665166083751592,45.0,0.0
0_1686,30674378#0,30674315#9,16,41.097541272342,16.861158803055236,41.09781030947246,16.860942307300732,41.09781757948696,16.860074005211207,41.09773009884011,16.860532461562137,0.7468240660471257,0.046676504127945356,1.9513429932236268,0.023920194599328527,45.0,0.0
0_1687,30674378#0,30674359#4,5,41.097541272342,16.861158803055236,41.09781030947246,16.860942307300732,41.09788351207976,16.86008527251128,41.097886790174485,16.85993247707892,0.5431898838576252,0.10863797677152505,1.9513429932236268,0.055673439855929506,45.0,0.0
0_1688,30674378#0,30674359#5,6,41.097541272342,16.861158803055236,41.09781030947246,16.860942307300732,41.097886790174485,16.85993247707892,41.097887056561405,16.859358083149928,0.63094165151545,0.10515694191924166,1.9513429932236268,0.0538895223876157,45.0,0.0
0_1689,30674378#0,30674385#2,5,41.097541272342,16.861158803055236,41.09781030947246,16.860942307300732,41.09752079197923,16.86113857805688,41.097541272342,16.861158803055236,0.5650119744524293,0.11300239489048587,1.9513429932236268,0.0579100625994026,45.0,0.0
0_1690,30674378#0,30674948,25,41.097541272342,16.861158803055236,41.09781030947246,16.860942307300732,41.09346290764322,16.859512259912492,41.0937563740557,16.85923859402608,0.5172242774442213,0.020688971097768852,1.9513429932236268,0.010602426723346358,45.0,0.0
0_1691,30674378#0,30675059#0,15,41.097541272342,16.861158803055236,41.09781030947246,16.860942307300732,41.09575898407665,16.861403291409037,41.09556026737646,16.861799770540163,0.7590813159207119,0.050605421061380794,1.9513429932236268,0.025933637108963827,45.0,0.0
0_1692,30674378#0,30675059#1,16,41.097541272342,16.861158803055236,41.09781030947246,16.860942307300732,41.09556026737646,16.861799770540163,41.09428507077666,16.861822930016572,0.717493623436507,0.04484335146478169,1.9513429932236268,0.022980763310452297,45.0,0.0
0_1693,30674378#0,33831688,33,41.097541272342,16.861158803055236,41.09781030947246,16.860942307300732,41.09717022441964,16.862141610446756,41.09717150257013,16.862346685598727,0.6136886757458491,0.018596626537753003,1.9513429932236268,0.009530167993188782,45.0,0.0
0_1694,30674378#0,48563895#1,35,41.097541272342,16.861158803055236,41.09781030947246,16.860942307300732,41.094497059549575,16.854662484304253,41.09459493177244,16.85467607291383,0.9211947118935055,0.026319848911243015,1.9513429932236268,0.013488068987688584,45.0,0.0
0_1695,30674378#0,48563902#0,22,41.097541272342,16.861158803055236,41.09781030947246,16.860942307300732,41.093159424293006,16.861119861413044,41.092910609638544,16.861550868324073,0.8991100346355083,0.04086863793797765,1.9513429932236268,0.02094385153194544,45.0,0.0
0_1696,30674378#0,48874527#2,23,41.097541272342,16.861158803055236,41.09781030947246,16.860942307300732,41.094611131446,16.86076995428607,41.09433377805168,16.860614722600705,0.5495643498434266,0.023894102167105503,1.9513429932236268,0.012244952450738733,45.0,0.0
0_1697,30674378#0,50077954,23,41.097541272342,16.861158803055236,41.09781030947246,16.860942307300732,41.094481033476846,16.855484180652265,41.09590934506375,16.85589778274809,0.6526272350849276,0.028375097177605547,1.9513429932236268,0.014541317070419162,45.0,0.0
0_1698,30674378#0,96606465,23,41.097541272342,16.861158803055236,41.09781030947246,16.860942307300732,41.09320904205983,16.86036794969964,41.093226008438016,16.859824905081403,0.7115222060742812,0.03093574809018614,1.9513429932236268,0.015853567618617448,45.0,0.0
0_1699,30674385#2,-131752097#1,26,41.09752079197923,16.86113857805688,41.097541272342,16.861158803055236,41.09628587040379,16.863506396736675,41.09627339570725,16.863759660301465,0.7849022775268336,0.030188549135647447,1.9008438531198515,0.015881656500137578,44.0,52.0
0_1700,30674385#2,-25654991#0,34,41.09752079197923,16.86113857805688,41.097541272342,16.861158803055236,41.09267829914716,16.854073630954087,41.09207574955028,16.85389154719994,0.6979298788540671,0.020527349378060798,1.9008438531198515,0.01079907186714432,44.0,52.0
0_1701,30674385#2,-33831688,14,41.09752079197923,16.86113857805688,41.097541272342,16.861158803055236,41.09717150257013,16.862346685598727,41.09717022441964,16.862141610446756,0.751167388901528,0.05365481349296628,1.9008438531198515,0.02822683904567055,44.0,52.0
0_1702,30674385#2,-48874524,15,41.09752079197923,16.86113857805688,41.097541272342,16.861158803055236,41.09782874807601,16.858422322289133,41.09720965467912,16.86010828803053,0.53664065360105,0.03577604357340333,1.9008438531198515,0.018821137525149252,44.0,52.0
0_1703,30674385#2,-50077954,23,41.09752079197923,16.86113857805688,41.097541272342,16.861158803055236,41.09590934506375,16.85589778274809,41.094481033476846,16.855484180652265,0.6709684704607993,0.029172542193947795,1.9008438531198515,0.015347153395091845,44.0,52.0
0_1704,30674385#2,-50370694#0,25,41.09752079197923,16.86113857805688,41.097541272342,16.861158803055236,41.09390877175432,16.860555577386883,41.09389978504193,16.86089441913475,0.964932665761584,0.03859730663046336,1.9008438531198515,0.020305353628660067,44.0,52.0
0_1705,30674385#2,114953453#6,29,41.09752079197923,16.86113857805688,41.097541272342,16.861158803055236,41.09289989869124,16.857979997773366,41.09252833667128,16.85806965698529,0.6608667600119582,0.022788508965929592,1.9008438531198515,0.011988627539567153,44.0,52.0
0_1706,30674385#2,1223050325#0,16,41.09752079197923,16.86113857805688,41.097541272342,16.861158803055236,41.09575898407665,16.861403291409037,41.09578940828096,16.861627521735652,0.7217826114156372,0.04511141321347732,1.9008438531198515,0.023732308752997276,44.0,52.0
0_1707,30674385#2,1223050326,15,41.09752079197923,16.86113857805688,41.097541272342,16.861158803055236,41.09577203818025,16.86132567064774,41.09575898407665,16.861403291409037,0.6626637148018271,0.04417758098678847,1.9008438531198515,0.023241036297789473,44.0,52.0
0_1708,30674385#2,1226960836#1,36,41.09752079197923,16.86113857805688,41.097541272342,16.861158803055236,41.09326327598272,16.856459442663375,41.09325705252129,16.85653261037847,0.7653057679119055,0.021258493553108486,1.9008438531198515,0.011183713758611451,44.0,52.0
0_1709,30674385#2,131750844#7,19,41.09752079197923,16.86113857805688,41.097541272342,16.861158803055236,41.09588692434208,16.86204201283392,41.096023183819085,16.86206015013157,0.6358934575090776,0.03346807671100408,1.9008438531198515,0.017606957381624478,44.0,52.0
0_1710,30674385#2,131750844#8,20,41.09752079197923,16.86113857805688,41.097541272342,16.861158803055236,41.096023183819085,16.86206015013157,41.09607053280287,16.862073156374553,0.6887363904496026,0.03443681952248013,1.9008438531198515,0.018116595671948035,44.0,52.0
0_1711,30674385#2,131750844#9,21,41.09752079197923,16.86113857805688,41.097541272342,16.861158803055236,41.09607053280287,16.862073156374553,41.09624619327664,16.862345189534487,0.7995635362239818,0.03807445410590389,1.9008438531198515,0.020030290254200712,44.0,52.0
0_1712,30674385#2,131750850#0,21,41.09752079197923,16.86113857805688,41.097541272342,16.861158803055236,41.09406666971318,16.861809974981103,41.09374076152227,16.861733142040123,0.5465174136787441,0.02602463874660686,1.9008438531198515,0.01369109761640477,44.0,52.0
0_1713,30674385#2,131750853#0,18,41.09752079197923,16.86113857805688,41.097541272342,16.861158803055236,41.09428507077666,16.861822930016572,41.094248634240174,16.861820234016683,0.7079536303728341,0.03933075724293523,1.9008438531198515,0.020691208895660593,44.0,52.0
0_1714,30674385#2,131750853#2,20,41.09752079197923,16.86113857805688,41.097541272342,16.861158803055236,41.09422326217536,16.861818445841735,41.09406666971318,16.861809974981103,0.9499566517693676,0.04749783258846838,1.9008438531198515,0.024987761362149908,44.0,52.0
0_1715,30674385#2,131752095#2,18,41.09752079197923,16.86113857805688,41.097541272342,16.861158803055236,41.09606913880409,16.857384087393385,41.09607773810893,16.85711333011326,0.7654209881349987,0.042523388229722146,1.9008438531198515,0.022370795033967987,44.0,52.0
0_1716,30674385#2,25817423#3,27,41.09752079197923,16.86113857805688,41.097541272342,16.861158803055236,41.093433790346566,16.855687830843742,41.09352569242476,16.85465158647345,0.5609980735505773,0.020777706427799157,1.9008438531198515,0.010930780239364083,44.0,52.0
0_1717,30674385#2,25817735#2,39,41.09752079197923,16.86113857805688,41.097541272342,16.861158803055236,41.09257525037648,16.866055037799217,41.08991586912939,16.865878687144406,0.9078385531162467,0.0232779116183653,1.9008438531198515,0.012246093533753078,44.0,52.0
0_1718,30674385#2,25819014#1,10,41.09752079197923,16.86113857805688,41.097541272342,16.861158803055236,41.09637979984023,16.861535604961926,41.096390396588056,16.86145398483175,0.8412923325028026,0.08412923325028027,1.9008438531198515,0.044258886973908514,44.0,52.0
0_1719,30674385#2,25819014#2,11,41.09752079197923,16.86113857805688,41.097541272342,16.861158803055236,41.096390396588056,16.86145398483175,41.09617566373433,16.86105237527639,0.7887968885044419,0.07170880804585836,1.9008438531198515,0.0377247231160849,44.0,52.0
0_1720,30674385#2,25819177#2,31,41.09752079197923,16.86113857805688,41.097541272342,16.861158803055236,41.09333584930795,16.855672929401177,41.09331846638719,16.855846153569416,0.9936931151520663,0.03205461661780859,1.9008438531198515,0.016863361272519785,44.0,52.0
0_1721,30674385#2,25819177#3,32,41.09752079197923,16.86113857805688,41.097541272342,16.861158803055236,41.09331846638719,16.855846153569416,41.09330344191395,16.855984796607544,0.8742043930455615,0.027318887282673798,1.9008438531198515,0.01437197865455143,44.0,52.0
0_1722,30674385#2,25819177#5,34,41.09752079197923,16.86113857805688,41.097541272342,16.861158803055236,41.09328897220411,16.85615607855325,41.093276282258536,16.856306336332803,0.774656797056636,0.022784023442842236,1.9008438531198515,0.011986267785987187,44.0,52.0
0_1723,30674385#2,28279138#5,25,41.09752079197923,16.86113857805688,41.097541272342,16.861158803055236,41.09309962997091,16.8641768999245,41.09122003932151,16.863954806076606,0.5907796552332978,0.02363118620933191,1.9008438531198515,0.012431944986194468,44.0,52.0
0_1724,30674385#2,28921528#2,23,41.09752079197923,16.86113857805688,41.097541272342,16.861158803055236,41.09590934506375,16.85589778274809,41.09589464404242,16.856597607978603,0.608789228518083,0.026469096892090566,1.9008438531198515,0.013924919108240735,44.0,52.0
0_1725,30674385#2,28921528#8,20,41.09752079197923,16.86113857805688,41.097541272342,16.861158803055236,41.095864883749904,16.858939789299576,41.09579879841287,16.860483307032734,0.6127478056685367,0.030637390283426838,1.9008438531198515,0.01611778381119614,44.0,52.0
0_1726,30674385#2,30672980#0,37,41.09752079197923,16.86113857805688,41.097541272342,16.861158803055236,41.09410258065408,16.854547680343014,41.0940220774019,16.854495884667088,0.5676697550007692,0.015342425810831601,1.9008438531198515,0.008071376186765738,44.0,52.0
0_1727,30674385#2,30672980#6,34,41.09752079197923,16.86113857805688,41.097541272342,16.861158803055236,41.09290701188394,16.85345153155061,41.09274366748828,16.853398004520955,0.6163582076460958,0.01812818257782635,1.9008438531198515,0.009536913065253939,44.0,52.0
0_1728,30674385#2,30673346,29,41.09752079197923,16.86113857805688,41.097541272342,16.861158803055236,41.09289989869124,16.857979997773366,41.0924620240455,16.857540225068156,0.9019551367340954,0.031101901266692947,1.9008438531198515,0.016362154742824063,44.0,52.0
0_1729,30674385#2,30674315#11,4,41.09752079197923,16.86113857805688,41.097541272342,16.861158803055236,41.09762167433529,16.86078183182401,41.0975908593457,16.860854905020272,0.9130452859356634,0.22826132148391584,1.9008438531198515,0.12008420423869691,44.0,52.0
0_1730,30674385#2,30674315#8,16,41.09752079197923,16.86113857805688,41.097541272342,16.861158803055236,41.09783406893447,16.85935956518292,41.09781757948696,16.860074005211207,0.649634507818438,0.040602156738652376,1.9008438531198515,0.02136006946178779,44.0,52.0
0_1731,30674385#2,30674315#9,17,41.09752079197923,16.86113857805688,41.097541272342,16.861158803055236,41.09781757948696,16.860074005211207,41.09773009884011,16.860532461562137,0.9050407882713867,0.053237693427728626,1.9008438531198515,0.028007399629564365,44.0,52.0
0_1732,30674385#2,30674359#4,6,41.09752079197923,16.86113857805688,41.097541272342,16.861158803055236,41.09788351207976,16.86008527251128,41.097886790174485,16.85993247707892,0.8674208274919377,0.14457013791532294,1.9008438531198515,0.0760557673782832,44.0,52.0
0_1733,30674385#2,30674359#5,7,41.09752079197923,16.86113857805688,41.097541272342,16.861158803055236,41.097886790174485,16.85993247707892,41.097887056561405,16.859358083149928,0.592360795204144,0.08462297074344914,1.9008438531198515,0.044518633450379215,44.0,52.0
0_1734,30674385#2,30674948,26,41.09752079197923,16.86113857805688,41.097541272342,16.861158803055236,41.09346290764322,16.859512259912492,41.0937563740557,16.85923859402608,0.779806232918033,0.029992547419924347,1.9008438531198515,0.015778543498298207,44.0,52.0
0_1735,30674385#2,30675059#0,16,41.09752079197923,16.86113857805688,41.097541272342,16.861158803055236,41.09575898407665,16.861403291409037,41.09556026737646,16.861799770540163,0.7324451774792266,0.04577782359245166,1.9008438531198515,0.024082895350565806,44.0,52.0
0_1736,30674385#2,30675059#1,17,41.09752079197923,16.86113857805688,41.097541272342,16.861158803055236,41.09556026737646,16.861799770540163,41.09428507077666,16.861822930016572,0.9092050203173959,0.05348264825396447,1.9008438531198515,0.028136265988489007,44.0,52.0
0_1737,30674385#2,33831688,15,41.09752079197923,16.86113857805688,41.097541272342,16.861158803055236,41.09717022441964,16.862141610446756,41.09717150257013,16.862346685598727,0.7697167407716585,0.051314449384777236,1.9008438531198515,0.0269956152897856,44.0,52.0
0_1738,30674385#2,48563895#1,36,41.09752079197923,16.86113857805688,41.097541272342,16.861158803055236,41.094497059549575,16.854662484304253,41.09459493177244,16.85467607291383,0.7747296877547247,0.02152026910429791,1.9008438531198515,0.011321429200497838,44.0,52.0
0_1739,30674385#2,48563902#0,23,41.09752079197923,16.86113857805688,41.097541272342,16.861158803055236,41.093159424293006,16.861119861413044,41.092910609638544,16.861550868324073,0.515595261380531,0.022417185277414393,1.9008438531198515,0.011793280779281847,44.0,52.0
0_1740,30674385#2,48874527#2,24,41.09752079197923,16.86113857805688,41.097541272342,16.861158803055236,41.094611131446,16.86076995428607,41.09433377805168,16.860614722600705,0.9219836167672915,0.038415984031970475,1.9008438531198515,0.02020996304821061,44.0,52.0
0_1741,30674385#2,50077954,24,41.09752079197923,16.86113857805688,41.097541272342,16.861158803055236,41.094481033476846,16.855484180652265,41.09590934506375,16.85589778274809,0.7444743913858358,0.031019766307743158,1.9008438531198515,0.016318945007939747,44.0,52.0
0_1742,30674385#2,96606465,24,41.09752079197923,16.86113857805688,41.097541272342,16.861158803055236,41.09320904205983,16.86036794969964,41.093226008438016,16.859824905081403,0.6153350745959365,0.025638961441497354,1.9008438531198515,0.013488199674800312,44.0,52.0
0_1743,30674845#1,-131752097#1,15,41.093713925614296,16.861877642290583,41.09448834780094,16.86192451895768,41.09628587040379,16.863506396736675,41.09627339570725,16.863759660301465,0.9861349365811509,0.06574232910541006,1.433725561466514,0.045854193349363345,45.0,0.0
0_1744,30674845#1,-25654991#0,39,41.093713925614296,16.861877642290583,41.09448834780094,16.86192451895768,41.09267829914716,16.854073630954087,41.09207574955028,16.85389154719994,0.5541299456251626,0.014208460144234937,1.433725561466514,0.009910167277551736,45.0,0.0
0_1745,30674845#1,-33831688,22,41.093713925614296,16.861877642290583,41.09448834780094,16.86192451895768,41.09717150257013,16.862346685598727,41.09717022441964,16.862141610446756,0.9977531046970884,0.04535241384986766,1.433725561466514,0.03163256279219717,45.0,0.0
0_1746,30674845#1,-48874524,33,41.093713925614296,16.861877642290583,41.09448834780094,16.86192451895768,41.09782874807601,16.858422322289133,41.09720965467912,16.86010828803053,0.9995467863917833,0.03028929655732677,1.433725561466514,0.021126286209436605,45.0,0.0
0_1747,30674845#1,-50077954,28,41.093713925614296,16.861877642290583,41.09448834780094,16.86192451895768,41.09590934506375,16.85589778274809,41.094481033476846,16.855484180652265,0.682691884838166,0.024381853029934498,1.433725561466514,0.017005941503194687,45.0,0.0
0_1748,30674845#1,-50370694#0,28,41.093713925614296,16.861877642290583,41.09448834780094,16.86192451895768,41.09390877175432,16.860555577386883,41.09389978504193,16.86089441913475,0.5708306197927215,0.020386807849740052,1.433725561466514,0.014219463192723585,45.0,0.0
0_1749,30674845#1,114953453#6,34,41.093713925614296,16.861877642290583,41.09448834780094,16.86192451895768,41.09289989869124,16.857979997773366,41.09252833667128,16.85806965698529,0.5854826753920849,0.017220078688002495,1.433725561466514,0.012010721682599146,45.0,0.0
0_1750,30674845#1,1223050325#0,19,41.093713925614296,16.861877642290583,41.09448834780094,16.86192451895768,41.09575898407665,16.861403291409037,41.09578940828096,16.861627521735652,0.7211855773141049,0.03795713564811078,1.433725561466514,0.026474477869590042,45.0,0.0
0_1751,30674845#1,1223050326,18,41.093713925614296,16.861877642290583,41.09448834780094,16.86192451895768,41.09577203818025,16.86132567064774,41.09575898407665,16.861403291409037,0.7160573996209538,0.03978096664560855,1.433725561466514,0.027746569995528162,45.0,0.0
0_1752,30674845#1,1226960836#1,41,41.093713925614296,16.861877642290583,41.09448834780094,16.86192451895768,41.09326327598272,16.856459442663375,41.09325705252129,16.85653261037847,0.8391014093316862,0.020465888032480152,1.433725561466514,0.01427462031962813,45.0,0.0
0_1753,30674845#1,131750844#7,8,41.093713925614296,16.861877642290583,41.09448834780094,16.86192451895768,41.09588692434208,16.86204201283392,41.096023183819085,16.86206015013157,0.7653118909894499,0.09566398637368123,1.433725561466514,0.06672405720089795,45.0,0.0
0_1754,30674845#1,131750844#8,9,41.093713925614296,16.861877642290583,41.09448834780094,16.86192451895768,41.096023183819085,16.86206015013157,41.09607053280287,16.862073156374553,0.8854191738753099,0.09837990820836776,1.433725561466514,0.06861836801440434,45.0,0.0
0_1755,30674845#1,131750844#9,10,41.093713925614296,16.861877642290583,41.09448834780094,16.86192451895768,41.09607053280287,16.862073156374553,41.09624619327664,16.862345189534487,0.5474000742753711,0.05474000742753711,1.433725561466514,0.03818025492378418,45.0,0.0
0_1756,30674845#1,131750850#0,24,41.093713925614296,16.861877642290583,41.09448834780094,16.86192451895768,41.09406666971318,16.861809974981103,41.09374076152227,16.861733142040123,0.6202521195198416,0.025843838313326734,1.433725561466514,0.018025652194477066,45.0,0.0
0_1757,30674845#1,131750853#0,21,41.093713925614296,16.861877642290583,41.09448834780094,16.86192451895768,41.09428507077666,16.861822930016572,41.094248634240174,16.861820234016683,0.5434193647358767,0.02587711260647032,1.433725561466514,0.018048860466714015,45.0,0.0
0_1758,30674845#1,131750853#2,23,41.093713925614296,16.861877642290583,41.09448834780094,16.86192451895768,41.09422326217536,16.861818445841735,41.09406666971318,16.861809974981103,0.6071526594937355,0.026397941717118935,1.433725561466514,0.0184121302058096,45.0,0.0
0_1759,30674845#1,131752095#2,23,41.093713925614296,16.861877642290583,41.09448834780094,16.86192451895768,41.09606913880409,16.857384087393385,41.09607773810893,16.85711333011326,0.6193978377881499,0.026930340773397822,1.433725561466514,0.018783469791702395,45.0,0.0
0_1760,30674845#1,25817423#3,32,41.093713925614296,16.861877642290583,41.09448834780094,16.86192451895768,41.093433790346566,16.855687830843742,41.09352569242476,16.85465158647345,0.7653020419006522,0.02391568880939538,1.433725561466514,0.016680799625928937,45.0,0.0
0_1761,30674845#1,25817735#2,28,41.093713925614296,16.861877642290583,41.09448834780094,16.86192451895768,41.09257525037648,16.866055037799217,41.08991586912939,16.865878687144406,0.5814355817325157,0.02076555649044699,1.433725561466514,0.014483634140697426,45.0,0.0
0_1762,30674845#1,25819014#1,13,41.093713925614296,16.861877642290583,41.09448834780094,16.86192451895768,41.09637979984023,16.861535604961926,41.096390396588056,16.86145398483175,0.5460811781235289,0.042006244471040684,1.433725561466514,0.02929866468173573,45.0,0.0
0_1763,30674845#1,25819014#2,14,41.093713925614296,16.861877642290583,41.09448834780094,16.86192451895768,41.096390396588056,16.86145398483175,41.09617566373433,16.86105237527639,0.5323113805880707,0.03802224147057648,1.433725561466514,0.026519888110026223,45.0,0.0
0_1764,30674845#1,25819177#2,36,41.093713925614296,16.861877642290583,41.09448834780094,16.86192451895768,41.09333584930795,16.855672929401177,41.09331846638719,16.855846153569416,0.94279558575648,0.026188766271013332,1.433725561466514,0.01826623377226088,45.0,0.0
0_1765,30674845#1,25819177#3,37,41.093713925614296,16.861877642290583,41.09448834780094,16.86192451895768,41.09331846638719,16.855846153569416,41.09330344191395,16.855984796607544,0.5353987768303765,0.014470237211631798,1.433725561466514,0.010092752476862192,45.0,0.0
0_1766,30674845#1,25819177#5,39,41.093713925614296,16.861877642290583,41.09448834780094,16.86192451895768,41.09328897220411,16.85615607855325,41.093276282258536,16.856306336332803,0.7946172960290491,0.02037480246228331,1.433725561466514,0.014211089632413715,45.0,0.0
0_1767,30674845#1,28279138#5,21,41.093713925614296,16.861877642290583,41.09448834780094,16.86192451895768,41.09309962997091,16.8641768999245,41.09122003932151,16.863954806076606,0.606813722309109,0.028895891538529,1.433725561466514,0.020154409124834374,45.0,0.0
0_1768,30674845#1,28921528#2,28,41.093713925614296,16.861877642290583,41.09448834780094,16.86192451895768,41.09590934506375,16.85589778274809,41.09589464404242,16.856597607978603,0.5085338894041161,0.018161924621575575,1.433725561466514,0.012667643731620644,45.0,0.0
0_1769,30674845#1,28921528#8,25,41.093713925614296,16.861877642290583,41.09448834780094,16.86192451895768,41.095864883749904,16.858939789299576,41.09579879841287,16.860483307032734,0.6636510861540643,0.026546043446162574,1.433725561466514,0.018515428726129036,45.0,0.0
0_1770,30674845#1,30672980#0,42,41.093713925614296,16.861877642290583,41.09448834780094,16.86192451895768,41.09410258065408,16.854547680343014,41.0940220774019,16.854495884667088,0.7844759532219845,0.018677998886237723,1.433725561466514,0.013027597043839108,45.0,0.0
0_1771,30674845#1,30672980#6,39,41.093713925614296,16.861877642290583,41.09448834780094,16.86192451895768,41.09290701188394,16.85345153155061,41.09274366748828,16.853398004520955,0.8693807799870685,0.022291814871463294,1.433725561466514,0.015548174260533988,45.0,0.0
0_1772,30674845#1,30673346,34,41.093713925614296,16.861877642290583,41.09448834780094,16.86192451895768,41.09289989869124,16.857979997773366,41.0924620240455,16.857540225068156,0.5821587023435502,0.0171223147748103,1.433725561466514,0.011942532960977836,45.0,0.0
0_1773,30674845#1,30674315#11,22,41.093713925614296,16.861877642290583,41.09448834780094,16.86192451895768,41.09762167433529,16.86078183182401,41.0975908593457,16.860854905020272,0.5915442220824287,0.026888373731019488,1.433725561466514,0.0187541984698356,45.0,0.0
0_1774,30674845#1,30674315#8,34,41.093713925614296,16.861877642290583,41.09448834780094,16.86192451895768,41.09783406893447,16.85935956518292,41.09781757948696,16.860074005211207,0.7811201779822652,0.02297412288183133,1.433725561466514,0.016024072876493742,45.0,0.0
0_1775,30674845#1,30674315#9,35,41.093713925614296,16.861877642290583,41.09448834780094,16.86192451895768,41.09781757948696,16.860074005211207,41.09773009884011,16.860532461562137,0.5939342416366029,0.016969549761045796,1.433725561466514,0.011835981876258216,45.0,0.0
0_1776,30674845#1,30674359#4,24,41.093713925614296,16.861877642290583,41.09448834780094,16.86192451895768,41.09788351207976,16.86008527251128,41.097886790174485,16.85993247707892,0.9803985120381724,0.040849938001590515,1.433725561466514,0.02849215993596875,45.0,0.0
0_1777,30674845#1,30674359#5,25,41.093713925614296,16.861877642290583,41.09448834780094,16.86192451895768,41.097886790174485,16.85993247707892,41.097887056561405,16.859358083149928,0.6999719567390641,0.027998878269562565,1.433725561466514,0.019528757122055748,45.0,0.0
0_1778,30674845#1,30674385#2,19,41.093713925614296,16.861877642290583,41.09448834780094,16.86192451895768,41.09752079197923,16.86113857805688,41.097541272342,16.861158803055236,0.918813566356866,0.04835860875562452,1.433725561466514,0.03372933429892955,45.0,0.0
0_1779,30674845#1,30674948,29,41.093713925614296,16.861877642290583,41.09448834780094,16.86192451895768,41.09346290764322,16.859512259912492,41.0937563740557,16.85923859402608,0.6726469306980603,0.023194721748208975,1.433725561466514,0.016177936957812066,45.0,0.0
0_1780,30674845#1,30675059#0,19,41.093713925614296,16.861877642290583,41.09448834780094,16.86192451895768,41.09575898407665,16.861403291409037,41.09556026737646,16.861799770540163,0.5306707991459237,0.027930042060311775,1.433725561466514,0.019480744998187093,45.0,0.0
0_1781,30674845#1,30675059#1,20,41.093713925614296,16.861877642290583,41.09448834780094,16.86192451895768,41.09556026737646,16.861799770540163,41.09428507077666,16.861822930016572,0.7538392992696181,0.03769196496348091,1.433725561466514,0.026289525678071156,45.0,0.0
0_1782,30674845#1,33831688,23,41.093713925614296,16.861877642290583,41.09448834780094,16.86192451895768,41.09717022441964,16.862141610446756,41.09717150257013,16.862346685598727,0.906420077917649,0.03940956860511517,1.433725561466514,0.02748752597031494,45.0,0.0
0_1783,30674845#1,48563895#1,41,41.093713925614296,16.861877642290583,41.09448834780094,16.86192451895768,41.094497059549575,16.854662484304253,41.09459493177244,16.85467607291383,0.6283342736106015,0.015325226185624426,1.433725561466514,0.010689093225030264,45.0,0.0
0_1784,30674845#1,48563902#0,26,41.093713925614296,16.861877642290583,41.09448834780094,16.86192451895768,41.093159424293006,16.861119861413044,41.092910609638544,16.861550868324073,0.620787522159526,0.02387644315998177,1.433725561466514,0.01665342643089887,45.0,0.0
0_1785,30674845#1,48874527#2,29,41.093713925614296,16.861877642290583,41.09448834780094,16.86192451895768,41.094611131446,16.86076995428607,41.09433377805168,16.860614722600705,0.8414860501134981,0.029016760348741313,1.433725561466514,0.020238713132142917,45.0,0.0
0_1786,30674845#1,50077954,29,41.093713925614296,16.861877642290583,41.09448834780094,16.86192451895768,41.094481033476846,16.855484180652265,41.09590934506375,16.85589778274809,0.9564664218995751,0.03298160075515776,1.433725561466514,0.0230041241096531,45.0,0.0
0_1787,30674845#1,96606465,27,41.093713925614296,16.861877642290583,41.09448834780094,16.86192451895768,41.09320904205983,16.86036794969964,41.093226008438016,16.859824905081403,0.8964505424727602,0.03320187194343556,1.433725561466514,0.02315775964088579,45.0,0.0
0_1788,33831688,-131752097#1,14,41.09717022441964,16.862141610446756,41.09717150257013,16.862346685598727,41.09628587040379,16.863506396736675,41.09627339570725,16.863759660301465,0.5484713538124025,0.039176525272314466,1.2612859126353744,0.0310607808109564,44.0,52.0
0_1789,33831688,-25654991#0,43,41.09717022441964,16.862141610446756,41.09717150257013,16.862346685598727,41.09267829914716,16.854073630954087,41.09207574955028,16.85389154719994,0.8062637898373493,0.018750320693891844,1.2612859126353744,0.014866035136089228,44.0,52.0
0_1790,33831688,-33831688,6,41.09717022441964,16.862141610446756,41.09717150257013,16.862346685598727,41.09717150257013,16.862346685598727,41.09717022441964,16.862141610446756,0.8858027248796634,0.14763378747994388,1.2612859126353744,0.11705021518195882,44.0,52.0
0_1791,33831688,-48874524,37,41.09717022441964,16.862141610446756,41.09717150257013,16.862346685598727,41.09782874807601,16.858422322289133,41.09720965467912,16.86010828803053,0.7156807328553159,0.019342722509603134,1.2612859126353744,0.015335715967197145,44.0,52.0
0_1792,33831688,-50077954,32,41.09717022441964,16.862141610446756,41.09717150257013,16.862346685598727,41.09590934506375,16.85589778274809,41.094481033476846,16.855484180652265,0.8634748088659601,0.026983587777061252,1.2612859126353744,0.021393712168465286,44.0,52.0
0_1793,33831688,-50370694#0,32,41.09717022441964,16.862141610446756,41.09717150257013,16.862346685598727,41.09390877175432,16.860555577386883,41.09389978504193,16.86089441913475,0.7950819381064647,0.02484631056582702,1.2612859126353744,0.019699189784743002,44.0,52.0
0_1794,33831688,114953453#6,38,41.09717022441964,16.862141610446756,41.09717150257013,16.862346685598727,41.09289989869124,16.857979997773366,41.09252833667128,16.85806965698529,0.9585097983694535,0.025223942062354038,1.2612859126353744,0.019998591762315224,44.0,52.0
0_1795,33831688,1223050325#0,23,41.09717022441964,16.862141610446756,41.09717150257013,16.862346685598727,41.09575898407665,16.861403291409037,41.09578940828096,16.861627521735652,0.6580545048188351,0.028611065426905873,1.2612859126353744,0.022684044228421553,44.0,52.0
0_1796,33831688,1223050326,22,41.09717022441964,16.862141610446756,41.09717150257013,16.862346685598727,41.09577203818025,16.86132567064774,41.09575898407665,16.861403291409037,0.8163696496465349,0.03710771134756977,1.2612859126353744,0.029420538972036593,44.0,52.0
0_1797,33831688,1226960836#1,45,41.09717022441964,16.862141610446756,41.09717150257013,16.862346685598727,41.09326327598272,16.856459442663375,41.09325705252129,16.85653261037847,0.8413660355331745,0.01869702301184832,1.2612859126353744,0.014823778514089732,44.0,52.0
0_1798,33831688,131750844#7,27,41.09717022441964,16.862141610446756,41.09717150257013,16.862346685598727,41.09588692434208,16.86204201283392,41.096023183819085,16.86206015013157,0.8011331032131445,0.029671596415301645,1.2612859126353744,0.023524877363693682,44.0,52.0
0_1799,33831688,131750844#8,28,41.09717022441964,16.862141610446756,41.09717150257013,16.862346685598727,41.096023183819085,16.86206015013157,41.09607053280287,16.862073156374553,0.5829083576713585,0.020818155631119946,1.2612859126353744,0.01650550079293423,44.0,52.0
0_1800,33831688,131750844#9,29,41.09717022441964,16.862141610446756,41.09717150257013,16.862346685598727,41.09607053280287,16.862073156374553,41.09624619327664,16.862345189534487,0.9261162759796027,0.03193504399929664,1.2612859126353744,0.02531943287352703,44.0,52.0
0_1801,33831688,131750850#0,28,41.09717022441964,16.862141610446756,41.09717150257013,16.862346685598727,41.09406666971318,16.861809974981103,41.09374076152227,16.861733142040123,0.7032128355788162,0.025114744127814864,1.2612859126353744,0.019912015092073177,44.0,52.0
0_1802,33831688,131750853#0,25,41.09717022441964,16.862141610446756,41.09717150257013,16.862346685598727,41.09428507077666,16.861822930016572,41.094248634240174,16.861820234016683,0.7961151591679321,0.031844606366717286,1.2612859126353744,0.025247730151984386,44.0,52.0
0_1803,33831688,131750853#2,27,41.09717022441964,16.862141610446756,41.09717150257013,16.862346685598727,41.09422326217536,16.861818445841735,41.09406666971318,16.861809974981103,0.6083875806787242,0.022532873358471265,1.2612859126353744,0.017865000419603753,44.0,52.0
0_1804,33831688,131752095#2,27,41.09717022441964,16.862141610446756,41.09717150257013,16.862346685598727,41.09606913880409,16.857384087393385,41.09607773810893,16.85711333011326,0.7205946122627784,0.026688689343065865,1.2612859126353744,0.021159904408431546,44.0,52.0
0_1805,33831688,25817423#3,36,41.09717022441964,16.862141610446756,41.09717150257013,16.862346685598727,41.093433790346566,16.855687830843742,41.09352569242476,16.85465158647345,0.6709318259724966,0.01863699516590268,1.2612859126353744,0.014776185937859164,44.0,52.0
0_1806,33831688,25817735#2,27,41.09717022441964,16.862141610446756,41.09717150257013,16.862346685598727,41.09257525037648,16.866055037799217,41.08991586912939,16.865878687144406,0.8701431377797588,0.03222752362147255,1.2612859126353744,0.025551322898814628,44.0,52.0
0_1807,33831688,25819014#1,17,41.09717022441964,16.862141610446756,41.09717150257013,16.862346685598727,41.09637979984023,16.861535604961926,41.096390396588056,16.86145398483175,0.6715478138694775,0.039502812580557496,1.2612859126353744,0.031319474977738355,44.0,52.0
0_1808,33831688,25819014#2,18,41.09717022441964,16.862141610446756,41.09717150257013,16.862346685598727,41.096390396588056,16.86145398483175,41.09617566373433,16.86105237527639,0.8082886542700766,0.04490492523722647,1.2612859126353744,0.035602494872396195,44.0,52.0
0_1809,33831688,25819177#2,40,41.09717022441964,16.862141610446756,41.09717150257013,16.862346685598727,41.09333584930795,16.855672929401177,41.09331846638719,16.855846153569416,0.8654072247020758,0.021635180617551895,1.2612859126353744,0.017153272228615162,44.0,52.0
0_1810,33831688,25819177#3,41,41.09717022441964,16.862141610446756,41.09717150257013,16.862346685598727,41.09331846638719,16.855846153569416,41.09330344191395,16.855984796607544,0.9233258536215376,0.022520142771257017,1.2612859126353744,0.017854907079872678,44.0,52.0
0_1811,33831688,25819177#5,43,41.09717022441964,16.862141610446756,41.09717150257013,16.862346685598727,41.09328897220411,16.85615607855325,41.093276282258536,16.856306336332803,0.6686739268280084,0.015550556437860661,1.2612859126353744,0.01232912877411656,44.0,52.0
0_1812,33831688,28279138#5,20,41.09717022441964,16.862141610446756,41.09717150257013,16.862346685598727,41.09309962997091,16.8641768999245,41.09122003932151,16.863954806076606,0.6337017900160836,0.03168508950080418,1.2612859126353744,0.025121258537328987,44.0,52.0
0_1813,33831688,28921528#2,32,41.09717022441964,16.862141610446756,41.09717150257013,16.862346685598727,41.09590934506375,16.85589778274809,41.09589464404242,16.856597607978603,0.5941612264793416,0.018567538327479424,1.2612859126353744,0.014721117663705423,44.0,52.0
0_1814,33831688,28921528#8,29,41.09717022441964,16.862141610446756,41.09717150257013,16.862346685598727,41.095864883749904,16.858939789299576,41.09579879841287,16.860483307032734,0.8603091995270357,0.029665834466449506,1.2612859126353744,0.023520309050677247,44.0,52.0
0_1815,33831688,30672980#0,46,41.09717022441964,16.862141610446756,41.09717150257013,16.862346685598727,41.09410258065408,16.854547680343014,41.0940220774019,16.854495884667088,0.5671008431317066,0.012328279198515361,1.2612859126353744,0.00977437318137981,44.0,52.0
0_1816,33831688,30672980#6,43,41.09717022441964,16.862141610446756,41.09717150257013,16.862346685598727,41.09290701188394,16.85345153155061,41.09274366748828,16.853398004520955,0.7381473298526102,0.017166216973316516,1.2612859126353744,0.01361009173364097,44.0,52.0
0_1817,33831688,30673346,38,41.09717022441964,16.862141610446756,41.09717150257013,16.862346685598727,41.09289989869124,16.857979997773366,41.0924620240455,16.857540225068156,0.5183767680465046,0.013641493895960645,1.2612859126353744,0.010815544484642373,44.0,52.0
0_1818,33831688,30674315#11,26,41.09717022441964,16.862141610446756,41.09717150257013,16.862346685598727,41.09762167433529,16.86078183182401,41.0975908593457,16.860854905020272,0.9558101671799866,0.036761929506922565,1.2612859126353744,0.02914638872808063,44.0,52.0
0_1819,33831688,30674315#8,38,41.09717022441964,16.862141610446756,41.09717150257013,16.862346685598727,41.09783406893447,16.85935956518292,41.09781757948696,16.860074005211207,0.8668234618391127,0.02281114373260823,1.2612859126353744,0.018085624761277036,44.0,52.0
0_1820,33831688,30674315#9,39,41.09717022441964,16.862141610446756,41.09717150257013,16.862346685598727,41.09781757948696,16.860074005211207,41.09773009884011,16.860532461562137,0.6239507123044936,0.015998736212935735,1.2612859126353744,0.012684464365028403,44.0,52.0
0_1821,33831688,30674359#4,28,41.09717022441964,16.862141610446756,41.09717150257013,16.862346685598727,41.09788351207976,16.86008527251128,41.097886790174485,16.85993247707892,0.7094226054347749,0.02533652162267053,1.2612859126353744,0.020087849526307263,44.0,52.0
0_1822,33831688,30674359#5,29,41.09717022441964,16.862141610446756,41.09717150257013,16.862346685598727,41.097886790174485,16.85993247707892,41.097887056561405,16.859358083149928,0.8347818472453574,0.028785580939495084,1.2612859126353744,0.022822407394806697,44.0,52.0
0_1823,33831688,30674385#2,23,41.09717022441964,16.862141610446756,41.09717150257013,16.862346685598727,41.09752079197923,16.86113857805688,41.097541272342,16.861158803055236,0.5732210860863044,0.024922655916795843,1.2612859126353744,0.019759719558527046,44.0,52.0
0_1824,33831688,30674948,33,41.09717022441964,16.862141610446756,41.09717150257013,16.862346685598727,41.09346290764322,16.859512259912492,41.0937563740557,16.85923859402608,0.5380813810234154,0.01630549639464895,1.2612859126353744,0.012927676612656114,44.0,52.0
0_1825,33831688,30675059#0,23,41.09717022441964,16.862141610446756,41.09717150257013,16.862346685598727,41.09575898407665,16.861403291409037,41.09556026737646,16.861799770540163,0.9878842870200815,0.04295149074000354,1.2612859126353744,0.03405373064879414,44.0,52.0
0_1826,33831688,30675059#1,24,41.09717022441964,16.862141610446756,41.09717150257013,16.862346685598727,41.09556026737646,16.861799770540163,41.09428507077666,16.861822930016572,0.9194850057903249,0.03831187524126353,1.2612859126353744,0.030375250256473075,44.0,52.0
0_1827,33831688,48563895#1,45,41.09717022441964,16.862141610446756,41.09717150257013,16.862346685598727,41.094497059549575,16.854662484304253,41.09459493177244,16.85467607291383,0.7342394361647846,0.016316431914772993,1.2612859126353744,0.012936346748439357,44.0,52.0
0_1828,33831688,48563902#0,30,41.09717022441964,16.862141610446756,41.09717150257013,16.862346685598727,41.093159424293006,16.861119861413044,41.092910609638544,16.861550868324073,0.7971080993822993,0.026570269979409977,1.2612859126353744,0.02106601660514319,44.0,52.0
0_1829,33831688,48874527#2,33,41.09717022441964,16.862141610446756,41.09717150257013,16.862346685598727,41.094611131446,16.86076995428607,41.09433377805168,16.860614722600705,0.9300058900235701,0.028181996667380915,1.2612859126353744,0.02234386064654958,44.0,52.0
0_1830,33831688,50077954,33,41.09717022441964,16.862141610446756,41.09717150257013,16.862346685598727,41.094481033476846,16.855484180652265,41.09590934506375,16.85589778274809,0.6962965262336182,0.021099894734352066,1.2612859126353744,0.016728875287495455,44.0,52.0
0_1831,33831688,96606465,31,41.09717022441964,16.862141610446756,41.09717150257013,16.862346685598727,41.09320904205983,16.86036794969964,41.093226008438016,16.859824905081403,0.7415384403082383,0.02392059484865285,1.2612859126353744,0.018965243811113638,44.0,52.0
0_1832,48559286#0,-131752097#1,17,41.095015812491134,16.85898073620376,41.09510782615108,16.858949873370666,41.09628587040379,16.863506396736675,41.09627339570725,16.863759660301465,0.8352442146181521,0.04913201262459718,2.3690877101274253,0.020738790047564147,45.0,0.0
0_1833,48559286#0,-25654991#0,27,41.095015812491134,16.85898073620376,41.09510782615108,16.858949873370666,41.09267829914716,16.854073630954087,41.09207574955028,16.85389154719994,0.554649561560972,0.020542576354110074,2.3690877101274253,0.00867109152029038,45.0,0.0
0_1834,48559286#0,-33831688,24,41.095015812491134,16.85898073620376,41.09510782615108,16.858949873370666,41.09717150257013,16.862346685598727,41.09717022441964,16.862141610446756,0.9318734487992075,0.038828060366633645,2.3690877101274253,0.016389456667497217,45.0,0.0
0_1835,48559286#0,-48874524,31,41.095015812491134,16.85898073620376,41.09510782615108,16.858949873370666,41.09782874807601,16.858422322289133,41.09720965467912,16.86010828803053,0.6942767993544862,0.022396025785628586,2.3690877101274253,0.009453438844788055,45.0,0.0
0_1836,48559286#0,-50077954,26,41.095015812491134,16.85898073620376,41.09510782615108,16.858949873370666,41.09590934506375,16.85589778274809,41.094481033476846,16.855484180652265,0.7676374134138959,0.02952451590053446,2.3690877101274253,0.01246239882733022,45.0,0.0
0_1837,48559286#0,-50370694#0,16,41.095015812491134,16.85898073620376,41.09510782615108,16.858949873370666,41.09390877175432,16.860555577386883,41.09389978504193,16.86089441913475,0.9057565520975079,0.056609784506094246,2.3690877101274253,0.02389518305468285,45.0,0.0
0_1838,48559286#0,114953453#6,32,41.095015812491134,16.85898073620376,41.09510782615108,16.858949873370666,41.09289989869124,16.857979997773366,41.09252833667128,16.85806965698529,0.514480230245008,0.0160775071951565,2.3690877101274253,0.006786370604358816,45.0,0.0
0_1839,48559286#0,1223050325#0,7,41.095015812491134,16.85898073620376,41.09510782615108,16.858949873370666,41.09575898407665,16.861403291409037,41.09578940828096,16.861627521735652,0.7904308176023938,0.11291868822891339,2.3690877101274253,0.04766336330487311,45.0,0.0
0_1840,48559286#0,1223050326,6,41.095015812491134,16.85898073620376,41.09510782615108,16.858949873370666,41.09577203818025,16.86132567064774,41.09575898407665,16.861403291409037,0.7225951802062609,0.12043253003437682,2.3690877101274253,0.05083498154988072,45.0,0.0
0_1841,48559286#0,1226960836#1,29,41.095015812491134,16.85898073620376,41.09510782615108,16.858949873370666,41.09326327598272,16.856459442663375,41.09325705252129,16.85653261037847,0.7458313323932814,0.025718321806664873,2.3690877101274253,0.010855791322847043,45.0,0.0
0_1842,48559286#0,131750844#7,10,41.095015812491134,16.85898073620376,41.09510782615108,16.858949873370666,41.09588692434208,16.86204201283392,41.096023183819085,16.86206015013157,0.7270219604780317,0.07270219604780317,2.3690877101274253,0.030687844834538763,45.0,0.0
0_1843,48559286#0,131750844#8,11,41.095015812491134,16.85898073620376,41.09510782615108,16.858949873370666,41.096023183819085,16.86206015013157,41.09607053280287,16.862073156374553,0.7139058392782921,0.0649005308434811,2.3690877101274253,0.027394735351520743,45.0,0.0
0_1844,48559286#0,131750844#9,12,41.095015812491134,16.85898073620376,41.09510782615108,16.858949873370666,41.09607053280287,16.862073156374553,41.09624619327664,16.862345189534487,0.5780733991894873,0.04817278326579061,2.3690877101274253,0.02033389606465839,45.0,0.0
0_1845,48559286#0,131750850#0,12,41.095015812491134,16.85898073620376,41.09510782615108,16.858949873370666,41.09406666971318,16.861809974981103,41.09374076152227,16.861733142040123,0.8265777177380358,0.06888147647816964,2.3690877101274253,0.029075106077210092,45.0,0.0
0_1846,48559286#0,131750853#0,9,41.095015812491134,16.85898073620376,41.09510782615108,16.858949873370666,41.09428507077666,16.861822930016572,41.094248634240174,16.861820234016683,0.8555343871330571,0.09505937634811745,2.3690877101274253,0.0401248868675295,45.0,0.0
0_1847,48559286#0,131750853#2,11,41.095015812491134,16.85898073620376,41.09510782615108,16.858949873370666,41.09422326217536,16.861818445841735,41.09406666971318,16.861809974981103,0.8769739094295715,0.07972490085723379,2.3690877101274253,0.03365215247895809,45.0,0.0
0_1848,48559286#0,131752095#2,21,41.095015812491134,16.85898073620376,41.09510782615108,16.858949873370666,41.09606913880409,16.857384087393385,41.09607773810893,16.85711333011326,0.7071382847965568,0.033673251656978896,2.3690877101274253,0.014213594335503824,45.0,0.0
0_1849,48559286#0,25817423#3,20,41.095015812491134,16.85898073620376,41.09510782615108,16.858949873370666,41.093433790346566,16.855687830843742,41.09352569242476,16.85465158647345,0.5063594433004772,0.025317972165023864,2.3690877101274253,0.01068680237409281,45.0,0.0
0_1850,48559286#0,25817735#2,30,41.095015812491134,16.85898073620376,41.09510782615108,16.858949873370666,41.09257525037648,16.866055037799217,41.08991586912939,16.865878687144406,0.9541753391451248,0.03180584463817082,2.3690877101274253,0.013425355465821943,45.0,0.0
0_1851,48559286#0,25819014#1,11,41.095015812491134,16.85898073620376,41.09510782615108,16.858949873370666,41.09637979984023,16.861535604961926,41.096390396588056,16.86145398483175,0.7441712231049088,0.06765192937317353,2.3690877101274253,0.028556110051972186,45.0,0.0
0_1852,48559286#0,25819014#2,12,41.095015812491134,16.85898073620376,41.09510782615108,16.858949873370666,41.096390396588056,16.86145398483175,41.09617566373433,16.86105237527639,0.5666425161389577,0.04722020967824647,2.3690877101274253,0.01993181150549578,45.0,0.0
0_1853,48559286#0,25819177#2,24,41.095015812491134,16.85898073620376,41.09510782615108,16.858949873370666,41.09333584930795,16.855672929401177,41.09331846638719,16.855846153569416,0.8912481091481678,0.03713533788117365,2.3690877101274253,0.015674952734939587,45.0,0.0
0_1854,48559286#0,25819177#3,25,41.095015812491134,16.85898073620376,41.09510782615108,16.858949873370666,41.09331846638719,16.855846153569416,41.09330344191395,16.855984796607544,0.6476513429909907,0.025906053719639627,2.3690877101274253,0.010935033603397582,45.0,0.0
0_1855,48559286#0,25819177#5,27,41.095015812491134,16.85898073620376,41.09510782615108,16.858949873370666,41.09328897220411,16.85615607855325,41.093276282258536,16.856306336332803,0.7407000779700068,0.02743333622111136,2.3690877101274253,0.011579704754635621,45.0,0.0
0_1856,48559286#0,28279138#5,16,41.095015812491134,16.85898073620376,41.09510782615108,16.858949873370666,41.09309962997091,16.8641768999245,41.09122003932151,16.863954806076606,0.6856359623869155,0.04285224764918222,2.3690877101274253,0.018088079840183433,45.0,0.0
0_1857,48559286#0,28921528#2,26,41.095015812491134,16.85898073620376,41.09510782615108,16.858949873370666,41.09590934506375,16.85589778274809,41.09589464404242,16.856597607978603,0.9562825816963204,0.03678009929601232,2.3690877101274253,0.015525005316934444,45.0,0.0
0_1858,48559286#0,28921528#8,3,41.095015812491134,16.85898073620376,41.09510782615108,16.858949873370666,41.095864883749904,16.858939789299576,41.09579879841287,16.860483307032734,0.7031622741702855,0.2343874247234285,2.3690877101274253,0.09893573113459002,45.0,0.0
0_1859,48559286#0,30672980#0,40,41.095015812491134,16.85898073620376,41.09510782615108,16.858949873370666,41.09410258065408,16.854547680343014,41.0940220774019,16.854495884667088,0.7113452989512004,0.01778363247378001,2.3690877101274253,0.007506531901608441,45.0,0.0
0_1860,48559286#0,30672980#6,27,41.095015812491134,16.85898073620376,41.09510782615108,16.858949873370666,41.09290701188394,16.85345153155061,41.09274366748828,16.853398004520955,0.8644067277475787,0.03201506399065106,2.3690877101274253,0.013513667667850539,45.0,0.0
0_1861,48559286#0,30673346,32,41.095015812491134,16.85898073620376,41.09510782615108,16.858949873370666,41.09289989869124,16.857979997773366,41.0924620240455,16.857540225068156,0.9655845756521815,0.03017451798913067,2.3690877101274253,0.012736766925150139,45.0,0.0
0_1862,48559286#0,30674315#11,20,41.095015812491134,16.85898073620376,41.09510782615108,16.858949873370666,41.09762167433529,16.86078183182401,41.0975908593457,16.860854905020272,0.9135313920861546,0.045676569604307736,2.3690877101274253,0.01928023576714724,45.0,0.0
0_1863,48559286#0,30674315#8,32,41.095015812491134,16.85898073620376,41.09510782615108,16.858949873370666,41.09783406893447,16.85935956518292,41.09781757948696,16.860074005211207,0.8454588203402146,0.026420588135631706,2.3690877101274253,0.011152220334725653,45.0,0.0
0_1864,48559286#0,30674315#9,33,41.095015812491134,16.85898073620376,41.09510782615108,16.858949873370666,41.09781757948696,16.860074005211207,41.09773009884011,16.860532461562137,0.8955974075907421,0.027139315381537642,2.3690877101274253,0.011455597555768802,45.0,0.0
0_1865,48559286#0,30674359#4,22,41.095015812491134,16.85898073620376,41.09510782615108,16.858949873370666,41.09788351207976,16.86008527251128,41.097886790174485,16.85993247707892,0.8486527179914334,0.038575123545065156,2.3690877101274253,0.016282691172708978,45.0,0.0
0_1866,48559286#0,30674359#5,23,41.095015812491134,16.85898073620376,41.09510782615108,16.858949873370666,41.097886790174485,16.85993247707892,41.097887056561405,16.859358083149928,0.6953914982477888,0.030234412967295163,2.3690877101274253,0.012762048799649109,45.0,0.0
0_1867,48559286#0,30674385#2,17,41.095015812491134,16.85898073620376,41.09510782615108,16.858949873370666,41.09752079197923,16.86113857805688,41.097541272342,16.861158803055236,0.6963261384555467,0.04096036108562039,2.3690877101274253,0.017289508071196433,45.0,0.0
0_1868,48559286#0,30674948,17,41.095015812491134,16.85898073620376,41.09510782615108,16.858949873370666,41.09346290764322,16.859512259912492,41.0937563740557,16.85923859402608,0.7566579029468933,0.04450928840864078,2.3690877101274253,0.018787522394536748,45.0,0.0
0_1869,48559286#0,30675059#0,7,41.095015812491134,16.85898073620376,41.09510782615108,16.858949873370666,41.09575898407665,16.861403291409037,41.09556026737646,16.861799770540163,0.7219033138593998,0.10312904483705711,2.3690877101274253,0.04353112145075884,45.0,0.0
0_1870,48559286#0,30675059#1,8,41.095015812491134,16.85898073620376,41.09510782615108,16.858949873370666,41.09556026737646,16.861799770540163,41.09428507077666,16.861822930016572,0.5274374553266238,0.06592968191582797,2.3690877101274253,0.02782914352811439,45.0,0.0
0_1871,48559286#0,33831688,25,41.095015812491134,16.85898073620376,41.09510782615108,16.858949873370666,41.09717022441964,16.862141610446756,41.09717150257013,16.862346685598727,0.90899370180035,0.036359748072014,2.3690877101274253,0.015347573632070522,45.0,0.0
0_1872,48559286#0,48563895#1,39,41.095015812491134,16.85898073620376,41.09510782615108,16.858949873370666,41.094497059549575,16.854662484304253,41.09459493177244,16.85467607291383,0.778676345085339,0.019966060130393308,2.3690877101274253,0.008427742056590805,45.0,0.0
0_1873,48559286#0,48563902#0,14,41.095015812491134,16.85898073620376,41.09510782615108,16.858949873370666,41.093159424293006,16.861119861413044,41.092910609638544,16.861550868324073,0.9245380096179956,0.06603842925842825,2.3690877101274253,0.027875046152206946,45.0,0.0
0_1874,48559286#0,48874527#2,7,41.095015812491134,16.85898073620376,41.09510782615108,16.858949873370666,41.094611131446,16.86076995428607,41.09433377805168,16.860614722600705,0.9041001452832567,0.1291571636118938,2.3690877101274253,0.05451767913014368,45.0,0.0
0_1875,48559286#0,50077954,27,41.095015812491134,16.85898073620376,41.09510782615108,16.858949873370666,41.094481033476846,16.855484180652265,41.09590934506375,16.85589778274809,0.9045347082903639,0.033501285492235695,2.3690877101274253,0.014141006831036144,45.0,0.0
0_1876,48559286#0,96606465,15,41.095015812491134,16.85898073620376,41.09510782615108,16.858949873370666,41.09320904205983,16.86036794969964,41.093226008438016,16.859824905081403,0.745986443737023,0.0497324295824682,2.3690877101274253,0.020992228092641306,45.0,0.0
0_1877,48563895#1,-131752097#1,27,41.094497059549575,16.854662484304253,41.09459493177244,16.85467607291383,41.09628587040379,16.863506396736675,41.09627339570725,16.863759660301465,0.8247081968485213,0.030544748031426712,1.9793549169942322,0.015431668049614227,44.0,52.0
0_1878,48563895#1,-25654991#0,11,41.094497059549575,16.854662484304253,41.09459493177244,16.85467607291383,41.09267829914716,16.854073630954087,41.09207574955028,16.85389154719994,0.7811922455431443,0.07101747686755858,1.9793549169942322,0.03587910195277299,44.0,52.0
0_1879,48563895#1,-33831688,34,41.094497059549575,16.854662484304253,41.09459493177244,16.85467607291383,41.09717150257013,16.862346685598727,41.09717022441964,16.862141610446756,0.9155406448005086,0.02692766602354437,1.9793549169942322,0.01360426358726793,44.0,52.0
0_1880,48563895#1,-48874524,16,41.094497059549575,16.854662484304253,41.09459493177244,16.85467607291383,41.09782874807601,16.858422322289133,41.09720965467912,16.86010828803053,0.570174641906327,0.03563591511914544,1.9793549169942322,0.018003802558694573,44.0,52.0
0_1881,48563895#1,-50077954,8,41.094497059549575,16.854662484304253,41.09459493177244,16.85467607291383,41.09590934506375,16.85589778274809,41.094481033476846,16.855484180652265,0.666245413997958,0.08328067674974475,1.9793549169942322,0.0420746557551242,44.0,52.0
0_1882,48563895#1,-50370694#0,23,41.094497059549575,16.854662484304253,41.09459493177244,16.85467607291383,41.09390877175432,16.860555577386883,41.09389978504193,16.86089441913475,0.7389857506292122,0.03212981524474836,1.9793549169942322,0.016232467946445596,44.0,52.0
0_1883,48563895#1,114953453#6,19,41.094497059549575,16.854662484304253,41.09459493177244,16.85467607291383,41.09289989869124,16.857979997773366,41.09252833667128,16.85806965698529,0.5762385300963125,0.030328343689279606,1.9793549169942322,0.0153223373074168,44.0,52.0
0_1884,48563895#1,1223050325#0,17,41.094497059549575,16.854662484304253,41.09459493177244,16.85467607291383,41.09575898407665,16.861403291409037,41.09578940828096,16.861627521735652,0.7909694721787266,0.04652761601051333,1.9793549169942322,0.023506454355931412,44.0,52.0
0_1885,48563895#1,1223050326,16,41.094497059549575,16.854662484304253,41.09459493177244,16.85467607291383,41.09577203818025,16.86132567064774,41.09575898407665,16.861403291409037,0.8120534150723089,0.050753338442019305,1.9793549169942322,0.025641353153122867,44.0,52.0
0_1886,48563895#1,1226960836#1,17,41.094497059549575,16.854662484304253,41.09459493177244,16.85467607291383,41.09326327598272,16.856459442663375,41.09325705252129,16.85653261037847,0.7578178033458838,0.044577517843875515,1.9793549169942322,0.022521235308101854,44.0,52.0
0_1887,48563895#1,131750844#7,20,41.094497059549575,16.854662484304253,41.09459493177244,16.85467607291383,41.09588692434208,16.86204201283392,41.096023183819085,16.86206015013157,0.8988953743989797,0.044944768719948985,1.9793549169942322,0.022706775997606475,44.0,52.0
0_1888,48563895#1,131750844#8,21,41.094497059549575,16.854662484304253,41.09459493177244,16.85467607291383,41.096023183819085,16.86206015013157,41.09607053280287,16.862073156374553,0.6838850777226331,0.03256595608203015,1.9793549169942322,0.016452812884858205,44.0,52.0
0_1889,48563895#1,131750844#9,22,41.094497059549575,16.854662484304253,41.09459493177244,16.85467607291383,41.09607053280287,16.862073156374553,41.09624619327664,16.862345189534487,0.7382157983759208,0.033555263562541855,1.9793549169942322,0.016952625966391875,44.0,52.0
0_1890,48563895#1,131750850#0,22,41.094497059549575,16.854662484304253,41.09459493177244,16.85467607291383,41.09406666971318,16.861809974981103,41.09374076152227,16.861733142040123,0.9552786480825348,0.04342175673102431,1.9793549169942322,0.02193732733741497,44.0,52.0
0_1891,48563895#1,131750853#0,19,41.094497059549575,16.854662484304253,41.09459493177244,16.85467607291383,41.09428507077666,16.861822930016572,41.094248634240174,16.861820234016683,0.6889761735920203,0.03626190387326423,1.9793549169942322,0.018320061532132944,44.0,52.0
0_1892,48563895#1,131750853#2,21,41.094497059549575,16.854662484304253,41.09459493177244,16.85467607291383,41.09422326217536,16.861818445841735,41.09406666971318,16.861809974981103,0.727869897026846,0.034660471286992664,1.9793549169942322,0.017510993601706683,44.0,52.0
0_1893,48563895#1,131752095#2,15,41.094497059549575,16.854662484304253,41.09459493177244,16.85467607291383,41.09606913880409,16.857384087393385,41.09607773810893,16.85711333011326,0.6868342691865685,0.04578895127910457,1.9793549169942322,0.02313326977692197,44.0,52.0
0_1894,48563895#1,25817423#3,17,41.094497059549575,16.854662484304253,41.09459493177244,16.85467607291383,41.093433790346566,16.855687830843742,41.09352569242476,16.85465158647345,0.707284710981585,0.04160498299891676,1.9793549169942322,0.02101946580762605,44.0,52.0
0_1895,48563895#1,25817735#2,26,41.094497059549575,16.854662484304253,41.09459493177244,16.85467607291383,41.09257525037648,16.866055037799217,41.08991586912939,16.865878687144406,0.5536175107825807,0.021292981183945413,1.9793549169942322,0.010757535700712062,44.0,52.0
0_1896,48563895#1,25819014#1,21,41.094497059549575,16.854662484304253,41.09459493177244,16.85467607291383,41.09637979984023,16.861535604961926,41.096390396588056,16.86145398483175,0.8561311956677283,0.04076815217465373,1.9793549169942322,0.020596686235817976,44.0,52.0
0_1897,48563895#1,25819014#2,22,41.094497059549575,16.854662484304253,41.09459493177244,16.85467607291383,41.096390396588056,16.86145398483175,41.09617566373433,16.86105237527639,0.7973535046798995,0.03624334112181361,1.9793549169942322,0.018310683349730565,44.0,52.0
0_1898,48563895#1,25819177#2,12,41.094497059549575,16.854662484304253,41.09459493177244,16.85467607291383,41.09333584930795,16.855672929401177,41.09331846638719,16.855846153569416,0.6066420396933215,0.05055350330777679,1.9793549169942322,0.025540393425018126,44.0,52.0
0_1899,48563895#1,25819177#3,13,41.094497059549575,16.854662484304253,41.09459493177244,16.85467607291383,41.09331846638719,16.855846153569416,41.09330344191395,16.855984796607544,0.5242063252622439,0.04032356348171107,1.9793549169942322,0.020372073313130113,44.0,52.0
0_1900,48563895#1,25819177#5,15,41.094497059549575,16.854662484304253,41.09459493177244,16.85467607291383,41.09328897220411,16.85615607855325,41.093276282258536,16.856306336332803,0.9508789741548181,0.06339193161032121,1.9793549169942322,0.03202656131351401,44.0,52.0
0_1901,48563895#1,28279138#5,23,41.094497059549575,16.854662484304253,41.09459493177244,16.85467607291383,41.09309962997091,16.8641768999245,41.09122003932151,16.863954806076606,0.5764307294001076,0.025062205626091637,1.9793549169942322,0.012661804818789186,44.0,52.0
0_1902,48563895#1,28921528#2,8,41.094497059549575,16.854662484304253,41.09459493177244,16.85467607291383,41.09590934506375,16.85589778274809,41.09589464404242,16.856597607978603,0.8323648412713519,0.10404560515891899,1.9793549169942322,0.05256541121837736,44.0,52.0
0_1903,48563895#1,28921528#8,13,41.094497059549575,16.854662484304253,41.09459493177244,16.85467607291383,41.095864883749904,16.858939789299576,41.09579879841287,16.860483307032734,0.9318930285811307,0.07168407912162544,1.9793549169942322,0.036215879479806465,44.0,52.0
0_1904,48563895#1,30672980#0,6,41.094497059549575,16.854662484304253,41.09459493177244,16.85467607291383,41.09410258065408,16.854547680343014,41.0940220774019,16.854495884667088,0.5648822522622803,0.09414704204371338,1.9793549169942322,0.04756450762588917,44.0,52.0
0_1905,48563895#1,30672980#6,13,41.094497059549575,16.854662484304253,41.09459493177244,16.85467607291383,41.09290701188394,16.85345153155061,41.09274366748828,16.853398004520955,0.5279282995925854,0.040609869199429646,1.9793549169942322,0.020516719286048073,44.0,52.0
0_1906,48563895#1,30673346,19,41.094497059549575,16.854662484304253,41.09459493177244,16.85467607291383,41.09289989869124,16.857979997773366,41.0924620240455,16.857540225068156,0.5452016539180673,0.028694823890424593,1.9793549169942322,0.014497058432552048,44.0,52.0
0_1907,48563895#1,30674315#11,20,41.094497059549575,16.854662484304253,41.09459493177244,16.85467607291383,41.09762167433529,16.86078183182401,41.0975908593457,16.860854905020272,0.8243508310955572,0.04121754155477786,1.9793549169942322,0.020823724538178903,44.0,52.0
0_1908,48563895#1,30674315#8,17,41.094497059549575,16.854662484304253,41.09459493177244,16.85467607291383,41.09783406893447,16.85935956518292,41.09781757948696,16.860074005211207,0.8888600319447022,0.05228588423204131,1.9793549169942322,0.026415618433626106,44.0,52.0
0_1909,48563895#1,30674315#9,18,41.094497059549575,16.854662484304253,41.09459493177244,16.85467607291383,41.09781757948696,16.860074005211207,41.09773009884011,16.860532461562137,0.953271851090948,0.05295954728283044,1.9793549169942322,0.02675596318180908,44.0,52.0
0_1910,48563895#1,30674359#4,21,41.094497059549575,16.854662484304253,41.09459493177244,16.85467607291383,41.09788351207976,16.86008527251128,41.097886790174485,16.85993247707892,0.7518244578800543,0.03580116466095496,1.9793549169942322,0.018087289123125606,44.0,52.0
0_1911,48563895#1,30674359#5,22,41.094497059549575,16.854662484304253,41.09459493177244,16.85467607291383,41.097886790174485,16.85993247707892,41.097887056561405,16.859358083149928,0.7340115936729767,0.033364163348771674,1.9793549169942322,0.01685607925204093,44.0,52.0
0_1912,48563895#1,30674385#2,22,41.094497059549575,16.854662484304253,41.09459493177244,16.85467607291383,41.09752079197923,16.86113857805688,41.097541272342,16.861158803055236,0.7372311464502324,0.03351050665682875,1.9793549169942322,0.016930014101622783,44.0,52.0
0_1913,48563895#1,30674948,24,41.094497059549575,16.854662484304253,41.09459493177244,16.85467607291383,41.09346290764322,16.859512259912492,41.0937563740557,16.85923859402608,0.5419617337028599,0.02258173890428583,1.9793549169942322,0.011408635566266983,44.0,52.0
0_1914,48563895#1,30675059#0,17,41.094497059549575,16.854662484304253,41.09459493177244,16.85467607291383,41.09575898407665,16.861403291409037,41.09556026737646,16.861799770540163,0.8063269734424718,0.04743099843779246,1.9793549169942322,0.02396285680277049,44.0,52.0
0_1915,48563895#1,30675059#1,18,41.094497059549575,16.854662484304253,41.09459493177244,16.85467607291383,41.09556026737646,16.861799770540163,41.09428507077666,16.861822930016572,0.8078546669017528,0.044880814827875155,1.9793549169942322,0.022674465525379012,44.0,52.0
0_1916,48563895#1,33831688,35,41.094497059549575,16.854662484304253,41.09459493177244,16.85467607291383,41.09717022441964,16.862141610446756,41.09717150257013,16.862346685598727,0.8939070155665565,0.025540200444758757,1.9793549169942322,0.012903295020755079,44.0,52.0
0_1917,48563895#1,48563902#0,21,41.094497059549575,16.854662484304253,41.09459493177244,16.85467607291383,41.093159424293006,16.861119861413044,41.092910609638544,16.861550868324073,0.6285526961761203,0.02993108077029144,1.9793549169942322,0.015121634080533452,44.0,52.0
0_1918,48563895#1,48874527#2,17,41.094497059549575,16.854662484304253,41.09459493177244,16.85467607291383,41.094611131446,16.86076995428607,41.09433377805168,16.860614722600705,0.5870117747059163,0.03453010439446566,1.9793549169942322,0.017445130278556445,44.0,52.0
0_1919,48563895#1,50077954,9,41.094497059549575,16.854662484304253,41.09459493177244,16.85467607291383,41.094481033476846,16.855484180652265,41.09590934506375,16.85589778274809,0.9806363100725367,0.10895959000805963,1.9793549169942322,0.055048030584389195,44.0,52.0
0_1920,48563895#1,96606465,22,41.094497059549575,16.854662484304253,41.09459493177244,16.85467607291383,41.09320904205983,16.86036794969964,41.093226008438016,16.859824905081403,0.7703809298766502,0.035017314994393194,1.9793549169942322,0.01769127643240913,44.0,52.0
0_1921,48563895#2,-131752097#1,26,41.09459493177244,16.85467607291383,41.09473989153562,16.854696582502296,41.09628587040379,16.863506396736675,41.09627339570725,16.863759660301465,0.5070083566138475,0.019500321408224903,1.874961368695169,0.010400385700637475,45.0,0.0
0_1922,48563895#2,-25654991#0,27,41.09459493177244,16.85467607291383,41.09473989153562,16.854696582502296,41.09267829914716,16.854073630954087,41.09207574955028,16.85389154719994,0.6682838930003809,0.024751255296310403,1.874961368695169,0.013200941475149114,45.0,0.0
0_1923,48563895#2,-33831688,33,41.09459493177244,16.85467607291383,41.09473989153562,16.854696582502296,41.09717150257013,16.862346685598727,41.09717022441964,16.862141610446756,0.5711348309819028,0.017307116090360692,1.874961368695169,0.009230652097331015,45.0,0.0
0_1924,48563895#2,-48874524,15,41.09459493177244,16.85467607291383,41.09473989153562,16.854696582502296,41.09782874807601,16.858422322289133,41.09720965467912,16.86010828803053,0.9487712109537036,0.06325141406358024,1.874961368695169,0.03373478255053246,45.0,0.0
0_1925,48563895#2,-50077954,7,41.09459493177244,16.85467607291383,41.09473989153562,16.854696582502296,41.09590934506375,16.85589778274809,41.094481033476846,16.855484180652265,0.9234541785153887,0.13192202550219836,1.874961368695169,0.07035986325094586,45.0,0.0
0_1926,48563895#2,-50370694#0,25,41.09459493177244,16.85467607291383,41.09473989153562,16.854696582502296,41.09390877175432,16.860555577386883,41.09389978504193,16.86089441913475,0.912524331306259,0.03650097325225036,1.874961368695169,0.019467586832283522,45.0,0.0
0_1927,48563895#2,114953453#6,18,41.09459493177244,16.85467607291383,41.09473989153562,16.854696582502296,41.09289989869124,16.857979997773366,41.09252833667128,16.85806965698529,0.9657965857143163,0.053655365873017564,1.874961368695169,0.02861678473426769,45.0,0.0
0_1928,48563895#2,1223050325#0,16,41.09459493177244,16.85467607291383,41.09473989153562,16.854696582502296,41.09575898407665,16.861403291409037,41.09578940828096,16.861627521735652,0.848866828481079,0.053054176780067436,1.874961368695169,0.02829614394508252,45.0,0.0
0_1929,48563895#2,1223050326,15,41.09459493177244,16.85467607291383,41.09473989153562,16.854696582502296,41.09577203818025,16.86132567064774,41.09575898407665,16.861403291409037,0.6411014968753571,0.042740099791690474,1.874961368695169,0.022795189546456814,45.0,0.0
0_1930,48563895#2,1226960836#1,33,41.09459493177244,16.85467607291383,41.09473989153562,16.854696582502296,41.09326327598272,16.856459442663375,41.09325705252129,16.85653261037847,0.9915731061696328,0.030047669883928266,1.874961368695169,0.016025754122517825,45.0,0.0
0_1931,48563895#2,131750844#7,19,41.09459493177244,16.85467607291383,41.09473989153562,16.854696582502296,41.09588692434208,16.86204201283392,41.096023183819085,16.86206015013157,0.5697785393375954,0.02998834417566291,1.874961368695169,0.015994113092864696,45.0,0.0
0_1932,48563895#2,131750844#8,20,41.09459493177244,16.85467607291383,41.09473989153562,16.854696582502296,41.096023183819085,16.86206015013157,41.09607053280287,16.862073156374553,0.5026164128730017,0.02513082064365009,1.874961368695169,0.013403380497988199,45.0,0.0
0_1933,48563895#2,131750844#9,21,41.09459493177244,16.85467607291383,41.09473989153562,16.854696582502296,41.09607053280287,16.862073156374553,41.09624619327664,16.862345189534487,0.6341916048869923,0.030199600232713918,1.874961368695169,0.016106785311385135,45.0,0.0
0_1934,48563895#2,131750850#0,21,41.09459493177244,16.85467607291383,41.09473989153562,16.854696582502296,41.09406666971318,16.861809974981103,41.09374076152227,16.861733142040123,0.6158678257894672,0.02932703932330796,1.874961368695169,0.015641409904737055,45.0,0.0
0_1935,48563895#2,131750853#0,18,41.09459493177244,16.85467607291383,41.09473989153562,16.854696582502296,41.09428507077666,16.861822930016572,41.094248634240174,16.861820234016683,0.6974069468941468,0.038744830383008154,1.874961368695169,0.020664335292396783,45.0,0.0
0_1936,48563895#2,131750853#2,20,41.09459493177244,16.85467607291383,41.09473989153562,16.854696582502296,41.09422326217536,16.861818445841735,41.09406666971318,16.861809974981103,0.6667718760246428,0.03333859380123214,1.874961368695169,0.017780949708010932,45.0,0.0
0_1937,48563895#2,131752095#2,14,41.09459493177244,16.85467607291383,41.09473989153562,16.854696582502296,41.09606913880409,16.857384087393385,41.09607773810893,16.85711333011326,0.6670296235389479,0.04764497310992485,1.874961368695169,0.025411175880963425,45.0,0.0
0_1938,48563895#2,25817423#3,16,41.09459493177244,16.85467607291383,41.09473989153562,16.854696582502296,41.093433790346566,16.855687830843742,41.09352569242476,16.85465158647345,0.7851263858296288,0.0490703991143518,1.874961368695169,0.02617141874688388,45.0,0.0
0_1939,48563895#2,25817735#2,39,41.09459493177244,16.85467607291383,41.09473989153562,16.854696582502296,41.09257525037648,16.866055037799217,41.08991586912939,16.865878687144406,0.5947683741660094,0.015250471132461777,1.874961368695169,0.008133752186625024,45.0,0.0
0_1940,48563895#2,25819014#1,20,41.09459493177244,16.85467607291383,41.09473989153562,16.854696582502296,41.09637979984023,16.861535604961926,41.096390396588056,16.86145398483175,0.625682306303809,0.03128411531519045,1.874961368695169,0.016685205272768806,45.0,0.0
0_1941,48563895#2,25819014#2,21,41.09459493177244,16.85467607291383,41.09473989153562,16.854696582502296,41.096390396588056,16.86145398483175,41.09617566373433,16.86105237527639,0.6202601455547666,0.029536197407369836,1.874961368695169,0.015752963181275993,45.0,0.0
0_1942,48563895#2,25819177#2,28,41.09459493177244,16.85467607291383,41.09473989153562,16.854696582502296,41.09333584930795,16.855672929401177,41.09331846638719,16.855846153569416,0.6431180300701411,0.02296850107393361,1.874961368695169,0.012250119633087666,45.0,0.0
0_1943,48563895#2,25819177#3,29,41.09459493177244,16.85467607291383,41.09473989153562,16.854696582502296,41.09331846638719,16.855846153569416,41.09330344191395,16.855984796607544,0.9717864289468268,0.033509876860235405,1.874961368695169,0.017872302554988503,45.0,0.0
0_1944,48563895#2,25819177#5,31,41.09459493177244,16.85467607291383,41.09473989153562,16.854696582502296,41.09328897220411,16.85615607855325,41.093276282258536,16.856306336332803,0.5477871803230787,0.01767055420397028,1.874961368695169,0.009424489751630268,45.0,0.0
0_1945,48563895#2,28279138#5,25,41.09459493177244,16.85467607291383,41.09473989153562,16.854696582502296,41.09309962997091,16.8641768999245,41.09122003932151,16.863954806076606,0.869282816797462,0.03477131267189848,1.874961368695169,0.01854508218273141,45.0,0.0
0_1946,48563895#2,28921528#2,7,41.09459493177244,16.85467607291383,41.09473989153562,16.854696582502296,41.09590934506375,16.85589778274809,41.09589464404242,16.856597607978603,0.819920792817287,0.11713154183104099,1.874961368695169,0.06247144276500783,45.0,0.0
0_1947,48563895#2,28921528#8,12,41.09459493177244,16.85467607291383,41.09473989153562,16.854696582502296,41.095864883749904,16.858939789299576,41.09579879841287,16.860483307032734,0.9437951900140407,0.07864959916783672,1.874961368695169,0.041947317145297175,45.0,0.0
0_1948,48563895#2,30672980#0,22,41.09459493177244,16.85467607291383,41.09473989153562,16.854696582502296,41.09410258065408,16.854547680343014,41.0940220774019,16.854495884667088,0.8892601444325801,0.04042091565602637,1.874961368695169,0.021558265855982015,45.0,0.0
0_1949,48563895#2,30672980#6,29,41.09459493177244,16.85467607291383,41.09473989153562,16.854696582502296,41.09290701188394,16.85345153155061,41.09274366748828,16.853398004520955,0.5365593914702635,0.018502047981733227,1.874961368695169,0.009867962236794911,45.0,0.0
0_1950,48563895#2,30673346,18,41.09459493177244,16.85467607291383,41.09473989153562,16.854696582502296,41.09289989869124,16.857979997773366,41.0924620240455,16.857540225068156,0.8171769023055191,0.045398716794751055,1.874961368695169,0.024213147829464415,45.0,0.0
0_1951,48563895#2,30674315#11,19,41.09459493177244,16.85467607291383,41.09473989153562,16.854696582502296,41.09762167433529,16.86078183182401,41.0975908593457,16.860854905020272,0.9104596316734336,0.04791892798281229,1.874961368695169,0.025557288156907592,45.0,0.0
0_1952,48563895#2,30674315#8,16,41.09459493177244,16.85467607291383,41.09473989153562,16.854696582502296,41.09783406893447,16.85935956518292,41.09781757948696,16.860074005211207,0.5764987814317756,0.03603117383948597,1.874961368695169,0.01921702198299741,45.0,0.0
0_1953,48563895#2,30674315#9,17,41.09459493177244,16.85467607291383,41.09473989153562,16.854696582502296,41.09781757948696,16.860074005211207,41.09773009884011,16.860532461562137,0.7138618056535837,0.04199187092079904,1.874961368695169,0.022396125926595598,45.0,0.0
0_1954,48563895#2,30674359#4,20,41.09459493177244,16.85467607291383,41.09473989153562,16.854696582502296,41.09788351207976,16.86008527251128,41.097886790174485,16.85993247707892,0.8408361081245375,0.04204180540622687,1.874961368695169,0.02242275820087151,45.0,0.0
0_1955,48563895#2,30674359#5,21,41.09459493177244,16.85467607291383,41.09473989153562,16.854696582502296,41.097886790174485,16.85993247707892,41.097887056561405,16.859358083149928,0.592738981612833,0.028225665791087283,1.874961368695169,0.015053998584904289,45.0,0.0
0_1956,48563895#2,30674385#2,21,41.09459493177244,16.85467607291383,41.09473989153562,16.854696582502296,41.09752079197923,16.86113857805688,41.097541272342,16.861158803055236,0.8073351355219482,0.038444530262949916,1.874961368695169,0.020504171928461865,45.0,0.0
0_1957,48563895#2,30674948,26,41.09459493177244,16.85467607291383,41.09473989153562,16.854696582502296,41.09346290764322,16.859512259912492,41.0937563740557,16.85923859402608,0.8987212926592221,0.034566203563816233,1.874961368695169,0.018435688404541205,45.0,0.0
0_1958,48563895#2,30675059#0,16,41.09459493177244,16.85467607291383,41.09473989153562,16.854696582502296,41.09575898407665,16.861403291409037,41.09556026737646,16.861799770540163,0.974827926653637,0.060926745415852315,1.874961368695169,0.03249493372668937,45.0,0.0
0_1959,48563895#2,30675059#1,17,41.09459493177244,16.85467607291383,41.09473989153562,16.854696582502296,41.09556026737646,16.861799770540163,41.09428507077666,16.861822930016572,0.8934835846808233,0.05255785792240137,1.874961368695169,0.02803143510043498,45.0,0.0
0_1960,48563895#2,33831688,34,41.09459493177244,16.85467607291383,41.09473989153562,16.854696582502296,41.09717022441964,16.862141610446756,41.09717150257013,16.862346685598727,0.9342280900827128,0.02747729676713861,1.874961368695169,0.014654860215205782,45.0,0.0
0_1961,48563895#2,48563895#1,21,41.09459493177244,16.85467607291383,41.09473989153562,16.854696582502296,41.094497059549575,16.854662484304253,41.09459493177244,16.85467607291383,0.7864685764986108,0.03745088459517194,1.874961368695169,0.01997421665345293,45.0,0.0
0_1962,48563895#2,48563902#0,23,41.09459493177244,16.85467607291383,41.09473989153562,16.854696582502296,41.093159424293006,16.861119861413044,41.092910609638544,16.861550868324073,0.6042812705384604,0.026273098719063494,1.874961368695169,0.014012608023677618,45.0,0.0
0_1963,48563895#2,48874527#2,16,41.09459493177244,16.85467607291383,41.09473989153562,16.854696582502296,41.094611131446,16.86076995428607,41.09433377805168,16.860614722600705,0.5449440322164439,0.034059002013527746,1.874961368695169,0.018165175337575213,45.0,0.0
0_1964,48563895#2,50077954,8,41.09459493177244,16.85467607291383,41.09473989153562,16.854696582502296,41.094481033476846,16.855484180652265,41.09590934506375,16.85589778274809,0.707387773611234,0.08842347170140424,1.874961368695169,0.047160156565220476,45.0,0.0
0_1965,48563895#2,96606465,24,41.09459493177244,16.85467607291383,41.09473989153562,16.854696582502296,41.09320904205983,16.86036794969964,41.093226008438016,16.859824905081403,0.8952951593160714,0.03730396497150297,1.874961368695169,0.0198958579063758,45.0,0.0
0_1966,48563902#2,-131752097#1,7,41.09288177659644,16.861857949874747,41.093137399597694,16.86236547208206,41.09628587040379,16.863506396736675,41.09627339570725,16.863759660301465,0.8546333811670352,0.12209048302386218,2.8969058545484905,0.042145133171022954,45.0,0.0
0_1967,48563902#2,-25654991#0,16,41.09288177659644,16.861857949874747,41.093137399597694,16.86236547208206,41.09267829914716,16.854073630954087,41.09207574955028,16.85389154719994,0.5501278817557145,0.034382992609732155,2.8969058545484905,0.011868867797600921,45.0,0.0
0_1968,48563902#2,-33831688,14,41.09288177659644,16.861857949874747,41.093137399597694,16.86236547208206,41.09717150257013,16.862346685598727,41.09717022441964,16.862141610446756,0.9433386033618538,0.06738132881156099,2.8969058545484905,0.023259757891601552,45.0,0.0
0_1969,48563902#2,-48874524,28,41.09288177659644,16.861857949874747,41.093137399597694,16.86236547208206,41.09782874807601,16.858422322289133,41.09720965467912,16.86010828803053,0.8502900273325962,0.030367500976164148,2.8969058545484905,0.010482736582027172,45.0,0.0
0_1970,48563902#2,-50077954,21,41.09288177659644,16.861857949874747,41.093137399597694,16.86236547208206,41.09590934506375,16.85589778274809,41.094481033476846,16.855484180652265,0.9729089507076607,0.04632899765274574,2.8969058545484905,0.015992579662194976,45.0,0.0
0_1971,48563902#2,-50370694#0,5,41.09288177659644,16.861857949874747,41.093137399597694,16.86236547208206,41.09390877175432,16.860555577386883,41.09389978504193,16.86089441913475,0.8139114134821224,0.16278228269642447,2.8969058545484905,0.0561917752490426,45.0,0.0
0_1972,48563902#2,114953453#6,13,41.09288177659644,16.861857949874747,41.093137399597694,16.86236547208206,41.09289989869124,16.857979997773366,41.09252833667128,16.85806965698529,0.9864519899857721,0.07588092230659786,2.8969058545484905,0.026193782648288585,45.0,0.0
0_1973,48563902#2,1223050325#0,24,41.09288177659644,16.861857949874747,41.093137399597694,16.86236547208206,41.09575898407665,16.861403291409037,41.09578940828096,16.861627521735652,0.7755901067663061,0.032316254448596086,2.8969058545484905,0.011155438274894465,45.0,0.0
0_1974,48563902#2,1223050326,23,41.09288177659644,16.861857949874747,41.093137399597694,16.86236547208206,41.09577203818025,16.86132567064774,41.09575898407665,16.861403291409037,0.8810065989771227,0.03830463473813577,2.8969058545484905,0.013222602549541915,45.0,0.0
0_1975,48563902#2,1226960836#1,18,41.09288177659644,16.861857949874747,41.093137399597694,16.86236547208206,41.09326327598272,16.856459442663375,41.09325705252129,16.85653261037847,0.723255663132602,0.04018087017403344,2.8969058545484905,0.01387027131411421,45.0,0.0
0_1976,48563902#2,131750844#7,13,41.09288177659644,16.861857949874747,41.093137399597694,16.86236547208206,41.09588692434208,16.86204201283392,41.096023183819085,16.86206015013157,0.8152705974325476,0.06271312287942674,2.8969058545484905,0.02164831238162593,45.0,0.0
0_1977,48563902#2,131750844#8,14,41.09288177659644,16.861857949874747,41.093137399597694,16.86236547208206,41.096023183819085,16.86206015013157,41.09607053280287,16.862073156374553,0.6046294659466908,0.043187818996192194,2.8969058545484905,0.014908257694457736,45.0,0.0
0_1978,48563902#2,131750844#9,15,41.09288177659644,16.861857949874747,41.093137399597694,16.86236547208206,41.09607053280287,16.862073156374553,41.09624619327664,16.862345189534487,0.5482012021738716,0.03654674681159144,2.8969058545484905,0.012615786859006361,45.0,0.0
0_1979,48563902#2,131750850#0,29,41.09288177659644,16.861857949874747,41.093137399597694,16.86236547208206,41.09406666971318,16.861809974981103,41.09374076152227,16.861733142040123,0.5772661599264706,0.019905729652636917,2.8969058545484905,0.006871376099911058,45.0,0.0
0_1980,48563902#2,131750853#0,26,41.09288177659644,16.861857949874747,41.093137399597694,16.86236547208206,41.09428507077666,16.861822930016572,41.094248634240174,16.861820234016683,0.7062457475444909,0.02716329798248042,2.8969058545484905,0.009376658872027469,45.0,0.0
0_1981,48563902#2,131750853#2,28,41.09288177659644,16.861857949874747,41.093137399597694,16.86236547208206,41.09422326217536,16.861818445841735,41.09406666971318,16.861809974981103,0.5834223102339413,0.020836511079783616,2.8969058545484905,0.007192678024751059,45.0,0.0
0_1982,48563902#2,131752095#2,16,41.09288177659644,16.861857949874747,41.093137399597694,16.86236547208206,41.09606913880409,16.857384087393385,41.09607773810893,16.85711333011326,0.6853227023869912,0.04283266889918695,2.8969058545484905,0.014785661339989532,45.0,0.0
0_1983,48563902#2,25817423#3,9,41.09288177659644,16.861857949874747,41.093137399597694,16.86236547208206,41.093433790346566,16.855687830843742,41.09352569242476,16.85465158647345,0.8738284542080119,0.09709205046755688,2.8969058545484905,0.03351577695046965,45.0,0.0
0_1984,48563902#2,25817735#2,6,41.09288177659644,16.861857949874747,41.093137399597694,16.86236547208206,41.09257525037648,16.866055037799217,41.08991586912939,16.865878687144406,0.6375596975380846,0.10625994958968077,2.8969058545484905,0.03668049806411205,45.0,0.0
0_1985,48563902#2,25819014#1,18,41.09288177659644,16.861857949874747,41.093137399597694,16.86236547208206,41.09637979984023,16.861535604961926,41.096390396588056,16.86145398483175,0.6299105103865694,0.03499502835480941,2.8969058545484905,0.012080140022452925,45.0,0.0
0_1986,48563902#2,25819014#2,19,41.09288177659644,16.861857949874747,41.093137399597694,16.86236547208206,41.096390396588056,16.86145398483175,41.09617566373433,16.86105237527639,0.9238779173385872,0.048625153544136164,2.8969058545484905,0.01678520324289753,45.0,0.0
0_1987,48563902#2,25819177#2,13,41.09288177659644,16.861857949874747,41.093137399597694,16.86236547208206,41.09333584930795,16.855672929401177,41.09331846638719,16.855846153569416,0.9906338668488692,0.07620260514222071,2.8969058545484905,0.026304826241616883,45.0,0.0
0_1988,48563902#2,25819177#3,14,41.09288177659644,16.861857949874747,41.093137399597694,16.86236547208206,41.09331846638719,16.855846153569416,41.09330344191395,16.855984796607544,0.7181523246164279,0.05129659461545913,2.8969058545484905,0.017707373725976392,45.0,0.0
0_1989,48563902#2,25819177#5,16,41.09288177659644,16.861857949874747,41.093137399597694,16.86236547208206,41.09328897220411,16.85615607855325,41.093276282258536,16.856306336332803,0.9160225966925462,0.057251412293284135,2.8969058545484905,0.01976295232494095,45.0,0.0
0_1990,48563902#2,28279138#5,3,41.09288177659644,16.861857949874747,41.093137399597694,16.86236547208206,41.09309962997091,16.8641768999245,41.09122003932151,16.863954806076606,0.7774099350714175,0.25913664502380584,2.8969058545484905,0.0894529052840741,45.0,0.0
0_1991,48563902#2,28921528#2,21,41.09288177659644,16.861857949874747,41.093137399597694,16.86236547208206,41.09590934506375,16.85589778274809,41.09589464404242,16.856597607978603,0.8350593527233074,0.03976473108206226,2.8969058545484905,0.0137266218091371,45.0,0.0
0_1992,48563902#2,28921528#8,14,41.09288177659644,16.861857949874747,41.093137399597694,16.86236547208206,41.095864883749904,16.858939789299576,41.09579879841287,16.860483307032734,0.9661425736013685,0.06901018382866918,2.8969058545484905,0.023822031951889252,45.0,0.0
0_1993,48563902#2,30672980#0,13,41.09288177659644,16.861857949874747,41.093137399597694,16.86236547208206,41.09410258065408,16.854547680343014,41.0940220774019,16.854495884667088,0.7387057706152853,0.05682352081656041,2.8969058545484905,0.01961524594502809,45.0,0.0
0_1994,48563902#2,30672980#6,16,41.09288177659644,16.861857949874747,41.093137399597694,16.86236547208206,41.09290701188394,16.85345153155061,41.09274366748828,16.853398004520955,0.7190015245982617,0.04493759528739136,2.8969058545484905,0.015512273281796139,45.0,0.0
0_1995,48563902#2,30673346,13,41.09288177659644,16.861857949874747,41.093137399597694,16.86236547208206,41.09289989869124,16.857979997773366,41.0924620240455,16.857540225068156,0.5793044400213274,0.044561880001640575,2.8969058545484905,0.015382577908658324,45.0,0.0
0_1996,48563902#2,30674315#11,27,41.09288177659644,16.861857949874747,41.093137399597694,16.86236547208206,41.09762167433529,16.86078183182401,41.0975908593457,16.860854905020272,0.7855735890192358,0.029095318111823545,2.8969058545484905,0.01004358428360397,45.0,0.0
0_1997,48563902#2,30674315#8,29,41.09288177659644,16.861857949874747,41.093137399597694,16.86236547208206,41.09783406893447,16.85935956518292,41.09781757948696,16.860074005211207,0.7143828474985514,0.024633891293053496,2.8969058545484905,0.00850351807407732,45.0,0.0
0_1998,48563902#2,30674315#9,30,41.09288177659644,16.861857949874747,41.093137399597694,16.86236547208206,41.09781757948696,16.860074005211207,41.09773009884011,16.860532461562137,0.6040156483434465,0.020133854944781548,2.8969058545484905,0.0069501240135812405,45.0,0.0
0_1999,48563902#2,30674359#4,29,41.09288177659644,16.861857949874747,41.093137399597694,16.86236547208206,41.09788351207976,16.86008527251128,41.097886790174485,16.85993247707892,0.939273986927901,0.03238875816992762,2.8969058545484905,0.011180466261640286,45.0,0.0
0_2000,48563902#2,30674359#5,30,41.09288177659644,16.861857949874747,41.093137399597694,16.86236547208206,41.097886790174485,16.85993247707892,41.097887056561405,16.859358083149928,0.7361273744848436,0.024537579149494785,2.8969058545484905,0.008470271517787793,45.0,0.0
0_2001,48563902#2,30674385#2,24,41.09288177659644,16.861857949874747,41.093137399597694,16.86236547208206,41.09752079197923,16.86113857805688,41.097541272342,16.861158803055236,0.9323800152670179,0.038849167302792406,2.8969058545484905,0.013410572953827457,45.0,0.0
0_2002,48563902#2,30674948,6,41.09288177659644,16.861857949874747,41.093137399597694,16.86236547208206,41.09346290764322,16.859512259912492,41.0937563740557,16.85923859402608,0.7372214218834792,0.12287023698057986,2.8969058545484905,0.04241430103351782,45.0,0.0
0_2003,48563902#2,30675059#0,24,41.09288177659644,16.861857949874747,41.093137399597694,16.86236547208206,41.09575898407665,16.861403291409037,41.09556026737646,16.861799770540163,0.7485455283188325,0.031189397013284686,2.8969058545484905,0.010766451717550153,45.0,0.0
0_2004,48563902#2,30675059#1,25,41.09288177659644,16.861857949874747,41.093137399597694,16.86236547208206,41.09556026737646,16.861799770540163,41.09428507077666,16.861822930016572,0.7624077949159362,0.030496311796637452,2.8969058545484905,0.010527201548077434,45.0,0.0
0_2005,48563902#2,33831688,15,41.09288177659644,16.861857949874747,41.093137399597694,16.86236547208206,41.09717022441964,16.862141610446756,41.09717150257013,16.862346685598727,0.9844617403309017,0.06563078268872678,2.8969058545484905,0.022655476561545335,45.0,0.0
0_2006,48563902#2,48563895#1,15,41.09288177659644,16.861857949874747,41.093137399597694,16.86236547208206,41.094497059549575,16.854662484304253,41.09459493177244,16.85467607291383,0.967680839253594,0.06451205595023961,2.8969058545484905,0.022269296687342437,45.0,0.0
0_2007,48563902#2,48563902#0,3,41.09288177659644,16.861857949874747,41.093137399597694,16.86236547208206,41.093159424293006,16.861119861413044,41.092910609638544,16.861550868324073,0.9404315261764633,0.3134771753921544,2.8969058545484905,0.10821103312693355,45.0,0.0
0_2008,48563902#2,48874527#2,18,41.09288177659644,16.861857949874747,41.093137399597694,16.86236547208206,41.094611131446,16.86076995428607,41.09433377805168,16.860614722600705,0.7191116148110722,0.03995064526728179,2.8969058545484905,0.013790798622107263,45.0,0.0
0_2009,48563902#2,50077954,22,41.09288177659644,16.861857949874747,41.093137399597694,16.86236547208206,41.094481033476846,16.855484180652265,41.09590934506375,16.85589778274809,0.7135439865795281,0.03243381757179673,2.8969058545484905,0.01119602058205369,45.0,0.0
0_2010,48563902#2,96606465,4,41.09288177659644,16.861857949874747,41.093137399597694,16.86236547208206,41.09320904205983,16.86036794969964,41.093226008438016,16.859824905081403,0.5501893965179512,0.1375473491294878,2.8969058545484905,0.04748077985120639,45.0,0.0
0_2011,48874524,-131752097#1,28,41.09720965467912,16.86010828803053,41.09782874807601,16.858422322289133,41.09628587040379,16.863506396736675,41.09627339570725,16.863759660301465,0.799639037189467,0.028558537042480965,2.595294579921466,0.011003967435305611,45.0,0.0
0_2012,48874524,-25654991#0,36,41.09720965467912,16.86010828803053,41.09782874807601,16.858422322289133,41.09267829914716,16.854073630954087,41.09207574955028,16.85389154719994,0.9418358443498955,0.026162106787497096,2.595294579921466,0.01008059238820156,45.0,0.0
0_2013,48874524,-33831688,35,41.09720965467912,16.86010828803053,41.09782874807601,16.858422322289133,41.09717150257013,16.862346685598727,41.09717022441964,16.862141610446756,0.8429636977909372,0.02408467707974106,2.595294579921466,0.00928013230793626,45.0,0.0
0_2014,48874524,-48874524,2,41.09720965467912,16.86010828803053,41.09782874807601,16.858422322289133,41.09782874807601,16.858422322289133,41.09720965467912,16.86010828803053,0.8999076206377747,0.44995381031888737,2.595294579921466,0.17337292413738367,45.0,0.0
0_2015,48874524,-50077954,25,41.09720965467912,16.86010828803053,41.09782874807601,16.858422322289133,41.09590934506375,16.85589778274809,41.094481033476846,16.855484180652265,0.5778201739245394,0.023112806956981577,2.595294579921466,0.008905658392613364,45.0,0.0
0_2016,48874524,-50370694#0,27,41.09720965467912,16.86010828803053,41.09782874807601,16.858422322289133,41.09390877175432,16.860555577386883,41.09389978504193,16.86089441913475,0.8139978819869862,0.03014806970322171,2.595294579921466,0.011616434579898053,45.0,0.0
0_2017,48874524,114953453#6,31,41.09720965467912,16.86010828803053,41.09782874807601,16.858422322289133,41.09289989869124,16.857979997773366,41.09252833667128,16.85806965698529,0.9442876698922322,0.03046089257716878,2.595294579921466,0.011736969210674549,45.0,0.0
0_2018,48874524,1223050325#0,18,41.09720965467912,16.86010828803053,41.09782874807601,16.858422322289133,41.09575898407665,16.861403291409037,41.09578940828096,16.861627521735652,0.6694674986649833,0.0371926388147213,2.595294579921466,0.014330796628044725,45.0,0.0
0_2019,48874524,1223050326,17,41.09720965467912,16.86010828803053,41.09782874807601,16.858422322289133,41.09577203818025,16.86132567064774,41.09575898407665,16.861403291409037,0.8136071504876551,0.04785924414633265,2.595294579921466,0.018440775284854515,45.0,0.0
0_2020,48874524,1226960836#1,38,41.09720965467912,16.86010828803053,41.09782874807601,16.858422322289133,41.09326327598272,16.856459442663375,41.09325705252129,16.85653261037847,0.8281406535792977,0.02179317509419204,2.595294579921466,0.00839718745717548,45.0,0.0
0_2021,48874524,131750844#7,21,41.09720965467912,16.86010828803053,41.09782874807601,16.858422322289133,41.09588692434208,16.86204201283392,41.096023183819085,16.86206015013157,0.6780040393569271,0.032285906636044144,2.595294579921466,0.01244017033204035,45.0,0.0
0_2022,48874524,131750844#8,22,41.09720965467912,16.86010828803053,41.09782874807601,16.858422322289133,41.096023183819085,16.86206015013157,41.09607053280287,16.862073156374553,0.6484789173509409,0.02947631442504277,2.595294579921466,0.011357598730058122,45.0,0.0
0_2023,48874524,131750844#9,23,41.09720965467912,16.86010828803053,41.09782874807601,16.858422322289133,41.09607053280287,16.862073156374553,41.09624619327664,16.862345189534487,0.8769812695897319,0.038129620416944864,2.595294579921466,0.014691827552808541,45.0,0.0
0_2024,48874524,131750850#0,23,41.09720965467912,16.86010828803053,41.09782874807601,16.858422322289133,41.09406666971318,16.861809974981103,41.09374076152227,16.861733142040123,0.9175356967581599,0.039892856380789564,2.595294579921466,0.015371224788669936,45.0,0.0
0_2025,48874524,131750853#0,20,41.09720965467912,16.86010828803053,41.09782874807601,16.858422322289133,41.09428507077666,16.861822930016572,41.094248634240174,16.861820234016683,0.9102287444718549,0.04551143722359274,2.595294579921466,0.017536135425894477,45.0,0.0
0_2026,48874524,131750853#2,22,41.09720965467912,16.86010828803053,41.09782874807601,16.858422322289133,41.09422326217536,16.861818445841735,41.09406666971318,16.861809974981103,0.9175767159997489,0.041708032545443134,2.595294579921466,0.016070635244306342,45.0,0.0
0_2027,48874524,131752095#2,20,41.09720965467912,16.86010828803053,41.09782874807601,16.858422322289133,41.09606913880409,16.857384087393385,41.09607773810893,16.85711333011326,0.7588602978143688,0.03794301489071844,2.595294579921466,0.014619926070922787,45.0,0.0
0_2028,48874524,25817423#3,29,41.09720965467912,16.86010828803053,41.09782874807601,16.858422322289133,41.093433790346566,16.855687830843742,41.09352569242476,16.85465158647345,0.6365523347018461,0.02195008050696021,2.595294579921466,0.008457645107718147,45.0,0.0
0_2029,48874524,25817735#2,41,41.09720965467912,16.86010828803053,41.09782874807601,16.858422322289133,41.09257525037648,16.866055037799217,41.08991586912939,16.865878687144406,0.5348384706616389,0.013044840747844852,2.595294579921466,0.005026343001201656,45.0,0.0
0_2030,48874524,25819014#1,12,41.09720965467912,16.86010828803053,41.09782874807601,16.858422322289133,41.09637979984023,16.861535604961926,41.096390396588056,16.86145398483175,0.6814510633879165,0.056787588615659704,2.595294579921466,0.021880979929984713,45.0,0.0
0_2031,48874524,25819014#2,13,41.09720965467912,16.86010828803053,41.09782874807601,16.858422322289133,41.096390396588056,16.86145398483175,41.09617566373433,16.86105237527639,0.915757499699676,0.07044288459228278,2.595294579921466,0.027142539092581307,45.0,0.0
0_2032,48874524,25819177#2,33,41.09720965467912,16.86010828803053,41.09782874807601,16.858422322289133,41.09333584930795,16.855672929401177,41.09331846638719,16.855846153569416,0.9069969240974889,0.02748475527568148,2.595294579921466,0.010590225667759525,45.0,0.0
0_2033,48874524,25819177#3,34,41.09720965467912,16.86010828803053,41.09782874807601,16.858422322289133,41.09331846638719,16.855846153569416,41.09330344191395,16.855984796607544,0.9013312014498169,0.026509741219112263,2.595294579921466,0.010214540354765605,45.0,0.0
0_2034,48874524,25819177#5,36,41.09720965467912,16.86010828803053,41.09782874807601,16.858422322289133,41.09328897220411,16.85615607855325,41.093276282258536,16.856306336332803,0.7881679403593055,0.021893553898869596,2.595294579921466,0.008435864686902748,45.0,0.0
0_2035,48874524,28279138#5,27,41.09720965467912,16.86010828803053,41.09782874807601,16.858422322289133,41.09309962997091,16.8641768999245,41.09122003932151,16.863954806076606,0.6018979834107441,0.02229251790410163,2.595294579921466,0.008589590590820794,45.0,0.0
0_2036,48874524,28921528#2,25,41.09720965467912,16.86010828803053,41.09782874807601,16.858422322289133,41.09590934506375,16.85589778274809,41.09589464404242,16.856597607978603,0.6538930418286213,0.026155721673144852,2.595294579921466,0.010078132122456916,45.0,0.0
0_2037,48874524,28921528#8,22,41.09720965467912,16.86010828803053,41.09782874807601,16.858422322289133,41.095864883749904,16.858939789299576,41.09579879841287,16.860483307032734,0.5023458566768297,0.022833902576219534,2.595294579921466,0.00879819298852406,45.0,0.0
0_2038,48874524,30672980#0,39,41.09720965467912,16.86010828803053,41.09782874807601,16.858422322289133,41.09410258065408,16.854547680343014,41.0940220774019,16.854495884667088,0.5757944408008385,0.01476396002053432,2.595294579921466,0.005688741515031053,45.0,0.0
0_2039,48874524,30672980#6,36,41.09720965467912,16.86010828803053,41.09782874807601,16.858422322289133,41.09290701188394,16.85345153155061,41.09274366748828,16.853398004520955,0.7516500025523853,0.02087916673756626,2.595294579921466,0.0080450084160381,45.0,0.0
0_2040,48874524,30673346,31,41.09720965467912,16.86010828803053,41.09782874807601,16.858422322289133,41.09289989869124,16.857979997773366,41.0924620240455,16.857540225068156,0.7019669136336708,0.02264409398818293,2.595294579921466,0.008725057326196915,45.0,0.0
0_2041,48874524,30674315#11,6,41.09720965467912,16.86010828803053,41.09782874807601,16.858422322289133,41.09762167433529,16.86078183182401,41.0975908593457,16.860854905020272,0.8847228495041854,0.14745380825069757,2.595294579921466,0.05681582714789916,45.0,0.0
0_2042,48874524,30674315#8,3,41.09720965467912,16.86010828803053,41.09782874807601,16.858422322289133,41.09783406893447,16.85935956518292,41.09781757948696,16.860074005211207,0.875845796537322,0.29194859884577395,2.595294579921466,0.11249150717010643,45.0,0.0
0_2043,48874524,30674315#9,4,41.09720965467912,16.86010828803053,41.09782874807601,16.858422322289133,41.09781757948696,16.860074005211207,41.09773009884011,16.860532461562137,0.9777211432135023,0.24443028580337559,2.595294579921466,0.09418209697442981,45.0,0.0
0_2044,48874524,30674359#4,7,41.09720965467912,16.86010828803053,41.09782874807601,16.858422322289133,41.09788351207976,16.86008527251128,41.097886790174485,16.85993247707892,0.8050919881907395,0.11501314117010564,2.595294579921466,0.04431602564884405,45.0,0.0
0_2045,48874524,30674359#5,8,41.09720965467912,16.86010828803053,41.09782874807601,16.858422322289133,41.097886790174485,16.85993247707892,41.097887056561405,16.859358083149928,0.700795337884513,0.08759941723556412,2.595294579921466,0.03375316925996697,45.0,0.0
0_2046,48874524,30674385#2,8,41.09720965467912,16.86010828803053,41.09782874807601,16.858422322289133,41.09752079197923,16.86113857805688,41.097541272342,16.861158803055236,0.6799787804043494,0.08499734755054368,2.595294579921466,0.032750558725829,45.0,0.0
0_2047,48874524,30674948,28,41.09720965467912,16.86010828803053,41.09782874807601,16.858422322289133,41.09346290764322,16.859512259912492,41.0937563740557,16.85923859402608,0.5363733059753841,0.01915618949912086,2.595294579921466,0.0073811233789501185,45.0,0.0
0_2048,48874524,30675059#0,18,41.09720965467912,16.86010828803053,41.09782874807601,16.858422322289133,41.09575898407665,16.861403291409037,41.09556026737646,16.861799770540163,0.7634877261317914,0.04241598478509952,2.595294579921466,0.01634341824363654,45.0,0.0
0_2049,48874524,30675059#1,19,41.09720965467912,16.86010828803053,41.09782874807601,16.858422322289133,41.09556026737646,16.861799770540163,41.09428507077666,16.861822930016572,0.9210962457847851,0.04847874977814658,2.595294579921466,0.01867947868161215,45.0,0.0
0_2050,48874524,33831688,36,41.09720965467912,16.86010828803053,41.09782874807601,16.858422322289133,41.09717022441964,16.862141610446756,41.09717150257013,16.862346685598727,0.5891577089909827,0.016365491916416185,2.595294579921466,0.00630583211748988,45.0,0.0
0_2051,48874524,48563895#1,38,41.09720965467912,16.86010828803053,41.09782874807601,16.858422322289133,41.094497059549575,16.854662484304253,41.09459493177244,16.85467607291383,0.9815615381742123,0.025830566794058218,2.595294579921466,0.009952845813302571,45.0,0.0
0_2052,48874524,48563902#0,25,41.09720965467912,16.86010828803053,41.09782874807601,16.858422322289133,41.093159424293006,16.861119861413044,41.092910609638544,16.861550868324073,0.9705093306764915,0.03882037322705966,2.595294579921466,0.014957983393251016,45.0,0.0
0_2053,48874524,48874527#2,26,41.09720965467912,16.86010828803053,41.09782874807601,16.858422322289133,41.094611131446,16.86076995428607,41.09433377805168,16.860614722600705,0.5720152032739638,0.0220005847413063,2.595294579921466,0.00847710503135719,45.0,0.0
0_2054,48874524,50077954,26,41.09720965467912,16.86010828803053,41.09782874807601,16.858422322289133,41.094481033476846,16.855484180652265,41.09590934506375,16.85589778274809,0.6056487742344889,0.02329418362440342,2.595294579921466,0.008975545128718416,45.0,0.0
0_2055,48874524,96606465,26,41.09720965467912,16.86010828803053,41.09782874807601,16.858422322289133,41.09320904205983,16.86036794969964,41.093226008438016,16.859824905081403,0.9238816054996828,0.035533907903833956,2.595294579921466,0.013691666517836761,45.0,0.0
0_2056,50077954,-131752097#1,21,41.094481033476846,16.855484180652265,41.09590934506375,16.85589778274809,41.09628587040379,16.863506396736675,41.09627339570725,16.863759660301465,0.8654135123673967,0.04121016725559032,2.6950713369432324,0.0152909374570883,44.0,52.0
0_2057,50077954,-25654991#0,18,41.094481033476846,16.855484180652265,41.09590934506375,16.85589778274809,41.09267829914716,16.854073630954087,41.09207574955028,16.85389154719994,0.6540888898807253,0.03633827166004029,2.6950713369432324,0.013483231839516129,44.0,52.0
0_2058,50077954,-33831688,28,41.094481033476846,16.855484180652265,41.09590934506375,16.85589778274809,41.09717150257013,16.862346685598727,41.09717022441964,16.862141610446756,0.9430401442509755,0.03368000515182055,2.6950713369432324,0.012496888186277337,44.0,52.0
0_2059,50077954,-48874524,21,41.094481033476846,16.855484180652265,41.09590934506375,16.85589778274809,41.09782874807601,16.858422322289133,41.09720965467912,16.86010828803053,0.5000471417373852,0.023811768654161198,2.6950713369432324,0.008835301807323831,44.0,52.0
0_2060,50077954,-50077954,2,41.094481033476846,16.855484180652265,41.09590934506375,16.85589778274809,41.09590934506375,16.85589778274809,41.094481033476846,16.855484180652265,0.9160459058589985,0.45802295292949924,2.6950713369432324,0.16994835967829774,44.0,52.0
0_2061,50077954,-50370694#0,20,41.094481033476846,16.855484180652265,41.09590934506375,16.85589778274809,41.09390877175432,16.860555577386883,41.09389978504193,16.86089441913475,0.722014139549484,0.0361007069774742,2.6950713369432324,0.013395084012291808,44.0,52.0
0_2062,50077954,114953453#6,13,41.094481033476846,16.855484180652265,41.09590934506375,16.85589778274809,41.09289989869124,16.857979997773366,41.09252833667128,16.85806965698529,0.5092420382644357,0.03917246448187967,2.6950713369432324,0.014534852545428106,44.0,52.0
0_2063,50077954,1223050325#0,11,41.094481033476846,16.855484180652265,41.09590934506375,16.85589778274809,41.09575898407665,16.861403291409037,41.09578940828096,16.861627521735652,0.8523287782972317,0.07748443439065743,2.6950713369432324,0.02875042056532009,44.0,52.0
0_2064,50077954,1223050326,10,41.094481033476846,16.855484180652265,41.09590934506375,16.85589778274809,41.09577203818025,16.86132567064774,41.09575898407665,16.861403291409037,0.6661014004011071,0.06661014004011072,2.6950713369432324,0.024715538741790923,44.0,52.0
0_2065,50077954,1226960836#1,20,41.094481033476846,16.855484180652265,41.09590934506375,16.85589778274809,41.09326327598272,16.856459442663375,41.09325705252129,16.85653261037847,0.9677029090552078,0.048385145452760396,2.6950713369432324,0.017953196559033997,44.0,52.0
0_2066,50077954,131750844#7,14,41.094481033476846,16.855484180652265,41.09590934506375,16.85589778274809,41.09588692434208,16.86204201283392,41.096023183819085,16.86206015013157,0.9258741374737254,0.06613386696240896,2.6950713369432324,0.02453881871543275,44.0,52.0
0_2067,50077954,131750844#8,15,41.094481033476846,16.855484180652265,41.09590934506375,16.85589778274809,41.096023183819085,16.86206015013157,41.09607053280287,16.862073156374553,0.5703832771471871,0.03802555180981247,2.6950713369432324,0.014109293245254614,44.0,52.0
0_2068,50077954,131750844#9,16,41.094481033476846,16.855484180652265,41.09590934506375,16.85589778274809,41.09607053280287,16.862073156374553,41.09624619327664,16.862345189534487,0.5288277544940067,0.033051734655875416,2.6950713369432324,0.012263769868653239,44.0,52.0
0_2069,50077954,131750850#0,16,41.094481033476846,16.855484180652265,41.09590934506375,16.85589778274809,41.09406666971318,16.861809974981103,41.09374076152227,16.861733142040123,0.6746486657552395,0.04216554160970247,2.6950713369432324,0.01564542690640868,44.0,52.0
0_2070,50077954,131750853#0,13,41.094481033476846,16.855484180652265,41.09590934506375,16.85589778274809,41.09428507077666,16.861822930016572,41.094248634240174,16.861820234016683,0.7193489311053027,0.055334533161946364,2.6950713369432324,0.020531750831021472,44.0,52.0
0_2071,50077954,131750853#2,15,41.094481033476846,16.855484180652265,41.09590934506375,16.85589778274809,41.09422326217536,16.861818445841735,41.09406666971318,16.861809974981103,0.7962969040890768,0.05308646027260512,2.6950713369432324,0.01969760857343989,44.0,52.0
0_2072,50077954,131752095#2,9,41.094481033476846,16.855484180652265,41.09590934506375,16.85589778274809,41.09606913880409,16.857384087393385,41.09607773810893,16.85711333011326,0.8719869158296998,0.09688743509218886,2.6950713369432324,0.035949859198190735,44.0,52.0
0_2073,50077954,25817423#3,11,41.094481033476846,16.855484180652265,41.09590934506375,16.85589778274809,41.093433790346566,16.855687830843742,41.09352569242476,16.85465158647345,0.6305921495644553,0.05732655905131412,2.6950713369432324,0.021270887440157437,44.0,52.0
0_2074,50077954,25817735#2,34,41.094481033476846,16.855484180652265,41.09590934506375,16.85589778274809,41.09257525037648,16.866055037799217,41.08991586912939,16.865878687144406,0.6474647256650479,0.019043080166619056,2.6950713369432324,0.007065890949000943,44.0,52.0
0_2075,50077954,25819014#1,15,41.094481033476846,16.855484180652265,41.09590934506375,16.85589778274809,41.09637979984023,16.861535604961926,41.096390396588056,16.86145398483175,0.9727790992162324,0.06485193994774882,2.6950713369432324,0.024063162655020596,44.0,52.0
0_2076,50077954,25819014#2,16,41.094481033476846,16.855484180652265,41.09590934506375,16.85589778274809,41.096390396588056,16.86145398483175,41.09617566373433,16.86105237527639,0.6094036247620402,0.038087726547627515,2.6950713369432324,0.01413236303823663,44.0,52.0
0_2077,50077954,25819177#2,15,41.094481033476846,16.855484180652265,41.09590934506375,16.85589778274809,41.09333584930795,16.855672929401177,41.09331846638719,16.855846153569416,0.6370835824445814,0.04247223882963876,2.6950713369432324,0.015759226202083042,44.0,52.0
0_2078,50077954,25819177#3,16,41.094481033476846,16.855484180652265,41.09590934506375,16.85589778274809,41.09331846638719,16.855846153569416,41.09330344191395,16.855984796607544,0.9847389094199922,0.06154618183874951,2.6950713369432324,0.02283656873756655,44.0,52.0
0_2079,50077954,25819177#5,18,41.094481033476846,16.855484180652265,41.09590934506375,16.85589778274809,41.09328897220411,16.85615607855325,41.093276282258536,16.856306336332803,0.9480092869995894,0.0526671826110883,2.6950713369432324,0.019542036564725505,44.0,52.0
0_2080,50077954,28279138#5,20,41.094481033476846,16.855484180652265,41.09590934506375,16.85589778274809,41.09309962997091,16.8641768999245,41.09122003932151,16.863954806076606,0.5707811988425391,0.028539059942126955,2.6950713369432324,0.010589352330278627,44.0,52.0
0_2081,50077954,28921528#2,2,41.094481033476846,16.855484180652265,41.09590934506375,16.85589778274809,41.09590934506375,16.85589778274809,41.09589464404242,16.856597607978603,0.6398530252133403,0.31992651260667015,2.6950713369432324,0.11870799418969477,44.0,52.0
0_2082,50077954,28921528#8,7,41.094481033476846,16.855484180652265,41.09590934506375,16.85589778274809,41.095864883749904,16.858939789299576,41.09579879841287,16.860483307032734,0.7991213393001979,0.1141601913285997,2.6950713369432324,0.042358875538367355,44.0,52.0
0_2083,50077954,30672980#0,28,41.094481033476846,16.855484180652265,41.09590934506375,16.85589778274809,41.09410258065408,16.854547680343014,41.0940220774019,16.854495884667088,0.7781242957916179,0.02779015342112921,2.6950713369432324,0.010311472293957525,44.0,52.0
0_2084,50077954,30672980#6,18,41.094481033476846,16.855484180652265,41.09590934506375,16.85589778274809,41.09290701188394,16.85345153155061,41.09274366748828,16.853398004520955,0.5172684620414476,0.02873713678008042,2.6950713369432324,0.010662848283887827,44.0,52.0
0_2085,50077954,30673346,13,41.094481033476846,16.855484180652265,41.09590934506375,16.85589778274809,41.09289989869124,16.857979997773366,41.0924620240455,16.857540225068156,0.6293772355470761,0.048413633503621246,2.6950713369432324,0.017963766984562386,44.0,52.0
0_2086,50077954,30674315#11,24,41.094481033476846,16.855484180652265,41.09590934506375,16.85589778274809,41.09762167433529,16.86078183182401,41.0975908593457,16.860854905020272,0.5870129078539359,0.02445887116058066,2.6950713369432324,0.009075407698974703,44.0,52.0
0_2087,50077954,30674315#8,22,41.094481033476846,16.855484180652265,41.09590934506375,16.85589778274809,41.09783406893447,16.85935956518292,41.09781757948696,16.860074005211207,0.8001056805990877,0.03636844002723126,2.6950713369432324,0.013494425742541043,44.0,52.0
0_2088,50077954,30674315#9,23,41.094481033476846,16.855484180652265,41.09590934506375,16.85589778274809,41.09781757948696,16.860074005211207,41.09773009884011,16.860532461562137,0.5726639916854439,0.024898434421106255,2.6950713369432324,0.009238506632387037,44.0,52.0
0_2089,50077954,30674359#4,26,41.094481033476846,16.855484180652265,41.09590934506375,16.85589778274809,41.09788351207976,16.86008527251128,41.097886790174485,16.85993247707892,0.6514771404305466,0.025056813093482563,2.6950713369432324,0.009297272673272598,44.0,52.0
0_2090,50077954,30674359#5,27,41.094481033476846,16.855484180652265,41.09590934506375,16.85589778274809,41.097886790174485,16.85993247707892,41.097887056561405,16.859358083149928,0.8722484352407056,0.03230549760150761,2.6950713369432324,0.011986880331764694,44.0,52.0
0_2091,50077954,30674385#2,21,41.094481033476846,16.855484180652265,41.09590934506375,16.85589778274809,41.09752079197923,16.86113857805688,41.097541272342,16.861158803055236,0.9143767253493245,0.04354174882615831,2.6950713369432324,0.01615606541812123,44.0,52.0
0_2092,50077954,30674948,21,41.094481033476846,16.855484180652265,41.09590934506375,16.85589778274809,41.09346290764322,16.859512259912492,41.0937563740557,16.85923859402608,0.931612281846834,0.044362489611754,2.6950713369432324,0.01646059939254529,44.0,52.0
0_2093,50077954,30675059#0,11,41.094481033476846,16.855484180652265,41.09590934506375,16.85589778274809,41.09575898407665,16.861403291409037,41.09556026737646,16.861799770540163,0.6271095983536168,0.05700996348669244,2.6950713369432324,0.021153415386530552,44.0,52.0
0_2094,50077954,30675059#1,12,41.094481033476846,16.855484180652265,41.09590934506375,16.85589778274809,41.09556026737646,16.861799770540163,41.09428507077666,16.861822930016572,0.7158720444574933,0.05965600370479111,2.6950713369432324,0.022135222503035238,44.0,52.0
0_2095,50077954,33831688,29,41.094481033476846,16.855484180652265,41.09590934506375,16.85589778274809,41.09717022441964,16.862141610446756,41.09717150257013,16.862346685598727,0.9141813264977894,0.03152349401716515,2.6950713369432324,0.011696719706469553,44.0,52.0
0_2096,50077954,48563895#1,27,41.094481033476846,16.855484180652265,41.09590934506375,16.85589778274809,41.094497059549575,16.854662484304253,41.09459493177244,16.85467607291383,0.6998029003035189,0.025918625937167365,2.6950713369432324,0.009617046340066248,44.0,52.0
0_2097,50077954,48563902#0,18,41.094481033476846,16.855484180652265,41.09590934506375,16.85589778274809,41.093159424293006,16.861119861413044,41.092910609638544,16.861550868324073,0.7967822472086543,0.044265680400480796,2.6950713369432324,0.016424678558114615,44.0,52.0
0_2098,50077954,48874527#2,11,41.094481033476846,16.855484180652265,41.09590934506375,16.85589778274809,41.094611131446,16.86076995428607,41.09433377805168,16.860614722600705,0.7109503487556974,0.06463184988688159,2.6950713369432324,0.023981498745850437,44.0,52.0
0_2099,50077954,96606465,19,41.094481033476846,16.855484180652265,41.09590934506375,16.85589778274809,41.09320904205983,16.86036794969964,41.093226008438016,16.859824905081403,0.6082023050590342,0.03201064763468601,2.6950713369432324,0.011877476932017947,44.0,52.0
0_2100,50367869#1,-131752097#1,20,41.09633825612945,16.862333621430803,41.09635234466292,16.861941330534812,41.09628587040379,16.863506396736675,41.09627339570725,16.863759660301465,0.7948377961487731,0.03974188980743866,2.1569492181104075,0.01842504657678241,45.0,0.0
0_2101,50367869#1,-25654991#0,30,41.09633825612945,16.862333621430803,41.09635234466292,16.861941330534812,41.09267829914716,16.854073630954087,41.09207574955028,16.85389154719994,0.5171237193039016,0.01723745731013005,2.1569492181104075,0.007991591626450485,45.0,0.0
0_2102,50367869#1,-33831688,27,41.09633825612945,16.862333621430803,41.09635234466292,16.861941330534812,41.09717150257013,16.862346685598727,41.09717022441964,16.862141610446756,0.6040810701595345,0.022373372968871645,2.1569492181104075,0.010372693423200668,45.0,0.0
0_2103,50367869#1,-48874524,24,41.09633825612945,16.862333621430803,41.09635234466292,16.861941330534812,41.09782874807601,16.858422322289133,41.09720965467912,16.86010828803053,0.7190964474442064,0.029962351976841932,2.1569492181104075,0.013891078994938235,45.0,0.0
0_2104,50367869#1,-50077954,19,41.09633825612945,16.862333621430803,41.09635234466292,16.861941330534812,41.09590934506375,16.85589778274809,41.094481033476846,16.855484180652265,0.8779072708626294,0.04620564583487523,2.1569492181104075,0.021421758772491466,45.0,0.0
0_2105,50367869#1,-50370694#0,19,41.09633825612945,16.862333621430803,41.09635234466292,16.861941330534812,41.09390877175432,16.860555577386883,41.09389978504193,16.86089441913475,0.9901532408973516,0.05211332846828166,2.1569492181104075,0.024160665457824488,45.0,0.0
0_2106,50367869#1,114953453#6,25,41.09633825612945,16.862333621430803,41.09635234466292,16.861941330534812,41.09289989869124,16.857979997773366,41.09252833667128,16.85806965698529,0.8902194978869791,0.035608779915479165,2.1569492181104075,0.016508863359645614,45.0,0.0
0_2107,50367869#1,1223050325#0,10,41.09633825612945,16.862333621430803,41.09635234466292,16.861941330534812,41.09575898407665,16.861403291409037,41.09578940828096,16.861627521735652,0.6504586274453579,0.06504586274453579,2.1569492181104075,0.030156418240351125,45.0,0.0
0_2108,50367869#1,1223050326,9,41.09633825612945,16.862333621430803,41.09635234466292,16.861941330534812,41.09577203818025,16.86132567064774,41.09575898407665,16.861403291409037,0.8295312281471907,0.09217013646079897,2.1569492181104075,0.042731713703276004,45.0,0.0
0_2109,50367869#1,1226960836#1,32,41.09633825612945,16.862333621430803,41.09635234466292,16.861941330534812,41.09326327598272,16.856459442663375,41.09325705252129,16.85653261037847,0.8611171869432309,0.026909912091975966,2.1569492181104075,0.012475913603357968,45.0,0.0
0_2110,50367869#1,131750844#7,13,41.09633825612945,16.862333621430803,41.09635234466292,16.861941330534812,41.09588692434208,16.86204201283392,41.096023183819085,16.86206015013157,0.9254826390577997,0.07119097223521537,2.1569492181104075,0.033005400237276855,45.0,0.0
0_2111,50367869#1,131750844#8,14,41.09633825612945,16.862333621430803,41.09635234466292,16.861941330534812,41.096023183819085,16.86206015013157,41.09607053280287,16.862073156374553,0.5737125420158014,0.04097946728684295,2.1569492181104075,0.01899880949572979,45.0,0.0
0_2112,50367869#1,131750844#9,15,41.09633825612945,16.862333621430803,41.09635234466292,16.861941330534812,41.09607053280287,16.862073156374553,41.09624619327664,16.862345189534487,0.7955632190036752,0.053037547933578344,2.1569492181104075,0.024589150031098933,45.0,0.0
0_2113,50367869#1,131750850#0,15,41.09633825612945,16.862333621430803,41.09635234466292,16.861941330534812,41.09406666971318,16.861809974981103,41.09374076152227,16.861733142040123,0.9567622789034695,0.06378415192689797,2.1569492181104075,0.029571466676798257,45.0,0.0
0_2114,50367869#1,131750853#0,12,41.09633825612945,16.862333621430803,41.09635234466292,16.861941330534812,41.09428507077666,16.861822930016572,41.094248634240174,16.861820234016683,0.7121022358180309,0.05934185298483591,2.1569492181104075,0.02751193791980984,45.0,0.0
0_2115,50367869#1,131750853#2,14,41.09633825612945,16.862333621430803,41.09635234466292,16.861941330534812,41.09422326217536,16.861818445841735,41.09406666971318,16.861809974981103,0.5905805671808798,0.0421843262272057,2.1569492181104075,0.019557403518364342,45.0,0.0
0_2116,50367869#1,131752095#2,14,41.09633825612945,16.862333621430803,41.09635234466292,16.861941330534812,41.09606913880409,16.857384087393385,41.09607773810893,16.85711333011326,0.6896164716234674,0.04925831940167624,2.1569492181104075,0.02283703250317081,45.0,0.0
0_2117,50367869#1,25817423#3,23,41.09633825612945,16.862333621430803,41.09635234466292,16.861941330534812,41.093433790346566,16.855687830843742,41.09352569242476,16.85465158647345,0.9191823506624668,0.0399644500288029,2.1569492181104075,0.018528229451694606,45.0,0.0
0_2118,50367869#1,25817735#2,33,41.09633825612945,16.862333621430803,41.09635234466292,16.861941330534812,41.09257525037648,16.866055037799217,41.08991586912939,16.865878687144406,0.9057370455049534,0.02744657713651374,2.1569492181104075,0.012724721057901529,45.0,0.0
0_2119,50367869#1,25819014#1,4,41.09633825612945,16.862333621430803,41.09635234466292,16.861941330534812,41.09637979984023,16.861535604961926,41.096390396588056,16.86145398483175,0.5994738620160343,0.14986846550400856,2.1569492181104075,0.06948168470804363,45.0,0.0
0_2120,50367869#1,25819014#2,5,41.09633825612945,16.862333621430803,41.09635234466292,16.861941330534812,41.096390396588056,16.86145398483175,41.09617566373433,16.86105237527639,0.653299542580102,0.1306599085160204,2.1569492181104075,0.06057625623216334,45.0,0.0
0_2121,50367869#1,25819177#2,27,41.09633825612945,16.862333621430803,41.09635234466292,16.861941330534812,41.09333584930795,16.855672929401177,41.09331846638719,16.855846153569416,0.9716720653710564,0.035987854273002086,2.1569492181104075,0.016684608970316508,45.0,0.0
0_2122,50367869#1,25819177#3,28,41.09633825612945,16.862333621430803,41.09635234466292,16.861941330534812,41.09331846638719,16.855846153569416,41.09330344191395,16.855984796607544,0.8648436040515681,0.03088727157327029,2.1569492181104075,0.014319888161451034,45.0,0.0
0_2123,50367869#1,25819177#5,30,41.09633825612945,16.862333621430803,41.09635234466292,16.861941330534812,41.09328897220411,16.85615607855325,41.093276282258536,16.856306336332803,0.5003024934818601,0.016676749782728668,2.1569492181104075,0.007731637649465995,45.0,0.0
0_2124,50367869#1,28279138#5,19,41.09633825612945,16.862333621430803,41.09635234466292,16.861941330534812,41.09309962997091,16.8641768999245,41.09122003932151,16.863954806076606,0.7319867589804563,0.03852561889370822,2.1569492181104075,0.017861161760432422,45.0,0.0
0_2125,50367869#1,28921528#2,19,41.09633825612945,16.862333621430803,41.09635234466292,16.861941330534812,41.09590934506375,16.85589778274809,41.09589464404242,16.856597607978603,0.9343977051385459,0.04917882658623925,2.1569492181104075,0.022800178220849492,45.0,0.0
0_2126,50367869#1,28921528#8,16,41.09633825612945,16.862333621430803,41.09635234466292,16.861941330534812,41.095864883749904,16.858939789299576,41.09579879841287,16.860483307032734,0.767068337007897,0.04794177106299356,2.1569492181104075,0.022226657290055667,45.0,0.0
0_2127,50367869#1,30672980#0,33,41.09633825612945,16.862333621430803,41.09635234466292,16.861941330534812,41.09410258065408,16.854547680343014,41.0940220774019,16.854495884667088,0.9954508040559287,0.03016517588048269,2.1569492181104075,0.013985111762115962,45.0,0.0
0_2128,50367869#1,30672980#6,30,41.09633825612945,16.862333621430803,41.09635234466292,16.861941330534812,41.09290701188394,16.85345153155061,41.09274366748828,16.853398004520955,0.9462370899169871,0.031541236330566234,2.1569492181104075,0.014623077847979143,45.0,0.0
0_2129,50367869#1,30673346,25,41.09633825612945,16.862333621430803,41.09635234466292,16.861941330534812,41.09289989869124,16.857979997773366,41.0924620240455,16.857540225068156,0.9113143726984738,0.036452574907938955,2.1569492181104075,0.016900061717666764,45.0,0.0
0_2130,50367869#1,30674315#11,13,41.09633825612945,16.862333621430803,41.09635234466292,16.861941330534812,41.09762167433529,16.86078183182401,41.0975908593457,16.860854905020272,0.7066446177714476,0.05435727829011136,2.1569492181104075,0.025201000484253857,45.0,0.0
0_2131,50367869#1,30674315#8,25,41.09633825612945,16.862333621430803,41.09635234466292,16.861941330534812,41.09783406893447,16.85935956518292,41.09781757948696,16.860074005211207,0.8539012886019719,0.03415605154407888,2.1569492181104075,0.015835352662591305,45.0,0.0
0_2132,50367869#1,30674315#9,26,41.09633825612945,16.862333621430803,41.09635234466292,16.861941330534812,41.09781757948696,16.860074005211207,41.09773009884011,16.860532461562137,0.5054791280384341,0.01944150492455516,2.1569492181104075,0.009013427280215185,45.0,0.0
0_2133,50367869#1,30674359#4,15,41.09633825612945,16.862333621430803,41.09635234466292,16.861941330534812,41.09788351207976,16.86008527251128,41.097886790174485,16.85993247707892,0.649489275413923,0.043299285027594864,2.1569492181104075,0.020074318238019133,45.0,0.0
0_2134,50367869#1,30674359#5,16,41.09633825612945,16.862333621430803,41.09635234466292,16.861941330534812,41.097886790174485,16.85993247707892,41.097887056561405,16.859358083149928,0.5897017856390293,0.03685636160243933,2.1569492181104075,0.017087264407053264,45.0,0.0
0_2135,50367869#1,30674385#2,10,41.09633825612945,16.862333621430803,41.09635234466292,16.861941330534812,41.09752079197923,16.86113857805688,41.097541272342,16.861158803055236,0.9542098947287456,0.09542098947287457,2.1569492181104075,0.044238866947673434,45.0,0.0
0_2136,50367869#1,30674948,20,41.09633825612945,16.862333621430803,41.09635234466292,16.861941330534812,41.09346290764322,16.859512259912492,41.0937563740557,16.85923859402608,0.7385961377807249,0.03692980688903624,2.1569492181104075,0.017121314947501895,45.0,0.0
0_2137,50367869#1,30675059#0,10,41.09633825612945,16.862333621430803,41.09635234466292,16.861941330534812,41.09575898407665,16.861403291409037,41.09556026737646,16.861799770540163,0.6809458836160335,0.06809458836160336,2.1569492181104075,0.03156986163135427,45.0,0.0
0_2138,50367869#1,30675059#1,11,41.09633825612945,16.862333621430803,41.09635234466292,16.861941330534812,41.09556026737646,16.861799770540163,41.09428507077666,16.861822930016572,0.8122617195695284,0.07384197450632077,2.1569492181104075,0.03423445201505946,45.0,0.0
0_2139,50367869#1,33831688,28,41.09633825612945,16.862333621430803,41.09635234466292,16.861941330534812,41.09717022441964,16.862141610446756,41.09717150257013,16.862346685598727,0.556291534187989,0.019867554792428178,2.1569492181104075,0.009210951572533137,45.0,0.0
0_2140,50367869#1,48563895#1,32,41.09633825612945,16.862333621430803,41.09635234466292,16.861941330534812,41.094497059549575,16.854662484304253,41.09459493177244,16.85467607291383,0.5574158221377035,0.017419244441803233,2.1569492181104075,0.008075871372188974,45.0,0.0
0_2141,50367869#1,48563902#0,17,41.09633825612945,16.862333621430803,41.09635234466292,16.861941330534812,41.093159424293006,16.861119861413044,41.092910609638544,16.861550868324073,0.9924050317106876,0.05837676657121692,2.1569492181104075,0.02706450670283179,45.0,0.0
0_2142,50367869#1,48874527#2,20,41.09633825612945,16.862333621430803,41.09635234466292,16.861941330534812,41.094611131446,16.86076995428607,41.09433377805168,16.860614722600705,0.8987113849885643,0.044935569249428216,2.1569492181104075,0.020832928690270213,45.0,0.0
0_2143,50367869#1,50077954,20,41.09633825612945,16.862333621430803,41.09635234466292,16.861941330534812,41.094481033476846,16.855484180652265,41.09590934506375,16.85589778274809,0.8088218875390558,0.04044109437695279,2.1569492181104075,0.018749210244449407,45.0,0.0
0_2144,50367869#1,96606465,18,41.09633825612945,16.862333621430803,41.09635234466292,16.861941330534812,41.09320904205983,16.86036794969964,41.093226008438016,16.859824905081403,0.7392472561477155,0.041069292008206415,2.1569492181104075,0.019040453833301236,45.0,0.0
0_2145,50367869#2,-131752097#1,19,41.09635234466292,16.861941330534812,41.09637137649532,16.8615997833262,41.09628587040379,16.863506396736675,41.09627339570725,16.863759660301465,0.8751832771094319,0.04606227774260167,2.4333909617738074,0.01892925488184801,45.0,0.0
0_2146,50367869#2,-25654991#0,29,41.09635234466292,16.861941330534812,41.09637137649532,16.8615997833262,41.09267829914716,16.854073630954087,41.09207574955028,16.85389154719994,0.630838624330814,0.02175305601140738,2.4333909617738074,0.008939400348372546,45.0,0.0
0_2147,50367869#2,-33831688,26,41.09635234466292,16.861941330534812,41.09637137649532,16.8615997833262,41.09717150257013,16.862346685598727,41.09717022441964,16.862141610446756,0.8655323914715712,0.0332897073642912,2.4333909617738074,0.01368037766525805,45.0,0.0
0_2148,50367869#2,-48874524,23,41.09635234466292,16.861941330534812,41.09637137649532,16.8615997833262,41.09782874807601,16.858422322289133,41.09720965467912,16.86010828803053,0.6991461288326469,0.030397657775332473,2.4333909617738074,0.012491892282354112,45.0,0.0
0_2149,50367869#2,-50077954,18,41.09635234466292,16.861941330534812,41.09637137649532,16.8615997833262,41.09590934506375,16.85589778274809,41.094481033476846,16.855484180652265,0.7363412630780337,0.04090784794877965,2.4333909617738074,0.016811046227836766,45.0,0.0
0_2150,50367869#2,-50370694#0,18,41.09635234466292,16.861941330534812,41.09637137649532,16.8615997833262,41.09390877175432,16.860555577386883,41.09389978504193,16.86089441913475,0.9128501291442712,0.05071389606357062,2.4333909617738074,0.020840833577602753,45.0,0.0
0_2151,50367869#2,114953453#6,24,41.09635234466292,16.861941330534812,41.09637137649532,16.8615997833262,41.09289989869124,16.857979997773366,41.09252833667128,16.85806965698529,0.8237838168816691,0.03432432570340288,2.4333909617738074,0.014105553214672231,45.0,0.0
0_2152,50367869#2,1223050325#0,9,41.09635234466292,16.861941330534812,41.09637137649532,16.8615997833262,41.09575898407665,16.861403291409037,41.09578940828096,16.861627521735652,0.5109719246304372,0.056774658292270797,2.4333909617738074,0.02333149879495123,45.0,0.0
0_2153,50367869#2,1223050326,8,41.09635234466292,16.861941330534812,41.09637137649532,16.8615997833262,41.09577203818025,16.86132567064774,41.09575898407665,16.861403291409037,0.894991471764607,0.11187393397057588,2.4333909617738074,0.045974500492525036,45.0,0.0
0_2154,50367869#2,1226960836#1,31,41.09635234466292,16.861941330534812,41.09637137649532,16.8615997833262,41.09326327598272,16.856459442663375,41.09325705252129,16.85653261037847,0.893623648117077,0.028826569294099255,2.4333909617738074,0.011846254772429286,45.0,0.0
0_2155,50367869#2,131750844#7,12,41.09635234466292,16.861941330534812,41.09637137649532,16.8615997833262,41.09588692434208,16.86204201283392,41.096023183819085,16.86206015013157,0.946239065899534,0.07885325549162783,2.4333909617738074,0.03240468002484408,45.0,0.0
0_2156,50367869#2,131750844#8,13,41.09635234466292,16.861941330534812,41.09637137649532,16.8615997833262,41.096023183819085,16.86206015013157,41.09607053280287,16.862073156374553,0.8765402813379379,0.06742617548753368,2.4333909617738074,0.0277087309629784,45.0,0.0
0_2157,50367869#2,131750844#9,14,41.09635234466292,16.861941330534812,41.09637137649532,16.8615997833262,41.09607053280287,16.862073156374553,41.09624619327664,16.862345189534487,0.6107372550429745,0.04362408964592675,2.4333909617738074,0.017927283503234186,45.0,0.0
0_2158,50367869#2,131750850#0,14,41.09635234466292,16.861941330534812,41.09637137649532,16.8615997833262,41.09406666971318,16.861809974981103,41.09374076152227,16.861733142040123,0.7852429446021277,0.056088781757294835,2.4333909617738074,0.023049638401060394,45.0,0.0
0_2159,50367869#2,131750853#0,11,41.09635234466292,16.861941330534812,41.09637137649532,16.8615997833262,41.09428507077666,16.861822930016572,41.094248634240174,16.861820234016683,0.5880920777798508,0.053462916161804624,2.4333909617738074,0.021970541109774287,45.0,0.0
0_2160,50367869#2,131750853#2,13,41.09635234466292,16.861941330534812,41.09637137649532,16.8615997833262,41.09422326217536,16.861818445841735,41.09406666971318,16.861809974981103,0.8882556964975483,0.06832736126904218,2.4333909617738074,0.02807907251337669,45.0,0.0
0_2161,50367869#2,131752095#2,13,41.09635234466292,16.861941330534812,41.09637137649532,16.8615997833262,41.09606913880409,16.857384087393385,41.09607773810893,16.85711333011326,0.7916128094973709,0.0608932930382593,2.4333909617738074,0.0250240483320738,45.0,0.0
0_2162,50367869#2,25817423#3,22,41.09635234466292,16.861941330534812,41.09637137649532,16.8615997833262,41.093433790346566,16.855687830843742,41.09352569242476,16.85465158647345,0.9918792567243917,0.045085420760199627,2.4333909617738074,0.01852781631412605,45.0,0.0
0_2163,50367869#2,25817735#2,32,41.09635234466292,16.861941330534812,41.09637137649532,16.8615997833262,41.09257525037648,16.866055037799217,41.08991586912939,16.865878687144406,0.6286402445187935,0.019645007641212298,2.4333909617738074,0.008073099616878734,45.0,0.0
0_2164,50367869#2,25819014#1,3,41.09635234466292,16.861941330534812,41.09637137649532,16.8615997833262,41.09637979984023,16.861535604961926,41.096390396588056,16.86145398483175,0.9235354728085095,0.3078451576028365,2.4333909617738074,0.1265087125080938,45.0,0.0
0_2165,50367869#2,25819014#2,4,41.09635234466292,16.861941330534812,41.09637137649532,16.8615997833262,41.096390396588056,16.86145398483175,41.09617566373433,16.86105237527639,0.5389679659688251,0.13474199149220628,2.4333909617738074,0.0553721097878932,45.0,0.0
0_2166,50367869#2,25819177#2,26,41.09635234466292,16.861941330534812,41.09637137649532,16.8615997833262,41.09333584930795,16.855672929401177,41.09331846638719,16.855846153569416,0.8358292000468335,0.03214727692487821,2.4333909617738074,0.01321089682253304,45.0,0.0
0_2167,50367869#2,25819177#3,27,41.09635234466292,16.861941330534812,41.09637137649532,16.8615997833262,41.09331846638719,16.855846153569416,41.09330344191395,16.855984796607544,0.9007842541798496,0.03336237978443887,2.4333909617738074,0.013710242336118296,45.0,0.0
0_2168,50367869#2,25819177#5,29,41.09635234466292,16.861941330534812,41.09637137649532,16.8615997833262,41.09328897220411,16.85615607855325,41.093276282258536,16.856306336332803,0.820299386426885,0.028286185738858105,2.4333909617738074,0.011624184598038878,45.0,0.0
0_2169,50367869#2,28279138#5,18,41.09635234466292,16.861941330534812,41.09637137649532,16.8615997833262,41.09309962997091,16.8641768999245,41.09122003932151,16.863954806076606,0.7538517593249713,0.04188065329583174,2.4333909617738074,0.017210819779367906,45.0,0.0
0_2170,50367869#2,28921528#2,18,41.09635234466292,16.861941330534812,41.09637137649532,16.8615997833262,41.09590934506375,16.85589778274809,41.09589464404242,16.856597607978603,0.5110961885357165,0.02839423269642869,2.4333909617738074,0.011668586405749968,45.0,0.0
0_2171,50367869#2,28921528#8,15,41.09635234466292,16.861941330534812,41.09637137649532,16.8615997833262,41.095864883749904,16.858939789299576,41.09579879841287,16.860483307032734,0.8218646757549124,0.05479097838366082,2.4333909617738074,0.022516307179723076,45.0,0.0
0_2172,50367869#2,30672980#0,32,41.09635234466292,16.861941330534812,41.09637137649532,16.8615997833262,41.09410258065408,16.854547680343014,41.0940220774019,16.854495884667088,0.7897436223019904,0.0246794881969372,2.4333909617738074,0.010142015230855964,45.0,0.0
0_2173,50367869#2,30672980#6,29,41.09635234466292,16.861941330534812,41.09637137649532,16.8615997833262,41.09290701188394,16.85345153155061,41.09274366748828,16.853398004520955,0.7297239613658364,0.0251628952195116,2.4333909617738074,0.010340670946344456,45.0,0.0
0_2174,50367869#2,30673346,24,41.09635234466292,16.861941330534812,41.09637137649532,16.8615997833262,41.09289989869124,16.857979997773366,41.0924620240455,16.857540225068156,0.9426552817226395,0.03927730340510997,2.4333909617738074,0.016140975298305122,45.0,0.0
0_2175,50367869#2,30674315#11,12,41.09635234466292,16.861941330534812,41.09637137649532,16.8615997833262,41.09762167433529,16.86078183182401,41.0975908593457,16.860854905020272,0.6039011980818567,0.05032509984015472,2.4333909617738074,0.020681058091655977,45.0,0.0
0_2176,50367869#2,30674315#8,24,41.09635234466292,16.861941330534812,41.09637137649532,16.8615997833262,41.09783406893447,16.85935956518292,41.09781757948696,16.860074005211207,0.990033799964774,0.04125140833186558,2.4333909617738074,0.016952232082671822,45.0,0.0
0_2177,50367869#2,30674315#9,25,41.09635234466292,16.861941330534812,41.09637137649532,16.8615997833262,41.09781757948696,16.860074005211207,41.09773009884011,16.860532461562137,0.8962674765461114,0.03585069906184445,2.4333909617738074,0.014732815081926365,45.0,0.0
0_2178,50367869#2,30674359#4,14,41.09635234466292,16.861941330534812,41.09637137649532,16.8615997833262,41.09788351207976,16.86008527251128,41.097886790174485,16.85993247707892,0.8569504435225863,0.06121074596589902,2.4333909617738074,0.02515450534971979,45.0,0.0
0_2179,50367869#2,30674359#5,15,41.09635234466292,16.861941330534812,41.09637137649532,16.8615997833262,41.097886790174485,16.85993247707892,41.097887056561405,16.859358083149928,0.892639010845957,0.05950926738973047,2.4333909617738074,0.02445528413829215,45.0,0.0
0_2180,50367869#2,30674385#2,9,41.09635234466292,16.861941330534812,41.09637137649532,16.8615997833262,41.09752079197923,16.86113857805688,41.097541272342,16.861158803055236,0.6408562202083556,0.07120624668981729,2.4333909617738074,0.029262148092270332,45.0,0.0
0_2181,50367869#2,30674948,19,41.09635234466292,16.861941330534812,41.09637137649532,16.8615997833262,41.09346290764322,16.859512259912492,41.0937563740557,16.85923859402608,0.6735604510379309,0.035450550054627945,2.4333909617738074,0.014568374178881002,45.0,0.0
0_2182,50367869#2,30675059#0,9,41.09635234466292,16.861941330534812,41.09637137649532,16.8615997833262,41.09575898407665,16.861403291409037,41.09556026737646,16.861799770540163,0.7646009147823614,0.08495565719804014,2.4333909617738074,0.03491245695106559,45.0,0.0
0_2183,50367869#2,30675059#1,10,41.09635234466292,16.861941330534812,41.09637137649532,16.8615997833262,41.09556026737646,16.861799770540163,41.09428507077666,16.861822930016572,0.9682489175070521,0.09682489175070522,2.4333909617738074,0.039790109058400226,45.0,0.0
0_2184,50367869#2,33831688,27,41.09635234466292,16.861941330534812,41.09637137649532,16.8615997833262,41.09717022441964,16.862141610446756,41.09717150257013,16.862346685598727,0.5604291663395289,0.02075663579035292,2.4333909617738074,0.008529922283931917,45.0,0.0
0_2185,50367869#2,48563895#1,31,41.09635234466292,16.861941330534812,41.09637137649532,16.8615997833262,41.094497059549575,16.854662484304253,41.09459493177244,16.85467607291383,0.9468160377628878,0.030542452831060895,2.4333909617738074,0.01255139569056225,45.0,0.0
0_2186,50367869#2,48563902#0,16,41.09635234466292,16.861941330534812,41.09637137649532,16.8615997833262,41.093159424293006,16.861119861413044,41.092910609638544,16.861550868324073,0.6177148285412308,0.03860717678382693,2.4333909617738074,0.015865587318399682,45.0,0.0
0_2187,50367869#2,48874527#2,19,41.09635234466292,16.861941330534812,41.09637137649532,16.8615997833262,41.094611131446,16.86076995428607,41.09433377805168,16.860614722600705,0.7042051553627029,0.03706342922961594,2.4333909617738074,0.01523118553978632,45.0,0.0
0_2188,50367869#2,50077954,19,41.09635234466292,16.861941330534812,41.09637137649532,16.8615997833262,41.094481033476846,16.855484180652265,41.09590934506375,16.85589778274809,0.7130177790294311,0.03752725152786479,2.4333909617738074,0.015421792929036565,45.0,0.0
0_2189,50367869#2,96606465,17,41.09635234466292,16.861941330534812,41.09637137649532,16.8615997833262,41.09320904205983,16.86036794969964,41.093226008438016,16.859824905081403,0.5679814778639918,0.03341067516847011,2.4333909617738074,0.013730089284179625,45.0,0.0
0_2190,50370694#0,-131752097#1,27,41.09389978504193,16.86089441913475,41.09390877175432,16.860555577386883,41.09628587040379,16.863506396736675,41.09627339570725,16.863759660301465,0.9428892309757948,0.03492182336947388,2.2730910511020714,0.015363143219688713,45.0,0.0
0_2191,50370694#0,-25654991#0,15,41.09389978504193,16.86089441913475,41.09390877175432,16.860555577386883,41.09267829914716,16.854073630954087,41.09207574955028,16.85389154719994,0.6361888060363676,0.04241258706909117,2.2730910511020714,0.01865855177623796,45.0,0.0
0_2192,50370694#0,-33831688,34,41.09389978504193,16.86089441913475,41.09390877175432,16.860555577386883,41.09717150257013,16.862346685598727,41.09717022441964,16.862141610446756,0.5499217625437522,0.016174169486580948,2.2730910511020714,0.007115495650180472,45.0,0.0
0_2193,50370694#0,-48874524,27,41.09389978504193,16.86089441913475,41.09390877175432,16.860555577386883,41.09782874807601,16.858422322289133,41.09720965467912,16.86010828803053,0.8217376389463755,0.030434727368384276,2.2730910511020714,0.013389136943559076,45.0,0.0
0_2194,50370694#0,-50077954,20,41.09389978504193,16.86089441913475,41.09390877175432,16.860555577386883,41.09590934506375,16.85589778274809,41.094481033476846,16.855484180652265,0.9082878252771203,0.04541439126385602,2.2730910511020714,0.01997913424622282,45.0,0.0
0_2195,50370694#0,-50370694#0,4,41.09389978504193,16.86089441913475,41.09390877175432,16.860555577386883,41.09390877175432,16.860555577386883,41.09389978504193,16.86089441913475,0.7688732748170188,0.1922183187042547,2.2730910511020714,0.08456252494199946,45.0,0.0
0_2196,50370694#0,114953453#6,12,41.09389978504193,16.86089441913475,41.09390877175432,16.860555577386883,41.09289989869124,16.857979997773366,41.09252833667128,16.85806965698529,0.9982393853268748,0.08318661544390624,2.2730910511020714,0.03659625310810781,45.0,0.0
0_2197,50370694#0,1223050325#0,17,41.09389978504193,16.86089441913475,41.09390877175432,16.860555577386883,41.09575898407665,16.861403291409037,41.09578940828096,16.861627521735652,0.7589293516879321,0.04464290304046659,2.2730910511020714,0.019639733753217762,45.0,0.0
0_2198,50370694#0,1223050326,16,41.09389978504193,16.86089441913475,41.09390877175432,16.860555577386883,41.09577203818025,16.86132567064774,41.09575898407665,16.861403291409037,0.8948930121228205,0.05593081325767628,2.2730910511020714,0.024605619396794128,45.0,0.0
0_2199,50370694#0,1226960836#1,17,41.09389978504193,16.86089441913475,41.09390877175432,16.860555577386883,41.09326327598272,16.856459442663375,41.09325705252129,16.85653261037847,0.5040579305443336,0.029650466502607855,2.2730910511020714,0.013044117387304969,45.0,0.0
0_2200,50370694#0,131750844#7,20,41.09389978504193,16.86089441913475,41.09390877175432,16.860555577386883,41.09588692434208,16.86204201283392,41.096023183819085,16.86206015013157,0.5165340905548121,0.025826704527740607,2.2730910511020714,0.011361931373236874,45.0,0.0
0_2201,50370694#0,131750844#8,21,41.09389978504193,16.86089441913475,41.09390877175432,16.860555577386883,41.096023183819085,16.86206015013157,41.09607053280287,16.862073156374553,0.7097422864626486,0.0337972517363166,2.2730910511020714,0.014868410889185696,45.0,0.0
0_2202,50370694#0,131750844#9,22,41.09389978504193,16.86089441913475,41.09390877175432,16.860555577386883,41.09607053280287,16.862073156374553,41.09624619327664,16.862345189534487,0.9911426484341166,0.04505193856518712,2.2730910511020714,0.01981968058135833,45.0,0.0
0_2203,50370694#0,131750850#0,22,41.09389978504193,16.86089441913475,41.09390877175432,16.860555577386883,41.09406666971318,16.861809974981103,41.09374076152227,16.861733142040123,0.7697743534073038,0.034989743336695626,2.2730910511020714,0.015393023222598766,45.0,0.0
0_2204,50370694#0,131750853#0,19,41.09389978504193,16.86089441913475,41.09390877175432,16.860555577386883,41.09428507077666,16.861822930016572,41.094248634240174,16.861820234016683,0.8536727947872786,0.04493014709406729,2.2730910511020714,0.019766100910160917,45.0,0.0
0_2205,50370694#0,131750853#2,21,41.09389978504193,16.86089441913475,41.09390877175432,16.860555577386883,41.09422326217536,16.861818445841735,41.09406666971318,16.861809974981103,0.8233021343389242,0.039204863539948766,2.2730910511020714,0.01724737929918862,45.0,0.0
0_2206,50370694#0,131752095#2,15,41.09389978504193,16.86089441913475,41.09390877175432,16.860555577386883,41.09606913880409,16.857384087393385,41.09607773810893,16.85711333011326,0.8903804590363407,0.05935869726908938,2.2730910511020714,0.0261136469831731,45.0,0.0
0_2207,50370694#0,25817423#3,8,41.09389978504193,16.86089441913475,41.09390877175432,16.860555577386883,41.093433790346566,16.855687830843742,41.09352569242476,16.85465158647345,0.9936161635614285,0.12420202044517856,2.2730910511020714,0.05464014315878865,45.0,0.0
0_2208,50370694#0,25817735#2,40,41.09389978504193,16.86089441913475,41.09390877175432,16.860555577386883,41.09257525037648,16.866055037799217,41.08991586912939,16.865878687144406,0.9905894180206327,0.02476473545051582,2.2730910511020714,0.010894739759108653,45.0,0.0
0_2209,50370694#0,25819014#1,21,41.09389978504193,16.86089441913475,41.09390877175432,16.860555577386883,41.09637979984023,16.861535604961926,41.096390396588056,16.86145398483175,0.9062022221088057,0.04315248676708599,2.2730910511020714,0.01898405554241402,45.0,0.0
0_2210,50370694#0,25819014#2,22,41.09389978504193,16.86089441913475,41.09390877175432,16.860555577386883,41.096390396588056,16.86145398483175,41.09617566373433,16.86105237527639,0.548358697057574,0.024925395320798818,2.2730910511020714,0.010965418788972022,45.0,0.0
0_2211,50370694#0,25819177#2,12,41.09389978504193,16.86089441913475,41.09390877175432,16.860555577386883,41.09333584930795,16.855672929401177,41.09331846638719,16.855846153569416,0.8433353791379162,0.07027794826149301,2.2730910511020714,0.030917348527424754,45.0,0.0
0_2212,50370694#0,25819177#3,13,41.09389978504193,16.86089441913475,41.09390877175432,16.860555577386883,41.09331846638719,16.855846153569416,41.09330344191395,16.855984796607544,0.621037757213883,0.04777213517029869,2.2730910511020714,0.021016375541638398,45.0,0.0
0_2213,50370694#0,25819177#5,15,41.09389978504193,16.86089441913475,41.09390877175432,16.860555577386883,41.09328897220411,16.85615607855325,41.093276282258536,16.856306336332803,0.7293691252442269,0.04862460834961513,2.2730910511020714,0.021391403712596676,45.0,0.0
0_2214,50370694#0,28279138#5,23,41.09389978504193,16.86089441913475,41.09390877175432,16.860555577386883,41.09309962997091,16.8641768999245,41.09122003932151,16.863954806076606,0.5804370662787731,0.025236394186033614,2.2730910511020714,0.011102236390310083,45.0,0.0
0_2215,50370694#0,28921528#2,20,41.09389978504193,16.86089441913475,41.09390877175432,16.860555577386883,41.09590934506375,16.85589778274809,41.09589464404242,16.856597607978603,0.5338826486559829,0.026694132432799146,2.2730910511020714,0.011743538570466382,45.0,0.0
0_2216,50370694#0,28921528#8,13,41.09389978504193,16.86089441913475,41.09390877175432,16.860555577386883,41.095864883749904,16.858939789299576,41.09579879841287,16.860483307032734,0.8514558045794474,0.06549660035226519,2.2730910511020714,0.028813892131822096,45.0,0.0
0_2217,50370694#0,30672980#0,12,41.09389978504193,16.86089441913475,41.09390877175432,16.860555577386883,41.09410258065408,16.854547680343014,41.0940220774019,16.854495884667088,0.592409467420874,0.049367455618406164,2.2730910511020714,0.021718204202366267,45.0,0.0
0_2218,50370694#0,30672980#6,15,41.09389978504193,16.86089441913475,41.09390877175432,16.860555577386883,41.09290701188394,16.85345153155061,41.09274366748828,16.853398004520955,0.8887415304981368,0.05924943536654245,2.2730910511020714,0.026065579439862877,45.0,0.0
0_2219,50370694#0,30673346,12,41.09389978504193,16.86089441913475,41.09390877175432,16.860555577386883,41.09289989869124,16.857979997773366,41.0924620240455,16.857540225068156,0.5489281864519451,0.04574401553766209,2.2730910511020714,0.020124145715801327,45.0,0.0
0_2220,50370694#0,30674315#11,30,41.09389978504193,16.86089441913475,41.09390877175432,16.860555577386883,41.09762167433529,16.86078183182401,41.0975908593457,16.860854905020272,0.5542398460333993,0.018474661534446643,2.2730910511020714,0.008127550159281786,45.0,0.0
0_2221,50370694#0,30674315#8,28,41.09389978504193,16.86089441913475,41.09390877175432,16.860555577386883,41.09783406893447,16.85935956518292,41.09781757948696,16.860074005211207,0.5870024182907014,0.020964372081810765,2.2730910511020714,0.009222847484110471,45.0,0.0
0_2222,50370694#0,30674315#9,29,41.09389978504193,16.86089441913475,41.09390877175432,16.860555577386883,41.09781757948696,16.860074005211207,41.09773009884011,16.860532461562137,0.98498006626938,0.03396482987135793,2.2730910511020714,0.014942133468384662,45.0,0.0
0_2223,50370694#0,30674359#4,32,41.09389978504193,16.86089441913475,41.09390877175432,16.860555577386883,41.09788351207976,16.86008527251128,41.097886790174485,16.85993247707892,0.8736202172576649,0.02730063178930203,2.2730910511020714,0.0120103555799341,45.0,0.0
0_2224,50370694#0,30674359#5,33,41.09389978504193,16.86089441913475,41.09390877175432,16.860555577386883,41.097886790174485,16.85993247707892,41.097887056561405,16.859358083149928,0.5075159746501657,0.015379271959095931,2.2730910511020714,0.0067657967117681185,45.0,0.0
0_2225,50370694#0,30674385#2,27,41.09389978504193,16.86089441913475,41.09390877175432,16.860555577386883,41.09752079197923,16.86113857805688,41.097541272342,16.861158803055236,0.5564250547464817,0.020608335360980803,2.2730910511020714,0.009066216397706191,45.0,0.0
0_2226,50370694#0,30674948,5,41.09389978504193,16.86089441913475,41.09390877175432,16.860555577386883,41.09346290764322,16.859512259912492,41.0937563740557,16.85923859402608,0.9296022328179743,0.18592044656359485,2.2730910511020714,0.08179190467247423,45.0,0.0
0_2227,50370694#0,30675059#0,17,41.09389978504193,16.86089441913475,41.09390877175432,16.860555577386883,41.09575898407665,16.861403291409037,41.09556026737646,16.861799770540163,0.8134716143114433,0.0478512714300849,2.2730910511020714,0.021051189923467863,45.0,0.0
0_2228,50370694#0,30675059#1,18,41.09389978504193,16.86089441913475,41.09390877175432,16.860555577386883,41.09556026737646,16.861799770540163,41.09428507077666,16.861822930016572,0.585329680485389,0.03251831558252161,2.2730910511020714,0.0143057690393685,45.0,0.0
0_2229,50370694#0,33831688,35,41.09389978504193,16.86089441913475,41.09390877175432,16.860555577386883,41.09717022441964,16.862141610446756,41.09717150257013,16.862346685598727,0.9603115239480872,0.02743747211280249,2.2730910511020714,0.012070555686495654,45.0,0.0
0_2230,50370694#0,48563895#1,14,41.09389978504193,16.86089441913475,41.09390877175432,16.860555577386883,41.094497059549575,16.854662484304253,41.09459493177244,16.85467607291383,0.7315707645447298,0.05225505461033784,2.2730910511020714,0.022988544425003487,45.0,0.0
0_2231,50370694#0,48563902#0,21,41.09389978504193,16.86089441913475,41.09390877175432,16.860555577386883,41.093159424293006,16.861119861413044,41.092910609638544,16.861550868324073,0.8265265514577651,0.03935840721227453,2.2730910511020714,0.01731492770304658,45.0,0.0
0_2232,50370694#0,48874527#2,17,41.09389978504193,16.86089441913475,41.09390877175432,16.860555577386883,41.094611131446,16.86076995428607,41.09433377805168,16.860614722600705,0.5811510170605658,0.034185353944739164,2.2730910511020714,0.015039148532200217,45.0,0.0
0_2233,50370694#0,50077954,21,41.09389978504193,16.86089441913475,41.09390877175432,16.860555577386883,41.094481033476846,16.855484180652265,41.09590934506375,16.85589778274809,0.6948562107868221,0.03308839098984867,2.2730910511020714,0.014556562076035758,45.0,0.0
0_2234,50370694#0,96606465,3,41.09389978504193,16.86089441913475,41.09390877175432,16.860555577386883,41.09320904205983,16.86036794969964,41.093226008438016,16.859824905081403,0.5103921336745051,0.17013071122483503,2.2730910511020714,0.07484553297693461,45.0,0.0
0_2235,50835386#2,-131752097#1,8,41.09306758362873,16.865583197526423,41.09308146146672,16.866222243461014,41.09628587040379,16.863506396736675,41.09627339570725,16.863759660301465,0.6382559427654693,0.07978199284568366,2.2237160465795833,0.0358777789854962,45.0,0.0
0_2236,50835386#2,-25654991#0,20,41.09306758362873,16.865583197526423,41.09308146146672,16.866222243461014,41.09267829914716,16.854073630954087,41.09207574955028,16.85389154719994,0.809754835881451,0.04048774179407255,2.2237160465795833,0.0182072445159304,45.0,0.0
0_2237,50835386#2,-33831688,15,41.09306758362873,16.865583197526423,41.09308146146672,16.866222243461014,41.09717150257013,16.862346685598727,41.09717022441964,16.862141610446756,0.5933117032838743,0.03955411355225828,2.2237160465795833,0.017787394039404707,45.0,0.0
0_2238,50835386#2,-48874524,39,41.09306758362873,16.865583197526423,41.09308146146672,16.866222243461014,41.09782874807601,16.858422322289133,41.09720965467912,16.86010828803053,0.5578340053713744,0.014303436035163446,2.2237160465795833,0.0064322223411412294,45.0,0.0
0_2239,50835386#2,-50077954,25,41.09306758362873,16.865583197526423,41.09308146146672,16.866222243461014,41.09590934506375,16.85589778274809,41.094481033476846,16.855484180652265,0.764399045859234,0.03057596183436936,2.2237160465795833,0.01374993982770412,45.0,0.0
0_2240,50835386#2,-50370694#0,9,41.09306758362873,16.865583197526423,41.09308146146672,16.866222243461014,41.09390877175432,16.860555577386883,41.09389978504193,16.86089441913475,0.9590961138093466,0.10656623486770517,2.2237160465795833,0.04792259112021987,45.0,0.0
0_2241,50835386#2,114953453#6,17,41.09306758362873,16.865583197526423,41.09308146146672,16.866222243461014,41.09289989869124,16.857979997773366,41.09252833667128,16.85806965698529,0.5864027984953006,0.03449428226442945,2.2237160465795833,0.015511999527766576,45.0,0.0
0_2242,50835386#2,1223050325#0,25,41.09306758362873,16.865583197526423,41.09308146146672,16.866222243461014,41.09575898407665,16.861403291409037,41.09578940828096,16.861627521735652,0.7098980581495574,0.028395922325982297,2.2237160465795833,0.012769581066638246,45.0,0.0
0_2243,50835386#2,1223050326,24,41.09306758362873,16.865583197526423,41.09308146146672,16.866222243461014,41.09577203818025,16.86132567064774,41.09575898407665,16.861403291409037,0.6368085800934786,0.026533690837228275,2.2237160465795833,0.011932139842243422,45.0,0.0
0_2244,50835386#2,1226960836#1,22,41.09306758362873,16.865583197526423,41.09308146146672,16.866222243461014,41.09326327598272,16.856459442663375,41.09325705252129,16.85653261037847,0.8902263949613491,0.04046483613460678,2.2237160465795833,0.018196943893465135,45.0,0.0
0_2245,50835386#2,131750844#7,14,41.09306758362873,16.865583197526423,41.09308146146672,16.866222243461014,41.09588692434208,16.86204201283392,41.096023183819085,16.86206015013157,0.9220672465199997,0.06586194617999998,2.2237160465795833,0.02961796596346272,45.0,0.0
0_2246,50835386#2,131750844#8,15,41.09306758362873,16.865583197526423,41.09308146146672,16.866222243461014,41.096023183819085,16.86206015013157,41.09607053280287,16.862073156374553,0.9106838961142536,0.060712259740950236,2.2237160465795833,0.027302163796647964,45.0,0.0
0_2247,50835386#2,131750844#9,16,41.09306758362873,16.865583197526423,41.09308146146672,16.866222243461014,41.09607053280287,16.862073156374553,41.09624619327664,16.862345189534487,0.9787245279037626,0.061170282993985164,2.2237160465795833,0.02750813580181447,45.0,0.0
0_2248,50835386#2,131750850#0,30,41.09306758362873,16.865583197526423,41.09308146146672,16.866222243461014,41.09406666971318,16.861809974981103,41.09374076152227,16.861733142040123,0.5536848587497519,0.018456161958325064,2.2237160465795833,0.008299693653204272,45.0,0.0
0_2249,50835386#2,131750853#0,27,41.09306758362873,16.865583197526423,41.09308146146672,16.866222243461014,41.09428507077666,16.861822930016572,41.094248634240174,16.861820234016683,0.5230335794100146,0.019371614052222763,2.2237160465795833,0.008711370357748363,45.0,0.0
0_2250,50835386#2,131750853#2,29,41.09306758362873,16.865583197526423,41.09308146146672,16.866222243461014,41.09422326217536,16.861818445841735,41.09406666971318,16.861809974981103,0.6098512086154735,0.021029352021223222,2.2237160465795833,0.009456851315872632,45.0,0.0
0_2251,50835386#2,131752095#2,20,41.09306758362873,16.865583197526423,41.09308146146672,16.866222243461014,41.09606913880409,16.857384087393385,41.09607773810893,16.85711333011326,0.7560006305518239,0.0378000315275912,2.2237160465795833,0.016998587380674546,45.0,0.0
0_2252,50835386#2,25817423#3,13,41.09306758362873,16.865583197526423,41.09308146146672,16.866222243461014,41.093433790346566,16.855687830843742,41.09352569242476,16.85465158647345,0.7069192611499024,0.05437840470383865,2.2237160465795833,0.024453843730399386,45.0,0.0
0_2253,50835386#2,25817735#2,3,41.09306758362873,16.865583197526423,41.09308146146672,16.866222243461014,41.09257525037648,16.866055037799217,41.08991586912939,16.865878687144406,0.6748234724021309,0.22494115746737697,2.2237160465795833,0.10115552199813056,45.0,0.0
0_2254,50835386#2,25819014#1,19,41.09306758362873,16.865583197526423,41.09308146146672,16.866222243461014,41.09637979984023,16.861535604961926,41.096390396588056,16.86145398483175,0.7490540047584721,0.039423894987288,2.2237160465795833,0.017728835049748374,45.0,0.0
0_2255,50835386#2,25819014#2,20,41.09306758362873,16.865583197526423,41.09308146146672,16.866222243461014,41.096390396588056,16.86145398483175,41.09617566373433,16.86105237527639,0.6394779333433824,0.03197389666716912,2.2237160465795833,0.014378587912044742,45.0,0.0
0_2256,50835386#2,25819177#2,17,41.09306758362873,16.865583197526423,41.09308146146672,16.866222243461014,41.09333584930795,16.855672929401177,41.09331846638719,16.855846153569416,0.7576565032450426,0.044568029602649564,2.2237160465795833,0.020042140574198775,45.0,0.0
0_2257,50835386#2,25819177#3,18,41.09306758362873,16.865583197526423,41.09308146146672,16.866222243461014,41.09331846638719,16.855846153569416,41.09330344191395,16.855984796607544,0.9974695738861128,0.05541497632700626,2.2237160465795833,0.024919987609138765,45.0,0.0
0_2258,50835386#2,25819177#5,20,41.09306758362873,16.865583197526423,41.09308146146672,16.866222243461014,41.09328897220411,16.85615607855325,41.093276282258536,16.856306336332803,0.5047007951437734,0.025235039757188674,2.2237160465795833,0.011348139433541453,45.0,0.0
0_2259,50835386#2,28279138#5,4,41.09306758362873,16.865583197526423,41.09308146146672,16.866222243461014,41.09309962997091,16.8641768999245,41.09122003932151,16.863954806076606,0.7657635337376512,0.1914408834344128,2.2237160465795833,0.08609052568958984,45.0,0.0
0_2260,50835386#2,28921528#2,25,41.09306758362873,16.865583197526423,41.09308146146672,16.866222243461014,41.09590934506375,16.85589778274809,41.09589464404242,16.856597607978603,0.7528675475923787,0.03011470190369515,2.2237160465795833,0.013542512296035362,45.0,0.0
0_2261,50835386#2,28921528#8,18,41.09306758362873,16.865583197526423,41.09308146146672,16.866222243461014,41.095864883749904,16.858939789299576,41.09579879841287,16.860483307032734,0.5740171750921907,0.03188984306067726,2.2237160465795833,0.014340789198211138,45.0,0.0
0_2262,50835386#2,30672980#0,17,41.09306758362873,16.865583197526423,41.09308146146672,16.866222243461014,41.09410258065408,16.854547680343014,41.0940220774019,16.854495884667088,0.7668038051509707,0.045106106185351214,2.2237160465795833,0.02028411237789615,45.0,0.0
0_2263,50835386#2,30672980#6,20,41.09306758362873,16.865583197526423,41.09308146146672,16.866222243461014,41.09290701188394,16.85345153155061,41.09274366748828,16.853398004520955,0.6923114013615393,0.034615570068076966,2.2237160465795833,0.015566542374563078,45.0,0.0
0_2264,50835386#2,30673346,17,41.09306758362873,16.865583197526423,41.09308146146672,16.866222243461014,41.09289989869124,16.857979997773366,41.0924620240455,16.857540225068156,0.6198849749525035,0.03646382205602962,2.2237160465795833,0.01639769704954757,45.0,0.0
0_2265,50835386#2,30674315#11,28,41.09306758362873,16.865583197526423,41.09308146146672,16.866222243461014,41.09762167433529,16.86078183182401,41.0975908593457,16.860854905020272,0.6513931818864568,0.0232640422102306,2.2237160465795833,0.010461786362523338,45.0,0.0
0_2266,50835386#2,30674315#8,40,41.09306758362873,16.865583197526423,41.09308146146672,16.866222243461014,41.09783406893447,16.85935956518292,41.09781757948696,16.860074005211207,0.8151621732180929,0.020379054330452326,2.2237160465795833,0.009164413937561155,45.0,0.0
0_2267,50835386#2,30674315#9,41,41.09306758362873,16.865583197526423,41.09308146146672,16.866222243461014,41.09781757948696,16.860074005211207,41.09773009884011,16.860532461562137,0.5435792693731688,0.013258030960321191,2.2237160465795833,0.00596210607946733,45.0,0.0
0_2268,50835386#2,30674359#4,30,41.09306758362873,16.865583197526423,41.09308146146672,16.866222243461014,41.09788351207976,16.86008527251128,41.097886790174485,16.85993247707892,0.6699624991599485,0.022332083305331617,2.2237160465795833,0.010042686582975281,45.0,0.0
0_2269,50835386#2,30674359#5,31,41.09306758362873,16.865583197526423,41.09308146146672,16.866222243461014,41.097886790174485,16.85993247707892,41.097887056561405,16.859358083149928,0.6575227502956915,0.021210411299861016,2.2237160465795833,0.009538273257723658,45.0,0.0
0_2270,50835386#2,30674385#2,25,41.09306758362873,16.865583197526423,41.09308146146672,16.866222243461014,41.09752079197923,16.86113857805688,41.097541272342,16.861158803055236,0.9002763722627911,0.036011054890511644,2.2237160465795833,0.016194088694868294,45.0,0.0
0_2271,50835386#2,30674948,10,41.09306758362873,16.865583197526423,41.09308146146672,16.866222243461014,41.09346290764322,16.859512259912492,41.0937563740557,16.85923859402608,0.7736648693782816,0.07736648693782816,2.2237160465795833,0.03479153152527262,45.0,0.0
0_2272,50835386#2,30675059#0,25,41.09306758362873,16.865583197526423,41.09308146146672,16.866222243461014,41.09575898407665,16.861403291409037,41.09556026737646,16.861799770540163,0.720429965078689,0.02881719860314756,2.2237160465795833,0.012959028041135393,45.0,0.0
0_2273,50835386#2,30675059#1,26,41.09306758362873,16.865583197526423,41.09308146146672,16.866222243461014,41.09556026737646,16.861799770540163,41.09428507077666,16.861822930016572,0.7343418778121297,0.028243918377389605,2.2237160465795833,0.012701225239991,45.0,0.0
0_2274,50835386#2,33831688,16,41.09306758362873,16.865583197526423,41.09308146146672,16.866222243461014,41.09717022441964,16.862141610446756,41.09717150257013,16.862346685598727,0.6202206651227087,0.03876379157016929,2.2237160465795833,0.017431988058814414,45.0,0.0
0_2275,50835386#2,48563895#1,19,41.09306758362873,16.865583197526423,41.09308146146672,16.866222243461014,41.094497059549575,16.854662484304253,41.09459493177244,16.85467607291383,0.7716313015322376,0.040612173764854605,2.2237160465795833,0.018263201287467598,45.0,0.0
0_2276,50835386#2,48563902#0,7,41.09306758362873,16.865583197526423,41.09308146146672,16.866222243461014,41.093159424293006,16.861119861413044,41.092910609638544,16.861550868324073,0.8758854613075798,0.1251264944725114,2.2237160465795833,0.05626909724601536,45.0,0.0
0_2277,50835386#2,48874527#2,22,41.09306758362873,16.865583197526423,41.09308146146672,16.866222243461014,41.094611131446,16.86076995428607,41.09433377805168,16.860614722600705,0.8065891892842256,0.036663144967464804,2.2237160465795833,0.016487332105130217,45.0,0.0
0_2278,50835386#2,50077954,26,41.09306758362873,16.865583197526423,41.09308146146672,16.866222243461014,41.094481033476846,16.855484180652265,41.09590934506375,16.85589778274809,0.7547211132045639,0.02902773512325246,2.2237160465795833,0.013053705830787871,45.0,0.0
0_2279,50835386#2,96606465,8,41.09306758362873,16.865583197526423,41.09308146146672,16.866222243461014,41.09320904205983,16.86036794969964,41.093226008438016,16.859824905081403,0.8921139086376009,0.11151423857970011,2.2237160465795833,0.05014769702778649,45.0,0.0
0_2280,51034170,-131752097#1,35,41.09274366748828,16.853398004520955,41.09267829914716,16.854073630954087,41.09628587040379,16.863506396736675,41.09627339570725,16.863759660301465,0.7642955667885697,0.021837016193959134,2.2513858737678625,0.00969936626519436,45.0,0.0
0_2281,51034170,-25654991#0,2,41.09274366748828,16.853398004520955,41.09267829914716,16.854073630954087,41.09267829914716,16.854073630954087,41.09207574955028,16.85389154719994,0.9967269138004085,0.4983634569002042,2.2513858737678625,0.2213585253007543,45.0,0.0
0_2282,51034170,-33831688,42,41.09274366748828,16.853398004520955,41.09267829914716,16.854073630954087,41.09717150257013,16.862346685598727,41.09717022441964,16.862141610446756,0.8135021175159562,0.019369098036094195,2.2513858737678625,0.008603188934324511,45.0,0.0
0_2283,51034170,-48874524,24,41.09274366748828,16.853398004520955,41.09267829914716,16.854073630954087,41.09782874807601,16.858422322289133,41.09720965467912,16.86010828803053,0.5002808069678892,0.02084503362366205,2.2513858737678625,0.0092587565137274,45.0,0.0
0_2284,51034170,-50077954,16,41.09274366748828,16.853398004520955,41.09267829914716,16.854073630954087,41.09590934506375,16.85589778274809,41.094481033476846,16.855484180652265,0.6207687328028768,0.0387980458001798,2.2513858737678625,0.017232961373808555,45.0,0.0
0_2285,51034170,-50370694#0,20,41.09274366748828,16.853398004520955,41.09267829914716,16.854073630954087,41.09390877175432,16.860555577386883,41.09389978504193,16.86089441913475,0.98464292114643,0.049232146057321506,2.2513858737678625,0.021867484659538985,45.0,0.0
0_2286,51034170,114953453#6,27,41.09274366748828,16.853398004520955,41.09267829914716,16.854073630954087,41.09289989869124,16.857979997773366,41.09252833667128,16.85806965698529,0.7848065930571678,0.029066910853969178,2.2513858737678625,0.012910674794864699,45.0,0.0
0_2287,51034170,1223050325#0,25,41.09274366748828,16.853398004520955,41.09267829914716,16.854073630954087,41.09575898407665,16.861403291409037,41.09578940828096,16.861627521735652,0.9029398660126489,0.03611759464050596,2.2513858737678625,0.016042383076722632,45.0,0.0
0_2288,51034170,1223050326,24,41.09274366748828,16.853398004520955,41.09267829914716,16.854073630954087,41.09577203818025,16.86132567064774,41.09575898407665,16.861403291409037,0.634861723257973,0.026452571802415538,2.2513858737678625,0.011749461569706477,45.0,0.0
0_2289,51034170,1226960836#1,14,41.09274366748828,16.853398004520955,41.09267829914716,16.854073630954087,41.09326327598272,16.856459442663375,41.09325705252129,16.85653261037847,0.8026356497014674,0.057331117835819095,2.2513858737678625,0.02546481192043334,45.0,0.0
0_2290,51034170,131750844#7,28,41.09274366748828,16.853398004520955,41.09267829914716,16.854073630954087,41.09588692434208,16.86204201283392,41.096023183819085,16.86206015013157,0.662188257001014,0.02364958060717907,2.2513858737678625,0.010504454559626304,45.0,0.0
0_2291,51034170,131750844#8,29,41.09274366748828,16.853398004520955,41.09267829914716,16.854073630954087,41.096023183819085,16.86206015013157,41.09607053280287,16.862073156374553,0.7931840860173136,0.027351175379907364,2.2513858737678625,0.012148595093622547,45.0,0.0
0_2292,51034170,131750844#9,30,41.09274366748828,16.853398004520955,41.09267829914716,16.854073630954087,41.09607053280287,16.862073156374553,41.09624619327664,16.862345189534487,0.6433471641828525,0.02144490547276175,2.2513858737678625,0.009525202108900194,45.0,0.0
0_2293,51034170,131750850#0,30,41.09274366748828,16.853398004520955,41.09267829914716,16.854073630954087,41.09406666971318,16.861809974981103,41.09374076152227,16.861733142040123,0.5261898021437746,0.017539660071459153,2.2513858737678625,0.007790605900047344,45.0,0.0
0_2294,51034170,131750853#0,27,41.09274366748828,16.853398004520955,41.09267829914716,16.854073630954087,41.09428507077666,16.861822930016572,41.094248634240174,16.861820234016683,0.9675011329906011,0.03583337529594819,2.2513858737678625,0.01591614112598937,45.0,0.0
0_2295,51034170,131750853#2,29,41.09274366748828,16.853398004520955,41.09267829914716,16.854073630954087,41.09422326217536,16.861818445841735,41.09406666971318,16.861809974981103,0.775137718730593,0.02672888685277907,2.2513858737678625,0.011872192663288893,45.0,0.0
0_2296,51034170,131752095#2,23,41.09274366748828,16.853398004520955,41.09267829914716,16.854073630954087,41.09606913880409,16.857384087393385,41.09607773810893,16.85711333011326,0.9098425171141499,0.039558370309310864,2.2513858737678625,0.017570675364995063,45.0,0.0
0_2297,51034170,25817423#3,25,41.09274366748828,16.853398004520955,41.09267829914716,16.854073630954087,41.093433790346566,16.855687830843742,41.09352569242476,16.85465158647345,0.6051333847749574,0.024205335390998294,2.2513858737678625,0.010751304639967763,45.0,0.0
0_2298,51034170,25817735#2,23,41.09274366748828,16.853398004520955,41.09267829914716,16.854073630954087,41.09257525037648,16.866055037799217,41.08991586912939,16.865878687144406,0.6923299228373099,0.030101300992926516,2.2513858737678625,0.013370120752578828,45.0,0.0
0_2299,51034170,25819014#1,29,41.09274366748828,16.853398004520955,41.09267829914716,16.854073630954087,41.09637979984023,16.861535604961926,41.096390396588056,16.86145398483175,0.5076982105869718,0.017506834847826613,2.2513858737678625,0.007776025892233043,45.0,0.0
0_2300,51034170,25819014#2,30,41.09274366748828,16.853398004520955,41.09267829914716,16.854073630954087,41.096390396588056,16.86145398483175,41.09617566373433,16.86105237527639,0.9941739505123375,0.033139131683744584,2.2513858737678625,0.014719436623400223,45.0,0.0
0_2301,51034170,25819177#2,9,41.09274366748828,16.853398004520955,41.09267829914716,16.854073630954087,41.09333584930795,16.855672929401177,41.09331846638719,16.855846153569416,0.5741191514632913,0.06379101682925459,2.2513858737678625,0.0283341108125972,45.0,0.0
0_2302,51034170,25819177#3,10,41.09274366748828,16.853398004520955,41.09267829914716,16.854073630954087,41.09331846638719,16.855846153569416,41.09330344191395,16.855984796607544,0.9224872823218017,0.09224872823218017,2.2513858737678625,0.04097419696331088,45.0,0.0
0_2303,51034170,25819177#5,12,41.09274366748828,16.853398004520955,41.09267829914716,16.854073630954087,41.09328897220411,16.85615607855325,41.093276282258536,16.856306336332803,0.5461673691383135,0.04551394742819279,2.2513858737678625,0.020215969176364156,45.0,0.0
0_2304,51034170,28279138#5,20,41.09274366748828,16.853398004520955,41.09267829914716,16.854073630954087,41.09309962997091,16.8641768999245,41.09122003932151,16.863954806076606,0.9784870987767073,0.04892435493883537,2.2513858737678625,0.021730772813705543,45.0,0.0
0_2305,51034170,28921528#2,16,41.09274366748828,16.853398004520955,41.09267829914716,16.854073630954087,41.09590934506375,16.85589778274809,41.09589464404242,16.856597607978603,0.771549477185006,0.048221842324062875,2.2513858737678625,0.021418737181361103,45.0,0.0
0_2306,51034170,28921528#8,21,41.09274366748828,16.853398004520955,41.09267829914716,16.854073630954087,41.095864883749904,16.858939789299576,41.09579879841287,16.860483307032734,0.8152622239905402,0.0388220106662162,2.2513858737678625,0.01724360586896846,45.0,0.0
0_2307,51034170,30672980#0,7,41.09274366748828,16.853398004520955,41.09267829914716,16.854073630954087,41.09410258065408,16.854547680343014,41.0940220774019,16.854495884667088,0.8384068300943593,0.11977240429919418,2.2513858737678625,0.05319941183549585,45.0,0.0
0_2308,51034170,30672980#6,6,41.09274366748828,16.853398004520955,41.09267829914716,16.854073630954087,41.09290701188394,16.85345153155061,41.09274366748828,16.853398004520955,0.8180406034269709,0.1363401005711618,2.2513858737678625,0.060558299738723356,45.0,0.0
0_2309,51034170,30673346,27,41.09274366748828,16.853398004520955,41.09267829914716,16.854073630954087,41.09289989869124,16.857979997773366,41.0924620240455,16.857540225068156,0.7896176973284106,0.029245099901052243,2.2513858737678625,0.01298982117717048,45.0,0.0
0_2310,51034170,30674315#11,28,41.09274366748828,16.853398004520955,41.09267829914716,16.854073630954087,41.09762167433529,16.86078183182401,41.0975908593457,16.860854905020272,0.6133063698289518,0.021903798922462563,2.2513858737678625,0.009729029207154488,45.0,0.0
0_2311,51034170,30674315#8,25,41.09274366748828,16.853398004520955,41.09267829914716,16.854073630954087,41.09783406893447,16.85935956518292,41.09781757948696,16.860074005211207,0.9126605953245506,0.036506423812982025,2.2513858737678625,0.016215089664698746,45.0,0.0
0_2312,51034170,30674315#9,26,41.09274366748828,16.853398004520955,41.09267829914716,16.854073630954087,41.09781757948696,16.860074005211207,41.09773009884011,16.860532461562137,0.8855228982712158,0.03405857301043138,2.2513858737678625,0.015127825668299061,45.0,0.0
0_2313,51034170,30674359#4,29,41.09274366748828,16.853398004520955,41.09267829914716,16.854073630954087,41.09788351207976,16.86008527251128,41.097886790174485,16.85993247707892,0.608560658678613,0.020984850299262517,2.2513858737678625,0.009320859006787141,45.0,0.0
0_2314,51034170,30674359#5,30,41.09274366748828,16.853398004520955,41.09267829914716,16.854073630954087,41.097886790174485,16.85993247707892,41.097887056561405,16.859358083149928,0.76307475037409,0.025435825012469666,2.2513858737678625,0.011297852273498062,45.0,0.0
0_2315,51034170,30674385#2,30,41.09274366748828,16.853398004520955,41.09267829914716,16.854073630954087,41.09752079197923,16.86113857805688,41.097541272342,16.861158803055236,0.9393088181432535,0.03131029393810845,2.2513858737678625,0.013907120188912055,45.0,0.0
0_2316,51034170,30674948,21,41.09274366748828,16.853398004520955,41.09267829914716,16.854073630954087,41.09346290764322,16.859512259912492,41.0937563740557,16.85923859402608,0.8747502350983192,0.04165477309991996,2.2513858737678625,0.018501836395645312,45.0,0.0
0_2317,51034170,30675059#0,25,41.09274366748828,16.853398004520955,41.09267829914716,16.854073630954087,41.09575898407665,16.861403291409037,41.09556026737646,16.861799770540163,0.7549416155599677,0.03019766462239871,2.2513858737678625,0.0134129226687652,45.0,0.0
0_2318,51034170,30675059#1,26,41.09274366748828,16.853398004520955,41.09267829914716,16.854073630954087,41.09556026737646,16.861799770540163,41.09428507077666,16.861822930016572,0.5299303621459175,0.02038193700561221,2.2513858737678625,0.009053062490572314,45.0,0.0
0_2319,51034170,33831688,43,41.09274366748828,16.853398004520955,41.09267829914716,16.854073630954087,41.09717022441964,16.862141610446756,41.09717150257013,16.862346685598727,0.720225630727052,0.01674943327272214,2.2513858737678625,0.0074396101831671856,45.0,0.0
0_2320,51034170,48563895#1,9,41.09274366748828,16.853398004520955,41.09267829914716,16.854073630954087,41.094497059549575,16.854662484304253,41.09459493177244,16.85467607291383,0.7206634669996861,0.08007371855552067,2.2513858737678625,0.03556641244333266,45.0,0.0
0_2321,51034170,48563902#0,18,41.09274366748828,16.853398004520955,41.09267829914716,16.854073630954087,41.093159424293006,16.861119861413044,41.092910609638544,16.861550868324073,0.668713849166765,0.03715076939815361,2.2513858737678625,0.016501289197475073,45.0,0.0
0_2322,51034170,48874527#2,25,41.09274366748828,16.853398004520955,41.09267829914716,16.854073630954087,41.094611131446,16.86076995428607,41.09433377805168,16.860614722600705,0.9382815024102256,0.03753126009640902,2.2513858737678625,0.01667029207818456,45.0,0.0
0_2323,51034170,50077954,17,41.09274366748828,16.853398004520955,41.09267829914716,16.854073630954087,41.094481033476846,16.855484180652265,41.09590934506375,16.85589778274809,0.8367632571288535,0.04922136806640314,2.2513858737678625,0.021862697390042474,45.0,0.0
0_2324,51034170,96606465,19,41.09274366748828,16.853398004520955,41.09267829914716,16.854073630954087,41.09320904205983,16.86036794969964,41.093226008438016,16.859824905081403,0.9666084855017927,0.05087413081588382,2.2513858737678625,0.0225968064420437,45.0,0.0
0_2325,564714858#2,-131752097#1,25,41.09628456505594,16.860940786798917,41.096145265720544,16.8609156599333,41.09628587040379,16.863506396736675,41.09627339570725,16.863759660301465,0.9531303580572994,0.038125214322291975,1.7528371373936174,0.02175057425984384,45.0,0.0
0_2326,564714858#2,-25654991#0,25,41.09628456505594,16.860940786798917,41.096145265720544,16.8609156599333,41.09267829914716,16.854073630954087,41.09207574955028,16.85389154719994,0.6057588309352029,0.024230353237408117,1.7528371373936174,0.013823505173696548,45.0,0.0
0_2327,564714858#2,-33831688,32,41.09628456505594,16.860940786798917,41.096145265720544,16.8609156599333,41.09717150257013,16.862346685598727,41.09717022441964,16.862141610446756,0.5747768761931381,0.017961777381035566,1.7528371373936174,0.010247259712755656,45.0,0.0
0_2328,564714858#2,-48874524,21,41.09628456505594,16.860940786798917,41.096145265720544,16.8609156599333,41.09782874807601,16.858422322289133,41.09720965467912,16.86010828803053,0.6014571278643597,0.028640815612588553,1.7528371373936174,0.016339690095325134,45.0,0.0
0_2329,564714858#2,-50077954,14,41.09628456505594,16.860940786798917,41.096145265720544,16.8609156599333,41.09590934506375,16.85589778274809,41.094481033476846,16.855484180652265,0.7580047536047735,0.054143196686055245,1.7528371373936174,0.03088889180346984,45.0,0.0
0_2330,564714858#2,-50370694#0,24,41.09628456505594,16.860940786798917,41.096145265720544,16.8609156599333,41.09390877175432,16.860555577386883,41.09389978504193,16.86089441913475,0.6948608357523414,0.02895253482301422,1.7528371373936174,0.016517527045362135,45.0,0.0
0_2331,564714858#2,114953453#6,20,41.09628456505594,16.860940786798917,41.096145265720544,16.8609156599333,41.09289989869124,16.857979997773366,41.09252833667128,16.85806965698529,0.5683571528974551,0.028417857644872757,1.7528371373936174,0.01621249175900547,45.0,0.0
0_2332,564714858#2,1223050325#0,15,41.09628456505594,16.860940786798917,41.096145265720544,16.8609156599333,41.09575898407665,16.861403291409037,41.09578940828096,16.861627521735652,0.7385140565557015,0.049234270437046763,1.7528371373936174,0.02808833141808925,45.0,0.0
0_2333,564714858#2,1223050326,14,41.09628456505594,16.860940786798917,41.096145265720544,16.8609156599333,41.09577203818025,16.86132567064774,41.09575898407665,16.861403291409037,0.9794542182736404,0.06996101559097431,1.7528371373936174,0.03991301536148584,45.0,0.0
0_2334,564714858#2,1226960836#1,27,41.09628456505594,16.860940786798917,41.096145265720544,16.8609156599333,41.09326327598272,16.856459442663375,41.09325705252129,16.85653261037847,0.5749407306890173,0.02129410113663027,1.7528371373936174,0.012148362607317614,45.0,0.0
0_2335,564714858#2,131750844#7,18,41.09628456505594,16.860940786798917,41.096145265720544,16.8609156599333,41.09588692434208,16.86204201283392,41.096023183819085,16.86206015013157,0.5589826015841344,0.031054588976896353,1.7528371373936174,0.017716756630951465,45.0,0.0
0_2336,564714858#2,131750844#8,19,41.09628456505594,16.860940786798917,41.096145265720544,16.8609156599333,41.096023183819085,16.86206015013157,41.09607053280287,16.862073156374553,0.7964399257714969,0.04191789083007878,1.7528371373936174,0.023914310083827085,45.0,0.0
0_2337,564714858#2,131750844#9,20,41.09628456505594,16.860940786798917,41.096145265720544,16.8609156599333,41.09607053280287,16.862073156374553,41.09624619327664,16.862345189534487,0.6921025959191134,0.03460512979595567,1.7528371373936174,0.01974235315861221,45.0,0.0
0_2338,564714858#2,131750850#0,20,41.09628456505594,16.860940786798917,41.096145265720544,16.8609156599333,41.09406666971318,16.861809974981103,41.09374076152227,16.861733142040123,0.8234509701685202,0.04117254850842601,1.7528371373936174,0.02348908956233525,45.0,0.0
0_2339,564714858#2,131750853#0,17,41.09628456505594,16.860940786798917,41.096145265720544,16.8609156599333,41.09428507077666,16.861822930016572,41.094248634240174,16.861820234016683,0.6718365213065596,0.039519795370974095,1.7528371373936174,0.022546187850479987,45.0,0.0
0_2340,564714858#2,131750853#2,19,41.09628456505594,16.860940786798917,41.096145265720544,16.8609156599333,41.09422326217536,16.861818445841735,41.09406666971318,16.861809974981103,0.5393206569209443,0.02838529773268128,1.7528371373936174,0.016193916209973062,45.0,0.0
0_2341,564714858#2,131752095#2,9,41.09628456505594,16.860940786798917,41.096145265720544,16.8609156599333,41.09606913880409,16.857384087393385,41.09607773810893,16.85711333011326,0.9843876852769436,0.10937640947521596,1.7528371373936174,0.062399641781810546,45.0,0.0
0_2342,564714858#2,25817423#3,18,41.09628456505594,16.860940786798917,41.096145265720544,16.8609156599333,41.093433790346566,16.855687830843742,41.09352569242476,16.85465158647345,0.997088964696367,0.055393831372020384,1.7528371373936174,0.03160238346751843,45.0,0.0
0_2343,564714858#2,25817735#2,38,41.09628456505594,16.860940786798917,41.096145265720544,16.8609156599333,41.09257525037648,16.866055037799217,41.08991586912939,16.865878687144406,0.9810394317345503,0.025816827150909216,1.7528371373936174,0.014728594345791629,45.0,0.0
0_2344,564714858#2,25819014#1,19,41.09628456505594,16.860940786798917,41.096145265720544,16.8609156599333,41.09637979984023,16.861535604961926,41.096390396588056,16.86145398483175,0.9356991628650139,0.049247324361316513,1.7528371373936174,0.02809577872964562,45.0,0.0
0_2345,564714858#2,25819014#2,20,41.09628456505594,16.860940786798917,41.096145265720544,16.8609156599333,41.096390396588056,16.86145398483175,41.09617566373433,16.86105237527639,0.850435173312845,0.042521758665642256,1.7528371373936174,0.024258818893391328,45.0,0.0
0_2346,564714858#2,25819177#2,22,41.09628456505594,16.860940786798917,41.096145265720544,16.8609156599333,41.09333584930795,16.855672929401177,41.09331846638719,16.855846153569416,0.8603608844572136,0.03910731292987334,1.7528371373936174,0.022310865108679745,45.0,0.0
0_2347,564714858#2,25819177#3,23,41.09628456505594,16.860940786798917,41.096145265720544,16.8609156599333,41.09331846638719,16.855846153569416,41.09330344191395,16.855984796607544,0.6901588609678351,0.030006906998601524,1.7528371373936174,0.017119050229173212,45.0,0.0
0_2348,564714858#2,25819177#5,25,41.09628456505594,16.860940786798917,41.096145265720544,16.8609156599333,41.09328897220411,16.85615607855325,41.093276282258536,16.856306336332803,0.6786070348096301,0.027144281392385207,1.7528371373936174,0.01548591184731938,45.0,0.0
0_2349,564714858#2,28279138#5,24,41.09628456505594,16.860940786798917,41.096145265720544,16.8609156599333,41.09309962997091,16.8641768999245,41.09122003932151,16.863954806076606,0.6225441462188668,0.025939339425786113,1.7528371373936174,0.014798488046845377,45.0,0.0
0_2350,564714858#2,28921528#2,14,41.09628456505594,16.860940786798917,41.096145265720544,16.8609156599333,41.09590934506375,16.85589778274809,41.09589464404242,16.856597607978603,0.9745122212125137,0.06960801580089383,1.7528371373936174,0.03971162768972224,45.0,0.0
0_2351,564714858#2,28921528#8,11,41.09628456505594,16.860940786798917,41.096145265720544,16.8609156599333,41.095864883749904,16.858939789299576,41.09579879841287,16.860483307032734,0.7339301954347813,0.06672092685770739,1.7528371373936174,0.03806453288462277,45.0,0.0
0_2352,564714858#2,30672980#0,28,41.09628456505594,16.860940786798917,41.096145265720544,16.8609156599333,41.09410258065408,16.854547680343014,41.0940220774019,16.854495884667088,0.9398275169157349,0.03356526846127624,1.7528371373936174,0.019149108462629988,45.0,0.0
0_2353,564714858#2,30672980#6,25,41.09628456505594,16.860940786798917,41.096145265720544,16.8609156599333,41.09290701188394,16.85345153155061,41.09274366748828,16.853398004520955,0.7515166495547736,0.030060665982190943,1.7528371373936174,0.01714971992599933,45.0,0.0
0_2354,564714858#2,30673346,20,41.09628456505594,16.860940786798917,41.096145265720544,16.8609156599333,41.09289989869124,16.857979997773366,41.0924620240455,16.857540225068156,0.8386615919864218,0.04193307959932109,1.7528371373936174,0.023922975332251073,45.0,0.0
0_2355,564714858#2,30674315#11,28,41.09628456505594,16.860940786798917,41.096145265720544,16.8609156599333,41.09762167433529,16.86078183182401,41.0975908593457,16.860854905020272,0.8903866727507777,0.031799524026813485,1.7528371373936174,0.01814174480242803,45.0,0.0
0_2356,564714858#2,30674315#8,22,41.09628456505594,16.860940786798917,41.096145265720544,16.8609156599333,41.09783406893447,16.85935956518292,41.09781757948696,16.860074005211207,0.7546782459110919,0.03430355663232236,1.7528371373936174,0.01957030456539166,45.0,0.0
0_2357,564714858#2,30674315#9,23,41.09628456505594,16.860940786798917,41.096145265720544,16.8609156599333,41.09781757948696,16.860074005211207,41.09773009884011,16.860532461562137,0.7613985155244294,0.03310428328367084,1.7528371373936174,0.01888611473219656,45.0,0.0
0_2358,564714858#2,30674359#4,30,41.09628456505594,16.860940786798917,41.096145265720544,16.8609156599333,41.09788351207976,16.86008527251128,41.097886790174485,16.85993247707892,0.7339357819174335,0.02446452606391445,1.7528371373936174,0.013957101627988095,45.0,0.0
0_2359,564714858#2,30674359#5,31,41.09628456505594,16.860940786798917,41.096145265720544,16.8609156599333,41.097886790174485,16.85993247707892,41.097887056561405,16.859358083149928,0.6995025098843115,0.022564597093042305,1.7528371373936174,0.012873185198822723,45.0,0.0
0_2360,564714858#2,30674385#2,25,41.09628456505594,16.860940786798917,41.096145265720544,16.8609156599333,41.09752079197923,16.86113857805688,41.097541272342,16.861158803055236,0.9287449629640747,0.03714979851856299,1.7528371373936174,0.02119409597505614,45.0,0.0
0_2361,564714858#2,30674948,25,41.09628456505594,16.860940786798917,41.096145265720544,16.8609156599333,41.09346290764322,16.859512259912492,41.0937563740557,16.85923859402608,0.682385732765117,0.027295429310604684,1.7528371373936174,0.01557214228766949,45.0,0.0
0_2362,564714858#2,30675059#0,15,41.09628456505594,16.860940786798917,41.096145265720544,16.8609156599333,41.09575898407665,16.861403291409037,41.09556026737646,16.861799770540163,0.5832967627394238,0.038886450849294915,1.7528371373936174,0.022184862483640183,45.0,0.0
0_2363,564714858#2,30675059#1,16,41.09628456505594,16.860940786798917,41.096145265720544,16.8609156599333,41.09556026737646,16.861799770540163,41.09428507077666,16.861822930016572,0.7595129058164092,0.047469556613525574,1.7528371373936174,0.027081555725200157,45.0,0.0
0_2364,564714858#2,33831688,33,41.09628456505594,16.860940786798917,41.096145265720544,16.8609156599333,41.09717022441964,16.862141610446756,41.09717150257013,16.862346685598727,0.6613788634406967,0.020041783740627175,1.7528371373936174,0.011433910951035828,45.0,0.0
0_2365,564714858#2,48563895#1,27,41.09628456505594,16.860940786798917,41.096145265720544,16.8609156599333,41.094497059549575,16.854662484304253,41.09459493177244,16.85467607291383,0.9792635717436246,0.036269021175689795,1.7528371373936174,0.020691609278441034,45.0,0.0
0_2366,564714858#2,48563902#0,22,41.09628456505594,16.860940786798917,41.096145265720544,16.8609156599333,41.093159424293006,16.861119861413044,41.092910609638544,16.861550868324073,0.9103462739136539,0.04137937608698427,1.7528371373936174,0.023607085452624178,45.0,0.0
0_2367,564714858#2,48874527#2,15,41.09628456505594,16.860940786798917,41.096145265720544,16.8609156599333,41.094611131446,16.86076995428607,41.09433377805168,16.860614722600705,0.8575765535583013,0.05717177023722009,1.7528371373936174,0.03261670409507166,45.0,0.0
0_2368,564714858#2,50077954,15,41.09628456505594,16.860940786798917,41.096145265720544,16.8609156599333,41.094481033476846,16.855484180652265,41.09590934506375,16.85589778274809,0.648936437699047,0.04326242917993647,1.7528371373936174,0.024681374131692333,45.0,0.0
0_2369,564714858#2,96606465,23,41.09628456505594,16.860940786798917,41.096145265720544,16.8609156599333,41.09320904205983,16.86036794969964,41.093226008438016,16.859824905081403,0.7731840544907758,0.03361669802133808,1.7528371373936174,0.01917844921481094,45.0,0.0
